run,build_new,round,build,rows,groups,keys,nulls,api,aggregate,first_after_idle_ms,best_ms,median_ms,cpu_best_ms,cpu_median_ms,reps
A,b05e410,1,c4e2f6f,2000000,200,1,0,array,f64 sum,3.486,2.724,2.762,1.422,1.465,30
A,b05e410,1,c4e2f6f,2000000,200,1,0,array,f64 mean,5.288,3.196,3.570,1.968,2.508,30
A,b05e410,1,c4e2f6f,2000000,200,1,0,array,float32 sum (control),5.405,3.096,3.585,1.817,2.430,30
A,b05e410,1,c4e2f6f,2000000,200,1,0,plan,f64 sum,8.442,4.448,4.957,2.529,3.044,30
A,b05e410,1,c4e2f6f,2000000,200,1,0,plan,f64 mean,7.611,4.943,5.281,2.925,3.557,30
A,b05e410,1,c4e2f6f,2000000,200,1,0,plan,float32 sum (control),5.741,3.339,3.598,2.155,2.385,30
A,b05e410,1,c4e2f6f,2000000,200,2,0,array,f64 sum,6.792,3.720,3.876,2.599,2.754,30
A,b05e410,1,c4e2f6f,2000000,200,2,0,array,f64 mean,5.618,3.471,3.968,2.402,2.948,30
A,b05e410,1,c4e2f6f,2000000,200,2,0,plan,f64 sum,9.065,5.178,5.401,3.399,3.649,30
A,b05e410,1,c4e2f6f,2000000,200,2,0,plan,f64 mean,8.564,5.218,5.402,3.384,3.672,30
A,b05e410,1,c4e2f6f,2000000,200,1,1,array,f64 sum,5.568,3.159,3.501,1.959,2.346,30
A,b05e410,1,c4e2f6f,2000000,200,1,1,array,f64 mean,5.051,2.841,3.020,1.474,1.754,30
A,b05e410,1,c4e2f6f,2000000,200,1,1,plan,f64 sum,6.570,4.220,4.401,2.170,2.329,30
A,b05e410,1,c4e2f6f,2000000,200,1,1,plan,f64 mean,8.229,4.660,5.635,2.674,3.884,30
A,b05e410,1,c4e2f6f,2000000,200,2,1,array,f64 sum,5.680,3.353,3.598,2.199,2.538,30
A,b05e410,1,c4e2f6f,2000000,200,2,1,array,f64 mean,6.304,3.420,3.620,2.188,2.417,30
A,b05e410,1,c4e2f6f,2000000,200,2,1,plan,f64 sum,7.597,5.057,5.481,3.284,3.707,30
A,b05e410,1,c4e2f6f,2000000,200,2,1,plan,f64 mean,6.527,5.049,5.371,3.194,3.594,30
A,b05e410,1,b05e410,2000000,200,1,0,array,f64 sum,3.023,1.422,1.483,1.067,1.138,30
A,b05e410,1,b05e410,2000000,200,1,0,array,f64 mean,3.996,1.445,1.635,1.122,1.284,30
A,b05e410,1,b05e410,2000000,200,1,0,array,float32 sum (control),4.664,2.908,3.244,1.551,1.968,30
A,b05e410,1,b05e410,2000000,200,1,0,plan,f64 sum,4.681,2.935,3.108,1.969,2.171,30
A,b05e410,1,b05e410,2000000,200,1,0,plan,f64 mean,6.935,2.856,3.027,1.882,2.070,30
A,b05e410,1,b05e410,2000000,200,1,0,plan,float32 sum (control),6.897,3.625,3.991,2.491,2.838,30
A,b05e410,1,b05e410,2000000,200,2,0,array,f64 sum,4.448,2.043,2.297,1.851,2.207,30
A,b05e410,1,b05e410,2000000,200,2,0,array,f64 mean,3.115,1.855,1.960,1.635,1.716,30
A,b05e410,1,b05e410,2000000,200,2,0,plan,f64 sum,4.709,3.482,3.750,2.677,2.966,30
A,b05e410,1,b05e410,2000000,200,2,0,plan,f64 mean,3.981,3.005,3.079,2.134,2.192,30
A,b05e410,1,b05e410,2000000,200,1,1,array,f64 sum,2.031,1.334,1.366,0.926,0.961,30
A,b05e410,1,b05e410,2000000,200,1,1,array,f64 mean,2.001,1.337,1.377,0.929,0.982,30
A,b05e410,1,b05e410,2000000,200,1,1,plan,f64 sum,3.452,2.662,2.690,1.618,1.665,30
A,b05e410,1,b05e410,2000000,200,1,1,plan,f64 mean,6.631,2.917,3.262,1.947,2.335,30
A,b05e410,1,b05e410,2000000,200,2,1,array,f64 sum,5.167,1.838,2.000,1.488,1.687,30
A,b05e410,1,b05e410,2000000,200,2,1,array,f64 mean,5.025,1.912,2.053,1.663,1.807,30
A,b05e410,1,b05e410,2000000,200,2,1,plan,f64 sum,4.732,3.309,3.525,2.390,2.624,30
A,b05e410,1,b05e410,2000000,200,2,1,plan,f64 mean,7.881,3.565,3.884,2.641,2.993,30
A,b05e410,1,c4e2f6f,2000000,10000,1,0,array,f64 sum,5.573,2.153,2.350,1.539,1.619,30
A,b05e410,1,c4e2f6f,2000000,10000,1,0,array,f64 mean,5.452,2.917,2.998,1.658,1.722,30
A,b05e410,1,c4e2f6f,2000000,10000,1,0,array,float32 sum (control),7.411,3.950,5.230,2.101,2.249,30
A,b05e410,1,c4e2f6f,2000000,10000,1,0,plan,f64 sum,7.814,6.294,6.781,3.297,3.901,30
A,b05e410,1,c4e2f6f,2000000,10000,1,0,plan,f64 mean,9.270,6.428,7.168,3.364,4.216,30
A,b05e410,1,c4e2f6f,2000000,10000,1,0,plan,float32 sum (control),6.629,3.252,3.494,2.376,2.596,30
A,b05e410,1,c4e2f6f,2000000,10000,2,0,array,f64 sum,8.627,5.616,5.984,2.849,3.302,30
A,b05e410,1,c4e2f6f,2000000,10000,2,0,array,f64 mean,8.329,5.868,6.093,3.114,3.360,30
A,b05e410,1,c4e2f6f,2000000,10000,2,0,plan,f64 sum,11.273,6.758,7.084,3.677,4.041,30
A,b05e410,1,c4e2f6f,2000000,10000,2,0,plan,f64 mean,8.643,6.358,6.671,3.309,3.607,30
A,b05e410,1,c4e2f6f,2000000,10000,1,1,array,f64 sum,7.055,3.783,5.137,1.913,2.093,30
A,b05e410,1,c4e2f6f,2000000,10000,1,1,array,f64 mean,7.756,3.836,5.015,2.227,2.414,30
A,b05e410,1,c4e2f6f,2000000,10000,1,1,plan,f64 sum,7.996,6.091,6.372,2.687,2.941,30
A,b05e410,1,c4e2f6f,2000000,10000,1,1,plan,f64 mean,8.083,5.871,6.509,2.709,3.221,30
A,b05e410,1,c4e2f6f,2000000,10000,2,1,array,f64 sum,8.897,5.968,6.276,3.191,3.446,30
A,b05e410,1,c4e2f6f,2000000,10000,2,1,array,f64 mean,8.033,6.044,6.361,3.129,3.469,30
A,b05e410,1,c4e2f6f,2000000,10000,2,1,plan,f64 sum,11.140,7.086,7.319,3.972,4.239,30
A,b05e410,1,c4e2f6f,2000000,10000,2,1,plan,f64 mean,9.983,7.282,7.535,4.215,4.584,30
A,b05e410,1,b05e410,2000000,10000,1,0,array,f64 sum,3.671,2.753,2.848,1.172,1.252,30
A,b05e410,1,b05e410,2000000,10000,1,0,array,f64 mean,5.086,2.981,3.316,1.350,1.812,30
A,b05e410,1,b05e410,2000000,10000,1,0,array,float32 sum (control),6.240,3.389,4.821,2.023,2.204,30
A,b05e410,1,b05e410,2000000,10000,1,0,plan,f64 sum,5.629,4.012,4.515,2.318,2.882,30
A,b05e410,1,b05e410,2000000,10000,1,0,plan,f64 mean,5.476,4.080,4.282,2.323,2.535,30
A,b05e410,1,b05e410,2000000,10000,1,0,plan,float32 sum (control),4.087,3.282,3.388,2.453,2.604,30
A,b05e410,1,b05e410,2000000,10000,2,0,array,f64 sum,5.266,3.251,3.503,1.833,2.155,30
A,b05e410,1,b05e410,2000000,10000,2,0,array,f64 mean,6.060,3.383,3.824,2.021,2.469,30
A,b05e410,1,b05e410,2000000,10000,2,0,plan,f64 sum,7.349,4.370,4.624,2.754,3.001,30
A,b05e410,1,b05e410,2000000,10000,2,0,plan,f64 mean,7.143,4.585,4.927,2.861,3.392,30
A,b05e410,1,b05e410,2000000,10000,1,1,array,f64 sum,3.377,1.865,2.575,1.014,1.132,30
A,b05e410,1,b05e410,2000000,10000,1,1,array,f64 mean,3.878,2.726,2.865,1.284,1.365,30
A,b05e410,1,b05e410,2000000,10000,1,1,plan,f64 sum,6.050,4.054,4.637,2.555,3.253,30
A,b05e410,1,b05e410,2000000,10000,1,1,plan,f64 mean,7.331,3.406,3.817,1.801,2.248,30
A,b05e410,1,b05e410,2000000,10000,2,1,array,f64 sum,4.977,3.316,3.585,2.042,2.375,30
A,b05e410,1,b05e410,2000000,10000,2,1,array,f64 mean,5.220,3.361,3.555,2.125,2.358,30
A,b05e410,1,b05e410,2000000,10000,2,1,plan,f64 sum,7.372,4.507,4.802,3.069,3.345,30
A,b05e410,1,b05e410,2000000,10000,2,1,plan,f64 mean,7.267,4.558,4.747,3.128,3.363,30
A,b05e410,1,c4e2f6f,2000000,100000,1,0,array,f64 sum,12.931,4.793,5.242,1.914,2.236,30
A,b05e410,1,c4e2f6f,2000000,100000,1,0,array,f64 mean,12.269,5.328,5.921,2.501,2.908,30
A,b05e410,1,c4e2f6f,2000000,100000,1,0,array,float32 sum (control),13.031,4.441,4.612,1.996,2.112,30
A,b05e410,1,c4e2f6f,2000000,100000,1,0,plan,f64 sum,14.478,5.717,6.800,2.822,3.317,30
A,b05e410,1,c4e2f6f,2000000,100000,1,0,plan,f64 mean,13.472,5.315,6.290,2.737,3.153,30
A,b05e410,1,c4e2f6f,2000000,100000,1,0,plan,float32 sum (control),8.080,3.512,3.657,2.594,2.738,30
A,b05e410,1,c4e2f6f,2000000,100000,2,0,array,f64 sum,12.952,5.467,6.134,2.763,3.023,30
A,b05e410,1,c4e2f6f,2000000,100000,2,0,array,f64 mean,13.808,5.437,5.751,2.412,2.693,30
A,b05e410,1,c4e2f6f,2000000,100000,2,0,plan,f64 sum,16.793,6.696,9.100,3.584,4.356,30
A,b05e410,1,c4e2f6f,2000000,100000,2,0,plan,f64 mean,16.310,6.672,9.180,3.908,4.595,30
A,b05e410,1,c4e2f6f,2000000,100000,1,1,array,f64 sum,13.451,5.034,5.439,2.058,2.441,30
A,b05e410,1,c4e2f6f,2000000,100000,1,1,array,f64 mean,12.999,5.307,5.695,2.237,2.867,30
A,b05e410,1,c4e2f6f,2000000,100000,1,1,plan,f64 sum,16.949,5.324,5.835,2.698,2.956,30
A,b05e410,1,c4e2f6f,2000000,100000,1,1,plan,f64 mean,15.857,4.601,5.149,2.694,2.868,30
A,b05e410,1,c4e2f6f,2000000,100000,2,1,array,f64 sum,13.794,5.719,7.302,2.880,3.660,30
A,b05e410,1,c4e2f6f,2000000,100000,2,1,array,f64 mean,15.011,5.591,7.086,2.897,3.800,30
A,b05e410,1,c4e2f6f,2000000,100000,2,1,plan,f64 sum,16.932,6.232,7.917,3.218,3.422,30
A,b05e410,1,c4e2f6f,2000000,100000,2,1,plan,f64 mean,17.144,5.945,6.556,3.450,4.027,30
A,b05e410,1,b05e410,2000000,100000,1,0,array,f64 sum,5.855,4.049,4.405,1.327,1.730,30
A,b05e410,1,b05e410,2000000,100000,1,0,array,f64 mean,4.919,3.512,4.110,1.286,1.464,30
A,b05e410,1,b05e410,2000000,100000,1,0,array,float32 sum (control),14.170,4.887,5.316,2.064,2.291,30
A,b05e410,1,b05e410,2000000,100000,1,0,plan,f64 sum,7.089,5.141,5.372,2.233,2.394,30
A,b05e410,1,b05e410,2000000,100000,1,0,plan,f64 mean,7.700,5.802,6.770,2.958,4.134,30
A,b05e410,1,b05e410,2000000,100000,1,0,plan,float32 sum (control),6.523,2.932,3.215,2.046,2.371,30
A,b05e410,1,b05e410,2000000,100000,2,0,array,f64 sum,5.798,4.418,4.654,2.095,2.300,30
A,b05e410,1,b05e410,2000000,100000,2,0,array,f64 mean,7.330,4.743,5.025,2.332,2.615,30
A,b05e410,1,b05e410,2000000,100000,2,0,plan,f64 sum,6.930,5.553,5.917,2.816,3.150,30
A,b05e410,1,b05e410,2000000,100000,2,0,plan,f64 mean,10.513,5.479,5.718,2.778,2.934,30
A,b05e410,1,b05e410,2000000,100000,1,1,array,f64 sum,4.694,2.301,2.419,1.114,1.195,30
A,b05e410,1,b05e410,2000000,100000,1,1,array,f64 mean,4.623,3.402,4.297,1.279,1.806,30
A,b05e410,1,b05e410,2000000,100000,1,1,plan,f64 sum,5.974,3.720,4.769,1.985,2.108,30
A,b05e410,1,b05e410,2000000,100000,1,1,plan,f64 mean,5.945,4.902,5.238,2.084,2.339,30
A,b05e410,1,b05e410,2000000,100000,2,1,array,f64 sum,5.028,4.245,4.467,1.947,2.211,30
A,b05e410,1,b05e410,2000000,100000,2,1,array,f64 mean,7.482,4.236,4.552,2.032,2.298,30
A,b05e410,1,b05e410,2000000,100000,2,1,plan,f64 sum,9.123,5.415,5.671,2.916,3.096,30
A,b05e410,1,b05e410,2000000,100000,2,1,plan,f64 mean,5.966,5.169,5.593,2.574,2.977,30
A,b05e410,1,c4e2f6f,2000000,1000000,1,0,array,f64 sum,17.844,7.141,7.577,2.339,2.970,30
A,b05e410,1,c4e2f6f,2000000,1000000,1,0,array,f64 mean,19.773,6.864,7.284,1.818,2.349,30
A,b05e410,1,c4e2f6f,2000000,1000000,1,0,array,float32 sum (control),20.925,7.246,7.652,2.323,2.934,30
A,b05e410,1,c4e2f6f,2000000,1000000,1,0,plan,f64 sum,30.072,7.636,7.987,2.724,3.149,30
A,b05e410,1,c4e2f6f,2000000,1000000,1,0,plan,f64 mean,26.451,7.737,8.136,2.805,3.193,30
A,b05e410,1,c4e2f6f,2000000,1000000,1,0,plan,float32 sum (control),12.394,6.286,6.653,4.584,4.856,30
A,b05e410,1,c4e2f6f,2000000,1000000,2,0,array,f64 sum,19.761,7.419,7.690,2.762,2.999,30
A,b05e410,1,c4e2f6f,2000000,1000000,2,0,array,f64 mean,25.701,7.589,7.873,2.829,3.169,30
A,b05e410,1,c4e2f6f,2000000,1000000,2,0,plan,f64 sum,23.646,7.991,8.683,3.122,3.888,30
A,b05e410,1,c4e2f6f,2000000,1000000,2,0,plan,f64 mean,28.493,8.192,8.799,3.234,3.673,30
A,b05e410,1,c4e2f6f,2000000,1000000,1,1,array,f64 sum,17.100,7.123,7.491,2.291,2.857,30
A,b05e410,1,c4e2f6f,2000000,1000000,1,1,array,f64 mean,21.894,7.235,7.670,2.309,2.949,30
A,b05e410,1,c4e2f6f,2000000,1000000,1,1,plan,f64 sum,24.998,7.569,7.969,2.695,3.061,30
A,b05e410,1,c4e2f6f,2000000,1000000,1,1,plan,f64 mean,22.002,7.768,8.645,2.823,3.659,30
A,b05e410,1,c4e2f6f,2000000,1000000,2,1,array,f64 sum,23.197,7.529,7.785,2.838,3.179,30
A,b05e410,1,c4e2f6f,2000000,1000000,2,1,array,f64 mean,19.608,7.812,8.409,3.126,3.975,30
A,b05e410,1,c4e2f6f,2000000,1000000,2,1,plan,f64 sum,26.601,8.680,8.929,3.784,4.156,30
A,b05e410,1,c4e2f6f,2000000,1000000,2,1,plan,f64 mean,34.046,8.602,9.226,3.747,4.463,30
A,b05e410,1,b05e410,2000000,1000000,1,0,array,f64 sum,12.746,3.795,4.111,1.221,1.410,30
A,b05e410,1,b05e410,2000000,1000000,1,0,array,f64 mean,11.724,3.172,3.351,1.218,1.493,30
A,b05e410,1,b05e410,2000000,1000000,1,0,array,float32 sum (control),24.658,7.223,7.391,2.249,2.508,30
A,b05e410,1,b05e410,2000000,1000000,1,0,plan,f64 sum,17.616,7.354,8.648,2.991,3.393,30
A,b05e410,1,b05e410,2000000,1000000,1,0,plan,f64 mean,19.804,6.188,7.459,2.504,2.666,30
A,b05e410,1,b05e410,2000000,1000000,1,0,plan,float32 sum (control),10.141,6.164,6.520,4.454,4.779,30
A,b05e410,1,b05e410,2000000,1000000,2,0,array,f64 sum,13.771,4.488,4.665,1.807,2.093,30
A,b05e410,1,b05e410,2000000,1000000,2,0,array,f64 mean,13.339,3.518,3.980,1.625,1.888,30
A,b05e410,1,b05e410,2000000,1000000,2,0,plan,f64 sum,15.947,6.245,8.342,3.014,3.424,30
A,b05e410,1,b05e410,2000000,1000000,2,0,plan,f64 mean,15.603,7.011,8.720,3.047,3.457,30
A,b05e410,1,b05e410,2000000,1000000,1,1,array,f64 sum,12.907,4.280,4.605,1.355,1.777,30
A,b05e410,1,b05e410,2000000,1000000,1,1,array,f64 mean,13.138,3.198,3.910,1.325,1.617,30
A,b05e410,1,b05e410,2000000,1000000,1,1,plan,f64 sum,17.575,4.960,5.572,2.237,2.431,30
A,b05e410,1,b05e410,2000000,1000000,1,1,plan,f64 mean,13.689,5.488,6.690,2.438,2.804,30
A,b05e410,1,b05e410,2000000,1000000,2,1,array,f64 sum,13.163,4.029,4.264,1.639,1.923,30
A,b05e410,1,b05e410,2000000,1000000,2,1,array,f64 mean,12.166,4.040,4.266,1.513,1.809,30
A,b05e410,1,b05e410,2000000,1000000,2,1,plan,f64 sum,13.662,6.458,7.731,3.094,3.303,30
A,b05e410,1,b05e410,2000000,1000000,2,1,plan,f64 mean,13.965,6.062,7.025,2.914,3.191,30
A,b05e410,1,c4e2f6f,2000000,rows/2,1,0,array,f64 sum,18.683,6.752,6.985,1.800,2.097,30
A,b05e410,1,c4e2f6f,2000000,rows/2,1,0,array,f64 mean,21.365,6.873,7.015,1.831,2.000,30
A,b05e410,1,c4e2f6f,2000000,rows/2,1,0,array,float32 sum (control),20.695,6.847,6.999,1.851,1.963,30
A,b05e410,1,c4e2f6f,2000000,rows/2,1,0,plan,f64 sum,24.457,7.653,7.981,2.782,3.131,30
A,b05e410,1,c4e2f6f,2000000,rows/2,1,0,plan,f64 mean,23.063,8.116,8.422,3.135,3.346,30
A,b05e410,1,c4e2f6f,2000000,rows/2,1,0,plan,float32 sum (control),14.300,5.870,6.097,4.223,4.414,30
A,b05e410,1,c4e2f6f,2000000,rows/2,2,0,array,f64 sum,21.581,7.406,7.688,2.783,3.066,30
A,b05e410,1,c4e2f6f,2000000,rows/2,2,0,array,f64 mean,19.110,7.730,7.966,2.944,3.274,30
A,b05e410,1,c4e2f6f,2000000,rows/2,2,0,plan,f64 sum,18.745,8.257,8.602,3.478,3.853,30
A,b05e410,1,c4e2f6f,2000000,rows/2,2,0,plan,f64 mean,26.065,8.092,9.491,3.127,3.497,30
A,b05e410,1,c4e2f6f,2000000,rows/2,1,1,array,f64 sum,21.622,6.882,7.133,1.999,2.332,30
A,b05e410,1,c4e2f6f,2000000,rows/2,1,1,array,f64 mean,19.983,7.618,7.695,2.905,2.963,30
A,b05e410,1,c4e2f6f,2000000,rows/2,1,1,plan,f64 sum,26.061,8.496,8.847,3.789,4.174,30
A,b05e410,1,c4e2f6f,2000000,rows/2,1,1,plan,f64 mean,28.019,7.705,8.113,2.788,3.154,30
A,b05e410,1,c4e2f6f,2000000,rows/2,2,1,array,f64 sum,22.453,7.408,7.664,2.729,3.036,30
A,b05e410,1,c4e2f6f,2000000,rows/2,2,1,array,f64 mean,19.249,7.614,8.119,2.906,3.561,30
A,b05e410,1,c4e2f6f,2000000,rows/2,2,1,plan,f64 sum,20.867,8.300,8.616,3.504,3.919,30
A,b05e410,1,c4e2f6f,2000000,rows/2,2,1,plan,f64 mean,20.575,8.712,9.168,3.918,4.384,30
A,b05e410,1,b05e410,2000000,rows/2,1,0,array,f64 sum,12.328,3.007,3.330,1.060,1.215,30
A,b05e410,1,b05e410,2000000,rows/2,1,0,array,f64 mean,11.275,3.833,4.183,1.112,1.331,30
A,b05e410,1,b05e410,2000000,rows/2,1,0,array,float32 sum (control),25.027,7.148,7.365,2.187,2.393,30
A,b05e410,1,b05e410,2000000,rows/2,1,0,plan,f64 sum,20.192,5.601,6.683,2.258,2.492,30
A,b05e410,1,b05e410,2000000,rows/2,1,0,plan,f64 mean,17.386,5.720,6.912,2.495,3.366,30
A,b05e410,1,b05e410,2000000,rows/2,1,0,plan,float32 sum (control),11.108,6.099,6.322,4.470,4.652,30
A,b05e410,1,b05e410,2000000,rows/2,2,0,array,f64 sum,14.849,4.782,5.077,2.045,2.342,30
A,b05e410,1,b05e410,2000000,rows/2,2,0,array,f64 mean,10.781,4.649,4.927,2.148,2.353,30
A,b05e410,1,b05e410,2000000,rows/2,2,0,plan,f64 sum,16.477,7.143,8.942,3.037,3.576,30
A,b05e410,1,b05e410,2000000,rows/2,2,0,plan,f64 mean,17.884,7.256,9.405,3.290,3.683,30
A,b05e410,1,b05e410,2000000,rows/2,1,1,array,f64 sum,13.086,3.929,4.470,1.476,1.873,30
A,b05e410,1,b05e410,2000000,rows/2,1,1,array,f64 mean,11.897,3.576,4.116,1.149,1.349,30
A,b05e410,1,b05e410,2000000,rows/2,1,1,plan,f64 sum,18.671,6.600,8.132,3.158,3.399,30
A,b05e410,1,b05e410,2000000,rows/2,1,1,plan,f64 mean,19.577,5.936,6.620,2.766,2.953,30
A,b05e410,1,b05e410,2000000,rows/2,2,1,array,f64 sum,14.539,4.591,4.826,2.028,2.327,30
A,b05e410,1,b05e410,2000000,rows/2,2,1,array,f64 mean,14.549,5.202,5.565,2.044,2.393,30
A,b05e410,1,b05e410,2000000,rows/2,2,1,plan,f64 sum,20.648,6.660,7.439,3.657,3.859,30
A,b05e410,1,b05e410,2000000,rows/2,2,1,plan,f64 mean,18.026,5.372,6.081,3.159,3.565,30
A,b05e410,1,c4e2f6f,10000000,200,1,0,array,f64 sum,11.014,4.792,5.880,2.002,2.533,30
A,b05e410,1,c4e2f6f,10000000,200,1,0,array,f64 mean,10.937,4.555,5.200,2.003,2.491,30
A,b05e410,1,c4e2f6f,10000000,200,1,0,array,float32 sum (control),10.041,3.348,4.239,1.873,2.054,30
A,b05e410,1,c4e2f6f,10000000,200,1,0,plan,f64 sum,14.875,5.526,6.155,2.587,2.796,30
A,b05e410,1,c4e2f6f,10000000,200,1,0,plan,f64 mean,12.528,5.828,7.056,3.244,3.815,30
A,b05e410,1,c4e2f6f,10000000,200,1,0,plan,float32 sum (control),10.536,5.624,6.972,2.212,2.498,30
A,b05e410,1,c4e2f6f,10000000,200,2,0,array,f64 sum,13.141,7.188,9.340,2.533,3.483,30
A,b05e410,1,c4e2f6f,10000000,200,2,0,array,f64 mean,12.838,7.983,8.511,2.869,3.362,30
A,b05e410,1,c4e2f6f,10000000,200,2,0,plan,f64 sum,13.697,5.991,7.589,3.497,3.861,30
A,b05e410,1,c4e2f6f,10000000,200,2,0,plan,f64 mean,14.873,6.048,7.520,3.550,4.067,30
A,b05e410,1,c4e2f6f,10000000,200,1,1,array,f64 sum,10.683,4.092,4.950,1.950,2.207,30
A,b05e410,1,c4e2f6f,10000000,200,1,1,array,f64 mean,11.001,3.584,4.085,2.044,2.433,30
A,b05e410,1,c4e2f6f,10000000,200,1,1,plan,f64 sum,13.195,6.202,7.114,2.541,3.242,30
A,b05e410,1,c4e2f6f,10000000,200,1,1,plan,f64 mean,12.970,5.374,6.101,2.793,3.120,30
A,b05e410,1,c4e2f6f,10000000,200,2,1,array,f64 sum,12.747,5.330,5.930,2.573,2.861,30
A,b05e410,1,c4e2f6f,10000000,200,2,1,array,f64 mean,11.258,4.581,5.212,2.714,3.056,30
A,b05e410,1,c4e2f6f,10000000,200,2,1,plan,f64 sum,17.453,6.944,7.427,3.465,3.746,30
A,b05e410,1,c4e2f6f,10000000,200,2,1,plan,f64 mean,17.144,5.923,6.758,3.232,3.511,30
A,b05e410,1,b05e410,10000000,200,1,0,array,f64 sum,6.088,2.613,3.359,1.290,1.418,30
A,b05e410,1,b05e410,10000000,200,1,0,array,f64 mean,6.605,3.985,4.659,1.352,1.707,30
A,b05e410,1,b05e410,10000000,200,1,0,array,float32 sum (control),9.570,2.690,2.926,1.724,1.797,30
A,b05e410,1,b05e410,10000000,200,1,0,plan,f64 sum,11.675,7.130,7.939,2.541,2.764,30
A,b05e410,1,b05e410,10000000,200,1,0,plan,f64 mean,11.339,3.643,8.638,2.107,3.547,30
A,b05e410,1,b05e410,10000000,200,1,0,plan,float32 sum (control),8.820,7.997,8.839,2.811,3.592,30
A,b05e410,1,b05e410,10000000,200,2,0,array,f64 sum,5.934,4.535,5.232,2.247,2.366,30
A,b05e410,1,b05e410,10000000,200,2,0,array,f64 mean,7.719,4.734,5.221,2.286,2.361,30
A,b05e410,1,b05e410,10000000,200,2,0,plan,f64 sum,12.606,8.176,9.454,3.421,3.909,30
A,b05e410,1,b05e410,10000000,200,2,0,plan,f64 mean,13.292,8.238,9.958,3.692,4.459,30
A,b05e410,1,b05e410,10000000,200,1,1,array,f64 sum,6.035,2.573,4.457,1.167,1.544,30
A,b05e410,1,b05e410,10000000,200,1,1,array,f64 mean,6.574,2.776,4.918,1.251,1.908,30
A,b05e410,1,b05e410,10000000,200,1,1,plan,f64 sum,8.117,4.735,5.493,2.496,2.688,30
A,b05e410,1,b05e410,10000000,200,1,1,plan,f64 mean,11.506,3.910,4.391,1.982,2.125,30
A,b05e410,1,b05e410,10000000,200,2,1,array,f64 sum,8.159,6.017,6.682,2.580,3.228,30
A,b05e410,1,b05e410,10000000,200,2,1,array,f64 mean,8.614,5.515,6.319,2.585,3.202,30
A,b05e410,1,b05e410,10000000,200,2,1,plan,f64 sum,10.091,8.150,10.249,3.721,4.699,30
A,b05e410,1,b05e410,10000000,200,2,1,plan,f64 mean,13.209,8.310,9.210,3.263,3.616,30
A,b05e410,1,c4e2f6f,10000000,10000,1,0,array,f64 sum,16.151,5.938,6.622,2.374,2.929,30
A,b05e410,1,c4e2f6f,10000000,10000,1,0,array,f64 mean,14.351,5.845,6.462,2.243,2.924,30
A,b05e410,1,c4e2f6f,10000000,10000,1,0,array,float32 sum (control),13.578,5.264,5.666,2.277,2.548,30
A,b05e410,1,c4e2f6f,10000000,10000,1,0,plan,f64 sum,20.654,6.737,7.588,3.220,4.026,30
A,b05e410,1,c4e2f6f,10000000,10000,1,0,plan,f64 mean,20.219,6.703,7.009,2.993,3.370,30
A,b05e410,1,c4e2f6f,10000000,10000,1,0,plan,float32 sum (control),13.651,5.616,6.241,2.103,3.010,30
A,b05e410,1,c4e2f6f,10000000,10000,2,0,array,f64 sum,15.866,6.459,7.180,2.855,3.014,30
A,b05e410,1,c4e2f6f,10000000,10000,2,0,array,f64 mean,15.539,6.877,7.599,3.105,3.693,30
A,b05e410,1,c4e2f6f,10000000,10000,2,0,plan,f64 sum,20.893,7.828,8.229,3.596,3.978,30
A,b05e410,1,c4e2f6f,10000000,10000,2,0,plan,f64 mean,22.171,8.092,8.589,3.981,4.549,30
A,b05e410,1,c4e2f6f,10000000,10000,1,1,array,f64 sum,13.744,5.552,5.762,2.150,2.377,30
A,b05e410,1,c4e2f6f,10000000,10000,1,1,array,f64 mean,16.144,5.779,6.290,2.411,2.940,30
A,b05e410,1,c4e2f6f,10000000,10000,1,1,plan,f64 sum,18.794,7.090,7.347,2.908,3.179,30
A,b05e410,1,c4e2f6f,10000000,10000,1,1,plan,f64 mean,16.065,7.373,8.464,3.236,4.432,30
A,b05e410,1,c4e2f6f,10000000,10000,2,1,array,f64 sum,14.829,6.196,6.486,2.726,2.849,30
A,b05e410,1,c4e2f6f,10000000,10000,2,1,array,f64 mean,15.642,6.361,6.669,2.895,2.995,30
A,b05e410,1,c4e2f6f,10000000,10000,2,1,plan,f64 sum,20.912,8.310,9.045,3.350,4.739,30
A,b05e410,1,c4e2f6f,10000000,10000,2,1,plan,f64 mean,17.877,8.246,8.682,4.115,4.439,30
A,b05e410,1,b05e410,10000000,10000,1,0,array,f64 sum,12.726,2.832,3.135,1.143,1.231,30
A,b05e410,1,b05e410,10000000,10000,1,0,array,f64 mean,11.128,3.114,3.254,1.235,1.338,30
A,b05e410,1,b05e410,10000000,10000,1,0,array,float32 sum (control),13.832,5.588,6.039,2.220,2.722,30
A,b05e410,1,b05e410,10000000,10000,1,0,plan,f64 sum,16.868,4.630,5.204,2.386,2.645,30
A,b05e410,1,b05e410,10000000,10000,1,0,plan,f64 mean,14.508,5.861,6.322,2.504,2.699,30
A,b05e410,1,b05e410,10000000,10000,1,0,plan,float32 sum (control),14.017,8.144,9.619,3.152,4.210,30
A,b05e410,1,b05e410,10000000,10000,2,0,array,f64 sum,14.277,4.909,6.039,2.471,2.971,30
A,b05e410,1,b05e410,10000000,10000,2,0,array,f64 mean,15.405,4.797,6.436,2.490,3.230,30
A,b05e410,1,b05e410,10000000,10000,2,0,plan,f64 sum,18.610,4.557,5.016,2.501,2.694,30
A,b05e410,1,b05e410,10000000,10000,2,0,plan,f64 mean,17.602,6.663,7.861,2.723,3.009,30
A,b05e410,1,b05e410,10000000,10000,1,1,array,f64 sum,11.363,3.348,4.030,1.374,1.672,30
A,b05e410,1,b05e410,10000000,10000,1,1,array,f64 mean,11.264,2.857,3.573,1.322,1.794,30
A,b05e410,1,b05e410,10000000,10000,1,1,plan,f64 sum,16.046,5.566,6.820,2.697,3.022,30
A,b05e410,1,b05e410,10000000,10000,1,1,plan,f64 mean,14.399,5.961,6.806,2.604,2.984,30
A,b05e410,1,b05e410,10000000,10000,2,1,array,f64 sum,12.091,4.245,5.509,2.141,2.671,30
A,b05e410,1,b05e410,10000000,10000,2,1,array,f64 mean,12.103,4.056,4.587,2.031,2.281,30
A,b05e410,1,b05e410,10000000,10000,2,1,plan,f64 sum,17.487,5.609,6.450,3.378,3.968,30
A,b05e410,1,b05e410,10000000,10000,2,1,plan,f64 mean,14.812,5.592,7.758,3.150,4.034,30
A,b05e410,1,c4e2f6f,10000000,100000,1,0,array,f64 sum,17.963,6.638,7.125,2.327,2.972,30
A,b05e410,1,c4e2f6f,10000000,100000,1,0,array,f64 mean,19.827,6.606,7.170,2.204,2.540,30
A,b05e410,1,c4e2f6f,10000000,100000,1,0,array,float32 sum (control),19.164,6.595,7.024,2.483,3.001,30
A,b05e410,1,c4e2f6f,10000000,100000,1,0,plan,f64 sum,22.030,8.014,8.444,3.428,3.817,30
A,b05e410,1,c4e2f6f,10000000,100000,1,0,plan,f64 mean,26.134,8.796,9.857,3.606,4.845,30
A,b05e410,1,c4e2f6f,10000000,100000,1,0,plan,float32 sum (control),14.141,4.148,4.654,2.265,2.398,30
A,b05e410,1,c4e2f6f,10000000,100000,2,0,array,f64 sum,24.037,7.241,7.816,3.197,3.366,30
A,b05e410,1,c4e2f6f,10000000,100000,2,0,array,f64 mean,23.739,7.159,7.604,3.074,3.310,30
A,b05e410,1,c4e2f6f,10000000,100000,2,0,plan,f64 sum,26.317,8.771,9.442,4.300,4.769,30
A,b05e410,1,c4e2f6f,10000000,100000,2,0,plan,f64 mean,27.267,8.645,9.061,3.888,4.220,30
A,b05e410,1,c4e2f6f,10000000,100000,1,1,array,f64 sum,17.346,6.622,7.081,2.259,2.922,30
A,b05e410,1,c4e2f6f,10000000,100000,1,1,array,f64 mean,21.147,6.615,6.882,2.217,2.413,30
A,b05e410,1,c4e2f6f,10000000,100000,1,1,plan,f64 sum,18.347,7.846,8.163,3.227,3.725,30
A,b05e410,1,c4e2f6f,10000000,100000,1,1,plan,f64 mean,23.302,7.819,8.110,2.935,3.217,30
A,b05e410,1,c4e2f6f,10000000,100000,2,1,array,f64 sum,23.330,7.044,7.193,2.948,3.093,30
A,b05e410,1,c4e2f6f,10000000,100000,2,1,array,f64 mean,18.593,7.287,7.538,3.158,3.574,30
A,b05e410,1,c4e2f6f,10000000,100000,2,1,plan,f64 sum,25.058,7.947,8.301,3.474,3.726,30
A,b05e410,1,c4e2f6f,10000000,100000,2,1,plan,f64 mean,19.627,8.051,8.228,3.443,3.623,30
A,b05e410,1,b05e410,10000000,100000,1,0,array,f64 sum,12.175,3.113,3.194,1.108,1.200,30
A,b05e410,1,b05e410,10000000,100000,1,0,array,f64 mean,13.039,3.081,3.218,1.096,1.132,30
A,b05e410,1,b05e410,10000000,100000,1,0,array,float32 sum (control),20.434,6.501,6.690,2.296,2.577,30
A,b05e410,1,b05e410,10000000,100000,1,0,plan,f64 sum,15.545,6.472,7.370,2.876,3.786,30
A,b05e410,1,b05e410,10000000,100000,1,0,plan,f64 mean,23.190,4.892,5.124,2.041,2.245,30
A,b05e410,1,b05e410,10000000,100000,1,0,plan,float32 sum (control),10.152,5.179,6.424,2.677,3.095,30
A,b05e410,1,b05e410,10000000,100000,2,0,array,f64 sum,13.042,4.498,4.754,1.949,2.121,30
A,b05e410,1,b05e410,10000000,100000,2,0,array,f64 mean,13.356,3.626,3.807,1.880,2.004,30
A,b05e410,1,b05e410,10000000,100000,2,0,plan,f64 sum,18.347,6.781,7.089,2.798,2.972,30
A,b05e410,1,b05e410,10000000,100000,2,0,plan,f64 mean,20.831,5.342,6.721,2.991,4.263,30
A,b05e410,1,b05e410,10000000,100000,1,1,array,f64 sum,13.654,3.231,3.706,1.108,1.201,30
A,b05e410,1,b05e410,10000000,100000,1,1,array,f64 mean,11.381,3.540,3.911,1.232,1.345,30
A,b05e410,1,b05e410,10000000,100000,1,1,plan,f64 sum,18.442,5.887,7.676,3.013,4.123,30
A,b05e410,1,b05e410,10000000,100000,1,1,plan,f64 mean,14.685,5.374,5.883,2.142,2.450,30
A,b05e410,1,b05e410,10000000,100000,2,1,array,f64 sum,15.032,5.558,6.638,2.592,3.410,30
A,b05e410,1,b05e410,10000000,100000,2,1,array,f64 mean,15.176,3.852,4.398,1.994,2.162,30
A,b05e410,1,b05e410,10000000,100000,2,1,plan,f64 sum,19.572,7.207,10.633,3.848,4.908,30
A,b05e410,1,b05e410,10000000,100000,2,1,plan,f64 mean,18.510,5.506,6.987,2.867,4.032,30
A,b05e410,1,c4e2f6f,10000000,1000000,1,0,array,f64 sum,24.282,11.818,11.998,2.307,2.541,30
A,b05e410,1,c4e2f6f,10000000,1000000,1,0,array,f64 mean,23.231,11.831,12.532,2.184,3.122,30
A,b05e410,1,c4e2f6f,10000000,1000000,1,0,array,float32 sum (control),37.876,12.069,12.575,2.565,3.181,30
A,b05e410,1,c4e2f6f,10000000,1000000,1,0,plan,f64 sum,38.981,13.052,13.431,3.145,3.491,30
A,b05e410,1,c4e2f6f,10000000,1000000,1,0,plan,f64 mean,37.378,13.152,13.539,3.077,3.470,29
A,b05e410,1,c4e2f6f,10000000,1000000,1,0,plan,float32 sum (control),16.962,5.546,6.115,3.990,4.179,30
A,b05e410,1,c4e2f6f,10000000,1000000,2,0,array,f64 sum,39.434,12.495,12.882,3.341,3.963,30
A,b05e410,1,c4e2f6f,10000000,1000000,2,0,array,f64 mean,24.807,12.518,12.887,3.287,3.848,30
A,b05e410,1,c4e2f6f,10000000,1000000,2,0,plan,f64 sum,39.414,14.367,15.408,4.778,5.924,26
A,b05e410,1,c4e2f6f,10000000,1000000,2,0,plan,f64 mean,28.810,13.733,13.872,3.819,3.983,28
A,b05e410,1,c4e2f6f,10000000,1000000,1,1,array,f64 sum,25.718,12.174,12.618,2.588,3.228,30
A,b05e410,1,c4e2f6f,10000000,1000000,1,1,array,f64 mean,25.786,12.033,12.704,2.251,3.266,30
A,b05e410,1,c4e2f6f,10000000,1000000,1,1,plan,f64 sum,26.994,13.172,13.573,3.073,3.519,29
A,b05e410,1,c4e2f6f,10000000,1000000,1,1,plan,f64 mean,46.628,13.323,13.676,3.094,3.360,29
A,b05e410,1,c4e2f6f,10000000,1000000,2,1,array,f64 sum,26.142,12.696,13.039,3.465,4.011,30
A,b05e410,1,c4e2f6f,10000000,1000000,2,1,array,f64 mean,28.719,12.416,12.758,2.989,3.372,30
A,b05e410,1,c4e2f6f,10000000,1000000,2,1,plan,f64 sum,40.223,14.647,15.560,4.851,5.963,26
A,b05e410,1,c4e2f6f,10000000,1000000,2,1,plan,f64 mean,35.813,13.868,14.802,3.824,4.962,27
A,b05e410,1,b05e410,10000000,1000000,1,0,array,f64 sum,15.337,5.931,6.111,1.374,1.527,30
A,b05e410,1,b05e410,10000000,1000000,1,0,array,f64 mean,19.052,6.007,6.362,1.485,1.925,30
A,b05e410,1,b05e410,10000000,1000000,1,0,array,float32 sum (control),25.682,12.073,12.262,2.482,2.763,30
A,b05e410,1,b05e410,10000000,1000000,1,0,plan,f64 sum,26.132,8.005,8.703,2.995,3.232,30
A,b05e410,1,b05e410,10000000,1000000,1,0,plan,f64 mean,23.035,8.877,9.319,3.171,3.545,30
A,b05e410,1,b05e410,10000000,1000000,1,0,plan,float32 sum (control),20.687,5.559,7.468,3.976,4.863,30
A,b05e410,1,b05e410,10000000,1000000,2,0,array,f64 sum,17.500,6.665,7.677,2.340,2.585,30
A,b05e410,1,b05e410,10000000,1000000,2,0,array,f64 mean,22.406,6.455,6.696,2.280,2.487,30
A,b05e410,1,b05e410,10000000,1000000,2,0,plan,f64 sum,29.493,7.777,12.102,3.006,4.887,30
A,b05e410,1,b05e410,10000000,1000000,2,0,plan,f64 mean,26.333,7.764,11.023,3.003,4.266,30
A,b05e410,1,b05e410,10000000,1000000,1,1,array,f64 sum,14.984,5.825,6.173,1.564,1.957,30
A,b05e410,1,b05e410,10000000,1000000,1,1,array,f64 mean,16.979,5.636,6.091,1.256,1.765,30
A,b05e410,1,b05e410,10000000,1000000,1,1,plan,f64 sum,30.705,7.051,7.951,2.312,2.575,30
A,b05e410,1,b05e410,10000000,1000000,1,1,plan,f64 mean,21.328,7.025,7.254,2.318,2.459,30
A,b05e410,1,b05e410,10000000,1000000,2,1,array,f64 sum,14.957,6.300,6.454,2.352,2.548,30
A,b05e410,1,b05e410,10000000,1000000,2,1,array,f64 mean,22.365,6.148,6.430,2.198,2.596,30
A,b05e410,1,b05e410,10000000,1000000,2,1,plan,f64 sum,24.997,7.842,10.709,3.088,4.172,30
A,b05e410,1,b05e410,10000000,1000000,2,1,plan,f64 mean,24.429,8.135,9.316,3.649,4.966,30
A,b05e410,1,c4e2f6f,10000000,rows/2,1,0,array,f64 sum,45.586,32.567,32.787,2.271,2.409,13
A,b05e410,1,c4e2f6f,10000000,rows/2,1,0,array,f64 mean,47.633,33.164,34.221,2.420,3.876,12
A,b05e410,1,c4e2f6f,10000000,rows/2,1,0,array,float32 sum (control),48.369,33.069,33.904,2.216,3.249,12
A,b05e410,1,c4e2f6f,10000000,rows/2,1,0,plan,f64 sum,63.413,38.179,38.375,4.983,5.040,11
A,b05e410,1,c4e2f6f,10000000,rows/2,1,0,plan,f64 mean,53.797,38.636,38.930,4.970,5.176,11
A,b05e410,1,c4e2f6f,10000000,rows/2,1,0,plan,float32 sum (control),45.618,17.275,18.519,11.053,11.362,22
A,b05e410,1,c4e2f6f,10000000,rows/2,2,0,array,f64 sum,49.334,35.721,36.659,4.101,5.600,11
A,b05e410,1,c4e2f6f,10000000,rows/2,2,0,array,f64 mean,50.058,35.854,36.726,4.147,5.239,11
A,b05e410,1,c4e2f6f,10000000,rows/2,2,0,plan,f64 sum,62.396,40.744,40.998,5.632,5.871,10
A,b05e410,1,c4e2f6f,10000000,rows/2,2,0,plan,f64 mean,57.327,41.150,41.828,5.627,6.443,10
A,b05e410,1,c4e2f6f,10000000,rows/2,1,1,array,f64 sum,47.616,32.535,32.800,2.243,2.475,13
A,b05e410,1,c4e2f6f,10000000,rows/2,1,1,array,f64 mean,48.092,33.707,34.307,3.099,3.915,12
A,b05e410,1,c4e2f6f,10000000,rows/2,1,1,plan,f64 sum,68.223,38.227,38.477,5.022,5.183,11
A,b05e410,1,c4e2f6f,10000000,rows/2,1,1,plan,f64 mean,55.734,38.703,38.882,5.086,5.183,11
A,b05e410,1,c4e2f6f,10000000,rows/2,2,1,array,f64 sum,51.523,35.654,36.500,4.402,5.618,12
A,b05e410,1,c4e2f6f,10000000,rows/2,2,1,array,f64 mean,47.543,35.003,35.179,3.108,3.245,12
A,b05e410,1,c4e2f6f,10000000,rows/2,2,1,plan,f64 sum,64.181,40.682,41.067,5.734,6.055,10
A,b05e410,1,c4e2f6f,10000000,rows/2,2,1,plan,f64 mean,62.194,41.162,41.610,5.750,5.982,10
A,b05e410,1,b05e410,10000000,rows/2,1,0,array,f64 sum,29.641,16.363,16.446,1.204,1.277,25
A,b05e410,1,b05e410,10000000,rows/2,1,0,array,f64 mean,29.582,16.344,16.494,1.174,1.287,24
A,b05e410,1,b05e410,10000000,rows/2,1,0,array,float32 sum (control),43.950,33.724,34.445,2.981,3.895,12
A,b05e410,1,b05e410,10000000,rows/2,1,0,plan,f64 sum,36.599,22.017,22.302,4.145,4.253,18
A,b05e410,1,b05e410,10000000,rows/2,1,0,plan,f64 mean,45.808,22.079,22.476,4.144,4.506,18
A,b05e410,1,b05e410,10000000,rows/2,1,0,plan,float32 sum (control),47.143,17.800,19.411,11.470,11.905,21
A,b05e410,1,b05e410,10000000,rows/2,2,0,array,f64 sum,28.977,17.380,18.025,2.784,3.531,23
A,b05e410,1,b05e410,10000000,rows/2,2,0,array,f64 mean,32.479,16.919,17.092,2.214,2.409,24
A,b05e410,1,b05e410,10000000,rows/2,2,0,plan,f64 sum,47.069,22.961,23.138,4.855,5.086,17
A,b05e410,1,b05e410,10000000,rows/2,2,0,plan,f64 mean,36.690,22.846,23.108,4.788,5.046,18
A,b05e410,1,b05e410,10000000,rows/2,1,1,array,f64 sum,27.013,15.581,15.756,1.185,1.340,26
A,b05e410,1,b05e410,10000000,rows/2,1,1,array,f64 mean,26.805,16.016,16.751,1.623,2.569,24
A,b05e410,1,b05e410,10000000,rows/2,1,1,plan,f64 sum,34.907,21.355,21.621,4.134,4.304,19
A,b05e410,1,b05e410,10000000,rows/2,1,1,plan,f64 mean,45.458,21.348,21.612,4.204,4.266,19
A,b05e410,1,b05e410,10000000,rows/2,2,1,array,f64 sum,28.753,16.126,16.351,2.119,2.400,25
A,b05e410,1,b05e410,10000000,rows/2,2,1,array,f64 mean,28.338,16.860,17.625,3.061,3.952,23
A,b05e410,1,b05e410,10000000,rows/2,2,1,plan,f64 sum,50.627,22.110,22.288,4.751,4.839,18
A,b05e410,1,b05e410,10000000,rows/2,2,1,plan,f64 mean,46.645,22.207,22.445,4.795,4.963,18
A,b05e410,1,c4e2f6f,50000000,200,1,0,array,f64 sum,28.990,12.760,13.122,1.809,2.040,30
A,b05e410,1,c4e2f6f,50000000,200,1,0,array,f64 mean,25.095,13.219,13.583,2.212,2.725,30
A,b05e410,1,c4e2f6f,50000000,200,1,0,array,float32 sum (control),25.977,12.836,13.110,1.796,2.097,30
A,b05e410,1,c4e2f6f,50000000,200,1,0,plan,f64 sum,34.193,15.521,15.916,3.287,3.994,26
A,b05e410,1,c4e2f6f,50000000,200,1,0,plan,f64 mean,38.458,14.938,15.183,2.709,2.899,26
A,b05e410,1,c4e2f6f,50000000,200,1,0,plan,float32 sum (control),14.879,6.691,6.893,2.432,2.573,30
A,b05e410,1,c4e2f6f,50000000,200,2,0,array,f64 sum,23.577,14.564,15.428,2.814,4.093,27
A,b05e410,1,c4e2f6f,50000000,200,2,0,array,f64 mean,27.031,14.795,15.473,3.170,4.078,27
A,b05e410,1,c4e2f6f,50000000,200,2,0,plan,f64 sum,33.570,16.722,17.389,3.750,4.467,23
A,b05e410,1,c4e2f6f,50000000,200,2,0,plan,f64 mean,25.500,17.243,18.236,4.628,5.749,23
A,b05e410,1,c4e2f6f,50000000,200,1,1,array,f64 sum,26.970,12.622,12.926,1.711,1.994,30
A,b05e410,1,c4e2f6f,50000000,200,1,1,array,f64 mean,33.200,12.666,12.908,1.718,1.950,30
A,b05e410,1,c4e2f6f,50000000,200,1,1,plan,f64 sum,29.169,14.795,15.465,2.713,3.133,26
A,b05e410,1,c4e2f6f,50000000,200,1,1,plan,f64 mean,29.151,14.859,15.567,2.761,3.887,26
A,b05e410,1,c4e2f6f,50000000,200,2,1,array,f64 sum,25.477,14.569,15.444,3.191,4.048,26
A,b05e410,1,c4e2f6f,50000000,200,2,1,array,f64 mean,33.000,14.351,14.582,2.713,2.858,28
A,b05e410,1,c4e2f6f,50000000,200,2,1,plan,f64 sum,30.592,16.837,17.527,4.071,4.901,23
A,b05e410,1,c4e2f6f,50000000,200,2,1,plan,f64 mean,26.597,16.725,18.054,3.724,5.773,23
A,b05e410,1,b05e410,50000000,200,1,0,array,f64 sum,16.341,5.623,5.942,1.463,1.651,30
A,b05e410,1,b05e410,50000000,200,1,0,array,f64 mean,13.680,5.646,5.766,1.396,1.577,30
A,b05e410,1,b05e410,50000000,200,1,0,array,float32 sum (control),24.925,12.767,12.913,1.821,1.924,30
A,b05e410,1,b05e410,50000000,200,1,0,plan,f64 sum,23.617,8.020,8.236,2.461,2.663,30
A,b05e410,1,b05e410,50000000,200,1,0,plan,f64 mean,23.671,7.895,8.955,2.336,3.760,30
A,b05e410,1,b05e410,50000000,200,1,0,plan,float32 sum (control),19.956,6.655,6.805,2.366,2.485,30
A,b05e410,1,b05e410,50000000,200,2,0,array,f64 sum,17.499,7.195,7.383,2.209,2.308,30
A,b05e410,1,b05e410,50000000,200,2,0,array,f64 mean,12.886,7.213,7.315,2.220,2.288,30
A,b05e410,1,b05e410,50000000,200,2,0,plan,f64 sum,16.867,9.540,9.672,3.129,3.255,30
A,b05e410,1,b05e410,50000000,200,2,0,plan,f64 mean,16.633,9.749,9.917,3.281,3.563,30
A,b05e410,1,b05e410,50000000,200,1,1,array,f64 sum,12.960,5.802,5.904,1.283,1.342,30
A,b05e410,1,b05e410,50000000,200,1,1,array,f64 mean,16.230,5.797,5.874,1.246,1.310,30
A,b05e410,1,b05e410,50000000,200,1,1,plan,f64 sum,17.148,8.186,8.348,2.355,2.540,30
A,b05e410,1,b05e410,50000000,200,1,1,plan,f64 mean,18.427,8.059,8.256,2.183,2.356,30
A,b05e410,1,b05e410,50000000,200,2,1,array,f64 sum,18.782,7.617,7.835,2.269,2.609,30
A,b05e410,1,b05e410,50000000,200,2,1,array,f64 mean,16.941,7.511,7.625,2.240,2.315,30
A,b05e410,1,b05e410,50000000,200,2,1,plan,f64 sum,24.196,9.860,10.047,3.115,3.294,30
A,b05e410,1,b05e410,50000000,200,2,1,plan,f64 mean,18.685,9.597,9.877,3.004,3.195,30
A,b05e410,1,c4e2f6f,50000000,10000,1,0,array,f64 sum,50.533,26.126,26.484,1.897,2.267,15
A,b05e410,1,c4e2f6f,50000000,10000,1,0,array,f64 mean,38.713,25.949,26.178,1.827,2.262,16
A,b05e410,1,c4e2f6f,50000000,10000,1,0,array,float32 sum (control),35.798,25.287,25.696,1.885,2.126,16
A,b05e410,1,c4e2f6f,50000000,10000,1,0,plan,f64 sum,59.237,29.633,30.010,2.689,2.962,14
A,b05e410,1,c4e2f6f,50000000,10000,1,0,plan,f64 mean,43.402,29.972,30.794,3.680,4.489,14
A,b05e410,1,c4e2f6f,50000000,10000,1,0,plan,float32 sum (control),36.141,11.768,11.935,2.279,2.496,30
A,b05e410,1,c4e2f6f,50000000,10000,2,0,array,f64 sum,35.295,27.520,27.782,2.768,2.894,15
A,b05e410,1,c4e2f6f,50000000,10000,2,0,array,f64 mean,37.345,27.531,27.853,2.715,2.897,15
A,b05e410,1,c4e2f6f,50000000,10000,2,0,plan,f64 sum,60.723,32.066,32.831,4.888,5.850,13
A,b05e410,1,c4e2f6f,50000000,10000,2,0,plan,f64 mean,44.103,31.920,32.889,4.714,5.877,13
A,b05e410,1,c4e2f6f,50000000,10000,1,1,array,f64 sum,39.030,26.704,27.067,2.035,2.572,15
A,b05e410,1,c4e2f6f,50000000,10000,1,1,array,f64 mean,32.704,26.888,27.207,2.098,2.730,15
A,b05e410,1,c4e2f6f,50000000,10000,1,1,plan,f64 sum,59.063,30.475,31.461,3.325,4.437,13
A,b05e410,1,c4e2f6f,50000000,10000,1,1,plan,f64 mean,41.951,30.103,30.567,2.635,3.201,14
A,b05e410,1,c4e2f6f,50000000,10000,2,1,array,f64 sum,43.451,28.181,28.453,2.718,2.827,15
A,b05e410,1,c4e2f6f,50000000,10000,2,1,array,f64 mean,37.796,28.736,29.180,3.517,3.775,14
A,b05e410,1,c4e2f6f,50000000,10000,2,1,plan,f64 sum,47.750,31.663,32.567,3.382,4.668,13
A,b05e410,1,c4e2f6f,50000000,10000,2,1,plan,f64 mean,41.941,31.618,31.792,3.439,3.590,13
A,b05e410,1,b05e410,50000000,10000,1,0,array,f64 sum,26.657,11.317,11.718,1.534,1.963,30
A,b05e410,1,b05e410,50000000,10000,1,0,array,f64 mean,24.718,11.141,11.519,1.268,1.699,30
A,b05e410,1,b05e410,50000000,10000,1,0,array,float32 sum (control),36.050,25.267,25.442,1.803,1.929,16
A,b05e410,1,b05e410,50000000,10000,1,0,plan,f64 sum,27.841,14.738,14.906,2.198,2.355,27
A,b05e410,1,b05e410,50000000,10000,1,0,plan,f64 mean,29.963,15.210,16.052,2.798,3.985,26
A,b05e410,1,b05e410,50000000,10000,1,0,plan,float32 sum (control),24.785,12.232,12.904,2.931,3.749,30
A,b05e410,1,b05e410,50000000,10000,2,0,array,f64 sum,26.410,12.859,13.115,2.220,2.625,30
A,b05e410,1,b05e410,50000000,10000,2,0,array,f64 mean,35.102,12.745,12.893,2.190,2.268,30
A,b05e410,1,b05e410,50000000,10000,2,0,plan,f64 sum,42.331,16.415,17.086,3.116,3.948,24
A,b05e410,1,b05e410,50000000,10000,2,0,plan,f64 mean,42.064,17.161,18.059,4.264,5.312,23
A,b05e410,1,b05e410,50000000,10000,1,1,array,f64 sum,24.326,10.512,10.663,1.391,1.593,30
A,b05e410,1,b05e410,50000000,10000,1,1,array,f64 mean,25.771,10.527,10.741,1.441,1.735,30
A,b05e410,1,b05e410,50000000,10000,1,1,plan,f64 sum,26.275,14.057,14.389,2.338,2.730,28
A,b05e410,1,b05e410,50000000,10000,1,1,plan,f64 mean,27.341,14.041,14.419,2.233,2.749,28
A,b05e410,1,b05e410,50000000,10000,2,1,array,f64 sum,23.342,12.301,12.574,2.548,2.860,30
A,b05e410,1,b05e410,50000000,10000,2,1,array,f64 mean,23.263,12.160,12.700,2.550,3.082,30
A,b05e410,1,b05e410,50000000,10000,2,1,plan,f64 sum,32.717,16.223,17.164,4.000,5.238,24
A,b05e410,1,b05e410,50000000,10000,2,1,plan,f64 mean,26.798,15.682,15.881,3.212,3.377,25
A,b05e410,1,c4e2f6f,50000000,100000,1,0,array,f64 sum,43.569,27.870,28.012,2.228,2.337,15
A,b05e410,1,c4e2f6f,50000000,100000,1,0,array,f64 mean,39.964,28.131,28.605,2.591,3.261,14
A,b05e410,1,c4e2f6f,50000000,100000,1,0,array,float32 sum (control),40.474,27.449,27.802,2.706,3.218,15
A,b05e410,1,c4e2f6f,50000000,100000,1,0,plan,f64 sum,50.295,31.385,31.543,3.031,3.154,13
A,b05e410,1,c4e2f6f,50000000,100000,1,0,plan,f64 mean,47.516,32.280,33.201,3.822,5.358,13
A,b05e410,1,c4e2f6f,50000000,100000,1,0,plan,float32 sum (control),26.139,11.000,11.164,2.628,2.768,30
A,b05e410,1,c4e2f6f,50000000,100000,2,0,array,f64 sum,44.613,29.416,30.216,3.847,4.762,14
A,b05e410,1,c4e2f6f,50000000,100000,2,0,array,f64 mean,42.015,29.462,30.172,3.683,4.711,14
A,b05e410,1,c4e2f6f,50000000,100000,2,0,plan,f64 sum,51.024,32.876,33.492,4.380,4.808,12
A,b05e410,1,c4e2f6f,50000000,100000,2,0,plan,f64 mean,52.762,33.345,34.732,4.540,6.498,12
A,b05e410,1,c4e2f6f,50000000,100000,1,1,array,f64 sum,43.981,28.685,29.075,2.850,3.299,14
A,b05e410,1,c4e2f6f,50000000,100000,1,1,array,f64 mean,42.693,28.384,28.603,2.352,2.477,14
A,b05e410,1,c4e2f6f,50000000,100000,1,1,plan,f64 sum,48.374,31.829,32.119,3.051,3.364,13
A,b05e410,1,c4e2f6f,50000000,100000,1,1,plan,f64 mean,42.535,31.914,31.973,3.064,3.107,13
A,b05e410,1,c4e2f6f,50000000,100000,2,1,array,f64 sum,44.775,29.573,29.732,3.179,3.452,14
A,b05e410,1,c4e2f6f,50000000,100000,2,1,array,f64 mean,43.514,29.504,29.623,3.099,3.210,14
A,b05e410,1,c4e2f6f,50000000,100000,2,1,plan,f64 sum,69.324,34.212,35.255,5.509,6.640,12
A,b05e410,1,c4e2f6f,50000000,100000,2,1,plan,f64 mean,51.732,33.326,33.781,4.203,4.718,12
A,b05e410,1,b05e410,50000000,100000,1,0,array,f64 sum,24.235,12.083,12.311,1.269,1.479,30
A,b05e410,1,b05e410,50000000,100000,1,0,array,f64 mean,25.167,12.341,12.642,1.659,2.003,30
A,b05e410,1,b05e410,50000000,100000,1,0,array,float32 sum (control),38.779,27.404,27.881,2.549,3.291,15
A,b05e410,1,b05e410,50000000,100000,1,0,plan,f64 sum,31.193,15.709,15.889,2.264,2.395,25
A,b05e410,1,b05e410,50000000,100000,1,0,plan,f64 mean,30.599,15.785,16.021,2.267,2.564,25
A,b05e410,1,b05e410,50000000,100000,1,0,plan,float32 sum (control),22.244,10.866,10.975,2.412,2.476,30
A,b05e410,1,b05e410,50000000,100000,2,0,array,f64 sum,25.611,13.542,14.166,2.605,3.276,29
A,b05e410,1,b05e410,50000000,100000,2,0,array,f64 mean,26.494,13.655,14.212,2.641,3.454,29
A,b05e410,1,b05e410,50000000,100000,2,0,plan,f64 sum,32.797,16.885,17.211,3.107,3.473,24
A,b05e410,1,b05e410,50000000,100000,2,0,plan,f64 mean,26.179,16.785,17.045,3.031,3.186,24
A,b05e410,1,b05e410,50000000,100000,1,1,array,f64 sum,25.922,11.238,11.391,1.249,1.400,30
A,b05e410,1,b05e410,50000000,100000,1,1,array,f64 mean,24.418,11.318,11.498,1.246,1.506,30
A,b05e410,1,b05e410,50000000,100000,1,1,plan,f64 sum,26.942,14.825,15.268,2.185,2.617,27
A,b05e410,1,b05e410,50000000,100000,1,1,plan,f64 mean,29.244,14.961,15.078,2.242,2.345,27
A,b05e410,1,b05e410,50000000,100000,2,1,array,f64 sum,25.027,12.464,12.632,2.199,2.346,30
A,b05e410,1,b05e410,50000000,100000,2,1,array,f64 mean,22.766,12.718,13.373,2.642,3.403,30
A,b05e410,1,b05e410,50000000,100000,2,1,plan,f64 sum,27.998,16.905,18.021,4.050,5.513,23
A,b05e410,1,b05e410,50000000,100000,2,1,plan,f64 mean,32.020,16.216,16.600,3.176,3.618,25
A,b05e410,1,c4e2f6f,50000000,1000000,1,0,array,f64 sum,54.713,43.566,43.754,2.289,2.477,10
A,b05e410,1,c4e2f6f,50000000,1000000,1,0,array,f64 mean,55.230,44.289,44.668,2.966,3.439,9
A,b05e410,1,c4e2f6f,50000000,1000000,1,0,array,float32 sum (control),56.186,43.876,44.442,2.669,3.400,10
A,b05e410,1,c4e2f6f,50000000,1000000,1,0,plan,f64 sum,70.252,47.752,47.989,3.667,3.907,9
A,b05e410,1,c4e2f6f,50000000,1000000,1,0,plan,f64 mean,62.280,49.275,52.723,5.349,8.378,8
A,b05e410,1,c4e2f6f,50000000,1000000,1,0,plan,float32 sum (control),29.742,14.180,14.409,4.440,4.606,27
A,b05e410,1,c4e2f6f,50000000,1000000,2,0,array,f64 sum,58.500,44.752,45.817,3.680,4.927,9
A,b05e410,1,c4e2f6f,50000000,1000000,2,0,array,f64 mean,62.703,45.037,45.901,3.906,4.926,9
A,b05e410,1,c4e2f6f,50000000,1000000,2,0,plan,f64 sum,97.170,49.915,53.678,6.032,9.257,8
A,b05e410,1,c4e2f6f,50000000,1000000,2,0,plan,f64 mean,71.604,52.395,54.742,7.553,10.289,8
A,b05e410,1,c4e2f6f,50000000,1000000,1,1,array,f64 sum,59.130,44.365,44.880,2.390,2.639,9
A,b05e410,1,c4e2f6f,50000000,1000000,1,1,array,f64 mean,58.084,44.790,45.511,2.796,3.728,9
A,b05e410,1,c4e2f6f,50000000,1000000,1,1,plan,f64 sum,71.050,53.076,54.196,8.021,9.383,8
A,b05e410,1,c4e2f6f,50000000,1000000,1,1,plan,f64 mean,69.620,49.004,49.666,4.141,4.827,8
A,b05e410,1,c4e2f6f,50000000,1000000,2,1,array,f64 sum,60.091,45.728,46.472,3.749,4.985,9
A,b05e410,1,c4e2f6f,50000000,1000000,2,1,array,f64 mean,56.436,45.969,46.663,4.064,5.070,9
A,b05e410,1,c4e2f6f,50000000,1000000,2,1,plan,f64 sum,70.399,50.034,51.357,4.865,6.434,8
A,b05e410,1,c4e2f6f,50000000,1000000,2,1,plan,f64 mean,70.612,51.199,54.739,6.430,8.995,8
A,b05e410,1,b05e410,50000000,1000000,1,0,array,f64 sum,37.209,18.089,18.334,1.569,1.893,22
A,b05e410,1,b05e410,50000000,1000000,1,0,array,f64 mean,29.664,17.987,18.557,1.467,2.139,22
A,b05e410,1,b05e410,50000000,1000000,1,0,array,float32 sum (control),56.839,43.730,43.809,2.342,2.460,10
A,b05e410,1,b05e410,50000000,1000000,1,0,plan,f64 sum,34.342,22.244,22.900,3.026,3.652,18
A,b05e410,1,b05e410,50000000,1000000,1,0,plan,f64 mean,35.433,22.115,22.264,2.790,2.936,18
A,b05e410,1,b05e410,50000000,1000000,1,0,plan,float32 sum (control),35.353,14.299,15.269,4.506,5.389,27
A,b05e410,1,b05e410,50000000,1000000,2,0,array,f64 sum,30.709,18.688,18.915,2.266,2.413,22
A,b05e410,1,b05e410,50000000,1000000,2,0,array,f64 mean,31.347,18.663,18.880,2.253,2.479,22
A,b05e410,1,b05e410,50000000,1000000,2,0,plan,f64 sum,35.945,23.333,24.025,3.951,4.596,17
A,b05e410,1,b05e410,50000000,1000000,2,0,plan,f64 mean,35.036,22.997,23.420,3.602,4.124,18
A,b05e410,1,b05e410,50000000,1000000,1,1,array,f64 sum,26.798,16.727,16.810,1.239,1.306,24
A,b05e410,1,b05e410,50000000,1000000,1,1,array,f64 mean,25.627,16.684,16.852,1.270,1.372,24
A,b05e410,1,b05e410,50000000,1000000,1,1,plan,f64 sum,38.559,21.906,22.318,3.765,4.144,18
A,b05e410,1,b05e410,50000000,1000000,1,1,plan,f64 mean,36.253,21.026,22.022,2.828,3.792,18
A,b05e410,1,b05e410,50000000,1000000,2,1,array,f64 sum,31.465,18.144,18.792,2.856,3.772,22
A,b05e410,1,b05e410,50000000,1000000,2,1,array,f64 mean,30.941,17.691,17.759,2.242,2.355,23
A,b05e410,1,b05e410,50000000,1000000,2,1,plan,f64 sum,40.832,21.860,22.029,3.612,3.706,18
A,b05e410,1,b05e410,50000000,1000000,2,1,plan,f64 mean,40.324,21.979,22.070,3.657,3.778,18
A,b05e410,1,c4e2f6f,50000000,rows/2,1,0,array,f64 sum,309.408,284.161,284.809,8.537,8.730,3
A,b05e410,1,c4e2f6f,50000000,rows/2,1,0,array,f64 mean,297.771,286.192,286.591,8.600,8.624,3
A,b05e410,1,c4e2f6f,50000000,rows/2,1,0,array,float32 sum (control),299.577,287.665,287.947,8.767,8.830,3
A,b05e410,1,c4e2f6f,50000000,rows/2,1,0,plan,f64 sum,362.428,330.143,330.375,18.603,18.677,3
A,b05e410,1,c4e2f6f,50000000,rows/2,1,0,plan,f64 mean,369.988,332.966,333.109,18.487,18.851,3
A,b05e410,1,c4e2f6f,50000000,rows/2,1,0,plan,float32 sum (control),259.861,211.369,211.635,54.530,54.970,3
A,b05e410,1,c4e2f6f,50000000,rows/2,2,0,array,f64 sum,309.879,297.363,298.255,11.183,11.237,3
A,b05e410,1,c4e2f6f,50000000,rows/2,2,0,array,f64 mean,314.520,299.706,299.853,11.088,11.298,3
A,b05e410,1,c4e2f6f,50000000,rows/2,2,0,plan,f64 sum,371.228,347.938,348.082,21.167,21.196,3
A,b05e410,1,c4e2f6f,50000000,rows/2,2,0,plan,f64 mean,383.404,349.515,349.883,21.149,21.249,3
A,b05e410,1,c4e2f6f,50000000,rows/2,1,1,array,f64 sum,298.021,287.851,288.593,8.680,9.757,3
A,b05e410,1,c4e2f6f,50000000,rows/2,1,1,array,f64 mean,305.059,289.483,289.645,8.615,8.662,3
A,b05e410,1,c4e2f6f,50000000,rows/2,1,1,plan,f64 sum,367.567,333.388,333.997,18.775,18.853,3
A,b05e410,1,c4e2f6f,50000000,rows/2,1,1,plan,f64 mean,362.083,336.272,336.828,18.703,18.725,3
A,b05e410,1,c4e2f6f,50000000,rows/2,2,1,array,f64 sum,317.931,300.300,300.524,11.066,11.085,3
A,b05e410,1,c4e2f6f,50000000,rows/2,2,1,array,f64 mean,317.122,301.874,302.588,11.149,11.185,3
A,b05e410,1,c4e2f6f,50000000,rows/2,2,1,plan,f64 sum,384.379,349.393,349.834,21.252,21.427,3
A,b05e410,1,c4e2f6f,50000000,rows/2,2,1,plan,f64 mean,365.458,350.889,351.403,21.172,21.577,3
A,b05e410,1,b05e410,50000000,rows/2,1,0,array,f64 sum,220.810,200.440,201.129,10.648,11.740,3
A,b05e410,1,b05e410,50000000,rows/2,1,0,array,f64 mean,207.208,198.262,199.014,8.345,9.900,3
A,b05e410,1,b05e410,50000000,rows/2,1,0,array,float32 sum (control),303.736,288.666,289.098,8.926,9.212,3
A,b05e410,1,b05e410,50000000,rows/2,1,0,plan,f64 sum,263.453,242.343,243.866,17.413,17.600,3
A,b05e410,1,b05e410,50000000,rows/2,1,0,plan,f64 mean,270.544,243.154,243.378,17.701,17.746,3
A,b05e410,1,b05e410,50000000,rows/2,1,0,plan,float32 sum (control),237.793,211.992,212.659,54.818,55.312,3
A,b05e410,1,b05e410,50000000,rows/2,2,0,array,f64 sum,225.763,209.196,209.219,9.857,10.060,3
A,b05e410,1,b05e410,50000000,rows/2,2,0,array,f64 mean,222.778,209.040,209.492,9.740,10.364,3
A,b05e410,1,b05e410,50000000,rows/2,2,0,plan,f64 sum,277.487,257.781,260.069,20.487,22.369,3
A,b05e410,1,b05e410,50000000,rows/2,2,0,plan,f64 mean,302.504,257.687,261.442,20.075,24.028,3
A,b05e410,1,b05e410,50000000,rows/2,1,1,array,f64 sum,202.314,190.018,190.529,7.384,7.848,3
A,b05e410,1,b05e410,50000000,rows/2,1,1,array,f64 mean,203.212,190.205,190.545,7.414,7.488,3
A,b05e410,1,b05e410,50000000,rows/2,1,1,plan,f64 sum,261.647,235.312,235.340,17.504,17.535,3
A,b05e410,1,b05e410,50000000,rows/2,1,1,plan,f64 mean,274.446,234.521,234.570,17.420,17.439,3
A,b05e410,1,b05e410,50000000,rows/2,2,1,array,f64 sum,219.190,203.766,205.983,11.664,13.996,3
A,b05e410,1,b05e410,50000000,rows/2,2,1,array,f64 mean,217.594,202.247,203.020,9.773,10.607,3
A,b05e410,1,b05e410,50000000,rows/2,2,1,plan,f64 sum,280.961,250.251,250.600,19.893,19.991,3
A,b05e410,1,b05e410,50000000,rows/2,2,1,plan,f64 mean,275.826,250.126,250.218,19.790,19.821,3
A,b05e410,2,b05e410,2000000,200,1,0,array,f64 sum,2.846,1.560,1.728,1.223,1.364,30
A,b05e410,2,b05e410,2000000,200,1,0,array,f64 mean,3.883,1.449,1.662,1.118,1.337,30
A,b05e410,2,b05e410,2000000,200,1,0,array,float32 sum (control),4.879,3.154,3.616,1.892,2.498,30
A,b05e410,2,b05e410,2000000,200,1,0,plan,f64 sum,4.554,3.248,3.424,2.428,2.579,30
A,b05e410,2,b05e410,2000000,200,1,0,plan,f64 mean,4.117,3.303,3.452,2.445,2.593,30
A,b05e410,2,b05e410,2000000,200,1,0,plan,float32 sum (control),4.526,3.098,3.278,1.820,1.999,30
A,b05e410,2,b05e410,2000000,200,2,0,array,f64 sum,4.819,2.108,2.339,1.980,2.259,30
A,b05e410,2,b05e410,2000000,200,2,0,array,f64 mean,4.801,2.172,2.340,2.009,2.257,30
A,b05e410,2,b05e410,2000000,200,2,0,plan,f64 sum,7.371,3.808,4.075,3.053,3.297,30
A,b05e410,2,b05e410,2000000,200,2,0,plan,f64 mean,4.880,3.180,3.375,2.338,2.489,30
A,b05e410,2,b05e410,2000000,200,1,1,array,f64 sum,3.928,1.977,2.064,1.685,1.758,30
A,b05e410,2,b05e410,2000000,200,1,1,array,f64 mean,3.793,1.568,1.626,1.150,1.217,30
A,b05e410,2,b05e410,2000000,200,1,1,plan,f64 sum,6.913,3.480,3.711,2.561,2.823,30
A,b05e410,2,b05e410,2000000,200,1,1,plan,f64 mean,6.841,3.022,3.364,2.015,2.311,30
A,b05e410,2,b05e410,2000000,200,2,1,array,f64 sum,5.011,2.248,2.421,1.997,2.233,30
A,b05e410,2,b05e410,2000000,200,2,1,array,f64 mean,4.361,2.230,2.460,1.966,2.264,30
A,b05e410,2,b05e410,2000000,200,2,1,plan,f64 sum,4.091,3.273,3.422,2.354,2.515,30
A,b05e410,2,b05e410,2000000,200,2,1,plan,f64 mean,6.399,3.371,3.915,2.425,3.054,30
A,b05e410,2,c4e2f6f,2000000,200,1,0,array,f64 sum,5.469,3.075,3.576,1.834,2.465,30
A,b05e410,2,c4e2f6f,2000000,200,1,0,array,f64 mean,4.765,3.184,3.574,1.929,2.449,30
A,b05e410,2,c4e2f6f,2000000,200,1,0,array,float32 sum (control),3.682,2.967,3.058,1.646,1.745,30
A,b05e410,2,c4e2f6f,2000000,200,1,0,plan,f64 sum,6.607,3.545,3.928,1.871,1.928,30
A,b05e410,2,c4e2f6f,2000000,200,1,0,plan,f64 mean,6.734,4.797,5.150,2.887,3.201,30
A,b05e410,2,c4e2f6f,2000000,200,1,0,plan,float32 sum (control),6.554,3.113,3.585,1.792,2.457,30
A,b05e410,2,c4e2f6f,2000000,200,2,0,array,f64 sum,4.823,3.734,3.976,2.633,2.999,30
A,b05e410,2,c4e2f6f,2000000,200,2,0,array,f64 mean,4.635,3.353,3.629,2.224,2.508,30
A,b05e410,2,c4e2f6f,2000000,200,2,0,plan,f64 sum,6.891,5.110,5.487,3.296,3.727,30
A,b05e410,2,c4e2f6f,2000000,200,2,0,plan,f64 mean,6.459,4.543,4.798,2.682,2.887,30
A,b05e410,2,c4e2f6f,2000000,200,1,1,array,f64 sum,5.275,3.078,3.375,1.801,2.165,30
A,b05e410,2,c4e2f6f,2000000,200,1,1,array,f64 mean,4.307,3.143,3.365,1.832,2.034,30
A,b05e410,2,c4e2f6f,2000000,200,1,1,plan,f64 sum,7.293,4.438,4.720,2.504,2.738,30
A,b05e410,2,c4e2f6f,2000000,200,1,1,plan,f64 mean,8.123,4.974,5.207,3.033,3.276,30
A,b05e410,2,c4e2f6f,2000000,200,2,1,array,f64 sum,6.416,3.778,4.051,2.680,3.009,30
A,b05e410,2,c4e2f6f,2000000,200,2,1,array,f64 mean,6.324,3.735,3.938,2.642,2.767,30
A,b05e410,2,c4e2f6f,2000000,200,2,1,plan,f64 sum,8.681,4.844,5.165,2.979,3.336,30
A,b05e410,2,c4e2f6f,2000000,200,2,1,plan,f64 mean,9.398,4.676,5.022,2.723,3.071,30
A,b05e410,2,b05e410,2000000,10000,1,0,array,f64 sum,4.994,2.808,3.020,1.258,1.390,30
A,b05e410,2,b05e410,2000000,10000,1,0,array,f64 mean,4.930,2.759,3.037,1.186,1.398,30
A,b05e410,2,b05e410,2000000,10000,1,0,array,float32 sum (control),6.765,3.945,4.922,2.010,2.274,30
A,b05e410,2,b05e410,2000000,10000,1,0,plan,f64 sum,7.391,3.661,4.091,1.845,2.311,30
A,b05e410,2,b05e410,2000000,10000,1,0,plan,f64 mean,6.700,3.637,3.806,1.841,2.052,30
A,b05e410,2,b05e410,2000000,10000,1,0,plan,float32 sum (control),4.830,3.110,3.357,2.281,2.478,30
A,b05e410,2,b05e410,2000000,10000,2,0,array,f64 sum,6.175,3.359,3.761,1.998,2.476,30
A,b05e410,2,b05e410,2000000,10000,2,0,array,f64 mean,6.080,3.426,3.709,2.034,2.340,30
A,b05e410,2,b05e410,2000000,10000,2,0,plan,f64 sum,5.597,4.312,4.564,2.660,2.967,30
A,b05e410,2,b05e410,2000000,10000,2,0,plan,f64 mean,5.953,4.224,4.486,2.440,2.890,30
A,b05e410,2,b05e410,2000000,10000,1,1,array,f64 sum,4.802,2.693,2.869,1.226,1.435,30
A,b05e410,2,b05e410,2000000,10000,1,1,array,f64 mean,4.724,2.707,2.813,1.214,1.282,30
A,b05e410,2,b05e410,2000000,10000,1,1,plan,f64 sum,6.944,4.084,4.377,2.588,2.863,30
A,b05e410,2,b05e410,2000000,10000,1,1,plan,f64 mean,4.629,3.508,3.690,1.886,2.069,30
A,b05e410,2,b05e410,2000000,10000,2,1,array,f64 sum,5.895,3.359,3.571,2.178,2.409,30
A,b05e410,2,b05e410,2000000,10000,2,1,array,f64 mean,3.132,3.067,3.226,1.834,1.969,30
A,b05e410,2,b05e410,2000000,10000,2,1,plan,f64 sum,5.458,4.139,4.350,2.597,2.908,30
A,b05e410,2,b05e410,2000000,10000,2,1,plan,f64 mean,5.117,3.865,4.018,2.282,2.436,30
A,b05e410,2,c4e2f6f,2000000,10000,1,0,array,f64 sum,7.398,4.925,5.607,2.488,2.929,30
A,b05e410,2,c4e2f6f,2000000,10000,1,0,array,f64 mean,8.056,4.301,5.194,2.227,2.956,30
A,b05e410,2,c4e2f6f,2000000,10000,1,0,array,float32 sum (control),7.431,5.276,5.652,2.360,2.707,30
A,b05e410,2,c4e2f6f,2000000,10000,1,0,plan,f64 sum,9.859,4.542,5.480,2.591,2.731,30
A,b05e410,2,c4e2f6f,2000000,10000,1,0,plan,f64 mean,8.905,6.030,6.567,2.875,3.367,30
A,b05e410,2,c4e2f6f,2000000,10000,1,0,plan,float32 sum (control),6.781,2.864,3.175,1.936,2.304,30
A,b05e410,2,c4e2f6f,2000000,10000,2,0,array,f64 sum,8.360,5.473,5.710,2.785,2.981,30
A,b05e410,2,c4e2f6f,2000000,10000,2,0,array,f64 mean,8.698,5.847,6.229,3.114,3.674,30
A,b05e410,2,c4e2f6f,2000000,10000,2,0,plan,f64 sum,9.252,6.658,7.061,3.637,4.057,30
A,b05e410,2,c4e2f6f,2000000,10000,2,0,plan,f64 mean,10.376,6.620,7.210,3.538,4.196,30
A,b05e410,2,c4e2f6f,2000000,10000,1,1,array,f64 sum,7.975,3.713,4.775,1.849,2.098,30
A,b05e410,2,c4e2f6f,2000000,10000,1,1,array,f64 mean,7.325,5.359,5.905,2.467,2.959,30
A,b05e410,2,c4e2f6f,2000000,10000,1,1,plan,f64 sum,9.823,6.390,6.810,3.031,3.498,30
A,b05e410,2,c4e2f6f,2000000,10000,1,1,plan,f64 mean,9.421,5.932,6.518,2.681,3.042,30
A,b05e410,2,c4e2f6f,2000000,10000,2,1,array,f64 sum,7.913,3.411,4.761,2.139,2.490,30
A,b05e410,2,c4e2f6f,2000000,10000,2,1,array,f64 mean,7.343,5.958,6.283,3.080,3.417,30
A,b05e410,2,c4e2f6f,2000000,10000,2,1,plan,f64 sum,9.382,3.917,4.206,2.975,3.222,30
A,b05e410,2,c4e2f6f,2000000,10000,2,1,plan,f64 mean,10.987,6.591,6.856,3.383,3.668,30
A,b05e410,2,b05e410,2000000,100000,1,0,array,f64 sum,4.804,2.306,2.638,1.207,1.349,30
A,b05e410,2,b05e410,2000000,100000,1,0,array,f64 mean,5.869,2.470,2.670,1.214,1.284,30
A,b05e410,2,b05e410,2000000,100000,1,0,array,float32 sum (control),14.139,4.172,4.617,1.996,2.167,30
A,b05e410,2,b05e410,2000000,100000,1,0,plan,f64 sum,8.739,5.653,6.039,2.778,3.187,30
A,b05e410,2,b05e410,2000000,100000,1,0,plan,f64 mean,8.970,3.472,6.700,2.422,4.110,30
A,b05e410,2,b05e410,2000000,100000,1,0,plan,float32 sum (control),7.796,3.110,3.442,2.178,2.531,30
A,b05e410,2,b05e410,2000000,100000,2,0,array,f64 sum,7.344,4.700,4.894,2.344,2.552,30
A,b05e410,2,b05e410,2000000,100000,2,0,array,f64 mean,6.274,4.400,4.753,2.077,2.383,30
A,b05e410,2,b05e410,2000000,100000,2,0,plan,f64 sum,9.091,6.152,6.384,3.382,3.626,30
A,b05e410,2,b05e410,2000000,100000,2,0,plan,f64 mean,9.299,5.208,5.499,2.545,2.818,30
A,b05e410,2,b05e410,2000000,100000,1,1,array,f64 sum,5.162,2.421,3.034,1.238,1.348,30
A,b05e410,2,b05e410,2000000,100000,1,1,array,f64 mean,4.422,1.770,2.065,0.967,1.074,30
A,b05e410,2,b05e410,2000000,100000,1,1,plan,f64 sum,6.290,4.128,4.794,1.994,2.116,30
A,b05e410,2,b05e410,2000000,100000,1,1,plan,f64 mean,6.332,4.372,4.953,2.006,2.156,30
A,b05e410,2,b05e410,2000000,100000,2,1,array,f64 sum,5.380,1.916,2.178,1.399,1.544,30
A,b05e410,2,b05e410,2000000,100000,2,1,array,f64 mean,5.149,4.150,4.285,1.951,2.129,30
A,b05e410,2,b05e410,2000000,100000,2,1,plan,f64 sum,6.781,5.169,5.354,2.637,2.797,30
A,b05e410,2,b05e410,2000000,100000,2,1,plan,f64 mean,7.265,5.304,5.659,2.785,3.146,30
A,b05e410,2,c4e2f6f,2000000,100000,1,0,array,f64 sum,12.721,4.816,5.226,2.162,2.468,30
A,b05e410,2,c4e2f6f,2000000,100000,1,0,array,f64 mean,12.534,4.750,4.942,2.171,2.291,30
A,b05e410,2,c4e2f6f,2000000,100000,1,0,array,float32 sum (control),12.518,4.489,4.888,1.988,2.204,30
A,b05e410,2,c4e2f6f,2000000,100000,1,0,plan,f64 sum,14.369,5.423,5.911,2.599,3.009,30
A,b05e410,2,c4e2f6f,2000000,100000,1,0,plan,f64 mean,15.075,5.375,5.729,2.553,2.800,30
A,b05e410,2,c4e2f6f,2000000,100000,1,0,plan,float32 sum (control),6.993,2.985,3.105,2.079,2.198,30
A,b05e410,2,c4e2f6f,2000000,100000,2,0,array,f64 sum,16.788,4.482,5.224,2.537,2.863,30
A,b05e410,2,c4e2f6f,2000000,100000,2,0,array,f64 mean,16.665,3.875,4.537,2.463,2.790,30
A,b05e410,2,c4e2f6f,2000000,100000,2,0,plan,f64 sum,17.318,5.692,6.540,2.939,3.265,30
A,b05e410,2,c4e2f6f,2000000,100000,2,0,plan,f64 mean,15.750,6.413,7.938,3.571,3.929,30
A,b05e410,2,c4e2f6f,2000000,100000,1,1,array,f64 sum,15.715,4.393,4.602,1.838,2.113,30
A,b05e410,2,c4e2f6f,2000000,100000,1,1,array,f64 mean,14.810,4.526,4.755,2.099,2.252,30
A,b05e410,2,c4e2f6f,2000000,100000,1,1,plan,f64 sum,17.388,5.542,6.137,2.827,3.001,30
A,b05e410,2,c4e2f6f,2000000,100000,1,1,plan,f64 mean,16.931,5.599,6.682,2.937,3.487,30
A,b05e410,2,c4e2f6f,2000000,100000,2,1,array,f64 sum,12.378,4.954,5.237,2.620,2.832,30
A,b05e410,2,c4e2f6f,2000000,100000,2,1,array,f64 mean,15.876,5.523,6.129,2.490,3.082,30
A,b05e410,2,c4e2f6f,2000000,100000,2,1,plan,f64 sum,23.250,5.927,7.193,3.219,3.545,30
A,b05e410,2,c4e2f6f,2000000,100000,2,1,plan,f64 mean,18.904,6.428,7.632,3.628,4.026,30
A,b05e410,2,b05e410,2000000,1000000,1,0,array,f64 sum,15.060,3.827,4.158,1.456,1.766,30
A,b05e410,2,b05e410,2000000,1000000,1,0,array,f64 mean,11.656,3.071,3.551,1.157,1.713,30
A,b05e410,2,b05e410,2000000,1000000,1,0,array,float32 sum (control),25.038,7.139,7.658,2.259,2.875,30
A,b05e410,2,b05e410,2000000,1000000,1,0,plan,f64 sum,14.511,3.811,6.567,1.928,2.945,30
A,b05e410,2,b05e410,2000000,1000000,1,0,plan,f64 mean,19.134,5.545,6.094,2.442,2.630,30
A,b05e410,2,b05e410,2000000,1000000,1,0,plan,float32 sum (control),16.511,4.572,5.757,4.237,4.816,30
A,b05e410,2,b05e410,2000000,1000000,2,0,array,f64 sum,13.086,4.966,5.365,2.171,2.754,30
A,b05e410,2,b05e410,2000000,1000000,2,0,array,f64 mean,14.269,4.388,5.111,2.094,2.631,30
A,b05e410,2,b05e410,2000000,1000000,2,0,plan,f64 sum,19.001,4.510,7.637,2.445,3.932,30
A,b05e410,2,b05e410,2000000,1000000,2,0,plan,f64 mean,20.518,4.439,6.023,2.459,3.270,30
A,b05e410,2,b05e410,2000000,1000000,1,1,array,f64 sum,12.122,3.491,4.284,1.155,1.526,30
A,b05e410,2,b05e410,2000000,1000000,1,1,array,f64 mean,10.666,3.894,4.168,1.303,1.515,30
A,b05e410,2,b05e410,2000000,1000000,1,1,plan,f64 sum,13.419,6.012,6.410,2.248,2.557,30
A,b05e410,2,b05e410,2000000,1000000,1,1,plan,f64 mean,14.726,5.451,5.972,2.469,2.623,30
A,b05e410,2,b05e410,2000000,1000000,2,1,array,f64 sum,14.820,3.991,4.214,1.471,1.656,30
A,b05e410,2,b05e410,2000000,1000000,2,1,array,f64 mean,12.313,4.174,4.839,1.561,2.152,30
A,b05e410,2,b05e410,2000000,1000000,2,1,plan,f64 sum,13.531,6.398,7.518,2.999,3.208,30
A,b05e410,2,b05e410,2000000,1000000,2,1,plan,f64 mean,14.201,4.385,4.773,2.476,2.661,30
A,b05e410,2,c4e2f6f,2000000,1000000,1,0,array,f64 sum,16.581,6.709,6.933,1.803,2.026,30
A,b05e410,2,c4e2f6f,2000000,1000000,1,0,array,f64 mean,24.285,6.852,6.984,1.794,1.908,30
A,b05e410,2,c4e2f6f,2000000,1000000,1,0,array,float32 sum (control),27.354,6.962,7.124,1.969,2.129,30
A,b05e410,2,c4e2f6f,2000000,1000000,1,0,plan,f64 sum,29.433,7.842,8.081,2.837,3.225,30
A,b05e410,2,c4e2f6f,2000000,1000000,1,0,plan,f64 mean,22.345,7.867,8.142,2.900,3.205,30
A,b05e410,2,c4e2f6f,2000000,1000000,1,0,plan,float32 sum (control),10.793,5.474,5.919,4.048,4.309,30
A,b05e410,2,c4e2f6f,2000000,1000000,2,0,array,f64 sum,21.856,7.446,7.654,2.768,3.051,30
A,b05e410,2,c4e2f6f,2000000,1000000,2,0,array,f64 mean,23.791,7.608,8.248,2.745,3.612,30
A,b05e410,2,c4e2f6f,2000000,1000000,2,0,plan,f64 sum,22.169,8.346,8.909,3.486,4.218,30
A,b05e410,2,c4e2f6f,2000000,1000000,2,0,plan,f64 mean,25.510,8.532,8.795,3.698,3.911,30
A,b05e410,2,c4e2f6f,2000000,1000000,1,1,array,f64 sum,19.988,6.936,7.138,2.049,2.287,30
A,b05e410,2,c4e2f6f,2000000,1000000,1,1,array,f64 mean,22.762,7.144,7.269,2.216,2.348,30
A,b05e410,2,c4e2f6f,2000000,1000000,1,1,plan,f64 sum,24.502,7.759,8.762,2.888,4.075,30
A,b05e410,2,c4e2f6f,2000000,1000000,1,1,plan,f64 mean,24.360,7.823,8.903,2.811,4.084,30
A,b05e410,2,c4e2f6f,2000000,1000000,2,1,array,f64 sum,18.828,7.437,7.838,2.762,3.283,30
A,b05e410,2,c4e2f6f,2000000,1000000,2,1,array,f64 mean,17.309,7.336,7.608,2.528,2.807,30
A,b05e410,2,c4e2f6f,2000000,1000000,2,1,plan,f64 sum,24.892,9.449,9.842,4.133,4.695,30
A,b05e410,2,c4e2f6f,2000000,1000000,2,1,plan,f64 mean,27.294,8.639,9.010,3.844,4.274,30
A,b05e410,2,b05e410,2000000,rows/2,1,0,array,f64 sum,12.069,3.675,4.326,1.102,1.463,30
A,b05e410,2,b05e410,2000000,rows/2,1,0,array,f64 mean,12.242,3.074,3.156,1.112,1.249,30
A,b05e410,2,b05e410,2000000,rows/2,1,0,array,float32 sum (control),19.989,7.172,7.611,2.216,2.861,30
A,b05e410,2,b05e410,2000000,rows/2,1,0,plan,f64 sum,16.557,5.436,6.097,2.962,3.127,30
A,b05e410,2,b05e410,2000000,rows/2,1,0,plan,f64 mean,19.897,5.050,8.117,2.385,3.336,30
A,b05e410,2,b05e410,2000000,rows/2,1,0,plan,float32 sum (control),14.255,5.321,6.875,4.842,5.138,30
A,b05e410,2,b05e410,2000000,rows/2,2,0,array,f64 sum,14.643,4.922,5.337,2.189,2.356,30
A,b05e410,2,b05e410,2000000,rows/2,2,0,array,f64 mean,10.980,4.304,4.822,1.583,2.147,30
A,b05e410,2,b05e410,2000000,rows/2,2,0,plan,f64 sum,17.304,5.470,7.513,2.865,3.842,30
A,b05e410,2,b05e410,2000000,rows/2,2,0,plan,f64 mean,21.327,4.193,8.021,2.402,4.168,30
A,b05e410,2,b05e410,2000000,rows/2,1,1,array,f64 sum,12.546,4.039,4.307,1.292,1.436,30
A,b05e410,2,b05e410,2000000,rows/2,1,1,array,f64 mean,10.766,3.802,4.078,1.296,1.453,30
A,b05e410,2,b05e410,2000000,rows/2,1,1,plan,f64 sum,19.771,5.582,7.337,2.823,3.453,30
A,b05e410,2,b05e410,2000000,rows/2,1,1,plan,f64 mean,14.804,3.887,6.428,2.020,3.102,30
A,b05e410,2,b05e410,2000000,rows/2,2,1,array,f64 sum,12.487,4.640,4.905,2.023,2.356,30
A,b05e410,2,b05e410,2000000,rows/2,2,1,array,f64 mean,14.275,4.876,5.255,1.876,2.330,30
A,b05e410,2,b05e410,2000000,rows/2,2,1,plan,f64 sum,18.763,6.507,7.221,3.203,3.960,30
A,b05e410,2,b05e410,2000000,rows/2,2,1,plan,f64 mean,20.808,4.396,8.369,2.443,4.331,30
A,b05e410,2,c4e2f6f,2000000,rows/2,1,0,array,f64 sum,18.899,7.024,7.533,2.187,2.888,30
A,b05e410,2,c4e2f6f,2000000,rows/2,1,0,array,f64 mean,18.780,7.217,7.651,2.240,2.856,30
A,b05e410,2,c4e2f6f,2000000,rows/2,1,0,array,float32 sum (control),20.948,7.147,7.611,2.238,2.846,30
A,b05e410,2,c4e2f6f,2000000,rows/2,1,0,plan,f64 sum,21.793,8.287,8.605,3.376,3.778,30
A,b05e410,2,c4e2f6f,2000000,rows/2,1,0,plan,f64 mean,26.628,7.756,8.808,2.839,3.865,30
A,b05e410,2,c4e2f6f,2000000,rows/2,1,0,plan,float32 sum (control),10.207,5.281,6.701,4.478,5.273,30
A,b05e410,2,c4e2f6f,2000000,rows/2,2,0,array,f64 sum,21.149,7.367,7.566,2.579,2.907,30
A,b05e410,2,c4e2f6f,2000000,rows/2,2,0,array,f64 mean,23.640,7.572,7.901,2.809,3.153,30
A,b05e410,2,c4e2f6f,2000000,rows/2,2,0,plan,f64 sum,29.682,8.901,9.114,4.268,4.427,30
A,b05e410,2,c4e2f6f,2000000,rows/2,2,0,plan,f64 mean,23.203,8.521,8.690,3.654,3.797,30
A,b05e410,2,c4e2f6f,2000000,rows/2,1,1,array,f64 sum,21.306,7.016,7.286,2.147,2.542,30
A,b05e410,2,c4e2f6f,2000000,rows/2,1,1,array,f64 mean,18.324,6.875,7.133,1.875,2.191,30
A,b05e410,2,c4e2f6f,2000000,rows/2,1,1,plan,f64 sum,32.732,8.215,8.492,3.459,3.784,30
A,b05e410,2,c4e2f6f,2000000,rows/2,1,1,plan,f64 mean,22.196,8.532,8.821,3.601,4.017,30
A,b05e410,2,c4e2f6f,2000000,rows/2,2,1,array,f64 sum,20.881,7.490,7.845,2.755,3.293,30
A,b05e410,2,c4e2f6f,2000000,rows/2,2,1,array,f64 mean,19.619,7.562,8.018,2.774,3.439,30
A,b05e410,2,c4e2f6f,2000000,rows/2,2,1,plan,f64 sum,24.736,8.218,8.910,3.403,4.226,30
A,b05e410,2,c4e2f6f,2000000,rows/2,2,1,plan,f64 mean,22.085,8.205,9.343,3.160,4.634,30
A,b05e410,2,b05e410,10000000,200,1,0,array,f64 sum,4.731,3.453,3.956,1.551,1.845,30
A,b05e410,2,b05e410,10000000,200,1,0,array,f64 mean,4.207,2.542,3.221,1.263,1.394,30
A,b05e410,2,b05e410,10000000,200,1,0,array,float32 sum (control),10.191,3.309,3.765,1.814,1.914,30
A,b05e410,2,b05e410,10000000,200,1,0,plan,f64 sum,10.249,5.188,8.082,2.202,2.735,30
A,b05e410,2,b05e410,10000000,200,1,0,plan,f64 mean,10.650,4.582,6.505,2.411,2.608,30
A,b05e410,2,b05e410,10000000,200,1,0,plan,float32 sum (control),11.604,4.314,7.590,2.409,2.888,30
A,b05e410,2,b05e410,10000000,200,2,0,array,f64 sum,8.254,6.062,6.516,2.682,3.392,30
A,b05e410,2,b05e410,10000000,200,2,0,array,f64 mean,6.803,5.634,6.393,2.735,3.312,30
A,b05e410,2,b05e410,10000000,200,2,0,plan,f64 sum,13.131,9.199,10.216,3.650,4.450,30
A,b05e410,2,b05e410,10000000,200,2,0,plan,f64 mean,13.102,7.272,8.332,3.042,3.244,30
A,b05e410,2,b05e410,10000000,200,1,1,array,f64 sum,6.094,3.587,4.326,1.363,1.509,30
A,b05e410,2,b05e410,10000000,200,1,1,array,f64 mean,6.495,2.297,2.754,1.106,1.191,30
A,b05e410,2,b05e410,10000000,200,1,1,plan,f64 sum,9.592,5.780,7.143,2.708,3.178,30
A,b05e410,2,b05e410,10000000,200,1,1,plan,f64 mean,11.458,4.545,6.127,2.085,2.296,30
A,b05e410,2,b05e410,10000000,200,2,1,array,f64 sum,8.790,5.444,6.087,2.428,2.736,30
A,b05e410,2,b05e410,10000000,200,2,1,array,f64 mean,8.990,5.975,6.296,2.488,2.711,30
A,b05e410,2,b05e410,10000000,200,2,1,plan,f64 sum,10.415,8.314,9.552,3.276,3.506,30
A,b05e410,2,b05e410,10000000,200,2,1,plan,f64 mean,7.993,8.437,9.463,3.325,3.860,30
A,b05e410,2,c4e2f6f,10000000,200,1,0,array,f64 sum,9.887,2.980,3.396,1.630,1.731,30
A,b05e410,2,c4e2f6f,10000000,200,1,0,array,f64 mean,8.288,3.687,3.951,1.884,2.041,30
A,b05e410,2,c4e2f6f,10000000,200,1,0,array,float32 sum (control),9.141,3.525,3.760,1.789,1.870,30
A,b05e410,2,c4e2f6f,10000000,200,1,0,plan,f64 sum,15.094,4.031,4.630,2.494,2.617,30
A,b05e410,2,c4e2f6f,10000000,200,1,0,plan,f64 mean,15.754,5.367,6.123,2.299,3.165,30
A,b05e410,2,c4e2f6f,10000000,200,1,0,plan,float32 sum (control),9.427,4.836,5.711,2.288,2.629,30
A,b05e410,2,c4e2f6f,10000000,200,2,0,array,f64 sum,11.494,5.491,6.656,2.749,3.310,30
A,b05e410,2,c4e2f6f,10000000,200,2,0,array,f64 mean,10.750,4.345,4.819,2.643,2.788,30
A,b05e410,2,c4e2f6f,10000000,200,2,0,plan,f64 sum,16.813,6.989,7.363,3.523,3.603,30
A,b05e410,2,c4e2f6f,10000000,200,2,0,plan,f64 mean,14.596,7.247,8.195,3.130,4.559,30
A,b05e410,2,c4e2f6f,10000000,200,1,1,array,f64 sum,10.947,3.471,4.121,1.779,2.107,30
A,b05e410,2,c4e2f6f,10000000,200,1,1,array,f64 mean,9.463,4.042,4.627,2.076,2.497,30
A,b05e410,2,c4e2f6f,10000000,200,1,1,plan,f64 sum,12.074,5.300,6.461,2.740,3.177,30
A,b05e410,2,c4e2f6f,10000000,200,1,1,plan,f64 mean,14.818,5.637,6.435,2.957,3.473,30
A,b05e410,2,c4e2f6f,10000000,200,2,1,array,f64 sum,22.533,4.827,5.563,2.665,2.796,30
A,b05e410,2,c4e2f6f,10000000,200,2,1,array,f64 mean,12.737,4.698,5.101,2.717,2.877,30
A,b05e410,2,c4e2f6f,10000000,200,2,1,plan,f64 sum,15.576,6.100,6.946,3.378,3.681,30
A,b05e410,2,c4e2f6f,10000000,200,2,1,plan,f64 mean,15.877,6.175,6.778,3.150,3.303,30
A,b05e410,2,b05e410,10000000,10000,1,0,array,f64 sum,12.004,3.226,3.550,1.292,1.400,30
A,b05e410,2,b05e410,10000000,10000,1,0,array,f64 mean,11.093,3.031,3.220,1.240,1.427,30
A,b05e410,2,b05e410,10000000,10000,1,0,array,float32 sum (control),14.355,5.467,6.159,2.187,2.457,30
A,b05e410,2,b05e410,10000000,10000,1,0,plan,f64 sum,15.787,6.495,8.229,2.398,3.521,30
A,b05e410,2,b05e410,10000000,10000,1,0,plan,f64 mean,13.959,4.677,4.904,2.092,2.189,30
A,b05e410,2,b05e410,10000000,10000,1,0,plan,float32 sum (control),13.086,4.750,6.163,2.530,3.582,30
A,b05e410,2,b05e410,10000000,10000,2,0,array,f64 sum,10.087,3.936,4.451,1.915,2.102,30
A,b05e410,2,b05e410,10000000,10000,2,0,array,f64 mean,11.566,4.886,5.635,2.434,2.540,30
A,b05e410,2,b05e410,10000000,10000,2,0,plan,f64 sum,17.187,5.195,7.025,3.246,4.107,30
A,b05e410,2,b05e410,10000000,10000,2,0,plan,f64 mean,16.953,5.539,6.136,2.601,2.842,30
A,b05e410,2,b05e410,10000000,10000,1,1,array,f64 sum,10.553,3.261,3.555,1.405,1.719,30
A,b05e410,2,b05e410,10000000,10000,1,1,array,f64 mean,11.665,3.832,4.244,1.466,1.745,30
A,b05e410,2,b05e410,10000000,10000,1,1,plan,f64 sum,13.177,4.732,5.403,2.190,2.390,30
A,b05e410,2,b05e410,10000000,10000,1,1,plan,f64 mean,15.354,4.656,6.267,2.290,2.945,30
A,b05e410,2,b05e410,10000000,10000,2,1,array,f64 sum,12.382,4.534,5.291,2.329,2.496,30
A,b05e410,2,b05e410,10000000,10000,2,1,array,f64 mean,12.418,4.109,4.569,2.082,2.274,30
A,b05e410,2,b05e410,10000000,10000,2,1,plan,f64 sum,17.716,7.390,8.299,2.702,3.684,30
A,b05e410,2,b05e410,10000000,10000,2,1,plan,f64 mean,13.960,5.715,6.493,2.983,3.221,30
A,b05e410,2,c4e2f6f,10000000,10000,1,0,array,f64 sum,15.255,5.601,5.838,2.172,2.352,30
A,b05e410,2,c4e2f6f,10000000,10000,1,0,array,f64 mean,15.901,5.646,5.746,2.108,2.219,30
A,b05e410,2,c4e2f6f,10000000,10000,1,0,array,float32 sum (control),13.963,5.398,5.849,2.235,2.414,30
A,b05e410,2,c4e2f6f,10000000,10000,1,0,plan,f64 sum,18.475,7.563,8.522,3.052,3.351,30
A,b05e410,2,c4e2f6f,10000000,10000,1,0,plan,f64 mean,18.431,7.047,7.359,2.803,3.002,30
A,b05e410,2,c4e2f6f,10000000,10000,1,0,plan,float32 sum (control),13.839,5.528,7.134,2.410,3.451,30
A,b05e410,2,c4e2f6f,10000000,10000,2,0,array,f64 sum,13.752,6.711,7.010,3.014,3.180,30
A,b05e410,2,c4e2f6f,10000000,10000,2,0,array,f64 mean,17.039,6.823,7.630,3.137,3.695,30
A,b05e410,2,c4e2f6f,10000000,10000,2,0,plan,f64 sum,18.862,7.655,8.145,3.638,4.148,30
A,b05e410,2,c4e2f6f,10000000,10000,2,0,plan,f64 mean,16.717,7.481,7.983,3.553,3.758,30
A,b05e410,2,c4e2f6f,10000000,10000,1,1,array,f64 sum,17.809,5.580,5.864,2.204,2.365,30
A,b05e410,2,c4e2f6f,10000000,10000,1,1,array,f64 mean,13.295,5.451,5.618,2.014,2.188,30
A,b05e410,2,c4e2f6f,10000000,10000,1,1,plan,f64 sum,18.959,6.710,6.970,2.992,3.426,30
A,b05e410,2,c4e2f6f,10000000,10000,1,1,plan,f64 mean,16.998,6.879,7.602,2.748,2.988,30
A,b05e410,2,c4e2f6f,10000000,10000,2,1,array,f64 sum,13.803,6.095,6.241,2.514,2.607,30
A,b05e410,2,c4e2f6f,10000000,10000,2,1,array,f64 mean,16.123,6.316,6.498,2.786,3.013,30
A,b05e410,2,c4e2f6f,10000000,10000,2,1,plan,f64 sum,20.437,7.821,8.692,3.624,4.234,30
A,b05e410,2,c4e2f6f,10000000,10000,2,1,plan,f64 mean,20.357,7.196,8.043,3.311,3.855,30
A,b05e410,2,b05e410,10000000,100000,1,0,array,f64 sum,12.277,3.153,3.330,1.170,1.259,30
A,b05e410,2,b05e410,10000000,100000,1,0,array,f64 mean,11.293,3.297,3.388,1.185,1.332,30
A,b05e410,2,b05e410,10000000,100000,1,0,array,float32 sum (control),19.928,6.330,6.423,2.035,2.108,30
A,b05e410,2,b05e410,10000000,100000,1,0,plan,f64 sum,15.032,5.115,5.381,2.055,2.192,30
A,b05e410,2,b05e410,10000000,100000,1,0,plan,f64 mean,17.468,4.683,5.240,2.006,2.168,30
A,b05e410,2,b05e410,10000000,100000,1,0,plan,float32 sum (control),11.613,5.265,6.069,2.477,2.717,30
A,b05e410,2,b05e410,10000000,100000,2,0,array,f64 sum,16.428,4.116,4.626,1.858,2.011,30
A,b05e410,2,b05e410,10000000,100000,2,0,array,f64 mean,14.202,3.718,3.913,1.922,2.075,30
A,b05e410,2,b05e410,10000000,100000,2,0,plan,f64 sum,16.941,6.977,8.823,3.458,3.939,30
A,b05e410,2,b05e410,10000000,100000,2,0,plan,f64 mean,16.336,5.623,5.852,2.612,2.840,30
A,b05e410,2,b05e410,10000000,100000,1,1,array,f64 sum,11.917,2.888,2.968,1.060,1.110,30
A,b05e410,2,b05e410,10000000,100000,1,1,array,f64 mean,12.027,2.935,3.148,1.067,1.133,30
A,b05e410,2,b05e410,10000000,100000,1,1,plan,f64 sum,14.964,5.484,5.813,2.164,2.426,30
A,b05e410,2,b05e410,10000000,100000,1,1,plan,f64 mean,15.805,6.745,8.886,3.322,3.973,30
A,b05e410,2,b05e410,10000000,100000,2,1,array,f64 sum,12.462,4.142,4.506,1.919,2.011,30
A,b05e410,2,b05e410,10000000,100000,2,1,array,f64 mean,13.715,4.339,4.637,1.901,2.047,30
A,b05e410,2,b05e410,10000000,100000,2,1,plan,f64 sum,19.571,7.840,8.376,2.837,3.309,30
A,b05e410,2,b05e410,10000000,100000,2,1,plan,f64 mean,19.168,6.677,8.535,3.307,3.747,30
A,b05e410,2,c4e2f6f,10000000,100000,1,0,array,f64 sum,16.415,6.515,6.844,2.183,2.582,30
A,b05e410,2,c4e2f6f,10000000,100000,1,0,array,f64 mean,17.810,6.542,6.707,2.203,2.302,30
A,b05e410,2,c4e2f6f,10000000,100000,1,0,array,float32 sum (control),16.666,6.467,6.645,2.238,2.379,30
A,b05e410,2,c4e2f6f,10000000,100000,1,0,plan,f64 sum,26.039,7.867,8.427,3.324,3.654,30
A,b05e410,2,c4e2f6f,10000000,100000,1,0,plan,f64 mean,25.134,7.969,8.831,3.333,3.901,30
A,b05e410,2,c4e2f6f,10000000,100000,1,0,plan,float32 sum (control),12.706,5.438,7.025,2.846,3.891,30
A,b05e410,2,c4e2f6f,10000000,100000,2,0,array,f64 sum,16.524,7.080,7.243,2.946,3.096,30
A,b05e410,2,c4e2f6f,10000000,100000,2,0,array,f64 mean,22.989,7.573,8.201,3.057,3.519,30
A,b05e410,2,c4e2f6f,10000000,100000,2,0,plan,f64 sum,24.967,8.128,9.157,3.564,4.356,30
A,b05e410,2,c4e2f6f,10000000,100000,2,0,plan,f64 mean,24.306,8.892,9.486,4.282,4.674,30
A,b05e410,2,c4e2f6f,10000000,100000,1,1,array,f64 sum,22.274,6.468,6.568,2.083,2.149,30
A,b05e410,2,c4e2f6f,10000000,100000,1,1,array,f64 mean,21.751,6.572,6.854,2.219,2.544,30
A,b05e410,2,c4e2f6f,10000000,100000,1,1,plan,f64 sum,24.387,7.986,8.869,3.383,3.780,30
A,b05e410,2,c4e2f6f,10000000,100000,1,1,plan,f64 mean,25.312,7.546,8.028,2.717,3.382,30
A,b05e410,2,c4e2f6f,10000000,100000,2,1,array,f64 sum,21.350,6.996,7.246,2.968,3.185,30
A,b05e410,2,c4e2f6f,10000000,100000,2,1,array,f64 mean,17.982,7.168,7.326,2.946,3.158,30
A,b05e410,2,c4e2f6f,10000000,100000,2,1,plan,f64 sum,27.077,8.269,8.550,3.607,3.793,30
A,b05e410,2,c4e2f6f,10000000,100000,2,1,plan,f64 mean,28.745,8.036,8.154,3.520,3.655,30
A,b05e410,2,b05e410,10000000,1000000,1,0,array,f64 sum,15.512,5.986,6.340,1.476,1.867,30
A,b05e410,2,b05e410,10000000,1000000,1,0,array,f64 mean,16.437,5.868,6.020,1.258,1.468,30
A,b05e410,2,b05e410,10000000,1000000,1,0,array,float32 sum (control),24.536,11.787,11.972,2.131,2.353,30
A,b05e410,2,b05e410,10000000,1000000,1,0,plan,f64 sum,25.792,7.357,8.300,2.427,2.742,30
A,b05e410,2,b05e410,10000000,1000000,1,0,plan,f64 mean,25.947,7.372,8.677,2.422,2.794,30
A,b05e410,2,b05e410,10000000,1000000,1,0,plan,float32 sum (control),23.413,5.300,5.948,3.972,4.199,30
A,b05e410,2,b05e410,10000000,1000000,2,0,array,f64 sum,18.287,6.516,7.562,2.287,2.801,30
A,b05e410,2,b05e410,10000000,1000000,2,0,array,f64 mean,17.956,6.863,7.738,2.465,2.870,30
A,b05e410,2,b05e410,10000000,1000000,2,0,plan,f64 sum,21.682,7.741,7.996,2.990,3.099,30
A,b05e410,2,b05e410,10000000,1000000,2,0,plan,f64 mean,25.070,7.780,8.870,3.029,3.440,30
A,b05e410,2,b05e410,10000000,1000000,1,1,array,f64 sum,18.191,5.685,6.108,1.352,1.859,30
A,b05e410,2,b05e410,10000000,1000000,1,1,array,f64 mean,17.914,5.748,6.118,1.414,1.861,30
A,b05e410,2,b05e410,10000000,1000000,1,1,plan,f64 sum,29.569,7.184,8.025,2.421,2.880,30
A,b05e410,2,b05e410,10000000,1000000,1,1,plan,f64 mean,21.593,7.144,7.775,2.406,2.638,30
A,b05e410,2,b05e410,10000000,1000000,2,1,array,f64 sum,20.182,6.685,8.648,2.276,3.202,30
A,b05e410,2,b05e410,10000000,1000000,2,1,array,f64 mean,21.836,8.060,8.487,2.854,3.335,30
A,b05e410,2,b05e410,10000000,1000000,2,1,plan,f64 sum,27.258,7.535,11.314,3.009,4.663,30
A,b05e410,2,b05e410,10000000,1000000,2,1,plan,f64 mean,26.948,10.431,11.530,4.099,4.723,30
A,b05e410,2,c4e2f6f,10000000,1000000,1,0,array,f64 sum,25.303,11.608,11.843,2.062,2.293,30
A,b05e410,2,c4e2f6f,10000000,1000000,1,0,array,f64 mean,24.471,12.002,12.454,2.465,2.959,30
A,b05e410,2,c4e2f6f,10000000,1000000,1,0,array,float32 sum (control),21.757,11.626,11.793,1.885,2.057,30
A,b05e410,2,c4e2f6f,10000000,1000000,1,0,plan,f64 sum,31.682,13.163,13.763,3.335,3.909,30
A,b05e410,2,c4e2f6f,10000000,1000000,1,0,plan,f64 mean,35.914,13.506,14.057,3.568,4.117,28
A,b05e410,2,c4e2f6f,10000000,1000000,1,0,plan,float32 sum (control),22.245,5.167,6.863,3.829,4.789,30
A,b05e410,2,c4e2f6f,10000000,1000000,2,0,array,f64 sum,23.299,12.094,12.443,2.952,3.457,30
A,b05e410,2,c4e2f6f,10000000,1000000,2,0,array,f64 mean,24.768,12.375,12.537,3.057,3.308,30
A,b05e410,2,c4e2f6f,10000000,1000000,2,0,plan,f64 sum,36.803,13.803,14.029,4.027,4.294,28
A,b05e410,2,c4e2f6f,10000000,1000000,2,0,plan,f64 mean,36.067,13.723,14.849,3.814,5.102,28
A,b05e410,2,c4e2f6f,10000000,1000000,1,1,array,f64 sum,22.494,11.715,12.127,2.068,2.502,30
A,b05e410,2,c4e2f6f,10000000,1000000,1,1,array,f64 mean,24.844,12.197,12.691,2.547,3.171,30
A,b05e410,2,c4e2f6f,10000000,1000000,1,1,plan,f64 sum,36.783,13.818,15.783,3.702,5.286,26
A,b05e410,2,c4e2f6f,10000000,1000000,1,1,plan,f64 mean,40.013,13.363,13.516,3.124,3.221,30
A,b05e410,2,c4e2f6f,10000000,1000000,2,1,array,f64 sum,26.227,12.291,12.439,2.939,3.123,30
A,b05e410,2,c4e2f6f,10000000,1000000,2,1,array,f64 mean,25.063,12.444,12.637,2.967,3.200,30
A,b05e410,2,c4e2f6f,10000000,1000000,2,1,plan,f64 sum,37.345,13.789,15.043,3.812,5.227,27
A,b05e410,2,c4e2f6f,10000000,1000000,2,1,plan,f64 mean,35.060,13.726,14.218,3.731,4.172,28
A,b05e410,2,b05e410,10000000,rows/2,1,0,array,f64 sum,28.663,16.319,16.448,1.213,1.329,25
A,b05e410,2,b05e410,10000000,rows/2,1,0,array,f64 mean,28.009,16.290,16.504,1.161,1.334,25
A,b05e410,2,b05e410,10000000,rows/2,1,0,array,float32 sum (control),38.836,33.082,33.220,2.249,2.324,13
A,b05e410,2,b05e410,10000000,rows/2,1,0,plan,f64 sum,46.930,21.851,22.185,4.096,4.214,18
A,b05e410,2,b05e410,10000000,rows/2,1,0,plan,f64 mean,37.861,22.055,22.229,4.130,4.219,18
A,b05e410,2,b05e410,10000000,rows/2,1,0,plan,float32 sum (control),48.552,17.604,18.778,11.138,11.467,22
A,b05e410,2,b05e410,10000000,rows/2,2,0,array,f64 sum,31.530,17.425,18.161,2.821,3.726,23
A,b05e410,2,b05e410,10000000,rows/2,2,0,array,f64 mean,28.492,16.850,17.425,2.136,2.741,24
A,b05e410,2,b05e410,10000000,rows/2,2,0,plan,f64 sum,37.846,22.910,23.102,4.727,4.853,18
A,b05e410,2,b05e410,10000000,rows/2,2,0,plan,f64 mean,58.213,22.842,23.188,4.805,4.883,17
A,b05e410,2,b05e410,10000000,rows/2,1,1,array,f64 sum,28.224,15.931,16.551,1.606,2.326,25
A,b05e410,2,b05e410,10000000,rows/2,1,1,array,f64 mean,29.044,15.567,15.795,1.169,1.378,26
A,b05e410,2,b05e410,10000000,rows/2,1,1,plan,f64 sum,45.184,21.486,21.731,4.181,4.399,19
A,b05e410,2,b05e410,10000000,rows/2,1,1,plan,f64 mean,37.073,21.292,21.572,4.121,4.241,19
A,b05e410,2,b05e410,10000000,rows/2,2,1,array,f64 sum,30.797,16.300,16.897,2.353,3.063,24
A,b05e410,2,b05e410,10000000,rows/2,2,1,array,f64 mean,24.007,16.671,17.501,2.763,3.782,23
A,b05e410,2,b05e410,10000000,rows/2,2,1,plan,f64 sum,43.340,22.246,23.322,4.857,6.059,18
A,b05e410,2,b05e410,10000000,rows/2,2,1,plan,f64 mean,46.289,22.297,22.442,4.867,4.961,18
A,b05e410,2,c4e2f6f,10000000,rows/2,1,0,array,f64 sum,47.797,33.186,33.691,3.101,3.784,12
A,b05e410,2,c4e2f6f,10000000,rows/2,1,0,array,f64 mean,40.161,33.023,33.157,2.302,2.362,13
A,b05e410,2,c4e2f6f,10000000,rows/2,1,0,array,float32 sum (control),45.283,33.781,34.224,3.102,3.720,12
A,b05e410,2,c4e2f6f,10000000,rows/2,1,0,plan,f64 sum,67.766,38.296,38.396,5.098,5.218,11
A,b05e410,2,c4e2f6f,10000000,rows/2,1,0,plan,f64 mean,67.432,38.757,38.843,5.067,5.192,10
A,b05e410,2,c4e2f6f,10000000,rows/2,1,0,plan,float32 sum (control),43.952,18.271,19.460,11.461,11.828,21
A,b05e410,2,c4e2f6f,10000000,rows/2,2,0,array,f64 sum,51.197,36.050,36.348,4.625,5.358,12
A,b05e410,2,c4e2f6f,10000000,rows/2,2,0,array,f64 mean,49.270,35.992,36.645,4.410,5.283,11
A,b05e410,2,c4e2f6f,10000000,rows/2,2,0,plan,f64 sum,68.692,40.660,40.838,5.769,5.942,10
A,b05e410,2,c4e2f6f,10000000,rows/2,2,0,plan,f64 mean,66.568,41.290,43.071,5.822,7.537,10
A,b05e410,2,c4e2f6f,10000000,rows/2,1,1,array,f64 sum,40.148,32.596,33.507,2.418,3.397,12
A,b05e410,2,c4e2f6f,10000000,rows/2,1,1,array,f64 mean,46.738,33.096,33.323,2.264,2.557,13
A,b05e410,2,c4e2f6f,10000000,rows/2,1,1,plan,f64 sum,61.278,40.937,46.359,7.605,13.273,9
A,b05e410,2,c4e2f6f,10000000,rows/2,1,1,plan,f64 mean,65.417,38.828,38.958,5.135,5.244,11
A,b05e410,2,c4e2f6f,10000000,rows/2,2,1,array,f64 sum,48.260,34.626,34.789,3.230,3.309,12
A,b05e410,2,c4e2f6f,10000000,rows/2,2,1,array,f64 mean,49.789,35.159,35.814,3.237,4.079,12
A,b05e410,2,c4e2f6f,10000000,rows/2,2,1,plan,f64 sum,63.197,40.735,40.946,5.804,5.884,10
A,b05e410,2,c4e2f6f,10000000,rows/2,2,1,plan,f64 mean,67.241,41.261,41.604,5.754,5.954,10
A,b05e410,2,b05e410,50000000,200,1,0,array,f64 sum,15.325,5.617,5.770,1.429,1.524,30
A,b05e410,2,b05e410,50000000,200,1,0,array,f64 mean,16.535,5.593,5.717,1.344,1.430,30
A,b05e410,2,b05e410,50000000,200,1,0,array,float32 sum (control),31.849,12.748,12.971,1.773,1.834,30
A,b05e410,2,b05e410,50000000,200,1,0,plan,f64 sum,17.144,7.883,8.392,2.254,2.801,30
A,b05e410,2,b05e410,50000000,200,1,0,plan,f64 mean,17.656,7.858,8.314,2.192,2.645,30
A,b05e410,2,b05e410,50000000,200,1,0,plan,float32 sum (control),18.156,7.113,7.363,2.518,2.698,30
A,b05e410,2,b05e410,50000000,200,2,0,array,f64 sum,15.379,7.313,7.820,2.459,2.672,30
A,b05e410,2,b05e410,50000000,200,2,0,array,f64 mean,18.374,7.328,7.680,2.518,2.721,30
A,b05e410,2,b05e410,50000000,200,2,0,plan,f64 sum,26.252,9.656,9.913,3.315,3.563,30
A,b05e410,2,b05e410,50000000,200,2,0,plan,f64 mean,24.004,9.750,10.330,3.605,4.070,30
A,b05e410,2,b05e410,50000000,200,1,1,array,f64 sum,14.486,5.917,6.236,1.442,1.806,30
A,b05e410,2,b05e410,50000000,200,1,1,array,f64 mean,12.947,5.860,6.046,1.410,1.537,30
A,b05e410,2,b05e410,50000000,200,1,1,plan,f64 sum,23.126,8.197,8.390,2.350,2.435,30
A,b05e410,2,b05e410,50000000,200,1,1,plan,f64 mean,24.250,8.052,8.255,2.223,2.383,30
A,b05e410,2,b05e410,50000000,200,2,1,array,f64 sum,12.775,7.491,7.604,2.227,2.298,30
A,b05e410,2,b05e410,50000000,200,2,1,array,f64 mean,14.939,7.532,7.642,2.197,2.356,30
A,b05e410,2,b05e410,50000000,200,2,1,plan,f64 sum,19.167,9.837,9.998,3.200,3.325,30
A,b05e410,2,b05e410,50000000,200,2,1,plan,f64 mean,23.540,9.853,10.043,3.159,3.360,30
A,b05e410,2,c4e2f6f,50000000,200,1,0,array,f64 sum,30.104,12.732,12.961,1.808,1.886,30
A,b05e410,2,c4e2f6f,50000000,200,1,0,array,f64 mean,24.162,12.744,12.974,1.766,1.900,30
A,b05e410,2,c4e2f6f,50000000,200,1,0,array,float32 sum (control),21.813,13.024,13.446,1.988,2.643,30
A,b05e410,2,c4e2f6f,50000000,200,1,0,plan,f64 sum,38.775,14.972,15.450,3.035,3.392,26
A,b05e410,2,c4e2f6f,50000000,200,1,0,plan,f64 mean,34.164,14.952,15.331,2.655,3.127,26
A,b05e410,2,c4e2f6f,50000000,200,1,0,plan,float32 sum (control),20.124,6.968,7.334,2.633,2.870,30
A,b05e410,2,c4e2f6f,50000000,200,2,0,array,f64 sum,28.188,14.432,14.717,2.713,2.926,28
A,b05e410,2,c4e2f6f,50000000,200,2,0,array,f64 mean,28.330,14.504,14.878,2.795,3.207,27
A,b05e410,2,c4e2f6f,50000000,200,2,0,plan,f64 sum,36.539,16.450,16.926,3.451,3.865,24
A,b05e410,2,c4e2f6f,50000000,200,2,0,plan,f64 mean,28.266,16.563,17.090,3.496,4.223,24
A,b05e410,2,c4e2f6f,50000000,200,1,1,array,f64 sum,25.606,12.615,12.849,1.771,1.833,30
A,b05e410,2,c4e2f6f,50000000,200,1,1,array,f64 mean,22.302,12.798,13.178,1.916,2.439,30
A,b05e410,2,c4e2f6f,50000000,200,1,1,plan,f64 sum,27.716,14.678,15.058,2.627,2.863,27
A,b05e410,2,c4e2f6f,50000000,200,1,1,plan,f64 mean,39.189,14.980,15.732,3.101,4.136,26
A,b05e410,2,c4e2f6f,50000000,200,2,1,array,f64 sum,25.373,14.479,15.055,3.047,3.516,27
A,b05e410,2,c4e2f6f,50000000,200,2,1,array,f64 mean,29.440,14.467,14.955,3.075,3.387,27
A,b05e410,2,c4e2f6f,50000000,200,2,1,plan,f64 sum,27.513,16.340,16.678,3.324,3.605,24
A,b05e410,2,c4e2f6f,50000000,200,2,1,plan,f64 mean,29.636,16.641,16.983,3.745,3.982,24
A,b05e410,2,b05e410,50000000,10000,1,0,array,f64 sum,24.500,11.416,11.625,1.660,1.866,30
A,b05e410,2,b05e410,50000000,10000,1,0,array,f64 mean,23.545,11.327,11.662,1.517,1.907,30
A,b05e410,2,b05e410,50000000,10000,1,0,array,float32 sum (control),36.588,25.383,25.817,1.880,2.409,16
A,b05e410,2,b05e410,50000000,10000,1,0,plan,f64 sum,28.244,14.738,14.945,2.202,2.406,27
A,b05e410,2,b05e410,50000000,10000,1,0,plan,f64 mean,27.088,14.765,15.232,2.211,2.774,27
A,b05e410,2,b05e410,50000000,10000,1,0,plan,float32 sum (control),25.071,11.712,12.087,2.216,2.649,30
A,b05e410,2,b05e410,50000000,10000,2,0,array,f64 sum,24.357,12.900,13.502,2.522,3.194,30
A,b05e410,2,b05e410,50000000,10000,2,0,array,f64 mean,25.786,12.716,12.926,2.110,2.313,30
A,b05e410,2,b05e410,50000000,10000,2,0,plan,f64 sum,38.070,16.340,16.464,3.022,3.126,25
A,b05e410,2,b05e410,50000000,10000,2,0,plan,f64 mean,27.604,16.357,16.612,3.058,3.243,24
A,b05e410,2,b05e410,50000000,10000,1,1,array,f64 sum,20.712,10.506,10.845,1.497,1.864,30
A,b05e410,2,b05e410,50000000,10000,1,1,array,f64 mean,22.594,10.483,10.813,1.498,1.849,30
A,b05e410,2,b05e410,50000000,10000,1,1,plan,f64 sum,28.015,13.931,14.087,2.215,2.385,29
A,b05e410,2,b05e410,50000000,10000,1,1,plan,f64 mean,27.436,14.379,15.023,2.761,3.666,27
A,b05e410,2,b05e410,50000000,10000,2,1,array,f64 sum,28.559,12.182,12.752,2.538,3.159,30
A,b05e410,2,b05e410,50000000,10000,2,1,array,f64 mean,25.034,12.141,12.452,2.362,2.740,30
A,b05e410,2,b05e410,50000000,10000,2,1,plan,f64 sum,25.271,15.970,16.575,3.743,4.440,25
A,b05e410,2,b05e410,50000000,10000,2,1,plan,f64 mean,28.988,16.001,16.459,3.767,4.239,25
A,b05e410,2,c4e2f6f,50000000,10000,1,0,array,f64 sum,33.846,26.216,26.381,2.035,2.207,16
A,b05e410,2,c4e2f6f,50000000,10000,1,0,array,f64 mean,35.582,26.117,26.226,1.779,2.022,16
A,b05e410,2,c4e2f6f,50000000,10000,1,0,array,float32 sum (control),33.481,25.262,25.479,1.871,2.086,16
A,b05e410,2,c4e2f6f,50000000,10000,1,0,plan,f64 sum,45.091,29.390,29.706,2.689,2.897,14
A,b05e410,2,c4e2f6f,50000000,10000,1,0,plan,f64 mean,41.969,29.831,30.466,3.276,3.898,14
A,b05e410,2,c4e2f6f,50000000,10000,1,0,plan,float32 sum (control),23.227,12.179,12.737,2.918,3.535,30
A,b05e410,2,c4e2f6f,50000000,10000,2,0,array,f64 sum,50.855,27.566,27.878,2.796,3.048,15
A,b05e410,2,c4e2f6f,50000000,10000,2,0,array,f64 mean,50.021,27.747,27.898,2.742,2.842,15
A,b05e410,2,c4e2f6f,50000000,10000,2,0,plan,f64 sum,43.364,31.638,32.453,4.611,5.493,13
A,b05e410,2,c4e2f6f,50000000,10000,2,0,plan,f64 mean,45.523,31.685,32.383,4.368,5.135,13
A,b05e410,2,c4e2f6f,50000000,10000,1,1,array,f64 sum,37.873,26.580,26.803,1.784,1.900,15
A,b05e410,2,c4e2f6f,50000000,10000,1,1,array,f64 mean,33.602,26.676,26.805,1.765,1.872,15
A,b05e410,2,c4e2f6f,50000000,10000,1,1,plan,f64 sum,58.044,30.052,30.167,2.683,2.824,14
A,b05e410,2,c4e2f6f,50000000,10000,1,1,plan,f64 mean,44.243,30.451,30.674,3.147,3.408,13
A,b05e410,2,c4e2f6f,50000000,10000,2,1,array,f64 sum,42.012,28.150,28.283,2.768,2.876,15
A,b05e410,2,c4e2f6f,50000000,10000,2,1,array,f64 mean,41.413,28.342,28.596,2.766,2.895,14
A,b05e410,2,c4e2f6f,50000000,10000,2,1,plan,f64 sum,45.943,31.594,32.022,3.479,3.937,13
A,b05e410,2,c4e2f6f,50000000,10000,2,1,plan,f64 mean,42.487,31.537,31.906,3.441,3.564,13
A,b05e410,2,b05e410,50000000,100000,1,0,array,f64 sum,22.764,12.179,12.486,1.370,1.770,30
A,b05e410,2,b05e410,50000000,100000,1,0,array,f64 mean,21.182,12.195,12.419,1.408,1.708,30
A,b05e410,2,b05e410,50000000,100000,1,0,array,float32 sum (control),41.861,27.187,27.370,2.361,2.713,15
A,b05e410,2,b05e410,50000000,100000,1,0,plan,f64 sum,30.638,16.036,16.530,2.474,3.288,24
A,b05e410,2,b05e410,50000000,100000,1,0,plan,f64 mean,29.149,16.182,16.644,2.782,3.514,24
A,b05e410,2,b05e410,50000000,100000,1,0,plan,float32 sum (control),24.080,10.901,11.131,2.476,2.613,30
A,b05e410,2,b05e410,50000000,100000,2,0,array,f64 sum,26.101,13.292,13.527,2.270,2.528,30
A,b05e410,2,b05e410,50000000,100000,2,0,array,f64 mean,25.573,13.538,13.875,2.605,3.003,29
A,b05e410,2,b05e410,50000000,100000,2,0,plan,f64 sum,27.307,17.315,18.245,3.556,4.865,22
A,b05e410,2,b05e410,50000000,100000,2,0,plan,f64 mean,27.484,17.682,18.678,4.268,5.377,22
A,b05e410,2,b05e410,50000000,100000,1,1,array,f64 sum,25.053,11.240,11.382,1.192,1.322,30
A,b05e410,2,b05e410,50000000,100000,1,1,array,f64 mean,32.856,11.233,11.423,1.208,1.408,30
A,b05e410,2,b05e410,50000000,100000,1,1,plan,f64 sum,26.842,14.895,15.054,2.218,2.355,27
A,b05e410,2,b05e410,50000000,100000,1,1,plan,f64 mean,29.011,15.435,16.073,2.828,3.758,25
A,b05e410,2,b05e410,50000000,100000,2,1,array,f64 sum,26.154,12.464,12.830,2.301,2.620,30
A,b05e410,2,b05e410,50000000,100000,2,1,array,f64 mean,36.175,12.615,12.925,2.433,2.781,30
A,b05e410,2,b05e410,50000000,100000,2,1,plan,f64 sum,30.423,16.657,17.370,3.954,4.753,23
A,b05e410,2,b05e410,50000000,100000,2,1,plan,f64 mean,29.876,16.122,16.707,3.110,3.692,24
A,b05e410,2,c4e2f6f,50000000,100000,1,0,array,f64 sum,42.999,28.184,28.451,2.638,3.069,15
A,b05e410,2,c4e2f6f,50000000,100000,1,0,array,f64 mean,42.935,28.053,28.326,2.494,2.930,15
A,b05e410,2,c4e2f6f,50000000,100000,1,0,array,float32 sum (control),37.407,27.324,27.661,2.563,3.069,15
A,b05e410,2,c4e2f6f,50000000,100000,1,0,plan,f64 sum,41.639,31.548,32.203,3.189,4.072,13
A,b05e410,2,c4e2f6f,50000000,100000,1,0,plan,f64 mean,46.595,32.099,33.005,3.850,5.060,13
A,b05e410,2,c4e2f6f,50000000,100000,1,0,plan,float32 sum (control),26.394,11.193,11.460,2.783,3.022,30
A,b05e410,2,c4e2f6f,50000000,100000,2,0,array,f64 sum,46.287,29.305,29.957,3.727,4.503,14
A,b05e410,2,c4e2f6f,50000000,100000,2,0,array,f64 mean,57.584,29.604,30.004,3.992,4.483,14
A,b05e410,2,c4e2f6f,50000000,100000,2,0,plan,f64 sum,48.109,32.660,32.948,3.920,4.055,13
A,b05e410,2,c4e2f6f,50000000,100000,2,0,plan,f64 mean,68.944,34.276,34.564,5.801,6.440,12
A,b05e410,2,c4e2f6f,50000000,100000,1,1,array,f64 sum,43.009,28.277,28.370,2.176,2.251,15
A,b05e410,2,c4e2f6f,50000000,100000,1,1,array,f64 mean,39.877,28.449,28.775,2.404,2.829,14
A,b05e410,2,c4e2f6f,50000000,100000,1,1,plan,f64 sum,51.403,32.445,32.930,3.705,4.274,13
A,b05e410,2,c4e2f6f,50000000,100000,1,1,plan,f64 mean,45.781,31.991,32.332,3.091,3.476,13
A,b05e410,2,c4e2f6f,50000000,100000,2,1,array,f64 sum,44.334,29.492,29.650,3.096,3.213,14
A,b05e410,2,c4e2f6f,50000000,100000,2,1,array,f64 mean,43.188,29.581,29.676,3.120,3.210,14
A,b05e410,2,c4e2f6f,50000000,100000,2,1,plan,f64 sum,46.649,33.116,33.444,3.950,4.173,12
A,b05e410,2,c4e2f6f,50000000,100000,2,1,plan,f64 mean,45.950,33.093,33.982,3.905,5.182,12
A,b05e410,2,b05e410,50000000,1000000,1,0,array,f64 sum,30.080,17.686,17.976,1.371,1.422,23
A,b05e410,2,b05e410,50000000,1000000,1,0,array,f64 mean,27.475,18.017,18.384,1.515,1.978,22
A,b05e410,2,b05e410,50000000,1000000,1,0,array,float32 sum (control),55.302,43.598,44.210,2.246,3.259,10
A,b05e410,2,b05e410,50000000,1000000,1,0,plan,f64 sum,40.757,22.127,22.310,2.778,2.898,17
A,b05e410,2,b05e410,50000000,1000000,1,0,plan,f64 mean,38.556,22.117,22.638,2.891,3.293,18
A,b05e410,2,b05e410,50000000,1000000,1,0,plan,float32 sum (control),38.058,14.324,14.512,4.530,4.629,27
A,b05e410,2,b05e410,50000000,1000000,2,0,array,f64 sum,27.394,19.141,19.626,2.833,3.491,21
A,b05e410,2,b05e410,50000000,1000000,2,0,array,f64 mean,30.958,18.965,19.161,2.537,2.748,21
A,b05e410,2,b05e410,50000000,1000000,2,0,plan,f64 sum,33.757,23.039,23.294,3.611,3.747,17
A,b05e410,2,b05e410,50000000,1000000,2,0,plan,f64 mean,44.371,23.469,28.378,4.244,8.795,15
A,b05e410,2,b05e410,50000000,1000000,1,1,array,f64 sum,27.549,16.679,16.867,1.251,1.376,24
A,b05e410,2,b05e410,50000000,1000000,1,1,array,f64 mean,26.567,16.760,16.913,1.301,1.435,24
A,b05e410,2,b05e410,50000000,1000000,1,1,plan,f64 sum,37.868,21.133,21.590,2.865,3.470,19
A,b05e410,2,b05e410,50000000,1000000,1,1,plan,f64 mean,33.467,21.101,21.627,2.870,3.331,19
A,b05e410,2,b05e410,50000000,1000000,2,1,array,f64 sum,30.241,17.586,17.842,2.241,2.458,23
A,b05e410,2,b05e410,50000000,1000000,2,1,array,f64 mean,31.243,17.682,17.815,2.264,2.472,23
A,b05e410,2,b05e410,50000000,1000000,2,1,plan,f64 sum,36.111,21.915,22.078,3.589,3.700,18
A,b05e410,2,b05e410,50000000,1000000,2,1,plan,f64 mean,45.654,22.014,22.802,3.847,4.557,18
A,b05e410,2,c4e2f6f,50000000,1000000,1,0,array,f64 sum,54.337,43.664,43.844,2.336,2.578,10
A,b05e410,2,c4e2f6f,50000000,1000000,1,0,array,f64 mean,53.818,43.722,43.864,2.245,2.471,10
A,b05e410,2,c4e2f6f,50000000,1000000,1,0,array,float32 sum (control),57.630,43.615,43.908,2.455,2.564,10
A,b05e410,2,c4e2f6f,50000000,1000000,1,0,plan,f64 sum,71.892,49.176,52.083,5.161,7.739,8
A,b05e410,2,c4e2f6f,50000000,1000000,1,0,plan,f64 mean,65.518,47.935,48.322,3.617,3.928,9
A,b05e410,2,c4e2f6f,50000000,1000000,1,0,plan,float32 sum (control),29.060,14.037,14.479,4.480,4.632,27
A,b05e410,2,c4e2f6f,50000000,1000000,2,0,array,f64 sum,72.060,44.352,44.459,3.213,3.279,9
A,b05e410,2,c4e2f6f,50000000,1000000,2,0,array,f64 mean,58.856,45.009,45.549,3.975,4.731,9
A,b05e410,2,c4e2f6f,50000000,1000000,2,0,plan,f64 sum,65.940,48.587,48.877,4.487,4.607,9
A,b05e410,2,c4e2f6f,50000000,1000000,2,0,plan,f64 mean,67.452,48.785,49.002,4.459,4.578,9
A,b05e410,2,c4e2f6f,50000000,1000000,1,1,array,f64 sum,57.914,44.230,44.331,2.293,2.347,10
A,b05e410,2,c4e2f6f,50000000,1000000,1,1,array,f64 mean,56.227,44.452,44.617,2.432,2.505,9
A,b05e410,2,c4e2f6f,50000000,1000000,1,1,plan,f64 sum,68.464,49.054,52.418,4.359,7.385,8
A,b05e410,2,c4e2f6f,50000000,1000000,1,1,plan,f64 mean,68.551,49.134,52.715,4.157,7.225,8
A,b05e410,2,c4e2f6f,50000000,1000000,2,1,array,f64 sum,54.261,45.304,45.369,3.240,3.315,9
A,b05e410,2,c4e2f6f,50000000,1000000,2,1,array,f64 mean,54.517,45.819,46.275,4.104,4.388,9
A,b05e410,2,c4e2f6f,50000000,1000000,2,1,plan,f64 sum,64.594,51.727,54.320,6.444,9.175,8
A,b05e410,2,c4e2f6f,50000000,1000000,2,1,plan,f64 mean,69.513,50.952,54.246,5.921,9.051,8
A,b05e410,2,b05e410,50000000,rows/2,1,0,array,f64 sum,208.062,197.045,197.084,7.333,7.338,3
A,b05e410,2,b05e410,50000000,rows/2,1,0,array,f64 mean,206.718,196.769,197.023,7.166,7.188,3
A,b05e410,2,b05e410,50000000,rows/2,1,0,array,float32 sum (control),301.478,288.165,288.291,8.762,9.043,3
A,b05e410,2,b05e410,50000000,rows/2,1,0,plan,f64 sum,273.755,242.559,242.569,17.569,17.762,3
A,b05e410,2,b05e410,50000000,rows/2,1,0,plan,f64 mean,273.004,242.362,242.948,17.344,17.607,3
A,b05e410,2,b05e410,50000000,rows/2,1,0,plan,float32 sum (control),248.184,211.383,212.837,54.618,55.794,3
A,b05e410,2,b05e410,50000000,rows/2,2,0,array,f64 sum,225.313,212.473,212.492,13.416,13.449,3
A,b05e410,2,b05e410,50000000,rows/2,2,0,array,f64 mean,221.435,209.419,209.581,9.776,9.830,3
A,b05e410,2,b05e410,50000000,rows/2,2,0,plan,f64 sum,287.554,258.773,258.813,20.039,20.361,3
A,b05e410,2,b05e410,50000000,rows/2,2,0,plan,f64 mean,278.363,258.831,258.981,20.367,20.428,3
A,b05e410,2,b05e410,50000000,rows/2,1,1,array,f64 sum,198.651,190.526,190.645,7.258,7.288,3
A,b05e410,2,b05e410,50000000,rows/2,1,1,array,f64 mean,199.224,190.766,190.835,7.542,7.700,3
A,b05e410,2,b05e410,50000000,rows/2,1,1,plan,f64 sum,255.609,235.788,236.130,17.599,17.652,3
A,b05e410,2,b05e410,50000000,rows/2,1,1,plan,f64 mean,260.680,236.108,236.665,17.777,17.825,3
A,b05e410,2,b05e410,50000000,rows/2,2,1,array,f64 sum,220.985,202.749,202.877,9.774,9.827,3
A,b05e410,2,b05e410,50000000,rows/2,2,1,array,f64 mean,220.483,202.918,203.772,10.113,11.253,3
A,b05e410,2,b05e410,50000000,rows/2,2,1,plan,f64 sum,275.289,251.694,251.969,20.084,20.268,3
A,b05e410,2,b05e410,50000000,rows/2,2,1,plan,f64 mean,284.273,252.005,252.218,20.182,20.277,3
A,b05e410,2,c4e2f6f,50000000,rows/2,1,0,array,f64 sum,290.924,283.668,283.822,8.600,8.654,3
A,b05e410,2,c4e2f6f,50000000,rows/2,1,0,array,f64 mean,296.717,285.807,286.056,8.681,8.977,3
A,b05e410,2,c4e2f6f,50000000,rows/2,1,0,array,float32 sum (control),295.988,286.177,286.551,8.418,8.699,3
A,b05e410,2,c4e2f6f,50000000,rows/2,1,0,plan,f64 sum,365.413,328.725,328.932,18.569,18.577,3
A,b05e410,2,c4e2f6f,50000000,rows/2,1,0,plan,f64 mean,347.860,330.377,330.608,18.642,18.970,3
A,b05e410,2,c4e2f6f,50000000,rows/2,1,0,plan,float32 sum (control),221.333,209.944,211.273,56.038,56.068,3
A,b05e410,2,c4e2f6f,50000000,rows/2,2,0,array,f64 sum,307.297,295.917,296.249,11.112,11.174,3
A,b05e410,2,c4e2f6f,50000000,rows/2,2,0,array,f64 mean,306.233,298.135,298.194,11.215,11.289,3
A,b05e410,2,c4e2f6f,50000000,rows/2,2,0,plan,f64 sum,366.355,344.213,344.628,21.601,22.014,3
A,b05e410,2,c4e2f6f,50000000,rows/2,2,0,plan,f64 mean,370.496,345.443,348.440,21.260,21.322,3
A,b05e410,2,c4e2f6f,50000000,rows/2,1,1,array,f64 sum,296.402,286.132,286.497,8.863,8.904,3
A,b05e410,2,c4e2f6f,50000000,rows/2,1,1,array,f64 mean,312.940,290.069,290.400,11.278,12.046,3
A,b05e410,2,c4e2f6f,50000000,rows/2,1,1,plan,f64 sum,348.225,330.710,331.276,18.658,19.142,3
A,b05e410,2,c4e2f6f,50000000,rows/2,1,1,plan,f64 mean,370.881,332.252,332.724,18.646,18.837,3
A,b05e410,2,c4e2f6f,50000000,rows/2,2,1,array,f64 sum,316.092,298.160,298.877,11.325,11.585,3
A,b05e410,2,c4e2f6f,50000000,rows/2,2,1,array,f64 mean,314.721,299.945,300.093,11.188,11.239,3
A,b05e410,2,c4e2f6f,50000000,rows/2,2,1,plan,f64 sum,380.763,348.173,350.067,21.540,22.070,3
A,b05e410,2,c4e2f6f,50000000,rows/2,2,1,plan,f64 mean,366.378,349.407,349.527,21.069,21.319,3
A,b05e410,3,c4e2f6f,2000000,200,1,0,array,f64 sum,3.384,2.733,2.772,1.443,1.467,30
A,b05e410,3,c4e2f6f,2000000,200,1,0,array,f64 mean,3.417,2.780,2.855,1.435,1.529,30
A,b05e410,3,c4e2f6f,2000000,200,1,0,array,float32 sum (control),5.620,2.958,3.238,1.651,1.932,30
A,b05e410,3,c4e2f6f,2000000,200,1,0,plan,f64 sum,7.966,4.643,5.107,2.769,3.400,30
A,b05e410,3,c4e2f6f,2000000,200,1,0,plan,f64 mean,6.138,4.270,4.394,2.258,2.442,30
A,b05e410,3,c4e2f6f,2000000,200,1,0,plan,float32 sum (control),4.883,3.336,3.507,2.056,2.255,30
A,b05e410,3,c4e2f6f,2000000,200,2,0,array,f64 sum,4.748,3.076,3.198,1.899,2.002,30
A,b05e410,3,c4e2f6f,2000000,200,2,0,array,f64 mean,5.219,3.286,3.385,2.117,2.227,30
A,b05e410,3,c4e2f6f,2000000,200,2,0,plan,f64 sum,6.680,4.721,5.503,2.938,3.721,30
A,b05e410,3,c4e2f6f,2000000,200,2,0,plan,f64 mean,9.153,5.052,5.446,3.261,3.691,30
A,b05e410,3,c4e2f6f,2000000,200,1,1,array,f64 sum,6.130,3.030,3.199,1.737,1.899,30
A,b05e410,3,c4e2f6f,2000000,200,1,1,array,f64 mean,3.714,3.087,3.189,1.730,1.840,30
A,b05e410,3,c4e2f6f,2000000,200,1,1,plan,f64 sum,6.794,4.254,4.554,2.281,2.530,30
A,b05e410,3,c4e2f6f,2000000,200,1,1,plan,f64 mean,7.693,4.707,4.914,2.726,2.935,30
A,b05e410,3,c4e2f6f,2000000,200,2,1,array,f64 sum,6.339,3.673,3.851,2.612,2.771,30
A,b05e410,3,c4e2f6f,2000000,200,2,1,array,f64 mean,6.598,3.695,3.887,2.580,2.787,30
A,b05e410,3,c4e2f6f,2000000,200,2,1,plan,f64 sum,8.287,4.679,4.816,2.745,2.864,30
A,b05e410,3,c4e2f6f,2000000,200,2,1,plan,f64 mean,7.480,5.189,5.478,3.276,3.723,30
A,b05e410,3,b05e410,2000000,200,1,0,array,f64 sum,2.424,1.528,1.658,1.144,1.293,30
A,b05e410,3,b05e410,2000000,200,1,0,array,f64 mean,3.015,1.375,1.466,1.030,1.112,30
A,b05e410,3,b05e410,2000000,200,1,0,array,float32 sum (control),4.598,3.105,3.294,1.791,1.986,30
A,b05e410,3,b05e410,2000000,200,1,0,plan,f64 sum,7.938,3.220,3.432,2.311,2.521,30
A,b05e410,3,b05e410,2000000,200,1,0,plan,f64 mean,4.951,3.189,3.369,2.326,2.489,30
A,b05e410,3,b05e410,2000000,200,1,0,plan,float32 sum (control),5.893,3.379,3.612,2.214,2.444,30
A,b05e410,3,b05e410,2000000,200,2,0,array,f64 sum,5.175,2.117,2.203,1.979,2.111,30
A,b05e410,3,b05e410,2000000,200,2,0,array,f64 mean,3.535,1.877,2.031,1.695,1.852,30
A,b05e410,3,b05e410,2000000,200,2,0,plan,f64 sum,4.457,3.353,3.570,2.427,2.705,30
A,b05e410,3,b05e410,2000000,200,2,0,plan,f64 mean,7.261,3.529,3.751,2.776,2.948,30
A,b05e410,3,b05e410,2000000,200,1,1,array,f64 sum,3.515,1.633,1.797,1.209,1.356,30
A,b05e410,3,b05e410,2000000,200,1,1,array,f64 mean,3.983,1.432,1.764,1.064,1.351,30
A,b05e410,3,b05e410,2000000,200,1,1,plan,f64 sum,4.614,3.305,3.567,2.392,2.628,30
A,b05e410,3,b05e410,2000000,200,1,1,plan,f64 mean,6.796,3.178,3.400,2.297,2.466,30
A,b05e410,3,b05e410,2000000,200,2,1,array,f64 sum,3.286,1.844,2.006,1.586,1.742,30
A,b05e410,3,b05e410,2000000,200,2,1,array,f64 mean,5.091,2.048,2.369,1.822,2.078,30
A,b05e410,3,b05e410,2000000,200,2,1,plan,f64 sum,7.527,3.520,3.695,2.677,2.805,30
A,b05e410,3,b05e410,2000000,200,2,1,plan,f64 mean,7.446,3.805,4.000,2.941,3.094,30
A,b05e410,3,c4e2f6f,2000000,10000,1,0,array,f64 sum,6.884,5.003,5.466,2.314,2.538,30
A,b05e410,3,c4e2f6f,2000000,10000,1,0,array,f64 mean,7.009,4.263,5.229,2.207,2.397,30
A,b05e410,3,c4e2f6f,2000000,10000,1,0,array,float32 sum (control),6.110,5.234,5.498,2.290,2.487,30
A,b05e410,3,c4e2f6f,2000000,10000,1,0,plan,f64 sum,8.958,6.282,6.767,3.213,3.684,30
A,b05e410,3,c4e2f6f,2000000,10000,1,0,plan,f64 mean,8.793,5.880,6.324,2.960,3.227,30
A,b05e410,3,c4e2f6f,2000000,10000,1,0,plan,float32 sum (control),4.559,3.007,3.214,2.147,2.363,30
A,b05e410,3,c4e2f6f,2000000,10000,2,0,array,f64 sum,7.214,5.490,5.815,2.719,3.045,30
A,b05e410,3,c4e2f6f,2000000,10000,2,0,array,f64 mean,7.802,5.538,5.762,2.796,2.950,30
A,b05e410,3,c4e2f6f,2000000,10000,2,0,plan,f64 sum,8.176,6.597,6.985,3.571,3.937,30
A,b05e410,3,c4e2f6f,2000000,10000,2,0,plan,f64 mean,10.688,6.850,7.099,3.787,4.055,30
A,b05e410,3,c4e2f6f,2000000,10000,1,1,array,f64 sum,6.698,4.426,5.272,2.186,2.489,30
A,b05e410,3,c4e2f6f,2000000,10000,1,1,array,f64 mean,6.885,2.176,2.474,1.851,1.966,30
A,b05e410,3,c4e2f6f,2000000,10000,1,1,plan,f64 sum,7.642,6.243,6.402,2.884,3.056,30
A,b05e410,3,c4e2f6f,2000000,10000,1,1,plan,f64 mean,9.677,5.958,6.488,2.938,3.193,30
A,b05e410,3,c4e2f6f,2000000,10000,2,1,array,f64 sum,8.361,5.942,6.334,3.051,3.478,30
A,b05e410,3,c4e2f6f,2000000,10000,2,1,array,f64 mean,7.173,4.596,5.401,2.632,2.900,30
A,b05e410,3,c4e2f6f,2000000,10000,2,1,plan,f64 sum,10.768,6.744,6.938,3.537,3.732,30
A,b05e410,3,c4e2f6f,2000000,10000,2,1,plan,f64 mean,8.067,6.406,6.785,3.121,3.566,30
A,b05e410,3,b05e410,2000000,10000,1,0,array,f64 sum,4.087,2.954,3.282,1.358,1.743,30
A,b05e410,3,b05e410,2000000,10000,1,0,array,f64 mean,4.178,2.777,3.005,1.218,1.327,30
A,b05e410,3,b05e410,2000000,10000,1,0,array,float32 sum (control),6.586,3.998,5.225,1.898,2.307,30
A,b05e410,3,b05e410,2000000,10000,1,0,plan,f64 sum,6.256,4.110,4.345,2.400,2.523,30
A,b05e410,3,b05e410,2000000,10000,1,0,plan,f64 mean,7.256,4.072,4.351,2.349,2.732,30
A,b05e410,3,b05e410,2000000,10000,1,0,plan,float32 sum (control),5.180,3.307,3.497,2.433,2.668,30
A,b05e410,3,b05e410,2000000,10000,2,0,array,f64 sum,5.078,3.272,3.762,1.907,2.505,30
A,b05e410,3,b05e410,2000000,10000,2,0,array,f64 mean,3.369,3.027,3.264,1.703,1.835,30
A,b05e410,3,b05e410,2000000,10000,2,0,plan,f64 sum,8.417,4.548,4.681,2.939,3.118,30
A,b05e410,3,b05e410,2000000,10000,2,0,plan,f64 mean,7.246,4.560,4.796,2.955,3.278,30
A,b05e410,3,b05e410,2000000,10000,1,1,array,f64 sum,4.087,2.595,2.745,1.197,1.266,30
A,b05e410,3,b05e410,2000000,10000,1,1,array,f64 mean,4.329,1.744,2.625,1.101,1.245,30
A,b05e410,3,b05e410,2000000,10000,1,1,plan,f64 sum,7.554,3.829,4.110,2.242,2.503,30
A,b05e410,3,b05e410,2000000,10000,1,1,plan,f64 mean,5.346,3.685,4.066,2.115,2.467,30
A,b05e410,3,b05e410,2000000,10000,2,1,array,f64 sum,4.709,3.321,3.526,2.034,2.319,30
A,b05e410,3,b05e410,2000000,10000,2,1,array,f64 mean,5.177,3.132,3.287,1.913,2.074,30
A,b05e410,3,b05e410,2000000,10000,2,1,plan,f64 sum,7.862,4.375,4.718,2.916,3.338,30
A,b05e410,3,b05e410,2000000,10000,2,1,plan,f64 mean,7.541,4.134,4.589,2.645,3.201,30
A,b05e410,3,c4e2f6f,2000000,100000,1,0,array,f64 sum,12.207,3.440,3.760,1.664,1.761,30
A,b05e410,3,c4e2f6f,2000000,100000,1,0,array,f64 mean,11.366,4.165,4.880,1.750,2.202,30
A,b05e410,3,c4e2f6f,2000000,100000,1,0,array,float32 sum (control),13.686,4.483,4.630,2.026,2.112,30
A,b05e410,3,c4e2f6f,2000000,100000,1,0,plan,f64 sum,15.029,4.453,4.964,2.513,2.633,30
A,b05e410,3,c4e2f6f,2000000,100000,1,0,plan,f64 mean,15.186,5.374,6.300,2.976,3.537,30
A,b05e410,3,c4e2f6f,2000000,100000,1,0,plan,float32 sum (control),7.301,3.317,3.678,2.384,2.811,30
A,b05e410,3,c4e2f6f,2000000,100000,2,0,array,f64 sum,13.662,5.205,5.747,2.434,2.611,30
A,b05e410,3,c4e2f6f,2000000,100000,2,0,array,f64 mean,14.866,4.682,5.059,2.701,2.970,30
A,b05e410,3,c4e2f6f,2000000,100000,2,0,plan,f64 sum,15.041,6.168,7.488,3.367,3.547,30
A,b05e410,3,c4e2f6f,2000000,100000,2,0,plan,f64 mean,17.561,5.371,6.106,3.123,3.432,30
A,b05e410,3,c4e2f6f,2000000,100000,1,1,array,f64 sum,11.217,4.565,4.864,2.143,2.289,30
A,b05e410,3,c4e2f6f,2000000,100000,1,1,array,f64 mean,14.148,4.855,5.191,2.158,2.403,30
A,b05e410,3,c4e2f6f,2000000,100000,1,1,plan,f64 sum,16.641,4.678,5.393,3.054,3.339,30
A,b05e410,3,c4e2f6f,2000000,100000,1,1,plan,f64 mean,15.749,5.891,6.648,2.904,3.222,30
A,b05e410,3,c4e2f6f,2000000,100000,2,1,array,f64 sum,13.794,5.384,5.934,2.738,2.978,30
A,b05e410,3,c4e2f6f,2000000,100000,2,1,array,f64 mean,15.269,4.050,4.669,2.412,2.554,30
A,b05e410,3,c4e2f6f,2000000,100000,2,1,plan,f64 sum,15.975,5.787,6.251,3.330,3.610,30
A,b05e410,3,c4e2f6f,2000000,100000,2,1,plan,f64 mean,14.807,6.326,8.612,3.608,4.192,30
A,b05e410,3,b05e410,2000000,100000,1,0,array,f64 sum,5.719,3.234,4.021,1.201,1.289,30
A,b05e410,3,b05e410,2000000,100000,1,0,array,f64 mean,5.791,4.151,4.452,1.382,1.765,30
A,b05e410,3,b05e410,2000000,100000,1,0,array,float32 sum (control),13.909,4.436,5.251,2.048,2.377,30
A,b05e410,3,b05e410,2000000,100000,1,0,plan,f64 sum,7.682,5.518,6.471,2.632,3.830,30
A,b05e410,3,b05e410,2000000,100000,1,0,plan,f64 mean,8.533,5.273,5.466,2.339,2.478,30
A,b05e410,3,b05e410,2000000,100000,1,0,plan,float32 sum (control),7.484,3.338,3.504,2.379,2.575,30
A,b05e410,3,b05e410,2000000,100000,2,0,array,f64 sum,5.968,4.805,4.981,2.263,2.534,30
A,b05e410,3,b05e410,2000000,100000,2,0,array,f64 mean,5.383,4.514,4.892,2.197,2.445,30
A,b05e410,3,b05e410,2000000,100000,2,0,plan,f64 sum,7.322,6.272,6.368,3.481,3.614,30
A,b05e410,3,b05e410,2000000,100000,2,0,plan,f64 mean,8.674,5.925,6.020,3.171,3.245,30
A,b05e410,3,b05e410,2000000,100000,1,1,array,f64 sum,5.605,3.324,4.131,1.313,1.760,30
A,b05e410,3,b05e410,2000000,100000,1,1,array,f64 mean,5.953,4.011,4.306,1.493,1.764,30
A,b05e410,3,b05e410,2000000,100000,1,1,plan,f64 sum,6.188,5.159,5.341,2.399,2.530,30
A,b05e410,3,b05e410,2000000,100000,1,1,plan,f64 mean,6.845,5.373,5.755,2.579,2.914,30
A,b05e410,3,b05e410,2000000,100000,2,1,array,f64 sum,4.639,4.295,4.500,2.107,2.286,30
A,b05e410,3,b05e410,2000000,100000,2,1,array,f64 mean,7.359,3.759,4.279,1.913,2.214,30
A,b05e410,3,b05e410,2000000,100000,2,1,plan,f64 sum,8.053,5.738,5.938,3.112,3.291,30
A,b05e410,3,b05e410,2000000,100000,2,1,plan,f64 mean,7.210,5.246,5.511,2.715,2.895,30
A,b05e410,3,c4e2f6f,2000000,1000000,1,0,array,f64 sum,15.977,6.667,6.754,1.731,1.829,30
A,b05e410,3,c4e2f6f,2000000,1000000,1,0,array,f64 mean,18.515,7.196,7.371,2.225,2.456,30
A,b05e410,3,c4e2f6f,2000000,1000000,1,0,array,float32 sum (control),15.278,7.156,7.318,2.206,2.446,30
A,b05e410,3,c4e2f6f,2000000,1000000,1,0,plan,f64 sum,24.639,8.485,8.903,3.751,4.068,30
A,b05e410,3,c4e2f6f,2000000,1000000,1,0,plan,f64 mean,21.830,8.181,8.856,3.282,3.998,30
A,b05e410,3,c4e2f6f,2000000,1000000,1,0,plan,float32 sum (control),12.909,4.906,6.760,4.618,5.013,30
A,b05e410,3,c4e2f6f,2000000,1000000,2,0,array,f64 sum,18.912,7.493,7.779,2.805,3.167,30
A,b05e410,3,c4e2f6f,2000000,1000000,2,0,array,f64 mean,22.568,7.598,7.851,2.808,3.142,30
A,b05e410,3,c4e2f6f,2000000,1000000,2,0,plan,f64 sum,21.242,8.239,8.952,3.480,4.269,30
A,b05e410,3,c4e2f6f,2000000,1000000,2,0,plan,f64 mean,27.632,8.743,8.909,3.918,4.112,30
A,b05e410,3,c4e2f6f,2000000,1000000,1,1,array,f64 sum,17.433,6.846,6.992,1.968,2.141,30
A,b05e410,3,c4e2f6f,2000000,1000000,1,1,array,f64 mean,16.876,7.146,7.650,2.169,2.892,30
A,b05e410,3,c4e2f6f,2000000,1000000,1,1,plan,f64 sum,25.569,8.007,8.297,3.222,3.542,30
A,b05e410,3,c4e2f6f,2000000,1000000,1,1,plan,f64 mean,26.041,8.054,8.256,2.999,3.245,30
A,b05e410,3,c4e2f6f,2000000,1000000,2,1,array,f64 sum,19.178,7.473,7.733,2.809,3.122,30
A,b05e410,3,c4e2f6f,2000000,1000000,2,1,array,f64 mean,19.430,7.619,7.794,2.816,3.053,30
A,b05e410,3,c4e2f6f,2000000,1000000,2,1,plan,f64 sum,22.079,8.755,9.161,4.023,4.605,30
A,b05e410,3,c4e2f6f,2000000,1000000,2,1,plan,f64 mean,26.042,8.610,8.858,3.772,4.041,30
A,b05e410,3,b05e410,2000000,1000000,1,0,array,f64 sum,11.723,2.891,2.938,0.942,0.974,30
A,b05e410,3,b05e410,2000000,1000000,1,0,array,f64 mean,11.822,3.017,3.068,0.985,1.082,30
A,b05e410,3,b05e410,2000000,1000000,1,0,array,float32 sum (control),23.364,7.131,7.287,2.178,2.357,30
A,b05e410,3,b05e410,2000000,1000000,1,0,plan,f64 sum,14.092,5.909,6.440,2.387,2.566,30
A,b05e410,3,b05e410,2000000,1000000,1,0,plan,f64 mean,16.752,6.368,7.073,2.798,3.098,30
A,b05e410,3,b05e410,2000000,1000000,1,0,plan,float32 sum (control),7.562,5.970,6.265,4.349,4.573,30
A,b05e410,3,b05e410,2000000,1000000,2,0,array,f64 sum,13.117,5.105,5.582,2.147,2.489,30
A,b05e410,3,b05e410,2000000,1000000,2,0,array,f64 mean,14.153,4.394,4.817,1.640,1.927,30
A,b05e410,3,b05e410,2000000,1000000,2,0,plan,f64 sum,20.625,7.266,8.972,3.161,3.639,30
A,b05e410,3,b05e410,2000000,1000000,2,0,plan,f64 mean,16.175,6.613,8.935,3.150,3.423,30
A,b05e410,3,b05e410,2000000,1000000,1,1,array,f64 sum,12.154,2.960,3.597,1.081,1.401,30
A,b05e410,3,b05e410,2000000,1000000,1,1,array,f64 mean,13.017,3.382,3.690,1.187,1.289,30
A,b05e410,3,b05e410,2000000,1000000,1,1,plan,f64 sum,17.883,5.321,8.663,2.592,3.649,30
A,b05e410,3,b05e410,2000000,1000000,1,1,plan,f64 mean,14.972,6.387,8.391,2.932,3.342,30
A,b05e410,3,b05e410,2000000,1000000,2,1,array,f64 sum,11.459,4.242,4.429,1.685,1.904,30
A,b05e410,3,b05e410,2000000,1000000,2,1,array,f64 mean,13.146,4.146,5.266,1.857,2.495,30
A,b05e410,3,b05e410,2000000,1000000,2,1,plan,f64 sum,16.409,6.519,7.876,3.099,3.397,30
A,b05e410,3,b05e410,2000000,1000000,2,1,plan,f64 mean,20.974,6.595,8.377,2.994,3.335,30
A,b05e410,3,c4e2f6f,2000000,rows/2,1,0,array,f64 sum,18.033,6.832,7.527,1.941,2.904,30
A,b05e410,3,c4e2f6f,2000000,rows/2,1,0,array,f64 mean,25.994,7.072,7.590,2.168,2.797,30
A,b05e410,3,c4e2f6f,2000000,rows/2,1,0,array,float32 sum (control),18.088,6.981,7.305,2.045,2.355,30
A,b05e410,3,c4e2f6f,2000000,rows/2,1,0,plan,f64 sum,29.274,8.204,8.699,3.424,3.870,30
A,b05e410,3,c4e2f6f,2000000,rows/2,1,0,plan,f64 mean,23.677,8.213,9.320,3.160,4.208,30
A,b05e410,3,c4e2f6f,2000000,rows/2,1,0,plan,float32 sum (control),11.032,6.201,7.192,4.557,5.282,30
A,b05e410,3,c4e2f6f,2000000,rows/2,2,0,array,f64 sum,23.021,7.501,8.114,2.804,3.642,30
A,b05e410,3,c4e2f6f,2000000,rows/2,2,0,array,f64 mean,19.705,7.624,7.898,2.821,3.246,30
A,b05e410,3,c4e2f6f,2000000,rows/2,2,0,plan,f64 sum,21.468,8.850,9.120,4.161,4.502,30
A,b05e410,3,c4e2f6f,2000000,rows/2,2,0,plan,f64 mean,25.689,8.938,9.240,4.173,4.389,30
A,b05e410,3,c4e2f6f,2000000,rows/2,1,1,array,f64 sum,18.821,6.759,6.899,1.880,1.998,30
A,b05e410,3,c4e2f6f,2000000,rows/2,1,1,array,f64 mean,18.083,6.945,7.531,1.931,2.759,30
A,b05e410,3,c4e2f6f,2000000,rows/2,1,1,plan,f64 sum,28.113,8.487,8.728,3.757,4.047,30
A,b05e410,3,c4e2f6f,2000000,rows/2,1,1,plan,f64 mean,22.725,8.016,8.339,3.046,3.408,30
A,b05e410,3,c4e2f6f,2000000,rows/2,2,1,array,f64 sum,20.640,7.460,7.775,2.770,3.114,30
A,b05e410,3,c4e2f6f,2000000,rows/2,2,1,array,f64 mean,21.867,7.634,8.104,2.823,3.158,30
A,b05e410,3,c4e2f6f,2000000,rows/2,2,1,plan,f64 sum,25.093,8.132,8.752,3.351,4.068,30
A,b05e410,3,c4e2f6f,2000000,rows/2,2,1,plan,f64 mean,25.550,9.124,9.374,4.406,4.657,30
A,b05e410,3,b05e410,2000000,rows/2,1,0,array,f64 sum,12.427,3.698,4.037,1.360,1.798,30
A,b05e410,3,b05e410,2000000,rows/2,1,0,array,f64 mean,13.434,3.894,4.353,1.291,1.544,30
A,b05e410,3,b05e410,2000000,rows/2,1,0,array,float32 sum (control),18.829,7.156,7.438,2.221,2.555,30
A,b05e410,3,b05e410,2000000,rows/2,1,0,plan,f64 sum,20.146,6.806,7.752,3.184,3.582,30
A,b05e410,3,b05e410,2000000,rows/2,1,0,plan,f64 mean,19.972,4.951,5.498,2.625,2.800,30
A,b05e410,3,b05e410,2000000,rows/2,1,0,plan,float32 sum (control),8.337,5.822,6.127,4.182,4.385,30
A,b05e410,3,b05e410,2000000,rows/2,2,0,array,f64 sum,14.273,4.162,5.230,1.911,2.534,30
A,b05e410,3,b05e410,2000000,rows/2,2,0,array,f64 mean,14.714,4.209,4.452,1.573,1.705,30
A,b05e410,3,b05e410,2000000,rows/2,2,0,plan,f64 sum,14.408,6.190,7.278,3.021,3.249,30
A,b05e410,3,b05e410,2000000,rows/2,2,0,plan,f64 mean,20.796,7.381,8.282,3.004,3.759,30
A,b05e410,3,b05e410,2000000,rows/2,1,1,array,f64 sum,11.895,3.380,3.593,1.228,1.342,30
A,b05e410,3,b05e410,2000000,rows/2,1,1,array,f64 mean,13.242,4.000,4.581,1.349,1.802,30
A,b05e410,3,b05e410,2000000,rows/2,1,1,plan,f64 sum,14.553,3.941,6.473,2.019,2.797,30
A,b05e410,3,b05e410,2000000,rows/2,1,1,plan,f64 mean,14.901,6.060,6.682,2.398,2.575,30
A,b05e410,3,b05e410,2000000,rows/2,2,1,array,f64 sum,14.467,4.650,5.090,1.997,2.442,30
A,b05e410,3,b05e410,2000000,rows/2,2,1,array,f64 mean,13.401,5.142,5.371,2.136,2.500,30
A,b05e410,3,b05e410,2000000,rows/2,2,1,plan,f64 sum,13.156,5.436,7.558,2.927,3.638,30
A,b05e410,3,b05e410,2000000,rows/2,2,1,plan,f64 mean,21.337,5.470,8.051,3.032,3.710,30
A,b05e410,3,c4e2f6f,10000000,200,1,0,array,f64 sum,10.401,3.704,4.286,1.826,1.904,30
A,b05e410,3,c4e2f6f,10000000,200,1,0,array,f64 mean,10.542,4.551,5.283,2.007,2.448,30
A,b05e410,3,c4e2f6f,10000000,200,1,0,array,float32 sum (control),10.381,4.665,5.322,2.012,2.484,30
A,b05e410,3,c4e2f6f,10000000,200,1,0,plan,f64 sum,13.837,6.378,6.992,2.599,2.886,30
A,b05e410,3,c4e2f6f,10000000,200,1,0,plan,f64 mean,13.961,5.261,6.383,2.891,3.744,30
A,b05e410,3,c4e2f6f,10000000,200,1,0,plan,float32 sum (control),7.454,6.000,7.449,2.648,3.622,30
A,b05e410,3,c4e2f6f,10000000,200,2,0,array,f64 sum,11.932,4.244,5.019,2.612,3.126,30
A,b05e410,3,c4e2f6f,10000000,200,2,0,array,f64 mean,11.557,5.643,7.834,2.890,3.305,30
A,b05e410,3,c4e2f6f,10000000,200,2,0,plan,f64 sum,15.012,7.610,8.472,3.687,4.376,30
A,b05e410,3,c4e2f6f,10000000,200,2,0,plan,f64 mean,14.577,6.171,6.636,3.315,3.572,30
A,b05e410,3,c4e2f6f,10000000,200,1,1,array,f64 sum,9.349,3.517,3.936,1.823,1.934,30
A,b05e410,3,c4e2f6f,10000000,200,1,1,array,f64 mean,10.193,4.040,4.767,2.004,2.441,30
A,b05e410,3,c4e2f6f,10000000,200,1,1,plan,f64 sum,12.247,4.185,4.985,2.379,2.539,30
A,b05e410,3,c4e2f6f,10000000,200,1,1,plan,f64 mean,11.241,4.866,5.401,2.435,2.584,30
A,b05e410,3,c4e2f6f,10000000,200,2,1,array,f64 sum,10.425,7.201,8.042,2.860,3.816,30
A,b05e410,3,c4e2f6f,10000000,200,2,1,array,f64 mean,11.323,4.790,5.543,2.868,3.196,30
A,b05e410,3,c4e2f6f,10000000,200,2,1,plan,f64 sum,15.694,5.907,6.430,2.997,3.168,30
A,b05e410,3,c4e2f6f,10000000,200,2,1,plan,f64 mean,15.359,7.033,7.679,3.682,3.982,30
A,b05e410,3,b05e410,10000000,200,1,0,array,f64 sum,4.461,3.618,4.103,1.301,1.384,30
A,b05e410,3,b05e410,10000000,200,1,0,array,f64 mean,4.447,3.894,4.222,1.341,1.405,30
A,b05e410,3,b05e410,10000000,200,1,0,array,float32 sum (control),9.577,3.414,3.783,1.794,1.845,30
A,b05e410,3,b05e410,10000000,200,1,0,plan,f64 sum,7.655,4.389,6.284,2.176,2.653,30
A,b05e410,3,b05e410,10000000,200,1,0,plan,f64 mean,10.187,4.205,8.373,2.103,3.486,30
A,b05e410,3,b05e410,10000000,200,1,0,plan,float32 sum (control),7.311,3.064,3.431,1.746,1.788,30
A,b05e410,3,b05e410,10000000,200,2,0,array,f64 sum,7.156,5.726,6.050,2.573,2.989,30
A,b05e410,3,b05e410,10000000,200,2,0,array,f64 mean,8.331,4.313,4.812,2.248,2.419,30
A,b05e410,3,b05e410,10000000,200,2,0,plan,f64 sum,12.864,8.404,9.328,3.420,3.786,30
A,b05e410,3,b05e410,10000000,200,2,0,plan,f64 mean,8.266,8.689,9.411,3.413,3.792,30
A,b05e410,3,b05e410,10000000,200,1,1,array,f64 sum,4.652,2.535,3.028,1.159,1.327,30
A,b05e410,3,b05e410,10000000,200,1,1,array,f64 mean,5.704,2.712,4.181,1.214,1.354,30
A,b05e410,3,b05e410,10000000,200,1,1,plan,f64 sum,8.372,3.951,4.353,2.049,2.136,30
A,b05e410,3,b05e410,10000000,200,1,1,plan,f64 mean,7.833,4.084,4.361,2.129,2.285,30
A,b05e410,3,b05e410,10000000,200,2,1,array,f64 sum,5.934,4.488,4.880,2.234,2.307,30
A,b05e410,3,b05e410,10000000,200,2,1,array,f64 mean,6.476,3.955,5.284,2.194,2.361,30
A,b05e410,3,b05e410,10000000,200,2,1,plan,f64 sum,8.211,7.490,8.741,3.111,3.430,30
A,b05e410,3,b05e410,10000000,200,2,1,plan,f64 mean,8.785,6.709,8.206,3.066,3.235,30
A,b05e410,3,c4e2f6f,10000000,10000,1,0,array,f64 sum,14.953,5.442,5.632,2.006,2.093,30
A,b05e410,3,c4e2f6f,10000000,10000,1,0,array,f64 mean,16.498,5.542,6.028,2.003,2.188,30
A,b05e410,3,c4e2f6f,10000000,10000,1,0,array,float32 sum (control),13.913,5.352,5.665,2.179,2.329,30
A,b05e410,3,c4e2f6f,10000000,10000,1,0,plan,f64 sum,19.147,7.244,8.285,3.102,3.405,30
A,b05e410,3,c4e2f6f,10000000,10000,1,0,plan,f64 mean,19.778,7.211,8.284,3.010,3.556,30
A,b05e410,3,c4e2f6f,10000000,10000,1,0,plan,float32 sum (control),13.140,6.156,7.665,2.595,3.304,30
A,b05e410,3,c4e2f6f,10000000,10000,2,0,array,f64 sum,13.642,6.256,6.606,2.798,3.034,30
A,b05e410,3,c4e2f6f,10000000,10000,2,0,array,f64 mean,16.729,6.333,6.558,3.059,3.306,30
A,b05e410,3,c4e2f6f,10000000,10000,2,0,plan,f64 sum,22.140,7.690,8.256,3.443,4.096,30
A,b05e410,3,c4e2f6f,10000000,10000,2,0,plan,f64 mean,21.212,7.638,7.937,3.575,3.745,30
A,b05e410,3,c4e2f6f,10000000,10000,1,1,array,f64 sum,16.598,5.662,6.065,2.220,2.429,30
A,b05e410,3,c4e2f6f,10000000,10000,1,1,array,f64 mean,15.324,5.643,6.143,2.241,2.735,30
A,b05e410,3,c4e2f6f,10000000,10000,1,1,plan,f64 sum,18.654,7.809,8.416,3.473,4.164,30
A,b05e410,3,c4e2f6f,10000000,10000,1,1,plan,f64 mean,14.571,6.356,6.679,2.599,2.687,30
A,b05e410,3,c4e2f6f,10000000,10000,2,1,array,f64 sum,17.238,6.305,6.499,3.083,3.287,30
A,b05e410,3,c4e2f6f,10000000,10000,2,1,array,f64 mean,17.764,6.147,6.538,2.970,3.312,30
A,b05e410,3,c4e2f6f,10000000,10000,2,1,plan,f64 sum,16.871,8.169,8.412,3.835,3.964,30
A,b05e410,3,c4e2f6f,10000000,10000,2,1,plan,f64 mean,17.525,7.471,8.520,3.576,3.822,30
A,b05e410,3,b05e410,10000000,10000,1,0,array,f64 sum,11.154,2.977,3.291,1.317,1.558,30
A,b05e410,3,b05e410,10000000,10000,1,0,array,f64 mean,11.163,2.930,3.110,1.202,1.312,30
A,b05e410,3,b05e410,10000000,10000,1,0,array,float32 sum (control),13.676,5.427,5.620,2.184,2.249,30
A,b05e410,3,b05e410,10000000,10000,1,0,plan,f64 sum,13.479,4.709,5.385,2.260,2.418,30
A,b05e410,3,b05e410,10000000,10000,1,0,plan,f64 mean,12.784,4.906,5.339,1.928,2.380,30
A,b05e410,3,b05e410,10000000,10000,1,0,plan,float32 sum (control),12.154,7.677,8.348,2.927,3.685,30
A,b05e410,3,b05e410,10000000,10000,2,0,array,f64 sum,11.902,4.370,4.932,2.125,2.412,30
A,b05e410,3,b05e410,10000000,10000,2,0,array,f64 mean,12.699,4.825,5.361,2.375,2.601,30
A,b05e410,3,b05e410,10000000,10000,2,0,plan,f64 sum,18.372,5.031,6.012,3.241,3.801,30
A,b05e410,3,b05e410,10000000,10000,2,0,plan,f64 mean,16.956,5.286,5.708,2.530,2.778,30
A,b05e410,3,b05e410,10000000,10000,1,1,array,f64 sum,10.560,2.510,2.586,1.063,1.148,30
A,b05e410,3,b05e410,10000000,10000,1,1,array,f64 mean,11.376,3.836,4.265,1.460,1.794,30
A,b05e410,3,b05e410,10000000,10000,1,1,plan,f64 sum,14.687,6.143,7.340,2.800,3.504,30
A,b05e410,3,b05e410,10000000,10000,1,1,plan,f64 mean,15.608,5.094,5.882,2.277,2.555,30
A,b05e410,3,b05e410,10000000,10000,2,1,array,f64 sum,10.231,3.760,4.072,1.800,1.998,30
A,b05e410,3,b05e410,10000000,10000,2,1,array,f64 mean,11.315,3.561,4.026,1.997,2.113,30
A,b05e410,3,b05e410,10000000,10000,2,1,plan,f64 sum,17.679,6.995,8.340,3.110,3.927,30
A,b05e410,3,b05e410,10000000,10000,2,1,plan,f64 mean,15.832,4.871,5.286,3.244,3.471,30
A,b05e410,3,c4e2f6f,10000000,100000,1,0,array,f64 sum,25.079,6.573,6.752,2.281,2.398,30
A,b05e410,3,c4e2f6f,10000000,100000,1,0,array,f64 mean,17.292,6.626,6.720,2.236,2.337,30
A,b05e410,3,c4e2f6f,10000000,100000,1,0,array,float32 sum (control),19.008,6.295,6.413,2.030,2.101,30
A,b05e410,3,c4e2f6f,10000000,100000,1,0,plan,f64 sum,22.997,7.597,8.045,2.946,3.207,30
A,b05e410,3,c4e2f6f,10000000,100000,1,0,plan,f64 mean,23.378,7.934,8.457,3.119,3.436,30
A,b05e410,3,c4e2f6f,10000000,100000,1,0,plan,float32 sum (control),11.424,4.618,6.348,2.759,3.389,30
A,b05e410,3,c4e2f6f,10000000,100000,2,0,array,f64 sum,20.519,7.141,7.676,3.149,3.449,30
A,b05e410,3,c4e2f6f,10000000,100000,2,0,array,f64 mean,21.925,7.212,7.579,3.094,3.221,30
A,b05e410,3,c4e2f6f,10000000,100000,2,0,plan,f64 sum,27.324,8.681,9.087,4.040,4.234,30
A,b05e410,3,c4e2f6f,10000000,100000,2,0,plan,f64 mean,25.410,8.373,8.739,3.901,4.176,30
A,b05e410,3,c4e2f6f,10000000,100000,1,1,array,f64 sum,19.209,6.520,6.745,2.197,2.330,30
A,b05e410,3,c4e2f6f,10000000,100000,1,1,array,f64 mean,22.721,6.567,7.027,2.243,2.856,30
A,b05e410,3,c4e2f6f,10000000,100000,1,1,plan,f64 sum,29.743,7.915,8.235,3.335,3.756,30
A,b05e410,3,c4e2f6f,10000000,100000,1,1,plan,f64 mean,18.161,7.672,7.889,2.931,3.189,30
A,b05e410,3,c4e2f6f,10000000,100000,2,1,array,f64 sum,22.226,7.165,7.526,3.147,3.440,30
A,b05e410,3,c4e2f6f,10000000,100000,2,1,array,f64 mean,22.430,7.134,7.555,3.073,3.335,30
A,b05e410,3,c4e2f6f,10000000,100000,2,1,plan,f64 sum,28.509,8.286,8.477,3.762,4.046,30
A,b05e410,3,c4e2f6f,10000000,100000,2,1,plan,f64 mean,21.896,8.959,9.854,3.814,4.693,30
A,b05e410,3,b05e410,10000000,100000,1,0,array,f64 sum,12.923,3.170,3.218,1.193,1.251,30
A,b05e410,3,b05e410,10000000,100000,1,0,array,f64 mean,12.065,3.113,3.185,1.118,1.170,30
A,b05e410,3,b05e410,10000000,100000,1,0,array,float32 sum (control),15.891,6.437,6.678,2.289,2.437,30
A,b05e410,3,b05e410,10000000,100000,1,0,plan,f64 sum,17.891,5.563,5.914,2.096,2.539,30
A,b05e410,3,b05e410,10000000,100000,1,0,plan,f64 mean,19.430,6.495,7.097,2.101,2.812,30
A,b05e410,3,b05e410,10000000,100000,1,0,plan,float32 sum (control),13.710,5.798,8.049,2.301,2.773,30
A,b05e410,3,b05e410,10000000,100000,2,0,array,f64 sum,13.544,3.985,4.402,2.249,2.425,30
A,b05e410,3,b05e410,10000000,100000,2,0,array,f64 mean,15.353,4.294,4.557,1.921,2.048,30
A,b05e410,3,b05e410,10000000,100000,2,0,plan,f64 sum,17.059,7.378,9.201,3.292,3.733,30
A,b05e410,3,b05e410,10000000,100000,2,0,plan,f64 mean,17.855,8.591,9.243,3.917,4.386,30
A,b05e410,3,b05e410,10000000,100000,1,1,array,f64 sum,12.460,3.868,4.421,1.275,1.655,30
A,b05e410,3,b05e410,10000000,100000,1,1,array,f64 mean,12.607,3.015,3.428,1.254,1.688,30
A,b05e410,3,b05e410,10000000,100000,1,1,plan,f64 sum,15.431,4.985,7.749,2.151,3.749,30
A,b05e410,3,b05e410,10000000,100000,1,1,plan,f64 mean,13.736,4.689,7.648,2.050,3.511,30
A,b05e410,3,b05e410,10000000,100000,2,1,array,f64 sum,12.327,5.319,6.427,2.614,3.238,30
A,b05e410,3,b05e410,10000000,100000,2,1,array,f64 mean,12.866,4.659,4.967,2.020,2.379,30
A,b05e410,3,b05e410,10000000,100000,2,1,plan,f64 sum,16.445,5.941,6.468,2.909,3.087,30
A,b05e410,3,b05e410,10000000,100000,2,1,plan,f64 mean,18.355,6.366,7.336,3.084,3.259,30
A,b05e410,3,c4e2f6f,10000000,1000000,1,0,array,f64 sum,25.714,11.784,12.327,2.417,3.069,30
A,b05e410,3,c4e2f6f,10000000,1000000,1,0,array,f64 mean,25.112,11.990,12.441,2.417,3.064,30
A,b05e410,3,c4e2f6f,10000000,1000000,1,0,array,float32 sum (control),27.411,12.061,12.477,2.523,3.064,30
A,b05e410,3,c4e2f6f,10000000,1000000,1,0,plan,f64 sum,28.466,13.106,13.238,3.116,3.242,30
A,b05e410,3,c4e2f6f,10000000,1000000,1,0,plan,f64 mean,29.426,13.199,13.474,3.131,3.341,29
A,b05e410,3,c4e2f6f,10000000,1000000,1,0,plan,float32 sum (control),19.274,5.229,5.749,3.900,4.039,30
A,b05e410,3,c4e2f6f,10000000,1000000,2,0,array,f64 sum,25.168,11.956,12.109,2.781,2.924,30
A,b05e410,3,c4e2f6f,10000000,1000000,2,0,array,f64 mean,19.798,12.295,12.572,3.044,3.365,30
A,b05e410,3,c4e2f6f,10000000,1000000,2,0,plan,f64 sum,38.121,13.478,14.359,3.713,4.676,28
A,b05e410,3,c4e2f6f,10000000,1000000,2,0,plan,f64 mean,24.301,14.080,14.743,4.204,4.998,27
A,b05e410,3,c4e2f6f,10000000,1000000,1,1,array,f64 sum,22.705,11.777,11.931,2.043,2.167,30
A,b05e410,3,c4e2f6f,10000000,1000000,1,1,array,f64 mean,24.396,11.955,12.113,2.175,2.289,30
A,b05e410,3,c4e2f6f,10000000,1000000,1,1,plan,f64 sum,47.424,13.230,13.869,3.144,3.753,29
A,b05e410,3,c4e2f6f,10000000,1000000,1,1,plan,f64 mean,30.022,13.511,13.917,3.417,3.743,29
A,b05e410,3,c4e2f6f,10000000,1000000,2,1,array,f64 sum,23.332,12.326,12.839,3.040,3.719,30
A,b05e410,3,c4e2f6f,10000000,1000000,2,1,array,f64 mean,27.675,12.710,13.149,3.389,3.956,30
A,b05e410,3,c4e2f6f,10000000,1000000,2,1,plan,f64 sum,37.757,14.546,15.338,4.788,5.617,26
A,b05e410,3,c4e2f6f,10000000,1000000,2,1,plan,f64 mean,43.545,13.738,14.341,3.752,4.325,28
A,b05e410,3,b05e410,10000000,1000000,1,0,array,f64 sum,17.060,5.664,5.864,1.058,1.258,30
A,b05e410,3,b05e410,10000000,1000000,1,0,array,f64 mean,19.742,5.860,5.974,1.310,1.407,30
A,b05e410,3,b05e410,10000000,1000000,1,0,array,float32 sum (control),25.359,12.004,12.397,2.530,3.008,30
A,b05e410,3,b05e410,10000000,1000000,1,0,plan,f64 sum,28.472,8.354,8.783,2.821,3.120,30
A,b05e410,3,b05e410,10000000,1000000,1,0,plan,f64 mean,27.673,7.879,10.669,2.509,3.911,30
A,b05e410,3,b05e410,10000000,1000000,1,0,plan,float32 sum (control),18.367,5.336,9.300,3.995,5.748,30
A,b05e410,3,b05e410,10000000,1000000,2,0,array,f64 sum,17.695,6.644,7.486,2.384,2.693,30
A,b05e410,3,b05e410,10000000,1000000,2,0,array,f64 mean,15.766,6.453,6.585,2.262,2.402,30
A,b05e410,3,b05e410,10000000,1000000,2,0,plan,f64 sum,29.947,7.839,11.228,3.049,4.743,30
A,b05e410,3,b05e410,10000000,1000000,2,0,plan,f64 mean,29.146,7.747,12.059,2.999,4.556,30
A,b05e410,3,b05e410,10000000,1000000,1,1,array,f64 sum,16.486,5.684,5.795,1.359,1.447,30
A,b05e410,3,b05e410,10000000,1000000,1,1,array,f64 mean,15.814,5.747,5.839,1.392,1.494,30
A,b05e410,3,b05e410,10000000,1000000,1,1,plan,f64 sum,27.879,7.173,10.842,2.423,3.835,30
A,b05e410,3,b05e410,10000000,1000000,1,1,plan,f64 mean,30.032,7.079,7.403,2.358,2.552,30
A,b05e410,3,b05e410,10000000,1000000,2,1,array,f64 sum,20.897,6.214,6.428,2.229,2.412,30
A,b05e410,3,b05e410,10000000,1000000,2,1,array,f64 mean,17.791,6.380,7.521,2.236,2.844,30
A,b05e410,3,b05e410,10000000,1000000,2,1,plan,f64 sum,29.656,7.511,8.249,3.015,3.230,30
A,b05e410,3,b05e410,10000000,1000000,2,1,plan,f64 mean,23.468,7.634,10.637,3.065,4.105,30
A,b05e410,3,c4e2f6f,10000000,rows/2,1,0,array,f64 sum,46.357,33.193,33.765,2.857,3.805,12
A,b05e410,3,c4e2f6f,10000000,rows/2,1,0,array,f64 mean,45.572,33.075,33.242,2.311,2.434,12
A,b05e410,3,c4e2f6f,10000000,rows/2,1,0,array,float32 sum (control),61.462,33.097,33.203,2.215,2.332,13
A,b05e410,3,c4e2f6f,10000000,rows/2,1,0,plan,f64 sum,64.401,38.222,38.605,5.068,5.300,11
A,b05e410,3,c4e2f6f,10000000,rows/2,1,0,plan,f64 mean,53.320,38.573,38.945,4.981,5.131,11
A,b05e410,3,c4e2f6f,10000000,rows/2,1,0,plan,float32 sum (control),42.345,17.160,18.824,11.041,11.507,21
A,b05e410,3,c4e2f6f,10000000,rows/2,2,0,array,f64 sum,48.822,35.375,35.870,4.086,4.643,12
A,b05e410,3,c4e2f6f,10000000,rows/2,2,0,array,f64 mean,50.037,35.740,36.425,4.013,5.154,11
A,b05e410,3,c4e2f6f,10000000,rows/2,2,0,plan,f64 sum,66.341,40.703,40.990,5.691,5.909,10
A,b05e410,3,c4e2f6f,10000000,rows/2,2,0,plan,f64 mean,63.766,40.944,41.356,5.679,5.789,10
A,b05e410,3,c4e2f6f,10000000,rows/2,1,1,array,f64 sum,47.742,32.655,32.796,2.294,2.486,13
A,b05e410,3,c4e2f6f,10000000,rows/2,1,1,array,f64 mean,45.839,33.075,33.324,2.355,2.587,12
A,b05e410,3,c4e2f6f,10000000,rows/2,1,1,plan,f64 sum,53.909,38.292,39.367,4.999,6.042,11
A,b05e410,3,c4e2f6f,10000000,rows/2,1,1,plan,f64 mean,56.067,38.650,38.980,5.076,5.283,11
A,b05e410,3,c4e2f6f,10000000,rows/2,2,1,array,f64 sum,45.867,34.642,34.827,3.192,3.363,12
A,b05e410,3,c4e2f6f,10000000,rows/2,2,1,array,f64 mean,47.925,35.075,35.460,3.194,3.657,12
A,b05e410,3,c4e2f6f,10000000,rows/2,2,1,plan,f64 sum,69.137,40.957,41.227,5.852,6.078,10
A,b05e410,3,c4e2f6f,10000000,rows/2,2,1,plan,f64 mean,86.068,41.034,41.460,5.677,6.057,10
A,b05e410,3,b05e410,10000000,rows/2,1,0,array,f64 sum,28.343,16.362,16.541,1.239,1.387,24
A,b05e410,3,b05e410,10000000,rows/2,1,0,array,f64 mean,26.124,16.608,17.003,1.512,2.017,24
A,b05e410,3,b05e410,10000000,rows/2,1,0,array,float32 sum (control),44.490,33.657,34.421,3.102,3.947,12
A,b05e410,3,b05e410,10000000,rows/2,1,0,plan,f64 sum,47.851,22.030,22.314,4.082,4.316,18
A,b05e410,3,b05e410,10000000,rows/2,1,0,plan,f64 mean,38.830,22.036,22.353,4.134,4.295,18
A,b05e410,3,b05e410,10000000,rows/2,1,0,plan,float32 sum (control),43.765,18.068,19.429,11.325,11.792,20
A,b05e410,3,b05e410,10000000,rows/2,2,0,array,f64 sum,30.753,16.869,17.051,2.116,2.341,24
A,b05e410,3,b05e410,10000000,rows/2,2,0,array,f64 mean,31.533,16.822,17.303,2.152,2.734,23
A,b05e410,3,b05e410,10000000,rows/2,2,0,plan,f64 sum,39.936,23.037,23.302,4.829,5.011,17
A,b05e410,3,b05e410,10000000,rows/2,2,0,plan,f64 mean,51.535,23.029,23.222,4.862,4.934,17
A,b05e410,3,b05e410,10000000,rows/2,1,1,array,f64 sum,28.090,15.876,16.034,1.474,1.658,25
A,b05e410,3,b05e410,10000000,rows/2,1,1,array,f64 mean,29.407,15.604,15.821,1.163,1.309,26
A,b05e410,3,b05e410,10000000,rows/2,1,1,plan,f64 sum,41.831,21.403,21.598,4.233,4.326,19
A,b05e410,3,b05e410,10000000,rows/2,1,1,plan,f64 mean,39.663,21.344,21.539,4.175,4.246,19
A,b05e410,3,b05e410,10000000,rows/2,2,1,array,f64 sum,31.754,16.540,16.749,2.571,2.880,24
A,b05e410,3,b05e410,10000000,rows/2,2,1,array,f64 mean,28.971,16.625,17.459,2.781,3.735,24
A,b05e410,3,b05e410,10000000,rows/2,2,1,plan,f64 sum,47.297,22.311,22.652,4.847,4.997,18
A,b05e410,3,b05e410,10000000,rows/2,2,1,plan,f64 mean,38.779,22.240,22.535,4.844,4.975,18
A,b05e410,3,c4e2f6f,50000000,200,1,0,array,f64 sum,23.522,12.898,13.144,1.931,2.099,30
A,b05e410,3,c4e2f6f,50000000,200,1,0,array,f64 mean,21.496,12.742,13.009,1.720,1.953,30
A,b05e410,3,c4e2f6f,50000000,200,1,0,array,float32 sum (control),22.626,12.712,12.961,1.730,1.917,30
A,b05e410,3,c4e2f6f,50000000,200,1,0,plan,f64 sum,37.965,14.873,15.289,2.576,3.155,27
A,b05e410,3,c4e2f6f,50000000,200,1,0,plan,f64 mean,25.976,15.104,15.815,3.217,4.057,26
A,b05e410,3,c4e2f6f,50000000,200,1,0,plan,float32 sum (control),19.435,6.808,7.703,2.579,3.396,30
A,b05e410,3,c4e2f6f,50000000,200,2,0,array,f64 sum,30.066,14.499,14.923,2.885,3.205,27
A,b05e410,3,c4e2f6f,50000000,200,2,0,array,f64 mean,27.299,14.703,14.990,2.887,3.330,27
A,b05e410,3,c4e2f6f,50000000,200,2,0,plan,f64 sum,36.675,16.710,17.083,3.726,4.127,24
A,b05e410,3,c4e2f6f,50000000,200,2,0,plan,f64 mean,30.883,16.886,17.851,4.172,5.387,23
A,b05e410,3,c4e2f6f,50000000,200,1,1,array,f64 sum,25.994,12.768,13.128,1.895,2.292,30
A,b05e410,3,c4e2f6f,50000000,200,1,1,array,f64 mean,27.056,12.886,13.190,2.116,2.507,30
A,b05e410,3,c4e2f6f,50000000,200,1,1,plan,f64 sum,33.372,15.102,15.723,3.175,4.041,26
A,b05e410,3,c4e2f6f,50000000,200,1,1,plan,f64 mean,27.488,15.204,15.774,3.181,4.067,26
A,b05e410,3,c4e2f6f,50000000,200,2,1,array,f64 sum,26.554,14.691,15.186,3.127,3.663,27
A,b05e410,3,c4e2f6f,50000000,200,2,1,array,f64 mean,25.788,14.469,14.724,2.860,3.065,28
A,b05e410,3,c4e2f6f,50000000,200,2,1,plan,f64 sum,36.902,16.792,17.792,4.203,5.396,23
A,b05e410,3,c4e2f6f,50000000,200,2,1,plan,f64 mean,30.732,16.324,16.710,3.429,3.783,24
A,b05e410,3,b05e410,50000000,200,1,0,array,f64 sum,15.150,5.618,5.820,1.457,1.620,30
A,b05e410,3,b05e410,50000000,200,1,0,array,f64 mean,15.887,5.534,5.892,1.365,1.760,30
A,b05e410,3,b05e410,50000000,200,1,0,array,float32 sum (control),24.565,12.834,13.001,1.745,1.998,30
A,b05e410,3,b05e410,50000000,200,1,0,plan,f64 sum,16.981,7.770,8.013,2.191,2.374,30
A,b05e410,3,b05e410,50000000,200,1,0,plan,f64 mean,14.388,7.817,7.973,2.239,2.374,30
A,b05e410,3,b05e410,50000000,200,1,0,plan,float32 sum (control),15.352,6.674,7.062,2.305,2.406,30
A,b05e410,3,b05e410,50000000,200,2,0,array,f64 sum,13.092,7.248,7.361,2.258,2.363,30
A,b05e410,3,b05e410,50000000,200,2,0,array,f64 mean,18.624,7.198,7.384,2.213,2.318,30
A,b05e410,3,b05e410,50000000,200,2,0,plan,f64 sum,17.410,9.659,9.850,3.251,3.456,30
A,b05e410,3,b05e410,50000000,200,2,0,plan,f64 mean,23.466,9.608,9.900,3.182,3.579,30
A,b05e410,3,b05e410,50000000,200,1,1,array,f64 sum,14.955,5.914,6.025,1.380,1.521,30
A,b05e410,3,b05e410,50000000,200,1,1,array,f64 mean,13.951,5.760,5.840,1.222,1.284,30
A,b05e410,3,b05e410,50000000,200,1,1,plan,f64 sum,18.799,8.264,8.389,2.430,2.533,30
A,b05e410,3,b05e410,50000000,200,1,1,plan,f64 mean,24.926,8.049,8.612,2.161,2.896,30
A,b05e410,3,b05e410,50000000,200,2,1,array,f64 sum,19.227,7.525,7.810,2.433,2.606,30
A,b05e410,3,b05e410,50000000,200,2,1,array,f64 mean,18.201,7.544,7.834,2.411,2.545,30
A,b05e410,3,b05e410,50000000,200,2,1,plan,f64 sum,23.333,9.935,10.300,3.356,3.762,30
A,b05e410,3,b05e410,50000000,200,2,1,plan,f64 mean,23.065,10.045,10.322,3.351,3.650,30
A,b05e410,3,c4e2f6f,50000000,10000,1,0,array,f64 sum,38.417,26.256,26.539,2.017,2.460,16
A,b05e410,3,c4e2f6f,50000000,10000,1,0,array,f64 mean,51.064,26.388,26.624,2.305,2.624,16
A,b05e410,3,c4e2f6f,50000000,10000,1,0,array,float32 sum (control),33.638,25.301,25.657,1.876,2.138,16
A,b05e410,3,c4e2f6f,50000000,10000,1,0,plan,f64 sum,42.579,30.304,30.601,3.891,4.231,14
A,b05e410,3,c4e2f6f,50000000,10000,1,0,plan,f64 mean,43.504,29.331,29.817,2.663,3.037,14
A,b05e410,3,c4e2f6f,50000000,10000,1,0,plan,float32 sum (control),35.208,12.292,12.807,2.973,3.751,30
A,b05e410,3,c4e2f6f,50000000,10000,2,0,array,f64 sum,52.171,27.649,28.019,2.817,3.055,15
A,b05e410,3,c4e2f6f,50000000,10000,2,0,array,f64 mean,39.517,27.690,27.850,2.754,2.825,15
A,b05e410,3,c4e2f6f,50000000,10000,2,0,plan,f64 sum,43.998,31.724,32.215,4.245,5.053,13
A,b05e410,3,c4e2f6f,50000000,10000,2,0,plan,f64 mean,41.056,31.030,31.214,3.416,3.522,13
A,b05e410,3,c4e2f6f,50000000,10000,1,1,array,f64 sum,37.595,26.631,26.982,1.835,2.057,15
A,b05e410,3,c4e2f6f,50000000,10000,1,1,array,f64 mean,37.131,27.029,27.194,2.438,2.591,15
A,b05e410,3,c4e2f6f,50000000,10000,1,1,plan,f64 sum,43.210,29.945,30.259,2.574,2.675,14
A,b05e410,3,c4e2f6f,50000000,10000,1,1,plan,f64 mean,42.113,30.500,31.134,3.051,4.151,13
A,b05e410,3,c4e2f6f,50000000,10000,2,1,array,f64 sum,39.152,28.326,28.492,2.760,3.096,14
A,b05e410,3,c4e2f6f,50000000,10000,2,1,array,f64 mean,42.571,28.346,28.784,3.003,3.255,14
A,b05e410,3,c4e2f6f,50000000,10000,2,1,plan,f64 sum,44.706,32.335,32.742,4.299,4.883,13
A,b05e410,3,c4e2f6f,50000000,10000,2,1,plan,f64 mean,44.122,31.755,32.021,3.521,3.744,13
A,b05e410,3,b05e410,50000000,10000,1,0,array,f64 sum,26.073,11.283,11.619,1.457,1.839,30
A,b05e410,3,b05e410,50000000,10000,1,0,array,f64 mean,26.016,11.199,11.339,1.308,1.473,30
A,b05e410,3,b05e410,50000000,10000,1,0,array,float32 sum (control),34.346,25.535,25.892,2.177,2.542,16
A,b05e410,3,b05e410,50000000,10000,1,0,plan,f64 sum,30.489,15.144,15.793,2.706,3.642,26
A,b05e410,3,b05e410,50000000,10000,1,0,plan,f64 mean,24.518,15.187,15.401,2.736,3.046,26
A,b05e410,3,b05e410,50000000,10000,1,0,plan,float32 sum (control),28.574,11.647,12.009,2.198,2.584,30
A,b05e410,3,b05e410,50000000,10000,2,0,array,f64 sum,26.710,13.058,13.600,2.610,3.154,30
A,b05e410,3,b05e410,50000000,10000,2,0,array,f64 mean,32.233,12.982,13.527,2.446,3.096,30
A,b05e410,3,b05e410,50000000,10000,2,0,plan,f64 sum,31.494,16.685,17.425,3.441,4.563,24
A,b05e410,3,b05e410,50000000,10000,2,0,plan,f64 mean,32.993,16.387,16.783,3.100,3.493,24
A,b05e410,3,b05e410,50000000,10000,1,1,array,f64 sum,31.046,10.354,10.553,1.227,1.439,30
A,b05e410,3,b05e410,50000000,10000,1,1,array,f64 mean,30.587,10.468,10.782,1.447,1.720,30
A,b05e410,3,b05e410,50000000,10000,1,1,plan,f64 sum,29.780,14.452,14.979,2.936,3.615,27
A,b05e410,3,b05e410,50000000,10000,1,1,plan,f64 mean,26.895,13.967,14.456,2.215,2.841,28
A,b05e410,3,b05e410,50000000,10000,2,1,array,f64 sum,24.635,12.194,12.332,2.426,2.551,30
A,b05e410,3,b05e410,50000000,10000,2,1,array,f64 mean,24.420,12.013,12.240,2.160,2.459,30
A,b05e410,3,b05e410,50000000,10000,2,1,plan,f64 sum,43.086,16.096,16.831,3.668,4.740,24
A,b05e410,3,b05e410,50000000,10000,2,1,plan,f64 mean,27.797,15.679,15.999,3.235,3.521,25
A,b05e410,3,c4e2f6f,50000000,100000,1,0,array,f64 sum,39.016,28.159,28.490,2.857,3.172,15
A,b05e410,3,c4e2f6f,50000000,100000,1,0,array,f64 mean,44.481,28.006,28.155,2.366,2.605,15
A,b05e410,3,c4e2f6f,50000000,100000,1,0,array,float32 sum (control),38.748,27.421,27.738,2.610,3.069,15
A,b05e410,3,c4e2f6f,50000000,100000,1,0,plan,f64 sum,42.941,32.280,32.844,3.780,4.955,13
A,b05e410,3,c4e2f6f,50000000,100000,1,0,plan,f64 mean,44.035,31.435,31.719,3.065,3.256,13
A,b05e410,3,c4e2f6f,50000000,100000,1,0,plan,float32 sum (control),25.461,11.180,11.438,2.738,2.990,30
A,b05e410,3,c4e2f6f,50000000,100000,2,0,array,f64 sum,45.457,29.284,29.925,3.605,4.360,14
A,b05e410,3,c4e2f6f,50000000,100000,2,0,array,f64 mean,45.149,29.066,29.349,3.172,3.615,14
A,b05e410,3,c4e2f6f,50000000,100000,2,0,plan,f64 sum,42.107,33.501,34.454,5.223,6.372,12
A,b05e410,3,c4e2f6f,50000000,100000,2,0,plan,f64 mean,52.360,33.277,34.017,4.644,5.601,12
A,b05e410,3,c4e2f6f,50000000,100000,1,1,array,f64 sum,36.321,28.273,28.406,2.204,2.287,15
A,b05e410,3,c4e2f6f,50000000,100000,1,1,array,f64 mean,43.260,28.321,28.505,2.134,2.436,15
A,b05e410,3,c4e2f6f,50000000,100000,1,1,plan,f64 sum,49.871,32.334,32.574,3.620,4.072,13
A,b05e410,3,c4e2f6f,50000000,100000,1,1,plan,f64 mean,47.564,31.991,32.368,3.181,3.642,13
A,b05e410,3,c4e2f6f,50000000,100000,2,1,array,f64 sum,41.026,29.407,29.691,3.168,3.301,14
A,b05e410,3,c4e2f6f,50000000,100000,2,1,array,f64 mean,44.575,29.846,30.428,3.836,4.519,14
A,b05e410,3,c4e2f6f,50000000,100000,2,1,plan,f64 sum,64.163,33.049,33.203,3.934,3.979,12
A,b05e410,3,c4e2f6f,50000000,100000,2,1,plan,f64 mean,48.084,33.614,34.989,4.654,6.483,12
A,b05e410,3,b05e410,50000000,100000,1,0,array,f64 sum,23.850,12.007,12.142,1.213,1.294,30
A,b05e410,3,b05e410,50000000,100000,1,0,array,f64 mean,24.015,12.242,12.539,1.463,1.885,30
A,b05e410,3,b05e410,50000000,100000,1,0,array,float32 sum (control),36.533,27.401,27.612,2.563,3.053,15
A,b05e410,3,b05e410,50000000,100000,1,0,plan,f64 sum,29.432,15.821,16.596,2.301,3.220,25
A,b05e410,3,b05e410,50000000,100000,1,0,plan,f64 mean,25.559,15.687,15.834,2.224,2.313,26
A,b05e410,3,b05e410,50000000,100000,1,0,plan,float32 sum (control),22.987,10.918,11.019,2.431,2.517,30
A,b05e410,3,b05e410,50000000,100000,2,0,array,f64 sum,24.703,13.613,14.030,2.610,3.248,29
A,b05e410,3,b05e410,50000000,100000,2,0,array,f64 mean,25.134,13.370,13.584,2.333,2.618,30
A,b05e410,3,b05e410,50000000,100000,2,0,plan,f64 sum,44.912,17.324,17.747,3.544,4.198,23
A,b05e410,3,b05e410,50000000,100000,2,0,plan,f64 mean,34.728,17.508,18.604,3.826,5.330,22
A,b05e410,3,b05e410,50000000,100000,1,1,array,f64 sum,23.675,11.277,11.376,1.251,1.349,30
A,b05e410,3,b05e410,50000000,100000,1,1,array,f64 mean,25.361,11.509,11.746,1.555,1.877,30
A,b05e410,3,b05e410,50000000,100000,1,1,plan,f64 sum,29.361,15.247,16.589,2.657,4.270,25
A,b05e410,3,b05e410,50000000,100000,1,1,plan,f64 mean,30.742,15.101,15.613,2.392,3.067,26
A,b05e410,3,b05e410,50000000,100000,2,1,array,f64 sum,22.438,12.772,13.226,2.646,3.255,30
A,b05e410,3,b05e410,50000000,100000,2,1,array,f64 mean,25.697,12.659,13.120,2.458,3.024,30
A,b05e410,3,b05e410,50000000,100000,2,1,plan,f64 sum,32.198,16.951,17.797,4.113,5.235,23
A,b05e410,3,b05e410,50000000,100000,2,1,plan,f64 mean,24.956,16.336,17.091,3.225,4.301,24
A,b05e410,3,c4e2f6f,50000000,1000000,1,0,array,f64 sum,71.946,43.499,43.568,2.281,2.343,10
A,b05e410,3,c4e2f6f,50000000,1000000,1,0,array,f64 mean,53.980,43.667,43.941,2.302,2.614,10
A,b05e410,3,c4e2f6f,50000000,1000000,1,0,array,float32 sum (control),51.708,43.789,44.189,2.523,2.801,9
A,b05e410,3,c4e2f6f,50000000,1000000,1,0,plan,f64 sum,67.737,49.545,52.784,5.597,8.439,8
A,b05e410,3,c4e2f6f,50000000,1000000,1,0,plan,f64 mean,63.359,51.641,53.731,7.189,9.384,8
A,b05e410,3,c4e2f6f,50000000,1000000,1,0,plan,float32 sum (control),45.783,13.922,14.465,4.538,4.657,27
A,b05e410,3,c4e2f6f,50000000,1000000,2,0,array,f64 sum,82.327,44.378,44.581,3.239,3.336,9
A,b05e410,3,c4e2f6f,50000000,1000000,2,0,array,f64 mean,56.849,45.006,45.271,3.850,4.356,9
A,b05e410,3,c4e2f6f,50000000,1000000,2,0,plan,f64 sum,63.184,48.541,48.842,4.442,4.568,9
A,b05e410,3,c4e2f6f,50000000,1000000,2,0,plan,f64 mean,92.324,49.160,51.326,4.938,7.013,8
A,b05e410,3,c4e2f6f,50000000,1000000,1,1,array,f64 sum,54.632,44.171,44.297,2.202,2.364,10
A,b05e410,3,c4e2f6f,50000000,1000000,1,1,array,f64 mean,56.350,44.316,44.415,2.264,2.331,10
A,b05e410,3,c4e2f6f,50000000,1000000,1,1,plan,f64 sum,65.089,48.485,48.775,3.662,4.041,9
A,b05e410,3,c4e2f6f,50000000,1000000,1,1,plan,f64 mean,63.589,49.806,53.164,5.211,8.095,8
A,b05e410,3,c4e2f6f,50000000,1000000,2,1,array,f64 sum,59.620,45.159,45.268,3.245,3.368,9
A,b05e410,3,c4e2f6f,50000000,1000000,2,1,array,f64 mean,57.882,45.171,45.356,3.223,3.352,9
A,b05e410,3,c4e2f6f,50000000,1000000,2,1,plan,f64 sum,68.405,50.938,51.766,6.297,6.991,8
A,b05e410,3,c4e2f6f,50000000,1000000,2,1,plan,f64 mean,93.320,51.107,53.764,6.515,8.456,8
A,b05e410,3,b05e410,50000000,1000000,1,0,array,f64 sum,28.720,17.829,17.920,1.283,1.365,23
A,b05e410,3,b05e410,50000000,1000000,1,0,array,f64 mean,26.826,17.883,18.023,1.318,1.455,23
A,b05e410,3,b05e410,50000000,1000000,1,0,array,float32 sum (control),53.745,43.626,43.785,2.414,2.482,10
A,b05e410,3,b05e410,50000000,1000000,1,0,plan,f64 sum,39.260,22.110,22.527,2.789,3.195,18
A,b05e410,3,b05e410,50000000,1000000,1,0,plan,f64 mean,34.837,22.197,22.468,2.876,3.166,18
A,b05e410,3,b05e410,50000000,1000000,1,0,plan,float32 sum (control),28.082,14.124,14.430,4.493,4.652,27
A,b05e410,3,b05e410,50000000,1000000,2,0,array,f64 sum,28.151,18.783,18.963,2.280,2.556,22
A,b05e410,3,b05e410,50000000,1000000,2,0,array,f64 mean,27.636,18.707,18.838,2.251,2.352,22
A,b05e410,3,b05e410,50000000,1000000,2,0,plan,f64 sum,40.838,23.314,23.672,3.869,4.295,17
A,b05e410,3,b05e410,50000000,1000000,2,0,plan,f64 mean,45.019,23.004,23.244,3.596,3.834,18
A,b05e410,3,b05e410,50000000,1000000,1,1,array,f64 sum,26.810,16.897,17.149,1.378,1.799,24
A,b05e410,3,b05e410,50000000,1000000,1,1,array,f64 mean,27.231,16.692,16.825,1.252,1.312,24
A,b05e410,3,b05e410,50000000,1000000,1,1,plan,f64 sum,33.956,21.012,21.109,2.775,2.842,19
A,b05e410,3,b05e410,50000000,1000000,1,1,plan,f64 mean,32.683,21.019,21.144,2.806,2.901,19
A,b05e410,3,b05e410,50000000,1000000,2,1,array,f64 sum,29.787,17.677,17.933,2.275,2.555,23
A,b05e410,3,b05e410,50000000,1000000,2,1,array,f64 mean,25.716,17.793,18.558,2.431,3.450,22
A,b05e410,3,b05e410,50000000,1000000,2,1,plan,f64 sum,35.207,22.088,23.336,3.695,5.154,17
A,b05e410,3,b05e410,50000000,1000000,2,1,plan,f64 mean,43.775,21.993,22.112,3.671,3.723,18
A,b05e410,3,c4e2f6f,50000000,rows/2,1,0,array,f64 sum,298.102,284.282,284.361,8.652,8.716,3
A,b05e410,3,c4e2f6f,50000000,rows/2,1,0,array,f64 mean,297.764,286.309,286.411,8.689,8.744,3
A,b05e410,3,c4e2f6f,50000000,rows/2,1,0,array,float32 sum (control),301.919,290.819,291.252,12.607,12.760,3
A,b05e410,3,c4e2f6f,50000000,rows/2,1,0,plan,f64 sum,355.908,329.632,330.062,18.627,18.684,3
A,b05e410,3,c4e2f6f,50000000,rows/2,1,0,plan,f64 mean,364.781,332.255,332.479,18.633,18.752,3
A,b05e410,3,c4e2f6f,50000000,rows/2,1,0,plan,float32 sum (control),236.335,210.820,212.504,54.302,54.515,3
A,b05e410,3,c4e2f6f,50000000,rows/2,2,0,array,f64 sum,310.459,297.246,297.353,10.973,10.983,3
A,b05e410,3,c4e2f6f,50000000,rows/2,2,0,array,f64 mean,318.799,300.062,300.186,11.344,11.434,3
A,b05e410,3,c4e2f6f,50000000,rows/2,2,0,plan,f64 sum,390.833,347.083,347.794,21.132,21.474,3
A,b05e410,3,c4e2f6f,50000000,rows/2,2,0,plan,f64 mean,388.459,348.344,349.000,21.081,21.358,3
A,b05e410,3,c4e2f6f,50000000,rows/2,1,1,array,f64 sum,297.422,287.512,288.190,8.561,8.637,3
A,b05e410,3,c4e2f6f,50000000,rows/2,1,1,array,f64 mean,299.263,289.549,289.572,8.699,8.765,3
A,b05e410,3,c4e2f6f,50000000,rows/2,1,1,plan,f64 sum,355.313,333.003,333.561,18.629,18.678,3
A,b05e410,3,c4e2f6f,50000000,rows/2,1,1,plan,f64 mean,375.641,335.599,335.799,18.865,18.872,3
A,b05e410,3,c4e2f6f,50000000,rows/2,2,1,array,f64 sum,316.808,303.175,304.243,15.194,15.490,3
A,b05e410,3,c4e2f6f,50000000,rows/2,2,1,array,f64 mean,315.443,302.128,302.379,11.295,11.362,3
A,b05e410,3,c4e2f6f,50000000,rows/2,2,1,plan,f64 sum,375.124,349.401,349.657,21.237,21.353,3
A,b05e410,3,c4e2f6f,50000000,rows/2,2,1,plan,f64 mean,366.510,350.762,351.308,21.104,21.283,3
A,b05e410,3,b05e410,50000000,rows/2,1,0,array,f64 sum,210.005,197.383,197.587,7.202,7.435,3
A,b05e410,3,b05e410,50000000,rows/2,1,0,array,f64 mean,209.454,197.149,197.743,7.098,7.303,3
A,b05e410,3,b05e410,50000000,rows/2,1,0,array,float32 sum (control),302.214,294.399,300.679,8.648,8.677,3
A,b05e410,3,b05e410,50000000,rows/2,1,0,plan,f64 sum,274.081,242.566,243.648,17.426,17.609,3
A,b05e410,3,b05e410,50000000,rows/2,1,0,plan,f64 mean,267.643,243.378,244.758,17.512,17.661,3
A,b05e410,3,b05e410,50000000,rows/2,1,0,plan,float32 sum (control),261.134,210.837,210.903,55.107,55.426,3
A,b05e410,3,b05e410,50000000,rows/2,2,0,array,f64 sum,225.596,209.659,210.072,9.876,10.210,3
A,b05e410,3,b05e410,50000000,rows/2,2,0,array,f64 mean,227.221,209.513,209.966,9.696,9.847,3
A,b05e410,3,b05e410,50000000,rows/2,2,0,plan,f64 sum,278.025,258.794,260.243,20.046,20.112,3
A,b05e410,3,b05e410,50000000,rows/2,2,0,plan,f64 mean,285.097,259.579,263.955,20.115,20.594,3
A,b05e410,3,b05e410,50000000,rows/2,1,1,array,f64 sum,203.592,189.927,190.487,7.320,7.341,3
A,b05e410,3,b05e410,50000000,rows/2,1,1,array,f64 mean,199.548,189.978,190.246,7.126,7.352,3
A,b05e410,3,b05e410,50000000,rows/2,1,1,plan,f64 sum,255.223,236.389,237.606,17.409,17.578,3
A,b05e410,3,b05e410,50000000,rows/2,1,1,plan,f64 mean,256.453,237.347,238.482,17.346,17.491,3
A,b05e410,3,b05e410,50000000,rows/2,2,1,array,f64 sum,229.801,205.230,206.966,9.488,9.599,3
A,b05e410,3,b05e410,50000000,rows/2,2,1,array,f64 mean,220.889,206.827,208.638,9.851,10.140,3
A,b05e410,3,b05e410,50000000,rows/2,2,1,plan,f64 sum,304.356,253.789,257.785,20.194,20.967,3
A,b05e410,3,b05e410,50000000,rows/2,2,1,plan,f64 mean,306.353,253.840,256.100,20.001,20.134,3
B,8a09fc9,1,c4e2f6f,2000000,200,1,0,array,f64 min,2.651,1.113,1.138,1.253,1.281,30
B,8a09fc9,1,c4e2f6f,2000000,200,1,0,array,f64 max,14.809,1.113,1.145,1.253,1.277,30
B,8a09fc9,1,c4e2f6f,2000000,200,1,0,array,f64 min + max,3.688,1.074,1.141,1.262,1.310,30
B,8a09fc9,1,c4e2f6f,2000000,200,1,0,array,count (control),3.777,1.319,1.360,0.989,1.045,30
B,8a09fc9,1,c4e2f6f,2000000,200,1,0,array,int64 sum (control),3.413,1.515,1.664,1.098,1.231,30
B,8a09fc9,1,c4e2f6f,2000000,200,1,0,plan,f64 min,6.520,2.432,2.692,1.929,2.137,30
B,8a09fc9,1,c4e2f6f,2000000,200,1,0,plan,f64 max,6.353,2.299,2.529,1.734,1.982,30
B,8a09fc9,1,c4e2f6f,2000000,200,1,0,plan,f64 min + max,7.045,3.474,3.805,2.884,3.217,30
B,8a09fc9,1,c4e2f6f,2000000,200,1,0,plan,count (control),5.915,2.800,3.112,2.203,2.576,30
B,8a09fc9,1,c4e2f6f,2000000,200,1,0,plan,int64 sum (control),6.816,3.248,3.545,2.352,2.622,30
B,8a09fc9,1,c4e2f6f,2000000,200,2,0,array,f64 min,4.466,1.592,1.633,1.865,1.910,30
B,8a09fc9,1,c4e2f6f,2000000,200,2,0,array,f64 max,5.042,1.454,1.646,1.701,1.922,30
B,8a09fc9,1,c4e2f6f,2000000,200,2,0,array,f64 min + max,3.747,1.499,1.627,1.745,1.914,30
B,8a09fc9,1,c4e2f6f,2000000,200,2,0,plan,f64 min,7.058,2.684,3.060,2.191,2.570,30
B,8a09fc9,1,c4e2f6f,2000000,200,2,0,plan,f64 max,5.843,2.891,3.073,2.437,2.608,30
B,8a09fc9,1,c4e2f6f,2000000,200,2,0,plan,f64 min + max,6.597,3.383,3.843,2.716,3.293,30
B,8a09fc9,1,c4e2f6f,2000000,200,1,1,array,f64 min,3.067,1.110,1.171,1.245,1.285,30
B,8a09fc9,1,c4e2f6f,2000000,200,1,1,array,f64 max,4.022,1.305,1.411,1.511,1.599,30
B,8a09fc9,1,c4e2f6f,2000000,200,1,1,array,f64 min + max,2.262,1.134,1.180,1.251,1.271,30
B,8a09fc9,1,c4e2f6f,2000000,200,1,1,plan,f64 min,3.748,2.773,3.072,2.240,2.468,30
B,8a09fc9,1,c4e2f6f,2000000,200,1,1,plan,f64 max,6.470,2.998,3.278,2.517,2.701,30
B,8a09fc9,1,c4e2f6f,2000000,200,1,1,plan,f64 min + max,7.317,3.051,3.742,2.442,3.010,30
B,8a09fc9,1,c4e2f6f,2000000,200,2,1,array,f64 min,3.698,1.464,1.503,1.673,1.720,30
B,8a09fc9,1,c4e2f6f,2000000,200,2,1,array,f64 max,5.079,1.576,1.673,1.788,1.898,30
B,8a09fc9,1,c4e2f6f,2000000,200,2,1,array,f64 min + max,2.505,1.468,1.663,1.673,1.892,30
B,8a09fc9,1,c4e2f6f,2000000,200,2,1,plan,f64 min,6.272,2.756,2.996,2.263,2.465,30
B,8a09fc9,1,c4e2f6f,2000000,200,2,1,plan,f64 max,5.752,3.068,3.234,2.610,2.783,30
B,8a09fc9,1,c4e2f6f,2000000,200,2,1,plan,f64 min + max,8.505,3.972,4.275,3.294,3.721,30
B,8a09fc9,1,8a09fc9,2000000,200,1,0,array,f64 min,3.829,1.032,1.132,1.167,1.278,30
B,8a09fc9,1,8a09fc9,2000000,200,1,0,array,f64 max,3.536,1.101,1.136,1.244,1.276,30
B,8a09fc9,1,8a09fc9,2000000,200,1,0,array,f64 min + max,3.782,1.076,1.136,1.220,1.273,30
B,8a09fc9,1,8a09fc9,2000000,200,1,0,array,count (control),3.706,1.576,1.743,1.277,1.450,30
B,8a09fc9,1,8a09fc9,2000000,200,1,0,array,int64 sum (control),4.129,1.540,1.707,1.167,1.329,30
B,8a09fc9,1,8a09fc9,2000000,200,1,0,plan,f64 min,3.948,2.802,2.979,2.196,2.392,30
B,8a09fc9,1,8a09fc9,2000000,200,1,0,plan,f64 max,3.522,2.744,2.847,2.155,2.273,30
B,8a09fc9,1,8a09fc9,2000000,200,1,0,plan,f64 min + max,5.918,2.743,3.037,2.316,2.475,30
B,8a09fc9,1,8a09fc9,2000000,200,1,0,plan,count (control),4.381,2.485,2.596,1.840,1.978,30
B,8a09fc9,1,8a09fc9,2000000,200,1,0,plan,int64 sum (control),5.147,3.187,3.384,2.210,2.442,30
B,8a09fc9,1,8a09fc9,2000000,200,2,0,array,f64 min,4.951,1.524,1.604,1.818,1.864,30
B,8a09fc9,1,8a09fc9,2000000,200,2,0,array,f64 max,4.178,1.541,1.611,1.821,1.900,30
B,8a09fc9,1,8a09fc9,2000000,200,2,0,array,f64 min + max,3.700,1.482,1.611,1.709,1.879,30
B,8a09fc9,1,8a09fc9,2000000,200,2,0,plan,f64 min,5.094,2.885,2.968,2.462,2.514,30
B,8a09fc9,1,8a09fc9,2000000,200,2,0,plan,f64 max,6.808,2.948,3.026,2.501,2.588,30
B,8a09fc9,1,8a09fc9,2000000,200,2,0,plan,f64 min + max,6.928,3.329,3.443,2.902,3.073,30
B,8a09fc9,1,8a09fc9,2000000,200,1,1,array,f64 min,3.034,1.097,1.155,1.185,1.253,30
B,8a09fc9,1,8a09fc9,2000000,200,1,1,array,f64 max,2.384,1.129,1.153,1.228,1.250,30
B,8a09fc9,1,8a09fc9,2000000,200,1,1,array,f64 min + max,4.044,1.058,1.147,1.160,1.254,30
B,8a09fc9,1,8a09fc9,2000000,200,1,1,plan,f64 min,6.487,2.954,3.246,2.350,2.705,30
B,8a09fc9,1,8a09fc9,2000000,200,1,1,plan,f64 max,6.467,2.850,3.011,2.238,2.372,30
B,8a09fc9,1,8a09fc9,2000000,200,1,1,plan,f64 min + max,5.758,2.792,2.932,2.204,2.348,30
B,8a09fc9,1,8a09fc9,2000000,200,2,1,array,f64 min,4.650,1.583,1.655,1.826,1.892,30
B,8a09fc9,1,8a09fc9,2000000,200,2,1,array,f64 max,4.900,1.549,1.643,1.821,1.890,30
B,8a09fc9,1,8a09fc9,2000000,200,2,1,array,f64 min + max,3.707,1.549,1.635,1.791,1.869,30
B,8a09fc9,1,8a09fc9,2000000,200,2,1,plan,f64 min,4.143,3.000,3.247,2.578,2.821,30
B,8a09fc9,1,8a09fc9,2000000,200,2,1,plan,f64 max,6.692,3.379,3.630,2.905,3.220,30
B,8a09fc9,1,8a09fc9,2000000,200,2,1,plan,f64 min + max,5.127,2.911,3.097,2.420,2.642,30
B,8a09fc9,1,c4e2f6f,2000000,10000,1,0,array,f64 min,4.250,2.231,2.497,1.761,2.147,30
B,8a09fc9,1,c4e2f6f,2000000,10000,1,0,array,f64 max,4.191,2.184,2.379,1.776,2.010,30
B,8a09fc9,1,c4e2f6f,2000000,10000,1,0,array,f64 min + max,3.687,1.962,2.058,1.543,1.616,30
B,8a09fc9,1,c4e2f6f,2000000,10000,1,0,array,count (control),2.653,0.928,0.974,0.994,1.016,30
B,8a09fc9,1,c4e2f6f,2000000,10000,1,0,array,int64 sum (control),3.866,1.663,2.121,1.202,1.710,30
B,8a09fc9,1,c4e2f6f,2000000,10000,1,0,plan,f64 min,5.473,3.196,3.378,2.385,2.663,30
B,8a09fc9,1,c4e2f6f,2000000,10000,1,0,plan,f64 max,3.921,3.125,3.461,2.406,2.690,30
B,8a09fc9,1,c4e2f6f,2000000,10000,1,0,plan,f64 min + max,7.926,3.896,4.294,2.306,2.728,30
B,8a09fc9,1,c4e2f6f,2000000,10000,1,0,plan,count (control),5.314,2.232,2.284,2.104,2.159,30
B,8a09fc9,1,c4e2f6f,2000000,10000,1,0,plan,int64 sum (control),5.878,2.989,3.277,2.515,2.735,30
B,8a09fc9,1,c4e2f6f,2000000,10000,2,0,array,f64 min,4.369,2.696,2.839,2.479,2.672,30
B,8a09fc9,1,c4e2f6f,2000000,10000,2,0,array,f64 max,3.171,2.505,2.615,2.175,2.402,30
B,8a09fc9,1,c4e2f6f,2000000,10000,2,0,array,f64 min + max,4.935,2.560,2.702,2.290,2.427,30
B,8a09fc9,1,c4e2f6f,2000000,10000,2,0,plan,f64 min,6.695,3.450,3.802,2.857,3.260,30
B,8a09fc9,1,c4e2f6f,2000000,10000,2,0,plan,f64 max,7.426,3.129,3.273,2.485,2.637,30
B,8a09fc9,1,c4e2f6f,2000000,10000,2,0,plan,f64 min + max,8.639,4.265,4.608,2.909,3.328,30
B,8a09fc9,1,c4e2f6f,2000000,10000,1,1,array,f64 min,3.584,1.889,1.978,1.530,1.610,30
B,8a09fc9,1,c4e2f6f,2000000,10000,1,1,array,f64 max,2.760,1.876,1.984,1.520,1.600,30
B,8a09fc9,1,c4e2f6f,2000000,10000,1,1,array,f64 min + max,3.939,1.913,2.371,1.542,2.015,30
B,8a09fc9,1,c4e2f6f,2000000,10000,1,1,plan,f64 min,6.268,3.017,3.286,2.344,2.667,30
B,8a09fc9,1,c4e2f6f,2000000,10000,1,1,plan,f64 max,6.002,3.015,3.255,2.404,2.604,30
B,8a09fc9,1,c4e2f6f,2000000,10000,1,1,plan,f64 min + max,7.208,4.093,4.391,2.781,3.024,30
B,8a09fc9,1,c4e2f6f,2000000,10000,2,1,array,f64 min,4.079,2.312,2.419,2.097,2.182,30
B,8a09fc9,1,c4e2f6f,2000000,10000,2,1,array,f64 max,3.934,2.244,2.351,1.934,2.039,30
B,8a09fc9,1,c4e2f6f,2000000,10000,2,1,array,f64 min + max,5.157,2.416,2.587,2.218,2.441,30
B,8a09fc9,1,c4e2f6f,2000000,10000,2,1,plan,f64 min,6.699,3.519,3.730,2.948,3.230,30
B,8a09fc9,1,c4e2f6f,2000000,10000,2,1,plan,f64 max,6.732,3.651,3.780,3.122,3.316,30
B,8a09fc9,1,c4e2f6f,2000000,10000,2,1,plan,f64 min + max,7.636,4.749,5.202,3.699,4.092,30
B,8a09fc9,1,8a09fc9,2000000,10000,1,0,array,f64 min,4.375,1.886,2.002,1.660,1.796,30
B,8a09fc9,1,8a09fc9,2000000,10000,1,0,array,f64 max,3.189,1.666,2.049,1.444,1.785,30
B,8a09fc9,1,8a09fc9,2000000,10000,1,0,array,f64 min + max,4.914,1.756,1.872,1.566,1.638,30
B,8a09fc9,1,8a09fc9,2000000,10000,1,0,array,count (control),3.359,0.881,0.928,0.934,0.985,30
B,8a09fc9,1,8a09fc9,2000000,10000,1,0,array,int64 sum (control),2.901,1.506,1.632,1.058,1.142,30
B,8a09fc9,1,8a09fc9,2000000,10000,1,0,plan,f64 min,5.267,2.628,2.807,2.115,2.274,30
B,8a09fc9,1,8a09fc9,2000000,10000,1,0,plan,f64 max,5.064,2.909,2.996,2.433,2.502,30
B,8a09fc9,1,8a09fc9,2000000,10000,1,0,plan,f64 min + max,6.301,2.619,2.754,2.065,2.186,30
B,8a09fc9,1,8a09fc9,2000000,10000,1,0,plan,count (control),5.424,2.433,2.608,2.311,2.455,30
B,8a09fc9,1,8a09fc9,2000000,10000,1,0,plan,int64 sum (control),5.845,2.925,3.308,2.382,2.751,30
B,8a09fc9,1,8a09fc9,2000000,10000,2,0,array,f64 min,4.809,2.570,2.803,2.632,2.925,30
B,8a09fc9,1,8a09fc9,2000000,10000,2,0,array,f64 max,3.845,2.182,2.306,2.130,2.252,30
B,8a09fc9,1,8a09fc9,2000000,10000,2,0,array,f64 min + max,5.153,2.183,2.252,2.116,2.170,30
B,8a09fc9,1,8a09fc9,2000000,10000,2,0,plan,f64 min,6.885,3.266,3.384,2.854,3.019,30
B,8a09fc9,1,8a09fc9,2000000,10000,2,0,plan,f64 max,5.290,3.221,3.390,2.857,3.034,30
B,8a09fc9,1,8a09fc9,2000000,10000,2,0,plan,f64 min + max,8.199,3.389,3.619,3.031,3.284,30
B,8a09fc9,1,8a09fc9,2000000,10000,1,1,array,f64 min,3.411,1.887,2.186,1.731,2.036,30
B,8a09fc9,1,8a09fc9,2000000,10000,1,1,array,f64 max,3.721,1.772,1.997,1.612,1.812,30
B,8a09fc9,1,8a09fc9,2000000,10000,1,1,array,f64 min + max,4.109,1.856,2.064,1.681,1.812,30
B,8a09fc9,1,8a09fc9,2000000,10000,1,1,plan,f64 min,5.877,2.906,3.110,2.508,2.731,30
B,8a09fc9,1,8a09fc9,2000000,10000,1,1,plan,f64 max,4.685,2.574,3.087,2.114,2.613,30
B,8a09fc9,1,8a09fc9,2000000,10000,1,1,plan,f64 min + max,3.659,2.690,2.988,2.250,2.424,30
B,8a09fc9,1,8a09fc9,2000000,10000,2,1,array,f64 min,3.596,2.007,2.114,1.902,2.002,30
B,8a09fc9,1,8a09fc9,2000000,10000,2,1,array,f64 max,5.280,2.352,2.547,2.369,2.601,30
B,8a09fc9,1,8a09fc9,2000000,10000,2,1,array,f64 min + max,4.995,2.406,2.519,2.360,2.501,30
B,8a09fc9,1,8a09fc9,2000000,10000,2,1,plan,f64 min,6.936,3.247,3.398,2.861,3.013,30
B,8a09fc9,1,8a09fc9,2000000,10000,2,1,plan,f64 max,5.242,3.298,3.396,2.959,3.066,30
B,8a09fc9,1,8a09fc9,2000000,10000,2,1,plan,f64 min + max,4.858,2.891,3.059,2.479,2.617,30
B,8a09fc9,1,c4e2f6f,2000000,100000,1,0,array,f64 min,4.154,3.116,3.179,2.233,2.307,30
B,8a09fc9,1,c4e2f6f,2000000,100000,1,0,array,f64 max,5.092,2.674,2.796,1.620,1.802,30
B,8a09fc9,1,c4e2f6f,2000000,100000,1,0,array,f64 min + max,4.965,2.431,2.598,1.402,1.506,30
B,8a09fc9,1,c4e2f6f,2000000,100000,1,0,array,count (control),3.314,1.348,1.376,1.164,1.182,30
B,8a09fc9,1,c4e2f6f,2000000,100000,1,0,array,int64 sum (control),4.288,2.373,2.506,1.731,1.802,30
B,8a09fc9,1,c4e2f6f,2000000,100000,1,0,plan,f64 min,7.842,3.869,4.101,2.502,2.734,30
B,8a09fc9,1,c4e2f6f,2000000,100000,1,0,plan,f64 max,6.993,3.506,3.658,2.099,2.241,30
B,8a09fc9,1,c4e2f6f,2000000,100000,1,0,plan,f64 min + max,9.069,5.242,5.445,2.839,3.011,30
B,8a09fc9,1,c4e2f6f,2000000,100000,1,0,plan,count (control),6.725,2.845,3.244,2.451,2.853,30
B,8a09fc9,1,c4e2f6f,2000000,100000,1,0,plan,int64 sum (control),7.353,3.819,4.047,2.905,3.106,30
B,8a09fc9,1,c4e2f6f,2000000,100000,2,0,array,f64 min,6.043,3.154,3.502,2.535,2.819,30
B,8a09fc9,1,c4e2f6f,2000000,100000,2,0,array,f64 max,4.728,2.956,3.110,2.349,2.544,30
B,8a09fc9,1,c4e2f6f,2000000,100000,2,0,array,f64 min + max,5.825,2.917,3.320,2.198,2.673,30
B,8a09fc9,1,c4e2f6f,2000000,100000,2,0,plan,f64 min,8.405,3.995,4.219,2.826,3.001,30
B,8a09fc9,1,c4e2f6f,2000000,100000,2,0,plan,f64 max,8.106,4.475,4.625,3.295,3.525,30
B,8a09fc9,1,c4e2f6f,2000000,100000,2,0,plan,f64 min + max,9.561,6.119,6.516,3.946,4.347,30
B,8a09fc9,1,c4e2f6f,2000000,100000,1,1,array,f64 min,4.840,2.462,2.712,1.546,1.865,30
B,8a09fc9,1,c4e2f6f,2000000,100000,1,1,array,f64 max,4.640,2.536,2.944,1.647,2.035,30
B,8a09fc9,1,c4e2f6f,2000000,100000,1,1,array,f64 min + max,3.841,2.509,2.734,1.601,1.796,30
B,8a09fc9,1,c4e2f6f,2000000,100000,1,1,plan,f64 min,5.452,3.723,3.947,2.471,2.663,30
B,8a09fc9,1,c4e2f6f,2000000,100000,1,1,plan,f64 max,7.177,3.322,4.027,2.049,2.852,30
B,8a09fc9,1,c4e2f6f,2000000,100000,1,1,plan,f64 min + max,8.905,5.425,5.727,3.261,3.583,30
B,8a09fc9,1,c4e2f6f,2000000,100000,2,1,array,f64 min,5.333,3.255,3.414,2.658,2.828,30
B,8a09fc9,1,c4e2f6f,2000000,100000,2,1,array,f64 max,4.459,2.936,3.155,2.468,2.603,30
B,8a09fc9,1,c4e2f6f,2000000,100000,2,1,array,f64 min + max,5.037,2.883,3.165,2.358,2.651,30
B,8a09fc9,1,c4e2f6f,2000000,100000,2,1,plan,f64 min,5.527,3.893,4.056,2.803,3.001,30
B,8a09fc9,1,c4e2f6f,2000000,100000,2,1,plan,f64 max,6.863,3.710,4.145,2.683,3.175,30
B,8a09fc9,1,c4e2f6f,2000000,100000,2,1,plan,f64 min + max,8.251,6.044,6.337,4.097,4.392,30
B,8a09fc9,1,8a09fc9,2000000,100000,1,0,array,f64 min,2.838,2.224,2.304,1.457,1.523,30
B,8a09fc9,1,8a09fc9,2000000,100000,1,0,array,f64 max,4.720,2.441,2.655,1.720,1.950,30
B,8a09fc9,1,8a09fc9,2000000,100000,1,0,array,f64 min + max,3.644,2.419,2.507,1.670,1.739,30
B,8a09fc9,1,8a09fc9,2000000,100000,1,0,array,count (control),2.379,1.347,1.375,1.126,1.134,30
B,8a09fc9,1,8a09fc9,2000000,100000,1,0,array,int64 sum (control),3.961,1.978,2.137,1.244,1.381,30
B,8a09fc9,1,8a09fc9,2000000,100000,1,0,plan,f64 min,6.947,3.523,3.867,2.494,2.828,30
B,8a09fc9,1,8a09fc9,2000000,100000,1,0,plan,f64 max,5.722,3.331,3.517,2.266,2.404,30
B,8a09fc9,1,8a09fc9,2000000,100000,1,0,plan,f64 min + max,6.856,3.702,4.196,2.675,3.256,30
B,8a09fc9,1,8a09fc9,2000000,100000,1,0,plan,count (control),6.438,2.858,2.988,2.467,2.601,30
B,8a09fc9,1,8a09fc9,2000000,100000,1,0,plan,int64 sum (control),5.549,3.739,4.145,2.880,3.275,30
B,8a09fc9,1,8a09fc9,2000000,100000,2,0,array,f64 min,3.768,2.611,2.738,2.251,2.410,30
B,8a09fc9,1,8a09fc9,2000000,100000,2,0,array,f64 max,4.385,2.593,2.801,2.222,2.393,30
B,8a09fc9,1,8a09fc9,2000000,100000,2,0,array,f64 min + max,5.102,2.781,3.172,2.425,2.786,30
B,8a09fc9,1,8a09fc9,2000000,100000,2,0,plan,f64 min,7.293,3.743,4.248,2.938,3.342,30
B,8a09fc9,1,8a09fc9,2000000,100000,2,0,plan,f64 max,4.838,4.044,4.214,3.158,3.331,30
B,8a09fc9,1,8a09fc9,2000000,100000,2,0,plan,f64 min + max,8.728,3.592,3.776,2.742,2.896,30
B,8a09fc9,1,8a09fc9,2000000,100000,1,1,array,f64 min,3.307,2.229,2.516,1.562,1.857,30
B,8a09fc9,1,8a09fc9,2000000,100000,1,1,array,f64 max,4.690,2.347,2.535,1.716,1.898,30
B,8a09fc9,1,8a09fc9,2000000,100000,1,1,array,f64 min + max,4.760,2.285,2.507,1.681,1.895,30
B,8a09fc9,1,8a09fc9,2000000,100000,1,1,plan,f64 min,6.758,3.690,4.533,2.727,3.822,30
B,8a09fc9,1,8a09fc9,2000000,100000,1,1,plan,f64 max,4.454,3.189,3.477,2.187,2.443,30
B,8a09fc9,1,8a09fc9,2000000,100000,1,1,plan,f64 min + max,5.603,3.200,3.655,2.216,2.666,30
B,8a09fc9,1,8a09fc9,2000000,100000,2,1,array,f64 min,5.588,2.932,3.131,2.624,2.805,30
B,8a09fc9,1,8a09fc9,2000000,100000,2,1,array,f64 max,5.793,2.649,2.884,2.370,2.633,30
B,8a09fc9,1,8a09fc9,2000000,100000,2,1,array,f64 min + max,5.862,2.725,3.060,2.309,2.726,30
B,8a09fc9,1,8a09fc9,2000000,100000,2,1,plan,f64 min,5.708,4.088,4.282,3.230,3.389,30
B,8a09fc9,1,8a09fc9,2000000,100000,2,1,plan,f64 max,8.156,3.677,3.846,2.873,3.016,30
B,8a09fc9,1,8a09fc9,2000000,100000,2,1,plan,f64 min + max,7.608,4.036,4.156,3.208,3.292,30
B,8a09fc9,1,c4e2f6f,2000000,1000000,1,0,array,f64 min,3.740,2.975,3.147,1.496,1.630,30
B,8a09fc9,1,c4e2f6f,2000000,1000000,1,0,array,f64 max,3.821,3.103,3.242,1.627,1.722,30
B,8a09fc9,1,c4e2f6f,2000000,1000000,1,0,array,f64 min + max,3.952,2.961,3.229,1.440,1.767,30
B,8a09fc9,1,c4e2f6f,2000000,1000000,1,0,array,count (control),4.349,1.704,1.761,1.172,1.225,30
B,8a09fc9,1,c4e2f6f,2000000,1000000,1,0,array,int64 sum (control),3.560,2.227,2.414,1.195,1.298,30
B,8a09fc9,1,c4e2f6f,2000000,1000000,1,0,plan,f64 min,6.796,4.707,4.971,2.679,2.901,30
B,8a09fc9,1,c4e2f6f,2000000,1000000,1,0,plan,f64 max,5.580,4.549,4.963,2.534,2.926,30
B,8a09fc9,1,c4e2f6f,2000000,1000000,1,0,plan,f64 min + max,11.448,6.144,6.554,3.012,3.328,30
B,8a09fc9,1,c4e2f6f,2000000,1000000,1,0,plan,count (control),5.371,4.421,4.794,3.420,3.787,30
B,8a09fc9,1,c4e2f6f,2000000,1000000,1,0,plan,int64 sum (control),15.514,5.950,6.302,4.309,4.554,30
B,8a09fc9,1,c4e2f6f,2000000,1000000,2,0,array,f64 min,4.766,3.569,3.786,2.559,2.749,30
B,8a09fc9,1,c4e2f6f,2000000,1000000,2,0,array,f64 max,6.502,3.435,3.623,2.446,2.593,30
B,8a09fc9,1,c4e2f6f,2000000,1000000,2,0,array,f64 min + max,4.641,3.536,3.648,2.501,2.595,30
B,8a09fc9,1,c4e2f6f,2000000,1000000,2,0,plan,f64 min,7.562,5.107,6.405,3.166,4.386,30
B,8a09fc9,1,c4e2f6f,2000000,1000000,2,0,plan,f64 max,6.924,5.205,5.435,3.323,3.484,30
B,8a09fc9,1,c4e2f6f,2000000,1000000,2,0,plan,f64 min + max,10.514,6.990,7.237,3.882,4.108,30
B,8a09fc9,1,c4e2f6f,2000000,1000000,1,1,array,f64 min,5.045,2.857,3.028,1.456,1.592,30
B,8a09fc9,1,c4e2f6f,2000000,1000000,1,1,array,f64 max,3.678,2.994,3.121,1.617,1.706,30
B,8a09fc9,1,c4e2f6f,2000000,1000000,1,1,array,f64 min + max,5.439,2.832,3.033,1.497,1.615,30
B,8a09fc9,1,c4e2f6f,2000000,1000000,1,1,plan,f64 min,6.836,5.112,5.526,3.115,3.495,30
B,8a09fc9,1,c4e2f6f,2000000,1000000,1,1,plan,f64 max,11.682,5.661,6.704,3.614,4.759,30
B,8a09fc9,1,c4e2f6f,2000000,1000000,1,1,plan,f64 min + max,9.711,6.304,6.774,3.319,3.780,30
B,8a09fc9,1,c4e2f6f,2000000,1000000,2,1,array,f64 min,4.626,3.214,3.468,2.276,2.493,30
B,8a09fc9,1,c4e2f6f,2000000,1000000,2,1,array,f64 max,5.806,3.246,3.516,2.300,2.546,30
B,8a09fc9,1,c4e2f6f,2000000,1000000,2,1,array,f64 min + max,5.084,3.205,3.492,2.261,2.515,30
B,8a09fc9,1,c4e2f6f,2000000,1000000,2,1,plan,f64 min,12.316,4.968,5.315,3.208,3.456,30
B,8a09fc9,1,c4e2f6f,2000000,1000000,2,1,plan,f64 max,12.680,5.566,5.902,3.726,3.999,30
B,8a09fc9,1,c4e2f6f,2000000,1000000,2,1,plan,f64 min + max,9.363,7.101,7.870,4.175,4.731,30
B,8a09fc9,1,8a09fc9,2000000,1000000,1,0,array,f64 min,5.508,2.979,3.131,1.648,1.746,30
B,8a09fc9,1,8a09fc9,2000000,1000000,1,0,array,f64 max,4.321,3.092,3.239,1.674,1.830,30
B,8a09fc9,1,8a09fc9,2000000,1000000,1,0,array,f64 min + max,4.966,3.107,3.237,1.763,1.913,30
B,8a09fc9,1,8a09fc9,2000000,1000000,1,0,array,count (control),2.366,1.616,1.667,1.112,1.156,30
B,8a09fc9,1,8a09fc9,2000000,1000000,1,0,array,int64 sum (control),3.994,2.157,2.418,1.126,1.375,30
B,8a09fc9,1,8a09fc9,2000000,1000000,1,0,plan,f64 min,11.679,5.563,7.162,3.652,4.941,30
B,8a09fc9,1,8a09fc9,2000000,1000000,1,0,plan,f64 max,11.797,5.111,5.425,3.236,3.497,30
B,8a09fc9,1,8a09fc9,2000000,1000000,1,0,plan,f64 min + max,11.659,5.396,5.757,3.521,3.740,30
B,8a09fc9,1,8a09fc9,2000000,1000000,1,0,plan,count (control),12.493,5.732,5.905,4.796,4.952,30
B,8a09fc9,1,8a09fc9,2000000,1000000,1,0,plan,int64 sum (control),11.569,3.469,5.816,3.478,4.988,30
B,8a09fc9,1,8a09fc9,2000000,1000000,2,0,array,f64 min,4.744,3.454,3.583,2.530,2.632,30
B,8a09fc9,1,8a09fc9,2000000,1000000,2,0,array,f64 max,5.429,3.522,3.667,2.565,2.708,30
B,8a09fc9,1,8a09fc9,2000000,1000000,2,0,array,f64 min + max,4.991,3.687,4.041,2.829,3.059,30
B,8a09fc9,1,8a09fc9,2000000,1000000,2,0,plan,f64 min,12.993,4.917,5.317,3.182,3.461,30
B,8a09fc9,1,8a09fc9,2000000,1000000,2,0,plan,f64 max,12.957,5.173,5.419,3.434,3.623,30
B,8a09fc9,1,8a09fc9,2000000,1000000,2,0,plan,f64 min + max,12.963,7.053,7.808,5.199,5.852,30
B,8a09fc9,1,8a09fc9,2000000,1000000,1,1,array,f64 min,5.344,3.023,3.375,1.732,2.139,30
B,8a09fc9,1,8a09fc9,2000000,1000000,1,1,array,f64 max,4.668,3.516,3.691,2.386,2.521,30
B,8a09fc9,1,8a09fc9,2000000,1000000,1,1,array,f64 min + max,4.883,2.940,3.189,1.685,1.900,30
B,8a09fc9,1,8a09fc9,2000000,1000000,1,1,plan,f64 min,5.968,4.704,4.913,2.748,3.033,30
B,8a09fc9,1,8a09fc9,2000000,1000000,1,1,plan,f64 max,11.606,5.148,5.372,3.169,3.442,30
B,8a09fc9,1,8a09fc9,2000000,1000000,1,1,plan,f64 min + max,11.431,3.854,6.843,3.061,5.148,30
B,8a09fc9,1,8a09fc9,2000000,1000000,2,1,array,f64 min,6.326,3.768,4.268,2.969,3.363,30
B,8a09fc9,1,8a09fc9,2000000,1000000,2,1,array,f64 max,6.095,3.444,3.574,2.584,2.698,30
B,8a09fc9,1,8a09fc9,2000000,1000000,2,1,array,f64 min + max,5.291,3.299,3.436,2.424,2.551,30
B,8a09fc9,1,8a09fc9,2000000,1000000,2,1,plan,f64 min,12.805,6.012,6.430,4.156,4.529,30
B,8a09fc9,1,8a09fc9,2000000,1000000,2,1,plan,f64 max,12.901,6.146,6.536,4.307,4.609,30
B,8a09fc9,1,8a09fc9,2000000,1000000,2,1,plan,f64 min + max,13.264,5.813,6.770,3.998,4.906,30
B,8a09fc9,1,c4e2f6f,2000000,rows/2,1,0,array,f64 min,4.549,3.720,3.830,2.429,2.510,30
B,8a09fc9,1,c4e2f6f,2000000,rows/2,1,0,array,f64 max,4.996,3.131,3.319,1.735,1.868,30
B,8a09fc9,1,c4e2f6f,2000000,rows/2,1,0,array,f64 min + max,4.309,3.264,3.578,1.919,2.242,30
B,8a09fc9,1,c4e2f6f,2000000,rows/2,1,0,array,count (control),3.196,1.847,1.948,1.295,1.371,30
B,8a09fc9,1,c4e2f6f,2000000,rows/2,1,0,array,int64 sum (control),5.692,2.601,2.747,1.525,1.654,30
B,8a09fc9,1,c4e2f6f,2000000,rows/2,1,0,plan,f64 min,9.318,3.882,6.977,3.187,4.747,30
B,8a09fc9,1,c4e2f6f,2000000,rows/2,1,0,plan,f64 max,7.173,5.268,5.777,3.260,3.653,30
B,8a09fc9,1,c4e2f6f,2000000,rows/2,1,0,plan,f64 min + max,8.294,7.085,7.491,3.864,4.207,30
B,8a09fc9,1,c4e2f6f,2000000,rows/2,1,0,plan,count (control),6.524,4.182,4.496,3.222,3.573,30
B,8a09fc9,1,c4e2f6f,2000000,rows/2,1,0,plan,int64 sum (control),12.172,4.620,6.599,4.358,5.032,30
B,8a09fc9,1,c4e2f6f,2000000,rows/2,2,0,array,f64 min,4.417,3.535,3.624,2.515,2.589,30
B,8a09fc9,1,c4e2f6f,2000000,rows/2,2,0,array,f64 max,4.838,3.501,3.628,2.503,2.599,30
B,8a09fc9,1,c4e2f6f,2000000,rows/2,2,0,array,f64 min + max,6.776,3.916,4.262,2.989,3.168,30
B,8a09fc9,1,c4e2f6f,2000000,rows/2,2,0,plan,f64 min,13.000,5.903,7.264,3.969,5.214,30
B,8a09fc9,1,c4e2f6f,2000000,rows/2,2,0,plan,f64 max,8.178,5.719,6.173,3.921,4.149,30
B,8a09fc9,1,c4e2f6f,2000000,rows/2,2,0,plan,f64 min + max,12.886,7.980,9.503,4.743,6.238,30
B,8a09fc9,1,c4e2f6f,2000000,rows/2,1,1,array,f64 min,5.197,3.168,3.622,1.827,2.430,30
B,8a09fc9,1,c4e2f6f,2000000,rows/2,1,1,array,f64 max,5.444,3.095,3.493,1.745,2.189,30
B,8a09fc9,1,c4e2f6f,2000000,rows/2,1,1,array,f64 min + max,4.016,3.040,3.284,1.687,1.925,30
B,8a09fc9,1,c4e2f6f,2000000,rows/2,1,1,plan,f64 min,6.488,5.915,7.042,3.956,4.857,30
B,8a09fc9,1,c4e2f6f,2000000,rows/2,1,1,plan,f64 max,11.468,5.006,5.607,3.123,3.605,30
B,8a09fc9,1,c4e2f6f,2000000,rows/2,1,1,plan,f64 min + max,13.599,5.066,6.489,3.207,3.954,30
B,8a09fc9,1,c4e2f6f,2000000,rows/2,2,1,array,f64 min,5.534,3.817,3.998,2.904,2.983,30
B,8a09fc9,1,c4e2f6f,2000000,rows/2,2,1,array,f64 max,6.126,3.850,4.031,2.889,3.014,30
B,8a09fc9,1,c4e2f6f,2000000,rows/2,2,1,array,f64 min + max,5.177,3.450,3.565,2.505,2.582,30
B,8a09fc9,1,c4e2f6f,2000000,rows/2,2,1,plan,f64 min,12.184,4.925,5.410,3.080,3.572,30
B,8a09fc9,1,c4e2f6f,2000000,rows/2,2,1,plan,f64 max,8.167,5.309,5.808,3.449,3.950,30
B,8a09fc9,1,c4e2f6f,2000000,rows/2,2,1,plan,f64 min + max,7.529,6.888,7.368,4.021,4.344,30
B,8a09fc9,1,8a09fc9,2000000,rows/2,1,0,array,f64 min,5.488,3.086,3.585,1.734,2.367,30
B,8a09fc9,1,8a09fc9,2000000,rows/2,1,0,array,f64 max,4.456,3.352,3.722,1.841,2.488,30
B,8a09fc9,1,8a09fc9,2000000,rows/2,1,0,array,f64 min + max,5.615,3.009,3.254,1.609,1.822,30
B,8a09fc9,1,8a09fc9,2000000,rows/2,1,0,array,count (control),4.525,1.875,2.003,1.356,1.404,30
B,8a09fc9,1,8a09fc9,2000000,rows/2,1,0,array,int64 sum (control),4.833,2.370,2.585,1.313,1.598,30
B,8a09fc9,1,8a09fc9,2000000,rows/2,1,0,plan,f64 min,6.869,3.778,7.168,3.021,5.050,30
B,8a09fc9,1,8a09fc9,2000000,rows/2,1,0,plan,f64 max,11.693,5.553,6.139,3.690,4.136,30
B,8a09fc9,1,8a09fc9,2000000,rows/2,1,0,plan,f64 min + max,9.189,3.837,4.901,2.547,3.143,30
B,8a09fc9,1,8a09fc9,2000000,rows/2,1,0,plan,count (control),10.732,4.042,4.772,3.098,3.803,30
B,8a09fc9,1,8a09fc9,2000000,rows/2,1,0,plan,int64 sum (control),13.035,4.477,7.145,3.973,5.279,30
B,8a09fc9,1,8a09fc9,2000000,rows/2,2,0,array,f64 min,4.656,3.416,3.515,2.488,2.557,30
B,8a09fc9,1,8a09fc9,2000000,rows/2,2,0,array,f64 max,6.954,3.750,4.221,2.905,3.234,30
B,8a09fc9,1,8a09fc9,2000000,rows/2,2,0,array,f64 min + max,6.537,3.763,3.995,2.871,3.082,30
B,8a09fc9,1,8a09fc9,2000000,rows/2,2,0,plan,f64 min,7.027,6.235,6.751,4.212,4.770,30
B,8a09fc9,1,8a09fc9,2000000,rows/2,2,0,plan,f64 max,7.791,5.846,6.275,3.987,4.272,30
B,8a09fc9,1,8a09fc9,2000000,rows/2,2,0,plan,f64 min + max,8.130,5.699,6.588,3.849,4.610,30
B,8a09fc9,1,8a09fc9,2000000,rows/2,1,1,array,f64 min,4.746,3.064,3.639,1.756,2.441,30
B,8a09fc9,1,8a09fc9,2000000,rows/2,1,1,array,f64 max,4.832,2.977,3.287,1.711,1.965,30
B,8a09fc9,1,8a09fc9,2000000,rows/2,1,1,array,f64 min + max,5.427,2.746,3.127,1.476,1.859,30
B,8a09fc9,1,8a09fc9,2000000,rows/2,1,1,plan,f64 min,8.875,3.902,6.851,3.213,4.909,30
B,8a09fc9,1,8a09fc9,2000000,rows/2,1,1,plan,f64 max,10.449,4.591,4.827,2.785,2.956,30
B,8a09fc9,1,8a09fc9,2000000,rows/2,1,1,plan,f64 min + max,5.739,5.119,5.643,3.225,3.721,30
B,8a09fc9,1,8a09fc9,2000000,rows/2,2,1,array,f64 min,4.412,3.263,3.426,2.456,2.520,30
B,8a09fc9,1,8a09fc9,2000000,rows/2,2,1,array,f64 max,4.840,3.431,3.624,2.516,2.765,30
B,8a09fc9,1,8a09fc9,2000000,rows/2,2,1,array,f64 min + max,5.586,3.292,3.402,2.384,2.485,30
B,8a09fc9,1,8a09fc9,2000000,rows/2,2,1,plan,f64 min,7.990,5.856,7.037,3.990,5.122,30
B,8a09fc9,1,8a09fc9,2000000,rows/2,2,1,plan,f64 max,10.972,5.355,6.061,3.670,4.214,30
B,8a09fc9,1,8a09fc9,2000000,rows/2,2,1,plan,f64 min + max,13.345,7.263,8.413,5.514,6.108,30
B,8a09fc9,1,c4e2f6f,10000000,200,1,0,array,f64 min,5.018,3.747,3.860,2.383,2.461,30
B,8a09fc9,1,c4e2f6f,10000000,200,1,0,array,f64 max,5.409,3.091,3.847,1.767,2.436,30
B,8a09fc9,1,c4e2f6f,10000000,200,1,0,array,f64 min + max,5.585,3.109,3.766,1.765,2.095,30
B,8a09fc9,1,c4e2f6f,10000000,200,1,0,array,count (control),4.065,3.632,4.071,1.757,1.786,30
B,8a09fc9,1,c4e2f6f,10000000,200,1,0,array,int64 sum (control),3.991,3.791,4.301,1.384,1.794,30
B,8a09fc9,1,c4e2f6f,10000000,200,1,0,plan,f64 min,5.858,5.416,6.328,2.300,2.514,30
B,8a09fc9,1,c4e2f6f,10000000,200,1,0,plan,f64 max,8.605,6.168,7.063,2.677,2.932,30
B,8a09fc9,1,c4e2f6f,10000000,200,1,0,plan,f64 min + max,10.558,7.891,8.647,3.018,3.290,30
B,8a09fc9,1,c4e2f6f,10000000,200,1,0,plan,count (control),9.907,5.218,6.077,2.297,2.463,30
B,8a09fc9,1,c4e2f6f,10000000,200,1,0,plan,int64 sum (control),6.689,4.309,5.211,2.159,2.401,30
B,8a09fc9,1,c4e2f6f,10000000,200,2,0,array,f64 min,6.870,4.542,5.013,2.853,2.971,30
B,8a09fc9,1,c4e2f6f,10000000,200,2,0,array,f64 max,7.329,4.403,4.959,2.781,2.969,30
B,8a09fc9,1,c4e2f6f,10000000,200,2,0,array,f64 min + max,8.147,5.364,5.695,3.330,3.935,30
B,8a09fc9,1,c4e2f6f,10000000,200,2,0,plan,f64 min,10.240,8.120,9.335,3.836,4.918,30
B,8a09fc9,1,c4e2f6f,10000000,200,2,0,plan,f64 max,9.560,8.195,9.350,3.784,5.035,30
B,8a09fc9,1,c4e2f6f,10000000,200,2,0,plan,f64 min + max,10.593,9.832,10.837,4.313,5.266,30
B,8a09fc9,1,c4e2f6f,10000000,200,1,1,array,f64 min,5.729,3.827,3.990,2.354,2.422,30
B,8a09fc9,1,c4e2f6f,10000000,200,1,1,array,f64 max,5.896,3.452,3.892,1.873,2.358,30
B,8a09fc9,1,c4e2f6f,10000000,200,1,1,array,f64 min + max,4.579,3.487,3.874,1.740,2.373,30
B,8a09fc9,1,c4e2f6f,10000000,200,1,1,plan,f64 min,6.970,4.456,6.048,2.283,2.498,30
B,8a09fc9,1,c4e2f6f,10000000,200,1,1,plan,f64 max,8.419,6.657,7.224,2.495,2.793,30
B,8a09fc9,1,c4e2f6f,10000000,200,1,1,plan,f64 min + max,11.954,8.413,9.404,3.425,4.089,30
B,8a09fc9,1,c4e2f6f,10000000,200,2,1,array,f64 min,7.631,4.808,5.295,2.845,3.108,30
B,8a09fc9,1,c4e2f6f,10000000,200,2,1,array,f64 max,7.829,4.894,5.408,3.053,3.274,30
B,8a09fc9,1,c4e2f6f,10000000,200,2,1,array,f64 min + max,7.690,4.587,5.336,2.781,3.227,30
B,8a09fc9,1,c4e2f6f,10000000,200,2,1,plan,f64 min,9.508,6.926,7.966,3.099,3.258,30
B,8a09fc9,1,c4e2f6f,10000000,200,2,1,plan,f64 max,11.684,7.707,8.681,3.341,4.026,30
B,8a09fc9,1,c4e2f6f,10000000,200,2,1,plan,f64 min + max,10.014,9.235,11.331,4.589,5.856,30
B,8a09fc9,1,8a09fc9,10000000,200,1,0,array,f64 min,4.819,3.063,3.541,1.740,1.933,30
B,8a09fc9,1,8a09fc9,10000000,200,1,0,array,f64 max,4.969,3.231,3.547,1.737,1.865,30
B,8a09fc9,1,8a09fc9,10000000,200,1,0,array,f64 min + max,5.570,3.179,3.503,1.698,1.843,30
B,8a09fc9,1,8a09fc9,10000000,200,1,0,array,count (control),5.388,3.976,4.223,1.755,1.789,30
B,8a09fc9,1,8a09fc9,10000000,200,1,0,array,int64 sum (control),5.277,4.054,4.367,1.419,1.784,30
B,8a09fc9,1,8a09fc9,10000000,200,1,0,plan,f64 min,8.304,5.714,6.506,2.307,2.544,30
B,8a09fc9,1,8a09fc9,10000000,200,1,0,plan,f64 max,7.953,3.556,4.492,2.057,2.181,30
B,8a09fc9,1,8a09fc9,10000000,200,1,0,plan,f64 min + max,9.917,6.413,6.922,2.578,2.902,30
B,8a09fc9,1,8a09fc9,10000000,200,1,0,plan,count (control),8.142,6.099,6.853,2.482,3.180,30
B,8a09fc9,1,8a09fc9,10000000,200,1,0,plan,int64 sum (control),10.894,5.809,7.256,2.427,2.652,30
B,8a09fc9,1,8a09fc9,10000000,200,2,0,array,f64 min,4.631,4.117,4.840,2.549,2.776,30
B,8a09fc9,1,8a09fc9,10000000,200,2,0,array,f64 max,7.472,5.545,5.695,3.868,3.977,30
B,8a09fc9,1,8a09fc9,10000000,200,2,0,array,f64 min + max,7.894,4.372,5.129,2.716,3.267,30
B,8a09fc9,1,8a09fc9,10000000,200,2,0,plan,f64 min,12.214,8.069,8.647,3.518,3.919,30
B,8a09fc9,1,8a09fc9,10000000,200,2,0,plan,f64 max,7.393,7.430,8.296,3.168,3.512,30
B,8a09fc9,1,8a09fc9,10000000,200,2,0,plan,f64 min + max,11.517,7.054,8.874,3.035,4.505,30
B,8a09fc9,1,8a09fc9,10000000,200,1,1,array,f64 min,3.990,3.406,3.659,1.722,1.866,30
B,8a09fc9,1,8a09fc9,10000000,200,1,1,array,f64 max,5.823,3.873,4.060,2.335,2.416,30
B,8a09fc9,1,8a09fc9,10000000,200,1,1,array,f64 min + max,5.287,3.315,4.014,1.756,2.343,30
B,8a09fc9,1,8a09fc9,10000000,200,1,1,plan,f64 min,8.708,6.789,7.627,2.771,3.597,30
B,8a09fc9,1,8a09fc9,10000000,200,1,1,plan,f64 max,8.278,6.766,7.499,2.718,3.111,30
B,8a09fc9,1,8a09fc9,10000000,200,1,1,plan,f64 min + max,7.982,6.647,7.643,2.733,3.640,30
B,8a09fc9,1,8a09fc9,10000000,200,2,1,array,f64 min,7.366,4.830,5.195,2.818,2.977,30
B,8a09fc9,1,8a09fc9,10000000,200,2,1,array,f64 max,7.733,4.763,5.108,2.768,2.954,30
B,8a09fc9,1,8a09fc9,10000000,200,2,1,array,f64 min + max,7.838,5.089,5.666,2.975,3.651,30
B,8a09fc9,1,8a09fc9,10000000,200,2,1,plan,f64 min,11.747,8.344,8.900,3.658,4.127,30
B,8a09fc9,1,8a09fc9,10000000,200,2,1,plan,f64 max,12.101,7.181,8.306,3.009,3.266,30
B,8a09fc9,1,8a09fc9,10000000,200,2,1,plan,f64 min + max,10.349,8.820,9.567,4.300,4.962,30
B,8a09fc9,1,c4e2f6f,10000000,10000,1,0,array,f64 min,8.493,4.107,4.893,1.755,2.340,30
B,8a09fc9,1,c4e2f6f,10000000,10000,1,0,array,f64 max,8.601,4.009,4.850,1.732,2.034,30
B,8a09fc9,1,c4e2f6f,10000000,10000,1,0,array,f64 min + max,8.767,3.586,4.325,1.693,2.310,30
B,8a09fc9,1,c4e2f6f,10000000,10000,1,0,array,count (control),4.171,3.162,3.485,1.601,1.773,30
B,8a09fc9,1,c4e2f6f,10000000,10000,1,0,array,int64 sum (control),7.484,3.438,4.480,1.457,1.815,30
B,8a09fc9,1,c4e2f6f,10000000,10000,1,0,plan,f64 min,10.025,6.446,7.583,2.792,3.493,30
B,8a09fc9,1,c4e2f6f,10000000,10000,1,0,plan,f64 max,12.008,4.318,5.167,2.369,2.604,30
B,8a09fc9,1,c4e2f6f,10000000,10000,1,0,plan,f64 min + max,17.476,4.991,5.581,2.819,2.987,30
B,8a09fc9,1,c4e2f6f,10000000,10000,1,0,plan,count (control),9.582,6.520,7.007,2.703,3.273,30
B,8a09fc9,1,c4e2f6f,10000000,10000,1,0,plan,int64 sum (control),12.240,3.791,4.174,2.276,2.451,30
B,8a09fc9,1,c4e2f6f,10000000,10000,2,0,array,f64 min,10.663,3.199,7.862,2.401,3.020,30
B,8a09fc9,1,c4e2f6f,10000000,10000,2,0,array,f64 max,8.765,3.144,3.741,2.218,2.332,30
B,8a09fc9,1,c4e2f6f,10000000,10000,2,0,array,f64 min + max,10.550,7.798,8.588,3.193,3.918,30
B,8a09fc9,1,c4e2f6f,10000000,10000,2,0,plan,f64 min,12.632,7.591,8.661,3.172,3.867,30
B,8a09fc9,1,c4e2f6f,10000000,10000,2,0,plan,f64 max,13.300,8.847,10.013,3.504,4.851,30
B,8a09fc9,1,c4e2f6f,10000000,10000,2,0,plan,f64 min + max,14.850,7.599,10.042,3.859,4.857,30
B,8a09fc9,1,c4e2f6f,10000000,10000,1,1,array,f64 min,6.756,2.974,3.689,1.624,1.750,30
B,8a09fc9,1,c4e2f6f,10000000,10000,1,1,array,f64 max,8.253,3.519,4.232,1.482,1.832,30
B,8a09fc9,1,c4e2f6f,10000000,10000,1,1,array,f64 min + max,8.032,2.568,2.852,1.593,1.691,30
B,8a09fc9,1,c4e2f6f,10000000,10000,1,1,plan,f64 min,10.242,3.314,3.653,2.052,2.130,30
B,8a09fc9,1,c4e2f6f,10000000,10000,1,1,plan,f64 max,12.430,7.090,8.157,2.713,3.286,30
B,8a09fc9,1,c4e2f6f,10000000,10000,1,1,plan,f64 min + max,16.248,6.651,7.483,3.123,3.678,30
B,8a09fc9,1,c4e2f6f,10000000,10000,2,1,array,f64 min,9.451,7.300,7.795,2.963,3.288,30
B,8a09fc9,1,c4e2f6f,10000000,10000,2,1,array,f64 max,10.034,7.387,8.155,2.987,3.764,30
B,8a09fc9,1,c4e2f6f,10000000,10000,2,1,array,f64 min + max,9.633,6.208,6.909,2.752,3.177,30
B,8a09fc9,1,c4e2f6f,10000000,10000,2,1,plan,f64 min,11.946,5.539,6.060,2.776,3.010,30
B,8a09fc9,1,c4e2f6f,10000000,10000,2,1,plan,f64 max,11.008,7.977,8.445,3.605,4.120,30
B,8a09fc9,1,c4e2f6f,10000000,10000,2,1,plan,f64 min + max,14.705,5.189,5.926,3.141,3.591,30
B,8a09fc9,1,8a09fc9,10000000,10000,1,0,array,f64 min,7.350,3.260,4.237,1.707,1.887,30
B,8a09fc9,1,8a09fc9,10000000,10000,1,0,array,f64 max,7.210,3.253,4.561,1.742,1.918,30
B,8a09fc9,1,8a09fc9,10000000,10000,1,0,array,f64 min + max,7.399,4.964,5.535,1.791,2.385,30
B,8a09fc9,1,8a09fc9,10000000,10000,1,0,array,count (control),3.758,2.990,3.233,1.376,1.483,30
B,8a09fc9,1,8a09fc9,10000000,10000,1,0,array,int64 sum (control),7.605,3.641,4.399,1.523,1.845,30
B,8a09fc9,1,8a09fc9,10000000,10000,1,0,plan,f64 min,11.107,8.049,8.791,2.724,3.226,30
B,8a09fc9,1,8a09fc9,10000000,10000,1,0,plan,f64 max,9.307,5.097,7.414,2.242,2.621,30
B,8a09fc9,1,8a09fc9,10000000,10000,1,0,plan,f64 min + max,9.951,8.352,8.656,2.752,2.946,30
B,8a09fc9,1,8a09fc9,10000000,10000,1,0,plan,count (control),7.320,6.315,6.632,2.583,2.858,30
B,8a09fc9,1,8a09fc9,10000000,10000,1,0,plan,int64 sum (control),10.163,3.222,5.239,1.953,2.344,30
B,8a09fc9,1,8a09fc9,10000000,10000,2,0,array,f64 min,6.276,4.891,6.329,2.612,2.868,30
B,8a09fc9,1,8a09fc9,10000000,10000,2,0,array,f64 max,8.301,6.234,6.747,2.896,3.128,30
B,8a09fc9,1,8a09fc9,10000000,10000,2,0,array,f64 min + max,7.295,6.539,7.236,3.104,3.875,30
B,8a09fc9,1,8a09fc9,10000000,10000,2,0,plan,f64 min,12.562,9.631,10.511,3.807,5.008,30
B,8a09fc9,1,8a09fc9,10000000,10000,2,0,plan,f64 max,13.160,8.082,9.596,3.406,3.649,30
B,8a09fc9,1,8a09fc9,10000000,10000,2,0,plan,f64 min + max,11.524,8.458,9.115,3.391,3.565,30
B,8a09fc9,1,8a09fc9,10000000,10000,1,1,array,f64 min,6.040,3.892,5.065,1.808,2.392,30
B,8a09fc9,1,8a09fc9,10000000,10000,1,1,array,f64 max,7.436,4.463,5.339,1.889,2.219,30
B,8a09fc9,1,8a09fc9,10000000,10000,1,1,array,f64 min + max,6.801,5.223,5.443,2.329,2.455,30
B,8a09fc9,1,8a09fc9,10000000,10000,1,1,plan,f64 min,10.645,3.478,6.487,2.098,2.816,30
B,8a09fc9,1,8a09fc9,10000000,10000,1,1,plan,f64 max,10.715,3.640,8.500,2.147,3.413,30
B,8a09fc9,1,8a09fc9,10000000,10000,1,1,plan,f64 min + max,10.027,3.601,8.144,2.186,2.884,30
B,8a09fc9,1,8a09fc9,10000000,10000,2,1,array,f64 min,8.031,5.149,6.043,2.612,2.825,30
B,8a09fc9,1,8a09fc9,10000000,10000,2,1,array,f64 max,7.938,6.339,7.027,2.828,3.839,30
B,8a09fc9,1,8a09fc9,10000000,10000,2,1,array,f64 min + max,7.162,6.297,7.038,2.968,3.908,30
B,8a09fc9,1,8a09fc9,10000000,10000,2,1,plan,f64 min,10.671,9.102,9.879,3.664,4.269,30
B,8a09fc9,1,8a09fc9,10000000,10000,2,1,plan,f64 max,9.962,9.343,10.080,3.722,4.308,30
B,8a09fc9,1,8a09fc9,10000000,10000,2,1,plan,f64 min + max,12.890,7.722,8.770,3.046,3.257,30
B,8a09fc9,1,c4e2f6f,10000000,100000,1,0,array,f64 min,10.223,3.460,3.674,1.623,1.743,30
B,8a09fc9,1,c4e2f6f,10000000,100000,1,0,array,f64 max,9.313,3.572,3.850,1.655,1.812,30
B,8a09fc9,1,c4e2f6f,10000000,100000,1,0,array,f64 min + max,11.138,4.113,4.971,2.275,2.359,30
B,8a09fc9,1,c4e2f6f,10000000,100000,1,0,array,count (control),5.448,4.060,4.519,1.381,1.796,30
B,8a09fc9,1,c4e2f6f,10000000,100000,1,0,array,int64 sum (control),7.646,2.600,2.859,1.265,1.381,30
B,8a09fc9,1,c4e2f6f,10000000,100000,1,0,plan,f64 min,14.034,6.116,6.531,2.721,3.751,30
B,8a09fc9,1,c4e2f6f,10000000,100000,1,0,plan,f64 max,13.014,6.214,7.027,2.826,3.038,30
B,8a09fc9,1,c4e2f6f,10000000,100000,1,0,plan,f64 min + max,20.966,8.832,9.450,3.100,3.738,30
B,8a09fc9,1,c4e2f6f,10000000,100000,1,0,plan,count (control),11.067,7.629,8.074,2.788,2.969,30
B,8a09fc9,1,c4e2f6f,10000000,100000,1,0,plan,int64 sum (control),14.473,3.848,6.211,2.308,2.890,30
B,8a09fc9,1,c4e2f6f,10000000,100000,2,0,array,f64 min,12.702,4.232,4.624,2.536,2.839,30
B,8a09fc9,1,c4e2f6f,10000000,100000,2,0,array,f64 max,12.365,8.199,8.928,3.125,3.513,30
B,8a09fc9,1,c4e2f6f,10000000,100000,2,0,array,f64 min + max,11.268,7.624,8.371,2.839,3.791,30
B,8a09fc9,1,c4e2f6f,10000000,100000,2,0,plan,f64 min,17.120,5.942,9.279,3.482,4.574,30
B,8a09fc9,1,c4e2f6f,10000000,100000,2,0,plan,f64 max,15.290,5.895,8.270,3.536,4.963,30
B,8a09fc9,1,c4e2f6f,10000000,100000,2,0,plan,f64 min + max,16.449,8.212,9.866,3.623,4.140,30
B,8a09fc9,1,c4e2f6f,10000000,100000,1,1,array,f64 min,10.980,3.005,3.496,1.556,1.877,30
B,8a09fc9,1,c4e2f6f,10000000,100000,1,1,array,f64 max,10.539,4.504,5.709,1.884,2.402,30
B,8a09fc9,1,c4e2f6f,10000000,100000,1,1,array,f64 min + max,9.667,3.790,4.407,1.631,1.888,30
B,8a09fc9,1,c4e2f6f,10000000,100000,1,1,plan,f64 min,14.953,6.886,7.590,2.825,3.140,30
B,8a09fc9,1,c4e2f6f,10000000,100000,1,1,plan,f64 max,14.968,6.106,8.042,2.666,3.242,30
B,8a09fc9,1,c4e2f6f,10000000,100000,1,1,plan,f64 min + max,18.152,8.497,9.517,3.105,4.012,30
B,8a09fc9,1,c4e2f6f,10000000,100000,2,1,array,f64 min,10.467,3.530,3.832,2.341,2.436,30
B,8a09fc9,1,c4e2f6f,10000000,100000,2,1,array,f64 max,11.883,7.889,8.692,3.145,3.977,30
B,8a09fc9,1,c4e2f6f,10000000,100000,2,1,array,f64 min + max,11.994,8.397,9.167,3.257,3.961,30
B,8a09fc9,1,c4e2f6f,10000000,100000,2,1,plan,f64 min,13.218,5.761,7.360,3.402,4.119,30
B,8a09fc9,1,c4e2f6f,10000000,100000,2,1,plan,f64 max,14.681,7.832,8.463,3.506,3.840,30
B,8a09fc9,1,c4e2f6f,10000000,100000,2,1,plan,f64 min + max,22.016,7.903,8.951,3.288,3.509,30
B,8a09fc9,1,8a09fc9,10000000,100000,1,0,array,f64 min,8.615,2.855,3.606,1.692,2.291,30
B,8a09fc9,1,8a09fc9,10000000,100000,1,0,array,f64 max,7.857,4.592,4.770,2.039,2.468,30
B,8a09fc9,1,8a09fc9,10000000,100000,1,0,array,f64 min + max,9.134,4.268,5.428,1.747,2.212,30
B,8a09fc9,1,8a09fc9,10000000,100000,1,0,array,count (control),5.722,2.770,4.000,1.281,1.376,30
B,8a09fc9,1,8a09fc9,10000000,100000,1,0,array,int64 sum (control),8.139,4.007,4.434,1.847,1.870,30
B,8a09fc9,1,8a09fc9,10000000,100000,1,0,plan,f64 min,13.609,3.723,7.272,2.111,2.899,30
B,8a09fc9,1,8a09fc9,10000000,100000,1,0,plan,f64 max,13.598,5.599,6.503,2.629,2.904,30
B,8a09fc9,1,8a09fc9,10000000,100000,1,0,plan,f64 min + max,13.508,4.490,5.290,2.524,2.725,30
B,8a09fc9,1,8a09fc9,10000000,100000,1,0,plan,count (control),9.153,6.673,8.334,2.827,3.367,30
B,8a09fc9,1,8a09fc9,10000000,100000,1,0,plan,int64 sum (control),14.216,3.946,6.243,2.392,2.955,30
B,8a09fc9,1,8a09fc9,10000000,100000,2,0,array,f64 min,9.764,7.066,8.319,2.854,3.506,30
B,8a09fc9,1,8a09fc9,10000000,100000,2,0,array,f64 max,10.792,8.019,8.376,3.004,3.399,30
B,8a09fc9,1,8a09fc9,10000000,100000,2,0,array,f64 min + max,10.386,7.282,8.227,2.712,3.243,30
B,8a09fc9,1,8a09fc9,10000000,100000,2,0,plan,f64 min,15.213,4.654,5.650,2.960,3.285,30
B,8a09fc9,1,8a09fc9,10000000,100000,2,0,plan,f64 max,14.079,4.943,9.241,3.105,4.151,30
B,8a09fc9,1,8a09fc9,10000000,100000,2,0,plan,f64 min + max,13.012,5.068,6.477,3.368,3.916,30
B,8a09fc9,1,8a09fc9,10000000,100000,1,1,array,f64 min,8.770,4.584,6.043,2.030,2.462,30
B,8a09fc9,1,8a09fc9,10000000,100000,1,1,array,f64 max,8.138,2.788,3.381,1.601,1.739,30
B,8a09fc9,1,8a09fc9,10000000,100000,1,1,array,f64 min + max,8.902,3.430,3.918,1.547,1.701,30
B,8a09fc9,1,8a09fc9,10000000,100000,1,1,plan,f64 min,11.992,3.966,4.613,2.465,2.708,30
B,8a09fc9,1,8a09fc9,10000000,100000,1,1,plan,f64 max,11.291,4.376,5.329,2.498,2.781,30
B,8a09fc9,1,8a09fc9,10000000,100000,1,1,plan,f64 min + max,13.655,7.249,8.480,2.766,3.710,30
B,8a09fc9,1,8a09fc9,10000000,100000,2,1,array,f64 min,9.256,2.965,3.237,2.104,2.407,30
B,8a09fc9,1,8a09fc9,10000000,100000,2,1,array,f64 max,8.970,3.553,8.236,2.850,3.530,30
B,8a09fc9,1,8a09fc9,10000000,100000,2,1,array,f64 min + max,10.152,8.157,8.544,3.297,3.945,30
B,8a09fc9,1,8a09fc9,10000000,100000,2,1,plan,f64 min,11.564,4.973,10.071,3.629,4.099,30
B,8a09fc9,1,8a09fc9,10000000,100000,2,1,plan,f64 max,11.962,9.131,10.170,3.754,4.310,30
B,8a09fc9,1,8a09fc9,10000000,100000,2,1,plan,f64 min + max,14.984,8.179,9.827,3.318,3.714,30
B,8a09fc9,1,c4e2f6f,10000000,1000000,1,0,array,f64 min,9.236,4.347,4.579,1.702,1.847,30
B,8a09fc9,1,c4e2f6f,10000000,1000000,1,0,array,f64 max,11.257,4.191,4.678,1.484,1.935,30
B,8a09fc9,1,c4e2f6f,10000000,1000000,1,0,array,f64 min + max,11.392,4.529,5.024,1.929,2.359,30
B,8a09fc9,1,c4e2f6f,10000000,1000000,1,0,array,count (control),7.537,4.385,5.651,1.520,1.938,30
B,8a09fc9,1,c4e2f6f,10000000,1000000,1,0,array,int64 sum (control),10.015,2.873,3.845,1.163,1.437,30
B,8a09fc9,1,c4e2f6f,10000000,1000000,1,0,plan,f64 min,19.299,5.157,8.789,2.390,3.419,30
B,8a09fc9,1,c4e2f6f,10000000,1000000,1,0,plan,f64 max,21.206,5.067,7.843,2.414,3.517,30
B,8a09fc9,1,c4e2f6f,10000000,1000000,1,0,plan,f64 min + max,18.617,7.596,9.126,2.862,3.513,30
B,8a09fc9,1,c4e2f6f,10000000,1000000,1,0,plan,count (control),16.452,3.737,7.289,2.901,4.295,30
B,8a09fc9,1,c4e2f6f,10000000,1000000,1,0,plan,int64 sum (control),23.288,6.011,6.963,3.937,4.169,30
B,8a09fc9,1,c4e2f6f,10000000,1000000,2,0,array,f64 min,12.039,8.510,9.164,3.318,4.336,30
B,8a09fc9,1,c4e2f6f,10000000,1000000,2,0,array,f64 max,12.678,5.601,6.336,2.666,3.036,30
B,8a09fc9,1,c4e2f6f,10000000,1000000,2,0,array,f64 min + max,13.095,4.979,5.590,2.711,2.946,30
B,8a09fc9,1,c4e2f6f,10000000,1000000,2,0,plan,f64 min,20.534,6.438,18.227,3.525,7.151,26
B,8a09fc9,1,c4e2f6f,10000000,1000000,2,0,plan,f64 max,15.296,6.874,9.477,3.702,4.713,30
B,8a09fc9,1,c4e2f6f,10000000,1000000,2,0,plan,f64 min + max,25.394,8.173,13.529,3.594,5.247,30
B,8a09fc9,1,c4e2f6f,10000000,1000000,1,1,array,f64 min,10.134,4.072,4.311,1.508,1.780,30
B,8a09fc9,1,c4e2f6f,10000000,1000000,1,1,array,f64 max,11.609,4.328,5.061,1.789,2.398,30
B,8a09fc9,1,c4e2f6f,10000000,1000000,1,1,array,f64 min + max,11.800,4.198,4.511,1.702,1.926,30
B,8a09fc9,1,c4e2f6f,10000000,1000000,1,1,plan,f64 min,18.978,4.936,5.275,2.289,2.519,30
B,8a09fc9,1,c4e2f6f,10000000,1000000,1,1,plan,f64 max,18.021,4.925,6.399,2.334,2.977,30
B,8a09fc9,1,c4e2f6f,10000000,1000000,1,1,plan,f64 min + max,24.617,7.323,8.034,2.792,3.216,30
B,8a09fc9,1,c4e2f6f,10000000,1000000,2,1,array,f64 min,11.307,4.650,5.068,2.515,2.677,30
B,8a09fc9,1,c4e2f6f,10000000,1000000,2,1,array,f64 max,11.107,4.972,6.142,2.744,3.614,30
B,8a09fc9,1,c4e2f6f,10000000,1000000,2,1,array,f64 min + max,13.249,5.548,6.078,2.859,3.284,30
B,8a09fc9,1,c4e2f6f,10000000,1000000,2,1,plan,f64 min,19.447,9.481,14.886,4.700,5.489,28
B,8a09fc9,1,c4e2f6f,10000000,1000000,2,1,plan,f64 max,18.381,5.593,9.302,3.158,4.418,30
B,8a09fc9,1,c4e2f6f,10000000,1000000,2,1,plan,f64 min + max,18.699,8.282,10.097,3.722,4.311,30
B,8a09fc9,1,8a09fc9,10000000,1000000,1,0,array,f64 min,10.291,3.971,5.106,1.654,2.019,30
B,8a09fc9,1,8a09fc9,10000000,1000000,1,0,array,f64 max,10.527,3.320,4.443,1.499,1.730,30
B,8a09fc9,1,8a09fc9,10000000,1000000,1,0,array,f64 min + max,9.614,4.377,5.263,1.800,2.009,30
B,8a09fc9,1,8a09fc9,10000000,1000000,1,0,array,count (control),7.214,3.358,5.227,1.565,1.972,30
B,8a09fc9,1,8a09fc9,10000000,1000000,1,0,array,int64 sum (control),10.003,4.417,6.091,1.521,1.797,30
B,8a09fc9,1,8a09fc9,10000000,1000000,1,0,plan,f64 min,17.307,4.183,4.682,2.324,2.556,30
B,8a09fc9,1,8a09fc9,10000000,1000000,1,0,plan,f64 max,18.674,6.611,6.999,2.848,3.198,30
B,8a09fc9,1,8a09fc9,10000000,1000000,1,0,plan,f64 min + max,12.991,4.172,4.754,2.311,2.604,30
B,8a09fc9,1,8a09fc9,10000000,1000000,1,0,plan,count (control),10.750,3.464,4.255,2.647,3.086,30
B,8a09fc9,1,8a09fc9,10000000,1000000,1,0,plan,int64 sum (control),22.739,5.803,8.110,3.756,4.928,30
B,8a09fc9,1,8a09fc9,10000000,1000000,2,0,array,f64 min,11.512,6.387,7.388,3.012,3.850,30
B,8a09fc9,1,8a09fc9,10000000,1000000,2,0,array,f64 max,11.268,5.112,6.759,2.442,2.783,30
B,8a09fc9,1,8a09fc9,10000000,1000000,2,0,array,f64 min + max,11.505,4.584,5.189,2.384,2.604,30
B,8a09fc9,1,8a09fc9,10000000,1000000,2,0,plan,f64 min,13.236,4.911,8.144,3.169,4.053,30
B,8a09fc9,1,8a09fc9,10000000,1000000,2,0,plan,f64 max,15.334,6.892,12.296,3.894,4.512,30
B,8a09fc9,1,8a09fc9,10000000,1000000,2,0,plan,f64 min + max,14.669,8.448,11.915,3.992,4.357,30
B,8a09fc9,1,8a09fc9,10000000,1000000,1,1,array,f64 min,9.109,3.124,3.312,1.406,1.561,30
B,8a09fc9,1,8a09fc9,10000000,1000000,1,1,array,f64 max,9.339,3.078,3.402,1.433,1.563,30
B,8a09fc9,1,8a09fc9,10000000,1000000,1,1,array,f64 min + max,9.993,3.174,3.681,1.531,1.609,30
B,8a09fc9,1,8a09fc9,10000000,1000000,1,1,plan,f64 min,12.158,4.829,8.401,2.690,3.376,30
B,8a09fc9,1,8a09fc9,10000000,1000000,1,1,plan,f64 max,13.845,5.465,7.123,2.734,3.002,30
B,8a09fc9,1,8a09fc9,10000000,1000000,1,1,plan,f64 min + max,13.009,4.179,5.350,2.437,2.827,30
B,8a09fc9,1,8a09fc9,10000000,1000000,2,1,array,f64 min,10.011,5.189,5.592,2.533,2.839,30
B,8a09fc9,1,8a09fc9,10000000,1000000,2,1,array,f64 max,9.784,6.286,7.969,2.804,2.919,30
B,8a09fc9,1,8a09fc9,10000000,1000000,2,1,array,f64 min + max,9.829,5.414,6.719,2.725,2.890,30
B,8a09fc9,1,8a09fc9,10000000,1000000,2,1,plan,f64 min,14.029,8.643,11.194,3.942,4.262,30
B,8a09fc9,1,8a09fc9,10000000,1000000,2,1,plan,f64 max,13.776,6.473,10.225,3.768,4.198,30
B,8a09fc9,1,8a09fc9,10000000,1000000,2,1,plan,f64 min + max,12.506,9.297,10.654,3.806,4.103,30
B,8a09fc9,1,c4e2f6f,10000000,rows/2,1,0,array,f64 min,20.768,9.664,10.378,1.681,2.554,30
B,8a09fc9,1,c4e2f6f,10000000,rows/2,1,0,array,f64 max,18.154,9.535,9.746,1.547,1.752,30
B,8a09fc9,1,c4e2f6f,10000000,rows/2,1,0,array,f64 min + max,16.477,9.573,9.889,1.627,1.935,30
B,8a09fc9,1,c4e2f6f,10000000,rows/2,1,0,array,count (control),7.633,4.846,6.362,1.672,2.127,30
B,8a09fc9,1,c4e2f6f,10000000,rows/2,1,0,array,int64 sum (control),15.992,6.347,6.447,1.659,1.772,30
B,8a09fc9,1,c4e2f6f,10000000,rows/2,1,0,plan,f64 min,29.386,14.994,16.042,4.179,5.024,25
B,8a09fc9,1,c4e2f6f,10000000,rows/2,1,0,plan,f64 max,37.260,15.015,16.359,4.088,4.717,25
B,8a09fc9,1,c4e2f6f,10000000,rows/2,1,0,plan,f64 min + max,38.549,22.771,23.123,4.687,4.989,17
B,8a09fc9,1,c4e2f6f,10000000,rows/2,1,0,plan,count (control),18.484,10.348,10.533,5.674,5.797,30
B,8a09fc9,1,c4e2f6f,10000000,rows/2,1,0,plan,int64 sum (control),44.876,19.624,20.228,10.762,11.267,20
B,8a09fc9,1,c4e2f6f,10000000,rows/2,2,0,array,f64 min,22.900,10.442,10.597,3.001,3.205,30
B,8a09fc9,1,c4e2f6f,10000000,rows/2,2,0,array,f64 max,24.247,10.480,11.542,3.084,4.319,30
B,8a09fc9,1,c4e2f6f,10000000,rows/2,2,0,array,f64 min + max,20.799,10.583,11.113,3.127,3.783,30
B,8a09fc9,1,c4e2f6f,10000000,rows/2,2,0,plan,f64 min,33.026,15.654,16.636,4.744,5.339,24
B,8a09fc9,1,c4e2f6f,10000000,rows/2,2,0,plan,f64 max,34.238,15.930,17.238,4.684,6.040,23
B,8a09fc9,1,c4e2f6f,10000000,rows/2,2,0,plan,f64 min + max,37.246,23.696,24.557,5.295,5.862,17
B,8a09fc9,1,c4e2f6f,10000000,rows/2,1,1,array,f64 min,18.237,9.394,10.028,2.002,2.815,30
B,8a09fc9,1,c4e2f6f,10000000,rows/2,1,1,array,f64 max,18.847,9.366,10.117,1.936,2.919,30
B,8a09fc9,1,c4e2f6f,10000000,rows/2,1,1,array,f64 min + max,19.274,9.428,9.679,2.005,2.322,30
B,8a09fc9,1,c4e2f6f,10000000,rows/2,1,1,plan,f64 min,24.978,14.529,14.763,4.094,4.220,27
B,8a09fc9,1,c4e2f6f,10000000,rows/2,1,1,plan,f64 max,31.515,14.507,14.765,4.051,4.206,27
B,8a09fc9,1,c4e2f6f,10000000,rows/2,1,1,plan,f64 min + max,45.867,21.802,22.013,4.588,4.753,18
B,8a09fc9,1,c4e2f6f,10000000,rows/2,2,1,array,f64 min,17.248,10.061,10.425,3.098,3.603,30
B,8a09fc9,1,c4e2f6f,10000000,rows/2,2,1,array,f64 max,19.435,9.647,9.860,2.641,2.863,30
B,8a09fc9,1,c4e2f6f,10000000,rows/2,2,1,array,f64 min + max,17.740,9.983,10.722,3.024,3.976,30
B,8a09fc9,1,c4e2f6f,10000000,rows/2,2,1,plan,f64 min,33.314,15.264,15.515,4.657,4.745,26
B,8a09fc9,1,c4e2f6f,10000000,rows/2,2,1,plan,f64 max,29.925,15.231,15.594,4.743,4.814,26
B,8a09fc9,1,c4e2f6f,10000000,rows/2,2,1,plan,f64 min + max,46.012,22.671,22.859,5.245,5.355,17
B,8a09fc9,1,8a09fc9,10000000,rows/2,1,0,array,f64 min,14.598,6.157,7.411,1.501,2.319,30
B,8a09fc9,1,8a09fc9,10000000,rows/2,1,0,array,f64 max,13.235,6.210,6.315,1.548,1.682,30
B,8a09fc9,1,8a09fc9,10000000,rows/2,1,0,array,f64 min + max,13.307,6.274,6.904,1.637,2.321,30
B,8a09fc9,1,8a09fc9,10000000,rows/2,1,0,array,count (control),7.604,3.477,4.443,1.688,1.976,30
B,8a09fc9,1,8a09fc9,10000000,rows/2,1,0,array,int64 sum (control),16.231,7.296,9.261,2.661,2.963,30
B,8a09fc9,1,8a09fc9,10000000,rows/2,1,0,plan,f64 min,30.558,11.783,13.476,4.033,5.421,29
B,8a09fc9,1,8a09fc9,10000000,rows/2,1,0,plan,f64 max,24.093,11.616,12.535,4.021,4.666,30
B,8a09fc9,1,8a09fc9,10000000,rows/2,1,0,plan,f64 min + max,31.251,11.555,11.844,4.038,4.200,30
B,8a09fc9,1,8a09fc9,10000000,rows/2,1,0,plan,count (control),23.177,10.426,10.686,5.739,5.867,30
B,8a09fc9,1,8a09fc9,10000000,rows/2,1,0,plan,int64 sum (control),47.853,18.625,19.713,10.624,11.075,20
B,8a09fc9,1,8a09fc9,10000000,rows/2,2,0,array,f64 min,16.151,7.494,8.384,3.143,3.856,30
B,8a09fc9,1,8a09fc9,10000000,rows/2,2,0,array,f64 max,18.682,8.146,9.516,3.109,3.652,30
B,8a09fc9,1,8a09fc9,10000000,rows/2,2,0,array,f64 min + max,18.508,7.372,8.482,3.058,4.008,30
B,8a09fc9,1,8a09fc9,10000000,rows/2,2,0,plan,f64 min,33.024,12.492,12.876,4.721,4.947,30
B,8a09fc9,1,8a09fc9,10000000,rows/2,2,0,plan,f64 max,37.728,12.544,12.770,4.687,4.827,30
B,8a09fc9,1,8a09fc9,10000000,rows/2,2,0,plan,f64 min + max,24.972,12.590,13.480,4.740,5.593,30
B,8a09fc9,1,8a09fc9,10000000,rows/2,1,1,array,f64 min,16.227,6.197,7.021,1.850,2.164,30
B,8a09fc9,1,8a09fc9,10000000,rows/2,1,1,array,f64 max,14.740,5.941,6.382,1.622,2.137,30
B,8a09fc9,1,8a09fc9,10000000,rows/2,1,1,array,f64 min + max,14.548,5.908,6.630,1.613,2.226,30
B,8a09fc9,1,8a09fc9,10000000,rows/2,1,1,plan,f64 min,28.843,11.283,11.782,4.027,4.235,30
B,8a09fc9,1,8a09fc9,10000000,rows/2,1,1,plan,f64 max,21.026,11.349,11.612,4.010,4.172,30
B,8a09fc9,1,8a09fc9,10000000,rows/2,1,1,plan,f64 min + max,29.941,11.435,12.931,4.038,5.192,30
B,8a09fc9,1,8a09fc9,10000000,rows/2,2,1,array,f64 min,20.212,8.600,9.882,3.695,4.285,30
B,8a09fc9,1,8a09fc9,10000000,rows/2,2,1,array,f64 max,16.758,8.297,8.833,3.133,3.430,30
B,8a09fc9,1,8a09fc9,10000000,rows/2,2,1,array,f64 min + max,16.432,8.245,9.190,3.089,3.711,30
B,8a09fc9,1,8a09fc9,10000000,rows/2,2,1,plan,f64 min,34.289,12.138,12.543,4.761,4.871,30
B,8a09fc9,1,8a09fc9,10000000,rows/2,2,1,plan,f64 max,34.218,12.142,12.533,4.743,4.881,30
B,8a09fc9,1,8a09fc9,10000000,rows/2,2,1,plan,f64 min + max,32.808,11.976,12.547,4.762,4.883,30
B,8a09fc9,1,c4e2f6f,50000000,200,1,0,array,f64 min,10.591,4.955,5.243,1.714,1.985,30
B,8a09fc9,1,c4e2f6f,50000000,200,1,0,array,f64 max,11.897,5.008,5.508,1.588,2.115,30
B,8a09fc9,1,c4e2f6f,50000000,200,1,0,array,f64 min + max,12.369,5.171,5.495,1.768,2.198,30
B,8a09fc9,1,c4e2f6f,50000000,200,1,0,array,count (control),9.331,3.666,4.007,1.466,1.760,30
B,8a09fc9,1,c4e2f6f,50000000,200,1,0,array,int64 sum (control),10.431,4.190,4.537,1.404,1.817,30
B,8a09fc9,1,c4e2f6f,50000000,200,1,0,plan,f64 min,14.528,7.098,7.410,2.386,2.778,30
B,8a09fc9,1,c4e2f6f,50000000,200,1,0,plan,f64 max,15.553,7.423,7.642,2.490,2.815,30
B,8a09fc9,1,c4e2f6f,50000000,200,1,0,plan,f64 min + max,19.616,9.720,10.007,2.630,2.887,30
B,8a09fc9,1,c4e2f6f,50000000,200,1,0,plan,count (control),13.394,6.147,6.838,2.517,2.709,30
B,8a09fc9,1,c4e2f6f,50000000,200,1,0,plan,int64 sum (control),13.189,6.733,6.971,2.347,2.633,30
B,8a09fc9,1,c4e2f6f,50000000,200,2,0,array,f64 min,14.453,7.145,7.840,2.899,3.690,30
B,8a09fc9,1,c4e2f6f,50000000,200,2,0,array,f64 max,14.379,7.055,7.870,2.811,3.732,30
B,8a09fc9,1,c4e2f6f,50000000,200,2,0,array,f64 min + max,13.001,6.875,7.527,2.834,3.679,30
B,8a09fc9,1,c4e2f6f,50000000,200,2,0,plan,f64 min,15.015,8.859,9.077,3.094,3.324,30
B,8a09fc9,1,c4e2f6f,50000000,200,2,0,plan,f64 max,18.751,9.512,9.913,3.554,3.866,30
B,8a09fc9,1,c4e2f6f,50000000,200,2,0,plan,f64 min + max,24.294,11.559,12.284,3.577,4.584,30
B,8a09fc9,1,c4e2f6f,50000000,200,1,1,array,f64 min,14.115,5.064,5.549,1.733,2.300,30
B,8a09fc9,1,c4e2f6f,50000000,200,1,1,array,f64 max,9.743,4.983,5.048,1.552,1.611,30
B,8a09fc9,1,c4e2f6f,50000000,200,1,1,array,f64 min + max,12.180,5.069,5.175,1.671,1.775,30
B,8a09fc9,1,c4e2f6f,50000000,200,1,1,plan,f64 min,18.858,7.891,8.199,2.563,3.266,30
B,8a09fc9,1,c4e2f6f,50000000,200,1,1,plan,f64 max,19.701,7.337,7.752,2.672,2.923,30
B,8a09fc9,1,c4e2f6f,50000000,200,1,1,plan,f64 min + max,22.226,10.169,10.778,3.236,3.660,30
B,8a09fc9,1,c4e2f6f,50000000,200,2,1,array,f64 min,13.725,6.659,6.860,2.417,2.608,30
B,8a09fc9,1,c4e2f6f,50000000,200,2,1,array,f64 max,15.705,7.182,7.679,2.882,3.164,30
B,8a09fc9,1,c4e2f6f,50000000,200,2,1,array,f64 min + max,15.513,7.192,7.498,2.792,3.002,30
B,8a09fc9,1,c4e2f6f,50000000,200,2,1,plan,f64 min,21.197,9.417,9.987,3.748,4.196,30
B,8a09fc9,1,c4e2f6f,50000000,200,2,1,plan,f64 max,23.312,9.438,9.728,3.480,3.823,30
B,8a09fc9,1,c4e2f6f,50000000,200,2,1,plan,f64 min + max,25.674,11.711,11.902,3.582,3.864,30
B,8a09fc9,1,8a09fc9,50000000,200,1,0,array,f64 min,9.327,4.856,4.995,1.593,1.671,30
B,8a09fc9,1,8a09fc9,50000000,200,1,0,array,f64 max,9.604,4.981,5.177,1.682,1.907,30
B,8a09fc9,1,8a09fc9,50000000,200,1,0,array,f64 min + max,11.349,5.010,5.254,1.626,1.779,30
B,8a09fc9,1,8a09fc9,50000000,200,1,0,array,count (control),9.596,3.860,4.395,1.477,1.759,30
B,8a09fc9,1,8a09fc9,50000000,200,1,0,array,int64 sum (control),9.448,4.101,4.407,1.469,1.793,30
B,8a09fc9,1,8a09fc9,50000000,200,1,0,plan,f64 min,18.623,7.204,7.731,2.641,2.939,30
B,8a09fc9,1,8a09fc9,50000000,200,1,0,plan,f64 max,18.368,7.094,7.534,2.280,2.708,30
B,8a09fc9,1,8a09fc9,50000000,200,1,0,plan,f64 min + max,14.851,7.584,8.172,2.557,3.079,30
B,8a09fc9,1,8a09fc9,50000000,200,1,0,plan,count (control),12.253,5.811,6.152,2.270,2.405,30
B,8a09fc9,1,8a09fc9,50000000,200,1,0,plan,int64 sum (control),18.011,6.254,8.377,2.079,2.590,30
B,8a09fc9,1,8a09fc9,50000000,200,2,0,array,f64 min,12.466,6.978,7.317,2.755,3.021,30
B,8a09fc9,1,8a09fc9,50000000,200,2,0,array,f64 max,13.778,6.828,7.613,2.744,3.670,30
B,8a09fc9,1,8a09fc9,50000000,200,2,0,array,f64 min + max,12.404,6.868,7.211,2.745,2.902,30
B,8a09fc9,1,8a09fc9,50000000,200,2,0,plan,f64 min,15.997,9.265,9.665,3.472,4.105,30
B,8a09fc9,1,8a09fc9,50000000,200,2,0,plan,f64 max,19.824,8.898,9.319,3.370,3.726,30
B,8a09fc9,1,8a09fc9,50000000,200,2,0,plan,f64 min + max,19.235,8.826,9.997,3.065,3.900,30
B,8a09fc9,1,8a09fc9,50000000,200,1,1,array,f64 min,12.469,5.264,5.639,2.017,2.317,30
B,8a09fc9,1,8a09fc9,50000000,200,1,1,array,f64 max,13.137,5.125,5.347,1.672,1.868,30
B,8a09fc9,1,8a09fc9,50000000,200,1,1,array,f64 min + max,14.531,5.041,5.128,1.691,1.771,30
B,8a09fc9,1,8a09fc9,50000000,200,1,1,plan,f64 min,18.715,7.290,7.565,2.510,2.824,30
B,8a09fc9,1,8a09fc9,50000000,200,1,1,plan,f64 max,17.828,7.093,7.658,2.258,2.361,30
B,8a09fc9,1,8a09fc9,50000000,200,1,1,plan,f64 min + max,13.967,7.208,7.404,2.340,2.602,30
B,8a09fc9,1,8a09fc9,50000000,200,2,1,array,f64 min,15.712,6.937,7.572,2.518,2.957,30
B,8a09fc9,1,8a09fc9,50000000,200,2,1,array,f64 max,15.767,7.487,8.113,2.858,3.742,30
B,8a09fc9,1,8a09fc9,50000000,200,2,1,array,f64 min + max,13.744,6.827,7.649,2.810,3.758,30
B,8a09fc9,1,8a09fc9,50000000,200,2,1,plan,f64 min,22.186,9.058,10.287,3.147,4.290,30
B,8a09fc9,1,8a09fc9,50000000,200,2,1,plan,f64 max,21.209,9.501,10.046,3.583,4.195,30
B,8a09fc9,1,8a09fc9,50000000,200,2,1,plan,f64 min + max,22.630,9.217,9.751,3.605,3.888,30
B,8a09fc9,1,c4e2f6f,50000000,10000,1,0,array,f64 min,24.248,7.791,8.142,1.593,2.043,30
B,8a09fc9,1,c4e2f6f,50000000,10000,1,0,array,f64 max,24.515,7.843,8.057,1.763,1.943,30
B,8a09fc9,1,c4e2f6f,50000000,10000,1,0,array,f64 min + max,18.269,7.846,8.186,1.721,2.133,30
B,8a09fc9,1,c4e2f6f,50000000,10000,1,0,array,count (control),11.011,3.679,3.772,1.171,1.259,30
B,8a09fc9,1,c4e2f6f,50000000,10000,1,0,array,int64 sum (control),18.787,6.495,6.665,1.302,1.502,30
B,8a09fc9,1,c4e2f6f,50000000,10000,1,0,plan,f64 min,24.764,11.521,11.828,2.575,2.974,30
B,8a09fc9,1,c4e2f6f,50000000,10000,1,0,plan,f64 max,28.240,11.506,11.891,2.651,3.129,30
B,8a09fc9,1,c4e2f6f,50000000,10000,1,0,plan,f64 min + max,30.417,17.165,17.351,3.245,3.550,23
B,8a09fc9,1,c4e2f6f,50000000,10000,1,0,plan,count (control),20.875,7.620,8.019,2.589,3.198,30
B,8a09fc9,1,c4e2f6f,50000000,10000,1,0,plan,int64 sum (control),29.063,10.089,10.513,2.219,2.810,30
B,8a09fc9,1,c4e2f6f,50000000,10000,2,0,array,f64 min,24.287,9.401,9.537,2.554,2.682,30
B,8a09fc9,1,c4e2f6f,50000000,10000,2,0,array,f64 max,24.521,9.647,9.806,2.848,3.048,30
B,8a09fc9,1,c4e2f6f,50000000,10000,2,0,array,f64 min + max,19.288,9.742,10.240,3.125,3.721,30
B,8a09fc9,1,c4e2f6f,50000000,10000,2,0,plan,f64 min,30.072,13.352,13.679,3.727,4.192,29
B,8a09fc9,1,c4e2f6f,50000000,10000,2,0,plan,f64 max,25.873,12.823,13.294,3.048,3.597,30
B,8a09fc9,1,c4e2f6f,50000000,10000,2,0,plan,f64 min + max,29.890,18.868,19.982,4.264,5.852,21
B,8a09fc9,1,c4e2f6f,50000000,10000,1,1,array,f64 min,20.282,7.395,7.501,1.564,1.678,30
B,8a09fc9,1,c4e2f6f,50000000,10000,1,1,array,f64 max,16.543,7.744,7.927,1.842,2.317,30
B,8a09fc9,1,c4e2f6f,50000000,10000,1,1,array,f64 min + max,21.422,7.505,7.658,1.726,1.870,30
B,8a09fc9,1,c4e2f6f,50000000,10000,1,1,plan,f64 min,20.006,11.150,11.408,2.589,2.918,30
B,8a09fc9,1,c4e2f6f,50000000,10000,1,1,plan,f64 max,19.911,11.092,11.334,2.554,2.836,30
B,8a09fc9,1,c4e2f6f,50000000,10000,1,1,plan,f64 min + max,32.376,15.956,16.249,2.762,2.985,25
B,8a09fc9,1,c4e2f6f,50000000,10000,2,1,array,f64 min,20.950,9.096,9.370,2.629,2.902,30
B,8a09fc9,1,c4e2f6f,50000000,10000,2,1,array,f64 max,19.128,9.073,9.388,2.597,2.971,30
B,8a09fc9,1,c4e2f6f,50000000,10000,2,1,array,f64 min + max,21.820,9.177,9.489,2.732,3.099,30
B,8a09fc9,1,c4e2f6f,50000000,10000,2,1,plan,f64 min,25.341,12.476,12.749,3.095,3.466,30
B,8a09fc9,1,c4e2f6f,50000000,10000,2,1,plan,f64 max,24.855,12.450,13.034,3.068,3.798,30
B,8a09fc9,1,c4e2f6f,50000000,10000,2,1,plan,f64 min + max,31.082,18.095,19.162,4.311,5.714,22
B,8a09fc9,1,8a09fc9,50000000,10000,1,0,array,f64 min,14.444,6.273,6.401,1.597,1.739,30
B,8a09fc9,1,8a09fc9,50000000,10000,1,0,array,f64 max,16.995,6.342,6.784,1.704,2.197,30
B,8a09fc9,1,8a09fc9,50000000,10000,1,0,array,f64 min + max,19.765,6.326,6.753,1.768,2.163,30
B,8a09fc9,1,8a09fc9,50000000,10000,1,0,array,count (control),13.110,3.739,4.127,1.375,1.567,30
B,8a09fc9,1,8a09fc9,50000000,10000,1,0,array,int64 sum (control),19.505,6.388,6.578,1.203,1.367,30
B,8a09fc9,1,8a09fc9,50000000,10000,1,0,plan,f64 min,22.801,9.657,9.822,2.187,2.309,30
B,8a09fc9,1,8a09fc9,50000000,10000,1,0,plan,f64 max,26.058,9.689,10.303,2.223,3.057,30
B,8a09fc9,1,8a09fc9,50000000,10000,1,0,plan,f64 min + max,22.896,9.588,9.981,2.137,2.563,30
B,8a09fc9,1,8a09fc9,50000000,10000,1,0,plan,count (control),23.342,7.565,8.031,2.574,3.187,30
B,8a09fc9,1,8a09fc9,50000000,10000,1,0,plan,int64 sum (control),23.440,10.026,10.195,2.216,2.354,30
B,8a09fc9,1,8a09fc9,50000000,10000,2,0,array,f64 min,22.259,8.207,8.576,2.754,3.365,30
B,8a09fc9,1,8a09fc9,50000000,10000,2,0,array,f64 max,16.316,7.948,8.469,2.610,3.044,30
B,8a09fc9,1,8a09fc9,50000000,10000,2,0,array,f64 min + max,22.082,8.061,9.017,2.774,3.578,30
B,8a09fc9,1,8a09fc9,50000000,10000,2,0,plan,f64 min,24.459,11.321,11.874,3.048,3.874,30
B,8a09fc9,1,8a09fc9,50000000,10000,2,0,plan,f64 max,25.532,11.249,11.517,3.059,3.254,30
B,8a09fc9,1,8a09fc9,50000000,10000,2,0,plan,f64 min + max,27.264,11.548,12.100,3.425,4.119,30
B,8a09fc9,1,8a09fc9,50000000,10000,1,1,array,f64 min,18.445,6.211,6.371,1.806,1.956,30
B,8a09fc9,1,8a09fc9,50000000,10000,1,1,array,f64 max,14.797,6.069,6.227,1.550,1.812,30
B,8a09fc9,1,8a09fc9,50000000,10000,1,1,array,f64 min + max,19.461,6.202,6.525,1.733,2.119,30
B,8a09fc9,1,8a09fc9,50000000,10000,1,1,plan,f64 min,21.741,9.527,9.887,2.202,2.691,30
B,8a09fc9,1,8a09fc9,50000000,10000,1,1,plan,f64 max,26.346,9.510,9.894,2.240,2.652,30
B,8a09fc9,1,8a09fc9,50000000,10000,1,1,plan,f64 min + max,21.537,9.554,9.878,2.282,2.634,30
B,8a09fc9,1,8a09fc9,50000000,10000,2,1,array,f64 min,22.233,7.733,8.153,2.542,2.774,30
B,8a09fc9,1,8a09fc9,50000000,10000,2,1,array,f64 max,19.376,8.022,8.551,2.862,3.506,30
B,8a09fc9,1,8a09fc9,50000000,10000,2,1,array,f64 min + max,17.229,7.875,8.175,2.762,3.062,30
B,8a09fc9,1,8a09fc9,50000000,10000,2,1,plan,f64 min,26.962,11.130,11.669,3.146,3.895,30
B,8a09fc9,1,8a09fc9,50000000,10000,2,1,plan,f64 max,24.270,11.512,11.664,3.504,3.770,30
B,8a09fc9,1,8a09fc9,50000000,10000,2,1,plan,f64 min + max,25.686,11.149,11.472,3.118,3.450,30
B,8a09fc9,1,c4e2f6f,50000000,100000,1,0,array,f64 min,20.804,9.607,9.959,1.818,2.309,30
B,8a09fc9,1,c4e2f6f,50000000,100000,1,0,array,f64 max,20.794,9.919,9.977,2.159,2.369,30
B,8a09fc9,1,c4e2f6f,50000000,100000,1,0,array,f64 min + max,22.535,9.585,9.969,1.820,2.330,30
B,8a09fc9,1,c4e2f6f,50000000,100000,1,0,array,count (control),14.364,4.477,4.658,1.395,1.526,30
B,8a09fc9,1,c4e2f6f,50000000,100000,1,0,array,int64 sum (control),26.586,7.133,7.343,1.226,1.509,30
B,8a09fc9,1,c4e2f6f,50000000,100000,1,0,plan,f64 min,25.141,12.847,13.011,2.208,2.341,30
B,8a09fc9,1,c4e2f6f,50000000,100000,1,0,plan,f64 max,24.963,12.897,13.018,2.216,2.316,30
B,8a09fc9,1,c4e2f6f,50000000,100000,1,0,plan,f64 min + max,35.482,19.988,21.077,3.476,4.994,19
B,8a09fc9,1,c4e2f6f,50000000,100000,1,0,plan,count (control),22.361,8.143,8.466,2.267,2.628,30
B,8a09fc9,1,c4e2f6f,50000000,100000,1,0,plan,int64 sum (control),22.832,11.002,11.664,2.531,3.103,30
B,8a09fc9,1,c4e2f6f,50000000,100000,2,0,array,f64 min,21.658,11.116,11.493,3.165,3.732,30
B,8a09fc9,1,c4e2f6f,50000000,100000,2,0,array,f64 max,23.058,10.808,11.064,2.861,3.088,30
B,8a09fc9,1,c4e2f6f,50000000,100000,2,0,array,f64 min + max,22.417,10.836,11.469,2.939,3.493,30
B,8a09fc9,1,c4e2f6f,50000000,100000,2,0,plan,f64 min,26.824,14.066,15.031,3.065,4.428,27
B,8a09fc9,1,c4e2f6f,50000000,100000,2,0,plan,f64 max,27.249,14.070,14.248,3.059,3.179,28
B,8a09fc9,1,c4e2f6f,50000000,100000,2,0,plan,f64 min + max,36.120,21.411,22.396,4.788,6.024,18
B,8a09fc9,1,c4e2f6f,50000000,100000,1,1,array,f64 min,21.444,8.983,9.449,1.746,2.331,30
B,8a09fc9,1,c4e2f6f,50000000,100000,1,1,array,f64 max,23.848,9.111,9.460,1.827,2.335,30
B,8a09fc9,1,c4e2f6f,50000000,100000,1,1,array,f64 min + max,18.527,9.105,9.480,1.910,2.364,30
B,8a09fc9,1,c4e2f6f,50000000,100000,1,1,plan,f64 min,27.733,12.987,13.725,2.907,3.966,30
B,8a09fc9,1,c4e2f6f,50000000,100000,1,1,plan,f64 max,26.311,12.386,12.483,2.241,2.324,30
B,8a09fc9,1,c4e2f6f,50000000,100000,1,1,plan,f64 min + max,33.955,18.566,19.370,3.027,4.047,21
B,8a09fc9,1,c4e2f6f,50000000,100000,2,1,array,f64 min,21.611,10.305,10.951,2.765,3.699,30
B,8a09fc9,1,c4e2f6f,50000000,100000,2,1,array,f64 max,31.638,10.287,10.575,2.775,3.081,30
B,8a09fc9,1,c4e2f6f,50000000,100000,2,1,array,f64 min + max,22.868,10.511,10.971,3.060,3.720,30
B,8a09fc9,1,c4e2f6f,50000000,100000,2,1,plan,f64 min,24.451,13.549,13.835,3.081,3.367,29
B,8a09fc9,1,c4e2f6f,50000000,100000,2,1,plan,f64 max,43.300,13.693,14.299,3.185,4.061,28
B,8a09fc9,1,c4e2f6f,50000000,100000,2,1,plan,f64 min + max,31.626,19.491,19.698,3.521,3.661,21
B,8a09fc9,1,8a09fc9,50000000,100000,1,0,array,f64 min,18.209,7.248,7.328,1.622,1.726,30
B,8a09fc9,1,8a09fc9,50000000,100000,1,0,array,f64 max,18.511,7.381,7.561,1.754,2.000,30
B,8a09fc9,1,8a09fc9,50000000,100000,1,0,array,f64 min + max,18.652,7.239,7.490,1.679,1.918,30
B,8a09fc9,1,8a09fc9,50000000,100000,1,0,array,count (control),15.919,4.443,4.535,1.295,1.360,30
B,8a09fc9,1,8a09fc9,50000000,100000,1,0,array,int64 sum (control),16.923,7.143,7.293,1.277,1.470,30
B,8a09fc9,1,8a09fc9,50000000,100000,1,0,plan,f64 min,23.902,10.704,10.809,2.249,2.361,30
B,8a09fc9,1,8a09fc9,50000000,100000,1,0,plan,f64 max,24.147,11.115,11.380,2.753,3.097,30
B,8a09fc9,1,8a09fc9,50000000,100000,1,0,plan,f64 min + max,25.314,10.663,10.880,2.259,2.433,30
B,8a09fc9,1,8a09fc9,50000000,100000,1,0,plan,count (control),21.549,8.591,9.014,2.930,3.330,30
B,8a09fc9,1,8a09fc9,50000000,100000,1,0,plan,int64 sum (control),22.809,10.961,11.247,2.392,2.661,30
B,8a09fc9,1,8a09fc9,50000000,100000,2,0,array,f64 min,21.143,8.635,8.928,2.941,3.256,30
B,8a09fc9,1,8a09fc9,50000000,100000,2,0,array,f64 max,19.692,8.685,9.246,2.977,3.722,30
B,8a09fc9,1,8a09fc9,50000000,100000,2,0,array,f64 min + max,20.459,8.739,9.207,2.872,3.597,30
B,8a09fc9,1,8a09fc9,50000000,100000,2,0,plan,f64 min,26.599,11.794,12.528,3.006,3.834,30
B,8a09fc9,1,8a09fc9,50000000,100000,2,0,plan,f64 max,25.743,11.805,11.996,3.056,3.207,30
B,8a09fc9,1,8a09fc9,50000000,100000,2,0,plan,f64 min + max,37.866,11.792,12.077,3.108,3.345,30
B,8a09fc9,1,8a09fc9,50000000,100000,1,1,array,f64 min,20.987,6.995,7.228,1.527,1.960,30
B,8a09fc9,1,8a09fc9,50000000,100000,1,1,array,f64 max,17.711,6.925,7.113,1.534,1.686,30
B,8a09fc9,1,8a09fc9,50000000,100000,1,1,array,f64 min + max,19.374,6.833,7.058,1.427,1.619,30
B,8a09fc9,1,8a09fc9,50000000,100000,1,1,plan,f64 min,25.039,10.325,10.598,2.190,2.386,30
B,8a09fc9,1,8a09fc9,50000000,100000,1,1,plan,f64 max,22.612,10.462,10.562,2.246,2.331,30
B,8a09fc9,1,8a09fc9,50000000,100000,1,1,plan,f64 min + max,23.405,10.453,10.691,2.253,2.405,30
B,8a09fc9,1,8a09fc9,50000000,100000,2,1,array,f64 min,17.558,8.400,9.122,2.838,3.834,30
B,8a09fc9,1,8a09fc9,50000000,100000,2,1,array,f64 max,21.664,8.459,9.049,2.877,3.546,30
B,8a09fc9,1,8a09fc9,50000000,100000,2,1,array,f64 min + max,23.692,8.519,9.010,2.895,3.765,30
B,8a09fc9,1,8a09fc9,50000000,100000,2,1,plan,f64 min,26.522,11.755,12.226,3.179,3.750,30
B,8a09fc9,1,8a09fc9,50000000,100000,2,1,plan,f64 max,37.784,11.713,12.145,3.132,3.648,30
B,8a09fc9,1,8a09fc9,50000000,100000,2,1,plan,f64 min + max,27.418,11.657,11.924,3.225,3.381,30
B,8a09fc9,1,c4e2f6f,50000000,1000000,1,0,array,f64 min,22.208,14.585,14.933,2.030,2.484,27
B,8a09fc9,1,c4e2f6f,50000000,1000000,1,0,array,f64 max,26.219,14.333,14.765,1.657,2.243,27
B,8a09fc9,1,c4e2f6f,50000000,1000000,1,0,array,f64 min + max,22.985,14.599,14.961,1.975,2.505,27
B,8a09fc9,1,c4e2f6f,50000000,1000000,1,0,array,count (control),15.545,5.208,5.531,1.241,1.399,30
B,8a09fc9,1,c4e2f6f,50000000,1000000,1,0,array,int64 sum (control),22.158,11.659,12.412,1.478,2.325,30
B,8a09fc9,1,c4e2f6f,50000000,1000000,1,0,plan,f64 min,34.447,18.335,18.493,2.758,2.881,22
B,8a09fc9,1,c4e2f6f,50000000,1000000,1,0,plan,f64 max,34.810,18.316,18.500,2.796,2.918,22
B,8a09fc9,1,c4e2f6f,50000000,1000000,1,0,plan,f64 min + max,49.963,30.582,33.487,5.034,7.699,12
B,8a09fc9,1,c4e2f6f,50000000,1000000,1,0,plan,count (control),26.253,9.965,11.125,3.206,4.338,30
B,8a09fc9,1,c4e2f6f,50000000,1000000,1,0,plan,int64 sum (control),34.575,17.826,18.140,4.436,4.557,22
B,8a09fc9,1,c4e2f6f,50000000,1000000,2,0,array,f64 min,23.150,15.528,16.142,3.115,3.900,25
B,8a09fc9,1,c4e2f6f,50000000,1000000,2,0,array,f64 max,27.302,15.640,16.200,3.102,3.981,25
B,8a09fc9,1,c4e2f6f,50000000,1000000,2,0,array,f64 min + max,28.119,15.257,16.170,2.942,3.945,25
B,8a09fc9,1,c4e2f6f,50000000,1000000,2,0,plan,f64 min,36.880,19.225,19.577,3.594,3.848,21
B,8a09fc9,1,c4e2f6f,50000000,1000000,2,0,plan,f64 max,31.383,19.272,19.470,3.590,3.666,21
B,8a09fc9,1,c4e2f6f,50000000,1000000,2,0,plan,f64 min + max,45.136,30.638,34.601,5.040,8.619,12
B,8a09fc9,1,c4e2f6f,50000000,1000000,1,1,array,f64 min,25.095,13.563,13.883,1.607,2.036,29
B,8a09fc9,1,c4e2f6f,50000000,1000000,1,1,array,f64 max,26.998,13.994,14.199,2.191,2.469,29
B,8a09fc9,1,c4e2f6f,50000000,1000000,1,1,array,f64 min + max,23.128,13.859,14.205,1.993,2.499,29
B,8a09fc9,1,c4e2f6f,50000000,1000000,1,1,plan,f64 min,37.330,18.355,18.652,3.543,3.878,21
B,8a09fc9,1,c4e2f6f,50000000,1000000,1,1,plan,f64 max,34.058,17.556,17.738,2.774,2.863,23
B,8a09fc9,1,c4e2f6f,50000000,1000000,1,1,plan,f64 min + max,48.752,28.219,28.389,4.083,4.340,14
B,8a09fc9,1,c4e2f6f,50000000,1000000,2,1,array,f64 min,23.694,14.801,15.673,3.246,4.296,26
B,8a09fc9,1,c4e2f6f,50000000,1000000,2,1,array,f64 max,35.461,14.767,15.396,3.092,3.866,27
B,8a09fc9,1,c4e2f6f,50000000,1000000,2,1,array,f64 min + max,28.393,14.798,15.366,3.048,3.798,27
B,8a09fc9,1,c4e2f6f,50000000,1000000,2,1,plan,f64 min,30.550,18.408,18.741,3.592,3.750,22
B,8a09fc9,1,c4e2f6f,50000000,1000000,2,1,plan,f64 max,37.317,18.511,18.825,3.619,3.842,21
B,8a09fc9,1,c4e2f6f,50000000,1000000,2,1,plan,f64 min + max,40.812,28.375,28.610,4.175,4.392,14
B,8a09fc9,1,8a09fc9,50000000,1000000,1,0,array,f64 min,21.004,9.677,10.470,1.683,2.762,30
B,8a09fc9,1,8a09fc9,50000000,1000000,1,0,array,f64 max,21.960,9.611,9.771,1.609,1.746,30
B,8a09fc9,1,8a09fc9,50000000,1000000,1,0,array,f64 min + max,26.077,9.570,9.681,1.545,1.666,30
B,8a09fc9,1,8a09fc9,50000000,1000000,1,0,array,count (control),12.962,5.435,5.528,1.467,1.560,30
B,8a09fc9,1,8a09fc9,50000000,1000000,1,0,array,int64 sum (control),20.531,11.612,11.760,1.386,1.519,30
B,8a09fc9,1,8a09fc9,50000000,1000000,1,0,plan,f64 min,25.055,13.666,13.954,2.807,3.047,29
B,8a09fc9,1,8a09fc9,50000000,1000000,1,0,plan,f64 max,29.285,13.601,14.078,2.790,3.186,29
B,8a09fc9,1,8a09fc9,50000000,1000000,1,0,plan,f64 min + max,28.599,13.699,13.996,2.783,3.120,29
B,8a09fc9,1,8a09fc9,50000000,1000000,1,0,plan,count (control),29.582,9.849,10.579,3.133,3.716,30
B,8a09fc9,1,8a09fc9,50000000,1000000,1,0,plan,int64 sum (control),36.157,17.788,18.806,4.542,5.239,22
B,8a09fc9,1,8a09fc9,50000000,1000000,2,0,array,f64 min,20.645,10.505,10.690,2.561,2.799,30
B,8a09fc9,1,8a09fc9,50000000,1000000,2,0,array,f64 max,19.252,10.522,10.703,2.623,2.784,30
B,8a09fc9,1,8a09fc9,50000000,1000000,2,0,array,f64 min + max,26.387,10.496,10.700,2.601,2.799,30
B,8a09fc9,1,8a09fc9,50000000,1000000,2,0,plan,f64 min,40.020,14.589,14.762,3.584,3.732,26
B,8a09fc9,1,8a09fc9,50000000,1000000,2,0,plan,f64 max,28.927,14.921,15.363,3.957,4.420,26
B,8a09fc9,1,8a09fc9,50000000,1000000,2,0,plan,f64 min + max,29.697,14.492,15.516,3.618,4.536,26
B,8a09fc9,1,8a09fc9,50000000,1000000,1,1,array,f64 min,18.887,9.450,9.993,1.746,2.540,30
B,8a09fc9,1,8a09fc9,50000000,1000000,1,1,array,f64 max,20.647,9.522,9.966,1.953,2.501,30
B,8a09fc9,1,8a09fc9,50000000,1000000,1,1,array,f64 min + max,19.685,9.271,9.420,1.561,1.675,30
B,8a09fc9,1,8a09fc9,50000000,1000000,1,1,plan,f64 min,25.977,13.302,13.683,2.760,3.049,30
B,8a09fc9,1,8a09fc9,50000000,1000000,1,1,plan,f64 max,30.910,13.424,13.790,2.786,3.235,29
B,8a09fc9,1,8a09fc9,50000000,1000000,1,1,plan,f64 min + max,28.524,13.431,13.700,2.863,3.052,29
B,8a09fc9,1,8a09fc9,50000000,1000000,2,1,array,f64 min,22.785,10.420,10.956,2.937,3.564,30
B,8a09fc9,1,8a09fc9,50000000,1000000,2,1,array,f64 max,20.852,10.398,10.585,2.827,3.052,30
B,8a09fc9,1,8a09fc9,50000000,1000000,2,1,array,f64 min + max,17.900,10.334,10.598,2.705,3.157,30
B,8a09fc9,1,8a09fc9,50000000,1000000,2,1,plan,f64 min,32.194,14.160,14.944,3.574,4.293,27
B,8a09fc9,1,8a09fc9,50000000,1000000,2,1,plan,f64 max,29.180,14.242,14.836,3.585,4.012,26
B,8a09fc9,1,8a09fc9,50000000,1000000,2,1,plan,f64 min + max,44.213,14.292,14.804,3.644,4.144,27
B,8a09fc9,1,c4e2f6f,50000000,rows/2,1,0,array,f64 min,187.768,176.205,176.878,7.675,7.974,3
B,8a09fc9,1,c4e2f6f,50000000,rows/2,1,0,array,f64 max,190.035,177.181,177.289,9.555,9.884,3
B,8a09fc9,1,c4e2f6f,50000000,rows/2,1,0,array,f64 min + max,187.795,176.045,176.366,7.570,7.708,3
B,8a09fc9,1,c4e2f6f,50000000,rows/2,1,0,array,count (control),125.448,109.927,110.243,8.202,8.442,4
B,8a09fc9,1,c4e2f6f,50000000,rows/2,1,0,array,int64 sum (control),158.234,146.231,146.975,8.538,8.556,3
B,8a09fc9,1,c4e2f6f,50000000,rows/2,1,0,plan,f64 min,259.064,220.777,221.374,17.440,17.771,3
B,8a09fc9,1,c4e2f6f,50000000,rows/2,1,0,plan,f64 max,238.656,220.674,221.417,17.371,17.763,3
B,8a09fc9,1,c4e2f6f,50000000,rows/2,1,0,plan,f64 min + max,356.803,300.865,301.362,18.449,18.469,3
B,8a09fc9,1,c4e2f6f,50000000,rows/2,1,0,plan,count (control),186.388,163.599,164.183,27.103,27.213,3
B,8a09fc9,1,c4e2f6f,50000000,rows/2,1,0,plan,int64 sum (control),259.662,228.049,228.642,55.631,56.192,3
B,8a09fc9,1,c4e2f6f,50000000,rows/2,2,0,array,f64 min,203.399,190.469,191.306,12.024,14.146,3
B,8a09fc9,1,c4e2f6f,50000000,rows/2,2,0,array,f64 max,207.412,188.441,188.910,10.082,10.313,3
B,8a09fc9,1,c4e2f6f,50000000,rows/2,2,0,array,f64 min + max,216.071,188.818,189.213,10.282,10.745,3
B,8a09fc9,1,c4e2f6f,50000000,rows/2,2,0,plan,f64 min,267.276,237.198,237.662,20.498,20.914,3
B,8a09fc9,1,c4e2f6f,50000000,rows/2,2,0,plan,f64 max,271.815,236.739,236.766,19.943,20.081,3
B,8a09fc9,1,c4e2f6f,50000000,rows/2,2,0,plan,f64 min + max,358.475,316.332,316.907,20.890,20.892,3
B,8a09fc9,1,c4e2f6f,50000000,rows/2,1,1,array,f64 min,195.665,170.315,170.587,7.803,7.988,3
B,8a09fc9,1,c4e2f6f,50000000,rows/2,1,1,array,f64 max,182.805,170.271,170.403,7.645,7.648,3
B,8a09fc9,1,c4e2f6f,50000000,rows/2,1,1,array,f64 min + max,183.832,169.728,170.400,7.585,7.834,3
B,8a09fc9,1,c4e2f6f,50000000,rows/2,1,1,plan,f64 min,234.102,215.205,215.513,17.485,17.714,3
B,8a09fc9,1,c4e2f6f,50000000,rows/2,1,1,plan,f64 max,249.555,215.139,215.291,17.549,17.553,3
B,8a09fc9,1,c4e2f6f,50000000,rows/2,1,1,plan,f64 min + max,332.950,288.025,288.535,18.242,18.268,3
B,8a09fc9,1,c4e2f6f,50000000,rows/2,2,1,array,f64 min,197.752,183.387,184.301,11.438,13.253,3
B,8a09fc9,1,c4e2f6f,50000000,rows/2,2,1,array,f64 max,193.776,185.691,185.758,14.060,14.622,3
B,8a09fc9,1,c4e2f6f,50000000,rows/2,2,1,array,f64 min + max,215.883,182.543,182.805,10.134,10.210,3
B,8a09fc9,1,c4e2f6f,50000000,rows/2,2,1,plan,f64 min,273.791,231.027,231.128,20.027,20.693,3
B,8a09fc9,1,c4e2f6f,50000000,rows/2,2,1,plan,f64 max,265.113,230.858,231.171,19.947,20.045,3
B,8a09fc9,1,c4e2f6f,50000000,rows/2,2,1,plan,f64 min + max,334.459,305.071,305.296,20.847,20.989,3
B,8a09fc9,1,8a09fc9,50000000,rows/2,1,0,array,f64 min,142.873,131.270,131.504,7.514,7.650,4
B,8a09fc9,1,8a09fc9,50000000,rows/2,1,0,array,f64 max,142.090,131.492,132.235,7.832,8.765,4
B,8a09fc9,1,8a09fc9,50000000,rows/2,1,0,array,f64 min + max,142.266,133.613,133.684,10.931,11.233,3
B,8a09fc9,1,8a09fc9,50000000,rows/2,1,0,array,count (control),135.785,110.119,110.332,8.327,8.425,4
B,8a09fc9,1,8a09fc9,50000000,rows/2,1,0,array,int64 sum (control),166.578,157.329,157.690,19.507,19.903,3
B,8a09fc9,1,8a09fc9,50000000,rows/2,1,0,plan,f64 min,192.311,175.855,175.979,17.448,17.560,3
B,8a09fc9,1,8a09fc9,50000000,rows/2,1,0,plan,f64 max,215.749,175.845,176.060,17.493,17.529,3
B,8a09fc9,1,8a09fc9,50000000,rows/2,1,0,plan,f64 min + max,189.606,175.845,175.884,17.276,17.438,3
B,8a09fc9,1,8a09fc9,50000000,rows/2,1,0,plan,count (control),206.912,163.443,163.668,26.752,26.780,3
B,8a09fc9,1,8a09fc9,50000000,rows/2,1,0,plan,int64 sum (control),278.871,226.725,228.628,54.131,55.112,3
B,8a09fc9,1,8a09fc9,50000000,rows/2,2,0,array,f64 min,150.775,142.983,143.184,9.817,10.013,3
B,8a09fc9,1,8a09fc9,50000000,rows/2,2,0,array,f64 max,159.611,146.554,146.778,14.193,14.930,3
B,8a09fc9,1,8a09fc9,50000000,rows/2,2,0,array,f64 min + max,154.353,143.676,143.961,10.302,11.073,3
B,8a09fc9,1,8a09fc9,50000000,rows/2,2,0,plan,f64 min,217.644,191.617,191.637,20.080,20.235,3
B,8a09fc9,1,8a09fc9,50000000,rows/2,2,0,plan,f64 max,217.265,191.768,191.863,19.892,20.194,3
B,8a09fc9,1,8a09fc9,50000000,rows/2,2,0,plan,f64 min + max,213.575,191.612,191.646,19.950,20.000,3
B,8a09fc9,1,8a09fc9,50000000,rows/2,1,1,array,f64 min,140.298,128.792,129.147,7.745,8.241,4
B,8a09fc9,1,8a09fc9,50000000,rows/2,1,1,array,f64 max,142.783,129.117,129.422,7.709,8.643,4
B,8a09fc9,1,8a09fc9,50000000,rows/2,1,1,array,f64 min + max,145.942,128.394,128.789,7.366,7.461,4
B,8a09fc9,1,8a09fc9,50000000,rows/2,1,1,plan,f64 min,208.852,173.677,173.792,17.395,17.602,3
B,8a09fc9,1,8a09fc9,50000000,rows/2,1,1,plan,f64 max,196.767,173.616,173.905,17.365,17.431,3
B,8a09fc9,1,8a09fc9,50000000,rows/2,1,1,plan,f64 min + max,205.995,173.318,173.741,17.347,17.357,3
B,8a09fc9,1,8a09fc9,50000000,rows/2,2,1,array,f64 min,156.948,143.573,144.095,12.183,14.376,3
B,8a09fc9,1,8a09fc9,50000000,rows/2,2,1,array,f64 max,156.209,141.534,141.806,10.816,11.094,3
B,8a09fc9,1,8a09fc9,50000000,rows/2,2,1,array,f64 min + max,172.045,141.956,143.978,11.093,13.552,3
B,8a09fc9,1,8a09fc9,50000000,rows/2,2,1,plan,f64 min,232.164,189.041,189.383,19.730,20.001,3
B,8a09fc9,1,8a09fc9,50000000,rows/2,2,1,plan,f64 max,230.483,189.582,189.687,19.902,20.011,3
B,8a09fc9,1,8a09fc9,50000000,rows/2,2,1,plan,f64 min + max,212.288,189.370,189.621,20.007,20.021,3
B,8a09fc9,2,8a09fc9,2000000,200,1,0,array,f64 min,2.743,1.046,1.138,1.183,1.278,30
B,8a09fc9,2,8a09fc9,2000000,200,1,0,array,f64 max,3.777,1.027,1.131,1.169,1.264,30
B,8a09fc9,2,8a09fc9,2000000,200,1,0,array,f64 min + max,3.629,1.108,1.136,1.243,1.275,30
B,8a09fc9,2,8a09fc9,2000000,200,1,0,array,count (control),3.825,1.422,1.535,1.068,1.230,30
B,8a09fc9,2,8a09fc9,2000000,200,1,0,array,int64 sum (control),3.553,1.605,1.822,1.198,1.453,30
B,8a09fc9,2,8a09fc9,2000000,200,1,0,plan,f64 min,6.748,2.834,2.985,2.266,2.405,30
B,8a09fc9,2,8a09fc9,2000000,200,1,0,plan,f64 max,6.007,2.817,2.980,2.263,2.384,30
B,8a09fc9,2,8a09fc9,2000000,200,1,0,plan,f64 min + max,6.728,2.433,2.654,1.952,2.093,30
B,8a09fc9,2,8a09fc9,2000000,200,1,0,plan,count (control),4.208,2.536,2.734,1.945,2.119,30
B,8a09fc9,2,8a09fc9,2000000,200,1,0,plan,int64 sum (control),5.772,3.282,3.522,2.311,2.607,30
B,8a09fc9,2,8a09fc9,2000000,200,2,0,array,f64 min,3.846,1.569,1.622,1.848,1.908,30
B,8a09fc9,2,8a09fc9,2000000,200,2,0,array,f64 max,4.489,1.440,1.624,1.688,1.915,30
B,8a09fc9,2,8a09fc9,2000000,200,2,0,array,f64 min + max,3.586,1.579,1.627,1.831,1.912,30
B,8a09fc9,2,8a09fc9,2000000,200,2,0,plan,f64 min,6.617,2.906,3.031,2.521,2.608,30
B,8a09fc9,2,8a09fc9,2000000,200,2,0,plan,f64 max,7.263,2.805,2.933,2.373,2.549,30
B,8a09fc9,2,8a09fc9,2000000,200,2,0,plan,f64 min + max,7.359,2.872,3.207,2.436,2.808,30
B,8a09fc9,2,8a09fc9,2000000,200,1,1,array,f64 min,2.509,1.123,1.168,1.229,1.267,30
B,8a09fc9,2,8a09fc9,2000000,200,1,1,array,f64 max,2.614,1.121,1.172,1.250,1.284,30
B,8a09fc9,2,8a09fc9,2000000,200,1,1,array,f64 min + max,2.231,1.079,1.169,1.179,1.269,30
B,8a09fc9,2,8a09fc9,2000000,200,1,1,plan,f64 min,6.518,2.566,2.698,2.001,2.121,30
B,8a09fc9,2,8a09fc9,2000000,200,1,1,plan,f64 max,3.674,2.641,2.920,2.079,2.344,30
B,8a09fc9,2,8a09fc9,2000000,200,1,1,plan,f64 min + max,5.031,2.626,2.763,2.099,2.204,30
B,8a09fc9,2,8a09fc9,2000000,200,2,1,array,f64 min,3.996,1.535,1.676,1.788,1.943,30
B,8a09fc9,2,8a09fc9,2000000,200,2,1,array,f64 max,2.504,1.629,1.667,1.870,1.921,30
B,8a09fc9,2,8a09fc9,2000000,200,2,1,array,f64 min + max,2.777,1.607,1.661,1.846,1.905,30
B,8a09fc9,2,8a09fc9,2000000,200,2,1,plan,f64 min,7.086,3.406,3.603,2.908,3.270,30
B,8a09fc9,2,8a09fc9,2000000,200,2,1,plan,f64 max,6.727,2.957,3.068,2.528,2.582,30
B,8a09fc9,2,8a09fc9,2000000,200,2,1,plan,f64 min + max,7.337,3.195,3.401,2.761,2.962,30
B,8a09fc9,2,c4e2f6f,2000000,200,1,0,array,f64 min,3.792,1.109,1.133,1.236,1.266,30
B,8a09fc9,2,c4e2f6f,2000000,200,1,0,array,f64 max,3.236,1.061,1.152,1.192,1.285,30
B,8a09fc9,2,c4e2f6f,2000000,200,1,0,array,f64 min + max,2.528,1.035,1.056,1.160,1.183,30
B,8a09fc9,2,c4e2f6f,2000000,200,1,0,array,count (control),3.776,1.306,1.350,0.993,1.018,30
B,8a09fc9,2,c4e2f6f,2000000,200,1,0,array,int64 sum (control),4.352,1.618,1.933,1.212,1.569,30
B,8a09fc9,2,c4e2f6f,2000000,200,1,0,plan,f64 min,3.016,2.505,2.640,1.951,2.088,30
B,8a09fc9,2,c4e2f6f,2000000,200,1,0,plan,f64 max,4.499,2.651,2.744,2.193,2.273,30
B,8a09fc9,2,c4e2f6f,2000000,200,1,0,plan,f64 min + max,7.241,2.880,3.090,2.265,2.457,30
B,8a09fc9,2,c4e2f6f,2000000,200,1,0,plan,count (control),5.010,2.796,2.989,2.210,2.394,30
B,8a09fc9,2,c4e2f6f,2000000,200,1,0,plan,int64 sum (control),7.830,3.347,3.637,2.456,2.769,30
B,8a09fc9,2,c4e2f6f,2000000,200,2,0,array,f64 min,3.715,1.466,1.637,1.700,1.920,30
B,8a09fc9,2,c4e2f6f,2000000,200,2,0,array,f64 max,3.509,1.585,1.635,1.842,1.922,30
B,8a09fc9,2,c4e2f6f,2000000,200,2,0,array,f64 min + max,3.987,1.538,1.631,1.807,1.899,30
B,8a09fc9,2,c4e2f6f,2000000,200,2,0,plan,f64 min,6.689,3.306,3.494,2.868,3.087,30
B,8a09fc9,2,c4e2f6f,2000000,200,2,0,plan,f64 max,6.726,3.315,3.496,2.940,3.092,30
B,8a09fc9,2,c4e2f6f,2000000,200,2,0,plan,f64 min + max,7.535,3.329,3.500,2.787,2.984,30
B,8a09fc9,2,c4e2f6f,2000000,200,1,1,array,f64 min,3.903,1.491,1.608,1.651,1.787,30
B,8a09fc9,2,c4e2f6f,2000000,200,1,1,array,f64 max,3.430,1.135,1.189,1.250,1.289,30
B,8a09fc9,2,c4e2f6f,2000000,200,1,1,array,f64 min + max,3.723,1.385,1.541,1.544,1.662,30
B,8a09fc9,2,c4e2f6f,2000000,200,1,1,plan,f64 min,4.972,2.800,2.915,2.259,2.377,30
B,8a09fc9,2,c4e2f6f,2000000,200,1,1,plan,f64 max,6.274,2.787,2.953,2.223,2.329,30
B,8a09fc9,2,c4e2f6f,2000000,200,1,1,plan,f64 min + max,5.856,3.293,3.620,2.592,2.966,30
B,8a09fc9,2,c4e2f6f,2000000,200,2,1,array,f64 min,3.281,1.605,1.655,1.823,1.882,30
B,8a09fc9,2,c4e2f6f,2000000,200,2,1,array,f64 max,3.656,1.689,1.844,1.967,2.130,30
B,8a09fc9,2,c4e2f6f,2000000,200,2,1,array,f64 min + max,3.215,1.467,1.686,1.660,1.936,30
B,8a09fc9,2,c4e2f6f,2000000,200,2,1,plan,f64 min,7.549,3.470,3.756,3.115,3.358,30
B,8a09fc9,2,c4e2f6f,2000000,200,2,1,plan,f64 max,6.206,3.102,3.316,2.674,2.841,30
B,8a09fc9,2,c4e2f6f,2000000,200,2,1,plan,f64 min + max,6.629,3.888,4.095,3.376,3.531,30
B,8a09fc9,2,8a09fc9,2000000,10000,1,0,array,f64 min,4.248,1.875,2.111,1.636,1.881,30
B,8a09fc9,2,8a09fc9,2000000,10000,1,0,array,f64 max,2.588,1.652,1.800,1.440,1.544,30
B,8a09fc9,2,8a09fc9,2000000,10000,1,0,array,f64 min + max,4.027,1.555,1.711,1.320,1.453,30
B,8a09fc9,2,8a09fc9,2000000,10000,1,0,array,count (control),2.929,0.946,0.980,0.988,1.016,30
B,8a09fc9,2,8a09fc9,2000000,10000,1,0,array,int64 sum (control),3.255,1.540,1.610,1.083,1.143,30
B,8a09fc9,2,8a09fc9,2000000,10000,1,0,plan,f64 min,4.040,2.878,3.044,2.391,2.506,30
B,8a09fc9,2,8a09fc9,2000000,10000,1,0,plan,f64 max,5.953,2.851,3.193,2.422,2.703,30
B,8a09fc9,2,8a09fc9,2000000,10000,1,0,plan,f64 min + max,6.022,3.005,3.119,2.448,2.528,30
B,8a09fc9,2,8a09fc9,2000000,10000,1,0,plan,count (control),4.167,2.220,2.468,2.124,2.262,30
B,8a09fc9,2,8a09fc9,2000000,10000,1,0,plan,int64 sum (control),5.979,2.920,3.173,2.349,2.640,30
B,8a09fc9,2,8a09fc9,2000000,10000,2,0,array,f64 min,5.073,2.080,2.632,2.013,2.738,30
B,8a09fc9,2,8a09fc9,2000000,10000,2,0,array,f64 max,5.160,2.316,2.559,2.382,2.677,30
B,8a09fc9,2,8a09fc9,2000000,10000,2,0,array,f64 min + max,4.886,2.128,2.369,2.079,2.354,30
B,8a09fc9,2,8a09fc9,2000000,10000,2,0,plan,f64 min,4.599,3.265,3.413,2.905,3.023,30
B,8a09fc9,2,8a09fc9,2000000,10000,2,0,plan,f64 max,6.915,3.202,3.409,2.815,3.026,30
B,8a09fc9,2,8a09fc9,2000000,10000,2,0,plan,f64 min + max,4.618,3.399,3.623,3.096,3.357,30
B,8a09fc9,2,8a09fc9,2000000,10000,1,1,array,f64 min,2.640,1.764,1.907,1.558,1.706,30
B,8a09fc9,2,8a09fc9,2000000,10000,1,1,array,f64 max,3.686,1.834,2.165,1.651,1.996,30
B,8a09fc9,2,8a09fc9,2000000,10000,1,1,array,f64 min + max,3.168,1.590,1.726,1.376,1.510,30
B,8a09fc9,2,8a09fc9,2000000,10000,1,1,plan,f64 min,6.090,2.738,2.955,2.263,2.464,30
B,8a09fc9,2,8a09fc9,2000000,10000,1,1,plan,f64 max,4.356,2.511,2.622,2.009,2.097,30
B,8a09fc9,2,8a09fc9,2000000,10000,1,1,plan,f64 min + max,3.478,2.392,2.570,1.827,1.993,30
B,8a09fc9,2,8a09fc9,2000000,10000,2,1,array,f64 min,4.943,2.238,2.680,2.296,2.768,30
B,8a09fc9,2,8a09fc9,2000000,10000,2,1,array,f64 max,4.219,2.178,2.297,2.130,2.308,30
B,8a09fc9,2,8a09fc9,2000000,10000,2,1,array,f64 min + max,5.155,2.178,2.275,2.163,2.278,30
B,8a09fc9,2,8a09fc9,2000000,10000,2,1,plan,f64 min,6.369,3.090,3.220,2.795,2.903,30
B,8a09fc9,2,8a09fc9,2000000,10000,2,1,plan,f64 max,6.785,3.033,3.349,2.636,2.990,30
B,8a09fc9,2,8a09fc9,2000000,10000,2,1,plan,f64 min + max,8.258,3.235,3.574,3.063,3.298,30
B,8a09fc9,2,c4e2f6f,2000000,10000,1,0,array,f64 min,3.176,1.918,2.013,1.426,1.518,30
B,8a09fc9,2,c4e2f6f,2000000,10000,1,0,array,f64 max,3.563,1.788,1.870,1.302,1.397,30
B,8a09fc9,2,c4e2f6f,2000000,10000,1,0,array,f64 min + max,3.801,2.128,2.324,1.684,1.865,30
B,8a09fc9,2,c4e2f6f,2000000,10000,1,0,array,count (control),2.269,0.916,0.967,0.976,1.007,30
B,8a09fc9,2,c4e2f6f,2000000,10000,1,0,array,int64 sum (control),3.956,1.660,1.953,1.194,1.429,30
B,8a09fc9,2,c4e2f6f,2000000,10000,1,0,plan,f64 min,6.288,3.092,3.350,2.367,2.634,30
B,8a09fc9,2,c4e2f6f,2000000,10000,1,0,plan,f64 max,6.030,3.196,3.440,2.444,2.708,30
B,8a09fc9,2,c4e2f6f,2000000,10000,1,0,plan,f64 min + max,6.428,4.073,4.299,2.611,2.783,30
B,8a09fc9,2,c4e2f6f,2000000,10000,1,0,plan,count (control),5.246,2.282,2.500,2.150,2.327,30
B,8a09fc9,2,c4e2f6f,2000000,10000,1,0,plan,int64 sum (control),4.591,2.918,3.020,2.310,2.397,30
B,8a09fc9,2,c4e2f6f,2000000,10000,2,0,array,f64 min,5.519,2.327,2.456,2.019,2.142,30
B,8a09fc9,2,c4e2f6f,2000000,10000,2,0,array,f64 max,5.230,2.729,2.938,2.415,2.663,30
B,8a09fc9,2,c4e2f6f,2000000,10000,2,0,array,f64 min + max,4.382,2.652,2.776,2.443,2.613,30
B,8a09fc9,2,c4e2f6f,2000000,10000,2,0,plan,f64 min,6.902,3.552,3.719,2.965,3.167,30
B,8a09fc9,2,c4e2f6f,2000000,10000,2,0,plan,f64 max,5.296,3.578,3.752,2.980,3.135,30
B,8a09fc9,2,c4e2f6f,2000000,10000,2,0,plan,f64 min + max,5.681,4.641,4.851,3.258,3.538,30
B,8a09fc9,2,c4e2f6f,2000000,10000,1,1,array,f64 min,4.966,1.968,2.132,1.625,1.751,30
B,8a09fc9,2,c4e2f6f,2000000,10000,1,1,array,f64 max,4.091,2.060,2.239,1.647,1.838,30
B,8a09fc9,2,c4e2f6f,2000000,10000,1,1,array,f64 min + max,4.592,1.973,2.260,1.638,1.856,30
B,8a09fc9,2,c4e2f6f,2000000,10000,1,1,plan,f64 min,6.435,3.099,3.223,2.406,2.494,30
B,8a09fc9,2,c4e2f6f,2000000,10000,1,1,plan,f64 max,5.026,2.863,3.072,2.219,2.399,30
B,8a09fc9,2,c4e2f6f,2000000,10000,1,1,plan,f64 min + max,7.422,4.147,4.472,2.910,3.244,30
B,8a09fc9,2,c4e2f6f,2000000,10000,2,1,array,f64 min,3.472,2.385,2.531,2.226,2.362,30
B,8a09fc9,2,c4e2f6f,2000000,10000,2,1,array,f64 max,4.038,2.452,2.822,2.239,2.718,30
B,8a09fc9,2,c4e2f6f,2000000,10000,2,1,array,f64 min + max,5.382,2.588,2.831,2.370,2.648,30
B,8a09fc9,2,c4e2f6f,2000000,10000,2,1,plan,f64 min,5.800,3.566,3.785,3.018,3.310,30
B,8a09fc9,2,c4e2f6f,2000000,10000,2,1,plan,f64 max,4.371,3.258,3.384,2.689,2.840,30
B,8a09fc9,2,c4e2f6f,2000000,10000,2,1,plan,f64 min + max,8.266,4.574,4.949,3.404,3.893,30
B,8a09fc9,2,8a09fc9,2000000,100000,1,0,array,f64 min,4.600,2.216,2.315,1.501,1.593,30
B,8a09fc9,2,8a09fc9,2000000,100000,1,0,array,f64 max,4.171,2.449,2.772,1.705,2.124,30
B,8a09fc9,2,8a09fc9,2000000,100000,1,0,array,f64 min + max,4.446,2.405,2.600,1.707,1.901,30
B,8a09fc9,2,8a09fc9,2000000,100000,1,0,array,count (control),2.948,1.495,1.590,1.244,1.342,30
B,8a09fc9,2,8a09fc9,2000000,100000,1,0,array,int64 sum (control),3.840,2.132,2.418,1.479,1.769,30
B,8a09fc9,2,8a09fc9,2000000,100000,1,0,plan,f64 min,6.881,3.786,3.973,2.768,2.980,30
B,8a09fc9,2,8a09fc9,2000000,100000,1,0,plan,f64 max,4.282,3.004,3.190,1.880,2.028,30
B,8a09fc9,2,8a09fc9,2000000,100000,1,0,plan,f64 min + max,6.723,4.569,4.660,3.813,3.895,30
B,8a09fc9,2,8a09fc9,2000000,100000,1,0,plan,count (control),4.850,2.665,2.751,2.222,2.315,30
B,8a09fc9,2,8a09fc9,2000000,100000,1,0,plan,int64 sum (control),7.413,3.833,3.966,2.971,3.087,30
B,8a09fc9,2,8a09fc9,2000000,100000,2,0,array,f64 min,5.537,2.975,3.129,2.541,2.757,30
B,8a09fc9,2,8a09fc9,2000000,100000,2,0,array,f64 max,4.562,2.788,3.116,2.529,2.750,30
B,8a09fc9,2,8a09fc9,2000000,100000,2,0,array,f64 min + max,4.732,2.530,2.730,2.221,2.355,30
B,8a09fc9,2,8a09fc9,2000000,100000,2,0,plan,f64 min,6.748,3.617,4.194,2.797,3.259,30
B,8a09fc9,2,8a09fc9,2000000,100000,2,0,plan,f64 max,5.126,3.915,4.129,3.068,3.190,30
B,8a09fc9,2,8a09fc9,2000000,100000,2,0,plan,f64 min + max,7.524,4.004,4.349,3.115,3.438,30
B,8a09fc9,2,8a09fc9,2000000,100000,1,1,array,f64 min,4.713,2.384,2.532,1.711,1.836,30
B,8a09fc9,2,8a09fc9,2000000,100000,1,1,array,f64 max,4.611,2.347,2.459,1.690,1.799,30
B,8a09fc9,2,8a09fc9,2000000,100000,1,1,array,f64 min + max,3.350,2.092,2.192,1.399,1.450,30
B,8a09fc9,2,8a09fc9,2000000,100000,1,1,plan,f64 min,7.175,3.061,3.221,2.061,2.126,30
B,8a09fc9,2,8a09fc9,2000000,100000,1,1,plan,f64 max,5.610,3.306,3.411,2.291,2.389,30
B,8a09fc9,2,8a09fc9,2000000,100000,1,1,plan,f64 min + max,6.277,3.477,3.614,2.454,2.612,30
B,8a09fc9,2,8a09fc9,2000000,100000,2,1,array,f64 min,5.147,2.668,2.738,2.381,2.478,30
B,8a09fc9,2,8a09fc9,2000000,100000,2,1,array,f64 max,5.434,2.638,2.770,2.354,2.544,30
B,8a09fc9,2,8a09fc9,2000000,100000,2,1,array,f64 min + max,4.790,2.808,3.058,2.578,2.740,30
B,8a09fc9,2,8a09fc9,2000000,100000,2,1,plan,f64 min,7.342,3.385,3.672,2.567,2.825,30
B,8a09fc9,2,8a09fc9,2000000,100000,2,1,plan,f64 max,7.647,3.739,4.262,2.930,3.365,30
B,8a09fc9,2,8a09fc9,2000000,100000,2,1,plan,f64 min + max,5.390,4.003,4.321,3.213,3.444,30
B,8a09fc9,2,c4e2f6f,2000000,100000,1,0,array,f64 min,4.110,2.648,2.783,1.609,1.756,30
B,8a09fc9,2,c4e2f6f,2000000,100000,1,0,array,f64 max,4.910,2.676,3.261,1.677,2.454,30
B,8a09fc9,2,c4e2f6f,2000000,100000,1,0,array,f64 min + max,4.856,2.712,3.073,1.708,2.123,30
B,8a09fc9,2,c4e2f6f,2000000,100000,1,0,array,count (control),3.567,1.384,1.463,1.218,1.250,30
B,8a09fc9,2,c4e2f6f,2000000,100000,1,0,array,int64 sum (control),4.537,2.408,2.448,1.743,1.802,30
B,8a09fc9,2,c4e2f6f,2000000,100000,1,0,plan,f64 min,7.022,3.660,3.846,2.280,2.440,30
B,8a09fc9,2,c4e2f6f,2000000,100000,1,0,plan,f64 max,7.133,3.883,4.425,2.580,3.222,30
B,8a09fc9,2,c4e2f6f,2000000,100000,1,0,plan,f64 min + max,7.070,5.020,5.442,2.545,2.823,30
B,8a09fc9,2,c4e2f6f,2000000,100000,1,0,plan,count (control),5.325,2.688,3.132,2.259,2.703,30
B,8a09fc9,2,c4e2f6f,2000000,100000,1,0,plan,int64 sum (control),7.539,3.704,4.154,2.871,3.300,30
B,8a09fc9,2,c4e2f6f,2000000,100000,2,0,array,f64 min,5.491,2.923,3.172,2.310,2.514,30
B,8a09fc9,2,c4e2f6f,2000000,100000,2,0,array,f64 max,6.076,3.093,3.319,2.547,2.656,30
B,8a09fc9,2,c4e2f6f,2000000,100000,2,0,array,f64 min + max,6.028,2.876,3.138,2.222,2.475,30
B,8a09fc9,2,c4e2f6f,2000000,100000,2,0,plan,f64 min,7.542,4.302,4.589,3.135,3.359,30
B,8a09fc9,2,c4e2f6f,2000000,100000,2,0,plan,f64 max,8.334,4.372,4.724,3.186,3.492,30
B,8a09fc9,2,c4e2f6f,2000000,100000,2,0,plan,f64 min + max,9.182,5.966,6.330,3.768,4.011,30
B,8a09fc9,2,c4e2f6f,2000000,100000,1,1,array,f64 min,4.518,2.340,2.497,1.417,1.547,30
B,8a09fc9,2,c4e2f6f,2000000,100000,1,1,array,f64 max,4.250,2.483,2.572,1.509,1.614,30
B,8a09fc9,2,c4e2f6f,2000000,100000,1,1,array,f64 min + max,4.767,2.650,3.084,1.711,2.314,30
B,8a09fc9,2,c4e2f6f,2000000,100000,1,1,plan,f64 min,5.401,3.554,3.855,2.283,2.567,30
B,8a09fc9,2,c4e2f6f,2000000,100000,1,1,plan,f64 max,5.457,3.854,4.136,2.620,2.899,30
B,8a09fc9,2,c4e2f6f,2000000,100000,1,1,plan,f64 min + max,8.520,5.325,5.640,3.195,3.449,30
B,8a09fc9,2,c4e2f6f,2000000,100000,2,1,array,f64 min,6.439,2.728,2.963,2.142,2.336,30
B,8a09fc9,2,c4e2f6f,2000000,100000,2,1,array,f64 max,5.180,2.998,3.167,2.432,2.592,30
B,8a09fc9,2,c4e2f6f,2000000,100000,2,1,array,f64 min + max,4.975,3.004,3.316,2.530,2.769,30
B,8a09fc9,2,c4e2f6f,2000000,100000,2,1,plan,f64 min,4.741,4.126,4.431,3.156,3.362,30
B,8a09fc9,2,c4e2f6f,2000000,100000,2,1,plan,f64 max,7.623,4.122,4.397,2.970,3.273,30
B,8a09fc9,2,c4e2f6f,2000000,100000,2,1,plan,f64 min + max,8.937,5.310,6.015,3.317,3.983,30
B,8a09fc9,2,8a09fc9,2000000,1000000,1,0,array,f64 min,4.807,3.039,3.343,1.720,2.051,30
B,8a09fc9,2,8a09fc9,2000000,1000000,1,0,array,f64 max,5.128,3.538,3.704,2.027,2.483,30
B,8a09fc9,2,8a09fc9,2000000,1000000,1,0,array,f64 min + max,5.348,2.962,3.060,1.575,1.638,30
B,8a09fc9,2,8a09fc9,2000000,1000000,1,0,array,count (control),4.277,1.685,1.834,1.093,1.341,30
B,8a09fc9,2,8a09fc9,2000000,1000000,1,0,array,int64 sum (control),4.732,2.591,2.717,1.498,1.620,30
B,8a09fc9,2,8a09fc9,2000000,1000000,1,0,plan,f64 min,9.539,4.645,5.199,2.747,3.120,30
B,8a09fc9,2,8a09fc9,2000000,1000000,1,0,plan,f64 max,11.423,5.191,5.602,3.290,3.567,30
B,8a09fc9,2,8a09fc9,2000000,1000000,1,0,plan,f64 min + max,9.303,3.971,6.588,3.219,4.637,30
B,8a09fc9,2,8a09fc9,2000000,1000000,1,0,plan,count (control),4.775,3.915,4.106,2.947,3.143,30
B,8a09fc9,2,8a09fc9,2000000,1000000,1,0,plan,int64 sum (control),14.967,4.135,6.590,3.849,5.320,30
B,8a09fc9,2,8a09fc9,2000000,1000000,2,0,array,f64 min,5.579,3.382,3.683,2.466,2.769,30
B,8a09fc9,2,8a09fc9,2000000,1000000,2,0,array,f64 max,5.613,3.655,4.029,2.785,3.050,30
B,8a09fc9,2,8a09fc9,2000000,1000000,2,0,array,f64 min + max,6.960,3.633,3.979,2.778,3.045,30
B,8a09fc9,2,8a09fc9,2000000,1000000,2,0,plan,f64 min,12.199,5.639,6.375,3.865,4.266,30
B,8a09fc9,2,8a09fc9,2000000,1000000,2,0,plan,f64 max,11.034,7.245,7.754,5.332,5.780,30
B,8a09fc9,2,8a09fc9,2000000,1000000,2,0,plan,f64 min + max,6.959,5.263,5.894,3.487,4.041,30
B,8a09fc9,2,8a09fc9,2000000,1000000,1,1,array,f64 min,5.441,3.197,3.633,1.919,2.488,30
B,8a09fc9,2,8a09fc9,2000000,1000000,1,1,array,f64 max,3.964,3.111,3.340,1.779,2.052,30
B,8a09fc9,2,8a09fc9,2000000,1000000,1,1,array,f64 min + max,3.796,2.879,3.024,1.533,1.789,30
B,8a09fc9,2,8a09fc9,2000000,1000000,1,1,plan,f64 min,11.250,5.038,5.434,3.265,3.596,30
B,8a09fc9,2,8a09fc9,2000000,1000000,1,1,plan,f64 max,8.609,5.073,5.460,3.235,3.521,30
B,8a09fc9,2,8a09fc9,2000000,1000000,1,1,plan,f64 min + max,11.967,4.068,6.594,3.299,4.752,30
B,8a09fc9,2,8a09fc9,2000000,1000000,2,1,array,f64 min,6.971,3.845,4.265,3.004,3.383,30
B,8a09fc9,2,8a09fc9,2000000,1000000,2,1,array,f64 max,6.320,3.365,3.527,2.521,2.651,30
B,8a09fc9,2,8a09fc9,2000000,1000000,2,1,array,f64 min + max,8.321,3.643,3.848,2.761,2.984,30
B,8a09fc9,2,8a09fc9,2000000,1000000,2,1,plan,f64 min,8.399,4.922,6.374,3.278,4.596,30
B,8a09fc9,2,8a09fc9,2000000,1000000,2,1,plan,f64 max,12.719,5.711,6.339,3.983,4.562,30
B,8a09fc9,2,8a09fc9,2000000,1000000,2,1,plan,f64 min + max,13.074,5.246,5.840,3.535,4.079,30
B,8a09fc9,2,c4e2f6f,2000000,1000000,1,0,array,f64 min,5.163,3.165,3.726,1.774,2.447,30
B,8a09fc9,2,c4e2f6f,2000000,1000000,1,0,array,f64 max,4.171,3.156,3.353,1.709,1.887,30
B,8a09fc9,2,c4e2f6f,2000000,1000000,1,0,array,f64 min + max,5.322,3.355,3.792,1.895,2.478,30
B,8a09fc9,2,c4e2f6f,2000000,1000000,1,0,array,count (control),4.287,2.081,2.447,1.540,1.906,30
B,8a09fc9,2,c4e2f6f,2000000,1000000,1,0,array,int64 sum (control),3.359,2.468,2.594,1.352,1.462,30
B,8a09fc9,2,c4e2f6f,2000000,1000000,1,0,plan,f64 min,12.405,4.733,4.976,2.711,2.908,30
B,8a09fc9,2,c4e2f6f,2000000,1000000,1,0,plan,f64 max,11.825,5.349,5.854,3.156,3.666,30
B,8a09fc9,2,c4e2f6f,2000000,1000000,1,0,plan,f64 min + max,13.621,7.229,7.955,3.928,4.666,30
B,8a09fc9,2,c4e2f6f,2000000,1000000,1,0,plan,count (control),9.210,5.239,5.423,4.331,4.451,30
B,8a09fc9,2,c4e2f6f,2000000,1000000,1,0,plan,int64 sum (control),14.882,5.044,7.162,4.693,5.315,30
B,8a09fc9,2,c4e2f6f,2000000,1000000,2,0,array,f64 min,7.819,3.438,3.622,2.437,2.533,30
B,8a09fc9,2,c4e2f6f,2000000,1000000,2,0,array,f64 max,4.474,3.553,3.648,2.513,2.606,30
B,8a09fc9,2,c4e2f6f,2000000,1000000,2,0,array,f64 min + max,4.340,3.479,3.617,2.424,2.543,30
B,8a09fc9,2,c4e2f6f,2000000,1000000,2,0,plan,f64 min,6.549,5.113,6.122,3.204,4.148,30
B,8a09fc9,2,c4e2f6f,2000000,1000000,2,0,plan,f64 max,11.030,5.255,5.459,3.418,3.482,30
B,8a09fc9,2,c4e2f6f,2000000,1000000,2,0,plan,f64 min + max,7.849,6.889,7.272,3.811,4.173,30
B,8a09fc9,2,c4e2f6f,2000000,1000000,1,1,array,f64 min,5.494,2.904,3.031,1.522,1.606,30
B,8a09fc9,2,c4e2f6f,2000000,1000000,1,1,array,f64 max,5.128,2.881,3.001,1.485,1.592,30
B,8a09fc9,2,c4e2f6f,2000000,1000000,1,1,array,f64 min + max,3.972,2.870,3.083,1.532,1.660,30
B,8a09fc9,2,c4e2f6f,2000000,1000000,1,1,plan,f64 min,6.577,4.464,5.109,2.514,3.195,30
B,8a09fc9,2,c4e2f6f,2000000,1000000,1,1,plan,f64 max,9.778,4.560,4.741,2.624,2.760,30
B,8a09fc9,2,c4e2f6f,2000000,1000000,1,1,plan,f64 min + max,7.250,6.486,7.008,3.350,3.840,30
B,8a09fc9,2,c4e2f6f,2000000,1000000,2,1,array,f64 min,4.556,3.255,3.433,2.340,2.494,30
B,8a09fc9,2,c4e2f6f,2000000,1000000,2,1,array,f64 max,5.070,3.353,3.521,2.384,2.544,30
B,8a09fc9,2,c4e2f6f,2000000,1000000,2,1,array,f64 min + max,8.756,3.317,3.551,2.382,2.662,30
B,8a09fc9,2,c4e2f6f,2000000,1000000,2,1,plan,f64 min,6.867,5.111,5.294,3.223,3.431,30
B,8a09fc9,2,c4e2f6f,2000000,1000000,2,1,plan,f64 max,7.278,4.970,5.808,3.160,4.196,30
B,8a09fc9,2,c4e2f6f,2000000,1000000,2,1,plan,f64 min + max,8.379,7.060,7.719,4.199,4.661,30
B,8a09fc9,2,8a09fc9,2000000,rows/2,1,0,array,f64 min,3.800,3.091,3.244,1.678,1.853,30
B,8a09fc9,2,8a09fc9,2000000,rows/2,1,0,array,f64 max,4.155,2.906,3.561,1.536,2.222,30
B,8a09fc9,2,8a09fc9,2000000,rows/2,1,0,array,f64 min + max,3.468,2.867,3.074,1.533,1.656,30
B,8a09fc9,2,8a09fc9,2000000,rows/2,1,0,array,count (control),2.524,1.684,1.768,1.152,1.214,30
B,8a09fc9,2,8a09fc9,2000000,rows/2,1,0,array,int64 sum (control),3.058,2.319,2.456,1.241,1.329,30
B,8a09fc9,2,8a09fc9,2000000,rows/2,1,0,plan,f64 min,11.626,4.469,4.748,2.580,2.772,30
B,8a09fc9,2,8a09fc9,2000000,rows/2,1,0,plan,f64 max,11.757,4.486,4.719,2.533,2.762,30
B,8a09fc9,2,8a09fc9,2000000,rows/2,1,0,plan,f64 min + max,11.708,3.557,5.292,2.644,3.845,30
B,8a09fc9,2,8a09fc9,2000000,rows/2,1,0,plan,count (control),5.596,4.332,4.700,3.432,3.723,30
B,8a09fc9,2,8a09fc9,2000000,rows/2,1,0,plan,int64 sum (control),7.787,5.011,6.566,4.564,4.849,30
B,8a09fc9,2,8a09fc9,2000000,rows/2,2,0,array,f64 min,6.403,3.594,3.798,2.736,2.894,30
B,8a09fc9,2,8a09fc9,2000000,rows/2,2,0,array,f64 max,4.492,3.355,3.523,2.443,2.592,30
B,8a09fc9,2,8a09fc9,2000000,rows/2,2,0,array,f64 min + max,6.425,3.520,3.793,2.580,2.881,30
B,8a09fc9,2,8a09fc9,2000000,rows/2,2,0,plan,f64 min,9.836,5.271,5.785,3.615,4.119,30
B,8a09fc9,2,8a09fc9,2000000,rows/2,2,0,plan,f64 max,9.302,6.057,7.696,5.006,6.074,30
B,8a09fc9,2,8a09fc9,2000000,rows/2,2,0,plan,f64 min + max,12.652,5.900,6.335,4.110,4.470,30
B,8a09fc9,2,8a09fc9,2000000,rows/2,1,1,array,f64 min,5.349,3.228,3.623,1.943,2.484,30
B,8a09fc9,2,8a09fc9,2000000,rows/2,1,1,array,f64 max,5.043,3.009,3.247,1.732,1.970,30
B,8a09fc9,2,8a09fc9,2000000,rows/2,1,1,array,f64 min + max,5.415,3.096,3.288,1.804,2.023,30
B,8a09fc9,2,8a09fc9,2000000,rows/2,1,1,plan,f64 min,9.424,5.516,6.233,3.681,4.210,30
B,8a09fc9,2,8a09fc9,2000000,rows/2,1,1,plan,f64 max,11.196,4.901,5.277,3.081,3.366,30
B,8a09fc9,2,8a09fc9,2000000,rows/2,1,1,plan,f64 min + max,8.597,5.477,6.890,4.144,4.920,30
B,8a09fc9,2,8a09fc9,2000000,rows/2,2,1,array,f64 min,6.629,3.772,4.083,2.982,3.158,30
B,8a09fc9,2,8a09fc9,2000000,rows/2,2,1,array,f64 max,6.182,3.400,3.506,2.557,2.666,30
B,8a09fc9,2,8a09fc9,2000000,rows/2,2,1,array,f64 min + max,6.582,3.855,4.071,2.983,3.128,30
B,8a09fc9,2,8a09fc9,2000000,rows/2,2,1,plan,f64 min,12.391,4.882,5.136,3.151,3.374,30
B,8a09fc9,2,8a09fc9,2000000,rows/2,2,1,plan,f64 max,10.657,6.748,7.234,5.062,5.483,30
B,8a09fc9,2,8a09fc9,2000000,rows/2,2,1,plan,f64 min + max,9.634,5.753,6.382,4.121,4.575,30
B,8a09fc9,2,c4e2f6f,2000000,rows/2,1,0,array,f64 min,5.973,3.155,3.798,1.727,2.483,30
B,8a09fc9,2,c4e2f6f,2000000,rows/2,1,0,array,f64 max,4.107,3.063,3.222,1.563,1.778,30
B,8a09fc9,2,c4e2f6f,2000000,rows/2,1,0,array,f64 min + max,7.879,3.185,3.424,1.709,1.937,30
B,8a09fc9,2,c4e2f6f,2000000,rows/2,1,0,array,count (control),3.651,2.024,2.347,1.450,1.833,30
B,8a09fc9,2,c4e2f6f,2000000,rows/2,1,0,array,int64 sum (control),4.966,2.666,3.244,1.588,2.225,30
B,8a09fc9,2,c4e2f6f,2000000,rows/2,1,0,plan,f64 min,6.323,3.913,6.021,2.954,3.987,30
B,8a09fc9,2,c4e2f6f,2000000,rows/2,1,0,plan,f64 max,12.165,5.526,6.044,3.513,3.973,30
B,8a09fc9,2,c4e2f6f,2000000,rows/2,1,0,plan,f64 min + max,9.290,6.934,7.222,3.619,3.932,30
B,8a09fc9,2,c4e2f6f,2000000,rows/2,1,0,plan,count (control),8.802,5.315,5.884,4.392,4.934,30
B,8a09fc9,2,c4e2f6f,2000000,rows/2,1,0,plan,int64 sum (control),12.015,5.163,7.003,4.646,5.204,30
B,8a09fc9,2,c4e2f6f,2000000,rows/2,2,0,array,f64 min,5.798,3.463,3.670,2.505,2.615,30
B,8a09fc9,2,c4e2f6f,2000000,rows/2,2,0,array,f64 max,7.022,3.680,4.239,2.716,3.100,30
B,8a09fc9,2,c4e2f6f,2000000,rows/2,2,0,array,f64 min + max,4.757,3.574,3.655,2.541,2.618,30
B,8a09fc9,2,c4e2f6f,2000000,rows/2,2,0,plan,f64 min,8.407,5.677,6.997,3.761,4.940,30
B,8a09fc9,2,c4e2f6f,2000000,rows/2,2,0,plan,f64 max,10.917,6.352,8.539,4.957,6.322,30
B,8a09fc9,2,c4e2f6f,2000000,rows/2,2,0,plan,f64 min + max,8.677,7.372,8.198,4.183,4.873,30
B,8a09fc9,2,c4e2f6f,2000000,rows/2,1,1,array,f64 min,3.849,3.168,3.351,1.821,2.000,30
B,8a09fc9,2,c4e2f6f,2000000,rows/2,1,1,array,f64 max,4.509,3.129,3.336,1.737,1.954,30
B,8a09fc9,2,c4e2f6f,2000000,rows/2,1,1,array,f64 min + max,4.114,3.082,3.295,1.739,1.924,30
B,8a09fc9,2,c4e2f6f,2000000,rows/2,1,1,plan,f64 min,9.037,3.236,7.004,2.818,4.848,30
B,8a09fc9,2,c4e2f6f,2000000,rows/2,1,1,plan,f64 max,7.007,5.182,6.600,3.600,4.555,30
B,8a09fc9,2,c4e2f6f,2000000,rows/2,1,1,plan,f64 min + max,11.551,5.008,9.048,3.791,5.656,30
B,8a09fc9,2,c4e2f6f,2000000,rows/2,2,1,array,f64 min,6.729,3.539,3.644,2.599,2.700,30
B,8a09fc9,2,c4e2f6f,2000000,rows/2,2,1,array,f64 max,5.621,3.445,3.634,2.545,2.678,30
B,8a09fc9,2,c4e2f6f,2000000,rows/2,2,1,array,f64 min + max,5.160,3.333,3.500,2.445,2.530,30
B,8a09fc9,2,c4e2f6f,2000000,rows/2,2,1,plan,f64 min,9.389,5.715,6.520,3.897,4.463,30
B,8a09fc9,2,c4e2f6f,2000000,rows/2,2,1,plan,f64 max,12.319,6.507,6.919,4.527,4.978,30
B,8a09fc9,2,c4e2f6f,2000000,rows/2,2,1,plan,f64 min + max,10.317,7.076,8.238,4.258,5.123,30
B,8a09fc9,2,8a09fc9,10000000,200,1,0,array,f64 min,5.569,3.362,3.792,1.869,2.270,30
B,8a09fc9,2,8a09fc9,10000000,200,1,0,array,f64 max,6.534,2.506,3.080,1.481,1.654,30
B,8a09fc9,2,8a09fc9,10000000,200,1,0,array,f64 min + max,5.676,3.196,3.535,1.743,1.898,30
B,8a09fc9,2,8a09fc9,10000000,200,1,0,array,count (control),3.912,3.863,3.994,1.820,1.881,30
B,8a09fc9,2,8a09fc9,10000000,200,1,0,array,int64 sum (control),6.387,3.947,4.388,1.603,1.952,30
B,8a09fc9,2,8a09fc9,10000000,200,1,0,plan,f64 min,7.765,3.662,7.656,2.278,3.647,30
B,8a09fc9,2,8a09fc9,10000000,200,1,0,plan,f64 max,9.043,3.594,7.153,2.287,3.357,30
B,8a09fc9,2,8a09fc9,10000000,200,1,0,plan,f64 min + max,6.557,6.289,6.790,2.489,2.659,30
B,8a09fc9,2,8a09fc9,10000000,200,1,0,plan,count (control),8.700,6.366,7.155,2.751,3.533,30
B,8a09fc9,2,8a09fc9,10000000,200,1,0,plan,int64 sum (control),9.583,5.130,6.023,2.241,2.480,30
B,8a09fc9,2,8a09fc9,10000000,200,2,0,array,f64 min,6.320,4.359,4.785,2.686,2.841,30
B,8a09fc9,2,8a09fc9,10000000,200,2,0,array,f64 max,7.299,4.758,5.145,2.940,3.067,30
B,8a09fc9,2,8a09fc9,10000000,200,2,0,array,f64 min + max,5.546,4.909,5.658,3.065,3.748,30
B,8a09fc9,2,8a09fc9,10000000,200,2,0,plan,f64 min,9.845,8.086,9.301,3.742,4.928,30
B,8a09fc9,2,8a09fc9,10000000,200,2,0,plan,f64 max,13.049,7.555,8.445,3.298,3.630,30
B,8a09fc9,2,8a09fc9,10000000,200,2,0,plan,f64 min + max,11.896,8.348,8.948,3.672,4.549,30
B,8a09fc9,2,8a09fc9,10000000,200,1,1,array,f64 min,5.813,3.295,3.403,1.654,1.716,30
B,8a09fc9,2,8a09fc9,10000000,200,1,1,array,f64 max,5.768,3.398,3.812,1.849,2.047,30
B,8a09fc9,2,8a09fc9,10000000,200,1,1,array,f64 min + max,7.834,3.584,4.071,1.888,2.455,30
B,8a09fc9,2,8a09fc9,10000000,200,1,1,plan,f64 min,10.112,3.856,5.789,2.165,2.348,30
B,8a09fc9,2,8a09fc9,10000000,200,1,1,plan,f64 max,7.471,4.693,6.080,2.337,2.539,30
B,8a09fc9,2,8a09fc9,10000000,200,1,1,plan,f64 min + max,8.288,3.776,4.892,2.095,2.259,30
B,8a09fc9,2,8a09fc9,10000000,200,2,1,array,f64 min,7.804,4.784,5.241,2.889,3.117,30
B,8a09fc9,2,8a09fc9,10000000,200,2,1,array,f64 max,7.800,5.043,5.286,2.765,3.158,30
B,8a09fc9,2,8a09fc9,10000000,200,2,1,array,f64 min + max,7.735,4.758,5.222,2.793,3.046,30
B,8a09fc9,2,8a09fc9,10000000,200,2,1,plan,f64 min,12.204,8.443,9.472,3.914,5.008,30
B,8a09fc9,2,8a09fc9,10000000,200,2,1,plan,f64 max,12.421,8.166,8.648,3.497,4.024,30
B,8a09fc9,2,8a09fc9,10000000,200,2,1,plan,f64 min + max,12.474,7.935,8.647,3.445,3.727,30
B,8a09fc9,2,c4e2f6f,10000000,200,1,0,array,f64 min,5.395,3.209,3.499,1.724,1.925,30
B,8a09fc9,2,c4e2f6f,10000000,200,1,0,array,f64 max,6.982,3.228,3.501,1.717,2.017,30
B,8a09fc9,2,c4e2f6f,10000000,200,1,0,array,f64 min + max,5.677,3.817,3.878,2.344,2.460,30
B,8a09fc9,2,c4e2f6f,10000000,200,1,0,array,count (control),5.890,3.430,4.070,1.336,1.792,30
B,8a09fc9,2,c4e2f6f,10000000,200,1,0,array,int64 sum (control),4.646,3.905,4.329,1.439,1.832,30
B,8a09fc9,2,c4e2f6f,10000000,200,1,0,plan,f64 min,7.017,5.376,6.838,2.450,3.129,30
B,8a09fc9,2,c4e2f6f,10000000,200,1,0,plan,f64 max,9.303,4.922,5.948,2.200,2.497,30
B,8a09fc9,2,c4e2f6f,10000000,200,1,0,plan,f64 min + max,7.299,5.027,6.302,2.492,2.646,30
B,8a09fc9,2,c4e2f6f,10000000,200,1,0,plan,count (control),8.747,5.099,5.982,2.208,2.358,30
B,8a09fc9,2,c4e2f6f,10000000,200,1,0,plan,int64 sum (control),10.905,4.234,8.243,2.346,3.601,30
B,8a09fc9,2,c4e2f6f,10000000,200,2,0,array,f64 min,7.424,4.549,5.035,2.775,2.995,30
B,8a09fc9,2,c4e2f6f,10000000,200,2,0,array,f64 max,7.515,4.554,5.104,2.825,3.034,30
B,8a09fc9,2,c4e2f6f,10000000,200,2,0,array,f64 min + max,7.300,4.619,5.245,2.963,3.220,30
B,8a09fc9,2,c4e2f6f,10000000,200,2,0,plan,f64 min,10.708,8.235,9.019,3.761,4.422,30
B,8a09fc9,2,c4e2f6f,10000000,200,2,0,plan,f64 max,11.427,7.751,9.267,3.665,4.881,30
B,8a09fc9,2,c4e2f6f,10000000,200,2,0,plan,f64 min + max,11.680,8.005,8.902,3.499,3.719,30
B,8a09fc9,2,c4e2f6f,10000000,200,1,1,array,f64 min,5.803,3.212,3.623,1.595,1.805,30
B,8a09fc9,2,c4e2f6f,10000000,200,1,1,array,f64 max,4.456,3.116,3.470,1.718,1.799,30
B,8a09fc9,2,c4e2f6f,10000000,200,1,1,array,f64 min + max,5.117,3.763,3.958,2.278,2.397,30
B,8a09fc9,2,c4e2f6f,10000000,200,1,1,plan,f64 min,6.478,3.726,4.425,2.058,2.189,30
B,8a09fc9,2,c4e2f6f,10000000,200,1,1,plan,f64 max,10.226,5.333,6.405,2.259,2.501,30
B,8a09fc9,2,c4e2f6f,10000000,200,1,1,plan,f64 min + max,12.186,8.410,9.202,3.446,3.898,30
B,8a09fc9,2,c4e2f6f,10000000,200,2,1,array,f64 min,4.997,4.715,5.174,2.878,3.038,30
B,8a09fc9,2,c4e2f6f,10000000,200,2,1,array,f64 max,8.063,4.524,5.221,2.682,3.103,30
B,8a09fc9,2,c4e2f6f,10000000,200,2,1,array,f64 min + max,7.739,4.994,5.679,3.073,3.850,30
B,8a09fc9,2,c4e2f6f,10000000,200,2,1,plan,f64 min,8.350,8.114,9.477,3.851,4.996,30
B,8a09fc9,2,c4e2f6f,10000000,200,2,1,plan,f64 max,11.919,8.209,9.516,3.673,4.962,30
B,8a09fc9,2,c4e2f6f,10000000,200,2,1,plan,f64 min + max,14.943,9.654,10.414,3.964,4.282,30
B,8a09fc9,2,8a09fc9,10000000,10000,1,0,array,f64 min,7.597,3.200,4.659,1.738,2.328,30
B,8a09fc9,2,8a09fc9,10000000,10000,1,0,array,f64 max,7.083,3.923,5.229,1.666,2.127,30
B,8a09fc9,2,8a09fc9,10000000,10000,1,0,array,f64 min + max,6.483,3.994,5.301,1.757,2.016,30
B,8a09fc9,2,8a09fc9,10000000,10000,1,0,array,count (control),4.447,2.844,3.131,1.333,1.465,30
B,8a09fc9,2,8a09fc9,10000000,10000,1,0,array,int64 sum (control),7.619,2.740,3.097,1.282,1.369,30
B,8a09fc9,2,8a09fc9,10000000,10000,1,0,plan,f64 min,10.465,3.810,8.785,2.108,3.291,30
B,8a09fc9,2,8a09fc9,10000000,10000,1,0,plan,f64 max,11.325,5.435,8.751,2.464,3.287,30
B,8a09fc9,2,8a09fc9,10000000,10000,1,0,plan,f64 min + max,12.345,6.283,7.454,2.678,3.306,30
B,8a09fc9,2,8a09fc9,10000000,10000,1,0,plan,count (control),7.960,6.445,6.984,2.652,3.166,30
B,8a09fc9,2,8a09fc9,10000000,10000,1,0,plan,int64 sum (control),9.639,3.782,4.522,2.141,2.369,30
B,8a09fc9,2,8a09fc9,10000000,10000,2,0,array,f64 min,8.938,6.366,6.656,2.857,3.075,30
B,8a09fc9,2,8a09fc9,10000000,10000,2,0,array,f64 max,8.031,5.217,6.129,2.525,2.763,30
B,8a09fc9,2,8a09fc9,10000000,10000,2,0,array,f64 min + max,7.885,6.322,7.262,3.010,3.977,30
B,8a09fc9,2,8a09fc9,10000000,10000,2,0,plan,f64 min,11.425,8.600,9.960,3.540,4.382,30
B,8a09fc9,2,8a09fc9,10000000,10000,2,0,plan,f64 max,11.988,7.868,9.520,3.090,3.966,30
B,8a09fc9,2,8a09fc9,10000000,10000,2,0,plan,f64 min + max,12.755,4.572,9.978,3.349,4.419,30
B,8a09fc9,2,8a09fc9,10000000,10000,1,1,array,f64 min,7.207,3.803,4.660,1.689,1.952,30
B,8a09fc9,2,8a09fc9,10000000,10000,1,1,array,f64 max,7.191,3.674,4.823,1.754,1.951,30
B,8a09fc9,2,8a09fc9,10000000,10000,1,1,array,f64 min + max,7.138,4.115,4.649,1.736,1.878,30
B,8a09fc9,2,8a09fc9,10000000,10000,1,1,plan,f64 min,11.155,3.681,8.487,2.159,3.284,30
B,8a09fc9,2,8a09fc9,10000000,10000,1,1,plan,f64 max,9.398,3.223,8.412,2.022,3.179,30
B,8a09fc9,2,8a09fc9,10000000,10000,1,1,plan,f64 min + max,11.258,7.377,8.336,2.613,2.956,30
B,8a09fc9,2,8a09fc9,10000000,10000,2,1,array,f64 min,6.241,5.435,5.802,2.500,2.735,30
B,8a09fc9,2,8a09fc9,10000000,10000,2,1,array,f64 max,8.741,6.071,6.670,2.971,3.270,30
B,8a09fc9,2,8a09fc9,10000000,10000,2,1,array,f64 min + max,8.622,6.336,6.986,2.965,3.786,30
B,8a09fc9,2,8a09fc9,10000000,10000,2,1,plan,f64 min,9.460,9.176,9.704,3.548,4.134,30
B,8a09fc9,2,8a09fc9,10000000,10000,2,1,plan,f64 max,11.620,8.634,9.430,3.382,3.670,30
B,8a09fc9,2,8a09fc9,10000000,10000,2,1,plan,f64 min + max,12.827,8.274,9.251,3.425,3.727,30
B,8a09fc9,2,c4e2f6f,10000000,10000,1,0,array,f64 min,11.208,2.929,3.607,1.633,1.772,30
B,8a09fc9,2,c4e2f6f,10000000,10000,1,0,array,f64 max,8.247,3.417,3.934,1.603,1.686,30
B,8a09fc9,2,c4e2f6f,10000000,10000,1,0,array,f64 min + max,7.858,2.763,2.998,1.549,1.667,30
B,8a09fc9,2,c4e2f6f,10000000,10000,1,0,array,count (control),3.833,2.941,3.170,1.306,1.381,30
B,8a09fc9,2,c4e2f6f,10000000,10000,1,0,array,int64 sum (control),6.260,2.244,2.519,1.119,1.164,30
B,8a09fc9,2,c4e2f6f,10000000,10000,1,0,plan,f64 min,10.219,4.049,4.736,2.367,2.544,30
B,8a09fc9,2,c4e2f6f,10000000,10000,1,0,plan,f64 max,12.471,8.291,9.249,3.208,4.105,30
B,8a09fc9,2,c4e2f6f,10000000,10000,1,0,plan,f64 min + max,13.464,6.907,8.105,2.693,3.270,30
B,8a09fc9,2,c4e2f6f,10000000,10000,1,0,plan,count (control),6.926,5.012,6.052,2.075,2.409,30
B,8a09fc9,2,c4e2f6f,10000000,10000,1,0,plan,int64 sum (control),9.622,4.007,4.365,2.015,2.151,30
B,8a09fc9,2,c4e2f6f,10000000,10000,2,0,array,f64 min,10.706,3.843,4.461,2.299,2.448,30
B,8a09fc9,2,c4e2f6f,10000000,10000,2,0,array,f64 max,7.492,4.350,5.639,2.510,2.901,30
B,8a09fc9,2,c4e2f6f,10000000,10000,2,0,array,f64 min + max,7.272,2.887,3.575,1.927,2.182,30
B,8a09fc9,2,c4e2f6f,10000000,10000,2,0,plan,f64 min,14.132,5.843,7.517,2.594,3.537,30
B,8a09fc9,2,c4e2f6f,10000000,10000,2,0,plan,f64 max,11.106,5.774,6.324,2.821,2.980,30
B,8a09fc9,2,c4e2f6f,10000000,10000,2,0,plan,f64 min + max,15.150,5.702,6.751,2.882,3.152,30
B,8a09fc9,2,c4e2f6f,10000000,10000,1,1,array,f64 min,6.131,2.330,2.420,1.270,1.364,30
B,8a09fc9,2,c4e2f6f,10000000,10000,1,1,array,f64 max,6.728,2.686,3.045,1.522,1.843,30
B,8a09fc9,2,c4e2f6f,10000000,10000,1,1,array,f64 min + max,8.270,2.715,3.138,1.627,1.779,30
B,8a09fc9,2,c4e2f6f,10000000,10000,1,1,plan,f64 min,10.852,3.900,4.878,1.948,2.055,30
B,8a09fc9,2,c4e2f6f,10000000,10000,1,1,plan,f64 max,9.530,4.070,4.646,2.298,2.456,30
B,8a09fc9,2,c4e2f6f,10000000,10000,1,1,plan,f64 min + max,13.436,4.998,5.362,2.354,2.505,30
B,8a09fc9,2,c4e2f6f,10000000,10000,2,1,array,f64 min,9.960,4.094,5.091,2.256,2.524,30
B,8a09fc9,2,c4e2f6f,10000000,10000,2,1,array,f64 max,10.237,4.915,6.313,2.173,2.692,30
B,8a09fc9,2,c4e2f6f,10000000,10000,2,1,array,f64 min + max,7.373,6.290,7.282,2.694,3.154,30
B,8a09fc9,2,c4e2f6f,10000000,10000,2,1,plan,f64 min,10.275,5.443,6.405,2.766,3.140,30
B,8a09fc9,2,c4e2f6f,10000000,10000,2,1,plan,f64 max,10.226,4.634,5.286,2.806,2.939,30
B,8a09fc9,2,c4e2f6f,10000000,10000,2,1,plan,f64 min + max,18.265,7.081,9.245,3.613,4.239,30
B,8a09fc9,2,8a09fc9,10000000,100000,1,0,array,f64 min,7.898,2.794,3.512,1.529,1.840,30
B,8a09fc9,2,8a09fc9,10000000,100000,1,0,array,f64 max,7.937,2.685,2.924,1.484,1.563,30
B,8a09fc9,2,8a09fc9,10000000,100000,1,0,array,f64 min + max,9.117,4.205,5.733,1.831,2.227,30
B,8a09fc9,2,8a09fc9,10000000,100000,1,0,array,count (control),7.389,2.298,2.618,1.143,1.257,30
B,8a09fc9,2,8a09fc9,10000000,100000,1,0,array,int64 sum (control),7.556,2.320,2.522,1.220,1.287,30
B,8a09fc9,2,8a09fc9,10000000,100000,1,0,plan,f64 min,12.365,3.995,4.516,1.988,2.145,30
B,8a09fc9,2,8a09fc9,10000000,100000,1,0,plan,f64 max,10.568,4.313,4.897,2.292,2.376,30
B,8a09fc9,2,8a09fc9,10000000,100000,1,0,plan,f64 min + max,10.896,4.483,5.368,2.516,2.725,30
B,8a09fc9,2,8a09fc9,10000000,100000,1,0,plan,count (control),10.934,4.948,6.540,2.216,2.493,30
B,8a09fc9,2,8a09fc9,10000000,100000,1,0,plan,int64 sum (control),13.915,4.236,4.756,2.348,2.514,30
B,8a09fc9,2,8a09fc9,10000000,100000,2,0,array,f64 min,10.731,5.452,6.444,2.549,2.845,30
B,8a09fc9,2,8a09fc9,10000000,100000,2,0,array,f64 max,9.305,7.638,7.924,2.787,3.013,30
B,8a09fc9,2,8a09fc9,10000000,100000,2,0,array,f64 min + max,10.527,7.105,8.528,2.714,3.699,30
B,8a09fc9,2,8a09fc9,10000000,100000,2,0,plan,f64 min,25.248,5.403,8.780,3.500,4.173,30
B,8a09fc9,2,8a09fc9,10000000,100000,2,0,plan,f64 max,13.091,4.406,5.852,2.723,3.371,30
B,8a09fc9,2,8a09fc9,10000000,100000,2,0,plan,f64 min + max,12.150,5.458,7.246,3.431,4.016,30
B,8a09fc9,2,8a09fc9,10000000,100000,1,1,array,f64 min,8.306,4.164,4.809,1.889,2.402,30
B,8a09fc9,2,8a09fc9,10000000,100000,1,1,array,f64 max,8.472,3.565,4.165,1.546,1.893,30
B,8a09fc9,2,8a09fc9,10000000,100000,1,1,array,f64 min + max,8.705,4.279,5.245,1.800,2.030,30
B,8a09fc9,2,8a09fc9,10000000,100000,1,1,plan,f64 min,11.170,3.953,7.400,2.113,3.954,30
B,8a09fc9,2,8a09fc9,10000000,100000,1,1,plan,f64 max,11.411,5.947,6.505,2.462,3.029,30
B,8a09fc9,2,8a09fc9,10000000,100000,1,1,plan,f64 min + max,13.534,3.978,4.356,2.303,2.459,30
B,8a09fc9,2,8a09fc9,10000000,100000,2,1,array,f64 min,10.656,5.165,6.438,2.518,2.798,30
B,8a09fc9,2,8a09fc9,10000000,100000,2,1,array,f64 max,10.119,7.938,8.614,3.091,4.053,30
B,8a09fc9,2,8a09fc9,10000000,100000,2,1,array,f64 min + max,10.713,7.329,8.026,2.958,3.288,30
B,8a09fc9,2,8a09fc9,10000000,100000,2,1,plan,f64 min,14.944,4.920,10.808,3.086,3.999,30
B,8a09fc9,2,8a09fc9,10000000,100000,2,1,plan,f64 max,14.749,8.925,10.765,3.692,4.094,30
B,8a09fc9,2,8a09fc9,10000000,100000,2,1,plan,f64 min + max,14.852,8.681,9.273,3.330,3.529,30
B,8a09fc9,2,c4e2f6f,10000000,100000,1,0,array,f64 min,10.861,4.287,5.295,1.889,2.464,30
B,8a09fc9,2,c4e2f6f,10000000,100000,1,0,array,f64 max,10.715,3.760,4.853,1.719,1.914,30
B,8a09fc9,2,c4e2f6f,10000000,100000,1,0,array,f64 min + max,9.458,3.404,3.696,1.598,1.720,30
B,8a09fc9,2,c4e2f6f,10000000,100000,1,0,array,count (control),5.751,3.770,4.211,1.427,1.526,30
B,8a09fc9,2,c4e2f6f,10000000,100000,1,0,array,int64 sum (control),8.643,3.685,4.358,1.497,1.865,30
B,8a09fc9,2,c4e2f6f,10000000,100000,1,0,plan,f64 min,14.192,6.123,7.812,3.239,3.854,30
B,8a09fc9,2,c4e2f6f,10000000,100000,1,0,plan,f64 max,13.769,5.568,6.455,2.836,3.393,30
B,8a09fc9,2,c4e2f6f,10000000,100000,1,0,plan,f64 min + max,21.601,6.807,7.546,3.268,4.291,30
B,8a09fc9,2,c4e2f6f,10000000,100000,1,0,plan,count (control),11.749,3.435,6.073,2.226,2.827,30
B,8a09fc9,2,c4e2f6f,10000000,100000,1,0,plan,int64 sum (control),13.261,5.245,9.476,2.613,3.516,30
B,8a09fc9,2,c4e2f6f,10000000,100000,2,0,array,f64 min,12.516,8.357,9.026,3.188,3.963,30
B,8a09fc9,2,c4e2f6f,10000000,100000,2,0,array,f64 max,9.829,4.014,4.699,2.361,2.593,30
B,8a09fc9,2,c4e2f6f,10000000,100000,2,0,array,f64 min + max,12.266,4.221,5.239,2.590,3.196,30
B,8a09fc9,2,c4e2f6f,10000000,100000,2,0,plan,f64 min,15.762,8.453,10.300,3.332,3.726,30
B,8a09fc9,2,c4e2f6f,10000000,100000,2,0,plan,f64 max,17.598,5.360,5.911,3.362,3.628,30
B,8a09fc9,2,c4e2f6f,10000000,100000,2,0,plan,f64 min + max,16.691,7.640,9.540,3.530,4.269,30
B,8a09fc9,2,c4e2f6f,10000000,100000,1,1,array,f64 min,10.793,4.341,5.175,1.831,2.141,30
B,8a09fc9,2,c4e2f6f,10000000,100000,1,1,array,f64 max,9.559,3.499,3.958,1.746,2.198,30
B,8a09fc9,2,c4e2f6f,10000000,100000,1,1,array,f64 min + max,10.445,3.155,3.534,1.639,1.784,30
B,8a09fc9,2,c4e2f6f,10000000,100000,1,1,plan,f64 min,15.113,4.535,5.008,2.425,2.507,30
B,8a09fc9,2,c4e2f6f,10000000,100000,1,1,plan,f64 max,13.856,4.837,6.010,2.254,2.503,30
B,8a09fc9,2,c4e2f6f,10000000,100000,1,1,plan,f64 min + max,19.376,4.961,9.148,2.401,3.732,30
B,8a09fc9,2,c4e2f6f,10000000,100000,2,1,array,f64 min,11.360,5.271,8.037,2.469,2.815,30
B,8a09fc9,2,c4e2f6f,10000000,100000,2,1,array,f64 max,11.978,8.522,9.265,3.226,4.005,30
B,8a09fc9,2,c4e2f6f,10000000,100000,2,1,array,f64 min + max,10.226,8.214,8.985,3.269,3.968,30
B,8a09fc9,2,c4e2f6f,10000000,100000,2,1,plan,f64 min,16.722,5.646,11.347,3.053,4.584,30
B,8a09fc9,2,c4e2f6f,10000000,100000,2,1,plan,f64 max,15.788,5.629,7.169,3.375,3.780,30
B,8a09fc9,2,c4e2f6f,10000000,100000,2,1,plan,f64 min + max,21.964,5.732,6.465,3.227,3.377,30
B,8a09fc9,2,8a09fc9,10000000,1000000,1,0,array,f64 min,9.503,4.200,4.628,1.875,2.415,30
B,8a09fc9,2,8a09fc9,10000000,1000000,1,0,array,f64 max,8.816,3.385,3.701,1.614,1.699,30
B,8a09fc9,2,8a09fc9,10000000,1000000,1,0,array,f64 min + max,9.489,3.658,6.152,1.632,2.500,30
B,8a09fc9,2,8a09fc9,10000000,1000000,1,0,array,count (control),7.401,3.650,4.250,1.541,1.675,30
B,8a09fc9,2,8a09fc9,10000000,1000000,1,0,array,int64 sum (control),10.062,3.543,3.784,1.439,1.572,30
B,8a09fc9,2,8a09fc9,10000000,1000000,1,0,plan,f64 min,13.695,6.018,9.840,2.990,3.489,30
B,8a09fc9,2,8a09fc9,10000000,1000000,1,0,plan,f64 max,14.635,4.438,6.305,2.450,3.157,30
B,8a09fc9,2,8a09fc9,10000000,1000000,1,0,plan,f64 min + max,18.819,4.456,6.140,2.508,3.163,30
B,8a09fc9,2,8a09fc9,10000000,1000000,1,0,plan,count (control),16.512,3.805,8.299,2.876,4.314,30
B,8a09fc9,2,8a09fc9,10000000,1000000,1,0,plan,int64 sum (control),22.093,6.011,7.000,3.916,4.291,30
B,8a09fc9,2,8a09fc9,10000000,1000000,2,0,array,f64 min,11.724,8.820,9.963,3.207,4.180,30
B,8a09fc9,2,8a09fc9,10000000,1000000,2,0,array,f64 max,11.574,8.140,9.067,3.220,3.707,30
B,8a09fc9,2,8a09fc9,10000000,1000000,2,0,array,f64 min + max,11.640,6.874,9.753,3.341,4.139,30
B,8a09fc9,2,8a09fc9,10000000,1000000,2,0,plan,f64 min,18.150,4.954,7.473,3.161,3.992,30
B,8a09fc9,2,8a09fc9,10000000,1000000,2,0,plan,f64 max,17.353,4.963,7.105,3.202,4.080,30
B,8a09fc9,2,8a09fc9,10000000,1000000,2,0,plan,f64 min + max,13.324,4.962,7.443,3.155,4.216,30
B,8a09fc9,2,8a09fc9,10000000,1000000,1,1,array,f64 min,9.712,3.170,6.279,1.539,2.115,30
B,8a09fc9,2,8a09fc9,10000000,1000000,1,1,array,f64 max,8.617,3.520,3.967,1.761,1.993,30
B,8a09fc9,2,8a09fc9,10000000,1000000,1,1,array,f64 min + max,9.719,3.165,4.442,1.519,1.716,30
B,8a09fc9,2,8a09fc9,10000000,1000000,1,1,plan,f64 min,13.267,4.144,4.676,2.336,2.581,30
B,8a09fc9,2,8a09fc9,10000000,1000000,1,1,plan,f64 max,17.175,4.107,6.601,2.322,3.145,30
B,8a09fc9,2,8a09fc9,10000000,1000000,1,1,plan,f64 min + max,16.151,4.167,7.935,2.372,3.671,30
B,8a09fc9,2,8a09fc9,10000000,1000000,2,1,array,f64 min,10.568,7.619,8.375,3.120,3.414,30
B,8a09fc9,2,8a09fc9,10000000,1000000,2,1,array,f64 max,10.821,4.285,4.928,2.798,2.908,30
B,8a09fc9,2,8a09fc9,10000000,1000000,2,1,array,f64 min + max,9.731,8.539,9.393,3.227,3.858,30
B,8a09fc9,2,8a09fc9,10000000,1000000,2,1,plan,f64 min,21.035,5.317,13.926,3.238,5.192,30
B,8a09fc9,2,8a09fc9,10000000,1000000,2,1,plan,f64 max,17.401,5.588,8.070,3.477,4.283,30
B,8a09fc9,2,8a09fc9,10000000,1000000,2,1,plan,f64 min + max,16.986,4.726,10.476,3.049,4.290,30
B,8a09fc9,2,c4e2f6f,10000000,1000000,1,0,array,f64 min,12.312,4.329,4.624,1.777,1.892,30
B,8a09fc9,2,c4e2f6f,10000000,1000000,1,0,array,f64 max,10.127,4.844,5.526,1.993,2.474,30
B,8a09fc9,2,c4e2f6f,10000000,1000000,1,0,array,f64 min + max,12.085,4.999,5.274,2.009,2.454,30
B,8a09fc9,2,c4e2f6f,10000000,1000000,1,0,array,count (control),6.861,3.189,5.555,1.507,1.880,30
B,8a09fc9,2,c4e2f6f,10000000,1000000,1,0,array,int64 sum (control),9.236,4.104,4.674,1.548,1.738,30
B,8a09fc9,2,c4e2f6f,10000000,1000000,1,0,plan,f64 min,21.050,5.821,10.880,2.762,3.939,30
B,8a09fc9,2,c4e2f6f,10000000,1000000,1,0,plan,f64 max,14.424,6.765,8.125,2.914,3.681,30
B,8a09fc9,2,c4e2f6f,10000000,1000000,1,0,plan,f64 min + max,23.127,7.604,11.804,2.818,4.337,30
B,8a09fc9,2,c4e2f6f,10000000,1000000,1,0,plan,count (control),11.517,3.735,5.739,2.825,3.747,30
B,8a09fc9,2,c4e2f6f,10000000,1000000,1,0,plan,int64 sum (control),19.936,6.535,10.144,4.051,5.669,30
B,8a09fc9,2,c4e2f6f,10000000,1000000,2,0,array,f64 min,13.531,5.064,5.868,2.768,3.043,30
B,8a09fc9,2,c4e2f6f,10000000,1000000,2,0,array,f64 max,11.400,5.260,5.716,2.830,3.036,30
B,8a09fc9,2,c4e2f6f,10000000,1000000,2,0,array,f64 min + max,13.680,5.070,6.076,2.720,3.038,30
B,8a09fc9,2,c4e2f6f,10000000,1000000,2,0,plan,f64 min,22.510,6.598,14.412,3.615,5.127,30
B,8a09fc9,2,c4e2f6f,10000000,1000000,2,0,plan,f64 max,22.546,7.218,7.941,4.119,4.354,30
B,8a09fc9,2,c4e2f6f,10000000,1000000,2,0,plan,f64 min + max,29.262,8.629,10.955,3.984,5.723,30
B,8a09fc9,2,c4e2f6f,10000000,1000000,1,1,array,f64 min,10.111,4.207,4.373,1.708,1.776,30
B,8a09fc9,2,c4e2f6f,10000000,1000000,1,1,array,f64 max,10.125,3.973,4.232,1.582,1.662,30
B,8a09fc9,2,c4e2f6f,10000000,1000000,1,1,array,f64 min + max,10.115,4.267,4.652,1.710,1.937,30
B,8a09fc9,2,c4e2f6f,10000000,1000000,1,1,plan,f64 min,14.926,6.650,7.692,3.056,3.359,30
B,8a09fc9,2,c4e2f6f,10000000,1000000,1,1,plan,f64 max,17.293,5.755,6.465,2.589,3.124,30
B,8a09fc9,2,c4e2f6f,10000000,1000000,1,1,plan,f64 min + max,26.100,9.372,10.095,3.294,3.705,30
B,8a09fc9,2,c4e2f6f,10000000,1000000,2,1,array,f64 min,13.593,5.298,6.580,2.875,3.850,30
B,8a09fc9,2,c4e2f6f,10000000,1000000,2,1,array,f64 max,11.082,7.059,8.085,3.026,4.010,30
B,8a09fc9,2,c4e2f6f,10000000,1000000,2,1,array,f64 min + max,13.615,4.958,5.391,2.815,3.029,30
B,8a09fc9,2,c4e2f6f,10000000,1000000,2,1,plan,f64 min,21.749,6.154,11.128,3.399,4.576,30
B,8a09fc9,2,c4e2f6f,10000000,1000000,2,1,plan,f64 max,17.858,9.466,10.568,3.744,4.184,30
B,8a09fc9,2,c4e2f6f,10000000,1000000,2,1,plan,f64 min + max,25.946,10.169,12.566,4.880,5.418,30
B,8a09fc9,2,8a09fc9,10000000,rows/2,1,0,array,f64 min,16.941,6.281,6.607,1.599,2.090,30
B,8a09fc9,2,8a09fc9,10000000,rows/2,1,0,array,f64 max,14.175,6.110,6.591,1.520,1.992,30
B,8a09fc9,2,8a09fc9,10000000,rows/2,1,0,array,f64 min + max,13.291,6.168,6.567,1.525,2.031,30
B,8a09fc9,2,8a09fc9,10000000,rows/2,1,0,array,count (control),9.803,3.663,3.872,1.828,1.977,30
B,8a09fc9,2,8a09fc9,10000000,rows/2,1,0,array,int64 sum (control),16.417,6.496,6.786,1.800,1.991,30
B,8a09fc9,2,8a09fc9,10000000,rows/2,1,0,plan,f64 min,22.685,11.726,12.523,4.022,4.416,30
B,8a09fc9,2,8a09fc9,10000000,rows/2,1,0,plan,f64 max,31.181,11.789,14.607,3.971,5.461,28
B,8a09fc9,2,8a09fc9,10000000,rows/2,1,0,plan,f64 min + max,31.802,11.501,11.812,4.020,4.177,30
B,8a09fc9,2,8a09fc9,10000000,rows/2,1,0,plan,count (control),28.064,10.391,10.619,5.677,5.875,30
B,8a09fc9,2,8a09fc9,10000000,rows/2,1,0,plan,int64 sum (control),43.276,18.658,19.919,10.696,11.158,20
B,8a09fc9,2,8a09fc9,10000000,rows/2,2,0,array,f64 min,15.730,7.673,8.839,3.158,3.893,30
B,8a09fc9,2,8a09fc9,10000000,rows/2,2,0,array,f64 max,18.602,7.849,8.372,3.091,3.296,30
B,8a09fc9,2,8a09fc9,10000000,rows/2,2,0,array,f64 min + max,18.222,6.663,6.956,2.471,2.847,30
B,8a09fc9,2,8a09fc9,10000000,rows/2,2,0,plan,f64 min,34.386,12.508,12.792,4.703,4.822,29
B,8a09fc9,2,8a09fc9,10000000,rows/2,2,0,plan,f64 max,33.902,12.856,14.759,4.666,6.251,27
B,8a09fc9,2,8a09fc9,10000000,rows/2,2,0,plan,f64 min + max,34.455,12.368,12.759,4.655,4.823,30
B,8a09fc9,2,8a09fc9,10000000,rows/2,1,1,array,f64 min,14.503,6.361,7.058,2.014,2.477,30
B,8a09fc9,2,8a09fc9,10000000,rows/2,1,1,array,f64 max,14.539,6.201,6.367,1.826,2.122,30
B,8a09fc9,2,8a09fc9,10000000,rows/2,1,1,array,f64 min + max,13.468,6.223,6.414,1.920,2.168,30
B,8a09fc9,2,8a09fc9,10000000,rows/2,1,1,plan,f64 min,31.395,11.321,11.655,4.011,4.177,30
B,8a09fc9,2,8a09fc9,10000000,rows/2,1,1,plan,f64 max,32.486,11.364,11.685,3.990,4.179,30
B,8a09fc9,2,8a09fc9,10000000,rows/2,1,1,plan,f64 min + max,32.787,11.367,11.634,4.044,4.187,30
B,8a09fc9,2,8a09fc9,10000000,rows/2,2,1,array,f64 min,18.002,6.545,7.128,2.689,3.062,30
B,8a09fc9,2,8a09fc9,10000000,rows/2,2,1,array,f64 max,15.431,6.805,7.643,3.004,3.892,30
B,8a09fc9,2,8a09fc9,10000000,rows/2,2,1,array,f64 min + max,17.388,8.233,8.724,3.104,3.519,30
B,8a09fc9,2,8a09fc9,10000000,rows/2,2,1,plan,f64 min,35.557,12.054,12.508,4.651,4.870,30
B,8a09fc9,2,8a09fc9,10000000,rows/2,2,1,plan,f64 max,34.381,12.256,12.661,4.748,4.876,29
B,8a09fc9,2,8a09fc9,10000000,rows/2,2,1,plan,f64 min + max,28.548,12.194,12.664,4.759,4.974,30
B,8a09fc9,2,c4e2f6f,10000000,rows/2,1,0,array,f64 min,18.122,9.970,10.395,2.080,2.629,30
B,8a09fc9,2,c4e2f6f,10000000,rows/2,1,0,array,f64 max,19.052,9.617,9.936,1.659,2.067,30
B,8a09fc9,2,c4e2f6f,10000000,rows/2,1,0,array,f64 min + max,16.805,9.601,9.857,1.637,1.869,30
B,8a09fc9,2,c4e2f6f,10000000,rows/2,1,0,array,count (control),11.512,3.111,4.192,1.420,1.819,30
B,8a09fc9,2,c4e2f6f,10000000,rows/2,1,0,array,int64 sum (control),16.389,6.868,8.196,2.055,2.403,30
B,8a09fc9,2,c4e2f6f,10000000,rows/2,1,0,plan,f64 min,36.133,14.967,15.266,4.066,4.220,26
B,8a09fc9,2,c4e2f6f,10000000,rows/2,1,0,plan,f64 max,36.002,14.995,16.334,4.113,4.897,25
B,8a09fc9,2,c4e2f6f,10000000,rows/2,1,0,plan,f64 min + max,42.621,22.633,23.034,4.537,4.789,17
B,8a09fc9,2,c4e2f6f,10000000,rows/2,1,0,plan,count (control),22.067,10.414,10.692,5.709,5.899,30
B,8a09fc9,2,c4e2f6f,10000000,rows/2,1,0,plan,int64 sum (control),46.901,19.196,20.171,10.835,11.298,19
B,8a09fc9,2,c4e2f6f,10000000,rows/2,2,0,array,f64 min,21.254,10.610,10.856,3.116,3.430,30
B,8a09fc9,2,c4e2f6f,10000000,rows/2,2,0,array,f64 max,20.609,10.715,11.542,3.160,4.312,30
B,8a09fc9,2,c4e2f6f,10000000,rows/2,2,0,array,f64 min + max,20.829,10.536,10.942,3.051,3.527,30
B,8a09fc9,2,c4e2f6f,10000000,rows/2,2,0,plan,f64 min,38.413,15.756,16.170,4.612,4.888,25
B,8a09fc9,2,c4e2f6f,10000000,rows/2,2,0,plan,f64 max,29.487,15.780,16.242,4.748,4.996,24
B,8a09fc9,2,c4e2f6f,10000000,rows/2,2,0,plan,f64 min + max,34.485,23.658,24.002,5.402,5.557,17
B,8a09fc9,2,c4e2f6f,10000000,rows/2,1,1,array,f64 min,17.904,9.805,10.154,2.560,2.938,30
B,8a09fc9,2,c4e2f6f,10000000,rows/2,1,1,array,f64 max,16.462,9.007,9.160,1.512,1.614,30
B,8a09fc9,2,c4e2f6f,10000000,rows/2,1,1,array,f64 min + max,17.504,9.552,10.145,2.142,2.871,30
B,8a09fc9,2,c4e2f6f,10000000,rows/2,1,1,plan,f64 min,36.795,14.465,14.735,4.099,4.199,27
B,8a09fc9,2,c4e2f6f,10000000,rows/2,1,1,plan,f64 max,34.686,14.491,14.807,4.087,4.202,27
B,8a09fc9,2,c4e2f6f,10000000,rows/2,1,1,plan,f64 min + max,45.712,21.700,21.973,4.679,4.840,18
B,8a09fc9,2,c4e2f6f,10000000,rows/2,2,1,array,f64 min,21.768,9.990,10.350,3.055,3.342,30
B,8a09fc9,2,c4e2f6f,10000000,rows/2,2,1,array,f64 max,21.558,10.024,10.459,3.073,3.566,30
B,8a09fc9,2,c4e2f6f,10000000,rows/2,2,1,array,f64 min + max,17.345,9.594,9.876,2.535,2.906,30
B,8a09fc9,2,c4e2f6f,10000000,rows/2,2,1,plan,f64 min,28.013,15.310,15.806,4.748,4.891,25
B,8a09fc9,2,c4e2f6f,10000000,rows/2,2,1,plan,f64 max,38.095,15.425,15.672,4.802,4.867,25
B,8a09fc9,2,c4e2f6f,10000000,rows/2,2,1,plan,f64 min + max,42.868,22.649,22.941,5.329,5.507,18
B,8a09fc9,2,8a09fc9,50000000,200,1,0,array,f64 min,11.643,5.031,5.463,1.708,2.289,30
B,8a09fc9,2,8a09fc9,50000000,200,1,0,array,f64 max,11.359,4.873,5.095,1.530,1.830,30
B,8a09fc9,2,8a09fc9,50000000,200,1,0,array,f64 min + max,11.696,5.045,5.626,1.850,2.314,30
B,8a09fc9,2,8a09fc9,50000000,200,1,0,array,count (control),8.905,3.464,3.829,1.379,1.555,30
B,8a09fc9,2,8a09fc9,50000000,200,1,0,array,int64 sum (control),9.923,3.941,4.072,1.292,1.405,30
B,8a09fc9,2,8a09fc9,50000000,200,1,0,plan,f64 min,14.353,7.726,8.180,2.766,3.324,30
B,8a09fc9,2,8a09fc9,50000000,200,1,0,plan,f64 max,17.627,7.497,8.071,2.555,2.972,30
B,8a09fc9,2,8a09fc9,50000000,200,1,0,plan,f64 min + max,14.624,7.681,8.234,2.566,2.994,30
B,8a09fc9,2,8a09fc9,50000000,200,1,0,plan,count (control),14.326,6.748,7.622,2.706,3.242,30
B,8a09fc9,2,8a09fc9,50000000,200,1,0,plan,int64 sum (control),17.172,7.719,8.520,2.664,3.192,30
B,8a09fc9,2,8a09fc9,50000000,200,2,0,array,f64 min,14.814,6.837,7.000,2.579,2.783,30
B,8a09fc9,2,8a09fc9,50000000,200,2,0,array,f64 max,14.232,7.164,7.663,2.857,3.151,30
B,8a09fc9,2,8a09fc9,50000000,200,2,0,array,f64 min + max,13.688,6.672,6.822,2.582,2.745,30
B,8a09fc9,2,8a09fc9,50000000,200,2,0,plan,f64 min,14.636,9.807,10.438,3.967,4.817,30
B,8a09fc9,2,8a09fc9,50000000,200,2,0,plan,f64 max,20.825,8.971,9.957,3.605,4.823,30
B,8a09fc9,2,8a09fc9,50000000,200,2,0,plan,f64 min + max,20.148,9.313,9.641,3.607,3.915,30
B,8a09fc9,2,8a09fc9,50000000,200,1,1,array,f64 min,9.255,4.944,5.041,1.578,1.682,30
B,8a09fc9,2,8a09fc9,50000000,200,1,1,array,f64 max,11.055,5.111,5.352,1.772,1.984,30
B,8a09fc9,2,8a09fc9,50000000,200,1,1,array,f64 min + max,12.831,5.153,5.776,1.782,2.340,30
B,8a09fc9,2,8a09fc9,50000000,200,1,1,plan,f64 min,19.504,7.451,8.119,2.819,3.616,30
B,8a09fc9,2,8a09fc9,50000000,200,1,1,plan,f64 max,19.651,7.793,8.055,2.635,2.872,30
B,8a09fc9,2,8a09fc9,50000000,200,1,1,plan,f64 min + max,19.680,7.075,7.383,2.220,2.487,30
B,8a09fc9,2,8a09fc9,50000000,200,2,1,array,f64 min,15.274,7.486,8.214,2.756,3.457,30
B,8a09fc9,2,8a09fc9,50000000,200,2,1,array,f64 max,13.543,7.233,7.813,2.698,2.882,30
B,8a09fc9,2,8a09fc9,50000000,200,2,1,array,f64 min + max,14.332,7.296,7.618,2.770,3.065,30
B,8a09fc9,2,8a09fc9,50000000,200,2,1,plan,f64 min,16.003,8.981,9.158,3.253,3.363,30
B,8a09fc9,2,8a09fc9,50000000,200,2,1,plan,f64 max,21.958,9.679,10.048,4.024,4.838,30
B,8a09fc9,2,8a09fc9,50000000,200,2,1,plan,f64 min + max,19.759,9.797,10.196,3.571,4.157,30
B,8a09fc9,2,c4e2f6f,50000000,200,1,0,array,f64 min,11.513,5.129,5.545,1.664,2.270,30
B,8a09fc9,2,c4e2f6f,50000000,200,1,0,array,f64 max,11.924,5.161,5.806,1.849,2.329,30
B,8a09fc9,2,c4e2f6f,50000000,200,1,0,array,f64 min + max,11.073,4.991,5.167,1.664,1.865,30
B,8a09fc9,2,c4e2f6f,50000000,200,1,0,array,count (control),9.206,3.318,3.928,1.358,1.415,30
B,8a09fc9,2,c4e2f6f,50000000,200,1,0,array,int64 sum (control),9.276,3.994,4.248,1.370,1.751,30
B,8a09fc9,2,c4e2f6f,50000000,200,1,0,plan,f64 min,15.775,7.960,8.496,2.650,3.348,30
B,8a09fc9,2,c4e2f6f,50000000,200,1,0,plan,f64 max,15.574,7.420,7.664,2.523,2.716,30
B,8a09fc9,2,c4e2f6f,50000000,200,1,0,plan,f64 min + max,18.029,10.049,10.950,2.809,3.995,30
B,8a09fc9,2,c4e2f6f,50000000,200,1,0,plan,count (control),13.380,6.357,6.926,2.521,2.657,30
B,8a09fc9,2,c4e2f6f,50000000,200,1,0,plan,int64 sum (control),13.013,7.139,8.007,2.840,3.606,30
B,8a09fc9,2,c4e2f6f,50000000,200,2,0,array,f64 min,12.915,6.863,7.231,2.733,3.142,30
B,8a09fc9,2,c4e2f6f,50000000,200,2,0,array,f64 max,14.894,7.164,7.980,2.740,3.439,30
B,8a09fc9,2,c4e2f6f,50000000,200,2,0,array,f64 min + max,14.040,7.410,7.754,2.841,3.494,30
B,8a09fc9,2,c4e2f6f,50000000,200,2,0,plan,f64 min,20.620,9.533,9.849,3.635,3.991,30
B,8a09fc9,2,c4e2f6f,50000000,200,2,0,plan,f64 max,20.191,9.402,9.779,3.455,3.719,30
B,8a09fc9,2,c4e2f6f,50000000,200,2,0,plan,f64 min + max,19.768,11.367,11.807,3.521,3.953,30
B,8a09fc9,2,c4e2f6f,50000000,200,1,1,array,f64 min,11.868,5.055,5.482,1.740,2.317,30
B,8a09fc9,2,c4e2f6f,50000000,200,1,1,array,f64 max,11.072,5.144,5.223,1.671,1.857,30
B,8a09fc9,2,c4e2f6f,50000000,200,1,1,array,f64 min + max,12.809,5.144,5.367,1.685,1.854,30
B,8a09fc9,2,c4e2f6f,50000000,200,1,1,plan,f64 min,18.907,7.231,7.401,2.285,2.458,30
B,8a09fc9,2,c4e2f6f,50000000,200,1,1,plan,f64 max,19.854,7.221,8.272,2.389,3.528,30
B,8a09fc9,2,c4e2f6f,50000000,200,1,1,plan,f64 min + max,19.805,9.795,10.053,2.590,2.805,30
B,8a09fc9,2,c4e2f6f,50000000,200,2,1,array,f64 min,14.528,7.016,7.793,2.813,3.710,30
B,8a09fc9,2,c4e2f6f,50000000,200,2,1,array,f64 max,15.211,7.084,7.676,2.785,3.236,30
B,8a09fc9,2,c4e2f6f,50000000,200,2,1,array,f64 min + max,14.824,6.685,6.929,2.465,2.595,30
B,8a09fc9,2,c4e2f6f,50000000,200,2,1,plan,f64 min,18.997,9.518,10.386,3.684,4.817,30
B,8a09fc9,2,c4e2f6f,50000000,200,2,1,plan,f64 max,22.639,9.564,10.094,3.458,4.343,30
B,8a09fc9,2,c4e2f6f,50000000,200,2,1,plan,f64 min + max,21.967,11.850,12.469,3.883,4.806,30
B,8a09fc9,2,8a09fc9,50000000,10000,1,0,array,f64 min,15.284,6.361,6.482,1.725,1.850,30
B,8a09fc9,2,8a09fc9,50000000,10000,1,0,array,f64 max,19.653,6.220,6.554,1.506,1.959,30
B,8a09fc9,2,8a09fc9,50000000,10000,1,0,array,f64 min + max,17.180,6.209,6.384,1.520,1.707,30
B,8a09fc9,2,8a09fc9,50000000,10000,1,0,array,count (control),12.012,3.891,4.134,1.388,1.437,30
B,8a09fc9,2,8a09fc9,50000000,10000,1,0,array,int64 sum (control),16.311,6.515,6.811,1.446,1.712,30
B,8a09fc9,2,8a09fc9,50000000,10000,1,0,plan,f64 min,22.423,9.690,10.048,2.218,2.722,30
B,8a09fc9,2,8a09fc9,50000000,10000,1,0,plan,f64 max,24.016,9.691,10.225,2.207,2.933,30
B,8a09fc9,2,8a09fc9,50000000,10000,1,0,plan,f64 min + max,23.358,9.714,9.931,2.219,2.471,30
B,8a09fc9,2,8a09fc9,50000000,10000,1,0,plan,count (control),24.508,7.676,8.298,2.795,3.507,30
B,8a09fc9,2,8a09fc9,50000000,10000,1,0,plan,int64 sum (control),30.950,10.041,10.629,2.207,3.094,30
B,8a09fc9,2,8a09fc9,50000000,10000,2,0,array,f64 min,21.125,8.009,8.472,2.783,3.342,30
B,8a09fc9,2,8a09fc9,50000000,10000,2,0,array,f64 max,22.239,8.133,8.525,2.725,3.246,30
B,8a09fc9,2,8a09fc9,50000000,10000,2,0,array,f64 min + max,23.297,7.904,8.120,2.584,2.903,30
B,8a09fc9,2,8a09fc9,50000000,10000,2,0,plan,f64 min,26.280,11.345,11.585,3.209,3.397,30
B,8a09fc9,2,8a09fc9,50000000,10000,2,0,plan,f64 max,26.866,11.263,11.570,3.021,3.302,30
B,8a09fc9,2,8a09fc9,50000000,10000,2,0,plan,f64 min + max,30.931,11.508,11.816,3.333,3.613,30
B,8a09fc9,2,8a09fc9,50000000,10000,1,1,array,f64 min,17.365,6.100,6.245,1.624,1.741,30
B,8a09fc9,2,8a09fc9,50000000,10000,1,1,array,f64 max,19.436,6.121,6.475,1.732,2.109,30
B,8a09fc9,2,8a09fc9,50000000,10000,1,1,array,f64 min + max,19.108,6.227,6.701,1.843,2.364,30
B,8a09fc9,2,8a09fc9,50000000,10000,1,1,plan,f64 min,22.978,9.779,9.943,2.569,2.733,30
B,8a09fc9,2,8a09fc9,50000000,10000,1,1,plan,f64 max,22.874,9.706,9.909,2.513,2.698,30
B,8a09fc9,2,8a09fc9,50000000,10000,1,1,plan,f64 min + max,18.157,9.675,9.980,2.439,2.697,30
B,8a09fc9,2,8a09fc9,50000000,10000,2,1,array,f64 min,18.259,8.392,9.097,3.037,3.764,30
B,8a09fc9,2,8a09fc9,50000000,10000,2,1,array,f64 max,17.659,8.029,8.345,2.851,3.102,30
B,8a09fc9,2,8a09fc9,50000000,10000,2,1,array,f64 min + max,19.975,7.834,8.126,2.750,2.944,30
B,8a09fc9,2,8a09fc9,50000000,10000,2,1,plan,f64 min,26.578,11.200,11.699,3.203,3.835,30
B,8a09fc9,2,8a09fc9,50000000,10000,2,1,plan,f64 max,24.505,11.225,12.132,3.108,4.333,30
B,8a09fc9,2,8a09fc9,50000000,10000,2,1,plan,f64 min + max,24.449,11.299,11.758,3.134,3.893,30
B,8a09fc9,2,c4e2f6f,50000000,10000,1,0,array,f64 min,20.107,8.033,8.296,1.989,2.367,30
B,8a09fc9,2,c4e2f6f,50000000,10000,1,0,array,f64 max,17.792,7.871,8.056,1.722,1.947,30
B,8a09fc9,2,c4e2f6f,50000000,10000,1,0,array,f64 min + max,17.530,7.709,7.969,1.475,1.859,30
B,8a09fc9,2,c4e2f6f,50000000,10000,1,0,array,count (control),11.940,3.759,4.026,1.356,1.454,30
B,8a09fc9,2,c4e2f6f,50000000,10000,1,0,array,int64 sum (control),22.173,6.522,6.786,1.313,1.683,30
B,8a09fc9,2,c4e2f6f,50000000,10000,1,0,plan,f64 min,33.480,11.587,12.071,2.658,3.259,30
B,8a09fc9,2,c4e2f6f,50000000,10000,1,0,plan,f64 max,24.385,11.125,11.329,2.133,2.276,30
B,8a09fc9,2,c4e2f6f,50000000,10000,1,0,plan,f64 min + max,31.888,16.650,16.980,2.656,3.022,24
B,8a09fc9,2,c4e2f6f,50000000,10000,1,0,plan,count (control),20.245,7.389,7.631,2.296,2.387,30
B,8a09fc9,2,c4e2f6f,50000000,10000,1,0,plan,int64 sum (control),31.459,10.122,10.586,2.319,2.938,30
B,8a09fc9,2,c4e2f6f,50000000,10000,2,0,array,f64 min,20.229,9.723,10.246,3.060,3.730,30
B,8a09fc9,2,c4e2f6f,50000000,10000,2,0,array,f64 max,25.486,9.575,10.014,2.852,3.303,30
B,8a09fc9,2,c4e2f6f,50000000,10000,2,0,array,f64 min + max,24.224,9.580,10.254,2.776,3.710,30
B,8a09fc9,2,c4e2f6f,50000000,10000,2,0,plan,f64 min,28.224,12.802,13.096,3.012,3.416,30
B,8a09fc9,2,c4e2f6f,50000000,10000,2,0,plan,f64 max,29.208,13.149,13.605,3.488,4.041,30
B,8a09fc9,2,c4e2f6f,50000000,10000,2,0,plan,f64 min + max,35.327,18.409,18.950,3.583,4.375,22
B,8a09fc9,2,c4e2f6f,50000000,10000,1,1,array,f64 min,22.353,7.340,7.570,1.478,1.874,30
B,8a09fc9,2,c4e2f6f,50000000,10000,1,1,array,f64 max,17.727,7.529,7.868,1.735,2.162,30
B,8a09fc9,2,c4e2f6f,50000000,10000,1,1,array,f64 min + max,16.738,7.496,7.922,1.657,2.272,30
B,8a09fc9,2,c4e2f6f,50000000,10000,1,1,plan,f64 min,22.234,10.796,11.340,2.182,2.896,30
B,8a09fc9,2,c4e2f6f,50000000,10000,1,1,plan,f64 max,24.685,10.778,11.289,2.166,2.784,30
B,8a09fc9,2,c4e2f6f,50000000,10000,1,1,plan,f64 min + max,26.435,15.939,16.181,2.674,2.907,25
B,8a09fc9,2,c4e2f6f,50000000,10000,2,1,array,f64 min,20.666,9.042,9.191,2.569,2.739,30
B,8a09fc9,2,c4e2f6f,50000000,10000,2,1,array,f64 max,20.295,9.012,9.226,2.554,2.740,30
B,8a09fc9,2,c4e2f6f,50000000,10000,2,1,array,f64 min + max,18.957,9.004,9.170,2.544,2.664,30
B,8a09fc9,2,c4e2f6f,50000000,10000,2,1,plan,f64 min,24.824,12.533,12.759,3.198,3.401,30
B,8a09fc9,2,c4e2f6f,50000000,10000,2,1,plan,f64 max,24.170,12.460,12.641,3.095,3.260,30
B,8a09fc9,2,c4e2f6f,50000000,10000,2,1,plan,f64 min + max,29.280,17.531,17.862,3.511,3.892,23
B,8a09fc9,2,8a09fc9,50000000,100000,1,0,array,f64 min,18.634,7.165,7.311,1.588,1.688,30
B,8a09fc9,2,8a09fc9,50000000,100000,1,0,array,f64 max,18.381,7.181,7.359,1.590,1.766,30
B,8a09fc9,2,8a09fc9,50000000,100000,1,0,array,f64 min + max,18.558,7.211,7.314,1.597,1.693,30
B,8a09fc9,2,8a09fc9,50000000,100000,1,0,array,count (control),14.981,4.449,4.590,1.301,1.486,30
B,8a09fc9,2,8a09fc9,50000000,100000,1,0,array,int64 sum (control),18.734,7.101,7.321,1.203,1.405,30
B,8a09fc9,2,8a09fc9,50000000,100000,1,0,plan,f64 min,20.510,10.762,11.008,2.362,2.617,30
B,8a09fc9,2,8a09fc9,50000000,100000,1,0,plan,f64 max,21.337,10.820,11.005,2.425,2.606,30
B,8a09fc9,2,8a09fc9,50000000,100000,1,0,plan,f64 min + max,22.079,10.762,10.941,2.310,2.488,30
B,8a09fc9,2,8a09fc9,50000000,100000,1,0,plan,count (control),19.986,8.066,8.598,2.269,2.784,30
B,8a09fc9,2,8a09fc9,50000000,100000,1,0,plan,int64 sum (control),26.047,11.017,11.360,2.428,2.802,30
B,8a09fc9,2,8a09fc9,50000000,100000,2,0,array,f64 min,21.625,8.443,8.603,2.561,2.728,30
B,8a09fc9,2,8a09fc9,50000000,100000,2,0,array,f64 max,28.888,8.466,8.626,2.593,2.784,30
B,8a09fc9,2,8a09fc9,50000000,100000,2,0,array,f64 min + max,19.978,8.547,8.758,2.767,2.990,30
B,8a09fc9,2,8a09fc9,50000000,100000,2,0,plan,f64 min,33.160,11.842,12.517,3.180,3.817,30
B,8a09fc9,2,8a09fc9,50000000,100000,2,0,plan,f64 max,21.703,11.806,12.136,3.068,3.345,30
B,8a09fc9,2,8a09fc9,50000000,100000,2,0,plan,f64 min + max,23.168,11.910,12.273,3.252,3.559,30
B,8a09fc9,2,8a09fc9,50000000,100000,1,1,array,f64 min,17.420,6.975,7.260,1.590,1.928,30
B,8a09fc9,2,8a09fc9,50000000,100000,1,1,array,f64 max,17.644,6.929,7.019,1.488,1.636,30
B,8a09fc9,2,8a09fc9,50000000,100000,1,1,array,f64 min + max,19.912,6.915,7.045,1.552,1.659,30
B,8a09fc9,2,8a09fc9,50000000,100000,1,1,plan,f64 min,22.853,10.259,10.809,2.183,2.722,30
B,8a09fc9,2,8a09fc9,50000000,100000,1,1,plan,f64 max,23.363,10.408,10.661,2.254,2.473,30
B,8a09fc9,2,8a09fc9,50000000,100000,1,1,plan,f64 min + max,24.814,10.482,11.088,2.265,3.153,30
B,8a09fc9,2,8a09fc9,50000000,100000,2,1,array,f64 min,21.454,8.170,8.323,2.556,2.711,30
B,8a09fc9,2,8a09fc9,50000000,100000,2,1,array,f64 max,23.003,8.363,9.041,2.883,3.733,30
B,8a09fc9,2,8a09fc9,50000000,100000,2,1,array,f64 min + max,21.277,8.399,8.934,2.810,3.578,30
B,8a09fc9,2,8a09fc9,50000000,100000,2,1,plan,f64 min,33.507,11.587,11.789,3.045,3.222,30
B,8a09fc9,2,8a09fc9,50000000,100000,2,1,plan,f64 max,24.725,11.776,12.102,3.301,3.617,30
B,8a09fc9,2,8a09fc9,50000000,100000,2,1,plan,f64 min + max,22.526,11.654,12.118,3.093,3.607,30
B,8a09fc9,2,c4e2f6f,50000000,100000,1,0,array,f64 min,31.285,9.633,9.881,1.895,2.183,30
B,8a09fc9,2,c4e2f6f,50000000,100000,1,0,array,f64 max,19.603,9.676,9.966,1.917,2.346,30
B,8a09fc9,2,c4e2f6f,50000000,100000,1,0,array,f64 min + max,21.863,9.516,9.953,1.671,2.320,30
B,8a09fc9,2,c4e2f6f,50000000,100000,1,0,array,count (control),12.597,4.503,4.843,1.438,1.798,30
B,8a09fc9,2,c4e2f6f,50000000,100000,1,0,array,int64 sum (control),18.065,7.251,7.383,1.321,1.501,30
B,8a09fc9,2,c4e2f6f,50000000,100000,1,0,plan,f64 min,29.072,13.650,14.242,3.220,3.979,29
B,8a09fc9,2,c4e2f6f,50000000,100000,1,0,plan,f64 max,27.677,13.384,14.160,2.830,3.919,29
B,8a09fc9,2,c4e2f6f,50000000,100000,1,0,plan,f64 min + max,44.253,20.681,20.967,4.326,4.888,19
B,8a09fc9,2,c4e2f6f,50000000,100000,1,0,plan,count (control),21.605,8.145,8.629,2.250,2.717,30
B,8a09fc9,2,c4e2f6f,50000000,100000,1,0,plan,int64 sum (control),27.339,10.949,11.374,2.419,2.812,30
B,8a09fc9,2,c4e2f6f,50000000,100000,2,0,array,f64 min,24.576,10.649,11.253,2.642,3.427,30
B,8a09fc9,2,c4e2f6f,50000000,100000,2,0,array,f64 max,34.180,11.296,11.505,3.520,3.817,30
B,8a09fc9,2,c4e2f6f,50000000,100000,2,0,array,f64 min + max,18.295,10.772,11.123,2.708,3.140,30
B,8a09fc9,2,c4e2f6f,50000000,100000,2,0,plan,f64 min,29.387,14.813,15.751,3.934,5.246,26
B,8a09fc9,2,c4e2f6f,50000000,100000,2,0,plan,f64 max,30.229,14.320,14.554,3.387,3.648,28
B,8a09fc9,2,c4e2f6f,50000000,100000,2,0,plan,f64 min + max,36.981,20.393,21.290,3.472,4.600,19
B,8a09fc9,2,c4e2f6f,50000000,100000,1,1,array,f64 min,21.029,9.077,9.468,1.795,2.337,30
B,8a09fc9,2,c4e2f6f,50000000,100000,1,1,array,f64 max,29.980,8.884,9.007,1.564,1.661,30
B,8a09fc9,2,c4e2f6f,50000000,100000,1,1,array,f64 min + max,21.535,9.008,9.480,1.751,2.340,30
B,8a09fc9,2,c4e2f6f,50000000,100000,1,1,plan,f64 min,26.404,12.738,13.187,2.674,3.178,30
B,8a09fc9,2,c4e2f6f,50000000,100000,1,1,plan,f64 max,26.668,12.441,13.250,2.287,3.331,30
B,8a09fc9,2,c4e2f6f,50000000,100000,1,1,plan,f64 min + max,28.505,18.283,18.523,2.708,2.860,22
B,8a09fc9,2,c4e2f6f,50000000,100000,2,1,array,f64 min,24.153,10.272,10.950,2.755,3.690,30
B,8a09fc9,2,c4e2f6f,50000000,100000,2,1,array,f64 max,30.377,10.336,10.951,2.910,3.748,30
B,8a09fc9,2,c4e2f6f,50000000,100000,2,1,array,f64 min + max,22.302,10.423,11.040,2.968,3.774,30
B,8a09fc9,2,c4e2f6f,50000000,100000,2,1,plan,f64 min,24.232,13.951,14.139,3.519,3.739,29
B,8a09fc9,2,c4e2f6f,50000000,100000,2,1,plan,f64 max,26.414,13.631,13.918,3.270,3.475,28
B,8a09fc9,2,c4e2f6f,50000000,100000,2,1,plan,f64 min + max,56.356,20.153,20.754,4.615,5.204,20
B,8a09fc9,2,8a09fc9,50000000,1000000,1,0,array,f64 min,21.448,9.858,10.134,1.882,2.222,30
B,8a09fc9,2,8a09fc9,50000000,1000000,1,0,array,f64 max,21.900,9.705,10.243,1.674,2.433,30
B,8a09fc9,2,8a09fc9,50000000,1000000,1,0,array,f64 min + max,23.333,9.755,9.877,1.765,1.882,30
B,8a09fc9,2,8a09fc9,50000000,1000000,1,0,array,count (control),16.972,5.395,5.536,1.449,1.562,30
B,8a09fc9,2,8a09fc9,50000000,1000000,1,0,array,int64 sum (control),21.640,11.482,11.706,1.337,1.471,30
B,8a09fc9,2,8a09fc9,50000000,1000000,1,0,plan,f64 min,29.589,13.591,13.731,2.657,2.807,29
B,8a09fc9,2,8a09fc9,50000000,1000000,1,0,plan,f64 max,32.263,13.649,14.372,2.745,3.517,27
B,8a09fc9,2,8a09fc9,50000000,1000000,1,0,plan,f64 min + max,27.445,13.625,13.785,2.768,2.840,28
B,8a09fc9,2,8a09fc9,50000000,1000000,1,0,plan,count (control),26.762,9.941,10.927,3.128,3.648,30
B,8a09fc9,2,8a09fc9,50000000,1000000,1,0,plan,int64 sum (control),38.745,17.914,18.196,4.378,4.559,22
B,8a09fc9,2,8a09fc9,50000000,1000000,2,0,array,f64 min,19.128,10.807,11.479,3.002,3.870,30
B,8a09fc9,2,8a09fc9,50000000,1000000,2,0,array,f64 max,20.470,10.762,11.538,3.011,3.943,30
B,8a09fc9,2,8a09fc9,50000000,1000000,2,0,array,f64 min + max,21.217,10.527,10.665,2.563,2.728,30
B,8a09fc9,2,8a09fc9,50000000,1000000,2,0,plan,f64 min,31.534,14.486,14.674,3.558,3.666,27
B,8a09fc9,2,8a09fc9,50000000,1000000,2,0,plan,f64 max,31.018,14.643,15.561,3.585,4.606,26
B,8a09fc9,2,8a09fc9,50000000,1000000,2,0,plan,f64 min + max,35.204,14.570,15.257,3.605,4.259,27
B,8a09fc9,2,8a09fc9,50000000,1000000,1,1,array,f64 min,19.923,9.294,9.420,1.626,1.687,30
B,8a09fc9,2,8a09fc9,50000000,1000000,1,1,array,f64 max,19.694,9.326,9.601,1.592,1.984,30
B,8a09fc9,2,8a09fc9,50000000,1000000,1,1,array,f64 min + max,21.833,9.512,9.957,1.815,2.460,30
B,8a09fc9,2,8a09fc9,50000000,1000000,1,1,plan,f64 min,28.243,13.347,13.501,2.781,2.870,29
B,8a09fc9,2,8a09fc9,50000000,1000000,1,1,plan,f64 max,29.626,13.391,13.473,2.786,2.855,30
B,8a09fc9,2,8a09fc9,50000000,1000000,1,1,plan,f64 min + max,25.338,13.431,13.574,2.829,2.920,29
B,8a09fc9,2,8a09fc9,50000000,1000000,2,1,array,f64 min,22.890,10.459,10.849,2.905,3.433,30
B,8a09fc9,2,8a09fc9,50000000,1000000,2,1,array,f64 max,20.737,10.487,11.109,3.041,3.837,30
B,8a09fc9,2,8a09fc9,50000000,1000000,2,1,array,f64 min + max,20.931,10.433,10.665,2.890,3.131,30
B,8a09fc9,2,8a09fc9,50000000,1000000,2,1,plan,f64 min,28.562,14.264,15.100,3.678,4.464,26
B,8a09fc9,2,8a09fc9,50000000,1000000,2,1,plan,f64 max,32.021,14.546,18.428,3.882,7.380,23
B,8a09fc9,2,8a09fc9,50000000,1000000,2,1,plan,f64 min + max,31.099,14.289,14.436,3.612,3.700,28
B,8a09fc9,2,c4e2f6f,50000000,1000000,1,0,array,f64 min,22.554,14.597,14.880,2.023,2.397,27
B,8a09fc9,2,c4e2f6f,50000000,1000000,1,0,array,f64 max,27.727,14.516,14.918,1.932,2.413,27
B,8a09fc9,2,c4e2f6f,50000000,1000000,1,0,array,f64 min + max,24.277,14.035,14.431,1.578,1.719,28
B,8a09fc9,2,c4e2f6f,50000000,1000000,1,0,array,count (control),17.215,5.337,5.622,1.393,1.739,30
B,8a09fc9,2,c4e2f6f,50000000,1000000,1,0,array,int64 sum (control),21.595,11.534,11.874,1.322,1.662,30
B,8a09fc9,2,c4e2f6f,50000000,1000000,1,0,plan,f64 min,30.271,18.361,18.486,2.789,2.866,22
B,8a09fc9,2,c4e2f6f,50000000,1000000,1,0,plan,f64 max,31.228,18.339,18.521,2.802,2.907,22
B,8a09fc9,2,c4e2f6f,50000000,1000000,1,0,plan,f64 min + max,44.433,28.863,28.976,3.325,3.372,14
B,8a09fc9,2,c4e2f6f,50000000,1000000,1,0,plan,count (control),25.881,9.889,10.179,3.145,3.360,30
B,8a09fc9,2,c4e2f6f,50000000,1000000,1,0,plan,int64 sum (control),40.422,18.118,18.292,4.529,4.700,21
B,8a09fc9,2,c4e2f6f,50000000,1000000,2,0,array,f64 min,28.225,15.548,15.988,3.140,3.578,26
B,8a09fc9,2,c4e2f6f,50000000,1000000,2,0,array,f64 max,24.484,15.255,15.466,2.665,2.899,26
B,8a09fc9,2,c4e2f6f,50000000,1000000,2,0,array,f64 min + max,24.771,15.581,16.172,3.199,3.999,25
B,8a09fc9,2,c4e2f6f,50000000,1000000,2,0,plan,f64 min,36.286,19.274,19.399,3.596,3.716,21
B,8a09fc9,2,c4e2f6f,50000000,1000000,2,0,plan,f64 max,39.503,19.317,19.481,3.650,3.758,21
B,8a09fc9,2,c4e2f6f,50000000,1000000,2,0,plan,f64 min + max,59.584,30.369,31.359,4.949,5.901,13
B,8a09fc9,2,c4e2f6f,50000000,1000000,1,1,array,f64 min,24.687,13.815,14.210,2.011,2.527,29
B,8a09fc9,2,c4e2f6f,50000000,1000000,1,1,array,f64 max,25.994,13.858,14.243,2.044,2.527,29
B,8a09fc9,2,c4e2f6f,50000000,1000000,1,1,array,f64 min + max,21.932,13.845,14.206,1.947,2.479,29
B,8a09fc9,2,c4e2f6f,50000000,1000000,1,1,plan,f64 min,29.404,17.559,17.685,2.758,2.838,23
B,8a09fc9,2,c4e2f6f,50000000,1000000,1,1,plan,f64 max,34.984,17.661,17.738,2.828,2.887,23
B,8a09fc9,2,c4e2f6f,50000000,1000000,1,1,plan,f64 min + max,44.673,29.572,32.550,5.822,8.054,13
B,8a09fc9,2,c4e2f6f,50000000,1000000,2,1,array,f64 min,34.540,14.733,15.166,2.935,3.452,26
B,8a09fc9,2,c4e2f6f,50000000,1000000,2,1,array,f64 max,24.931,14.467,14.621,2.670,2.786,28
B,8a09fc9,2,c4e2f6f,50000000,1000000,2,1,array,f64 min + max,24.192,14.887,15.531,3.318,4.096,26
B,8a09fc9,2,c4e2f6f,50000000,1000000,2,1,plan,f64 min,47.532,18.542,18.747,3.607,3.720,21
B,8a09fc9,2,c4e2f6f,50000000,1000000,2,1,plan,f64 max,33.888,18.559,18.702,3.651,3.739,22
B,8a09fc9,2,c4e2f6f,50000000,1000000,2,1,plan,f64 min + max,43.899,28.639,30.145,4.566,6.079,13
B,8a09fc9,2,8a09fc9,50000000,rows/2,1,0,array,f64 min,142.425,130.953,131.079,7.396,7.551,4
B,8a09fc9,2,8a09fc9,50000000,rows/2,1,0,array,f64 max,144.165,131.111,131.279,7.406,7.634,4
B,8a09fc9,2,8a09fc9,50000000,rows/2,1,0,array,f64 min + max,137.925,130.962,131.244,7.503,7.752,4
B,8a09fc9,2,8a09fc9,50000000,rows/2,1,0,array,count (control),132.062,111.491,113.536,9.510,12.184,4
B,8a09fc9,2,8a09fc9,50000000,rows/2,1,0,array,int64 sum (control),160.720,157.014,157.414,19.887,20.194,3
B,8a09fc9,2,8a09fc9,50000000,rows/2,1,0,plan,f64 min,212.674,175.163,175.414,17.321,17.404,3
B,8a09fc9,2,8a09fc9,50000000,rows/2,1,0,plan,f64 max,193.618,175.405,175.667,17.373,17.744,3
B,8a09fc9,2,8a09fc9,50000000,rows/2,1,0,plan,f64 min + max,209.585,175.300,175.803,17.340,17.432,3
B,8a09fc9,2,8a09fc9,50000000,rows/2,1,0,plan,count (control),205.276,162.973,163.479,26.646,26.749,3
B,8a09fc9,2,8a09fc9,50000000,rows/2,1,0,plan,int64 sum (control),255.959,225.168,225.272,53.014,53.171,3
B,8a09fc9,2,8a09fc9,50000000,rows/2,2,0,array,f64 min,156.208,143.355,143.421,10.300,10.312,3
B,8a09fc9,2,8a09fc9,50000000,rows/2,2,0,array,f64 max,154.445,143.042,143.178,9.974,9.991,3
B,8a09fc9,2,8a09fc9,50000000,rows/2,2,0,array,f64 min + max,153.299,145.028,145.097,12.181,13.285,3
B,8a09fc9,2,8a09fc9,50000000,rows/2,2,0,plan,f64 min,217.296,191.097,191.489,19.995,20.220,3
B,8a09fc9,2,8a09fc9,50000000,rows/2,2,0,plan,f64 max,217.496,191.434,192.078,19.832,19.890,3
B,8a09fc9,2,8a09fc9,50000000,rows/2,2,0,plan,f64 min + max,221.529,191.148,191.509,19.912,19.988,3
B,8a09fc9,2,8a09fc9,50000000,rows/2,1,1,array,f64 min,152.389,129.930,130.216,9.828,10.332,4
B,8a09fc9,2,8a09fc9,50000000,rows/2,1,1,array,f64 max,141.079,131.015,131.158,9.992,11.024,4
B,8a09fc9,2,8a09fc9,50000000,rows/2,1,1,array,f64 min + max,141.951,128.478,128.643,7.541,7.632,4
B,8a09fc9,2,8a09fc9,50000000,rows/2,1,1,plan,f64 min,208.729,173.185,173.699,17.504,17.709,3
B,8a09fc9,2,8a09fc9,50000000,rows/2,1,1,plan,f64 max,200.056,173.252,173.420,17.202,17.393,3
B,8a09fc9,2,8a09fc9,50000000,rows/2,1,1,plan,f64 min + max,207.757,173.112,173.460,17.382,17.420,3
B,8a09fc9,2,8a09fc9,50000000,rows/2,2,1,array,f64 min,155.350,140.570,140.743,10.106,10.201,3
B,8a09fc9,2,8a09fc9,50000000,rows/2,2,1,array,f64 max,158.158,140.698,140.804,10.114,10.216,3
B,8a09fc9,2,8a09fc9,50000000,rows/2,2,1,array,f64 min + max,157.008,142.829,143.238,13.551,13.619,3
B,8a09fc9,2,8a09fc9,50000000,rows/2,2,1,plan,f64 min,224.324,188.498,189.002,20.027,20.062,3
B,8a09fc9,2,8a09fc9,50000000,rows/2,2,1,plan,f64 max,228.344,188.686,189.304,19.954,20.438,3
B,8a09fc9,2,8a09fc9,50000000,rows/2,2,1,plan,f64 min + max,226.471,188.475,188.920,19.865,19.963,3
B,8a09fc9,2,c4e2f6f,50000000,rows/2,1,0,array,f64 min,201.371,176.397,176.718,7.633,7.769,3
B,8a09fc9,2,c4e2f6f,50000000,rows/2,1,0,array,f64 max,183.566,176.451,176.708,7.747,7.800,3
B,8a09fc9,2,c4e2f6f,50000000,rows/2,1,0,array,f64 min + max,190.162,176.887,177.755,8.082,9.529,3
B,8a09fc9,2,c4e2f6f,50000000,rows/2,1,0,array,count (control),128.974,110.162,110.376,8.345,8.412,4
B,8a09fc9,2,c4e2f6f,50000000,rows/2,1,0,array,int64 sum (control),165.464,147.604,148.404,9.112,10.182,3
B,8a09fc9,2,c4e2f6f,50000000,rows/2,1,0,plan,f64 min,266.027,221.371,221.494,17.502,17.624,3
B,8a09fc9,2,c4e2f6f,50000000,rows/2,1,0,plan,f64 max,250.599,221.154,221.531,17.449,17.577,3
B,8a09fc9,2,c4e2f6f,50000000,rows/2,1,0,plan,f64 min + max,332.544,301.304,302.506,18.435,18.657,3
B,8a09fc9,2,c4e2f6f,50000000,rows/2,1,0,plan,count (control),210.427,164.659,165.092,27.322,27.338,3
B,8a09fc9,2,c4e2f6f,50000000,rows/2,1,0,plan,int64 sum (control),258.125,227.375,228.223,54.490,54.505,3
B,8a09fc9,2,c4e2f6f,50000000,rows/2,2,0,array,f64 min,205.926,191.988,192.271,14.120,14.523,3
B,8a09fc9,2,c4e2f6f,50000000,rows/2,2,0,array,f64 max,203.495,188.685,189.510,10.147,10.381,3
B,8a09fc9,2,c4e2f6f,50000000,rows/2,2,0,array,f64 min + max,206.918,188.724,188.776,10.032,10.285,3
B,8a09fc9,2,c4e2f6f,50000000,rows/2,2,0,plan,f64 min,264.520,237.719,238.604,20.293,20.433,3
B,8a09fc9,2,c4e2f6f,50000000,rows/2,2,0,plan,f64 max,255.191,237.313,237.862,20.100,20.147,3
B,8a09fc9,2,c4e2f6f,50000000,rows/2,2,0,plan,f64 min + max,362.213,319.104,319.443,21.058,21.071,3
B,8a09fc9,2,c4e2f6f,50000000,rows/2,1,1,array,f64 min,180.561,171.197,172.284,8.475,9.914,3
B,8a09fc9,2,c4e2f6f,50000000,rows/2,1,1,array,f64 max,180.848,170.634,170.712,7.826,7.975,3
B,8a09fc9,2,c4e2f6f,50000000,rows/2,1,1,array,f64 min + max,181.177,170.933,171.443,7.504,7.723,3
B,8a09fc9,2,c4e2f6f,50000000,rows/2,1,1,plan,f64 min,239.820,215.836,215.857,17.657,17.671,3
B,8a09fc9,2,c4e2f6f,50000000,rows/2,1,1,plan,f64 max,244.634,215.816,216.129,17.576,17.644,3
B,8a09fc9,2,c4e2f6f,50000000,rows/2,1,1,plan,f64 min + max,333.855,289.990,290.077,18.322,18.474,3
B,8a09fc9,2,c4e2f6f,50000000,rows/2,2,1,array,f64 min,199.528,184.717,186.228,12.149,14.060,3
B,8a09fc9,2,c4e2f6f,50000000,rows/2,2,1,array,f64 max,193.399,184.303,184.414,10.102,11.287,3
B,8a09fc9,2,c4e2f6f,50000000,rows/2,2,1,array,f64 min + max,200.920,184.158,184.160,10.289,10.938,3
B,8a09fc9,2,c4e2f6f,50000000,rows/2,2,1,plan,f64 min,270.807,232.297,232.404,20.306,20.391,3
B,8a09fc9,2,c4e2f6f,50000000,rows/2,2,1,plan,f64 max,262.151,232.205,232.423,20.163,20.225,3
B,8a09fc9,2,c4e2f6f,50000000,rows/2,2,1,plan,f64 min + max,326.105,306.642,307.540,21.000,21.062,3
B,8a09fc9,3,c4e2f6f,2000000,200,1,0,array,f64 min,2.366,1.056,1.156,1.182,1.288,30
B,8a09fc9,3,c4e2f6f,2000000,200,1,0,array,f64 max,2.896,1.123,1.153,1.258,1.276,30
B,8a09fc9,3,c4e2f6f,2000000,200,1,0,array,f64 min + max,3.801,1.068,1.154,1.203,1.293,30
B,8a09fc9,3,c4e2f6f,2000000,200,1,0,array,count (control),3.536,1.485,1.585,1.135,1.243,30
B,8a09fc9,3,c4e2f6f,2000000,200,1,0,array,int64 sum (control),2.395,1.667,1.833,1.284,1.424,30
B,8a09fc9,3,c4e2f6f,2000000,200,1,0,plan,f64 min,5.099,2.565,2.727,2.088,2.222,30
B,8a09fc9,3,c4e2f6f,2000000,200,1,0,plan,f64 max,6.172,2.756,2.842,2.279,2.358,30
B,8a09fc9,3,c4e2f6f,2000000,200,1,0,plan,f64 min + max,6.045,2.976,3.634,2.485,3.057,30
B,8a09fc9,3,c4e2f6f,2000000,200,1,0,plan,count (control),6.199,2.874,3.143,2.293,2.595,30
B,8a09fc9,3,c4e2f6f,2000000,200,1,0,plan,int64 sum (control),5.153,3.286,3.520,2.401,2.659,30
B,8a09fc9,3,c4e2f6f,2000000,200,2,0,array,f64 min,2.461,1.439,1.476,1.673,1.710,30
B,8a09fc9,3,c4e2f6f,2000000,200,2,0,array,f64 max,4.839,1.563,1.649,1.799,1.924,30
B,8a09fc9,3,c4e2f6f,2000000,200,2,0,array,f64 min + max,4.790,1.601,1.649,1.867,1.928,30
B,8a09fc9,3,c4e2f6f,2000000,200,2,0,plan,f64 min,6.260,2.856,2.979,2.431,2.532,30
B,8a09fc9,3,c4e2f6f,2000000,200,2,0,plan,f64 max,5.231,2.707,2.924,2.212,2.433,30
B,8a09fc9,3,c4e2f6f,2000000,200,2,0,plan,f64 min + max,5.116,3.421,4.078,3.005,3.598,30
B,8a09fc9,3,c4e2f6f,2000000,200,1,1,array,f64 min,4.007,1.079,1.180,1.161,1.272,30
B,8a09fc9,3,c4e2f6f,2000000,200,1,1,array,f64 max,3.901,1.280,1.466,1.415,1.618,30
B,8a09fc9,3,c4e2f6f,2000000,200,1,1,array,f64 min + max,2.533,1.137,1.181,1.218,1.273,30
B,8a09fc9,3,c4e2f6f,2000000,200,1,1,plan,f64 min,6.315,2.819,3.042,2.295,2.472,30
B,8a09fc9,3,c4e2f6f,2000000,200,1,1,plan,f64 max,6.080,2.874,3.105,2.279,2.464,30
B,8a09fc9,3,c4e2f6f,2000000,200,1,1,plan,f64 min + max,6.045,2.822,3.003,2.139,2.248,30
B,8a09fc9,3,c4e2f6f,2000000,200,2,1,array,f64 min,4.050,1.566,1.668,1.803,1.913,30
B,8a09fc9,3,c4e2f6f,2000000,200,2,1,array,f64 max,3.784,1.611,1.677,1.838,1.909,30
B,8a09fc9,3,c4e2f6f,2000000,200,2,1,array,f64 min + max,4.901,1.477,1.660,1.682,1.880,30
B,8a09fc9,3,c4e2f6f,2000000,200,2,1,plan,f64 min,7.303,3.152,3.384,2.711,2.930,30
B,8a09fc9,3,c4e2f6f,2000000,200,2,1,plan,f64 max,7.012,3.000,3.172,2.554,2.744,30
B,8a09fc9,3,c4e2f6f,2000000,200,2,1,plan,f64 min + max,8.372,3.519,3.727,2.994,3.192,30
B,8a09fc9,3,8a09fc9,2000000,200,1,0,array,f64 min,4.039,1.082,1.136,1.239,1.273,30
B,8a09fc9,3,8a09fc9,2000000,200,1,0,array,f64 max,3.332,1.109,1.129,1.242,1.269,30
B,8a09fc9,3,8a09fc9,2000000,200,1,0,array,f64 min + max,4.004,1.075,1.132,1.238,1.267,30
B,8a09fc9,3,8a09fc9,2000000,200,1,0,array,count (control),3.109,1.375,1.498,1.069,1.194,30
B,8a09fc9,3,8a09fc9,2000000,200,1,0,array,int64 sum (control),4.077,1.649,1.832,1.212,1.405,30
B,8a09fc9,3,8a09fc9,2000000,200,1,0,plan,f64 min,3.477,2.932,3.169,2.404,2.675,30
B,8a09fc9,3,8a09fc9,2000000,200,1,0,plan,f64 max,5.001,2.594,2.824,2.079,2.272,30
B,8a09fc9,3,8a09fc9,2000000,200,1,0,plan,f64 min + max,4.835,2.599,2.788,2.044,2.241,30
B,8a09fc9,3,8a09fc9,2000000,200,1,0,plan,count (control),5.900,2.762,2.917,2.124,2.313,30
B,8a09fc9,3,8a09fc9,2000000,200,1,0,plan,int64 sum (control),5.244,3.306,3.447,2.408,2.523,30
B,8a09fc9,3,8a09fc9,2000000,200,2,0,array,f64 min,4.740,1.589,1.636,1.854,1.913,30
B,8a09fc9,3,8a09fc9,2000000,200,2,0,array,f64 max,5.012,1.552,1.626,1.816,1.910,30
B,8a09fc9,3,8a09fc9,2000000,200,2,0,array,f64 min + max,4.904,1.447,1.629,1.692,1.901,30
B,8a09fc9,3,8a09fc9,2000000,200,2,0,plan,f64 min,3.966,2.744,2.824,2.287,2.375,30
B,8a09fc9,3,8a09fc9,2000000,200,2,0,plan,f64 max,6.734,2.731,2.886,2.324,2.412,30
B,8a09fc9,3,8a09fc9,2000000,200,2,0,plan,f64 min + max,7.580,2.845,3.038,2.428,2.584,30
B,8a09fc9,3,8a09fc9,2000000,200,1,1,array,f64 min,2.532,1.064,1.078,1.160,1.176,30
B,8a09fc9,3,8a09fc9,2000000,200,1,1,array,f64 max,3.716,1.276,1.380,1.457,1.590,30
B,8a09fc9,3,8a09fc9,2000000,200,1,1,array,f64 min + max,2.923,1.135,1.164,1.240,1.260,30
B,8a09fc9,3,8a09fc9,2000000,200,1,1,plan,f64 min,4.221,2.761,3.028,2.202,2.493,30
B,8a09fc9,3,8a09fc9,2000000,200,1,1,plan,f64 max,6.598,2.726,2.956,2.240,2.426,30
B,8a09fc9,3,8a09fc9,2000000,200,1,1,plan,f64 min + max,5.931,2.657,2.840,2.129,2.237,30
B,8a09fc9,3,8a09fc9,2000000,200,2,1,array,f64 min,3.800,1.574,1.645,1.787,1.883,30
B,8a09fc9,3,8a09fc9,2000000,200,2,1,array,f64 max,4.722,1.561,1.685,1.699,1.938,30
B,8a09fc9,3,8a09fc9,2000000,200,2,1,array,f64 min + max,4.567,1.501,1.650,1.705,1.888,30
B,8a09fc9,3,8a09fc9,2000000,200,2,1,plan,f64 min,5.189,3.306,3.458,2.838,3.032,30
B,8a09fc9,3,8a09fc9,2000000,200,2,1,plan,f64 max,4.819,3.021,3.242,2.554,2.760,30
B,8a09fc9,3,8a09fc9,2000000,200,2,1,plan,f64 min + max,5.514,3.188,3.360,2.758,2.948,30
B,8a09fc9,3,c4e2f6f,2000000,10000,1,0,array,f64 min,3.443,2.055,2.261,1.685,1.811,30
B,8a09fc9,3,c4e2f6f,2000000,10000,1,0,array,f64 max,4.166,2.078,2.311,1.641,1.878,30
B,8a09fc9,3,c4e2f6f,2000000,10000,1,0,array,f64 min + max,2.444,2.204,2.360,1.713,1.918,30
B,8a09fc9,3,c4e2f6f,2000000,10000,1,0,array,count (control),2.543,0.916,0.964,0.972,1.012,30
B,8a09fc9,3,c4e2f6f,2000000,10000,1,0,array,int64 sum (control),3.678,1.592,2.116,1.097,1.694,30
B,8a09fc9,3,c4e2f6f,2000000,10000,1,0,plan,f64 min,7.430,3.027,3.220,2.231,2.417,30
B,8a09fc9,3,c4e2f6f,2000000,10000,1,0,plan,f64 max,5.955,3.026,3.270,2.261,2.496,30
B,8a09fc9,3,c4e2f6f,2000000,10000,1,0,plan,f64 min + max,5.285,4.148,4.428,2.714,2.879,30
B,8a09fc9,3,c4e2f6f,2000000,10000,1,0,plan,count (control),5.458,2.176,2.347,2.053,2.183,30
B,8a09fc9,3,c4e2f6f,2000000,10000,1,0,plan,int64 sum (control),4.475,3.134,3.369,2.553,2.742,30
B,8a09fc9,3,c4e2f6f,2000000,10000,2,0,array,f64 min,3.852,2.557,2.794,2.325,2.569,30
B,8a09fc9,3,c4e2f6f,2000000,10000,2,0,array,f64 max,5.162,2.464,2.654,2.168,2.369,30
B,8a09fc9,3,c4e2f6f,2000000,10000,2,0,array,f64 min + max,5.572,2.346,2.497,2.040,2.243,30
B,8a09fc9,3,c4e2f6f,2000000,10000,2,0,plan,f64 min,6.963,3.128,3.287,2.424,2.527,30
B,8a09fc9,3,c4e2f6f,2000000,10000,2,0,plan,f64 max,7.463,3.593,3.844,2.974,3.189,30
B,8a09fc9,3,c4e2f6f,2000000,10000,2,0,plan,f64 min + max,6.591,4.483,4.847,3.239,3.488,30
B,8a09fc9,3,c4e2f6f,2000000,10000,1,1,array,f64 min,4.140,2.105,2.259,1.718,1.850,30
B,8a09fc9,3,c4e2f6f,2000000,10000,1,1,array,f64 max,5.201,2.021,2.434,1.636,2.071,30
B,8a09fc9,3,c4e2f6f,2000000,10000,1,1,array,f64 min + max,3.173,1.881,2.011,1.518,1.594,30
B,8a09fc9,3,c4e2f6f,2000000,10000,1,1,plan,f64 min,4.864,2.652,3.343,1.984,2.640,30
B,8a09fc9,3,c4e2f6f,2000000,10000,1,1,plan,f64 max,3.727,3.060,3.160,2.274,2.374,30
B,8a09fc9,3,c4e2f6f,2000000,10000,1,1,plan,f64 min + max,7.657,4.121,4.381,2.832,3.092,30
B,8a09fc9,3,c4e2f6f,2000000,10000,2,1,array,f64 min,4.242,2.706,2.854,2.547,2.731,30
B,8a09fc9,3,c4e2f6f,2000000,10000,2,1,array,f64 max,5.331,2.408,2.543,2.261,2.377,30
B,8a09fc9,3,c4e2f6f,2000000,10000,2,1,array,f64 min + max,3.424,2.442,2.764,2.245,2.689,30
B,8a09fc9,3,c4e2f6f,2000000,10000,2,1,plan,f64 min,4.918,3.021,3.312,2.443,2.739,30
B,8a09fc9,3,c4e2f6f,2000000,10000,2,1,plan,f64 max,7.243,2.998,3.213,2.400,2.608,30
B,8a09fc9,3,c4e2f6f,2000000,10000,2,1,plan,f64 min + max,7.177,4.073,4.354,2.829,3.093,30
B,8a09fc9,3,8a09fc9,2000000,10000,1,0,array,f64 min,3.236,1.588,1.746,1.353,1.540,30
B,8a09fc9,3,8a09fc9,2000000,10000,1,0,array,f64 max,3.897,1.585,1.688,1.332,1.436,30
B,8a09fc9,3,8a09fc9,2000000,10000,1,0,array,f64 min + max,3.244,1.536,1.640,1.286,1.388,30
B,8a09fc9,3,8a09fc9,2000000,10000,1,0,array,count (control),1.829,0.945,0.969,0.978,1.013,30
B,8a09fc9,3,8a09fc9,2000000,10000,1,0,array,int64 sum (control),2.648,1.479,1.617,1.042,1.112,30
B,8a09fc9,3,8a09fc9,2000000,10000,1,0,plan,f64 min,3.364,2.477,2.587,1.826,2.003,30
B,8a09fc9,3,8a09fc9,2000000,10000,1,0,plan,f64 max,4.594,2.690,2.819,2.160,2.250,30
B,8a09fc9,3,8a09fc9,2000000,10000,1,0,plan,f64 min + max,4.989,2.402,2.761,1.825,2.221,30
B,8a09fc9,3,8a09fc9,2000000,10000,1,0,plan,count (control),3.378,1.994,2.062,1.887,1.946,30
B,8a09fc9,3,8a09fc9,2000000,10000,1,0,plan,int64 sum (control),4.476,2.543,2.627,1.885,1.980,30
B,8a09fc9,3,8a09fc9,2000000,10000,2,0,array,f64 min,5.141,1.993,2.223,1.873,2.110,30
B,8a09fc9,3,8a09fc9,2000000,10000,2,0,array,f64 max,3.836,2.073,2.207,1.883,2.034,30
B,8a09fc9,3,8a09fc9,2000000,10000,2,0,array,f64 min + max,4.806,2.075,2.216,1.976,2.048,30
B,8a09fc9,3,8a09fc9,2000000,10000,2,0,plan,f64 min,3.848,2.878,3.010,2.395,2.527,30
B,8a09fc9,3,8a09fc9,2000000,10000,2,0,plan,f64 max,4.524,3.114,3.217,2.727,2.813,30
B,8a09fc9,3,8a09fc9,2000000,10000,2,0,plan,f64 min + max,5.086,3.354,3.494,3.040,3.200,30
B,8a09fc9,3,8a09fc9,2000000,10000,1,1,array,f64 min,2.275,1.644,1.676,1.421,1.464,30
B,8a09fc9,3,8a09fc9,2000000,10000,1,1,array,f64 max,3.299,1.648,1.730,1.458,1.508,30
B,8a09fc9,3,8a09fc9,2000000,10000,1,1,array,f64 min + max,2.789,1.768,1.852,1.542,1.632,30
B,8a09fc9,3,8a09fc9,2000000,10000,1,1,plan,f64 min,3.723,2.518,2.618,1.965,2.072,30
B,8a09fc9,3,8a09fc9,2000000,10000,1,1,plan,f64 max,3.732,2.361,2.541,1.835,1.986,30
B,8a09fc9,3,8a09fc9,2000000,10000,1,1,plan,f64 min + max,5.987,2.396,2.598,1.898,2.057,30
B,8a09fc9,3,8a09fc9,2000000,10000,2,1,array,f64 min,4.740,2.015,2.581,1.915,2.678,30
B,8a09fc9,3,8a09fc9,2000000,10000,2,1,array,f64 max,3.565,2.149,2.264,2.157,2.278,30
B,8a09fc9,3,8a09fc9,2000000,10000,2,1,array,f64 min + max,3.091,2.060,2.183,2.042,2.127,30
B,8a09fc9,3,8a09fc9,2000000,10000,2,1,plan,f64 min,3.911,2.781,2.972,2.282,2.503,30
B,8a09fc9,3,8a09fc9,2000000,10000,2,1,plan,f64 max,3.844,2.764,2.982,2.375,2.556,30
B,8a09fc9,3,8a09fc9,2000000,10000,2,1,plan,f64 min + max,7.009,3.218,3.488,2.909,3.202,30
B,8a09fc9,3,c4e2f6f,2000000,100000,1,0,array,f64 min,4.644,2.549,2.753,1.549,1.748,30
B,8a09fc9,3,c4e2f6f,2000000,100000,1,0,array,f64 max,4.571,2.645,2.783,1.606,1.787,30
B,8a09fc9,3,c4e2f6f,2000000,100000,1,0,array,f64 min + max,3.455,2.661,2.760,1.608,1.724,30
B,8a09fc9,3,c4e2f6f,2000000,100000,1,0,array,count (control),2.938,1.286,1.363,1.085,1.132,30
B,8a09fc9,3,c4e2f6f,2000000,100000,1,0,array,int64 sum (control),3.872,1.968,2.129,1.257,1.375,30
B,8a09fc9,3,c4e2f6f,2000000,100000,1,0,plan,f64 min,6.687,3.886,4.386,2.579,3.110,30
B,8a09fc9,3,c4e2f6f,2000000,100000,1,0,plan,f64 max,7.229,3.330,4.481,1.952,3.155,30
B,8a09fc9,3,c4e2f6f,2000000,100000,1,0,plan,f64 min + max,8.434,5.480,5.685,3.038,3.276,30
B,8a09fc9,3,c4e2f6f,2000000,100000,1,0,plan,count (control),6.405,3.002,3.098,2.641,2.716,30
B,8a09fc9,3,c4e2f6f,2000000,100000,1,0,plan,int64 sum (control),5.071,3.525,3.661,2.512,2.643,30
B,8a09fc9,3,c4e2f6f,2000000,100000,2,0,array,f64 min,6.885,3.003,3.141,2.374,2.475,30
B,8a09fc9,3,c4e2f6f,2000000,100000,2,0,array,f64 max,4.898,3.264,3.449,2.629,2.752,30
B,8a09fc9,3,c4e2f6f,2000000,100000,2,0,array,f64 min + max,3.978,3.221,3.545,2.646,2.896,30
B,8a09fc9,3,c4e2f6f,2000000,100000,2,0,plan,f64 min,8.501,4.540,4.778,3.330,3.574,30
B,8a09fc9,3,c4e2f6f,2000000,100000,2,0,plan,f64 max,8.391,4.264,4.600,3.067,3.331,30
B,8a09fc9,3,c4e2f6f,2000000,100000,2,0,plan,f64 min + max,8.110,5.930,6.481,3.751,4.314,30
B,8a09fc9,3,c4e2f6f,2000000,100000,1,1,array,f64 min,3.988,2.440,2.671,1.498,1.722,30
B,8a09fc9,3,c4e2f6f,2000000,100000,1,1,array,f64 max,4.856,2.568,3.057,1.645,2.292,30
B,8a09fc9,3,c4e2f6f,2000000,100000,1,1,array,f64 min + max,4.721,2.475,2.592,1.512,1.623,30
B,8a09fc9,3,c4e2f6f,2000000,100000,1,1,plan,f64 min,7.085,3.836,4.059,2.585,2.843,30
B,8a09fc9,3,c4e2f6f,2000000,100000,1,1,plan,f64 max,7.001,3.822,4.812,2.546,3.823,30
B,8a09fc9,3,c4e2f6f,2000000,100000,1,1,plan,f64 min + max,6.890,5.166,5.469,2.946,3.265,30
B,8a09fc9,3,c4e2f6f,2000000,100000,2,1,array,f64 min,5.734,2.846,3.091,2.352,2.570,30
B,8a09fc9,3,c4e2f6f,2000000,100000,2,1,array,f64 max,5.765,2.818,3.482,2.286,2.880,30
B,8a09fc9,3,c4e2f6f,2000000,100000,2,1,array,f64 min + max,4.469,3.006,3.391,2.513,2.796,30
B,8a09fc9,3,c4e2f6f,2000000,100000,2,1,plan,f64 min,7.617,4.536,4.758,3.260,3.590,30
B,8a09fc9,3,c4e2f6f,2000000,100000,2,1,plan,f64 max,8.077,4.339,4.524,3.267,3.387,30
B,8a09fc9,3,c4e2f6f,2000000,100000,2,1,plan,f64 min + max,8.038,5.547,5.921,3.599,3.861,30
B,8a09fc9,3,8a09fc9,2000000,100000,1,0,array,f64 min,4.399,2.354,2.648,1.648,1.999,30
B,8a09fc9,3,8a09fc9,2000000,100000,1,0,array,f64 max,5.156,2.451,2.533,1.740,1.827,30
B,8a09fc9,3,8a09fc9,2000000,100000,1,0,array,f64 min + max,3.597,2.333,2.481,1.597,1.736,30
B,8a09fc9,3,8a09fc9,2000000,100000,1,0,array,count (control),3.629,1.360,1.637,1.174,1.385,30
B,8a09fc9,3,8a09fc9,2000000,100000,1,0,array,int64 sum (control),4.011,2.011,2.085,1.267,1.365,30
B,8a09fc9,3,8a09fc9,2000000,100000,1,0,plan,f64 min,5.116,3.108,3.325,2.062,2.165,30
B,8a09fc9,3,8a09fc9,2000000,100000,1,0,plan,f64 max,5.658,3.638,3.965,2.625,2.981,30
B,8a09fc9,3,8a09fc9,2000000,100000,1,0,plan,f64 min + max,5.358,3.278,3.722,2.294,2.673,30
B,8a09fc9,3,8a09fc9,2000000,100000,1,0,plan,count (control),6.149,2.729,3.039,2.314,2.722,30
B,8a09fc9,3,8a09fc9,2000000,100000,1,0,plan,int64 sum (control),7.353,3.724,4.106,2.852,3.307,30
B,8a09fc9,3,8a09fc9,2000000,100000,2,0,array,f64 min,5.406,2.864,3.113,2.614,2.754,30
B,8a09fc9,3,8a09fc9,2000000,100000,2,0,array,f64 max,4.279,2.629,2.736,2.335,2.427,30
B,8a09fc9,3,8a09fc9,2000000,100000,2,0,array,f64 min + max,5.523,2.627,2.692,2.316,2.391,30
B,8a09fc9,3,8a09fc9,2000000,100000,2,0,plan,f64 min,8.073,3.948,4.116,3.041,3.184,30
B,8a09fc9,3,8a09fc9,2000000,100000,2,0,plan,f64 max,6.102,4.154,4.494,3.147,3.594,30
B,8a09fc9,3,8a09fc9,2000000,100000,2,0,plan,f64 min + max,4.799,3.804,4.080,2.879,3.131,30
B,8a09fc9,3,8a09fc9,2000000,100000,1,1,array,f64 min,4.600,2.236,2.408,1.549,1.676,30
B,8a09fc9,3,8a09fc9,2000000,100000,1,1,array,f64 max,4.580,2.217,2.339,1.580,1.660,30
B,8a09fc9,3,8a09fc9,2000000,100000,1,1,array,f64 min + max,4.104,2.377,2.506,1.685,1.820,30
B,8a09fc9,3,8a09fc9,2000000,100000,1,1,plan,f64 min,7.050,3.570,3.724,2.596,2.722,30
B,8a09fc9,3,8a09fc9,2000000,100000,1,1,plan,f64 max,5.846,3.356,3.590,2.359,2.595,30
B,8a09fc9,3,8a09fc9,2000000,100000,1,1,plan,f64 min + max,5.053,3.496,3.870,2.578,2.872,30
B,8a09fc9,3,8a09fc9,2000000,100000,2,1,array,f64 min,5.550,2.907,3.132,2.631,2.794,30
B,8a09fc9,3,8a09fc9,2000000,100000,2,1,array,f64 max,5.243,2.509,3.033,2.271,2.786,30
B,8a09fc9,3,8a09fc9,2000000,100000,2,1,array,f64 min + max,5.851,2.610,2.689,2.277,2.378,30
B,8a09fc9,3,8a09fc9,2000000,100000,2,1,plan,f64 min,5.334,3.509,3.784,2.724,2.936,30
B,8a09fc9,3,8a09fc9,2000000,100000,2,1,plan,f64 max,5.612,3.650,3.813,2.832,2.944,30
B,8a09fc9,3,8a09fc9,2000000,100000,2,1,plan,f64 min + max,4.922,3.772,3.843,2.916,2.990,30
B,8a09fc9,3,c4e2f6f,2000000,1000000,1,0,array,f64 min,4.868,3.328,3.807,2.016,2.481,30
B,8a09fc9,3,c4e2f6f,2000000,1000000,1,0,array,f64 max,4.193,3.158,3.325,1.705,1.815,30
B,8a09fc9,3,c4e2f6f,2000000,1000000,1,0,array,f64 min + max,5.543,3.283,3.771,1.902,2.437,30
B,8a09fc9,3,c4e2f6f,2000000,1000000,1,0,array,count (control),3.251,1.756,1.826,1.238,1.314,30
B,8a09fc9,3,c4e2f6f,2000000,1000000,1,0,array,int64 sum (control),4.883,2.647,2.766,1.524,1.645,30
B,8a09fc9,3,c4e2f6f,2000000,1000000,1,0,plan,f64 min,7.692,3.248,5.776,2.738,4.282,30
B,8a09fc9,3,c4e2f6f,2000000,1000000,1,0,plan,f64 max,11.600,4.975,5.322,2.961,3.243,30
B,8a09fc9,3,c4e2f6f,2000000,1000000,1,0,plan,f64 min + max,7.582,3.956,7.583,3.146,4.384,30
B,8a09fc9,3,c4e2f6f,2000000,1000000,1,0,plan,count (control),8.374,4.537,4.736,3.629,3.813,30
B,8a09fc9,3,c4e2f6f,2000000,1000000,1,0,plan,int64 sum (control),15.759,5.281,6.508,3.769,4.763,30
B,8a09fc9,3,c4e2f6f,2000000,1000000,2,0,array,f64 min,6.469,3.699,3.989,2.746,2.930,30
B,8a09fc9,3,c4e2f6f,2000000,1000000,2,0,array,f64 max,5.643,3.597,3.951,2.582,2.879,30
B,8a09fc9,3,c4e2f6f,2000000,1000000,2,0,array,f64 min + max,6.559,3.514,3.809,2.570,2.861,30
B,8a09fc9,3,c4e2f6f,2000000,1000000,2,0,plan,f64 min,9.028,6.091,6.813,4.179,4.705,30
B,8a09fc9,3,c4e2f6f,2000000,1000000,2,0,plan,f64 max,10.828,6.641,8.485,4.928,6.173,30
B,8a09fc9,3,c4e2f6f,2000000,1000000,2,0,plan,f64 min + max,15.170,7.712,8.013,4.525,4.767,30
B,8a09fc9,3,c4e2f6f,2000000,1000000,1,1,array,f64 min,5.231,3.013,3.201,1.671,1.768,30
B,8a09fc9,3,c4e2f6f,2000000,1000000,1,1,array,f64 max,4.722,3.083,3.466,1.737,2.032,30
B,8a09fc9,3,c4e2f6f,2000000,1000000,1,1,array,f64 min + max,3.899,2.875,3.053,1.500,1.623,30
B,8a09fc9,3,c4e2f6f,2000000,1000000,1,1,plan,f64 min,8.040,3.895,6.764,3.132,4.597,30
B,8a09fc9,3,c4e2f6f,2000000,1000000,1,1,plan,f64 max,9.178,4.854,5.148,2.841,3.167,30
B,8a09fc9,3,c4e2f6f,2000000,1000000,1,1,plan,f64 min + max,13.439,7.131,8.214,4.180,5.207,30
B,8a09fc9,3,c4e2f6f,2000000,1000000,2,1,array,f64 min,5.500,3.561,3.850,2.605,2.831,30
B,8a09fc9,3,c4e2f6f,2000000,1000000,2,1,array,f64 max,5.049,3.609,4.038,2.769,3.005,30
B,8a09fc9,3,c4e2f6f,2000000,1000000,2,1,array,f64 min + max,5.714,3.506,3.832,2.643,2.901,30
B,8a09fc9,3,c4e2f6f,2000000,1000000,2,1,plan,f64 min,5.999,5.170,5.312,3.368,3.512,30
B,8a09fc9,3,c4e2f6f,2000000,1000000,2,1,plan,f64 max,12.835,6.350,6.925,4.451,4.985,30
B,8a09fc9,3,c4e2f6f,2000000,1000000,2,1,plan,f64 min + max,15.237,7.489,9.561,4.570,6.439,30
B,8a09fc9,3,8a09fc9,2000000,1000000,1,0,array,f64 min,4.954,2.986,3.190,1.650,1.814,30
B,8a09fc9,3,8a09fc9,2000000,1000000,1,0,array,f64 max,5.592,3.117,3.442,1.753,2.047,30
B,8a09fc9,3,8a09fc9,2000000,1000000,1,0,array,f64 min + max,5.392,3.135,3.395,1.760,2.036,30
B,8a09fc9,3,8a09fc9,2000000,1000000,1,0,array,count (control),3.552,1.777,1.845,1.228,1.272,30
B,8a09fc9,3,8a09fc9,2000000,1000000,1,0,array,int64 sum (control),4.202,2.592,2.864,1.545,1.759,30
B,8a09fc9,3,8a09fc9,2000000,1000000,1,0,plan,f64 min,5.661,4.868,5.211,2.957,3.236,30
B,8a09fc9,3,8a09fc9,2000000,1000000,1,0,plan,f64 max,10.698,5.736,6.440,3.720,4.471,30
B,8a09fc9,3,8a09fc9,2000000,1000000,1,0,plan,f64 min + max,11.460,5.255,6.778,3.421,4.843,30
B,8a09fc9,3,8a09fc9,2000000,1000000,1,0,plan,count (control),4.991,3.984,4.183,3.034,3.173,30
B,8a09fc9,3,8a09fc9,2000000,1000000,1,0,plan,int64 sum (control),10.406,5.765,6.174,4.132,4.454,30
B,8a09fc9,3,8a09fc9,2000000,1000000,2,0,array,f64 min,5.534,3.494,3.667,2.641,2.766,30
B,8a09fc9,3,8a09fc9,2000000,1000000,2,0,array,f64 max,6.375,3.835,4.256,3.029,3.293,30
B,8a09fc9,3,8a09fc9,2000000,1000000,2,0,array,f64 min + max,5.217,3.977,4.331,3.125,3.352,30
B,8a09fc9,3,8a09fc9,2000000,1000000,2,0,plan,f64 min,6.835,5.998,6.484,4.203,4.530,30
B,8a09fc9,3,8a09fc9,2000000,1000000,2,0,plan,f64 max,12.937,6.612,7.096,4.669,5.168,30
B,8a09fc9,3,8a09fc9,2000000,1000000,2,0,plan,f64 min + max,6.688,5.700,6.477,3.904,4.496,30
B,8a09fc9,3,8a09fc9,2000000,1000000,1,1,array,f64 min,5.433,3.014,3.395,1.728,2.098,30
B,8a09fc9,3,8a09fc9,2000000,1000000,1,1,array,f64 max,4.176,3.088,3.227,1.795,1.932,30
B,8a09fc9,3,8a09fc9,2000000,1000000,1,1,array,f64 min + max,4.736,2.985,3.193,1.691,1.891,30
B,8a09fc9,3,8a09fc9,2000000,1000000,1,1,plan,f64 min,10.899,5.649,5.986,3.721,4.103,30
B,8a09fc9,3,8a09fc9,2000000,1000000,1,1,plan,f64 max,9.014,4.751,4.867,2.875,3.016,30
B,8a09fc9,3,8a09fc9,2000000,1000000,1,1,plan,f64 min + max,11.868,4.930,5.909,2.980,4.022,30
B,8a09fc9,3,8a09fc9,2000000,1000000,2,1,array,f64 min,6.423,3.642,4.106,2.852,3.170,30
B,8a09fc9,3,8a09fc9,2000000,1000000,2,1,array,f64 max,6.573,3.877,4.262,3.027,3.339,30
B,8a09fc9,3,8a09fc9,2000000,1000000,2,1,array,f64 min + max,6.570,3.801,4.242,2.871,3.329,30
B,8a09fc9,3,8a09fc9,2000000,1000000,2,1,plan,f64 min,7.964,5.731,6.151,4.038,4.285,30
B,8a09fc9,3,8a09fc9,2000000,1000000,2,1,plan,f64 max,11.035,5.526,5.905,3.833,4.110,30
B,8a09fc9,3,8a09fc9,2000000,1000000,2,1,plan,f64 min + max,12.762,5.700,6.136,3.961,4.255,30
B,8a09fc9,3,c4e2f6f,2000000,rows/2,1,0,array,f64 min,4.610,2.982,3.157,1.528,1.613,30
B,8a09fc9,3,c4e2f6f,2000000,rows/2,1,0,array,f64 max,5.602,3.191,3.773,1.799,2.468,30
B,8a09fc9,3,c4e2f6f,2000000,rows/2,1,0,array,f64 min + max,5.200,3.105,3.781,1.678,2.440,30
B,8a09fc9,3,c4e2f6f,2000000,rows/2,1,0,array,count (control),3.128,1.961,2.073,1.404,1.491,30
B,8a09fc9,3,c4e2f6f,2000000,rows/2,1,0,array,int64 sum (control),4.011,3.146,3.267,2.172,2.265,30
B,8a09fc9,3,c4e2f6f,2000000,rows/2,1,0,plan,f64 min,8.860,5.341,5.620,3.220,3.573,30
B,8a09fc9,3,c4e2f6f,2000000,rows/2,1,0,plan,f64 max,11.156,4.606,4.812,2.586,2.748,30
B,8a09fc9,3,c4e2f6f,2000000,rows/2,1,0,plan,f64 min + max,13.657,4.557,7.914,3.319,4.711,30
B,8a09fc9,3,c4e2f6f,2000000,rows/2,1,0,plan,count (control),5.691,3.541,4.138,2.552,3.103,30
B,8a09fc9,3,c4e2f6f,2000000,rows/2,1,0,plan,int64 sum (control),13.885,4.514,7.376,4.105,5.407,30
B,8a09fc9,3,c4e2f6f,2000000,rows/2,2,0,array,f64 min,6.464,3.756,3.886,2.659,2.826,30
B,8a09fc9,3,c4e2f6f,2000000,rows/2,2,0,array,f64 max,6.668,3.626,3.828,2.561,2.817,30
B,8a09fc9,3,c4e2f6f,2000000,rows/2,2,0,array,f64 min + max,4.856,3.549,3.627,2.542,2.600,30
B,8a09fc9,3,c4e2f6f,2000000,rows/2,2,0,plan,f64 min,7.662,7.171,8.257,5.147,5.855,30
B,8a09fc9,3,c4e2f6f,2000000,rows/2,2,0,plan,f64 max,9.355,6.158,6.413,4.019,4.419,30
B,8a09fc9,3,c4e2f6f,2000000,rows/2,2,0,plan,f64 min + max,13.016,7.801,8.377,4.700,5.214,30
B,8a09fc9,3,c4e2f6f,2000000,rows/2,1,1,array,f64 min,5.469,3.082,3.335,1.706,2.006,30
B,8a09fc9,3,c4e2f6f,2000000,rows/2,1,1,array,f64 max,4.981,2.894,3.126,1.536,1.712,30
B,8a09fc9,3,c4e2f6f,2000000,rows/2,1,1,array,f64 min + max,6.479,3.136,3.726,1.898,2.564,30
B,8a09fc9,3,c4e2f6f,2000000,rows/2,1,1,plan,f64 min,11.402,3.215,6.858,2.806,4.763,30
B,8a09fc9,3,c4e2f6f,2000000,rows/2,1,1,plan,f64 max,6.273,5.086,5.369,3.051,3.387,30
B,8a09fc9,3,c4e2f6f,2000000,rows/2,1,1,plan,f64 min + max,13.508,7.380,8.085,4.361,4.984,30
B,8a09fc9,3,c4e2f6f,2000000,rows/2,2,1,array,f64 min,4.728,3.419,3.631,2.489,2.634,30
B,8a09fc9,3,c4e2f6f,2000000,rows/2,2,1,array,f64 max,4.590,3.339,3.493,2.353,2.482,30
B,8a09fc9,3,c4e2f6f,2000000,rows/2,2,1,array,f64 min + max,4.843,3.455,3.566,2.520,2.613,30
B,8a09fc9,3,c4e2f6f,2000000,rows/2,2,1,plan,f64 min,10.917,6.042,6.486,4.113,4.456,30
B,8a09fc9,3,c4e2f6f,2000000,rows/2,2,1,plan,f64 max,12.696,6.425,7.378,4.474,5.532,30
B,8a09fc9,3,c4e2f6f,2000000,rows/2,2,1,plan,f64 min + max,9.604,7.448,7.999,4.466,4.904,30
B,8a09fc9,3,8a09fc9,2000000,rows/2,1,0,array,f64 min,4.163,3.148,3.348,1.818,1.988,30
B,8a09fc9,3,8a09fc9,2000000,rows/2,1,0,array,f64 max,5.413,3.104,3.394,1.759,2.069,30
B,8a09fc9,3,8a09fc9,2000000,rows/2,1,0,array,f64 min + max,5.132,3.170,3.682,1.795,2.460,30
B,8a09fc9,3,8a09fc9,2000000,rows/2,1,0,array,count (control),4.078,1.991,2.113,1.473,1.563,30
B,8a09fc9,3,8a09fc9,2000000,rows/2,1,0,array,int64 sum (control),4.898,2.644,2.862,1.525,1.827,30
B,8a09fc9,3,8a09fc9,2000000,rows/2,1,0,plan,f64 min,6.473,4.860,5.026,2.849,3.076,30
B,8a09fc9,3,8a09fc9,2000000,rows/2,1,0,plan,f64 max,8.546,5.538,6.137,3.514,4.130,30
B,8a09fc9,3,8a09fc9,2000000,rows/2,1,0,plan,f64 min + max,7.920,4.893,5.365,3.025,3.401,30
B,8a09fc9,3,8a09fc9,2000000,rows/2,1,0,plan,count (control),9.237,5.013,5.455,4.045,4.467,30
B,8a09fc9,3,8a09fc9,2000000,rows/2,1,0,plan,int64 sum (control),11.074,3.975,5.913,3.741,4.886,30
B,8a09fc9,3,8a09fc9,2000000,rows/2,2,0,array,f64 min,4.494,3.515,3.649,2.626,2.753,30
B,8a09fc9,3,8a09fc9,2000000,rows/2,2,0,array,f64 max,6.643,3.828,4.308,2.914,3.274,30
B,8a09fc9,3,8a09fc9,2000000,rows/2,2,0,array,f64 min + max,6.645,3.496,4.156,2.598,3.237,30
B,8a09fc9,3,8a09fc9,2000000,rows/2,2,0,plan,f64 min,7.745,5.757,6.077,3.910,4.193,30
B,8a09fc9,3,8a09fc9,2000000,rows/2,2,0,plan,f64 max,13.834,4.928,5.206,3.170,3.337,30
B,8a09fc9,3,8a09fc9,2000000,rows/2,2,0,plan,f64 min + max,10.152,6.242,6.624,4.325,4.646,30
B,8a09fc9,3,8a09fc9,2000000,rows/2,1,1,array,f64 min,5.806,3.131,3.470,1.838,2.307,30
B,8a09fc9,3,8a09fc9,2000000,rows/2,1,1,array,f64 max,4.572,3.147,3.288,1.831,1.984,30
B,8a09fc9,3,8a09fc9,2000000,rows/2,1,1,array,f64 min + max,5.507,2.910,3.101,1.639,1.774,30
B,8a09fc9,3,8a09fc9,2000000,rows/2,1,1,plan,f64 min,7.300,5.289,5.783,3.347,3.741,30
B,8a09fc9,3,8a09fc9,2000000,rows/2,1,1,plan,f64 max,5.331,4.546,4.951,2.749,3.085,30
B,8a09fc9,3,8a09fc9,2000000,rows/2,1,1,plan,f64 min + max,7.341,3.942,6.983,3.185,4.838,30
B,8a09fc9,3,8a09fc9,2000000,rows/2,2,1,array,f64 min,5.365,3.300,3.407,2.463,2.536,30
B,8a09fc9,3,8a09fc9,2000000,rows/2,2,1,array,f64 max,4.941,3.366,3.594,2.528,2.717,30
B,8a09fc9,3,8a09fc9,2000000,rows/2,2,1,array,f64 min + max,5.992,3.885,4.157,3.028,3.191,30
B,8a09fc9,3,8a09fc9,2000000,rows/2,2,1,plan,f64 min,12.637,5.993,6.535,4.249,4.581,30
B,8a09fc9,3,8a09fc9,2000000,rows/2,2,1,plan,f64 max,7.653,6.547,7.115,4.653,5.212,30
B,8a09fc9,3,8a09fc9,2000000,rows/2,2,1,plan,f64 min + max,9.402,5.927,6.404,4.122,4.461,30
B,8a09fc9,3,c4e2f6f,10000000,200,1,0,array,f64 min,5.508,3.258,3.853,1.856,2.450,30
B,8a09fc9,3,c4e2f6f,10000000,200,1,0,array,f64 max,4.860,3.306,3.866,1.698,2.360,30
B,8a09fc9,3,c4e2f6f,10000000,200,1,0,array,f64 min + max,5.705,3.091,3.497,1.738,1.892,30
B,8a09fc9,3,c4e2f6f,10000000,200,1,0,array,count (control),5.620,3.489,4.026,1.362,1.454,30
B,8a09fc9,3,c4e2f6f,10000000,200,1,0,array,int64 sum (control),5.005,2.589,3.342,1.272,1.364,30
B,8a09fc9,3,c4e2f6f,10000000,200,1,0,plan,f64 min,6.891,5.237,6.528,2.084,2.787,30
B,8a09fc9,3,c4e2f6f,10000000,200,1,0,plan,f64 max,9.802,6.378,7.482,2.733,3.572,30
B,8a09fc9,3,c4e2f6f,10000000,200,1,0,plan,f64 min + max,11.801,8.190,8.535,3.043,3.320,30
B,8a09fc9,3,c4e2f6f,10000000,200,1,0,plan,count (control),7.868,6.090,6.731,2.423,3.090,30
B,8a09fc9,3,c4e2f6f,10000000,200,1,0,plan,int64 sum (control),11.719,7.139,7.835,2.549,2.857,30
B,8a09fc9,3,c4e2f6f,10000000,200,2,0,array,f64 min,6.559,4.765,5.226,2.806,3.129,30
B,8a09fc9,3,c4e2f6f,10000000,200,2,0,array,f64 max,7.504,4.494,5.003,2.471,3.037,30
B,8a09fc9,3,c4e2f6f,10000000,200,2,0,array,f64 min + max,5.017,4.459,4.982,2.779,3.032,30
B,8a09fc9,3,c4e2f6f,10000000,200,2,0,plan,f64 min,11.532,7.424,9.099,3.192,4.480,30
B,8a09fc9,3,c4e2f6f,10000000,200,2,0,plan,f64 max,7.914,6.947,7.910,3.086,3.259,30
B,8a09fc9,3,c4e2f6f,10000000,200,2,0,plan,f64 min + max,12.650,9.414,10.368,4.049,4.641,30
B,8a09fc9,3,c4e2f6f,10000000,200,1,1,array,f64 min,4.811,3.286,3.675,1.738,1.844,30
B,8a09fc9,3,c4e2f6f,10000000,200,1,1,array,f64 max,5.558,3.412,3.740,1.802,1.976,30
B,8a09fc9,3,c4e2f6f,10000000,200,1,1,array,f64 min + max,5.957,3.395,3.638,1.745,1.895,30
B,8a09fc9,3,c4e2f6f,10000000,200,1,1,plan,f64 min,10.432,6.681,7.336,2.702,3.279,30
B,8a09fc9,3,c4e2f6f,10000000,200,1,1,plan,f64 max,9.261,6.858,7.275,2.648,2.910,30
B,8a09fc9,3,c4e2f6f,10000000,200,1,1,plan,f64 min + max,11.214,6.780,8.813,2.664,3.495,30
B,8a09fc9,3,c4e2f6f,10000000,200,2,1,array,f64 min,7.642,5.084,5.560,3.000,3.444,30
B,8a09fc9,3,c4e2f6f,10000000,200,2,1,array,f64 max,8.318,4.440,4.997,2.662,2.905,30
B,8a09fc9,3,c4e2f6f,10000000,200,2,1,array,f64 min + max,7.594,4.805,5.215,2.921,3.122,30
B,8a09fc9,3,c4e2f6f,10000000,200,2,1,plan,f64 min,11.705,7.943,9.073,3.533,4.366,30
B,8a09fc9,3,c4e2f6f,10000000,200,2,1,plan,f64 max,11.650,8.111,8.984,3.789,4.106,30
B,8a09fc9,3,c4e2f6f,10000000,200,2,1,plan,f64 min + max,14.025,10.010,11.332,4.250,5.661,30
B,8a09fc9,3,8a09fc9,10000000,200,1,0,array,f64 min,5.482,2.797,3.085,1.470,1.694,30
B,8a09fc9,3,8a09fc9,10000000,200,1,0,array,f64 max,4.222,3.128,3.705,1.751,2.194,30
B,8a09fc9,3,8a09fc9,10000000,200,1,0,array,f64 min + max,5.135,3.287,3.680,1.796,2.111,30
B,8a09fc9,3,8a09fc9,10000000,200,1,0,array,count (control),3.475,3.483,3.878,1.331,1.475,30
B,8a09fc9,3,8a09fc9,10000000,200,1,0,array,int64 sum (control),5.549,4.061,4.418,1.462,1.823,30
B,8a09fc9,3,8a09fc9,10000000,200,1,0,plan,f64 min,9.097,5.544,7.018,2.499,2.885,30
B,8a09fc9,3,8a09fc9,10000000,200,1,0,plan,f64 max,8.715,3.774,4.849,1.992,2.153,30
B,8a09fc9,3,8a09fc9,10000000,200,1,0,plan,f64 min + max,8.348,5.477,6.650,2.484,2.944,30
B,8a09fc9,3,8a09fc9,10000000,200,1,0,plan,count (control),9.379,6.268,7.139,2.661,3.203,30
B,8a09fc9,3,8a09fc9,10000000,200,1,0,plan,int64 sum (control),10.895,6.742,7.738,2.524,3.396,30
B,8a09fc9,3,8a09fc9,10000000,200,2,0,array,f64 min,7.078,4.495,4.849,2.616,2.877,30
B,8a09fc9,3,8a09fc9,10000000,200,2,0,array,f64 max,5.471,4.778,5.152,2.864,3.105,30
B,8a09fc9,3,8a09fc9,10000000,200,2,0,array,f64 min + max,7.362,4.732,5.191,2.838,3.110,30
B,8a09fc9,3,8a09fc9,10000000,200,2,0,plan,f64 min,9.820,8.312,9.333,3.836,5.215,30
B,8a09fc9,3,8a09fc9,10000000,200,2,0,plan,f64 max,12.022,7.965,9.319,3.588,4.919,30
B,8a09fc9,3,8a09fc9,10000000,200,2,0,plan,f64 min + max,9.893,7.870,9.257,3.604,4.816,30
B,8a09fc9,3,8a09fc9,10000000,200,1,1,array,f64 min,4.351,3.279,3.641,1.725,1.873,30
B,8a09fc9,3,8a09fc9,10000000,200,1,1,array,f64 max,5.824,3.512,4.106,1.855,2.465,30
B,8a09fc9,3,8a09fc9,10000000,200,1,1,array,f64 min + max,5.622,3.579,3.809,1.848,2.037,30
B,8a09fc9,3,8a09fc9,10000000,200,1,1,plan,f64 min,7.872,3.786,5.355,2.072,2.273,30
B,8a09fc9,3,8a09fc9,10000000,200,1,1,plan,f64 max,9.986,5.448,6.579,2.298,2.506,30
B,8a09fc9,3,8a09fc9,10000000,200,1,1,plan,f64 min + max,10.150,4.764,6.385,2.381,2.713,30
B,8a09fc9,3,8a09fc9,10000000,200,2,1,array,f64 min,7.321,3.461,4.244,2.561,2.720,30
B,8a09fc9,3,8a09fc9,10000000,200,2,1,array,f64 max,5.609,4.810,5.255,2.810,3.135,30
B,8a09fc9,3,8a09fc9,10000000,200,2,1,array,f64 min + max,7.878,4.389,4.861,2.680,2.764,30
B,8a09fc9,3,8a09fc9,10000000,200,2,1,plan,f64 min,12.443,8.232,8.602,3.288,3.565,30
B,8a09fc9,3,8a09fc9,10000000,200,2,1,plan,f64 max,12.466,7.536,8.316,3.353,3.538,30
B,8a09fc9,3,8a09fc9,10000000,200,2,1,plan,f64 min + max,12.192,8.248,8.858,3.683,4.004,30
B,8a09fc9,3,c4e2f6f,10000000,10000,1,0,array,f64 min,8.415,2.794,3.095,1.607,1.772,30
B,8a09fc9,3,c4e2f6f,10000000,10000,1,0,array,f64 max,14.933,2.647,2.974,1.473,1.679,30
B,8a09fc9,3,c4e2f6f,10000000,10000,1,0,array,f64 min + max,8.814,3.788,4.303,1.743,2.273,30
B,8a09fc9,3,c4e2f6f,10000000,10000,1,0,array,count (control),4.281,2.917,3.112,1.280,1.401,30
B,8a09fc9,3,c4e2f6f,10000000,10000,1,0,array,int64 sum (control),6.735,2.517,2.720,1.340,1.454,30
B,8a09fc9,3,c4e2f6f,10000000,10000,1,0,plan,f64 min,11.362,4.546,5.516,2.355,2.728,30
B,8a09fc9,3,c4e2f6f,10000000,10000,1,0,plan,f64 max,12.393,5.405,6.690,2.305,2.724,30
B,8a09fc9,3,c4e2f6f,10000000,10000,1,0,plan,f64 min + max,16.573,6.591,7.608,2.459,3.410,30
B,8a09fc9,3,c4e2f6f,10000000,10000,1,0,plan,count (control),9.243,6.564,7.244,2.711,3.586,30
B,8a09fc9,3,c4e2f6f,10000000,10000,1,0,plan,int64 sum (control),11.569,4.038,8.703,2.260,3.198,30
B,8a09fc9,3,c4e2f6f,10000000,10000,2,0,array,f64 min,11.263,7.911,8.589,2.919,3.905,30
B,8a09fc9,3,c4e2f6f,10000000,10000,2,0,array,f64 max,8.376,7.768,8.388,3.005,3.574,30
B,8a09fc9,3,c4e2f6f,10000000,10000,2,0,array,f64 min + max,10.379,7.775,8.024,2.863,3.030,30
B,8a09fc9,3,c4e2f6f,10000000,10000,2,0,plan,f64 min,12.273,8.109,8.528,3.448,3.816,30
B,8a09fc9,3,c4e2f6f,10000000,10000,2,0,plan,f64 max,15.237,4.963,6.222,2.861,3.248,30
B,8a09fc9,3,c4e2f6f,10000000,10000,2,0,plan,f64 min + max,18.758,7.289,8.761,3.609,3.798,30
B,8a09fc9,3,c4e2f6f,10000000,10000,1,1,array,f64 min,7.713,4.540,6.133,1.820,2.377,30
B,8a09fc9,3,c4e2f6f,10000000,10000,1,1,array,f64 max,8.092,3.903,4.847,1.695,1.838,30
B,8a09fc9,3,c4e2f6f,10000000,10000,1,1,array,f64 min + max,7.675,4.340,5.480,1.920,2.385,30
B,8a09fc9,3,c4e2f6f,10000000,10000,1,1,plan,f64 min,12.789,4.331,5.943,2.404,3.443,30
B,8a09fc9,3,c4e2f6f,10000000,10000,1,1,plan,f64 max,10.789,5.889,6.951,2.626,2.943,30
B,8a09fc9,3,c4e2f6f,10000000,10000,1,1,plan,f64 min + max,15.333,6.200,8.221,3.015,4.099,30
B,8a09fc9,3,c4e2f6f,10000000,10000,2,1,array,f64 min,7.191,6.333,7.996,2.878,3.748,30
B,8a09fc9,3,c4e2f6f,10000000,10000,2,1,array,f64 max,7.615,4.923,6.458,2.734,3.023,30
B,8a09fc9,3,c4e2f6f,10000000,10000,2,1,array,f64 min + max,8.916,7.205,7.561,2.764,2.968,30
B,8a09fc9,3,c4e2f6f,10000000,10000,2,1,plan,f64 min,12.227,6.493,9.128,3.227,4.327,30
B,8a09fc9,3,c4e2f6f,10000000,10000,2,1,plan,f64 max,14.666,8.387,8.961,3.349,3.881,30
B,8a09fc9,3,c4e2f6f,10000000,10000,2,1,plan,f64 min + max,15.605,6.355,7.801,3.320,3.590,30
B,8a09fc9,3,8a09fc9,10000000,10000,1,0,array,f64 min,6.240,3.593,4.533,1.795,2.040,30
B,8a09fc9,3,8a09fc9,10000000,10000,1,0,array,f64 max,7.093,5.002,5.587,1.912,2.420,30
B,8a09fc9,3,8a09fc9,10000000,10000,1,0,array,f64 min + max,5.784,3.318,4.630,1.744,2.014,30
B,8a09fc9,3,8a09fc9,10000000,10000,1,0,array,count (control),5.336,2.890,3.153,1.334,1.477,30
B,8a09fc9,3,8a09fc9,10000000,10000,1,0,array,int64 sum (control),6.211,2.261,2.469,1.199,1.277,30
B,8a09fc9,3,8a09fc9,10000000,10000,1,0,plan,f64 min,11.284,3.000,8.143,1.976,3.009,30
B,8a09fc9,3,8a09fc9,10000000,10000,1,0,plan,f64 max,11.291,8.289,8.906,2.698,3.477,30
B,8a09fc9,3,8a09fc9,10000000,10000,1,0,plan,f64 min + max,11.516,4.048,8.772,2.241,3.458,30
B,8a09fc9,3,8a09fc9,10000000,10000,1,0,plan,count (control),8.250,4.487,6.095,2.387,2.559,30
B,8a09fc9,3,8a09fc9,10000000,10000,1,0,plan,int64 sum (control),11.946,3.310,4.783,2.086,2.349,30
B,8a09fc9,3,8a09fc9,10000000,10000,2,0,array,f64 min,8.631,6.596,7.287,3.181,3.960,30
B,8a09fc9,3,8a09fc9,10000000,10000,2,0,array,f64 max,6.202,6.287,6.930,2.953,3.468,30
B,8a09fc9,3,8a09fc9,10000000,10000,2,0,array,f64 min + max,6.483,5.687,6.253,2.630,2.843,30
B,8a09fc9,3,8a09fc9,10000000,10000,2,0,plan,f64 min,9.418,7.194,8.220,3.023,3.294,30
B,8a09fc9,3,8a09fc9,10000000,10000,2,0,plan,f64 max,11.918,5.509,7.014,2.954,3.294,30
B,8a09fc9,3,8a09fc9,10000000,10000,2,0,plan,f64 min + max,12.302,9.554,10.075,3.592,4.453,30
B,8a09fc9,3,8a09fc9,10000000,10000,1,1,array,f64 min,6.713,4.206,5.228,1.812,2.260,30
B,8a09fc9,3,8a09fc9,10000000,10000,1,1,array,f64 max,6.551,4.753,5.422,1.948,2.492,30
B,8a09fc9,3,8a09fc9,10000000,10000,1,1,array,f64 min + max,7.130,3.540,4.452,1.582,1.712,30
B,8a09fc9,3,8a09fc9,10000000,10000,1,1,plan,f64 min,10.831,4.935,8.743,2.308,3.567,30
B,8a09fc9,3,8a09fc9,10000000,10000,1,1,plan,f64 max,9.514,7.915,8.751,2.747,3.380,30
B,8a09fc9,3,8a09fc9,10000000,10000,1,1,plan,f64 min + max,8.964,3.615,7.122,2.205,2.950,30
B,8a09fc9,3,8a09fc9,10000000,10000,2,1,array,f64 min,7.602,5.967,6.465,2.818,3.009,30
B,8a09fc9,3,8a09fc9,10000000,10000,2,1,array,f64 max,9.455,6.051,6.603,2.848,3.237,30
B,8a09fc9,3,8a09fc9,10000000,10000,2,1,array,f64 min + max,7.804,5.978,6.549,2.826,3.267,30
B,8a09fc9,3,8a09fc9,10000000,10000,2,1,plan,f64 min,10.757,9.452,10.192,3.776,4.445,30
B,8a09fc9,3,8a09fc9,10000000,10000,2,1,plan,f64 max,11.029,8.389,9.590,3.329,3.808,30
B,8a09fc9,3,8a09fc9,10000000,10000,2,1,plan,f64 min + max,11.840,9.484,10.611,3.921,5.100,30
B,8a09fc9,3,c4e2f6f,10000000,100000,1,0,array,f64 min,10.152,3.088,3.343,1.611,1.750,30
B,8a09fc9,3,c4e2f6f,10000000,100000,1,0,array,f64 max,11.107,3.692,4.152,1.705,1.894,30
B,8a09fc9,3,c4e2f6f,10000000,100000,1,0,array,f64 min + max,9.638,3.670,5.047,1.454,2.433,30
B,8a09fc9,3,c4e2f6f,10000000,100000,1,0,array,count (control),6.033,4.288,4.547,1.512,1.843,30
B,8a09fc9,3,c4e2f6f,10000000,100000,1,0,array,int64 sum (control),7.953,2.547,2.846,1.244,1.345,30
B,8a09fc9,3,c4e2f6f,10000000,100000,1,0,plan,f64 min,15.123,8.398,9.251,3.210,4.097,30
B,8a09fc9,3,c4e2f6f,10000000,100000,1,0,plan,f64 max,15.292,6.393,8.232,2.346,2.791,30
B,8a09fc9,3,c4e2f6f,10000000,100000,1,0,plan,f64 min + max,16.458,6.447,9.312,2.729,4.298,30
B,8a09fc9,3,c4e2f6f,10000000,100000,1,0,plan,count (control),11.567,4.443,8.283,2.549,3.288,30
B,8a09fc9,3,c4e2f6f,10000000,100000,1,0,plan,int64 sum (control),14.521,4.890,5.929,2.983,3.247,30
B,8a09fc9,3,c4e2f6f,10000000,100000,2,0,array,f64 min,12.628,7.573,8.226,3.001,3.845,30
B,8a09fc9,3,c4e2f6f,10000000,100000,2,0,array,f64 max,11.408,7.984,8.522,2.991,3.939,30
B,8a09fc9,3,c4e2f6f,10000000,100000,2,0,array,f64 min + max,11.375,6.546,7.715,3.051,3.767,30
B,8a09fc9,3,c4e2f6f,10000000,100000,2,0,plan,f64 min,14.018,5.561,6.842,3.078,3.514,30
B,8a09fc9,3,c4e2f6f,10000000,100000,2,0,plan,f64 max,14.687,5.298,5.955,2.818,2.943,30
B,8a09fc9,3,c4e2f6f,10000000,100000,2,0,plan,f64 min + max,19.357,5.842,6.392,3.220,3.356,30
B,8a09fc9,3,c4e2f6f,10000000,100000,1,1,array,f64 min,10.694,3.992,4.621,1.956,2.368,30
B,8a09fc9,3,c4e2f6f,10000000,100000,1,1,array,f64 max,9.386,3.135,3.315,1.437,1.498,30
B,8a09fc9,3,c4e2f6f,10000000,100000,1,1,array,f64 min + max,9.306,3.434,3.929,1.584,2.013,30
B,8a09fc9,3,c4e2f6f,10000000,100000,1,1,plan,f64 min,14.701,4.781,5.599,2.220,2.310,30
B,8a09fc9,3,c4e2f6f,10000000,100000,1,1,plan,f64 max,11.266,4.737,5.491,2.164,2.573,30
B,8a09fc9,3,c4e2f6f,10000000,100000,1,1,plan,f64 min + max,17.819,4.987,5.168,2.647,2.754,30
B,8a09fc9,3,c4e2f6f,10000000,100000,2,1,array,f64 min,10.867,4.487,5.715,2.412,2.620,30
B,8a09fc9,3,c4e2f6f,10000000,100000,2,1,array,f64 max,9.785,4.809,5.619,2.719,3.017,30
B,8a09fc9,3,c4e2f6f,10000000,100000,2,1,array,f64 min + max,10.291,6.468,8.431,2.614,3.071,30
B,8a09fc9,3,c4e2f6f,10000000,100000,2,1,plan,f64 min,12.928,5.075,6.030,2.799,3.115,30
B,8a09fc9,3,c4e2f6f,10000000,100000,2,1,plan,f64 max,15.900,4.992,5.898,2.721,2.924,30
B,8a09fc9,3,c4e2f6f,10000000,100000,2,1,plan,f64 min + max,18.479,5.269,6.040,3.042,3.793,30
B,8a09fc9,3,8a09fc9,10000000,100000,1,0,array,f64 min,9.166,2.867,3.359,1.483,1.560,30
B,8a09fc9,3,8a09fc9,10000000,100000,1,0,array,f64 max,8.976,2.983,3.543,1.525,1.712,30
B,8a09fc9,3,8a09fc9,10000000,100000,1,0,array,f64 min + max,7.487,2.742,2.926,1.440,1.522,30
B,8a09fc9,3,8a09fc9,10000000,100000,1,0,array,count (control),5.140,1.613,1.688,1.049,1.103,30
B,8a09fc9,3,8a09fc9,10000000,100000,1,0,array,int64 sum (control),8.638,2.968,4.184,1.150,1.870,30
B,8a09fc9,3,8a09fc9,10000000,100000,1,0,plan,f64 min,10.100,4.047,4.408,2.276,2.502,30
B,8a09fc9,3,8a09fc9,10000000,100000,1,0,plan,f64 max,13.384,4.907,5.537,2.237,2.389,30
B,8a09fc9,3,8a09fc9,10000000,100000,1,0,plan,f64 min + max,11.240,4.126,4.594,2.123,2.270,30
B,8a09fc9,3,8a09fc9,10000000,100000,1,0,plan,count (control),9.327,6.911,7.801,2.450,2.862,30
B,8a09fc9,3,8a09fc9,10000000,100000,1,0,plan,int64 sum (control),11.035,6.003,6.325,2.634,2.772,30
B,8a09fc9,3,8a09fc9,10000000,100000,2,0,array,f64 min,10.484,7.456,8.175,2.714,3.221,30
B,8a09fc9,3,8a09fc9,10000000,100000,2,0,array,f64 max,8.644,5.404,6.814,2.613,2.810,30
B,8a09fc9,3,8a09fc9,10000000,100000,2,0,array,f64 min + max,10.482,4.734,5.718,2.542,2.748,30
B,8a09fc9,3,8a09fc9,10000000,100000,2,0,plan,f64 min,12.676,7.925,8.472,3.187,3.435,30
B,8a09fc9,3,8a09fc9,10000000,100000,2,0,plan,f64 max,12.124,5.234,6.688,2.772,3.630,30
B,8a09fc9,3,8a09fc9,10000000,100000,2,0,plan,f64 min + max,12.126,7.889,8.912,3.286,4.151,30
B,8a09fc9,3,8a09fc9,10000000,100000,1,1,array,f64 min,7.751,3.498,4.337,1.417,2.057,30
B,8a09fc9,3,8a09fc9,10000000,100000,1,1,array,f64 max,9.265,4.318,5.213,2.051,2.391,30
B,8a09fc9,3,8a09fc9,10000000,100000,1,1,array,f64 min + max,8.916,3.014,3.811,1.410,1.770,30
B,8a09fc9,3,8a09fc9,10000000,100000,1,1,plan,f64 min,10.880,4.453,6.516,2.777,3.607,30
B,8a09fc9,3,8a09fc9,10000000,100000,1,1,plan,f64 max,13.163,4.367,8.427,2.331,3.176,30
B,8a09fc9,3,8a09fc9,10000000,100000,1,1,plan,f64 min + max,13.075,3.514,5.830,2.052,2.590,30
B,8a09fc9,3,8a09fc9,10000000,100000,2,1,array,f64 min,9.744,7.780,8.184,3.009,3.430,30
B,8a09fc9,3,8a09fc9,10000000,100000,2,1,array,f64 max,8.533,8.395,8.632,3.891,3.991,30
B,8a09fc9,3,8a09fc9,10000000,100000,2,1,array,f64 min + max,9.311,7.946,8.606,3.265,4.044,30
B,8a09fc9,3,8a09fc9,10000000,100000,2,1,plan,f64 min,12.770,4.367,5.190,2.939,3.184,30
B,8a09fc9,3,8a09fc9,10000000,100000,2,1,plan,f64 max,13.273,4.791,8.546,3.024,4.002,30
B,8a09fc9,3,8a09fc9,10000000,100000,2,1,plan,f64 min + max,12.409,8.529,9.968,3.387,4.076,30
B,8a09fc9,3,c4e2f6f,10000000,1000000,1,0,array,f64 min,10.668,4.278,4.721,1.692,2.003,30
B,8a09fc9,3,c4e2f6f,10000000,1000000,1,0,array,f64 max,12.296,4.794,5.425,1.938,2.492,30
B,8a09fc9,3,c4e2f6f,10000000,1000000,1,0,array,f64 min + max,12.457,4.579,5.282,1.850,2.035,30
B,8a09fc9,3,c4e2f6f,10000000,1000000,1,0,array,count (control),6.462,2.004,3.917,1.220,1.585,30
B,8a09fc9,3,c4e2f6f,10000000,1000000,1,0,array,int64 sum (control),8.413,3.310,4.106,1.126,1.396,30
B,8a09fc9,3,c4e2f6f,10000000,1000000,1,0,plan,f64 min,19.284,7.169,11.177,2.983,4.112,30
B,8a09fc9,3,c4e2f6f,10000000,1000000,1,0,plan,f64 max,16.698,5.033,5.221,2.302,2.405,30
B,8a09fc9,3,c4e2f6f,10000000,1000000,1,0,plan,f64 min + max,25.071,7.628,9.327,2.849,3.556,30
B,8a09fc9,3,c4e2f6f,10000000,1000000,1,0,plan,count (control),12.740,5.874,10.202,3.813,4.359,30
B,8a09fc9,3,c4e2f6f,10000000,1000000,1,0,plan,int64 sum (control),16.479,6.036,6.798,3.947,4.165,30
B,8a09fc9,3,c4e2f6f,10000000,1000000,2,0,array,f64 min,12.681,5.054,5.760,2.703,2.992,30
B,8a09fc9,3,c4e2f6f,10000000,1000000,2,0,array,f64 max,13.873,6.508,7.496,2.867,3.160,30
B,8a09fc9,3,c4e2f6f,10000000,1000000,2,0,array,f64 min + max,12.126,6.056,6.828,3.016,3.315,30
B,8a09fc9,3,c4e2f6f,10000000,1000000,2,0,plan,f64 min,17.380,7.162,12.432,3.844,4.844,30
B,8a09fc9,3,c4e2f6f,10000000,1000000,2,0,plan,f64 max,15.526,7.006,8.453,3.634,3.842,30
B,8a09fc9,3,c4e2f6f,10000000,1000000,2,0,plan,f64 min + max,26.621,8.094,11.064,3.555,4.880,30
B,8a09fc9,3,c4e2f6f,10000000,1000000,1,1,array,f64 min,12.062,4.686,5.120,1.999,2.522,30
B,8a09fc9,3,c4e2f6f,10000000,1000000,1,1,array,f64 max,10.412,3.660,3.891,1.504,1.589,30
B,8a09fc9,3,c4e2f6f,10000000,1000000,1,1,array,f64 min + max,11.359,4.841,5.257,1.910,2.426,30
B,8a09fc9,3,c4e2f6f,10000000,1000000,1,1,plan,f64 min,13.896,6.140,7.106,2.733,2.994,30
B,8a09fc9,3,c4e2f6f,10000000,1000000,1,1,plan,f64 max,16.854,5.453,8.665,2.622,3.693,30
B,8a09fc9,3,c4e2f6f,10000000,1000000,1,1,plan,f64 min + max,28.211,7.431,8.244,2.892,3.457,30
B,8a09fc9,3,c4e2f6f,10000000,1000000,2,1,array,f64 min,10.841,4.702,5.253,2.532,2.662,30
B,8a09fc9,3,c4e2f6f,10000000,1000000,2,1,array,f64 max,13.086,4.997,6.060,2.856,3.136,30
B,8a09fc9,3,c4e2f6f,10000000,1000000,2,1,array,f64 min + max,13.352,6.567,7.569,2.938,3.262,30
B,8a09fc9,3,c4e2f6f,10000000,1000000,2,1,plan,f64 min,20.944,7.933,8.969,4.436,5.241,30
B,8a09fc9,3,c4e2f6f,10000000,1000000,2,1,plan,f64 max,21.645,5.591,9.093,3.051,4.225,30
B,8a09fc9,3,c4e2f6f,10000000,1000000,2,1,plan,f64 min + max,26.352,8.266,12.220,3.723,5.175,30
B,8a09fc9,3,8a09fc9,10000000,1000000,1,0,array,f64 min,8.690,3.517,3.856,1.739,1.868,30
B,8a09fc9,3,8a09fc9,10000000,1000000,1,0,array,f64 max,10.697,3.663,5.228,1.612,1.999,30
B,8a09fc9,3,8a09fc9,10000000,1000000,1,0,array,f64 min + max,10.466,3.946,4.381,1.891,2.365,30
B,8a09fc9,3,8a09fc9,10000000,1000000,1,0,array,count (control),6.973,2.526,3.055,1.322,1.394,30
B,8a09fc9,3,8a09fc9,10000000,1000000,1,0,array,int64 sum (control),9.063,3.808,4.519,1.672,2.298,30
B,8a09fc9,3,8a09fc9,10000000,1000000,1,0,plan,f64 min,17.003,4.424,5.832,2.469,2.930,30
B,8a09fc9,3,8a09fc9,10000000,1000000,1,0,plan,f64 max,19.048,4.216,7.214,2.312,3.322,30
B,8a09fc9,3,8a09fc9,10000000,1000000,1,0,plan,f64 min + max,13.544,4.682,6.465,2.533,3.145,30
B,8a09fc9,3,8a09fc9,10000000,1000000,1,0,plan,count (control),18.022,3.845,5.293,2.955,3.632,30
B,8a09fc9,3,8a09fc9,10000000,1000000,1,0,plan,int64 sum (control),22.162,5.974,7.148,3.888,4.316,30
B,8a09fc9,3,8a09fc9,10000000,1000000,2,0,array,f64 min,11.086,8.250,9.875,3.320,4.275,30
B,8a09fc9,3,8a09fc9,10000000,1000000,2,0,array,f64 max,10.983,9.283,10.118,3.459,4.318,30
B,8a09fc9,3,8a09fc9,10000000,1000000,2,0,array,f64 min + max,11.614,5.692,9.496,2.926,3.659,30
B,8a09fc9,3,8a09fc9,10000000,1000000,2,0,plan,f64 min,18.180,5.667,9.545,3.485,4.688,30
B,8a09fc9,3,8a09fc9,10000000,1000000,2,0,plan,f64 max,15.358,5.478,10.038,3.535,4.802,30
B,8a09fc9,3,8a09fc9,10000000,1000000,2,0,plan,f64 min + max,20.217,5.155,8.292,3.320,4.353,30
B,8a09fc9,3,8a09fc9,10000000,1000000,1,1,array,f64 min,10.701,4.468,6.466,1.737,2.404,30
B,8a09fc9,3,8a09fc9,10000000,1000000,1,1,array,f64 max,9.945,3.814,4.685,1.589,1.693,30
B,8a09fc9,3,8a09fc9,10000000,1000000,1,1,array,f64 min + max,10.037,4.544,5.513,1.824,2.173,30
B,8a09fc9,3,8a09fc9,10000000,1000000,1,1,plan,f64 min,13.058,4.195,4.976,2.411,2.853,30
B,8a09fc9,3,8a09fc9,10000000,1000000,1,1,plan,f64 max,18.294,5.075,7.722,2.711,3.619,30
B,8a09fc9,3,8a09fc9,10000000,1000000,1,1,plan,f64 min + max,17.489,5.153,7.740,2.849,3.708,30
B,8a09fc9,3,8a09fc9,10000000,1000000,2,1,array,f64 min,11.329,8.689,9.565,3.392,4.162,30
B,8a09fc9,3,8a09fc9,10000000,1000000,2,1,array,f64 max,11.579,7.826,9.156,2.972,3.470,30
B,8a09fc9,3,8a09fc9,10000000,1000000,2,1,array,f64 min + max,11.676,8.308,9.303,3.245,3.877,30
B,8a09fc9,3,8a09fc9,10000000,1000000,2,1,plan,f64 min,19.336,5.520,11.675,3.446,4.491,30
B,8a09fc9,3,8a09fc9,10000000,1000000,2,1,plan,f64 max,16.495,4.896,6.907,3.190,4.046,30
B,8a09fc9,3,8a09fc9,10000000,1000000,2,1,plan,f64 min + max,20.636,5.489,7.611,3.506,4.144,30
B,8a09fc9,3,c4e2f6f,10000000,rows/2,1,0,array,f64 min,17.426,9.468,9.762,1.479,1.766,30
B,8a09fc9,3,c4e2f6f,10000000,rows/2,1,0,array,f64 max,17.365,10.190,10.634,2.412,2.883,30
B,8a09fc9,3,c4e2f6f,10000000,rows/2,1,0,array,f64 min + max,18.379,9.493,9.848,1.483,1.878,30
B,8a09fc9,3,c4e2f6f,10000000,rows/2,1,0,array,count (control),8.882,3.614,6.957,1.746,2.214,30
B,8a09fc9,3,c4e2f6f,10000000,rows/2,1,0,array,int64 sum (control),12.781,6.129,6.457,1.447,1.713,30
B,8a09fc9,3,c4e2f6f,10000000,rows/2,1,0,plan,f64 min,32.766,15.013,15.275,4.039,4.189,26
B,8a09fc9,3,c4e2f6f,10000000,rows/2,1,0,plan,f64 max,34.507,15.075,15.351,4.154,4.256,26
B,8a09fc9,3,c4e2f6f,10000000,rows/2,1,0,plan,f64 min + max,43.906,22.803,23.015,4.684,4.771,18
B,8a09fc9,3,c4e2f6f,10000000,rows/2,1,0,plan,count (control),28.123,10.253,11.454,5.735,6.280,30
B,8a09fc9,3,c4e2f6f,10000000,rows/2,1,0,plan,int64 sum (control),36.177,19.176,20.226,10.842,11.185,19
B,8a09fc9,3,c4e2f6f,10000000,rows/2,2,0,array,f64 min,18.359,10.645,11.234,3.149,3.934,30
B,8a09fc9,3,c4e2f6f,10000000,rows/2,2,0,array,f64 max,19.057,10.045,10.418,2.464,2.894,30
B,8a09fc9,3,c4e2f6f,10000000,rows/2,2,0,array,f64 min + max,21.102,10.475,11.403,2.972,4.272,30
B,8a09fc9,3,c4e2f6f,10000000,rows/2,2,0,plan,f64 min,28.031,15.793,16.110,4.711,4.805,25
B,8a09fc9,3,c4e2f6f,10000000,rows/2,2,0,plan,f64 max,29.864,15.780,16.259,4.698,4.927,24
B,8a09fc9,3,c4e2f6f,10000000,rows/2,2,0,plan,f64 min + max,47.822,23.715,24.051,5.337,5.581,17
B,8a09fc9,3,c4e2f6f,10000000,rows/2,1,1,array,f64 min,15.595,9.326,9.559,1.881,2.174,30
B,8a09fc9,3,c4e2f6f,10000000,rows/2,1,1,array,f64 max,17.846,9.047,9.134,1.554,1.649,30
B,8a09fc9,3,c4e2f6f,10000000,rows/2,1,1,array,f64 min + max,20.006,9.504,10.044,2.087,2.842,30
B,8a09fc9,3,c4e2f6f,10000000,rows/2,1,1,plan,f64 min,32.364,14.424,14.742,4.012,4.188,27
B,8a09fc9,3,c4e2f6f,10000000,rows/2,1,1,plan,f64 max,28.425,14.515,14.786,4.059,4.197,27
B,8a09fc9,3,c4e2f6f,10000000,rows/2,1,1,plan,f64 min + max,46.467,21.531,21.958,4.528,4.679,18
B,8a09fc9,3,c4e2f6f,10000000,rows/2,2,1,array,f64 min,19.767,10.326,10.895,3.376,4.146,30
B,8a09fc9,3,c4e2f6f,10000000,rows/2,2,1,array,f64 max,20.231,10.016,10.406,3.038,3.536,30
B,8a09fc9,3,c4e2f6f,10000000,rows/2,2,1,array,f64 min + max,21.633,9.629,10.192,2.584,3.308,30
B,8a09fc9,3,c4e2f6f,10000000,rows/2,2,1,plan,f64 min,36.385,15.397,15.661,4.731,4.854,25
B,8a09fc9,3,c4e2f6f,10000000,rows/2,2,1,plan,f64 max,36.858,15.376,15.730,4.692,4.866,25
B,8a09fc9,3,c4e2f6f,10000000,rows/2,2,1,plan,f64 min + max,35.529,22.639,23.033,5.240,5.366,17
B,8a09fc9,3,8a09fc9,10000000,rows/2,1,0,array,f64 min,15.354,6.521,6.991,1.921,2.498,30
B,8a09fc9,3,8a09fc9,10000000,rows/2,1,0,array,f64 max,14.447,6.550,6.864,1.998,2.279,30
B,8a09fc9,3,8a09fc9,10000000,rows/2,1,0,array,f64 min + max,16.882,6.247,8.401,1.563,2.396,30
B,8a09fc9,3,8a09fc9,10000000,rows/2,1,0,array,count (control),11.290,3.295,3.623,1.501,1.704,30
B,8a09fc9,3,8a09fc9,10000000,rows/2,1,0,array,int64 sum (control),12.071,6.140,6.447,1.437,1.614,30
B,8a09fc9,3,8a09fc9,10000000,rows/2,1,0,plan,f64 min,31.441,11.554,11.848,4.080,4.193,30
B,8a09fc9,3,8a09fc9,10000000,rows/2,1,0,plan,f64 max,22.504,11.576,11.930,4.077,4.237,30
B,8a09fc9,3,8a09fc9,10000000,rows/2,1,0,plan,f64 min + max,25.602,11.571,13.051,4.084,5.261,30
B,8a09fc9,3,8a09fc9,10000000,rows/2,1,0,plan,count (control),30.511,10.268,10.584,5.681,5.862,30
B,8a09fc9,3,8a09fc9,10000000,rows/2,1,0,plan,int64 sum (control),45.311,19.055,20.119,10.664,11.262,19
B,8a09fc9,3,8a09fc9,10000000,rows/2,2,0,array,f64 min,19.023,7.688,8.353,3.079,3.479,30
B,8a09fc9,3,8a09fc9,10000000,rows/2,2,0,array,f64 max,18.028,8.088,8.910,2.704,3.703,30
B,8a09fc9,3,8a09fc9,10000000,rows/2,2,0,array,f64 min + max,15.277,7.587,8.686,3.056,3.842,30
B,8a09fc9,3,8a09fc9,10000000,rows/2,2,0,plan,f64 min,32.923,12.435,12.754,4.731,4.819,30
B,8a09fc9,3,8a09fc9,10000000,rows/2,2,0,plan,f64 max,33.866,12.507,12.729,4.693,4.796,29
B,8a09fc9,3,8a09fc9,10000000,rows/2,2,0,plan,f64 min + max,33.722,12.492,12.858,4.749,4.895,30
B,8a09fc9,3,8a09fc9,10000000,rows/2,1,1,array,f64 min,15.204,5.962,6.061,1.595,1.707,30
B,8a09fc9,3,8a09fc9,10000000,rows/2,1,1,array,f64 max,16.325,6.279,7.383,1.996,2.333,30
B,8a09fc9,3,8a09fc9,10000000,rows/2,1,1,array,f64 min + max,15.552,6.111,6.301,1.774,1.915,30
B,8a09fc9,3,8a09fc9,10000000,rows/2,1,1,plan,f64 min,30.519,11.271,11.616,4.068,4.202,30
B,8a09fc9,3,8a09fc9,10000000,rows/2,1,1,plan,f64 max,32.135,11.336,11.670,3.990,4.182,30
B,8a09fc9,3,8a09fc9,10000000,rows/2,1,1,plan,f64 min + max,29.461,11.467,12.248,4.075,4.626,30
B,8a09fc9,3,8a09fc9,10000000,rows/2,2,1,array,f64 min,18.768,8.259,8.763,3.019,3.466,30
B,8a09fc9,3,8a09fc9,10000000,rows/2,2,1,array,f64 max,15.512,8.258,9.299,3.185,3.937,30
B,8a09fc9,3,8a09fc9,10000000,rows/2,2,1,array,f64 min + max,17.606,8.302,9.589,3.084,4.151,30
B,8a09fc9,3,8a09fc9,10000000,rows/2,2,1,plan,f64 min,34.093,12.243,12.477,4.680,4.817,30
B,8a09fc9,3,8a09fc9,10000000,rows/2,2,1,plan,f64 max,34.031,12.246,12.694,4.720,4.979,28
B,8a09fc9,3,8a09fc9,10000000,rows/2,2,1,plan,f64 min + max,27.615,12.277,12.540,4.790,4.895,30
B,8a09fc9,3,c4e2f6f,50000000,200,1,0,array,f64 min,11.632,5.304,5.701,1.857,2.349,30
B,8a09fc9,3,c4e2f6f,50000000,200,1,0,array,f64 max,11.610,5.133,5.568,1.811,2.305,30
B,8a09fc9,3,c4e2f6f,50000000,200,1,0,array,f64 min + max,11.787,5.066,5.476,1.771,2.314,30
B,8a09fc9,3,c4e2f6f,50000000,200,1,0,array,count (control),9.024,3.611,3.976,1.357,1.622,30
B,8a09fc9,3,c4e2f6f,50000000,200,1,0,array,int64 sum (control),9.532,4.041,4.372,1.387,1.673,30
B,8a09fc9,3,c4e2f6f,50000000,200,1,0,plan,f64 min,18.696,7.155,7.328,2.308,2.435,30
B,8a09fc9,3,c4e2f6f,50000000,200,1,0,plan,f64 max,14.416,7.101,7.243,2.320,2.421,30
B,8a09fc9,3,c4e2f6f,50000000,200,1,0,plan,f64 min + max,21.927,9.750,10.476,2.671,3.754,30
B,8a09fc9,3,c4e2f6f,50000000,200,1,0,plan,count (control),15.760,6.000,7.261,2.292,2.749,30
B,8a09fc9,3,c4e2f6f,50000000,200,1,0,plan,int64 sum (control),14.357,6.517,6.646,2.321,2.501,30
B,8a09fc9,3,c4e2f6f,50000000,200,2,0,array,f64 min,13.683,6.835,7.192,2.903,3.219,30
B,8a09fc9,3,c4e2f6f,50000000,200,2,0,array,f64 max,12.155,6.940,7.332,2.782,3.226,30
B,8a09fc9,3,c4e2f6f,50000000,200,2,0,array,f64 min + max,12.994,7.134,7.949,2.814,3.573,30
B,8a09fc9,3,c4e2f6f,50000000,200,2,0,plan,f64 min,21.636,8.797,9.047,3.186,3.276,30
B,8a09fc9,3,c4e2f6f,50000000,200,2,0,plan,f64 max,21.328,8.868,9.028,3.142,3.305,30
B,8a09fc9,3,c4e2f6f,50000000,200,2,0,plan,f64 min + max,23.253,11.611,11.863,3.800,3.976,30
B,8a09fc9,3,c4e2f6f,50000000,200,1,1,array,f64 min,11.560,5.137,5.364,1.728,1.922,30
B,8a09fc9,3,c4e2f6f,50000000,200,1,1,array,f64 max,12.850,5.106,5.519,1.727,2.213,30
B,8a09fc9,3,c4e2f6f,50000000,200,1,1,array,f64 min + max,12.459,4.993,5.299,1.522,1.785,30
B,8a09fc9,3,c4e2f6f,50000000,200,1,1,plan,f64 min,19.320,7.963,8.543,2.695,2.976,30
B,8a09fc9,3,c4e2f6f,50000000,200,1,1,plan,f64 max,19.583,7.489,7.631,2.591,2.807,30
B,8a09fc9,3,c4e2f6f,50000000,200,1,1,plan,f64 min + max,18.507,10.230,10.555,3.059,3.409,30
B,8a09fc9,3,c4e2f6f,50000000,200,2,1,array,f64 min,15.002,7.108,7.273,2.720,2.865,30
B,8a09fc9,3,c4e2f6f,50000000,200,2,1,array,f64 max,13.206,7.056,7.827,2.814,3.494,30
B,8a09fc9,3,c4e2f6f,50000000,200,2,1,array,f64 min + max,16.853,7.251,7.815,2.931,3.739,30
B,8a09fc9,3,c4e2f6f,50000000,200,2,1,plan,f64 min,22.963,9.156,9.454,3.577,3.844,30
B,8a09fc9,3,c4e2f6f,50000000,200,2,1,plan,f64 max,19.268,9.615,10.173,3.461,4.188,30
B,8a09fc9,3,c4e2f6f,50000000,200,2,1,plan,f64 min + max,23.994,11.992,12.319,4.151,4.370,30
B,8a09fc9,3,8a09fc9,50000000,200,1,0,array,f64 min,9.875,5.059,5.493,1.841,2.309,30
B,8a09fc9,3,8a09fc9,50000000,200,1,0,array,f64 max,11.483,4.871,4.978,1.535,1.605,30
B,8a09fc9,3,8a09fc9,50000000,200,1,0,array,f64 min + max,10.926,5.092,5.488,1.763,2.117,30
B,8a09fc9,3,8a09fc9,50000000,200,1,0,array,count (control),9.747,3.932,4.706,1.504,1.850,30
B,8a09fc9,3,8a09fc9,50000000,200,1,0,array,int64 sum (control),9.549,4.320,4.402,1.758,1.785,30
B,8a09fc9,3,8a09fc9,50000000,200,1,0,plan,f64 min,18.514,7.028,7.978,2.225,2.986,30
B,8a09fc9,3,8a09fc9,50000000,200,1,0,plan,f64 max,14.601,7.190,7.370,2.403,2.499,30
B,8a09fc9,3,8a09fc9,50000000,200,1,0,plan,f64 min + max,18.944,7.340,8.068,2.719,3.609,30
B,8a09fc9,3,8a09fc9,50000000,200,1,0,plan,count (control),12.535,6.130,6.830,2.644,3.233,30
B,8a09fc9,3,8a09fc9,50000000,200,1,0,plan,int64 sum (control),14.210,7.486,8.202,2.726,3.287,30
B,8a09fc9,3,8a09fc9,50000000,200,2,0,array,f64 min,15.518,7.616,8.318,3.012,3.756,30
B,8a09fc9,3,8a09fc9,50000000,200,2,0,array,f64 max,13.645,6.962,7.539,2.725,3.383,30
B,8a09fc9,3,8a09fc9,50000000,200,2,0,array,f64 min + max,12.731,6.832,7.726,2.716,3.707,30
B,8a09fc9,3,8a09fc9,50000000,200,2,0,plan,f64 min,19.308,9.691,10.261,3.729,4.275,30
B,8a09fc9,3,8a09fc9,50000000,200,2,0,plan,f64 max,22.043,9.211,9.943,3.212,3.802,30
B,8a09fc9,3,8a09fc9,50000000,200,2,0,plan,f64 min + max,20.479,9.129,9.300,3.268,3.496,30
B,8a09fc9,3,8a09fc9,50000000,200,1,1,array,f64 min,11.457,5.047,5.448,1.698,2.263,30
B,8a09fc9,3,8a09fc9,50000000,200,1,1,array,f64 max,12.875,5.210,5.542,1.779,2.158,30
B,8a09fc9,3,8a09fc9,50000000,200,1,1,array,f64 min + max,11.561,5.060,5.382,1.712,2.060,30
B,8a09fc9,3,8a09fc9,50000000,200,1,1,plan,f64 min,18.608,7.406,8.042,2.716,3.562,30
B,8a09fc9,3,8a09fc9,50000000,200,1,1,plan,f64 max,18.907,7.551,7.802,2.523,2.779,30
B,8a09fc9,3,8a09fc9,50000000,200,1,1,plan,f64 min + max,20.147,7.089,7.334,2.296,2.396,30
B,8a09fc9,3,8a09fc9,50000000,200,2,1,array,f64 min,15.388,7.558,8.080,2.892,3.233,30
B,8a09fc9,3,8a09fc9,50000000,200,2,1,array,f64 max,16.237,7.698,8.366,2.889,3.323,30
B,8a09fc9,3,8a09fc9,50000000,200,2,1,array,f64 min + max,16.400,7.300,8.417,2.849,3.580,30
B,8a09fc9,3,8a09fc9,50000000,200,2,1,plan,f64 min,18.097,9.325,10.214,2.988,4.835,30
B,8a09fc9,3,8a09fc9,50000000,200,2,1,plan,f64 max,17.627,8.479,8.703,2.867,2.965,30
B,8a09fc9,3,8a09fc9,50000000,200,2,1,plan,f64 min + max,16.350,8.914,9.546,2.925,4.031,30
B,8a09fc9,3,c4e2f6f,50000000,10000,1,0,array,f64 min,23.228,7.756,8.122,1.566,1.975,30
B,8a09fc9,3,c4e2f6f,50000000,10000,1,0,array,f64 max,16.522,7.735,7.948,1.531,1.791,30
B,8a09fc9,3,c4e2f6f,50000000,10000,1,0,array,f64 min + max,21.200,7.868,8.291,1.761,2.296,30
B,8a09fc9,3,c4e2f6f,50000000,10000,1,0,array,count (control),11.668,3.792,4.073,1.381,1.565,30
B,8a09fc9,3,c4e2f6f,50000000,10000,1,0,array,int64 sum (control),20.022,6.416,6.536,1.247,1.323,30
B,8a09fc9,3,c4e2f6f,50000000,10000,1,0,plan,f64 min,25.839,11.485,11.651,2.586,2.755,30
B,8a09fc9,3,c4e2f6f,50000000,10000,1,0,plan,f64 max,24.124,11.506,11.875,2.762,3.062,30
B,8a09fc9,3,c4e2f6f,50000000,10000,1,0,plan,f64 min + max,43.116,17.237,17.609,3.342,3.926,23
B,8a09fc9,3,c4e2f6f,50000000,10000,1,0,plan,count (control),24.975,7.336,7.785,2.231,2.859,30
B,8a09fc9,3,c4e2f6f,50000000,10000,1,0,plan,int64 sum (control),24.254,10.022,10.210,2.199,2.441,30
B,8a09fc9,3,c4e2f6f,50000000,10000,2,0,array,f64 min,27.024,9.581,10.237,2.862,3.712,30
B,8a09fc9,3,c4e2f6f,50000000,10000,2,0,array,f64 max,25.207,9.609,10.232,2.889,3.674,30
B,8a09fc9,3,c4e2f6f,50000000,10000,2,0,array,f64 min + max,18.020,9.643,10.239,2.896,3.763,30
B,8a09fc9,3,c4e2f6f,50000000,10000,2,0,plan,f64 min,25.151,13.312,13.844,3.859,4.459,29
B,8a09fc9,3,c4e2f6f,50000000,10000,2,0,plan,f64 max,26.305,12.840,13.003,3.037,3.176,30
B,8a09fc9,3,c4e2f6f,50000000,10000,2,0,plan,f64 min + max,35.289,19.040,19.811,4.393,5.584,21
B,8a09fc9,3,c4e2f6f,50000000,10000,1,1,array,f64 min,23.624,7.443,7.555,1.631,1.728,30
B,8a09fc9,3,c4e2f6f,50000000,10000,1,1,array,f64 max,20.847,7.384,7.534,1.537,1.652,30
B,8a09fc9,3,c4e2f6f,50000000,10000,1,1,array,f64 min + max,23.365,7.473,7.898,1.774,2.298,30
B,8a09fc9,3,c4e2f6f,50000000,10000,1,1,plan,f64 min,31.536,11.114,11.638,2.622,3.184,30
B,8a09fc9,3,c4e2f6f,50000000,10000,1,1,plan,f64 max,22.132,11.271,11.748,2.723,3.433,30
B,8a09fc9,3,c4e2f6f,50000000,10000,1,1,plan,f64 min + max,27.748,15.969,16.933,2.675,4.074,24
B,8a09fc9,3,c4e2f6f,50000000,10000,2,1,array,f64 min,19.876,9.232,9.453,2.802,3.049,30
B,8a09fc9,3,c4e2f6f,50000000,10000,2,1,array,f64 max,19.096,9.125,9.570,2.752,3.223,30
B,8a09fc9,3,c4e2f6f,50000000,10000,2,1,array,f64 min + max,20.791,9.183,9.868,2.837,3.710,30
B,8a09fc9,3,c4e2f6f,50000000,10000,2,1,plan,f64 min,23.373,12.403,12.521,3.039,3.093,30
B,8a09fc9,3,c4e2f6f,50000000,10000,2,1,plan,f64 max,26.579,12.833,13.708,3.546,4.835,30
B,8a09fc9,3,c4e2f6f,50000000,10000,2,1,plan,f64 min + max,43.394,18.347,19.062,4.609,5.583,22
B,8a09fc9,3,8a09fc9,50000000,10000,1,0,array,f64 min,15.734,6.331,6.426,1.649,1.762,30
B,8a09fc9,3,8a09fc9,50000000,10000,1,0,array,f64 max,20.964,6.396,6.517,1.719,1.892,30
B,8a09fc9,3,8a09fc9,50000000,10000,1,0,array,f64 min + max,18.478,6.316,6.622,1.626,2.084,30
B,8a09fc9,3,8a09fc9,50000000,10000,1,0,array,count (control),11.540,4.214,4.490,1.757,1.785,30
B,8a09fc9,3,8a09fc9,50000000,10000,1,0,array,int64 sum (control),14.534,6.491,6.742,1.260,1.620,30
B,8a09fc9,3,8a09fc9,50000000,10000,1,0,plan,f64 min,22.784,9.630,9.874,2.132,2.349,30
B,8a09fc9,3,8a09fc9,50000000,10000,1,0,plan,f64 max,24.045,9.658,9.764,2.175,2.261,30
B,8a09fc9,3,8a09fc9,50000000,10000,1,0,plan,f64 min + max,21.376,9.717,9.801,2.202,2.277,30
B,8a09fc9,3,8a09fc9,50000000,10000,1,0,plan,count (control),18.053,7.211,7.918,2.146,2.597,30
B,8a09fc9,3,8a09fc9,50000000,10000,1,0,plan,int64 sum (control),20.994,10.003,10.439,2.264,2.713,30
B,8a09fc9,3,8a09fc9,50000000,10000,2,0,array,f64 min,16.380,8.203,8.763,3.026,3.785,30
B,8a09fc9,3,8a09fc9,50000000,10000,2,0,array,f64 max,21.505,8.029,8.267,2.632,2.879,30
B,8a09fc9,3,8a09fc9,50000000,10000,2,0,array,f64 min + max,18.911,8.021,8.716,2.643,3.755,30
B,8a09fc9,3,8a09fc9,50000000,10000,2,0,plan,f64 min,26.635,11.580,11.957,3.407,3.886,30
B,8a09fc9,3,8a09fc9,50000000,10000,2,0,plan,f64 max,25.212,11.324,11.661,3.183,3.492,30
B,8a09fc9,3,8a09fc9,50000000,10000,2,0,plan,f64 min + max,31.375,11.831,12.065,3.698,4.018,30
B,8a09fc9,3,8a09fc9,50000000,10000,1,1,array,f64 min,21.316,6.167,6.309,1.710,1.910,30
B,8a09fc9,3,8a09fc9,50000000,10000,1,1,array,f64 max,16.753,6.224,6.555,1.785,2.182,30
B,8a09fc9,3,8a09fc9,50000000,10000,1,1,array,f64 min + max,16.334,6.053,6.138,1.550,1.608,30
B,8a09fc9,3,8a09fc9,50000000,10000,1,1,plan,f64 min,23.107,9.461,9.855,2.175,2.537,30
B,8a09fc9,3,8a09fc9,50000000,10000,1,1,plan,f64 max,21.977,9.793,10.232,2.562,3.082,30
B,8a09fc9,3,8a09fc9,50000000,10000,1,1,plan,f64 min + max,20.971,9.704,10.138,2.407,3.096,30
B,8a09fc9,3,8a09fc9,50000000,10000,2,1,array,f64 min,21.836,7.950,8.391,2.810,3.101,30
B,8a09fc9,3,8a09fc9,50000000,10000,2,1,array,f64 max,21.528,7.732,7.874,2.529,2.654,30
B,8a09fc9,3,8a09fc9,50000000,10000,2,1,array,f64 min + max,19.802,8.120,8.627,2.776,3.244,30
B,8a09fc9,3,8a09fc9,50000000,10000,2,1,plan,f64 min,23.576,11.385,11.644,3.373,3.868,30
B,8a09fc9,3,8a09fc9,50000000,10000,2,1,plan,f64 max,25.413,11.138,11.584,3.025,3.803,30
B,8a09fc9,3,8a09fc9,50000000,10000,2,1,plan,f64 min + max,24.199,11.019,11.295,2.963,3.229,30
B,8a09fc9,3,c4e2f6f,50000000,100000,1,0,array,f64 min,20.602,9.642,9.977,1.871,2.345,30
B,8a09fc9,3,c4e2f6f,50000000,100000,1,0,array,f64 max,22.707,9.933,9.968,2.321,2.356,30
B,8a09fc9,3,c4e2f6f,50000000,100000,1,0,array,f64 min + max,19.469,9.633,10.117,1.881,2.549,30
B,8a09fc9,3,c4e2f6f,50000000,100000,1,0,array,count (control),12.462,4.392,4.484,1.261,1.334,30
B,8a09fc9,3,c4e2f6f,50000000,100000,1,0,array,int64 sum (control),19.247,7.118,7.250,1.229,1.293,30
B,8a09fc9,3,c4e2f6f,50000000,100000,1,0,plan,f64 min,26.550,12.938,13.060,2.265,2.370,30
B,8a09fc9,3,c4e2f6f,50000000,100000,1,0,plan,f64 max,26.133,13.835,14.222,3.482,3.980,29
B,8a09fc9,3,c4e2f6f,50000000,100000,1,0,plan,f64 min + max,32.249,20.117,20.885,3.866,4.767,20
B,8a09fc9,3,c4e2f6f,50000000,100000,1,0,plan,count (control),20.692,8.084,8.431,2.269,2.411,30
B,8a09fc9,3,c4e2f6f,50000000,100000,1,0,plan,int64 sum (control),25.427,11.107,11.762,2.539,3.289,30
B,8a09fc9,3,c4e2f6f,50000000,100000,2,0,array,f64 min,24.657,10.645,10.837,2.596,2.732,30
B,8a09fc9,3,c4e2f6f,50000000,100000,2,0,array,f64 max,25.471,10.601,10.941,2.481,3.015,30
B,8a09fc9,3,c4e2f6f,50000000,100000,2,0,array,f64 min + max,24.131,10.866,11.472,2.922,3.724,30
B,8a09fc9,3,c4e2f6f,50000000,100000,2,0,plan,f64 min,38.940,14.696,15.723,4.033,5.229,26
B,8a09fc9,3,c4e2f6f,50000000,100000,2,0,plan,f64 max,28.974,14.788,15.847,3.880,5.326,26
B,8a09fc9,3,c4e2f6f,50000000,100000,2,0,plan,f64 min + max,35.455,22.012,22.424,5.387,6.112,18
B,8a09fc9,3,c4e2f6f,50000000,100000,1,1,array,f64 min,19.533,8.828,8.976,1.459,1.583,30
B,8a09fc9,3,c4e2f6f,50000000,100000,1,1,array,f64 max,20.300,9.130,9.315,1.879,2.125,30
B,8a09fc9,3,c4e2f6f,50000000,100000,1,1,array,f64 min + max,25.258,8.934,9.320,1.580,2.102,30
B,8a09fc9,3,c4e2f6f,50000000,100000,1,1,plan,f64 min,26.977,12.941,13.801,2.824,4.063,29
B,8a09fc9,3,c4e2f6f,50000000,100000,1,1,plan,f64 max,26.959,12.852,13.733,2.782,3.975,30
B,8a09fc9,3,c4e2f6f,50000000,100000,1,1,plan,f64 min + max,35.200,18.324,18.600,2.696,2.981,22
B,8a09fc9,3,c4e2f6f,50000000,100000,2,1,array,f64 min,23.221,10.144,10.318,2.596,2.730,30
B,8a09fc9,3,c4e2f6f,50000000,100000,2,1,array,f64 max,30.974,10.011,10.229,2.480,2.630,30
B,8a09fc9,3,c4e2f6f,50000000,100000,2,1,array,f64 min + max,21.975,10.149,10.294,2.607,2.745,30
B,8a09fc9,3,c4e2f6f,50000000,100000,2,1,plan,f64 min,23.818,13.701,13.970,3.207,3.544,29
B,8a09fc9,3,c4e2f6f,50000000,100000,2,1,plan,f64 max,29.209,13.492,13.843,3.052,3.375,29
B,8a09fc9,3,c4e2f6f,50000000,100000,2,1,plan,f64 min + max,36.862,19.623,19.831,3.717,3.961,21
B,8a09fc9,3,8a09fc9,50000000,100000,1,0,array,f64 min,19.352,7.092,7.242,1.481,1.599,30
B,8a09fc9,3,8a09fc9,50000000,100000,1,0,array,f64 max,17.968,7.170,7.286,1.588,1.666,30
B,8a09fc9,3,8a09fc9,50000000,100000,1,0,array,f64 min + max,20.321,7.316,7.561,1.672,2.044,30
B,8a09fc9,3,8a09fc9,50000000,100000,1,0,array,count (control),15.169,4.404,4.486,1.257,1.310,30
B,8a09fc9,3,8a09fc9,50000000,100000,1,0,array,int64 sum (control),18.025,7.164,7.252,1.260,1.356,30
B,8a09fc9,3,8a09fc9,50000000,100000,1,0,plan,f64 min,21.041,10.768,10.967,2.422,2.580,30
B,8a09fc9,3,8a09fc9,50000000,100000,1,0,plan,f64 max,26.874,10.812,11.037,2.425,2.647,30
B,8a09fc9,3,8a09fc9,50000000,100000,1,0,plan,f64 min + max,20.569,10.734,11.094,2.260,2.676,30
B,8a09fc9,3,8a09fc9,50000000,100000,1,0,plan,count (control),20.232,8.287,9.408,2.491,3.490,30
B,8a09fc9,3,8a09fc9,50000000,100000,1,0,plan,int64 sum (control),20.153,10.956,11.172,2.385,2.639,30
B,8a09fc9,3,8a09fc9,50000000,100000,2,0,array,f64 min,20.571,8.417,9.152,2.609,3.653,30
B,8a09fc9,3,8a09fc9,50000000,100000,2,0,array,f64 max,21.650,8.498,8.686,2.690,2.962,30
B,8a09fc9,3,8a09fc9,50000000,100000,2,0,array,f64 min + max,20.597,8.386,8.972,2.538,3.237,30
B,8a09fc9,3,8a09fc9,50000000,100000,2,0,plan,f64 min,22.968,11.760,12.378,3.063,3.675,30
B,8a09fc9,3,8a09fc9,50000000,100000,2,0,plan,f64 max,27.614,11.885,12.221,3.118,3.513,30
B,8a09fc9,3,8a09fc9,50000000,100000,2,0,plan,f64 min + max,24.498,12.151,12.516,3.599,3.865,30
B,8a09fc9,3,8a09fc9,50000000,100000,1,1,array,f64 min,17.188,6.802,6.916,1.431,1.499,30
B,8a09fc9,3,8a09fc9,50000000,100000,1,1,array,f64 max,21.277,6.826,7.018,1.415,1.725,30
B,8a09fc9,3,8a09fc9,50000000,100000,1,1,array,f64 min + max,17.991,6.946,7.385,1.527,2.188,30
B,8a09fc9,3,8a09fc9,50000000,100000,1,1,plan,f64 min,25.061,10.403,10.558,2.208,2.311,30
B,8a09fc9,3,8a09fc9,50000000,100000,1,1,plan,f64 max,26.096,10.643,10.860,2.476,2.738,30
B,8a09fc9,3,8a09fc9,50000000,100000,1,1,plan,f64 min + max,24.852,10.514,11.116,2.328,3.132,30
B,8a09fc9,3,8a09fc9,50000000,100000,2,1,array,f64 min,24.121,8.352,9.052,2.907,3.759,30
B,8a09fc9,3,8a09fc9,50000000,100000,2,1,array,f64 max,20.874,8.040,9.032,2.475,3.700,30
B,8a09fc9,3,8a09fc9,50000000,100000,2,1,array,f64 min + max,27.731,8.411,9.033,2.985,3.760,30
B,8a09fc9,3,8a09fc9,50000000,100000,2,1,plan,f64 min,23.224,12.210,12.706,3.766,4.514,30
B,8a09fc9,3,8a09fc9,50000000,100000,2,1,plan,f64 max,26.578,11.590,11.819,3.042,3.210,30
B,8a09fc9,3,8a09fc9,50000000,100000,2,1,plan,f64 min + max,28.691,11.650,12.206,3.068,3.719,30
B,8a09fc9,3,c4e2f6f,50000000,1000000,1,0,array,f64 min,27.163,14.597,14.961,2.083,2.500,27
B,8a09fc9,3,c4e2f6f,50000000,1000000,1,0,array,f64 max,24.960,14.683,14.970,1.975,2.486,27
B,8a09fc9,3,c4e2f6f,50000000,1000000,1,0,array,f64 min + max,25.303,14.699,14.955,2.127,2.513,27
B,8a09fc9,3,c4e2f6f,50000000,1000000,1,0,array,count (control),18.032,5.231,5.473,1.254,1.407,30
B,8a09fc9,3,c4e2f6f,50000000,1000000,1,0,array,int64 sum (control),23.933,11.967,12.447,1.873,2.354,30
B,8a09fc9,3,c4e2f6f,50000000,1000000,1,0,plan,f64 min,38.745,18.311,18.680,2.766,3.170,22
B,8a09fc9,3,c4e2f6f,50000000,1000000,1,0,plan,f64 max,36.036,18.301,18.478,2.743,2.928,22
B,8a09fc9,3,c4e2f6f,50000000,1000000,1,0,plan,f64 min + max,49.368,30.176,33.862,4.765,7.966,12
B,8a09fc9,3,c4e2f6f,50000000,1000000,1,0,plan,count (control),30.329,9.913,10.066,3.157,3.253,30
B,8a09fc9,3,c4e2f6f,50000000,1000000,1,0,plan,int64 sum (control),40.262,17.987,18.200,4.473,4.604,22
B,8a09fc9,3,c4e2f6f,50000000,1000000,2,0,array,f64 min,26.298,15.157,15.334,2.517,2.684,26
B,8a09fc9,3,c4e2f6f,50000000,1000000,2,0,array,f64 max,29.311,15.462,16.131,3.051,3.885,25
B,8a09fc9,3,c4e2f6f,50000000,1000000,2,0,array,f64 min + max,25.472,15.214,15.328,2.568,2.661,26
B,8a09fc9,3,c4e2f6f,50000000,1000000,2,0,plan,f64 min,47.829,19.188,19.484,3.598,3.822,20
B,8a09fc9,3,c4e2f6f,50000000,1000000,2,0,plan,f64 max,30.000,19.219,19.318,3.556,3.659,21
B,8a09fc9,3,c4e2f6f,50000000,1000000,2,0,plan,f64 min + max,50.159,30.791,32.722,5.415,6.726,13
B,8a09fc9,3,c4e2f6f,50000000,1000000,1,1,array,f64 min,26.976,13.853,14.236,1.965,2.530,29
B,8a09fc9,3,c4e2f6f,50000000,1000000,1,1,array,f64 max,27.081,13.549,13.673,1.566,1.733,30
B,8a09fc9,3,c4e2f6f,50000000,1000000,1,1,array,f64 min + max,26.544,13.850,14.214,1.891,2.391,29
B,8a09fc9,3,c4e2f6f,50000000,1000000,1,1,plan,f64 min,28.505,17.601,17.723,2.777,2.882,23
B,8a09fc9,3,c4e2f6f,50000000,1000000,1,1,plan,f64 max,31.362,17.577,17.758,2.776,2.900,23
B,8a09fc9,3,c4e2f6f,50000000,1000000,1,1,plan,f64 min + max,40.755,27.401,27.537,3.353,3.436,15
B,8a09fc9,3,c4e2f6f,50000000,1000000,2,1,array,f64 min,22.780,14.725,15.429,3.063,3.921,26
B,8a09fc9,3,c4e2f6f,50000000,1000000,2,1,array,f64 max,26.708,14.728,15.408,3.073,3.891,27
B,8a09fc9,3,c4e2f6f,50000000,1000000,2,1,array,f64 min + max,27.268,14.724,15.443,3.011,3.891,27
B,8a09fc9,3,c4e2f6f,50000000,1000000,2,1,plan,f64 min,32.091,18.517,19.259,3.618,4.387,20
B,8a09fc9,3,c4e2f6f,50000000,1000000,2,1,plan,f64 max,32.678,18.413,18.628,3.539,3.667,22
B,8a09fc9,3,c4e2f6f,50000000,1000000,2,1,plan,f64 min + max,40.607,28.290,28.457,4.160,4.240,15
B,8a09fc9,3,8a09fc9,50000000,1000000,1,0,array,f64 min,22.721,9.845,10.262,1.941,2.480,30
B,8a09fc9,3,8a09fc9,50000000,1000000,1,0,array,f64 max,22.640,9.609,9.775,1.583,1.721,30
B,8a09fc9,3,8a09fc9,50000000,1000000,1,0,array,f64 min + max,22.215,9.773,10.113,1.897,2.312,30
B,8a09fc9,3,8a09fc9,50000000,1000000,1,0,array,count (control),17.279,5.227,5.374,1.304,1.375,30
B,8a09fc9,3,8a09fc9,50000000,1000000,1,0,array,int64 sum (control),22.944,12.002,12.795,1.784,2.652,30
B,8a09fc9,3,8a09fc9,50000000,1000000,1,0,plan,f64 min,31.400,13.653,13.802,2.746,2.829,29
B,8a09fc9,3,8a09fc9,50000000,1000000,1,0,plan,f64 max,29.448,13.636,13.807,2.771,2.864,29
B,8a09fc9,3,8a09fc9,50000000,1000000,1,0,plan,f64 min + max,27.396,13.662,13.907,2.773,3.013,29
B,8a09fc9,3,8a09fc9,50000000,1000000,1,0,plan,count (control),24.813,9.905,10.119,3.133,3.253,30
B,8a09fc9,3,8a09fc9,50000000,1000000,1,0,plan,int64 sum (control),37.685,17.867,18.275,4.480,4.635,22
B,8a09fc9,3,8a09fc9,50000000,1000000,2,0,array,f64 min,30.314,10.757,11.335,2.970,3.710,30
B,8a09fc9,3,8a09fc9,50000000,1000000,2,0,array,f64 max,22.731,10.677,11.216,2.821,3.501,30
B,8a09fc9,3,8a09fc9,50000000,1000000,2,0,array,f64 min + max,22.568,10.424,10.720,2.521,2.797,30
B,8a09fc9,3,8a09fc9,50000000,1000000,2,0,plan,f64 min,25.335,14.617,14.739,3.613,3.732,27
B,8a09fc9,3,8a09fc9,50000000,1000000,2,0,plan,f64 max,33.263,14.618,16.122,3.594,5.174,25
B,8a09fc9,3,8a09fc9,50000000,1000000,2,0,plan,f64 min + max,31.569,14.456,14.710,3.498,3.668,27
B,8a09fc9,3,8a09fc9,50000000,1000000,1,1,array,f64 min,22.632,9.918,9.957,2.434,2.468,30
B,8a09fc9,3,8a09fc9,50000000,1000000,1,1,array,f64 max,20.616,9.585,9.954,1.959,2.509,30
B,8a09fc9,3,8a09fc9,50000000,1000000,1,1,array,f64 min + max,18.154,9.925,9.972,2.418,2.489,30
B,8a09fc9,3,8a09fc9,50000000,1000000,1,1,plan,f64 min,29.727,13.329,13.501,2.780,2.863,30
B,8a09fc9,3,8a09fc9,50000000,1000000,1,1,plan,f64 max,30.540,13.421,13.694,2.764,3.138,30
B,8a09fc9,3,8a09fc9,50000000,1000000,1,1,plan,f64 min + max,31.062,13.299,13.550,2.760,2.913,29
B,8a09fc9,3,8a09fc9,50000000,1000000,2,1,array,f64 min,20.344,10.346,10.545,2.720,3.037,30
B,8a09fc9,3,8a09fc9,50000000,1000000,2,1,array,f64 max,22.747,10.746,11.161,3.276,3.887,30
B,8a09fc9,3,8a09fc9,50000000,1000000,2,1,array,f64 min + max,28.985,10.559,11.165,3.009,3.903,30
B,8a09fc9,3,8a09fc9,50000000,1000000,2,1,plan,f64 min,27.707,14.246,14.406,3.579,3.687,28
B,8a09fc9,3,8a09fc9,50000000,1000000,2,1,plan,f64 max,44.009,14.328,14.414,3.667,3.717,28
B,8a09fc9,3,8a09fc9,50000000,1000000,2,1,plan,f64 min + max,43.198,14.227,14.450,3.639,3.763,27
B,8a09fc9,3,c4e2f6f,50000000,rows/2,1,0,array,f64 min,183.582,176.074,176.213,7.586,7.743,3
B,8a09fc9,3,c4e2f6f,50000000,rows/2,1,0,array,f64 max,187.436,176.185,176.234,7.645,7.762,3
B,8a09fc9,3,c4e2f6f,50000000,rows/2,1,0,array,f64 min + max,192.308,177.310,178.110,9.866,10.272,3
B,8a09fc9,3,c4e2f6f,50000000,rows/2,1,0,array,count (control),144.168,109.896,110.240,8.325,8.578,4
B,8a09fc9,3,c4e2f6f,50000000,rows/2,1,0,array,int64 sum (control),156.916,146.085,146.132,8.442,8.557,3
B,8a09fc9,3,c4e2f6f,50000000,rows/2,1,0,plan,f64 min,259.401,221.036,221.538,17.519,17.738,3
B,8a09fc9,3,c4e2f6f,50000000,rows/2,1,0,plan,f64 max,239.517,220.671,220.874,17.404,17.446,3
B,8a09fc9,3,c4e2f6f,50000000,rows/2,1,0,plan,f64 min + max,330.952,300.753,300.945,18.522,18.623,3
B,8a09fc9,3,c4e2f6f,50000000,rows/2,1,0,plan,count (control),205.830,163.447,163.809,26.825,26.895,3
B,8a09fc9,3,c4e2f6f,50000000,rows/2,1,0,plan,int64 sum (control),271.081,227.168,228.025,54.816,55.393,3
B,8a09fc9,3,c4e2f6f,50000000,rows/2,2,0,array,f64 min,204.454,188.514,188.859,10.151,10.233,3
B,8a09fc9,3,c4e2f6f,50000000,rows/2,2,0,array,f64 max,198.782,188.525,188.570,10.090,10.208,3
B,8a09fc9,3,c4e2f6f,50000000,rows/2,2,0,array,f64 min + max,217.695,189.548,192.091,11.796,14.401,3
B,8a09fc9,3,c4e2f6f,50000000,rows/2,2,0,plan,f64 min,260.157,236.755,237.480,20.061,20.081,3
B,8a09fc9,3,c4e2f6f,50000000,rows/2,2,0,plan,f64 max,256.291,237.045,237.237,20.200,20.275,3
B,8a09fc9,3,c4e2f6f,50000000,rows/2,2,0,plan,f64 min + max,349.188,316.643,317.499,20.621,20.979,3
B,8a09fc9,3,c4e2f6f,50000000,rows/2,1,1,array,f64 min,180.259,169.964,170.227,7.680,7.735,3
B,8a09fc9,3,c4e2f6f,50000000,rows/2,1,1,array,f64 max,179.925,170.242,170.349,7.593,7.933,3
B,8a09fc9,3,c4e2f6f,50000000,rows/2,1,1,array,f64 min + max,180.580,170.348,170.818,7.717,8.301,3
B,8a09fc9,3,c4e2f6f,50000000,rows/2,1,1,plan,f64 min,254.979,214.677,215.173,17.542,17.598,3
B,8a09fc9,3,c4e2f6f,50000000,rows/2,1,1,plan,f64 max,255.680,215.063,215.115,17.521,17.547,3
B,8a09fc9,3,c4e2f6f,50000000,rows/2,1,1,plan,f64 min + max,316.752,288.860,288.897,18.465,18.528,3
B,8a09fc9,3,c4e2f6f,50000000,rows/2,2,1,array,f64 min,195.126,182.368,182.396,10.087,10.178,3
B,8a09fc9,3,c4e2f6f,50000000,rows/2,2,1,array,f64 max,207.044,182.166,182.202,10.169,10.212,3
B,8a09fc9,3,c4e2f6f,50000000,rows/2,2,1,array,f64 min + max,199.703,182.384,182.681,10.214,10.257,3
B,8a09fc9,3,c4e2f6f,50000000,rows/2,2,1,plan,f64 min,260.218,230.749,231.084,20.051,20.184,3
B,8a09fc9,3,c4e2f6f,50000000,rows/2,2,1,plan,f64 max,279.387,230.784,231.229,20.025,20.201,3
B,8a09fc9,3,c4e2f6f,50000000,rows/2,2,1,plan,f64 min + max,336.505,304.651,305.671,20.791,20.967,3
B,8a09fc9,3,8a09fc9,50000000,rows/2,1,0,array,f64 min,143.089,132.829,133.144,9.695,9.734,3
B,8a09fc9,3,8a09fc9,50000000,rows/2,1,0,array,f64 max,141.273,131.537,131.792,7.483,7.975,4
B,8a09fc9,3,8a09fc9,50000000,rows/2,1,0,array,f64 min + max,145.991,131.146,131.563,7.604,7.749,4
B,8a09fc9,3,8a09fc9,50000000,rows/2,1,0,array,count (control),134.267,110.409,113.396,8.395,11.019,4
B,8a09fc9,3,8a09fc9,50000000,rows/2,1,0,array,int64 sum (control),174.534,147.083,147.318,8.489,8.668,3
B,8a09fc9,3,8a09fc9,50000000,rows/2,1,0,plan,f64 min,209.737,175.640,176.103,17.422,17.425,3
B,8a09fc9,3,8a09fc9,50000000,rows/2,1,0,plan,f64 max,194.780,176.063,176.148,17.447,17.743,3
B,8a09fc9,3,8a09fc9,50000000,rows/2,1,0,plan,f64 min + max,210.931,175.944,175.994,17.522,17.535,3
B,8a09fc9,3,8a09fc9,50000000,rows/2,1,0,plan,count (control),206.574,163.843,164.011,26.795,26.881,3
B,8a09fc9,3,8a09fc9,50000000,rows/2,1,0,plan,int64 sum (control),260.307,226.382,227.646,53.486,54.275,3
B,8a09fc9,3,8a09fc9,50000000,rows/2,2,0,array,f64 min,159.961,143.390,144.097,10.290,11.188,3
B,8a09fc9,3,8a09fc9,50000000,rows/2,2,0,array,f64 max,158.912,143.538,147.245,10.340,14.191,3
B,8a09fc9,3,8a09fc9,50000000,rows/2,2,0,array,f64 min + max,162.050,144.520,145.404,11.060,13.411,3
B,8a09fc9,3,8a09fc9,50000000,rows/2,2,0,plan,f64 min,225.999,191.101,191.263,19.750,19.776,3
B,8a09fc9,3,8a09fc9,50000000,rows/2,2,0,plan,f64 max,216.199,192.082,192.120,20.025,20.030,3
B,8a09fc9,3,8a09fc9,50000000,rows/2,2,0,plan,f64 min + max,217.799,190.839,191.749,19.900,19.934,3
B,8a09fc9,3,8a09fc9,50000000,rows/2,1,1,array,f64 min,137.336,128.762,128.867,7.725,7.938,4
B,8a09fc9,3,8a09fc9,50000000,rows/2,1,1,array,f64 max,152.722,128.796,129.405,7.928,8.990,4
B,8a09fc9,3,8a09fc9,50000000,rows/2,1,1,array,f64 min + max,137.201,128.793,130.206,7.739,10.351,4
B,8a09fc9,3,8a09fc9,50000000,rows/2,1,1,plan,f64 min,201.533,173.347,173.381,17.505,17.561,3
B,8a09fc9,3,8a09fc9,50000000,rows/2,1,1,plan,f64 max,197.512,172.954,174.001,17.216,17.291,3
B,8a09fc9,3,8a09fc9,50000000,rows/2,1,1,plan,f64 min + max,205.163,173.402,173.482,17.179,17.539,3
B,8a09fc9,3,8a09fc9,50000000,rows/2,2,1,array,f64 min,155.675,142.832,143.936,13.575,13.753,3
B,8a09fc9,3,8a09fc9,50000000,rows/2,2,1,array,f64 max,148.327,141.053,141.081,9.875,9.986,3
B,8a09fc9,3,8a09fc9,50000000,rows/2,2,1,array,f64 min + max,163.748,141.173,141.245,10.098,10.175,3
B,8a09fc9,3,8a09fc9,50000000,rows/2,2,1,plan,f64 min,232.745,189.165,189.530,19.852,19.886,3
B,8a09fc9,3,8a09fc9,50000000,rows/2,2,1,plan,f64 max,223.245,189.334,189.352,19.912,20.070,3
B,8a09fc9,3,8a09fc9,50000000,rows/2,2,1,plan,f64 min + max,229.044,189.696,189.710,19.896,19.966,3
