# ArrowMetal 0.2.0 on Apple M4 Max, polars 1.44.1 (16 threads), pyarrow 25.0.1, best of 5
rows,case,engine,wall_ms,cpu_ms,taken,fallbacks,equal_to_polars,vs_fastest_polars,vs_polars_in_memory,shape,input_rows,rule,groups,groups_estimate,probe_us,row_groups_read_skipped
2000000,(a) filtered sum + count,polars in-memory,0.587,1.1,,,,,,,,,,,,
2000000,(a) filtered sum + count,polars streaming,0.203,1.3,,,,,,,,,,,,
2000000,(a) filtered sum + count,"MetalEngine all, cold",1.516,1.5,Select#3[Select>SimpleProjection>Filter>DataFrameScan],,True,0.13,0.39,aggregate:count+aggregate:sum|numeric|memory,2000000,,,,,
2000000,(a) filtered sum + count,"MetalEngine all, warm",0.788,0.8,Select#3[Select>SimpleProjection>Filter>DataFrameScan],,True,0.26,0.75,aggregate:count+aggregate:sum|numeric|memory,2000000,,,,,
2000000,(a) filtered sum + count,"MetalEngine default, cold",0.804,1.7,,,True,0.25,0.73,,,"Select#3: rule: aggregate:count was not measured ahead of Polars up to 50,000,000 input rows (Benchmarks/results/polars_engine_crossover_2026-09-26-groups.csv) | SimpleProjection#6: rule: rowwise was not measured ahead of Polars up to 50,000,000 input rows (Benchmarks/results/polars_engine_crossover_2026-09-26-groups.csv) | Filter#2: rule: rowwise was not measured ahead of Polars up to 50,000,000 input rows (Benchmarks/results/polars_engine_crossover_2026-09-26-groups.csv)",,,,
2000000,(b) filter + group-by 200 keys + sort desc + limit 10,polars in-memory,3.769,40.3,,,,,,,,,,,,
2000000,(b) filter + group-by 200 keys + sort desc + limit 10,polars streaming,1.587,12.4,,,,,,,,,,,,
2000000,(b) filter + group-by 200 keys + sort desc + limit 10,"MetalEngine all, cold",4.761,4.0,Sort#4[Sort>Filter>GroupBy>Filter>DataFrameScan],,True,0.33,0.79,group_by:count+group_by:sum+top_k|numeric|memory,2000000,,,,,
2000000,(b) filter + group-by 200 keys + sort desc + limit 10,"MetalEngine all, warm",4.522,3.7,Sort#4[Sort>Filter>GroupBy>Filter>DataFrameScan],,True,0.35,0.83,group_by:count+group_by:sum+top_k|numeric|memory,2000000,,,,,
2000000,(b) filter + group-by 200 keys + sort desc + limit 10,"MetalEngine default, cold",3.998,38.7,,,True,0.40,0.94,,,"Sort#4: rule: top_k was not measured ahead of Polars up to 50,000,000 input rows (Benchmarks/results/polars_engine_crossover_2026-09-26-groups.csv) | Filter#5: rule: 2,000,000 input rows is below the 2,824,055-row crossover for group_by:sum at every group count measured (Benchmarks/results/polars_engine_crossover_2026-09-26-groups.csv) | GroupBy#7: rule: 2,000,000 input rows is below the 2,824,055-row crossover for group_by:sum at every group count measured (Benchmarks/results/polars_engine_crossover_2026-09-26-groups.csv) | Filter#1: rule: rowwise was not measured ahead of Polars up to 50,000,000 input rows (Benchmarks/results/polars_engine_crossover_2026-09-26-groups.csv)",,,,
2000000,"(c) group-by (region, sub) mean + max",polars in-memory,7.221,76.8,,,,,,,,,,,,
2000000,"(c) group-by (region, sub) mean + max",polars streaming,5.762,61.8,,,,,,,,,,,,
2000000,"(c) group-by (region, sub) mean + max","MetalEngine all, cold",4.074,3.8,GroupBy#1[GroupBy>DataFrameScan],,True,1.41,1.77,group_by_multi:mean+group_by_multi:minmax|numeric|memory,2000000,,10000,,,
2000000,"(c) group-by (region, sub) mean + max","MetalEngine all, warm",3.408,3.1,GroupBy#1[GroupBy>DataFrameScan],,True,1.69,2.12,group_by_multi:mean+group_by_multi:minmax|numeric|memory,2000000,,10000,,,
2000000,"(c) group-by (region, sub) mean + max","MetalEngine default, cold",7.814,79.5,,,True,0.74,0.92,,,"GroupBy#1: rule: estimated 6,828 groups over (region, sub), a Chao1 estimate from a 512-row sample, 4,531 to 13,518: below the measured band for group_by_multi:minmax at 2,000,000 input rows (taken at 31,623 to 316,227 groups; not every count in the estimate's range is, Benchmarks/results/polars_engine_crossover_2026-09-26-groups.csv)",10000,6828,161,
2000000,(d) projection chain then filter,polars in-memory,5.952,6.0,,,,,,,,,,,,
2000000,(d) projection chain then filter,polars streaming,0.774,7.5,,,,,,,,,,,,
2000000,(d) projection chain then filter,"MetalEngine all, cold",3.023,1.6,Filter#2[Filter>Select>HStack>DataFrameScan],,True,0.26,1.97,rowwise|numeric|memory,2000000,,,,,
2000000,(d) projection chain then filter,"MetalEngine all, warm",2.218,0.9,Filter#2[Filter>Select>HStack>DataFrameScan],,True,0.35,2.68,rowwise|numeric|memory,2000000,,,,,
2000000,(d) projection chain then filter,"MetalEngine default, cold",5.992,6.1,,,True,0.13,0.99,,,"Filter#2: rule: rowwise was not measured ahead of Polars up to 50,000,000 input rows (Benchmarks/results/polars_engine_crossover_2026-09-26-groups.csv) | Select#3: rule: rowwise was not measured ahead of Polars up to 50,000,000 input rows (Benchmarks/results/polars_engine_crossover_2026-09-26-groups.csv) | HStack#6: rule: rowwise was not measured ahead of Polars up to 50,000,000 input rows (Benchmarks/results/polars_engine_crossover_2026-09-26-groups.csv)",,,,
2000000,(e) inner join then sum,polars in-memory,7.610,66.5,,,,,,,,,,,,
2000000,(e) inner join then sum,polars streaming,5.115,56.1,,,,,,,,,,,,
2000000,(e) inner join then sum,"MetalEngine all, cold",4.026,1.9,Select#3[Select>SimpleProjection>Join>DataFrameScan>DataFrameScan],,True,1.27,1.89,aggregate:sum+join:inner|numeric|memory,3000000,,,,,
2000000,(e) inner join then sum,"MetalEngine all, warm",1.956,1.2,Select#3[Select>SimpleProjection>Join>DataFrameScan>DataFrameScan],,True,2.62,3.89,aggregate:sum+join:inner|numeric|memory,3000000,,,,,
2000000,(e) inner join then sum,"MetalEngine default, cold",2.547,4.0,SimpleProjection#5,,True,2.01,2.99,,,"SimpleProjection#5: 3,000,000 input rows is at or above the 1,290,248-row crossover for join:inner (engine table, Benchmarks/results/polars_engine_crossover_2026-09-26-groups.csv) | Select#3: rule: aggregate:sum was not measured ahead of Polars up to 50,000,000 input rows (Benchmarks/results/polars_engine_crossover_2026-09-26-groups.csv)",,,,
2000000,(f) semi join,polars in-memory,1.012,12.8,,,,,,,,,,,,
2000000,(f) semi join,polars streaming,0.705,6.4,,,,,,,,,,,,
2000000,(f) semi join,"MetalEngine all, cold",1.682,1.7,Join#2[Join>DataFrameScan>DataFrameScan],,True,0.42,0.60,join:semi|numeric|memory,2001000,,,,,
2000000,(f) semi join,"MetalEngine all, warm",1.168,1.2,Join#2[Join>DataFrameScan>DataFrameScan],,True,0.60,0.87,join:semi|numeric|memory,2001000,,,,,
2000000,(f) semi join,"MetalEngine default, cold",1.219,13.0,,,True,0.58,0.83,,,"Join#2: rule: join:semi was not measured ahead of Polars up to 51,000,000 input rows (Benchmarks/results/polars_engine_crossover_2026-09-26-groups.csv)",,,,
2000000,(g) row_number over partitions,polars in-memory,14.719,112.4,,,,,,,,,,,,
2000000,(g) row_number over partitions,polars streaming,80.360,185.3,,,,,,,,,,,,
2000000,(g) row_number over partitions,"MetalEngine all, cold",15.383,109.0,,HStack#1: Expression Window has no ArrowMetal translation.,True,0.96,0.96,,,,,,,
2000000,(g) row_number over partitions,"MetalEngine all, warm",14.850,111.3,,HStack#1: Expression Window has no ArrowMetal translation.,True,0.99,0.99,,,,,,,
2000000,(g) row_number over partitions,"MetalEngine default, cold",15.121,111.1,,,True,0.97,0.97,,,,,,,
2000000,(h) as-of join,polars in-memory,6.781,9.8,,,,,,,,,,,,
2000000,(h) as-of join,polars streaming,1.243,9.4,,,,,,,,,,,,
2000000,(h) as-of join,"MetalEngine all, cold",6.793,9.9,,"Join#2: A AsOf join is not translated (inner, left, semi and anti are taken).",True,0.18,1.00,,,,,,,
2000000,(h) as-of join,"MetalEngine all, warm",6.595,10.0,,"Join#2: A AsOf join is not translated (inner, left, semi and anti are taken).",True,0.19,1.03,,,,,,,
2000000,(h) as-of join,"MetalEngine default, cold",6.754,10.8,,,True,0.18,1.00,,,,,,,
2000000,"(i) group-by 1 key, 100 000 groups, sum",polars in-memory,5.255,62.1,,,,,,,,,,,,
2000000,"(i) group-by 1 key, 100 000 groups, sum",polars streaming,3.159,30.5,,,,,,,,,,,,
2000000,"(i) group-by 1 key, 100 000 groups, sum","MetalEngine all, cold",4.041,3.1,GroupBy#1[GroupBy>DataFrameScan],,True,0.78,1.30,group_by:sum|numeric|memory,2000000,,100000,,,
2000000,"(i) group-by 1 key, 100 000 groups, sum","MetalEngine all, warm",3.445,2.4,GroupBy#1[GroupBy>DataFrameScan],,True,0.92,1.53,group_by:sum|numeric|memory,2000000,,100000,,,
2000000,"(i) group-by 1 key, 100 000 groups, sum","MetalEngine default, cold",5.464,64.7,,,True,0.58,0.96,,,"GroupBy#1: rule: 2,000,000 input rows is below the 2,824,055-row crossover for group_by:sum at every group count measured (Benchmarks/results/polars_engine_crossover_2026-09-26-groups.csv)",100000,,,
2000000,"(j) group-by (k1, k2), sum + count",polars in-memory,14.898,184.5,,,,,,,,,,,,
2000000,"(j) group-by (k1, k2), sum + count",polars streaming,8.474,93.0,,,,,,,,,,,,
2000000,"(j) group-by (k1, k2), sum + count","MetalEngine all, cold",15.179,12.6,GroupBy#1[GroupBy>DataFrameScan],,True,0.56,0.98,group_by_multi:count+group_by_multi:sum|numeric|memory,2000000,,1980193,,,
2000000,"(j) group-by (k1, k2), sum + count","MetalEngine all, warm",15.768,12.4,GroupBy#1[GroupBy>DataFrameScan],,True,0.54,0.94,group_by_multi:count+group_by_multi:sum|numeric|memory,2000000,,1980193,,,
2000000,"(j) group-by (k1, k2), sum + count","MetalEngine default, cold",15.994,187.4,,,True,0.53,0.93,,,"GroupBy#1: rule: estimated 2,000,000 groups over (k1, k2), a Chao1 estimate from a 2,048-row sample, 700,757 to 2,000,000: above the measured band for group_by_multi:count at 2,000,000 input rows (taken at 3,163 to 316,227 groups; not every count in the estimate's range is, Benchmarks/results/polars_engine_crossover_2026-09-26-groups.csv)",1980193,2000000,213,
2000000,"(k) group-by (String, int32), sum",polars in-memory,15.848,184.9,,,,,,,,,,,,
2000000,"(k) group-by (String, int32), sum",polars streaming,8.401,91.2,,,,,,,,,,,,
2000000,"(k) group-by (String, int32), sum","MetalEngine all, cold",11.456,10.6,GroupBy#1[GroupBy>DataFrameScan],,True,0.73,1.38,group_by_multi:sum|string|memory,2000000,,864200,,,
2000000,"(k) group-by (String, int32), sum","MetalEngine all, warm",11.286,10.1,GroupBy#1[GroupBy>DataFrameScan],,True,0.74,1.40,group_by_multi:sum|string|memory,2000000,,864200,,,
2000000,"(k) group-by (String, int32), sum","MetalEngine default, cold",16.372,187.7,,,True,0.51,0.97,,,"GroupBy#1: rule: 2,000,000 input rows is below the 7,220,150-row crossover for group_by_multi:sum with a String column at every group count measured (Benchmarks/results/polars_engine_crossover_2026-09-26-groups.csv)",864200,,,
2000000,"(l) group-by (region, sub), Float64 sum + mean",polars in-memory,8.160,89.0,,,,,,,,,,,,
2000000,"(l) group-by (region, sub), Float64 sum + mean",polars streaming,5.911,65.3,,,,,,,,,,,,
2000000,"(l) group-by (region, sub), Float64 sum + mean","MetalEngine all, cold",3.735,3.9,GroupBy#2[GroupBy>HStack>DataFrameScan],,True,1.58,2.18,group_by_multi:mean+group_by_multi:sum|numeric|memory,2000000,,10000,,,
2000000,"(l) group-by (region, sub), Float64 sum + mean","MetalEngine all, warm",3.183,3.3,GroupBy#2[GroupBy>HStack>DataFrameScan],,True,1.86,2.56,group_by_multi:mean+group_by_multi:sum|numeric|memory,2000000,,10000,,,
2000000,"(l) group-by (region, sub), Float64 sum + mean","MetalEngine default, cold",3.913,4.0,GroupBy#2,,True,1.51,2.09,,,"GroupBy#2: 2,000,000 input rows is at or above the 1,620,470-row crossover for group_by_multi:mean at an estimated 6,828 groups over (region, sub), a Chao1 estimate from a 512-row sample, 4,531 to 13,518 (engine table, the 10,000-group bucket, Benchmarks/results/polars_engine_crossover_2026-09-26-groups.csv)",10000,6828,109,
2000000,(m) sort 3 columns by an int64 key,polars in-memory,12.164,143.3,,,,,,,,,,,,
2000000,(m) sort 3 columns by an int64 key,polars streaming,13.743,145.7,,,,,,,,,,,,
2000000,(m) sort 3 columns by an int64 key,"MetalEngine all, cold",2.559,2.1,Sort#2[Sort>DataFrameScan],,True,4.75,4.75,sort|numeric|memory,2000000,,,,,
2000000,(m) sort 3 columns by an int64 key,"MetalEngine all, warm",1.712,1.2,Sort#2[Sort>DataFrameScan],,True,7.11,7.11,sort|numeric|memory,2000000,,,,,
2000000,(m) sort 3 columns by an int64 key,"MetalEngine default, cold",2.552,2.1,Sort#2,,True,4.77,4.77,,,"Sort#2: 2,000,000 input rows is at or above the 1,000,000-row crossover for sort (crossover sweep, argsort int64, argsort float64, lexsort (2 int32 keys), Benchmarks/results/router_2026-09-24.json)",,,,
2000000,"(n) top 100 by Float64, descending",polars in-memory,14.084,14.3,,,,,,,,,,,,
2000000,"(n) top 100 by Float64, descending",polars streaming,1.669,12.4,,,,,,,,,,,,
2000000,"(n) top 100 by Float64, descending","MetalEngine all, cold",4.127,2.6,Sort#3[Sort>Filter>DataFrameScan],,True,0.40,3.41,top_k|numeric|memory,2000000,,,,,
2000000,"(n) top 100 by Float64, descending","MetalEngine all, warm",3.291,1.8,Sort#3[Sort>Filter>DataFrameScan],,True,0.51,4.28,top_k|numeric|memory,2000000,,,,,
2000000,"(n) top 100 by Float64, descending","MetalEngine default, cold",14.222,14.4,,,True,0.12,0.99,,,"Sort#3: rule: top_k was not measured ahead of Polars up to 50,000,000 input rows (Benchmarks/results/polars_engine_crossover_2026-09-26-groups.csv)",,,,
2000000,"(o) sort with a String column, by an int64 key",polars in-memory,13.214,138.1,,,,,,,,,,,,
2000000,"(o) sort with a String column, by an int64 key",polars streaming,16.480,144.5,,,,,,,,,,,,
2000000,"(o) sort with a String column, by an int64 key","MetalEngine all, cold",10.442,9.2,Sort#2[Sort>DataFrameScan],,True,1.27,1.27,sort|string|memory,2000000,,,,,
2000000,"(o) sort with a String column, by an int64 key","MetalEngine all, warm",9.990,8.6,Sort#2[Sort>DataFrameScan],,True,1.32,1.32,sort|string|memory,2000000,,,,,
2000000,"(o) sort with a String column, by an int64 key","MetalEngine default, cold",13.748,145.1,,,True,0.96,0.96,,,"Sort#2: rule: 2,000,000 input rows is below the 5,000,000-row crossover for sort with a String column (engine table, Benchmarks/results/polars_engine_crossover_2026-09-26-groups.csv)",,,,
2000000,"(p) filter, then sort by (int32 asc, nullable Float64 desc)",polars in-memory,22.718,246.3,,,,,,,,,,,,
2000000,"(p) filter, then sort by (int32 asc, nullable Float64 desc)",polars streaming,24.957,263.4,,,,,,,,,,,,
2000000,"(p) filter, then sort by (int32 asc, nullable Float64 desc)","MetalEngine all, cold",16.316,13.8,Sort#3[Sort>HStack>Filter>DataFrameScan],,True,1.39,1.39,sort_helper_keys|string|memory,2000000,,,,,
2000000,"(p) filter, then sort by (int32 asc, nullable Float64 desc)","MetalEngine all, warm",15.563,13.3,Sort#3[Sort>HStack>Filter>DataFrameScan],,True,1.46,1.46,sort_helper_keys|string|memory,2000000,,,,,
2000000,"(p) filter, then sort by (int32 asc, nullable Float64 desc)","MetalEngine default, cold",22.562,245.1,,,True,1.01,1.01,,,"Sort#3: rule: 2,000,000 input rows is below the 5,000,000-row crossover for sort_helper_keys with a String column (engine table, Benchmarks/results/polars_engine_crossover_2026-09-26-groups.csv) | HStack#2: rule: rowwise with a String column was not measured ahead of Polars up to 50,000,000 input rows (Benchmarks/results/polars_engine_crossover_2026-09-26-groups.csv) | Filter#0: rule: rowwise with a String column was not measured ahead of Polars up to 50,000,000 input rows (Benchmarks/results/polars_engine_crossover_2026-09-26-groups.csv)",,,,
2000000,"(q) filter, then sort by (int32 asc, int64 desc)",polars in-memory,14.584,150.8,,,,,,,,,,,,
2000000,"(q) filter, then sort by (int32 asc, int64 desc)",polars streaming,14.904,151.8,,,,,,,,,,,,
2000000,"(q) filter, then sort by (int32 asc, int64 desc)","MetalEngine all, cold",3.963,3.3,Sort#3[Sort>Filter>DataFrameScan],,True,3.68,3.68,sort|numeric|memory,2000000,,,,,
2000000,"(q) filter, then sort by (int32 asc, int64 desc)","MetalEngine all, warm",2.956,2.3,Sort#3[Sort>Filter>DataFrameScan],,True,4.93,4.93,sort|numeric|memory,2000000,,,,,
2000000,"(q) filter, then sort by (int32 asc, int64 desc)","MetalEngine default, cold",4.010,3.4,Sort#3,,True,3.64,3.64,,,"Sort#3: 2,000,000 input rows is at or above the 1,000,000-row crossover for sort (crossover sweep, argsort int64, argsort float64, lexsort (2 int32 keys), Benchmarks/results/router_2026-09-24.json)",,,,
2000000,"(r) unique over (region, sub), keep first",polars in-memory,6.011,54.1,,,,,,,,,,,,
2000000,"(r) unique over (region, sub), keep first",polars streaming,7.699,87.8,,,,,,,,,,,,
2000000,"(r) unique over (region, sub), keep first","MetalEngine all, cold",3.726,3.8,Distinct#1[Distinct>DataFrameScan],,True,1.61,1.61,distinct|numeric|memory,2000000,,,,,
2000000,"(r) unique over (region, sub), keep first","MetalEngine all, warm",2.924,2.8,Distinct#1[Distinct>DataFrameScan],,True,2.06,2.06,distinct|numeric|memory,2000000,,,,,
2000000,"(r) unique over (region, sub), keep first","MetalEngine default, cold",6.264,56.5,,,True,0.96,0.96,,,"Distinct#1: rule: 2,000,000 input rows is below the 3,360,943-row crossover for distinct (engine table, Benchmarks/results/polars_engine_crossover_2026-09-26-groups.csv)",,,,
2000000,(a2) filtered min + max,polars in-memory,0.637,1.8,,,,,,,,,,,,
2000000,(a2) filtered min + max,polars streaming,0.294,1.5,,,,,,,,,,,,
2000000,(a2) filtered min + max,"MetalEngine all, cold",2.361,1.7,Select#3[Select>SimpleProjection>Filter>DataFrameScan],,True,0.12,0.27,aggregate:minmax|numeric|memory,2000000,,,,,
2000000,(a2) filtered min + max,"MetalEngine all, warm",1.638,1.0,Select#3[Select>SimpleProjection>Filter>DataFrameScan],,True,0.18,0.39,aggregate:minmax|numeric|memory,2000000,,,,,
2000000,(a2) filtered min + max,"MetalEngine default, cold",0.886,2.6,,,True,0.33,0.72,,,"Select#3: rule: aggregate:minmax was not measured ahead of Polars up to 50,000,000 input rows (Benchmarks/results/polars_engine_crossover_2026-09-26-groups.csv) | SimpleProjection#6: rule: rowwise was not measured ahead of Polars up to 50,000,000 input rows (Benchmarks/results/polars_engine_crossover_2026-09-26-groups.csv) | Filter#2: rule: rowwise was not measured ahead of Polars up to 50,000,000 input rows (Benchmarks/results/polars_engine_crossover_2026-09-26-groups.csv)",,,,
2000000,(a3) filtered mean,polars in-memory,0.559,1.0,,,,,,,,,,,,
2000000,(a3) filtered mean,polars streaming,0.277,1.4,,,,,,,,,,,,
2000000,(a3) filtered mean,"MetalEngine all, cold",1.616,1.4,Select#3[Select>SimpleProjection>Filter>DataFrameScan],,True,0.17,0.35,aggregate:mean|numeric|memory,2000000,,,,,
2000000,(a3) filtered mean,"MetalEngine all, warm",0.976,0.8,Select#3[Select>SimpleProjection>Filter>DataFrameScan],,True,0.28,0.57,aggregate:mean|numeric|memory,2000000,,,,,
2000000,(a3) filtered mean,"MetalEngine default, cold",0.772,1.4,,,True,0.36,0.72,,,"Select#3: rule: aggregate:mean was not measured ahead of Polars up to 50,000,000 input rows (Benchmarks/results/polars_engine_crossover_2026-09-26-groups.csv) | SimpleProjection#6: rule: rowwise was not measured ahead of Polars up to 50,000,000 input rows (Benchmarks/results/polars_engine_crossover_2026-09-26-groups.csv) | Filter#2: rule: rowwise was not measured ahead of Polars up to 50,000,000 input rows (Benchmarks/results/polars_engine_crossover_2026-09-26-groups.csv)",,,,
2000000,(a4) filtered count,polars in-memory,0.455,1.4,,,,,,,,,,,,
2000000,(a4) filtered count,polars streaming,0.207,0.9,,,,,,,,,,,,
2000000,(a4) filtered count,"MetalEngine all, cold",0.878,1.0,Select#3[Select>DataFrameScan],,True,0.24,0.52,aggregate:sum|numeric|memory,2000000,,,,,
2000000,(a4) filtered count,"MetalEngine all, warm",0.382,0.4,Select#3[Select>DataFrameScan],,True,0.54,1.19,aggregate:sum|numeric|memory,2000000,,,,,
2000000,(a4) filtered count,"MetalEngine default, cold",0.625,1.9,,,True,0.33,0.73,,,"Select#3: rule: aggregate:sum was not measured ahead of Polars up to 50,000,000 input rows (Benchmarks/results/polars_engine_crossover_2026-09-26-groups.csv)",,,,
2000000,"(t1) group-by 1 key, 200 groups, sum",polars in-memory,1.388,11.9,,,,,,,,,,,,
2000000,"(t1) group-by 1 key, 200 groups, sum",polars streaming,1.093,10.2,,,,,,,,,,,,
2000000,"(t1) group-by 1 key, 200 groups, sum","MetalEngine all, cold",2.565,2.6,GroupBy#1[GroupBy>DataFrameScan],,True,0.43,0.54,group_by:sum|numeric|memory,2000000,,200,,,
2000000,"(t1) group-by 1 key, 200 groups, sum","MetalEngine all, warm",2.137,2.1,GroupBy#1[GroupBy>DataFrameScan],,True,0.51,0.65,group_by:sum|numeric|memory,2000000,,200,,,
2000000,"(t1) group-by 1 key, 200 groups, sum","MetalEngine default, cold",1.625,12.4,,,True,0.67,0.85,,,"GroupBy#1: rule: 2,000,000 input rows is below the 2,824,055-row crossover for group_by:sum at every group count measured (Benchmarks/results/polars_engine_crossover_2026-09-26-groups.csv)",200,,,
2000000,"(t2) group-by 1 key, 200 groups, count",polars in-memory,1.494,11.8,,,,,,,,,,,,
2000000,"(t2) group-by 1 key, 200 groups, count",polars streaming,0.992,9.0,,,,,,,,,,,,
2000000,"(t2) group-by 1 key, 200 groups, count","MetalEngine all, cold",3.157,2.3,GroupBy#1[GroupBy>DataFrameScan],,True,0.31,0.47,group_by:count|numeric|memory,2000000,,200,,,
2000000,"(t2) group-by 1 key, 200 groups, count","MetalEngine all, warm",3.089,2.3,GroupBy#1[GroupBy>DataFrameScan],,True,0.32,0.48,group_by:count|numeric|memory,2000000,,200,,,
2000000,"(t2) group-by 1 key, 200 groups, count","MetalEngine default, cold",3.540,33.6,,,True,0.28,0.42,,,"GroupBy#1: rule: 2,000,000 input rows is below the 2,130,975-row crossover for group_by:count at every group count measured (Benchmarks/results/polars_engine_crossover_2026-09-26-groups.csv)",200,,,
2000000,"(t3) group-by 1 key, 200 groups, mean",polars in-memory,1.622,12.6,,,,,,,,,,,,
2000000,"(t3) group-by 1 key, 200 groups, mean",polars streaming,1.218,10.7,,,,,,,,,,,,
2000000,"(t3) group-by 1 key, 200 groups, mean","MetalEngine all, cold",3.623,2.7,GroupBy#1[GroupBy>DataFrameScan],,True,0.34,0.45,group_by:mean|numeric|memory,2000000,,200,,,
2000000,"(t3) group-by 1 key, 200 groups, mean","MetalEngine all, warm",2.291,1.9,GroupBy#1[GroupBy>DataFrameScan],,True,0.53,0.71,group_by:mean|numeric|memory,2000000,,200,,,
2000000,"(t3) group-by 1 key, 200 groups, mean","MetalEngine default, cold",1.721,13.9,,,True,0.71,0.94,,,"GroupBy#1: rule: 2,000,000 input rows is below the 3,019,743-row crossover for group_by:mean at every group count measured (Benchmarks/results/polars_engine_crossover_2026-09-26-groups.csv)",200,,,
2000000,"(t4) group-by 1 key, 200 groups, min + max",polars in-memory,1.605,14.2,,,,,,,,,,,,
2000000,"(t4) group-by 1 key, 200 groups, min + max",polars streaming,1.266,11.4,,,,,,,,,,,,
2000000,"(t4) group-by 1 key, 200 groups, min + max","MetalEngine all, cold",3.507,3.0,GroupBy#1[GroupBy>DataFrameScan],,True,0.36,0.46,group_by:minmax|numeric|memory,2000000,,200,,,
2000000,"(t4) group-by 1 key, 200 groups, min + max","MetalEngine all, warm",3.256,2.5,GroupBy#1[GroupBy>DataFrameScan],,True,0.39,0.49,group_by:minmax|numeric|memory,2000000,,200,,,
2000000,"(t4) group-by 1 key, 200 groups, min + max","MetalEngine default, cold",1.816,15.5,,,True,0.70,0.88,,,"GroupBy#1: rule: estimated 204 groups over (region), a Chao1 estimate from a 512-row sample, 201 to 211: below the measured band for group_by:minmax at 2,000,000 input rows (taken at 3,163 to 31,622 groups; not every count in the estimate's range is, Benchmarks/results/polars_engine_crossover_2026-09-26-groups.csv)",200,204,80,
2000000,"(t5) group-by 1 key, 100 000 groups, count",polars in-memory,5.011,54.5,,,,,,,,,,,,
2000000,"(t5) group-by 1 key, 100 000 groups, count",polars streaming,2.759,26.6,,,,,,,,,,,,
2000000,"(t5) group-by 1 key, 100 000 groups, count","MetalEngine all, cold",3.012,2.5,GroupBy#1[GroupBy>DataFrameScan],,True,0.92,1.66,group_by:count|numeric|memory,2000000,,100000,,,
2000000,"(t5) group-by 1 key, 100 000 groups, count","MetalEngine all, warm",2.792,2.3,GroupBy#1[GroupBy>DataFrameScan],,True,0.99,1.80,group_by:count|numeric|memory,2000000,,100000,,,
2000000,"(t5) group-by 1 key, 100 000 groups, count","MetalEngine default, cold",5.965,50.5,,,True,0.46,0.84,,,"GroupBy#1: rule: 2,000,000 input rows is below the 2,130,975-row crossover for group_by:count at every group count measured (Benchmarks/results/polars_engine_crossover_2026-09-26-groups.csv)",100000,,,
2000000,"(t6) group-by 1 key, 100 000 groups, mean",polars in-memory,6.179,64.3,,,,,,,,,,,,
2000000,"(t6) group-by 1 key, 100 000 groups, mean",polars streaming,3.308,30.9,,,,,,,,,,,,
2000000,"(t6) group-by 1 key, 100 000 groups, mean","MetalEngine all, cold",6.124,3.2,GroupBy#1[GroupBy>DataFrameScan],,True,0.54,1.01,group_by:mean|numeric|memory,2000000,,100000,,,
2000000,"(t6) group-by 1 key, 100 000 groups, mean","MetalEngine all, warm",5.498,2.5,GroupBy#1[GroupBy>DataFrameScan],,True,0.60,1.12,group_by:mean|numeric|memory,2000000,,100000,,,
2000000,"(t6) group-by 1 key, 100 000 groups, mean","MetalEngine default, cold",6.840,67.5,,,True,0.48,0.90,,,"GroupBy#1: rule: 2,000,000 input rows is below the 3,019,743-row crossover for group_by:mean at every group count measured (Benchmarks/results/polars_engine_crossover_2026-09-26-groups.csv)",100000,,,
2000000,"(t7) group-by 1 key, 100 000 groups, min + max",polars in-memory,6.771,64.9,,,,,,,,,,,,
2000000,"(t7) group-by 1 key, 100 000 groups, min + max",polars streaming,3.680,33.3,,,,,,,,,,,,
2000000,"(t7) group-by 1 key, 100 000 groups, min + max","MetalEngine all, cold",2.789,2.7,GroupBy#1[GroupBy>DataFrameScan],,True,1.32,2.43,group_by:minmax|numeric|memory,2000000,,100000,,,
2000000,"(t7) group-by 1 key, 100 000 groups, min + max","MetalEngine all, warm",2.099,2.0,GroupBy#1[GroupBy>DataFrameScan],,True,1.75,3.23,group_by:minmax|numeric|memory,2000000,,100000,,,
2000000,"(t7) group-by 1 key, 100 000 groups, min + max","MetalEngine default, cold",7.514,67.2,,,True,0.49,0.90,,,"GroupBy#1: rule: estimated 81,984 groups over (k1), a Chao1 estimate from a 2,048-row sample, 56,348 to 142,778: above the measured band for group_by:minmax at 2,000,000 input rows (taken at 3,163 to 31,622 groups; not every count in the estimate's range is, Benchmarks/results/polars_engine_crossover_2026-09-26-groups.csv)",100000,81984,110,
2000000,"(v1) group-by (region, sub), sum",polars in-memory,7.192,65.3,,,,,,,,,,,,
2000000,"(v1) group-by (region, sub), sum",polars streaming,5.317,57.5,,,,,,,,,,,,
2000000,"(v1) group-by (region, sub), sum","MetalEngine all, cold",4.368,3.8,GroupBy#1[GroupBy>DataFrameScan],,True,1.22,1.65,group_by_multi:sum|numeric|memory,2000000,,10000,,,
2000000,"(v1) group-by (region, sub), sum","MetalEngine all, warm",3.582,2.9,GroupBy#1[GroupBy>DataFrameScan],,True,1.48,2.01,group_by_multi:sum|numeric|memory,2000000,,10000,,,
2000000,"(v1) group-by (region, sub), sum","MetalEngine default, cold",4.413,3.8,GroupBy#1,,True,1.20,1.63,,,"GroupBy#1: 2,000,000 input rows is at or above the 1,291,465-row crossover for group_by_multi:sum at an estimated 6,828 groups over (region, sub), a Chao1 estimate from a 512-row sample, 4,531 to 13,518 (engine table, the 10,000-group bucket, Benchmarks/results/polars_engine_crossover_2026-09-26-groups.csv)",10000,6828,93,
2000000,"(v2) group-by (region, sub), count",polars in-memory,6.369,60.7,,,,,,,,,,,,
2000000,"(v2) group-by (region, sub), count",polars streaming,5.011,54.4,,,,,,,,,,,,
2000000,"(v2) group-by (region, sub), count","MetalEngine all, cold",3.269,3.2,GroupBy#1[GroupBy>DataFrameScan],,True,1.53,1.95,group_by_multi:count|numeric|memory,2000000,,10000,,,
2000000,"(v2) group-by (region, sub), count","MetalEngine all, warm",2.943,2.8,GroupBy#1[GroupBy>DataFrameScan],,True,1.70,2.16,group_by_multi:count|numeric|memory,2000000,,10000,,,
2000000,"(v2) group-by (region, sub), count","MetalEngine default, cold",3.577,3.6,GroupBy#1,,True,1.40,1.78,,,"GroupBy#1: 2,000,000 input rows is at or above the 736,547-row crossover for group_by_multi:count at an estimated 6,828 groups over (region, sub), a Chao1 estimate from a 512-row sample, 4,531 to 13,518 (engine table, the 10,000-group bucket, Benchmarks/results/polars_engine_crossover_2026-09-26-groups.csv)",10000,6828,106,
2000000,"(v3) group-by (k1, k2), mean",polars in-memory,17.385,201.5,,,,,,,,,,,,
2000000,"(v3) group-by (k1, k2), mean",polars streaming,8.262,85.4,,,,,,,,,,,,
2000000,"(v3) group-by (k1, k2), mean","MetalEngine all, cold",42.254,9.2,GroupBy#1[GroupBy>DataFrameScan],,True,0.20,0.41,group_by_multi:mean|numeric|memory,2000000,,1980193,,,
2000000,"(v3) group-by (k1, k2), mean","MetalEngine all, warm",41.762,8.6,GroupBy#1[GroupBy>DataFrameScan],,True,0.20,0.42,group_by_multi:mean|numeric|memory,2000000,,1980193,,,
2000000,"(v3) group-by (k1, k2), mean","MetalEngine default, cold",18.869,195.4,,,True,0.44,0.92,,,"GroupBy#1: rule: estimated 131,328 groups over (k1, k2), a Chao1 estimate from a 512-row sample, 44,117 to 2,000,000: above the measured band for group_by_multi:mean at 2,000,000 input rows (taken at 3,163 to 31,622 groups; not every count in the estimate's range is, Benchmarks/results/polars_engine_crossover_2026-09-26-groups.csv)",1980193,131328,108,
2000000,"(v4) group-by (k1, k2), min + max",polars in-memory,19.330,195.5,,,,,,,,,,,,
2000000,"(v4) group-by (k1, k2), min + max",polars streaming,8.585,93.2,,,,,,,,,,,,
2000000,"(v4) group-by (k1, k2), min + max","MetalEngine all, cold",12.713,8.8,GroupBy#1[GroupBy>DataFrameScan],,True,0.68,1.52,group_by_multi:minmax|numeric|memory,2000000,,1980193,,,
2000000,"(v4) group-by (k1, k2), min + max","MetalEngine all, warm",12.355,8.2,GroupBy#1[GroupBy>DataFrameScan],,True,0.69,1.56,group_by_multi:minmax|numeric|memory,2000000,,1980193,,,
2000000,"(v4) group-by (k1, k2), min + max","MetalEngine default, cold",20.434,218.4,,,True,0.42,0.95,,,"GroupBy#1: rule: estimated 2,000,000 groups over (k1, k2), a Chao1 estimate from a 2,048-row sample, 700,757 to 2,000,000: above the measured band for group_by_multi:minmax at 2,000,000 input rows (taken at 31,623 to 316,227 groups; not every count in the estimate's range is, Benchmarks/results/polars_engine_crossover_2026-09-26-groups.csv)",1980193,2000000,160,
2000000,"(w1) inner join, 1M-row build side",polars in-memory,7.732,53.5,,,,,,,,,,,,
2000000,"(w1) inner join, 1M-row build side",polars streaming,5.492,59.2,,,,,,,,,,,,
2000000,"(w1) inner join, 1M-row build side","MetalEngine all, cold",2.437,1.8,Join#2[Join>DataFrameScan>DataFrameScan],,True,2.25,3.17,join:inner|numeric|memory,3000000,,,,,
2000000,"(w1) inner join, 1M-row build side","MetalEngine all, warm",1.614,1.0,Join#2[Join>DataFrameScan>DataFrameScan],,True,3.40,4.79,join:inner|numeric|memory,3000000,,,,,
2000000,"(w1) inner join, 1M-row build side","MetalEngine default, cold",2.532,1.9,Join#2,,True,2.17,3.05,,,"Join#2: 3,000,000 input rows is at or above the 1,290,248-row crossover for join:inner (engine table, Benchmarks/results/polars_engine_crossover_2026-09-26-groups.csv)",,,,
2000000,"(w2) left join, 1M-row build side",polars in-memory,10.723,73.4,,,,,,,,,,,,
2000000,"(w2) left join, 1M-row build side",polars streaming,6.191,66.5,,,,,,,,,,,,
2000000,"(w2) left join, 1M-row build side","MetalEngine all, cold",2.720,2.1,Join#2[Join>DataFrameScan>DataFrameScan],,True,2.28,3.94,join:left|numeric|memory,3000000,,,,,
2000000,"(w2) left join, 1M-row build side","MetalEngine all, warm",2.005,1.4,Join#2[Join>DataFrameScan>DataFrameScan],,True,3.09,5.35,join:left|numeric|memory,3000000,,,,,
2000000,"(w2) left join, 1M-row build side","MetalEngine default, cold",2.880,2.3,Join#2,,True,2.15,3.72,,,"Join#2: 3,000,000 input rows is at or above the 1,250,000-row crossover for join:left (engine table, Benchmarks/results/polars_engine_crossover_2026-09-26-groups.csv)",,,,
2000000,"(w3) semi join, 1M-row build side",polars in-memory,7.814,72.5,,,,,,,,,,,,
2000000,"(w3) semi join, 1M-row build side",polars streaming,4.029,42.6,,,,,,,,,,,,
2000000,"(w3) semi join, 1M-row build side","MetalEngine all, cold",2.739,2.1,Join#2[Join>DataFrameScan>DataFrameScan],,True,1.47,2.85,join:semi|numeric|memory,3000000,,,,,
2000000,"(w3) semi join, 1M-row build side","MetalEngine all, warm",1.793,1.4,Join#2[Join>DataFrameScan>DataFrameScan],,True,2.25,4.36,join:semi|numeric|memory,3000000,,,,,
2000000,"(w3) semi join, 1M-row build side","MetalEngine default, cold",7.813,73.8,,,True,0.52,1.00,,,"Join#2: rule: join:semi was not measured ahead of Polars up to 51,000,000 input rows (Benchmarks/results/polars_engine_crossover_2026-09-26-groups.csv)",,,,
2000000,"(w4) anti join, 1M-row build side",polars in-memory,7.452,66.1,,,,,,,,,,,,
2000000,"(w4) anti join, 1M-row build side",polars streaming,4.019,42.1,,,,,,,,,,,,
2000000,"(w4) anti join, 1M-row build side","MetalEngine all, cold",2.465,2.0,Join#2[Join>DataFrameScan>DataFrameScan],,True,1.63,3.02,join:anti|numeric|memory,3000000,,,,,
2000000,"(w4) anti join, 1M-row build side","MetalEngine all, warm",1.870,1.4,Join#2[Join>DataFrameScan>DataFrameScan],,True,2.15,3.99,join:anti|numeric|memory,3000000,,,,,
2000000,"(w4) anti join, 1M-row build side","MetalEngine default, cold",2.507,2.1,Join#2,,True,1.60,2.97,,,"Join#2: 3,000,000 input rows is at or above the 2,515,388-row crossover for join:anti (engine table, Benchmarks/results/polars_engine_crossover_2026-09-26-groups.csv)",,,,
2000000,"(x1) unique over (k1, k2), keep first",polars in-memory,17.933,152.6,,,,,,,,,,,,
2000000,"(x1) unique over (k1, k2), keep first",polars streaming,9.902,105.4,,,,,,,,,,,,
2000000,"(x1) unique over (k1, k2), keep first","MetalEngine all, cold",10.548,9.1,Distinct#2[Distinct>DataFrameScan],,True,0.94,1.70,distinct|numeric|memory,2000000,,,,,
2000000,"(x1) unique over (k1, k2), keep first","MetalEngine all, warm",11.039,8.7,Distinct#2[Distinct>DataFrameScan],,True,0.90,1.62,distinct|numeric|memory,2000000,,,,,
2000000,"(x1) unique over (k1, k2), keep first","MetalEngine default, cold",18.359,158.1,,,True,0.54,0.98,,,"Distinct#2: rule: 2,000,000 input rows is below the 3,360,943-row crossover for distinct (engine table, Benchmarks/results/polars_engine_crossover_2026-09-26-groups.csv)",,,,
2000000,"(x2) sort by a nullable Float64 key, descending",polars in-memory,18.717,203.6,,,,,,,,,,,,
2000000,"(x2) sort by a nullable Float64 key, descending",polars streaming,20.065,203.3,,,,,,,,,,,,
2000000,"(x2) sort by a nullable Float64 key, descending","MetalEngine all, cold",6.748,4.7,Sort#2[Sort>Select>DataFrameScan],,True,2.77,2.77,sort_helper_keys|numeric|memory,2000000,,,,,
2000000,"(x2) sort by a nullable Float64 key, descending","MetalEngine all, warm",5.650,3.6,Sort#2[Sort>Select>DataFrameScan],,True,3.31,3.31,sort_helper_keys|numeric|memory,2000000,,,,,
2000000,"(x2) sort by a nullable Float64 key, descending","MetalEngine default, cold",7.199,4.9,Sort#2,,True,2.60,2.60,,,"Sort#2: 2,000,000 input rows is at or above the 1,000,000-row crossover for sort_helper_keys (crossover sweep, argsort int64, argsort float64, lexsort (2 int32 keys), Benchmarks/results/router_2026-09-24.json)",,,,
2000000,(x3) top 100 by an int64 key,polars in-memory,14.754,14.9,,,,,,,,,,,,
2000000,(x3) top 100 by an int64 key,polars streaming,1.659,12.7,,,,,,,,,,,,
2000000,(x3) top 100 by an int64 key,"MetalEngine all, cold",3.747,3.5,Sort#3[Sort>Filter>DataFrameScan],,True,0.44,3.94,top_k|numeric|memory,2000000,,,,,
2000000,(x3) top 100 by an int64 key,"MetalEngine all, warm",3.177,2.8,Sort#3[Sort>Filter>DataFrameScan],,True,0.52,4.64,top_k|numeric|memory,2000000,,,,,
2000000,(x3) top 100 by an int64 key,"MetalEngine default, cold",14.850,15.1,,,True,0.11,0.99,,,"Sort#3: rule: top_k was not measured ahead of Polars up to 50,000,000 input rows (Benchmarks/results/polars_engine_crossover_2026-09-26-groups.csv)",,,,
2000000,"(y1) group-by a String key (1000 values), sum",polars in-memory,6.224,59.4,,,,,,,,,,,,
2000000,"(y1) group-by a String key (1000 values), sum",polars streaming,1.779,17.9,,,,,,,,,,,,
2000000,"(y1) group-by a String key (1000 values), sum","MetalEngine all, cold",4.470,5.0,GroupBy#1[GroupBy>DataFrameScan],,True,0.40,1.39,group_by:sum|string|memory,2000000,,1000,,,
2000000,"(y1) group-by a String key (1000 values), sum","MetalEngine all, warm",7.181,5.3,GroupBy#1[GroupBy>DataFrameScan],,True,0.25,0.87,group_by:sum|string|memory,2000000,,1000,,,
2000000,"(y1) group-by a String key (1000 values), sum","MetalEngine default, cold",6.568,58.9,,,True,0.27,0.95,,,"GroupBy#1: rule: group_by:sum with a String column was not measured ahead of Polars at any group count (group_by:sum with a String column was not measured ahead of Polars up to 50,000,000 input rows (Benchmarks/results/polars_engine_crossover_2026-09-26-groups.csv))",1000,,,
2000000,(y2) filter by a String equality,polars in-memory,0.905,1.0,,,,,,,,,,,,
2000000,(y2) filter by a String equality,polars streaming,0.270,1.6,,,,,,,,,,,,
2000000,(y2) filter by a String equality,"MetalEngine all, cold",2.386,2.2,Filter#2[Filter>DataFrameScan],,True,0.11,0.38,rowwise|string|memory,2000000,,,,,
2000000,(y2) filter by a String equality,"MetalEngine all, warm",1.999,1.9,Filter#2[Filter>DataFrameScan],,True,0.13,0.45,rowwise|string|memory,2000000,,,,,
2000000,(y2) filter by a String equality,"MetalEngine default, cold",1.038,1.2,,,True,0.26,0.87,,,"Filter#2: rule: rowwise with a String column was not measured ahead of Polars up to 50,000,000 input rows (Benchmarks/results/polars_engine_crossover_2026-09-26-groups.csv)",,,,
2000000,"(y3) filter by a String prefix, then sum",polars in-memory,6.941,7.2,,,,,,,,,,,,
2000000,"(y3) filter by a String prefix, then sum",polars streaming,0.849,8.8,,,,,,,,,,,,
2000000,"(y3) filter by a String prefix, then sum","MetalEngine all, cold",2.116,1.8,Select#2[Select>SimpleProjection>Filter>DataFrameScan],,True,0.40,3.28,aggregate:sum|string|memory,2000000,,,,,
2000000,"(y3) filter by a String prefix, then sum","MetalEngine all, warm",1.645,1.4,Select#2[Select>SimpleProjection>Filter>DataFrameScan],,True,0.52,4.22,aggregate:sum|string|memory,2000000,,,,,
2000000,"(y3) filter by a String prefix, then sum","MetalEngine default, cold",7.191,7.5,,,True,0.12,0.97,,,"Select#2: rule: aggregate:sum with a String column was not measured ahead of Polars up to 50,000,000 input rows (Benchmarks/results/polars_engine_crossover_2026-09-26-groups.csv) | SimpleProjection#5: rule: rowwise with a String column was not measured ahead of Polars up to 50,000,000 input rows (Benchmarks/results/polars_engine_crossover_2026-09-26-groups.csv) | Filter#1: rule: rowwise with a String column was not measured ahead of Polars up to 50,000,000 input rows (Benchmarks/results/polars_engine_crossover_2026-09-26-groups.csv)",,,,
2000000,(y4) inner join on a String key,polars in-memory,5.108,46.4,,,,,,,,,,,,
2000000,(y4) inner join on a String key,polars streaming,3.016,32.5,,,,,,,,,,,,
2000000,(y4) inner join on a String key,"MetalEngine all, cold",13.484,11.4,Join#3[Join>DataFrameScan>DataFrameScan],,True,0.22,0.38,join:inner|string|memory,2000500,,,,,
2000000,(y4) inner join on a String key,"MetalEngine all, warm",13.087,11.0,Join#3[Join>DataFrameScan>DataFrameScan],,True,0.23,0.39,join:inner|string|memory,2000500,,,,,
2000000,(y4) inner join on a String key,"MetalEngine default, cold",5.255,46.1,,,True,0.57,0.97,,,"Join#3: rule: join:inner with a String column was not measured ahead of Polars up to 50,000,500 input rows (Benchmarks/results/polars_engine_crossover_2026-09-26-groups.csv)",,,,
2000000,"(y5) unique over (String, int32), keep first",polars in-memory,17.174,150.6,,,,,,,,,,,,
2000000,"(y5) unique over (String, int32), keep first",polars streaming,11.341,121.7,,,,,,,,,,,,
2000000,"(y5) unique over (String, int32), keep first","MetalEngine all, cold",10.506,10.4,Distinct#2[Distinct>DataFrameScan],,True,1.08,1.63,distinct|string|memory,2000000,,,,,
2000000,"(y5) unique over (String, int32), keep first","MetalEngine all, warm",10.128,9.7,Distinct#2[Distinct>DataFrameScan],,True,1.12,1.70,distinct|string|memory,2000000,,,,,
2000000,"(y5) unique over (String, int32), keep first","MetalEngine default, cold",17.363,151.1,,,True,0.65,0.99,,,"Distinct#2: rule: 2,000,000 input rows is below the 5,000,000-row crossover for distinct with a String column (engine table, Benchmarks/results/polars_engine_crossover_2026-09-26-groups.csv)",,,,
2000000,(y6) top 100 by an int64 key with a String column,polars in-memory,14.661,14.8,,,,,,,,,,,,
2000000,(y6) top 100 by an int64 key with a String column,polars streaming,1.762,13.8,,,,,,,,,,,,
2000000,(y6) top 100 by an int64 key with a String column,"MetalEngine all, cold",4.745,4.2,Sort#3[Sort>Filter>DataFrameScan],,True,0.37,3.09,top_k|string|memory,2000000,,,,,
2000000,(y6) top 100 by an int64 key with a String column,"MetalEngine all, warm",4.511,4.0,Sort#3[Sort>Filter>DataFrameScan],,True,0.39,3.25,top_k|string|memory,2000000,,,,,
2000000,(y6) top 100 by an int64 key with a String column,"MetalEngine default, cold",14.799,14.9,,,True,0.12,0.99,,,"Sort#3: rule: top_k with a String column was not measured ahead of Polars up to 50,000,000 input rows (Benchmarks/results/polars_engine_crossover_2026-09-26-groups.csv)",,,,
2000000,"(g1sum200) group-by grid, 1 key, 200 groups, sum",polars in-memory,1.482,11.8,,,,,,,,,,,,
2000000,"(g1sum200) group-by grid, 1 key, 200 groups, sum",polars streaming,1.039,9.5,,,,,,,,,,,,
2000000,"(g1sum200) group-by grid, 1 key, 200 groups, sum","MetalEngine all, cold",4.134,3.0,GroupBy#1[GroupBy>DataFrameScan],,True,0.25,0.36,group_by:sum|numeric|memory,2000000,,200,,,
2000000,"(g1sum200) group-by grid, 1 key, 200 groups, sum","MetalEngine all, warm",1.662,1.9,GroupBy#1[GroupBy>DataFrameScan],,True,0.62,0.89,group_by:sum|numeric|memory,2000000,,200,,,
2000000,"(g1sum200) group-by grid, 1 key, 200 groups, sum","MetalEngine default, cold",1.711,13.1,,,True,0.61,0.87,,,"GroupBy#1: rule: 2,000,000 input rows is below the 2,824,055-row crossover for group_by:sum at every group count measured (Benchmarks/results/polars_engine_crossover_2026-09-26-groups.csv)",200,,,
2000000,"(g2sum200) group-by grid, 2 keys, 200 groups, sum",polars in-memory,2.719,27.0,,,,,,,,,,,,
2000000,"(g2sum200) group-by grid, 2 keys, 200 groups, sum",polars streaming,2.229,24.1,,,,,,,,,,,,
2000000,"(g2sum200) group-by grid, 2 keys, 200 groups, sum","MetalEngine all, cold",4.817,3.9,GroupBy#1[GroupBy>DataFrameScan],,True,0.46,0.56,group_by_multi:sum|numeric|memory,2000000,,200,,,
2000000,"(g2sum200) group-by grid, 2 keys, 200 groups, sum","MetalEngine all, warm",2.164,2.5,GroupBy#1[GroupBy>DataFrameScan],,True,1.03,1.26,group_by_multi:sum|numeric|memory,2000000,,200,,,
2000000,"(g2sum200) group-by grid, 2 keys, 200 groups, sum","MetalEngine default, cold",3.210,29.7,,,True,0.69,0.85,,,"GroupBy#1: rule: estimated 203 groups over (k1, k2), a Chao1 estimate from a 512-row sample, 198 to 210: below the measured band for group_by_multi:sum at 2,000,000 input rows (taken at 3,163 to 316,227 groups; not every count in the estimate's range is, Benchmarks/results/polars_engine_crossover_2026-09-26-groups.csv)",200,203,101,
2000000,"(g1count200) group-by grid, 1 key, 200 groups, count",polars in-memory,1.259,11.2,,,,,,,,,,,,
2000000,"(g1count200) group-by grid, 1 key, 200 groups, count",polars streaming,1.053,8.7,,,,,,,,,,,,
2000000,"(g1count200) group-by grid, 1 key, 200 groups, count","MetalEngine all, cold",3.266,2.5,GroupBy#1[GroupBy>DataFrameScan],,True,0.32,0.39,group_by:count|numeric|memory,2000000,,200,,,
2000000,"(g1count200) group-by grid, 1 key, 200 groups, count","MetalEngine all, warm",3.150,2.3,GroupBy#1[GroupBy>DataFrameScan],,True,0.33,0.40,group_by:count|numeric|memory,2000000,,200,,,
2000000,"(g1count200) group-by grid, 1 key, 200 groups, count","MetalEngine default, cold",1.422,11.0,,,True,0.74,0.88,,,"GroupBy#1: rule: 2,000,000 input rows is below the 2,130,975-row crossover for group_by:count at every group count measured (Benchmarks/results/polars_engine_crossover_2026-09-26-groups.csv)",200,,,
2000000,"(g2count200) group-by grid, 2 keys, 200 groups, count",polars in-memory,2.668,26.8,,,,,,,,,,,,
2000000,"(g2count200) group-by grid, 2 keys, 200 groups, count",polars streaming,2.313,24.5,,,,,,,,,,,,
2000000,"(g2count200) group-by grid, 2 keys, 200 groups, count","MetalEngine all, cold",3.902,3.3,GroupBy#1[GroupBy>DataFrameScan],,True,0.59,0.68,group_by_multi:count|numeric|memory,2000000,,200,,,
2000000,"(g2count200) group-by grid, 2 keys, 200 groups, count","MetalEngine all, warm",3.600,2.9,GroupBy#1[GroupBy>DataFrameScan],,True,0.64,0.74,group_by_multi:count|numeric|memory,2000000,,200,,,
2000000,"(g2count200) group-by grid, 2 keys, 200 groups, count","MetalEngine default, cold",2.954,27.3,,,True,0.78,0.90,,,"GroupBy#1: rule: estimated 203 groups over (k1, k2), a Chao1 estimate from a 512-row sample, 198 to 210: below the measured band for group_by_multi:count at 2,000,000 input rows (taken at 3,163 to 316,227 groups; not every count in the estimate's range is, Benchmarks/results/polars_engine_crossover_2026-09-26-groups.csv)",200,203,91,
2000000,"(g1mean200) group-by grid, 1 key, 200 groups, mean",polars in-memory,1.458,13.5,,,,,,,,,,,,
2000000,"(g1mean200) group-by grid, 1 key, 200 groups, mean",polars streaming,1.109,9.8,,,,,,,,,,,,
2000000,"(g1mean200) group-by grid, 1 key, 200 groups, mean","MetalEngine all, cold",2.959,2.6,GroupBy#1[GroupBy>DataFrameScan],,True,0.37,0.49,group_by:mean|numeric|memory,2000000,,200,,,
2000000,"(g1mean200) group-by grid, 1 key, 200 groups, mean","MetalEngine all, warm",2.439,2.1,GroupBy#1[GroupBy>DataFrameScan],,True,0.45,0.60,group_by:mean|numeric|memory,2000000,,200,,,
2000000,"(g1mean200) group-by grid, 1 key, 200 groups, mean","MetalEngine default, cold",1.676,13.5,,,True,0.66,0.87,,,"GroupBy#1: rule: 2,000,000 input rows is below the 3,019,743-row crossover for group_by:mean at every group count measured (Benchmarks/results/polars_engine_crossover_2026-09-26-groups.csv)",200,,,
2000000,"(g2mean200) group-by grid, 2 keys, 200 groups, mean",polars in-memory,2.583,26.6,,,,,,,,,,,,
2000000,"(g2mean200) group-by grid, 2 keys, 200 groups, mean",polars streaming,2.330,24.8,,,,,,,,,,,,
2000000,"(g2mean200) group-by grid, 2 keys, 200 groups, mean","MetalEngine all, cold",3.460,3.4,GroupBy#1[GroupBy>DataFrameScan],,True,0.67,0.75,group_by_multi:mean|numeric|memory,2000000,,200,,,
2000000,"(g2mean200) group-by grid, 2 keys, 200 groups, mean","MetalEngine all, warm",2.627,2.5,GroupBy#1[GroupBy>DataFrameScan],,True,0.89,0.98,group_by_multi:mean|numeric|memory,2000000,,200,,,
2000000,"(g2mean200) group-by grid, 2 keys, 200 groups, mean","MetalEngine default, cold",3.010,27.8,,,True,0.77,0.86,,,"GroupBy#1: rule: estimated 203 groups over (k1, k2), a Chao1 estimate from a 512-row sample, 198 to 210: below the measured band for group_by_multi:mean at 2,000,000 input rows (taken at 3,163 to 31,622 groups; not every count in the estimate's range is, Benchmarks/results/polars_engine_crossover_2026-09-26-groups.csv)",200,203,96,
2000000,"(g1minmax200) group-by grid, 1 key, 200 groups, min + max",polars in-memory,4.355,43.1,,,,,,,,,,,,
2000000,"(g1minmax200) group-by grid, 1 key, 200 groups, min + max",polars streaming,1.340,12.4,,,,,,,,,,,,
2000000,"(g1minmax200) group-by grid, 1 key, 200 groups, min + max","MetalEngine all, cold",3.781,3.0,GroupBy#1[GroupBy>DataFrameScan],,True,0.35,1.15,group_by:minmax|numeric|memory,2000000,,200,,,
2000000,"(g1minmax200) group-by grid, 1 key, 200 groups, min + max","MetalEngine all, warm",3.447,2.6,GroupBy#1[GroupBy>DataFrameScan],,True,0.39,1.26,group_by:minmax|numeric|memory,2000000,,200,,,
2000000,"(g1minmax200) group-by grid, 1 key, 200 groups, min + max","MetalEngine default, cold",2.125,15.4,,,True,0.63,2.05,,,"GroupBy#1: rule: estimated 199 groups over (k), a Chao1 estimate from a 512-row sample, 194 to 206: below the measured band for group_by:minmax at 2,000,000 input rows (taken at 3,163 to 31,622 groups; not every count in the estimate's range is, Benchmarks/results/polars_engine_crossover_2026-09-26-groups.csv)",200,199,68,
2000000,"(g2minmax200) group-by grid, 2 keys, 200 groups, min + max",polars in-memory,3.092,32.0,,,,,,,,,,,,
2000000,"(g2minmax200) group-by grid, 2 keys, 200 groups, min + max",polars streaming,2.489,27.4,,,,,,,,,,,,
2000000,"(g2minmax200) group-by grid, 2 keys, 200 groups, min + max","MetalEngine all, cold",4.502,3.9,GroupBy#1[GroupBy>DataFrameScan],,True,0.55,0.69,group_by_multi:minmax|numeric|memory,2000000,,200,,,
2000000,"(g2minmax200) group-by grid, 2 keys, 200 groups, min + max","MetalEngine all, warm",3.842,3.3,GroupBy#1[GroupBy>DataFrameScan],,True,0.65,0.80,group_by_multi:minmax|numeric|memory,2000000,,200,,,
2000000,"(g2minmax200) group-by grid, 2 keys, 200 groups, min + max","MetalEngine default, cold",3.320,32.1,,,True,0.75,0.93,,,"GroupBy#1: rule: estimated 203 groups over (k1, k2), a Chao1 estimate from a 512-row sample, 198 to 210: below the measured band for group_by_multi:minmax at 2,000,000 input rows (taken at 31,623 to 316,227 groups; not every count in the estimate's range is, Benchmarks/results/polars_engine_crossover_2026-09-26-groups.csv)",200,203,85,
2000000,"(g1sum1k) group-by grid, 1 key, 1 000 groups, sum",polars in-memory,4.390,43.2,,,,,,,,,,,,
2000000,"(g1sum1k) group-by grid, 1 key, 1 000 groups, sum",polars streaming,1.182,11.0,,,,,,,,,,,,
2000000,"(g1sum1k) group-by grid, 1 key, 1 000 groups, sum","MetalEngine all, cold",3.891,2.9,GroupBy#1[GroupBy>DataFrameScan],,True,0.30,1.13,group_by:sum|numeric|memory,2000000,,1000,,,
2000000,"(g1sum1k) group-by grid, 1 key, 1 000 groups, sum","MetalEngine all, warm",1.692,1.9,GroupBy#1[GroupBy>DataFrameScan],,True,0.70,2.59,group_by:sum|numeric|memory,2000000,,1000,,,
2000000,"(g1sum1k) group-by grid, 1 key, 1 000 groups, sum","MetalEngine default, cold",4.239,40.7,,,True,0.28,1.04,,,"GroupBy#1: rule: 2,000,000 input rows is below the 2,824,055-row crossover for group_by:sum at every group count measured (Benchmarks/results/polars_engine_crossover_2026-09-26-groups.csv)",1000,,,
2000000,"(g2sum1k) group-by grid, 2 keys, 1 000 groups, sum",polars in-memory,6.532,61.8,,,,,,,,,,,,
2000000,"(g2sum1k) group-by grid, 2 keys, 1 000 groups, sum",polars streaming,2.603,28.0,,,,,,,,,,,,
2000000,"(g2sum1k) group-by grid, 2 keys, 1 000 groups, sum","MetalEngine all, cold",4.464,3.6,GroupBy#1[GroupBy>DataFrameScan],,True,0.58,1.46,group_by_multi:sum|numeric|memory,2000000,,1000,,,
2000000,"(g2sum1k) group-by grid, 2 keys, 1 000 groups, sum","MetalEngine all, warm",3.882,3.0,GroupBy#1[GroupBy>DataFrameScan],,True,0.67,1.68,group_by_multi:sum|numeric|memory,2000000,,1000,,,
2000000,"(g2sum1k) group-by grid, 2 keys, 1 000 groups, sum","MetalEngine default, cold",6.526,62.4,,,True,0.40,1.00,,,"GroupBy#1: rule: estimated 925 groups over (k1, k2), a Chao1 estimate from a 512-row sample, 821 to 1,083: below the measured band for group_by_multi:sum at 2,000,000 input rows (taken at 3,163 to 316,227 groups; not every count in the estimate's range is, Benchmarks/results/polars_engine_crossover_2026-09-26-groups.csv)",1000,925,93,
2000000,"(g1count1k) group-by grid, 1 key, 1 000 groups, count",polars in-memory,3.813,34.7,,,,,,,,,,,,
2000000,"(g1count1k) group-by grid, 1 key, 1 000 groups, count",polars streaming,1.131,10.0,,,,,,,,,,,,
2000000,"(g1count1k) group-by grid, 1 key, 1 000 groups, count","MetalEngine all, cold",3.415,2.6,GroupBy#1[GroupBy>DataFrameScan],,True,0.33,1.12,group_by:count|numeric|memory,2000000,,1000,,,
2000000,"(g1count1k) group-by grid, 1 key, 1 000 groups, count","MetalEngine all, warm",3.132,2.3,GroupBy#1[GroupBy>DataFrameScan],,True,0.36,1.22,group_by:count|numeric|memory,2000000,,1000,,,
2000000,"(g1count1k) group-by grid, 1 key, 1 000 groups, count","MetalEngine default, cold",4.200,36.7,,,True,0.27,0.91,,,"GroupBy#1: rule: 2,000,000 input rows is below the 2,130,975-row crossover for group_by:count at every group count measured (Benchmarks/results/polars_engine_crossover_2026-09-26-groups.csv)",1000,,,
2000000,"(g2count1k) group-by grid, 2 keys, 1 000 groups, count",polars in-memory,5.889,54.2,,,,,,,,,,,,
2000000,"(g2count1k) group-by grid, 2 keys, 1 000 groups, count",polars streaming,2.670,28.4,,,,,,,,,,,,
2000000,"(g2count1k) group-by grid, 2 keys, 1 000 groups, count","MetalEngine all, cold",3.921,3.4,GroupBy#1[GroupBy>DataFrameScan],,True,0.68,1.50,group_by_multi:count|numeric|memory,2000000,,1000,,,
2000000,"(g2count1k) group-by grid, 2 keys, 1 000 groups, count","MetalEngine all, warm",3.461,2.8,GroupBy#1[GroupBy>DataFrameScan],,True,0.77,1.70,group_by_multi:count|numeric|memory,2000000,,1000,,,
2000000,"(g2count1k) group-by grid, 2 keys, 1 000 groups, count","MetalEngine default, cold",6.171,57.9,,,True,0.43,0.95,,,"GroupBy#1: rule: estimated 925 groups over (k1, k2), a Chao1 estimate from a 512-row sample, 821 to 1,083: below the measured band for group_by_multi:count at 2,000,000 input rows (taken at 3,163 to 316,227 groups; not every count in the estimate's range is, Benchmarks/results/polars_engine_crossover_2026-09-26-groups.csv)",1000,925,95,
2000000,"(g1mean1k) group-by grid, 1 key, 1 000 groups, mean",polars in-memory,4.648,48.8,,,,,,,,,,,,
2000000,"(g1mean1k) group-by grid, 1 key, 1 000 groups, mean",polars streaming,1.326,10.9,,,,,,,,,,,,
2000000,"(g1mean1k) group-by grid, 1 key, 1 000 groups, mean","MetalEngine all, cold",2.843,2.6,GroupBy#1[GroupBy>DataFrameScan],,True,0.47,1.63,group_by:mean|numeric|memory,2000000,,1000,,,
2000000,"(g1mean1k) group-by grid, 1 key, 1 000 groups, mean","MetalEngine all, warm",2.299,2.1,GroupBy#1[GroupBy>DataFrameScan],,True,0.58,2.02,group_by:mean|numeric|memory,2000000,,1000,,,
2000000,"(g1mean1k) group-by grid, 1 key, 1 000 groups, mean","MetalEngine default, cold",5.218,48.5,,,True,0.25,0.89,,,"GroupBy#1: rule: 2,000,000 input rows is below the 3,019,743-row crossover for group_by:mean at every group count measured (Benchmarks/results/polars_engine_crossover_2026-09-26-groups.csv)",1000,,,
2000000,"(g2mean1k) group-by grid, 2 keys, 1 000 groups, mean",polars in-memory,7.072,68.7,,,,,,,,,,,,
2000000,"(g2mean1k) group-by grid, 2 keys, 1 000 groups, mean",polars streaming,2.717,27.8,,,,,,,,,,,,
2000000,"(g2mean1k) group-by grid, 2 keys, 1 000 groups, mean","MetalEngine all, cold",3.524,3.4,GroupBy#1[GroupBy>DataFrameScan],,True,0.77,2.01,group_by_multi:mean|numeric|memory,2000000,,1000,,,
2000000,"(g2mean1k) group-by grid, 2 keys, 1 000 groups, mean","MetalEngine all, warm",2.598,2.4,GroupBy#1[GroupBy>DataFrameScan],,True,1.05,2.72,group_by_multi:mean|numeric|memory,2000000,,1000,,,
2000000,"(g2mean1k) group-by grid, 2 keys, 1 000 groups, mean","MetalEngine default, cold",7.417,69.4,,,True,0.37,0.95,,,"GroupBy#1: rule: estimated 925 groups over (k1, k2), a Chao1 estimate from a 512-row sample, 821 to 1,083: below the measured band for group_by_multi:mean at 2,000,000 input rows (taken at 3,163 to 31,622 groups; not every count in the estimate's range is, Benchmarks/results/polars_engine_crossover_2026-09-26-groups.csv)",1000,925,90,
2000000,"(g1minmax1k) group-by grid, 1 key, 1 000 groups, min + max",polars in-memory,4.645,42.8,,,,,,,,,,,,
2000000,"(g1minmax1k) group-by grid, 1 key, 1 000 groups, min + max",polars streaming,1.451,13.4,,,,,,,,,,,,
2000000,"(g1minmax1k) group-by grid, 1 key, 1 000 groups, min + max","MetalEngine all, cold",3.997,3.1,GroupBy#1[GroupBy>DataFrameScan],,True,0.36,1.16,group_by:minmax|numeric|memory,2000000,,1000,,,
2000000,"(g1minmax1k) group-by grid, 1 key, 1 000 groups, min + max","MetalEngine all, warm",2.534,2.3,GroupBy#1[GroupBy>DataFrameScan],,True,0.57,1.83,group_by:minmax|numeric|memory,2000000,,1000,,,
2000000,"(g1minmax1k) group-by grid, 1 key, 1 000 groups, min + max","MetalEngine default, cold",4.809,43.4,,,True,0.30,0.97,,,"GroupBy#1: rule: estimated 935 groups over (k), a Chao1 estimate from a 512-row sample, 829 to 1,097: below the measured band for group_by:minmax at 2,000,000 input rows (taken at 3,163 to 31,622 groups; not every count in the estimate's range is, Benchmarks/results/polars_engine_crossover_2026-09-26-groups.csv)",1000,935,68,
2000000,"(g2minmax1k) group-by grid, 2 keys, 1 000 groups, min + max",polars in-memory,6.612,63.6,,,,,,,,,,,,
2000000,"(g2minmax1k) group-by grid, 2 keys, 1 000 groups, min + max",polars streaming,2.919,31.4,,,,,,,,,,,,
2000000,"(g2minmax1k) group-by grid, 2 keys, 1 000 groups, min + max","MetalEngine all, cold",4.561,3.9,GroupBy#1[GroupBy>DataFrameScan],,True,0.64,1.45,group_by_multi:minmax|numeric|memory,2000000,,1000,,,
2000000,"(g2minmax1k) group-by grid, 2 keys, 1 000 groups, min + max","MetalEngine all, warm",3.981,3.2,GroupBy#1[GroupBy>DataFrameScan],,True,0.73,1.66,group_by_multi:minmax|numeric|memory,2000000,,1000,,,
2000000,"(g2minmax1k) group-by grid, 2 keys, 1 000 groups, min + max","MetalEngine default, cold",6.566,60.9,,,True,0.44,1.01,,,"GroupBy#1: rule: estimated 925 groups over (k1, k2), a Chao1 estimate from a 512-row sample, 821 to 1,083: below the measured band for group_by_multi:minmax at 2,000,000 input rows (taken at 31,623 to 316,227 groups; not every count in the estimate's range is, Benchmarks/results/polars_engine_crossover_2026-09-26-groups.csv)",1000,925,80,
2000000,"(g1sum10k) group-by grid, 1 key, 10 000 groups, sum",polars in-memory,4.405,49.7,,,,,,,,,,,,
2000000,"(g1sum10k) group-by grid, 1 key, 10 000 groups, sum",polars streaming,3.247,32.6,,,,,,,,,,,,
2000000,"(g1sum10k) group-by grid, 1 key, 10 000 groups, sum","MetalEngine all, cold",3.641,2.9,GroupBy#1[GroupBy>DataFrameScan],,True,0.89,1.21,group_by:sum|numeric|memory,2000000,,10000,,,
2000000,"(g1sum10k) group-by grid, 1 key, 10 000 groups, sum","MetalEngine all, warm",3.217,2.4,GroupBy#1[GroupBy>DataFrameScan],,True,1.01,1.37,group_by:sum|numeric|memory,2000000,,10000,,,
2000000,"(g1sum10k) group-by grid, 1 key, 10 000 groups, sum","MetalEngine default, cold",4.870,47.3,,,True,0.67,0.90,,,"GroupBy#1: rule: 2,000,000 input rows is below the 2,824,055-row crossover for group_by:sum at every group count measured (Benchmarks/results/polars_engine_crossover_2026-09-26-groups.csv)",10000,,,
2000000,"(g2sum10k) group-by grid, 2 keys, 10 000 groups, sum",polars in-memory,7.046,70.3,,,,,,,,,,,,
2000000,"(g2sum10k) group-by grid, 2 keys, 10 000 groups, sum",polars streaming,5.212,55.9,,,,,,,,,,,,
2000000,"(g2sum10k) group-by grid, 2 keys, 10 000 groups, sum","MetalEngine all, cold",4.455,3.8,GroupBy#1[GroupBy>DataFrameScan],,True,1.17,1.58,group_by_multi:sum|numeric|memory,2000000,,10000,,,
2000000,"(g2sum10k) group-by grid, 2 keys, 10 000 groups, sum","MetalEngine all, warm",3.596,3.0,GroupBy#1[GroupBy>DataFrameScan],,True,1.45,1.96,group_by_multi:sum|numeric|memory,2000000,,10000,,,
2000000,"(g2sum10k) group-by grid, 2 keys, 10 000 groups, sum","MetalEngine default, cold",4.407,3.9,GroupBy#1,,True,1.18,1.60,,,"GroupBy#1: 2,000,000 input rows is at or above the 1,291,465-row crossover for group_by_multi:sum at an estimated 15,974 groups over (k1, k2), a Chao1 estimate from a 512-row sample, 8,598 to 72,939 (engine table, the 10,000-group bucket, Benchmarks/results/polars_engine_crossover_2026-09-26-groups.csv)",10000,15974,86,
2000000,"(g1count10k) group-by grid, 1 key, 10 000 groups, count",polars in-memory,4.044,39.0,,,,,,,,,,,,
2000000,"(g1count10k) group-by grid, 1 key, 10 000 groups, count",polars streaming,3.017,30.4,,,,,,,,,,,,
2000000,"(g1count10k) group-by grid, 1 key, 10 000 groups, count","MetalEngine all, cold",2.791,2.5,GroupBy#1[GroupBy>DataFrameScan],,True,1.08,1.45,group_by:count|numeric|memory,2000000,,10000,,,
2000000,"(g1count10k) group-by grid, 1 key, 10 000 groups, count","MetalEngine all, warm",2.587,2.3,GroupBy#1[GroupBy>DataFrameScan],,True,1.17,1.56,group_by:count|numeric|memory,2000000,,10000,,,
2000000,"(g1count10k) group-by grid, 1 key, 10 000 groups, count","MetalEngine default, cold",4.086,38.4,,,True,0.74,0.99,,,"GroupBy#1: rule: 2,000,000 input rows is below the 2,130,975-row crossover for group_by:count at every group count measured (Benchmarks/results/polars_engine_crossover_2026-09-26-groups.csv)",10000,,,
2000000,"(g2count10k) group-by grid, 2 keys, 10 000 groups, count",polars in-memory,6.891,59.4,,,,,,,,,,,,
2000000,"(g2count10k) group-by grid, 2 keys, 10 000 groups, count",polars streaming,5.094,55.6,,,,,,,,,,,,
2000000,"(g2count10k) group-by grid, 2 keys, 10 000 groups, count","MetalEngine all, cold",3.452,3.4,GroupBy#1[GroupBy>DataFrameScan],,True,1.48,2.00,group_by_multi:count|numeric|memory,2000000,,10000,,,
2000000,"(g2count10k) group-by grid, 2 keys, 10 000 groups, count","MetalEngine all, warm",2.949,2.8,GroupBy#1[GroupBy>DataFrameScan],,True,1.73,2.34,group_by_multi:count|numeric|memory,2000000,,10000,,,
2000000,"(g2count10k) group-by grid, 2 keys, 10 000 groups, count","MetalEngine default, cold",3.539,3.5,GroupBy#1,,True,1.44,1.95,,,"GroupBy#1: 2,000,000 input rows is at or above the 736,547-row crossover for group_by_multi:count at an estimated 15,974 groups over (k1, k2), a Chao1 estimate from a 512-row sample, 8,598 to 72,939 (engine table, the 10,000-group bucket, Benchmarks/results/polars_engine_crossover_2026-09-26-groups.csv)",10000,15974,91,
2000000,"(g1mean10k) group-by grid, 1 key, 10 000 groups, mean",polars in-memory,5.030,54.0,,,,,,,,,,,,
2000000,"(g1mean10k) group-by grid, 1 key, 10 000 groups, mean",polars streaming,3.215,33.3,,,,,,,,,,,,
2000000,"(g1mean10k) group-by grid, 1 key, 10 000 groups, mean","MetalEngine all, cold",3.235,3.0,GroupBy#1[GroupBy>DataFrameScan],,True,0.99,1.56,group_by:mean|numeric|memory,2000000,,10000,,,
2000000,"(g1mean10k) group-by grid, 1 key, 10 000 groups, mean","MetalEngine all, warm",2.789,2.6,GroupBy#1[GroupBy>DataFrameScan],,True,1.15,1.80,group_by:mean|numeric|memory,2000000,,10000,,,
2000000,"(g1mean10k) group-by grid, 1 key, 10 000 groups, mean","MetalEngine default, cold",5.771,51.9,,,True,0.56,0.87,,,"GroupBy#1: rule: 2,000,000 input rows is below the 3,019,743-row crossover for group_by:mean at every group count measured (Benchmarks/results/polars_engine_crossover_2026-09-26-groups.csv)",10000,,,
2000000,"(g2mean10k) group-by grid, 2 keys, 10 000 groups, mean",polars in-memory,7.264,75.5,,,,,,,,,,,,
2000000,"(g2mean10k) group-by grid, 2 keys, 10 000 groups, mean",polars streaming,5.407,59.4,,,,,,,,,,,,
2000000,"(g2mean10k) group-by grid, 2 keys, 10 000 groups, mean","MetalEngine all, cold",3.690,3.6,GroupBy#1[GroupBy>DataFrameScan],,True,1.47,1.97,group_by_multi:mean|numeric|memory,2000000,,10000,,,
2000000,"(g2mean10k) group-by grid, 2 keys, 10 000 groups, mean","MetalEngine all, warm",3.175,2.9,GroupBy#1[GroupBy>DataFrameScan],,True,1.70,2.29,group_by_multi:mean|numeric|memory,2000000,,10000,,,
2000000,"(g2mean10k) group-by grid, 2 keys, 10 000 groups, mean","MetalEngine default, cold",4.736,4.2,GroupBy#1,,True,1.14,1.53,,,"GroupBy#1: 2,000,000 input rows is at or above the 1,620,470-row crossover for group_by_multi:mean at an estimated 8,968 groups over (k1, k2), a Chao1 estimate from a 2,048-row sample, 8,008 to 10,230 (engine table, the 10,000-group bucket, Benchmarks/results/polars_engine_crossover_2026-09-26-groups.csv)",10000,8968,174,
2000000,"(g1minmax10k) group-by grid, 1 key, 10 000 groups, min + max",polars in-memory,5.395,49.3,,,,,,,,,,,,
2000000,"(g1minmax10k) group-by grid, 1 key, 10 000 groups, min + max",polars streaming,3.624,38.1,,,,,,,,,,,,
2000000,"(g1minmax10k) group-by grid, 1 key, 10 000 groups, min + max","MetalEngine all, cold",5.782,3.3,GroupBy#1[GroupBy>DataFrameScan],,True,0.63,0.93,group_by:minmax|numeric|memory,2000000,,10000,,,
2000000,"(g1minmax10k) group-by grid, 1 key, 10 000 groups, min + max","MetalEngine all, warm",2.030,2.1,GroupBy#1[GroupBy>DataFrameScan],,True,1.79,2.66,group_by:minmax|numeric|memory,2000000,,10000,,,
2000000,"(g1minmax10k) group-by grid, 1 key, 10 000 groups, min + max","MetalEngine default, cold",2.827,2.9,GroupBy#1,,True,1.28,1.91,,,"GroupBy#1: 2,000,000 input rows is at or above the 1,752,500-row crossover for group_by:minmax at an estimated 8,746 groups over (k), a Chao1 estimate from a 2,048-row sample, 7,816 to 9,967 (engine table, the 10,000-group bucket, Benchmarks/results/polars_engine_crossover_2026-09-26-groups.csv)",10000,8746,110,
2000000,"(g2minmax10k) group-by grid, 2 keys, 10 000 groups, min + max",polars in-memory,7.525,69.6,,,,,,,,,,,,
2000000,"(g2minmax10k) group-by grid, 2 keys, 10 000 groups, min + max",polars streaming,5.891,63.2,,,,,,,,,,,,
2000000,"(g2minmax10k) group-by grid, 2 keys, 10 000 groups, min + max","MetalEngine all, cold",3.070,3.3,GroupBy#1[GroupBy>DataFrameScan],,True,1.92,2.45,group_by_multi:minmax|numeric|memory,2000000,,10000,,,
2000000,"(g2minmax10k) group-by grid, 2 keys, 10 000 groups, min + max","MetalEngine all, warm",2.368,2.5,GroupBy#1[GroupBy>DataFrameScan],,True,2.49,3.18,group_by_multi:minmax|numeric|memory,2000000,,10000,,,
2000000,"(g2minmax10k) group-by grid, 2 keys, 10 000 groups, min + max","MetalEngine default, cold",7.797,68.9,,,True,0.76,0.97,,,"GroupBy#1: rule: estimated 8,968 groups over (k1, k2), a Chao1 estimate from a 2,048-row sample, 8,008 to 10,230: below the measured band for group_by_multi:minmax at 2,000,000 input rows (taken at 31,623 to 316,227 groups; not every count in the estimate's range is, Benchmarks/results/polars_engine_crossover_2026-09-26-groups.csv)",10000,8968,153,
2000000,"(g1sum100k) group-by grid, 1 key, 100 000 groups, sum",polars in-memory,5.884,61.0,,,,,,,,,,,,
2000000,"(g1sum100k) group-by grid, 1 key, 100 000 groups, sum",polars streaming,2.978,29.9,,,,,,,,,,,,
2000000,"(g1sum100k) group-by grid, 1 key, 100 000 groups, sum","MetalEngine all, cold",4.084,3.1,GroupBy#1[GroupBy>DataFrameScan],,True,0.73,1.44,group_by:sum|numeric|memory,2000000,,100000,,,
2000000,"(g1sum100k) group-by grid, 1 key, 100 000 groups, sum","MetalEngine all, warm",1.778,2.1,GroupBy#1[GroupBy>DataFrameScan],,True,1.67,3.31,group_by:sum|numeric|memory,2000000,,100000,,,
2000000,"(g1sum100k) group-by grid, 1 key, 100 000 groups, sum","MetalEngine default, cold",6.471,62.2,,,True,0.46,0.91,,,"GroupBy#1: rule: 2,000,000 input rows is below the 2,824,055-row crossover for group_by:sum at every group count measured (Benchmarks/results/polars_engine_crossover_2026-09-26-groups.csv)",100000,,,
2000000,"(g2sum100k) group-by grid, 2 keys, 100 000 groups, sum",polars in-memory,8.401,87.1,,,,,,,,,,,,
2000000,"(g2sum100k) group-by grid, 2 keys, 100 000 groups, sum",polars streaming,6.158,66.1,,,,,,,,,,,,
2000000,"(g2sum100k) group-by grid, 2 keys, 100 000 groups, sum","MetalEngine all, cold",4.726,4.1,GroupBy#1[GroupBy>DataFrameScan],,True,1.30,1.78,group_by_multi:sum|numeric|memory,2000000,,100000,,,
2000000,"(g2sum100k) group-by grid, 2 keys, 100 000 groups, sum","MetalEngine all, warm",4.093,3.2,GroupBy#1[GroupBy>DataFrameScan],,True,1.50,2.05,group_by_multi:sum|numeric|memory,2000000,,100000,,,
2000000,"(g2sum100k) group-by grid, 2 keys, 100 000 groups, sum","MetalEngine default, cold",5.077,4.4,GroupBy#1,,True,1.21,1.65,,,"GroupBy#1: 2,000,000 input rows is at or above the 1,173,609-row crossover for group_by_multi:sum at an estimated 98,740 groups over (k1, k2), a Chao1 estimate from a 8,192-row sample, 89,058 to 110,673 (engine table, the 100,000-group bucket, Benchmarks/results/polars_engine_crossover_2026-09-26-groups.csv)",100000,98740,477,
2000000,"(g1count100k) group-by grid, 1 key, 100 000 groups, count",polars in-memory,5.100,52.3,,,,,,,,,,,,
2000000,"(g1count100k) group-by grid, 1 key, 100 000 groups, count",polars streaming,2.759,27.8,,,,,,,,,,,,
2000000,"(g1count100k) group-by grid, 1 key, 100 000 groups, count","MetalEngine all, cold",3.065,2.6,GroupBy#1[GroupBy>DataFrameScan],,True,0.90,1.66,group_by:count|numeric|memory,2000000,,100000,,,
2000000,"(g1count100k) group-by grid, 1 key, 100 000 groups, count","MetalEngine all, warm",2.861,2.4,GroupBy#1[GroupBy>DataFrameScan],,True,0.96,1.78,group_by:count|numeric|memory,2000000,,100000,,,
2000000,"(g1count100k) group-by grid, 1 key, 100 000 groups, count","MetalEngine default, cold",5.393,53.2,,,True,0.51,0.95,,,"GroupBy#1: rule: 2,000,000 input rows is below the 2,130,975-row crossover for group_by:count at every group count measured (Benchmarks/results/polars_engine_crossover_2026-09-26-groups.csv)",100000,,,
2000000,"(g2count100k) group-by grid, 2 keys, 100 000 groups, count",polars in-memory,7.463,75.2,,,,,,,,,,,,
2000000,"(g2count100k) group-by grid, 2 keys, 100 000 groups, count",polars streaming,5.798,61.0,,,,,,,,,,,,
2000000,"(g2count100k) group-by grid, 2 keys, 100 000 groups, count","MetalEngine all, cold",3.764,3.6,GroupBy#1[GroupBy>DataFrameScan],,True,1.54,1.98,group_by_multi:count|numeric|memory,2000000,,100000,,,
2000000,"(g2count100k) group-by grid, 2 keys, 100 000 groups, count","MetalEngine all, warm",3.286,3.0,GroupBy#1[GroupBy>DataFrameScan],,True,1.76,2.27,group_by_multi:count|numeric|memory,2000000,,100000,,,
2000000,"(g2count100k) group-by grid, 2 keys, 100 000 groups, count","MetalEngine default, cold",4.170,4.0,GroupBy#1,,True,1.39,1.79,,,"GroupBy#1: 2,000,000 input rows is at or above the 824,387-row crossover for group_by_multi:count at an estimated 98,740 groups over (k1, k2), a Chao1 estimate from a 8,192-row sample, 89,058 to 110,673 (engine table, the 100,000-group bucket, Benchmarks/results/polars_engine_crossover_2026-09-26-groups.csv)",100000,98740,416,
2000000,"(g1mean100k) group-by grid, 1 key, 100 000 groups, mean",polars in-memory,6.264,67.0,,,,,,,,,,,,
2000000,"(g1mean100k) group-by grid, 1 key, 100 000 groups, mean",polars streaming,3.077,31.4,,,,,,,,,,,,
2000000,"(g1mean100k) group-by grid, 1 key, 100 000 groups, mean","MetalEngine all, cold",5.980,3.1,GroupBy#1[GroupBy>DataFrameScan],,True,0.51,1.05,group_by:mean|numeric|memory,2000000,,100000,,,
2000000,"(g1mean100k) group-by grid, 1 key, 100 000 groups, mean","MetalEngine all, warm",5.439,2.5,GroupBy#1[GroupBy>DataFrameScan],,True,0.57,1.15,group_by:mean|numeric|memory,2000000,,100000,,,
2000000,"(g1mean100k) group-by grid, 1 key, 100 000 groups, mean","MetalEngine default, cold",6.981,67.7,,,True,0.44,0.90,,,"GroupBy#1: rule: 2,000,000 input rows is below the 3,019,743-row crossover for group_by:mean at every group count measured (Benchmarks/results/polars_engine_crossover_2026-09-26-groups.csv)",100000,,,
2000000,"(g2mean100k) group-by grid, 2 keys, 100 000 groups, mean",polars in-memory,9.291,90.2,,,,,,,,,,,,
2000000,"(g2mean100k) group-by grid, 2 keys, 100 000 groups, mean",polars streaming,6.135,64.4,,,,,,,,,,,,
2000000,"(g2mean100k) group-by grid, 2 keys, 100 000 groups, mean","MetalEngine all, cold",6.626,3.8,GroupBy#1[GroupBy>DataFrameScan],,True,0.93,1.40,group_by_multi:mean|numeric|memory,2000000,,100000,,,
2000000,"(g2mean100k) group-by grid, 2 keys, 100 000 groups, mean","MetalEngine all, warm",5.923,3.1,GroupBy#1[GroupBy>DataFrameScan],,True,1.04,1.57,group_by_multi:mean|numeric|memory,2000000,,100000,,,
2000000,"(g2mean100k) group-by grid, 2 keys, 100 000 groups, mean","MetalEngine default, cold",9.484,92.5,,,True,0.65,0.98,,,"GroupBy#1: rule: estimated 159,519 groups over (k1, k2), a Chao1 estimate from a 2,048-row sample, 95,399 to 405,695: above the measured band for group_by_multi:mean at 2,000,000 input rows (taken at 3,163 to 31,622 groups; not every count in the estimate's range is, Benchmarks/results/polars_engine_crossover_2026-09-26-groups.csv)",100000,159519,166,
2000000,"(g1minmax100k) group-by grid, 1 key, 100 000 groups, min + max",polars in-memory,5.953,67.3,,,,,,,,,,,,
2000000,"(g1minmax100k) group-by grid, 1 key, 100 000 groups, min + max",polars streaming,3.402,34.4,,,,,,,,,,,,
2000000,"(g1minmax100k) group-by grid, 1 key, 100 000 groups, min + max","MetalEngine all, cold",2.848,2.8,GroupBy#1[GroupBy>DataFrameScan],,True,1.19,2.09,group_by:minmax|numeric|memory,2000000,,100000,,,
2000000,"(g1minmax100k) group-by grid, 1 key, 100 000 groups, min + max","MetalEngine all, warm",2.346,2.3,GroupBy#1[GroupBy>DataFrameScan],,True,1.45,2.54,group_by:minmax|numeric|memory,2000000,,100000,,,
2000000,"(g1minmax100k) group-by grid, 1 key, 100 000 groups, min + max","MetalEngine default, cold",6.367,65.5,,,True,0.53,0.94,,,"GroupBy#1: rule: estimated 129,230 groups over (k), a Chao1 estimate from a 2,048-row sample, 81,080 to 282,588: above the measured band for group_by:minmax at 2,000,000 input rows (taken at 3,163 to 31,622 groups; not every count in the estimate's range is, Benchmarks/results/polars_engine_crossover_2026-09-26-groups.csv)",100000,129230,102,
2000000,"(g2minmax100k) group-by grid, 2 keys, 100 000 groups, min + max",polars in-memory,9.201,91.7,,,,,,,,,,,,
2000000,"(g2minmax100k) group-by grid, 2 keys, 100 000 groups, min + max",polars streaming,6.780,72.7,,,,,,,,,,,,
2000000,"(g2minmax100k) group-by grid, 2 keys, 100 000 groups, min + max","MetalEngine all, cold",3.926,3.5,GroupBy#1[GroupBy>DataFrameScan],,True,1.73,2.34,group_by_multi:minmax|numeric|memory,2000000,,100000,,,
2000000,"(g2minmax100k) group-by grid, 2 keys, 100 000 groups, min + max","MetalEngine all, warm",2.669,2.6,GroupBy#1[GroupBy>DataFrameScan],,True,2.54,3.45,group_by_multi:minmax|numeric|memory,2000000,,100000,,,
2000000,"(g2minmax100k) group-by grid, 2 keys, 100 000 groups, min + max","MetalEngine default, cold",3.987,4.1,GroupBy#1,,True,1.70,2.31,,,"GroupBy#1: 2,000,000 input rows is at or above the 913,756-row crossover for group_by_multi:minmax at an estimated 98,740 groups over (k1, k2), a Chao1 estimate from a 8,192-row sample, 89,058 to 110,673 (engine table, the 100,000-group bucket, Benchmarks/results/polars_engine_crossover_2026-09-26-groups.csv)",100000,98740,417,
2000000,"(g1sum1M) group-by grid, 1 key, 1 000 000 groups, sum",polars in-memory,11.034,114.9,,,,,,,,,,,,
2000000,"(g1sum1M) group-by grid, 1 key, 1 000 000 groups, sum",polars streaming,3.913,40.3,,,,,,,,,,,,
2000000,"(g1sum1M) group-by grid, 1 key, 1 000 000 groups, sum","MetalEngine all, cold",5.683,5.0,GroupBy#1[GroupBy>DataFrameScan],,True,0.69,1.94,group_by:sum|numeric|memory,2000000,,864804,,,
2000000,"(g1sum1M) group-by grid, 1 key, 1 000 000 groups, sum","MetalEngine all, warm",3.934,4.0,GroupBy#1[GroupBy>DataFrameScan],,True,0.99,2.80,group_by:sum|numeric|memory,2000000,,864804,,,
2000000,"(g1sum1M) group-by grid, 1 key, 1 000 000 groups, sum","MetalEngine default, cold",11.345,119.1,,,True,0.34,0.97,,,"GroupBy#1: rule: 2,000,000 input rows is below the 2,824,055-row crossover for group_by:sum at every group count measured (Benchmarks/results/polars_engine_crossover_2026-09-26-groups.csv)",864804,,,
2000000,"(g2sum1M) group-by grid, 2 keys, 1 000 000 groups, sum",polars in-memory,16.227,174.5,,,,,,,,,,,,
2000000,"(g2sum1M) group-by grid, 2 keys, 1 000 000 groups, sum",polars streaming,8.152,84.7,,,,,,,,,,,,
2000000,"(g2sum1M) group-by grid, 2 keys, 1 000 000 groups, sum","MetalEngine all, cold",7.298,5.6,GroupBy#1[GroupBy>DataFrameScan],,True,1.12,2.22,group_by_multi:sum|numeric|memory,2000000,,864513,,,
2000000,"(g2sum1M) group-by grid, 2 keys, 1 000 000 groups, sum","MetalEngine all, warm",4.371,4.5,GroupBy#1[GroupBy>DataFrameScan],,True,1.86,3.71,group_by_multi:sum|numeric|memory,2000000,,864513,,,
2000000,"(g2sum1M) group-by grid, 2 keys, 1 000 000 groups, sum","MetalEngine default, cold",16.711,171.5,,,True,0.49,0.97,,,"GroupBy#1: rule: estimated 1,048,064 groups over (k1, k2), a Chao1 estimate from a 2,048-row sample, 350,720 to 2,000,000: above the measured band for group_by_multi:sum at 2,000,000 input rows (taken at 3,163 to 316,227 groups; not every count in the estimate's range is, Benchmarks/results/polars_engine_crossover_2026-09-26-groups.csv)",864513,1048064,173,
2000000,"(g1count1M) group-by grid, 1 key, 1 000 000 groups, count",polars in-memory,8.875,90.1,,,,,,,,,,,,
2000000,"(g1count1M) group-by grid, 1 key, 1 000 000 groups, count",polars streaming,3.915,38.7,,,,,,,,,,,,
2000000,"(g1count1M) group-by grid, 1 key, 1 000 000 groups, count","MetalEngine all, cold",4.707,3.5,GroupBy#1[GroupBy>DataFrameScan],,True,0.83,1.89,group_by:count|numeric|memory,2000000,,864804,,,
2000000,"(g1count1M) group-by grid, 1 key, 1 000 000 groups, count","MetalEngine all, warm",4.468,3.2,GroupBy#1[GroupBy>DataFrameScan],,True,0.88,1.99,group_by:count|numeric|memory,2000000,,864804,,,
2000000,"(g1count1M) group-by grid, 1 key, 1 000 000 groups, count","MetalEngine default, cold",9.314,95.3,,,True,0.42,0.95,,,"GroupBy#1: rule: 2,000,000 input rows is below the 2,130,975-row crossover for group_by:count at every group count measured (Benchmarks/results/polars_engine_crossover_2026-09-26-groups.csv)",864804,,,
2000000,"(g2count1M) group-by grid, 2 keys, 1 000 000 groups, count",polars in-memory,15.074,147.1,,,,,,,,,,,,
2000000,"(g2count1M) group-by grid, 2 keys, 1 000 000 groups, count",polars streaming,7.759,81.6,,,,,,,,,,,,
2000000,"(g2count1M) group-by grid, 2 keys, 1 000 000 groups, count","MetalEngine all, cold",5.627,4.5,GroupBy#1[GroupBy>DataFrameScan],,True,1.38,2.68,group_by_multi:count|numeric|memory,2000000,,864513,,,
2000000,"(g2count1M) group-by grid, 2 keys, 1 000 000 groups, count","MetalEngine all, warm",5.207,4.0,GroupBy#1[GroupBy>DataFrameScan],,True,1.49,2.90,group_by_multi:count|numeric|memory,2000000,,864513,,,
2000000,"(g2count1M) group-by grid, 2 keys, 1 000 000 groups, count","MetalEngine default, cold",15.539,149.5,,,True,0.50,0.97,,,"GroupBy#1: rule: estimated 1,048,064 groups over (k1, k2), a Chao1 estimate from a 2,048-row sample, 350,720 to 2,000,000: above the measured band for group_by_multi:count at 2,000,000 input rows (taken at 3,163 to 316,227 groups; not every count in the estimate's range is, Benchmarks/results/polars_engine_crossover_2026-09-26-groups.csv)",864513,1048064,177,
2000000,"(g1mean1M) group-by grid, 1 key, 1 000 000 groups, mean",polars in-memory,12.244,130.6,,,,,,,,,,,,
2000000,"(g1mean1M) group-by grid, 1 key, 1 000 000 groups, mean",polars streaming,4.287,43.4,,,,,,,,,,,,
2000000,"(g1mean1M) group-by grid, 1 key, 1 000 000 groups, mean","MetalEngine all, cold",19.034,3.8,GroupBy#1[GroupBy>DataFrameScan],,True,0.23,0.64,group_by:mean|numeric|memory,2000000,,864804,,,
2000000,"(g1mean1M) group-by grid, 1 key, 1 000 000 groups, mean","MetalEngine all, warm",18.551,3.3,GroupBy#1[GroupBy>DataFrameScan],,True,0.23,0.66,group_by:mean|numeric|memory,2000000,,864804,,,
2000000,"(g1mean1M) group-by grid, 1 key, 1 000 000 groups, mean","MetalEngine default, cold",12.813,136.7,,,True,0.33,0.96,,,"GroupBy#1: rule: 2,000,000 input rows is below the 3,019,743-row crossover for group_by:mean at every group count measured (Benchmarks/results/polars_engine_crossover_2026-09-26-groups.csv)",864804,,,
2000000,"(g2mean1M) group-by grid, 2 keys, 1 000 000 groups, mean",polars in-memory,17.577,183.0,,,,,,,,,,,,
2000000,"(g2mean1M) group-by grid, 2 keys, 1 000 000 groups, mean",polars streaming,8.926,91.4,,,,,,,,,,,,
2000000,"(g2mean1M) group-by grid, 2 keys, 1 000 000 groups, mean","MetalEngine all, cold",19.682,4.7,GroupBy#1[GroupBy>DataFrameScan],,True,0.45,0.89,group_by_multi:mean|numeric|memory,2000000,,864513,,,
2000000,"(g2mean1M) group-by grid, 2 keys, 1 000 000 groups, mean","MetalEngine all, warm",18.746,3.7,GroupBy#1[GroupBy>DataFrameScan],,True,0.48,0.94,group_by_multi:mean|numeric|memory,2000000,,864513,,,
2000000,"(g2mean1M) group-by grid, 2 keys, 1 000 000 groups, mean","MetalEngine default, cold",17.615,186.2,,,True,0.51,1.00,,,"GroupBy#1: rule: estimated 131,328 groups over (k1, k2), a Chao1 estimate from a 512-row sample, 44,117 to 2,000,000: above the measured band for group_by_multi:mean at 2,000,000 input rows (taken at 3,163 to 31,622 groups; not every count in the estimate's range is, Benchmarks/results/polars_engine_crossover_2026-09-26-groups.csv)",864513,131328,110,
2000000,"(g1minmax1M) group-by grid, 1 key, 1 000 000 groups, min + max",polars in-memory,12.590,138.6,,,,,,,,,,,,
2000000,"(g1minmax1M) group-by grid, 1 key, 1 000 000 groups, min + max",polars streaming,4.502,48.1,,,,,,,,,,,,
2000000,"(g1minmax1M) group-by grid, 1 key, 1 000 000 groups, min + max","MetalEngine all, cold",4.340,3.5,GroupBy#1[GroupBy>DataFrameScan],,True,1.04,2.90,group_by:minmax|numeric|memory,2000000,,864804,,,
2000000,"(g1minmax1M) group-by grid, 1 key, 1 000 000 groups, min + max","MetalEngine all, warm",3.757,2.9,GroupBy#1[GroupBy>DataFrameScan],,True,1.20,3.35,group_by:minmax|numeric|memory,2000000,,864804,,,
2000000,"(g1minmax1M) group-by grid, 1 key, 1 000 000 groups, min + max","MetalEngine default, cold",12.956,146.0,,,True,0.35,0.97,,,"GroupBy#1: rule: estimated 131,328 groups over (k), a Chao1 estimate from a 512-row sample, 44,117 to 2,000,000: above the measured band for group_by:minmax at 2,000,000 input rows (taken at 3,163 to 31,622 groups; not every count in the estimate's range is, Benchmarks/results/polars_engine_crossover_2026-09-26-groups.csv)",864804,131328,72,
2000000,"(g2minmax1M) group-by grid, 2 keys, 1 000 000 groups, min + max",polars in-memory,17.508,207.0,,,,,,,,,,,,
2000000,"(g2minmax1M) group-by grid, 2 keys, 1 000 000 groups, min + max",polars streaming,8.875,95.2,,,,,,,,,,,,
2000000,"(g2minmax1M) group-by grid, 2 keys, 1 000 000 groups, min + max","MetalEngine all, cold",4.861,4.2,GroupBy#1[GroupBy>DataFrameScan],,True,1.83,3.60,group_by_multi:minmax|numeric|memory,2000000,,864513,,,
2000000,"(g2minmax1M) group-by grid, 2 keys, 1 000 000 groups, min + max","MetalEngine all, warm",4.108,3.3,GroupBy#1[GroupBy>DataFrameScan],,True,2.16,4.26,group_by_multi:minmax|numeric|memory,2000000,,864513,,,
2000000,"(g2minmax1M) group-by grid, 2 keys, 1 000 000 groups, min + max","MetalEngine default, cold",19.555,202.4,,,True,0.45,0.90,,,"GroupBy#1: rule: estimated 1,048,064 groups over (k1, k2), a Chao1 estimate from a 2,048-row sample, 350,720 to 2,000,000: above the measured band for group_by_multi:minmax at 2,000,000 input rows (taken at 31,623 to 316,227 groups; not every count in the estimate's range is, Benchmarks/results/polars_engine_crossover_2026-09-26-groups.csv)",864513,1048064,167,
2000000,"(g1sumR2) group-by grid, 1 key, rows/2 groups, sum",polars in-memory,11.250,119.9,,,,,,,,,,,,
2000000,"(g1sumR2) group-by grid, 1 key, rows/2 groups, sum",polars streaming,4.107,40.7,,,,,,,,,,,,
2000000,"(g1sumR2) group-by grid, 1 key, rows/2 groups, sum","MetalEngine all, cold",7.026,5.2,GroupBy#1[GroupBy>DataFrameScan],,True,0.58,1.60,group_by:sum|numeric|memory,2000000,,864739,,,
2000000,"(g1sumR2) group-by grid, 1 key, rows/2 groups, sum","MetalEngine all, warm",3.920,4.0,GroupBy#1[GroupBy>DataFrameScan],,True,1.05,2.87,group_by:sum|numeric|memory,2000000,,864739,,,
2000000,"(g1sumR2) group-by grid, 1 key, rows/2 groups, sum","MetalEngine default, cold",11.140,119.0,,,True,0.37,1.01,,,"GroupBy#1: rule: 2,000,000 input rows is below the 2,824,055-row crossover for group_by:sum at every group count measured (Benchmarks/results/polars_engine_crossover_2026-09-26-groups.csv)",864739,,,
2000000,"(g2sumR2) group-by grid, 2 keys, rows/2 groups, sum",polars in-memory,16.288,172.2,,,,,,,,,,,,
2000000,"(g2sumR2) group-by grid, 2 keys, rows/2 groups, sum",polars streaming,8.321,86.4,,,,,,,,,,,,
2000000,"(g2sumR2) group-by grid, 2 keys, rows/2 groups, sum","MetalEngine all, cold",7.590,6.0,GroupBy#1[GroupBy>DataFrameScan],,True,1.10,2.15,group_by_multi:sum|numeric|memory,2000000,,865065,,,
2000000,"(g2sumR2) group-by grid, 2 keys, rows/2 groups, sum","MetalEngine all, warm",4.590,4.7,GroupBy#1[GroupBy>DataFrameScan],,True,1.81,3.55,group_by_multi:sum|numeric|memory,2000000,,865065,,,
2000000,"(g2sumR2) group-by grid, 2 keys, rows/2 groups, sum","MetalEngine default, cold",16.776,172.0,,,True,0.50,0.97,,,"GroupBy#1: rule: estimated 1,009,012 groups over (k1, k2), a Chao1 estimate from a 8,192-row sample, 721,299 to 1,604,779: above the measured band for group_by_multi:sum at 2,000,000 input rows (taken at 3,163 to 316,227 groups; not every count in the estimate's range is, Benchmarks/results/polars_engine_crossover_2026-09-26-groups.csv)",865065,1009012,448,
2000000,"(g1countR2) group-by grid, 1 key, rows/2 groups, count",polars in-memory,9.866,95.1,,,,,,,,,,,,
2000000,"(g1countR2) group-by grid, 1 key, rows/2 groups, count",polars streaming,3.823,38.0,,,,,,,,,,,,
2000000,"(g1countR2) group-by grid, 1 key, rows/2 groups, count","MetalEngine all, cold",4.687,3.5,GroupBy#1[GroupBy>DataFrameScan],,True,0.82,2.11,group_by:count|numeric|memory,2000000,,864739,,,
2000000,"(g1countR2) group-by grid, 1 key, rows/2 groups, count","MetalEngine all, warm",4.450,3.2,GroupBy#1[GroupBy>DataFrameScan],,True,0.86,2.22,group_by:count|numeric|memory,2000000,,864739,,,
2000000,"(g1countR2) group-by grid, 1 key, rows/2 groups, count","MetalEngine default, cold",10.114,99.2,,,True,0.38,0.98,,,"GroupBy#1: rule: 2,000,000 input rows is below the 2,130,975-row crossover for group_by:count at every group count measured (Benchmarks/results/polars_engine_crossover_2026-09-26-groups.csv)",864739,,,
2000000,"(g2countR2) group-by grid, 2 keys, rows/2 groups, count",polars in-memory,14.823,150.7,,,,,,,,,,,,
2000000,"(g2countR2) group-by grid, 2 keys, rows/2 groups, count",polars streaming,7.910,84.7,,,,,,,,,,,,
2000000,"(g2countR2) group-by grid, 2 keys, rows/2 groups, count","MetalEngine all, cold",5.619,4.5,GroupBy#1[GroupBy>DataFrameScan],,True,1.41,2.64,group_by_multi:count|numeric|memory,2000000,,865065,,,
2000000,"(g2countR2) group-by grid, 2 keys, rows/2 groups, count","MetalEngine all, warm",5.133,3.9,GroupBy#1[GroupBy>DataFrameScan],,True,1.54,2.89,group_by_multi:count|numeric|memory,2000000,,865065,,,
2000000,"(g2countR2) group-by grid, 2 keys, rows/2 groups, count","MetalEngine default, cold",15.332,149.0,,,True,0.52,0.97,,,"GroupBy#1: rule: estimated 1,009,012 groups over (k1, k2), a Chao1 estimate from a 8,192-row sample, 721,299 to 1,604,779: above the measured band for group_by_multi:count at 2,000,000 input rows (taken at 3,163 to 316,227 groups; not every count in the estimate's range is, Benchmarks/results/polars_engine_crossover_2026-09-26-groups.csv)",865065,1009012,428,
2000000,"(g1meanR2) group-by grid, 1 key, rows/2 groups, mean",polars in-memory,11.994,122.8,,,,,,,,,,,,
2000000,"(g1meanR2) group-by grid, 1 key, rows/2 groups, mean",polars streaming,4.318,42.8,,,,,,,,,,,,
2000000,"(g1meanR2) group-by grid, 1 key, rows/2 groups, mean","MetalEngine all, cold",18.959,3.9,GroupBy#1[GroupBy>DataFrameScan],,True,0.23,0.63,group_by:mean|numeric|memory,2000000,,864739,,,
2000000,"(g1meanR2) group-by grid, 1 key, rows/2 groups, mean","MetalEngine all, warm",18.398,3.2,GroupBy#1[GroupBy>DataFrameScan],,True,0.23,0.65,group_by:mean|numeric|memory,2000000,,864739,,,
2000000,"(g1meanR2) group-by grid, 1 key, rows/2 groups, mean","MetalEngine default, cold",12.271,131.6,,,True,0.35,0.98,,,"GroupBy#1: rule: 2,000,000 input rows is below the 3,019,743-row crossover for group_by:mean at every group count measured (Benchmarks/results/polars_engine_crossover_2026-09-26-groups.csv)",864739,,,
2000000,"(g2meanR2) group-by grid, 2 keys, rows/2 groups, mean",polars in-memory,16.901,188.9,,,,,,,,,,,,
2000000,"(g2meanR2) group-by grid, 2 keys, rows/2 groups, mean",polars streaming,8.572,90.0,,,,,,,,,,,,
2000000,"(g2meanR2) group-by grid, 2 keys, rows/2 groups, mean","MetalEngine all, cold",19.438,4.5,GroupBy#1[GroupBy>DataFrameScan],,True,0.44,0.87,group_by_multi:mean|numeric|memory,2000000,,865065,,,
2000000,"(g2meanR2) group-by grid, 2 keys, rows/2 groups, mean","MetalEngine all, warm",18.764,3.8,GroupBy#1[GroupBy>DataFrameScan],,True,0.46,0.90,group_by_multi:mean|numeric|memory,2000000,,865065,,,
2000000,"(g2meanR2) group-by grid, 2 keys, rows/2 groups, mean","MetalEngine default, cold",18.175,182.1,,,True,0.47,0.93,,,"GroupBy#1: rule: estimated 131,328 groups over (k1, k2), a Chao1 estimate from a 512-row sample, 44,117 to 2,000,000: above the measured band for group_by_multi:mean at 2,000,000 input rows (taken at 3,163 to 31,622 groups; not every count in the estimate's range is, Benchmarks/results/polars_engine_crossover_2026-09-26-groups.csv)",865065,131328,118,
2000000,"(g1minmaxR2) group-by grid, 1 key, rows/2 groups, min + max",polars in-memory,13.108,142.0,,,,,,,,,,,,
2000000,"(g1minmaxR2) group-by grid, 1 key, rows/2 groups, min + max",polars streaming,4.627,45.8,,,,,,,,,,,,
2000000,"(g1minmaxR2) group-by grid, 1 key, rows/2 groups, min + max","MetalEngine all, cold",4.274,3.5,GroupBy#1[GroupBy>DataFrameScan],,True,1.08,3.07,group_by:minmax|numeric|memory,2000000,,864739,,,
2000000,"(g1minmaxR2) group-by grid, 1 key, rows/2 groups, min + max","MetalEngine all, warm",3.782,2.9,GroupBy#1[GroupBy>DataFrameScan],,True,1.22,3.47,group_by:minmax|numeric|memory,2000000,,864739,,,
2000000,"(g1minmaxR2) group-by grid, 1 key, rows/2 groups, min + max","MetalEngine default, cold",12.883,144.3,,,True,0.36,1.02,,,"GroupBy#1: rule: estimated 131,328 groups over (k), a Chao1 estimate from a 512-row sample, 44,117 to 2,000,000: above the measured band for group_by:minmax at 2,000,000 input rows (taken at 3,163 to 31,622 groups; not every count in the estimate's range is, Benchmarks/results/polars_engine_crossover_2026-09-26-groups.csv)",864739,131328,103,
2000000,"(g2minmaxR2) group-by grid, 2 keys, rows/2 groups, min + max",polars in-memory,18.643,203.6,,,,,,,,,,,,
2000000,"(g2minmaxR2) group-by grid, 2 keys, rows/2 groups, min + max",polars streaming,9.729,106.9,,,,,,,,,,,,
2000000,"(g2minmaxR2) group-by grid, 2 keys, rows/2 groups, min + max","MetalEngine all, cold",5.298,4.7,GroupBy#1[GroupBy>DataFrameScan],,True,1.84,3.52,group_by_multi:minmax|numeric|memory,2000000,,865065,,,
2000000,"(g2minmaxR2) group-by grid, 2 keys, rows/2 groups, min + max","MetalEngine all, warm",4.651,3.8,GroupBy#1[GroupBy>DataFrameScan],,True,2.09,4.01,group_by_multi:minmax|numeric|memory,2000000,,865065,,,
2000000,"(g2minmaxR2) group-by grid, 2 keys, rows/2 groups, min + max","MetalEngine default, cold",21.471,221.2,,,True,0.45,0.87,,,"GroupBy#1: rule: estimated 1,009,012 groups over (k1, k2), a Chao1 estimate from a 8,192-row sample, 721,299 to 1,604,779: above the measured band for group_by_multi:minmax at 2,000,000 input rows (taken at 31,623 to 316,227 groups; not every count in the estimate's range is, Benchmarks/results/polars_engine_crossover_2026-09-26-groups.csv)",865065,1009012,437,
50000000,(a) filtered sum + count,polars in-memory,15.856,26.2,,,,,,,,,,,,
50000000,(a) filtered sum + count,polars streaming,3.167,41.9,,,,,,,,,,,,
50000000,(a) filtered sum + count,"MetalEngine all, cold",20.420,18.5,Select#3[Select>SimpleProjection>Filter>DataFrameScan],,True,0.16,0.78,aggregate:count+aggregate:sum|numeric|memory,50000000,,,,,
50000000,(a) filtered sum + count,"MetalEngine all, warm",3.159,1.0,Select#3[Select>SimpleProjection>Filter>DataFrameScan],,True,1.00,5.02,aggregate:count+aggregate:sum|numeric|memory,50000000,,,,,
50000000,(a) filtered sum + count,"MetalEngine default, cold",16.334,26.5,,,True,0.19,0.97,,,"Select#3: rule: aggregate:count was not measured ahead of Polars up to 50,000,000 input rows (Benchmarks/results/polars_engine_crossover_2026-09-26-groups.csv) | SimpleProjection#6: rule: rowwise was not measured ahead of Polars up to 50,000,000 input rows (Benchmarks/results/polars_engine_crossover_2026-09-26-groups.csv) | Filter#2: rule: rowwise was not measured ahead of Polars up to 50,000,000 input rows (Benchmarks/results/polars_engine_crossover_2026-09-26-groups.csv)",,,,
50000000,(b) filter + group-by 200 keys + sort desc + limit 10,polars in-memory,32.576,169.2,,,,,,,,,,,,
50000000,(b) filter + group-by 200 keys + sort desc + limit 10,polars streaming,12.636,156.1,,,,,,,,,,,,
50000000,(b) filter + group-by 200 keys + sort desc + limit 10,"MetalEngine all, cold",21.926,13.0,Sort#4[Sort>Filter>GroupBy>Filter>DataFrameScan],,True,0.58,1.49,group_by:count+group_by:sum+top_k|numeric|memory,50000000,,,,,
50000000,(b) filter + group-by 200 keys + sort desc + limit 10,"MetalEngine all, warm",13.154,4.6,Sort#4[Sort>Filter>GroupBy>Filter>DataFrameScan],,True,0.96,2.48,group_by:count+group_by:sum+top_k|numeric|memory,50000000,,,,,
50000000,(b) filter + group-by 200 keys + sort desc + limit 10,"MetalEngine default, cold",34.103,175.0,,,True,0.37,0.96,,,"Sort#4: rule: top_k was not measured ahead of Polars up to 50,000,000 input rows (Benchmarks/results/polars_engine_crossover_2026-09-26-groups.csv) | Filter#5: rule: estimated 191 groups over (region), a Chao1 estimate from a 512-row sample, 189 to 196: below the measured band for group_by:count at 50,000,000 input rows (taken at 3,163 to 3,162,277 groups and at least 12,500,000 groups (rows / 4); not every count in the estimate's range is, Benchmarks/results/polars_engine_crossover_2026-09-26-groups.csv) | GroupBy#7: rule: estimated 191 groups over (region), a Chao1 estimate from a 512-row sample, 189 to 196: below the measured band for group_by:count at 50,000,000 input rows (taken at 3,163 to 3,162,277 groups and at least 12,500,000 groups (rows / 4); not every count in the estimate's range is, Benchmarks/results/polars_engine_crossover_2026-09-26-groups.csv) | Filter#1: rule: rowwise was not measured ahead of Polars up to 50,000,000 input rows (Benchmarks/results/polars_engine_crossover_2026-09-26-groups.csv)",,191;191,103;6,
50000000,"(c) group-by (region, sub) mean + max",polars in-memory,227.639,2364.4,,,,,,,,,,,,
50000000,"(c) group-by (region, sub) mean + max",polars streaming,136.701,1575.4,,,,,,,,,,,,
50000000,"(c) group-by (region, sub) mean + max","MetalEngine all, cold",67.064,22.1,GroupBy#1[GroupBy>DataFrameScan],,True,2.04,3.39,group_by_multi:mean+group_by_multi:minmax|numeric|memory,50000000,,10000,,,
50000000,"(c) group-by (region, sub) mean + max","MetalEngine all, warm",49.950,4.9,GroupBy#1[GroupBy>DataFrameScan],,True,2.74,4.56,group_by_multi:mean+group_by_multi:minmax|numeric|memory,50000000,,10000,,,
50000000,"(c) group-by (region, sub) mean + max","MetalEngine default, cold",68.206,22.5,GroupBy#1,,True,2.00,3.34,,,"GroupBy#1: 50,000,000 input rows is at or above the 2,299,829-row crossover for group_by_multi:minmax at an estimated 6,444 groups over (region, sub), a Chao1 estimate from a 512-row sample, 4,328 to 12,376 (engine table, the 10,000-group bucket, Benchmarks/results/polars_engine_crossover_2026-09-26-groups.csv)",10000,6444,104,
50000000,(d) projection chain then filter,polars in-memory,172.272,172.3,,,,,,,,,,,,
50000000,(d) projection chain then filter,polars streaming,15.144,150.7,,,,,,,,,,,,
50000000,(d) projection chain then filter,"MetalEngine all, cold",52.589,19.1,Filter#2[Filter>Select>HStack>DataFrameScan],,True,0.29,3.28,rowwise|numeric|memory,50000000,,,,,
50000000,(d) projection chain then filter,"MetalEngine all, warm",34.914,1.5,Filter#2[Filter>Select>HStack>DataFrameScan],,True,0.43,4.93,rowwise|numeric|memory,50000000,,,,,
50000000,(d) projection chain then filter,"MetalEngine default, cold",200.380,200.1,,,True,0.08,0.86,,,"Filter#2: rule: rowwise was not measured ahead of Polars up to 50,000,000 input rows (Benchmarks/results/polars_engine_crossover_2026-09-26-groups.csv) | Select#3: rule: rowwise was not measured ahead of Polars up to 50,000,000 input rows (Benchmarks/results/polars_engine_crossover_2026-09-26-groups.csv) | HStack#6: rule: rowwise was not measured ahead of Polars up to 50,000,000 input rows (Benchmarks/results/polars_engine_crossover_2026-09-26-groups.csv)",,,,
50000000,(e) inner join then sum,polars in-memory,24.283,208.8,,,,,,,,,,,,
50000000,(e) inner join then sum,polars streaming,20.994,244.9,,,,,,,,,,,,
50000000,(e) inner join then sum,"MetalEngine all, cold",9.398,4.1,Select#3[Select>SimpleProjection>Join>DataFrameScan>DataFrameScan],,True,2.23,2.58,aggregate:sum+join:inner|numeric|memory,11000000,,,,,
50000000,(e) inner join then sum,"MetalEngine all, warm",6.734,1.5,Select#3[Select>SimpleProjection>Join>DataFrameScan>DataFrameScan],,True,3.12,3.61,aggregate:sum+join:inner|numeric|memory,11000000,,,,,
50000000,(e) inner join then sum,"MetalEngine default, cold",9.645,7.3,SimpleProjection#5,,True,2.18,2.52,,,"SimpleProjection#5: 11,000,000 input rows is at or above the 1,290,248-row crossover for join:inner (engine table, Benchmarks/results/polars_engine_crossover_2026-09-26-groups.csv) | Select#3: rule: aggregate:sum was not measured ahead of Polars up to 50,000,000 input rows (Benchmarks/results/polars_engine_crossover_2026-09-26-groups.csv)",,,,
50000000,(f) semi join,polars in-memory,3.738,34.2,,,,,,,,,,,,
50000000,(f) semi join,polars streaming,2.647,32.5,,,,,,,,,,,,
50000000,(f) semi join,"MetalEngine all, cold",6.570,4.6,Join#2[Join>DataFrameScan>DataFrameScan],,True,0.40,0.57,join:semi|numeric|memory,10001000,,,,,
50000000,(f) semi join,"MetalEngine all, warm",3.723,1.7,Join#2[Join>DataFrameScan>DataFrameScan],,True,0.71,1.00,join:semi|numeric|memory,10001000,,,,,
50000000,(f) semi join,"MetalEngine default, cold",3.858,33.8,,,True,0.69,0.97,,,"Join#2: rule: join:semi was not measured ahead of Polars up to 51,000,000 input rows (Benchmarks/results/polars_engine_crossover_2026-09-26-groups.csv)",,,,
50000000,(g) row_number over partitions,polars in-memory,108.269,650.8,,,,,,,,,,,,
50000000,(g) row_number over partitions,polars streaming,344.064,2130.1,,,,,,,,,,,,
50000000,(g) row_number over partitions,"MetalEngine all, cold",102.625,621.0,,HStack#1: Expression Window has no ArrowMetal translation.,True,1.05,1.05,,,,,,,
50000000,(g) row_number over partitions,"MetalEngine all, warm",104.576,603.0,,HStack#1: Expression Window has no ArrowMetal translation.,True,1.04,1.04,,,,,,,
50000000,(g) row_number over partitions,"MetalEngine default, cold",108.287,653.2,,,True,1.00,1.00,,,,,,,
50000000,(h) as-of join,polars in-memory,162.854,162.3,,,,,,,,,,,,
50000000,(h) as-of join,polars streaming,11.961,129.6,,,,,,,,,,,,
50000000,(h) as-of join,"MetalEngine all, cold",157.820,157.5,,"Join#2: A AsOf join is not translated (inner, left, semi and anti are taken).",True,0.08,1.03,,,,,,,
50000000,(h) as-of join,"MetalEngine all, warm",158.510,158.5,,"Join#2: A AsOf join is not translated (inner, left, semi and anti are taken).",True,0.08,1.03,,,,,,,
50000000,(h) as-of join,"MetalEngine default, cold",160.405,160.2,,,True,0.07,1.02,,,,,,,
50000000,"(i) group-by 1 key, 100 000 groups, sum",polars in-memory,105.052,1253.7,,,,,,,,,,,,
50000000,"(i) group-by 1 key, 100 000 groups, sum",polars streaming,57.877,676.6,,,,,,,,,,,,
50000000,"(i) group-by 1 key, 100 000 groups, sum","MetalEngine all, cold",25.999,15.7,GroupBy#1[GroupBy>DataFrameScan],,True,2.23,4.04,group_by:sum|numeric|memory,50000000,,100000,,,
50000000,"(i) group-by 1 key, 100 000 groups, sum","MetalEngine all, warm",13.255,3.1,GroupBy#1[GroupBy>DataFrameScan],,True,4.37,7.93,group_by:sum|numeric|memory,50000000,,100000,,,
50000000,"(i) group-by 1 key, 100 000 groups, sum","MetalEngine default, cold",26.189,16.0,GroupBy#1,,True,2.21,4.01,,,"GroupBy#1: 50,000,000 input rows is at or above the 11,603,466-row crossover for group_by:sum at an estimated 102,981 groups over (k1), a Chao1 estimate from a 2,048-row sample, 67,758 to 198,392 (engine table, the 100,000-group bucket, Benchmarks/results/polars_engine_crossover_2026-09-26-groups.csv)",100000,102981,165,
50000000,"(j) group-by (k1, k2), sum + count",polars in-memory,815.751,7740.4,,,,,,,,,,,,
50000000,"(j) group-by (k1, k2), sum + count",polars streaming,476.749,5900.2,,,,,,,,,,,,
50000000,"(j) group-by (k1, k2), sum + count","MetalEngine all, cold",477.336,134.0,GroupBy#1[GroupBy>DataFrameScan],,True,1.00,1.71,group_by_multi:count+group_by_multi:sum|numeric|memory,50000000,,39350475,,,
50000000,"(j) group-by (k1, k2), sum + count","MetalEngine all, warm",464.119,115.9,GroupBy#1[GroupBy>DataFrameScan],,True,1.03,1.76,group_by_multi:count+group_by_multi:sum|numeric|memory,50000000,,39350475,,,
50000000,"(j) group-by (k1, k2), sum + count","MetalEngine default, cold",714.414,8074.8,,,True,0.67,1.14,,,"GroupBy#1: rule: estimated 16,775,168 groups over (k1, k2), a Chao1 estimate from a 8,192-row sample, 5,597,184 to 50,000,000: above the measured band for group_by_multi:count at 50,000,000 input rows (taken at 1 to 3,162,277 groups; not every count in the estimate's range is, Benchmarks/results/polars_engine_crossover_2026-09-26-groups.csv)",39350475,16775168,8881,
50000000,"(k) group-by (String, int32), sum",polars in-memory,404.234,5462.6,,,,,,,,,,,,
50000000,"(k) group-by (String, int32), sum",polars streaming,200.164,2778.4,,,,,,,,,,,,
50000000,"(k) group-by (String, int32), sum","MetalEngine all, cold",76.663,42.4,GroupBy#1[GroupBy>DataFrameScan],,True,2.61,5.27,group_by_multi:sum|string|memory,50000000,,1000000,,,
50000000,"(k) group-by (String, int32), sum","MetalEngine all, warm",62.381,29.2,GroupBy#1[GroupBy>DataFrameScan],,True,3.21,6.48,group_by_multi:sum|string|memory,50000000,,1000000,,,
50000000,"(k) group-by (String, int32), sum","MetalEngine default, cold",76.785,42.7,GroupBy#1,,True,2.61,5.26,,,"GroupBy#1: 50,000,000 input rows is at or above the 7,220,150-row crossover for group_by_multi:sum with a String column at an estimated 1,009,012 groups over (name, k2), a Chao1 estimate from a 8,192-row sample, 721,299 to 1,604,779 (engine table, the 1,000,000-group bucket, Benchmarks/results/polars_engine_crossover_2026-09-26-groups.csv)",1000000,1009012,1756,
50000000,"(l) group-by (region, sub), Float64 sum + mean",polars in-memory,242.070,2738.8,,,,,,,,,,,,
50000000,"(l) group-by (region, sub), Float64 sum + mean",polars streaming,140.882,1951.2,,,,,,,,,,,,
50000000,"(l) group-by (region, sub), Float64 sum + mean","MetalEngine all, cold",57.124,16.6,GroupBy#2[GroupBy>HStack>DataFrameScan],,True,2.47,4.24,group_by_multi:mean+group_by_multi:sum|numeric|memory,50000000,,10000,,,
50000000,"(l) group-by (region, sub), Float64 sum + mean","MetalEngine all, warm",45.197,4.5,GroupBy#2[GroupBy>HStack>DataFrameScan],,True,3.12,5.36,group_by_multi:mean+group_by_multi:sum|numeric|memory,50000000,,10000,,,
50000000,"(l) group-by (region, sub), Float64 sum + mean","MetalEngine default, cold",57.546,16.9,GroupBy#2,,True,2.45,4.21,,,"GroupBy#2: 50,000,000 input rows is at or above the 1,620,470-row crossover for group_by_multi:mean at an estimated 6,444 groups over (region, sub), a Chao1 estimate from a 512-row sample, 4,328 to 12,376 (engine table, the 10,000-group bucket, Benchmarks/results/polars_engine_crossover_2026-09-26-groups.csv)",10000,6444,115,
50000000,(m) sort 3 columns by an int64 key,polars in-memory,402.054,4846.4,,,,,,,,,,,,
50000000,(m) sort 3 columns by an int64 key,polars streaming,477.598,4946.2,,,,,,,,,,,,
50000000,(m) sort 3 columns by an int64 key,"MetalEngine all, cold",76.303,28.4,Sort#2[Sort>DataFrameScan],,True,5.27,5.27,sort|numeric|memory,50000000,,,,,
50000000,(m) sort 3 columns by an int64 key,"MetalEngine all, warm",55.427,7.5,Sort#2[Sort>DataFrameScan],,True,7.25,7.25,sort|numeric|memory,50000000,,,,,
50000000,(m) sort 3 columns by an int64 key,"MetalEngine default, cold",77.535,29.6,Sort#2,,True,5.19,5.19,,,"Sort#2: 50,000,000 input rows is at or above the 1,000,000-row crossover for sort (crossover sweep, argsort int64, argsort float64, lexsort (2 int32 keys), Benchmarks/results/router_2026-09-24.json)",,,,
50000000,"(n) top 100 by Float64, descending",polars in-memory,413.568,413.7,,,,,,,,,,,,
50000000,"(n) top 100 by Float64, descending",polars streaming,18.937,192.2,,,,,,,,,,,,
50000000,"(n) top 100 by Float64, descending","MetalEngine all, cold",109.347,27.1,Sort#3[Sort>Filter>DataFrameScan],,True,0.17,3.78,top_k|numeric|memory,50000000,,,,,
50000000,"(n) top 100 by Float64, descending","MetalEngine all, warm",92.100,9.8,Sort#3[Sort>Filter>DataFrameScan],,True,0.21,4.49,top_k|numeric|memory,50000000,,,,,
50000000,"(n) top 100 by Float64, descending","MetalEngine default, cold",414.993,415.4,,,True,0.05,1.00,,,"Sort#3: rule: top_k was not measured ahead of Polars up to 50,000,000 input rows (Benchmarks/results/polars_engine_crossover_2026-09-26-groups.csv)",,,,
50000000,"(o) sort with a String column, by an int64 key",polars in-memory,400.268,4712.4,,,,,,,,,,,,
50000000,"(o) sort with a String column, by an int64 key",polars streaming,501.494,4856.0,,,,,,,,,,,,
50000000,"(o) sort with a String column, by an int64 key","MetalEngine all, cold",272.211,203.1,Sort#2[Sort>DataFrameScan],,True,1.47,1.47,sort|string|memory,50000000,,,,,
50000000,"(o) sort with a String column, by an int64 key","MetalEngine all, warm",267.686,198.4,Sort#2[Sort>DataFrameScan],,True,1.50,1.50,sort|string|memory,50000000,,,,,
50000000,"(o) sort with a String column, by an int64 key","MetalEngine default, cold",273.909,204.7,Sort#2,,True,1.46,1.46,,,"Sort#2: 50,000,000 input rows is at or above the 5,000,000-row crossover for sort with a String column (engine table, Benchmarks/results/polars_engine_crossover_2026-09-26-groups.csv)",,,,
50000000,"(p) filter, then sort by (int32 asc, nullable Float64 desc)",polars in-memory,1023.520,11899.8,,,,,,,,,,,,
50000000,"(p) filter, then sort by (int32 asc, nullable Float64 desc)",polars streaming,1083.005,12436.2,,,,,,,,,,,,
50000000,"(p) filter, then sort by (int32 asc, nullable Float64 desc)","MetalEngine all, cold",397.432,196.8,Sort#3[Sort>HStack>Filter>DataFrameScan],,True,2.58,2.58,sort_helper_keys|string|memory,50000000,,,,,
50000000,"(p) filter, then sort by (int32 asc, nullable Float64 desc)","MetalEngine all, warm",372.452,171.5,Sort#3[Sort>HStack>Filter>DataFrameScan],,True,2.75,2.75,sort_helper_keys|string|memory,50000000,,,,,
50000000,"(p) filter, then sort by (int32 asc, nullable Float64 desc)","MetalEngine default, cold",398.156,197.2,Sort#3,,True,2.57,2.57,,,"Sort#3: 50,000,000 input rows is at or above the 5,000,000-row crossover for sort_helper_keys with a String column (engine table, Benchmarks/results/polars_engine_crossover_2026-09-26-groups.csv)",,,,
50000000,"(q) filter, then sort by (int32 asc, int64 desc)",polars in-memory,739.528,8725.9,,,,,,,,,,,,
50000000,"(q) filter, then sort by (int32 asc, int64 desc)",polars streaming,752.898,8902.6,,,,,,,,,,,,
50000000,"(q) filter, then sort by (int32 asc, int64 desc)","MetalEngine all, cold",118.369,37.2,Sort#3[Sort>Filter>DataFrameScan],,True,6.25,6.25,sort|numeric|memory,50000000,,,,,
50000000,"(q) filter, then sort by (int32 asc, int64 desc)","MetalEngine all, warm",94.512,12.8,Sort#3[Sort>Filter>DataFrameScan],,True,7.82,7.82,sort|numeric|memory,50000000,,,,,
50000000,"(q) filter, then sort by (int32 asc, int64 desc)","MetalEngine default, cold",119.557,37.0,Sort#3,,True,6.19,6.19,,,"Sort#3: 50,000,000 input rows is at or above the 1,000,000-row crossover for sort (crossover sweep, argsort int64, argsort float64, lexsort (2 int32 keys), Benchmarks/results/router_2026-09-24.json)",,,,
50000000,"(r) unique over (region, sub), keep first",polars in-memory,263.526,3110.5,,,,,,,,,,,,
50000000,"(r) unique over (region, sub), keep first",polars streaming,241.511,3424.7,,,,,,,,,,,,
50000000,"(r) unique over (region, sub), keep first","MetalEngine all, cold",35.165,27.2,Distinct#1[Distinct>DataFrameScan],,True,6.87,7.49,distinct|numeric|memory,50000000,,,,,
50000000,"(r) unique over (region, sub), keep first","MetalEngine all, warm",8.840,3.1,Distinct#1[Distinct>DataFrameScan],,True,27.32,29.81,distinct|numeric|memory,50000000,,,,,
50000000,"(r) unique over (region, sub), keep first","MetalEngine default, cold",29.792,23.5,Distinct#1,,True,8.11,8.85,,,"Distinct#1: 50,000,000 input rows is at or above the 3,360,943-row crossover for distinct (engine table, Benchmarks/results/polars_engine_crossover_2026-09-26-groups.csv)",,,,
50000000,(a2) filtered min + max,polars in-memory,16.602,28.6,,,,,,,,,,,,
50000000,(a2) filtered min + max,polars streaming,3.620,50.3,,,,,,,,,,,,
50000000,(a2) filtered min + max,"MetalEngine all, cold",20.548,16.8,Select#3[Select>SimpleProjection>Filter>DataFrameScan],,True,0.18,0.81,aggregate:minmax|numeric|memory,50000000,,,,,
50000000,(a2) filtered min + max,"MetalEngine all, warm",4.914,1.2,Select#3[Select>SimpleProjection>Filter>DataFrameScan],,True,0.74,3.38,aggregate:minmax|numeric|memory,50000000,,,,,
50000000,(a2) filtered min + max,"MetalEngine default, cold",16.819,28.6,,,True,0.22,0.99,,,"Select#3: rule: aggregate:minmax was not measured ahead of Polars up to 50,000,000 input rows (Benchmarks/results/polars_engine_crossover_2026-09-26-groups.csv) | SimpleProjection#6: rule: rowwise was not measured ahead of Polars up to 50,000,000 input rows (Benchmarks/results/polars_engine_crossover_2026-09-26-groups.csv) | Filter#2: rule: rowwise was not measured ahead of Polars up to 50,000,000 input rows (Benchmarks/results/polars_engine_crossover_2026-09-26-groups.csv)",,,,
50000000,(a3) filtered mean,polars in-memory,16.626,26.8,,,,,,,,,,,,
50000000,(a3) filtered mean,polars streaming,3.629,48.8,,,,,,,,,,,,
50000000,(a3) filtered mean,"MetalEngine all, cold",26.446,16.4,Select#3[Select>SimpleProjection>Filter>DataFrameScan],,True,0.14,0.63,aggregate:mean|numeric|memory,50000000,,,,,
50000000,(a3) filtered mean,"MetalEngine all, warm",10.807,0.9,Select#3[Select>SimpleProjection>Filter>DataFrameScan],,True,0.34,1.54,aggregate:mean|numeric|memory,50000000,,,,,
50000000,(a3) filtered mean,"MetalEngine default, cold",16.850,27.1,,,True,0.22,0.99,,,"Select#3: rule: aggregate:mean was not measured ahead of Polars up to 50,000,000 input rows (Benchmarks/results/polars_engine_crossover_2026-09-26-groups.csv) | SimpleProjection#6: rule: rowwise was not measured ahead of Polars up to 50,000,000 input rows (Benchmarks/results/polars_engine_crossover_2026-09-26-groups.csv) | Filter#2: rule: rowwise was not measured ahead of Polars up to 50,000,000 input rows (Benchmarks/results/polars_engine_crossover_2026-09-26-groups.csv)",,,,
50000000,(a4) filtered count,polars in-memory,8.637,9.9,,,,,,,,,,,,
50000000,(a4) filtered count,polars streaming,2.318,31.3,,,,,,,,,,,,
50000000,(a4) filtered count,"MetalEngine all, cold",13.409,12.4,Select#3[Select>DataFrameScan],,True,0.17,0.64,aggregate:sum|numeric|memory,50000000,,,,,
50000000,(a4) filtered count,"MetalEngine all, warm",1.839,0.8,Select#3[Select>DataFrameScan],,True,1.26,4.70,aggregate:sum|numeric|memory,50000000,,,,,
50000000,(a4) filtered count,"MetalEngine default, cold",9.188,10.7,,,True,0.25,0.94,,,"Select#3: rule: aggregate:sum was not measured ahead of Polars up to 50,000,000 input rows (Benchmarks/results/polars_engine_crossover_2026-09-26-groups.csv)",,,,
50000000,"(t1) group-by 1 key, 200 groups, sum",polars in-memory,11.846,167.2,,,,,,,,,,,,
50000000,"(t1) group-by 1 key, 200 groups, sum",polars streaming,12.347,176.7,,,,,,,,,,,,
50000000,"(t1) group-by 1 key, 200 groups, sum","MetalEngine all, cold",20.599,14.7,GroupBy#1[GroupBy>DataFrameScan],,True,0.58,0.58,group_by:sum|numeric|memory,50000000,,200,,,
50000000,"(t1) group-by 1 key, 200 groups, sum","MetalEngine all, warm",8.543,2.7,GroupBy#1[GroupBy>DataFrameScan],,True,1.39,1.39,group_by:sum|numeric|memory,50000000,,200,,,
50000000,"(t1) group-by 1 key, 200 groups, sum","MetalEngine default, cold",11.852,155.6,,,True,1.00,1.00,,,"GroupBy#1: rule: estimated 191 groups over (region), a Chao1 estimate from a 512-row sample, 189 to 196: below the measured band for group_by:sum at 50,000,000 input rows (taken at 3,163 to 3,162,277 groups; not every count in the estimate's range is, Benchmarks/results/polars_engine_crossover_2026-09-26-groups.csv)",200,191,76,
50000000,"(t2) group-by 1 key, 200 groups, count",polars in-memory,11.151,158.6,,,,,,,,,,,,
50000000,"(t2) group-by 1 key, 200 groups, count",polars streaming,11.214,162.2,,,,,,,,,,,,
50000000,"(t2) group-by 1 key, 200 groups, count","MetalEngine all, cold",12.102,6.8,GroupBy#1[GroupBy>DataFrameScan],,True,0.92,0.92,group_by:count|numeric|memory,50000000,,200,,,
50000000,"(t2) group-by 1 key, 200 groups, count","MetalEngine all, warm",8.466,2.7,GroupBy#1[GroupBy>DataFrameScan],,True,1.32,1.32,group_by:count|numeric|memory,50000000,,200,,,
50000000,"(t2) group-by 1 key, 200 groups, count","MetalEngine default, cold",10.399,142.6,,,True,1.07,1.07,,,"GroupBy#1: rule: estimated 191 groups over (region), a Chao1 estimate from a 512-row sample, 189 to 196: below the measured band for group_by:count at 50,000,000 input rows (taken at 3,163 to 3,162,277 groups and at least 12,500,000 groups (rows / 4); not every count in the estimate's range is, Benchmarks/results/polars_engine_crossover_2026-09-26-groups.csv)",200,191,68,
50000000,"(t3) group-by 1 key, 200 groups, mean",polars in-memory,13.013,177.0,,,,,,,,,,,,
50000000,"(t3) group-by 1 key, 200 groups, mean",polars streaming,13.537,194.5,,,,,,,,,,,,
50000000,"(t3) group-by 1 key, 200 groups, mean","MetalEngine all, cold",36.668,15.4,GroupBy#1[GroupBy>DataFrameScan],,True,0.35,0.35,group_by:mean|numeric|memory,50000000,,200,,,
50000000,"(t3) group-by 1 key, 200 groups, mean","MetalEngine all, warm",24.081,3.1,GroupBy#1[GroupBy>DataFrameScan],,True,0.54,0.54,group_by:mean|numeric|memory,50000000,,200,,,
50000000,"(t3) group-by 1 key, 200 groups, mean","MetalEngine default, cold",12.352,170.7,,,True,1.05,1.05,,,"GroupBy#1: rule: estimated 191 groups over (region), a Chao1 estimate from a 512-row sample, 189 to 196: below the measured band for group_by:mean at 50,000,000 input rows (taken at 3,163 to 3,162,277 groups; not every count in the estimate's range is, Benchmarks/results/polars_engine_crossover_2026-09-26-groups.csv)",200,191,75,
50000000,"(t4) group-by 1 key, 200 groups, min + max",polars in-memory,18.694,264.0,,,,,,,,,,,,
50000000,"(t4) group-by 1 key, 200 groups, min + max",polars streaming,19.094,279.0,,,,,,,,,,,,
50000000,"(t4) group-by 1 key, 200 groups, min + max","MetalEngine all, cold",24.442,15.1,GroupBy#1[GroupBy>DataFrameScan],,True,0.76,0.76,group_by:minmax|numeric|memory,50000000,,200,,,
50000000,"(t4) group-by 1 key, 200 groups, min + max","MetalEngine all, warm",11.839,3.0,GroupBy#1[GroupBy>DataFrameScan],,True,1.58,1.58,group_by:minmax|numeric|memory,50000000,,200,,,
50000000,"(t4) group-by 1 key, 200 groups, min + max","MetalEngine default, cold",18.231,255.4,,,True,1.03,1.03,,,"GroupBy#1: rule: estimated 191 groups over (region), a Chao1 estimate from a 512-row sample, 189 to 196: below the measured band for group_by:minmax at 50,000,000 input rows (taken at 3,163 to 3,162,277 groups; not every count in the estimate's range is, Benchmarks/results/polars_engine_crossover_2026-09-26-groups.csv)",200,191,76,
50000000,"(t5) group-by 1 key, 100 000 groups, count",polars in-memory,81.078,1034.8,,,,,,,,,,,,
50000000,"(t5) group-by 1 key, 100 000 groups, count",polars streaming,46.946,632.2,,,,,,,,,,,,
50000000,"(t5) group-by 1 key, 100 000 groups, count","MetalEngine all, cold",14.870,7.2,GroupBy#1[GroupBy>DataFrameScan],,True,3.16,5.45,group_by:count|numeric|memory,50000000,,100000,,,
50000000,"(t5) group-by 1 key, 100 000 groups, count","MetalEngine all, warm",9.923,2.8,GroupBy#1[GroupBy>DataFrameScan],,True,4.73,8.17,group_by:count|numeric|memory,50000000,,100000,,,
50000000,"(t5) group-by 1 key, 100 000 groups, count","MetalEngine default, cold",14.399,7.1,GroupBy#1,,True,3.26,5.63,,,"GroupBy#1: 50,000,000 input rows is at or above the 2,709,933-row crossover for group_by:count at an estimated 102,981 groups over (k1), a Chao1 estimate from a 2,048-row sample, 67,758 to 198,392 (engine table, the 100,000-group bucket, Benchmarks/results/polars_engine_crossover_2026-09-26-groups.csv)",100000,102981,139,
50000000,"(t6) group-by 1 key, 100 000 groups, mean",polars in-memory,105.815,1439.2,,,,,,,,,,,,
50000000,"(t6) group-by 1 key, 100 000 groups, mean",polars streaming,62.948,793.2,,,,,,,,,,,,
50000000,"(t6) group-by 1 key, 100 000 groups, mean","MetalEngine all, cold",53.134,17.7,GroupBy#1[GroupBy>DataFrameScan],,True,1.18,1.99,group_by:mean|numeric|memory,50000000,,100000,,,
50000000,"(t6) group-by 1 key, 100 000 groups, mean","MetalEngine all, warm",38.940,3.7,GroupBy#1[GroupBy>DataFrameScan],,True,1.62,2.72,group_by:mean|numeric|memory,50000000,,100000,,,
50000000,"(t6) group-by 1 key, 100 000 groups, mean","MetalEngine default, cold",51.797,16.1,GroupBy#1,,True,1.22,2.04,,,"GroupBy#1: 50,000,000 input rows is at or above the 10,777,521-row crossover for group_by:mean at an estimated 102,981 groups over (k1), a Chao1 estimate from a 2,048-row sample, 67,758 to 198,392 (engine table, the 100,000-group bucket, Benchmarks/results/polars_engine_crossover_2026-09-26-groups.csv)",100000,102981,128,
50000000,"(t7) group-by 1 key, 100 000 groups, min + max",polars in-memory,128.156,1799.2,,,,,,,,,,,,
50000000,"(t7) group-by 1 key, 100 000 groups, min + max",polars streaming,107.581,1279.1,,,,,,,,,,,,
50000000,"(t7) group-by 1 key, 100 000 groups, min + max","MetalEngine all, cold",42.769,19.7,GroupBy#1[GroupBy>DataFrameScan],,True,2.52,3.00,group_by:minmax|numeric|memory,50000000,,100000,,,
50000000,"(t7) group-by 1 key, 100 000 groups, min + max","MetalEngine all, warm",26.258,3.3,GroupBy#1[GroupBy>DataFrameScan],,True,4.10,4.88,group_by:minmax|numeric|memory,50000000,,100000,,,
50000000,"(t7) group-by 1 key, 100 000 groups, min + max","MetalEngine default, cold",39.433,16.5,GroupBy#1,,True,2.73,3.25,,,"GroupBy#1: 50,000,000 input rows is at or above the 3,329,556-row crossover for group_by:minmax at an estimated 102,981 groups over (k1), a Chao1 estimate from a 2,048-row sample, 67,758 to 198,392 (engine table, the 100,000-group bucket, Benchmarks/results/polars_engine_crossover_2026-09-26-groups.csv)",100000,102981,132,
50000000,"(v1) group-by (region, sub), sum",polars in-memory,233.551,2773.0,,,,,,,,,,,,
50000000,"(v1) group-by (region, sub), sum",polars streaming,151.279,2037.7,,,,,,,,,,,,
50000000,"(v1) group-by (region, sub), sum","MetalEngine all, cold",36.251,24.5,GroupBy#1[GroupBy>DataFrameScan],,True,4.17,6.44,group_by_multi:sum|numeric|memory,50000000,,10000,,,
50000000,"(v1) group-by (region, sub), sum","MetalEngine all, warm",13.215,3.6,GroupBy#1[GroupBy>DataFrameScan],,True,11.45,17.67,group_by_multi:sum|numeric|memory,50000000,,10000,,,
50000000,"(v1) group-by (region, sub), sum","MetalEngine default, cold",30.541,20.7,GroupBy#1,,True,4.95,7.65,,,"GroupBy#1: 50,000,000 input rows is at or above the 1,291,465-row crossover for group_by_multi:sum at an estimated 6,444 groups over (region, sub), a Chao1 estimate from a 512-row sample, 4,328 to 12,376 (engine table, the 10,000-group bucket, Benchmarks/results/polars_engine_crossover_2026-09-26-groups.csv)",10000,6444,114,
50000000,"(v2) group-by (region, sub), count",polars in-memory,195.564,2166.4,,,,,,,,,,,,
50000000,"(v2) group-by (region, sub), count",polars streaming,142.328,1932.1,,,,,,,,,,,,
50000000,"(v2) group-by (region, sub), count","MetalEngine all, cold",21.767,14.8,GroupBy#1[GroupBy>DataFrameScan],,True,6.54,8.98,group_by_multi:count|numeric|memory,50000000,,10000,,,
50000000,"(v2) group-by (region, sub), count","MetalEngine all, warm",10.606,3.6,GroupBy#1[GroupBy>DataFrameScan],,True,13.42,18.44,group_by_multi:count|numeric|memory,50000000,,10000,,,
50000000,"(v2) group-by (region, sub), count","MetalEngine default, cold",20.067,13.1,GroupBy#1,,True,7.09,9.75,,,"GroupBy#1: 50,000,000 input rows is at or above the 736,547-row crossover for group_by_multi:count at an estimated 6,444 groups over (region, sub), a Chao1 estimate from a 512-row sample, 4,328 to 12,376 (engine table, the 10,000-group bucket, Benchmarks/results/polars_engine_crossover_2026-09-26-groups.csv)",10000,6444,111,
50000000,"(v3) group-by (k1, k2), mean",polars in-memory,785.338,9746.3,,,,,,,,,,,,
50000000,"(v3) group-by (k1, k2), mean",polars streaming,491.965,6418.7,,,,,,,,,,,,
50000000,"(v3) group-by (k1, k2), mean","MetalEngine all, cold",706.498,55.4,GroupBy#1[GroupBy>DataFrameScan],,True,0.70,1.11,group_by_multi:mean|numeric|memory,50000000,,39350475,,,
50000000,"(v3) group-by (k1, k2), mean","MetalEngine all, warm",658.238,38.9,GroupBy#1[GroupBy>DataFrameScan],,True,0.75,1.19,group_by_multi:mean|numeric|memory,50000000,,39350475,,,
50000000,"(v3) group-by (k1, k2), mean","MetalEngine default, cold",886.723,11323.4,,,True,0.55,0.89,,,"GroupBy#1: rule: estimated 16,775,168 groups over (k1, k2), a Chao1 estimate from a 8,192-row sample, 5,597,184 to 50,000,000: above the measured band for group_by_multi:mean at 50,000,000 input rows (taken at 3,163 to 3,162,277 groups; not every count in the estimate's range is, Benchmarks/results/polars_engine_crossover_2026-09-26-groups.csv)",39350475,16775168,10398,
50000000,"(v4) group-by (k1, k2), min + max",polars in-memory,1017.489,12841.2,,,,,,,,,,,,
50000000,"(v4) group-by (k1, k2), min + max",polars streaming,560.196,7630.3,,,,,,,,,,,,
50000000,"(v4) group-by (k1, k2), min + max","MetalEngine all, cold",573.185,70.6,GroupBy#1[GroupBy>DataFrameScan],,True,0.98,1.78,group_by_multi:minmax|numeric|memory,50000000,,39350475,,,
50000000,"(v4) group-by (k1, k2), min + max","MetalEngine all, warm",672.333,31.4,GroupBy#1[GroupBy>DataFrameScan],,True,0.83,1.51,group_by_multi:minmax|numeric|memory,50000000,,39350475,,,
50000000,"(v4) group-by (k1, k2), min + max","MetalEngine default, cold",1058.448,12825.4,,,True,0.53,0.96,,,"GroupBy#1: rule: estimated 16,775,168 groups over (k1, k2), a Chao1 estimate from a 8,192-row sample, 5,597,184 to 50,000,000: above the measured band for group_by_multi:minmax at 50,000,000 input rows (taken at 448 to 3,162,277 groups; not every count in the estimate's range is, Benchmarks/results/polars_engine_crossover_2026-09-26-groups.csv)",39350475,16775168,12468,
50000000,"(w1) inner join, 1M-row build side",polars in-memory,112.213,972.2,,,,,,,,,,,,
50000000,"(w1) inner join, 1M-row build side",polars streaming,112.711,1556.8,,,,,,,,,,,,
50000000,"(w1) inner join, 1M-row build side","MetalEngine all, cold",47.916,25.7,Join#2[Join>DataFrameScan>DataFrameScan],,True,2.34,2.34,join:inner|numeric|memory,51000000,,,,,
50000000,"(w1) inner join, 1M-row build side","MetalEngine all, warm",23.497,1.3,Join#2[Join>DataFrameScan>DataFrameScan],,True,4.78,4.78,join:inner|numeric|memory,51000000,,,,,
50000000,"(w1) inner join, 1M-row build side","MetalEngine default, cold",40.160,17.9,Join#2,,True,2.79,2.79,,,"Join#2: 51,000,000 input rows is at or above the 1,290,248-row crossover for join:inner (engine table, Benchmarks/results/polars_engine_crossover_2026-09-26-groups.csv)",,,,
50000000,"(w2) left join, 1M-row build side",polars in-memory,282.642,1416.0,,,,,,,,,,,,
50000000,"(w2) left join, 1M-row build side",polars streaming,110.300,1556.5,,,,,,,,,,,,
50000000,"(w2) left join, 1M-row build side","MetalEngine all, cold",56.640,29.4,Join#2[Join>DataFrameScan>DataFrameScan],,True,1.95,4.99,join:left|numeric|memory,51000000,,,,,
50000000,"(w2) left join, 1M-row build side","MetalEngine all, warm",30.078,2.6,Join#2[Join>DataFrameScan>DataFrameScan],,True,3.67,9.40,join:left|numeric|memory,51000000,,,,,
50000000,"(w2) left join, 1M-row build side","MetalEngine default, cold",48.055,20.5,Join#2,,True,2.30,5.88,,,"Join#2: 51,000,000 input rows is at or above the 1,250,000-row crossover for join:left (engine table, Benchmarks/results/polars_engine_crossover_2026-09-26-groups.csv)",,,,
50000000,"(w3) semi join, 1M-row build side",polars in-memory,93.612,1113.5,,,,,,,,,,,,
50000000,"(w3) semi join, 1M-row build side",polars streaming,112.651,1623.4,,,,,,,,,,,,
50000000,"(w3) semi join, 1M-row build side","MetalEngine all, cold",46.048,22.6,Join#2[Join>DataFrameScan>DataFrameScan],,True,2.03,2.03,join:semi|numeric|memory,51000000,,,,,
50000000,"(w3) semi join, 1M-row build side","MetalEngine all, warm",26.220,2.8,Join#2[Join>DataFrameScan>DataFrameScan],,True,3.57,3.57,join:semi|numeric|memory,51000000,,,,,
50000000,"(w3) semi join, 1M-row build side","MetalEngine default, cold",99.862,1196.7,,,True,0.94,0.94,,,"Join#2: rule: join:semi was not measured ahead of Polars up to 51,000,000 input rows (Benchmarks/results/polars_engine_crossover_2026-09-26-groups.csv)",,,,
50000000,"(w4) anti join, 1M-row build side",polars in-memory,99.678,1081.4,,,,,,,,,,,,
50000000,"(w4) anti join, 1M-row build side",polars streaming,107.553,1501.1,,,,,,,,,,,,
50000000,"(w4) anti join, 1M-row build side","MetalEngine all, cold",47.715,24.2,Join#2[Join>DataFrameScan>DataFrameScan],,True,2.09,2.09,join:anti|numeric|memory,51000000,,,,,
50000000,"(w4) anti join, 1M-row build side","MetalEngine all, warm",26.427,2.9,Join#2[Join>DataFrameScan>DataFrameScan],,True,3.77,3.77,join:anti|numeric|memory,51000000,,,,,
50000000,"(w4) anti join, 1M-row build side","MetalEngine default, cold",42.285,18.7,Join#2,,True,2.36,2.36,,,"Join#2: 51,000,000 input rows is at or above the 2,515,388-row crossover for join:anti (engine table, Benchmarks/results/polars_engine_crossover_2026-09-26-groups.csv)",,,,
50000000,"(x1) unique over (k1, k2), keep first",polars in-memory,1039.845,9719.1,,,,,,,,,,,,
50000000,"(x1) unique over (k1, k2), keep first",polars streaming,693.163,9542.3,,,,,,,,,,,,
50000000,"(x1) unique over (k1, k2), keep first","MetalEngine all, cold",289.816,58.3,Distinct#2[Distinct>DataFrameScan],,True,2.39,3.59,distinct|numeric|memory,50000000,,,,,
50000000,"(x1) unique over (k1, k2), keep first","MetalEngine all, warm",355.933,35.9,Distinct#2[Distinct>DataFrameScan],,True,1.95,2.92,distinct|numeric|memory,50000000,,,,,
50000000,"(x1) unique over (k1, k2), keep first","MetalEngine default, cold",326.920,51.5,Distinct#2,,True,2.12,3.18,,,"Distinct#2: 50,000,000 input rows is at or above the 3,360,943-row crossover for distinct (engine table, Benchmarks/results/polars_engine_crossover_2026-09-26-groups.csv)",,,,
50000000,"(x2) sort by a nullable Float64 key, descending",polars in-memory,676.344,7640.3,,,,,,,,,,,,
50000000,"(x2) sort by a nullable Float64 key, descending",polars streaming,702.222,7525.1,,,,,,,,,,,,
50000000,"(x2) sort by a nullable Float64 key, descending","MetalEngine all, cold",165.212,29.9,Sort#2[Sort>Select>DataFrameScan],,True,4.09,4.09,sort_helper_keys|numeric|memory,50000000,,,,,
50000000,"(x2) sort by a nullable Float64 key, descending","MetalEngine all, warm",155.659,6.9,Sort#2[Sort>Select>DataFrameScan],,True,4.35,4.35,sort_helper_keys|numeric|memory,50000000,,,,,
50000000,"(x2) sort by a nullable Float64 key, descending","MetalEngine default, cold",227.177,28.5,Sort#2,,True,2.98,2.98,,,"Sort#2: 50,000,000 input rows is at or above the 1,000,000-row crossover for sort_helper_keys (crossover sweep, argsort int64, argsort float64, lexsort (2 int32 keys), Benchmarks/results/router_2026-09-24.json)",,,,
50000000,(x3) top 100 by an int64 key,polars in-memory,428.617,428.8,,,,,,,,,,,,
50000000,(x3) top 100 by an int64 key,polars streaming,17.414,192.2,,,,,,,,,,,,
50000000,(x3) top 100 by an int64 key,"MetalEngine all, cold",26.415,20.9,Sort#3[Sort>Filter>DataFrameScan],,True,0.66,16.23,top_k|numeric|memory,50000000,,,,,
50000000,(x3) top 100 by an int64 key,"MetalEngine all, warm",8.782,3.3,Sort#3[Sort>Filter>DataFrameScan],,True,1.98,48.81,top_k|numeric|memory,50000000,,,,,
50000000,(x3) top 100 by an int64 key,"MetalEngine default, cold",424.011,424.2,,,True,0.04,1.01,,,"Sort#3: rule: top_k was not measured ahead of Polars up to 50,000,000 input rows (Benchmarks/results/polars_engine_crossover_2026-09-26-groups.csv)",,,,
50000000,"(y1) group-by a String key (1000 values), sum",polars in-memory,157.448,2028.1,,,,,,,,,,,,
50000000,"(y1) group-by a String key (1000 values), sum",polars streaming,30.703,443.3,,,,,,,,,,,,
50000000,"(y1) group-by a String key (1000 values), sum","MetalEngine all, cold",58.978,40.1,GroupBy#1[GroupBy>DataFrameScan],,True,0.52,2.67,group_by:sum|string|memory,50000000,,1000,,,
50000000,"(y1) group-by a String key (1000 values), sum","MetalEngine all, warm",44.696,25.9,GroupBy#1[GroupBy>DataFrameScan],,True,0.69,3.52,group_by:sum|string|memory,50000000,,1000,,,
50000000,"(y1) group-by a String key (1000 values), sum","MetalEngine default, cold",173.733,2086.5,,,True,0.18,0.91,,,"GroupBy#1: rule: group_by:sum with a String column was not measured ahead of Polars at any group count (group_by:sum with a String column was not measured ahead of Polars up to 50,000,000 input rows (Benchmarks/results/polars_engine_crossover_2026-09-26-groups.csv))",1000,,,
50000000,(y2) filter by a String equality,polars in-memory,36.194,39.7,,,,,,,,,,,,
50000000,(y2) filter by a String equality,polars streaming,4.878,63.7,,,,,,,,,,,,
50000000,(y2) filter by a String equality,"MetalEngine all, cold",49.774,41.8,Filter#2[Filter>DataFrameScan],,True,0.10,0.73,rowwise|string|memory,50000000,,,,,
50000000,(y2) filter by a String equality,"MetalEngine all, warm",31.850,24.9,Filter#2[Filter>DataFrameScan],,True,0.15,1.14,rowwise|string|memory,50000000,,,,,
50000000,(y2) filter by a String equality,"MetalEngine default, cold",23.262,25.2,,,True,0.21,1.56,,,"Filter#2: rule: rowwise with a String column was not measured ahead of Polars up to 50,000,000 input rows (Benchmarks/results/polars_engine_crossover_2026-09-26-groups.csv)",,,,
50000000,"(y3) filter by a String prefix, then sum",polars in-memory,189.599,196.9,,,,,,,,,,,,
50000000,"(y3) filter by a String prefix, then sum",polars streaming,14.458,214.5,,,,,,,,,,,,
50000000,"(y3) filter by a String prefix, then sum","MetalEngine all, cold",36.265,30.7,Select#2[Select>SimpleProjection>Filter>DataFrameScan],,True,0.40,5.23,aggregate:sum|string|memory,50000000,,,,,
50000000,"(y3) filter by a String prefix, then sum","MetalEngine all, warm",26.212,20.6,Select#2[Select>SimpleProjection>Filter>DataFrameScan],,True,0.55,7.23,aggregate:sum|string|memory,50000000,,,,,
50000000,"(y3) filter by a String prefix, then sum","MetalEngine default, cold",190.276,196.2,,,True,0.08,1.00,,,"Select#2: rule: aggregate:sum with a String column was not measured ahead of Polars up to 50,000,000 input rows (Benchmarks/results/polars_engine_crossover_2026-09-26-groups.csv) | SimpleProjection#5: rule: rowwise with a String column was not measured ahead of Polars up to 50,000,000 input rows (Benchmarks/results/polars_engine_crossover_2026-09-26-groups.csv) | Filter#1: rule: rowwise with a String column was not measured ahead of Polars up to 50,000,000 input rows (Benchmarks/results/polars_engine_crossover_2026-09-26-groups.csv)",,,,
50000000,(y4) inner join on a String key,polars in-memory,124.949,1212.7,,,,,,,,,,,,
50000000,(y4) inner join on a String key,polars streaming,67.253,950.9,,,,,,,,,,,,
50000000,(y4) inner join on a String key,"MetalEngine all, cold",165.915,129.7,Join#3[Join>DataFrameScan>DataFrameScan],,True,0.41,0.75,join:inner|string|memory,50000500,,,,,
50000000,(y4) inner join on a String key,"MetalEngine all, warm",156.961,121.0,Join#3[Join>DataFrameScan>DataFrameScan],,True,0.43,0.80,join:inner|string|memory,50000500,,,,,
50000000,(y4) inner join on a String key,"MetalEngine default, cold",126.995,1230.7,,,True,0.53,0.98,,,"Join#3: rule: join:inner with a String column was not measured ahead of Polars up to 50,000,500 input rows (Benchmarks/results/polars_engine_crossover_2026-09-26-groups.csv)",,,,
50000000,"(y5) unique over (String, int32), keep first",polars in-memory,489.834,6298.7,,,,,,,,,,,,
50000000,"(y5) unique over (String, int32), keep first",polars streaming,488.569,5898.4,,,,,,,,,,,,
50000000,"(y5) unique over (String, int32), keep first","MetalEngine all, cold",78.699,52.3,Distinct#2[Distinct>DataFrameScan],,True,6.21,6.22,distinct|string|memory,50000000,,,,,
50000000,"(y5) unique over (String, int32), keep first","MetalEngine all, warm",58.628,31.7,Distinct#2[Distinct>DataFrameScan],,True,8.33,8.35,distinct|string|memory,50000000,,,,,
50000000,"(y5) unique over (String, int32), keep first","MetalEngine default, cold",70.687,44.9,Distinct#2,,True,6.91,6.93,,,"Distinct#2: 50,000,000 input rows is at or above the 5,000,000-row crossover for distinct with a String column (engine table, Benchmarks/results/polars_engine_crossover_2026-09-26-groups.csv)",,,,
50000000,(y6) top 100 by an int64 key with a String column,polars in-memory,420.575,420.8,,,,,,,,,,,,
50000000,(y6) top 100 by an int64 key with a String column,polars streaming,18.995,191.2,,,,,,,,,,,,
50000000,(y6) top 100 by an int64 key with a String column,"MetalEngine all, cold",43.169,32.9,Sort#3[Sort>Filter>DataFrameScan],,True,0.44,9.74,top_k|string|memory,50000000,,,,,
50000000,(y6) top 100 by an int64 key with a String column,"MetalEngine all, warm",33.723,24.5,Sort#3[Sort>Filter>DataFrameScan],,True,0.56,12.47,top_k|string|memory,50000000,,,,,
50000000,(y6) top 100 by an int64 key with a String column,"MetalEngine default, cold",424.169,424.4,,,True,0.04,0.99,,,"Sort#3: rule: top_k with a String column was not measured ahead of Polars up to 50,000,000 input rows (Benchmarks/results/polars_engine_crossover_2026-09-26-groups.csv)",,,,
50000000,"(g1sum200) group-by grid, 1 key, 200 groups, sum",polars in-memory,11.003,156.2,,,,,,,,,,,,
50000000,"(g1sum200) group-by grid, 1 key, 200 groups, sum",polars streaming,10.757,154.8,,,,,,,,,,,,
50000000,"(g1sum200) group-by grid, 1 key, 200 groups, sum","MetalEngine all, cold",21.378,15.5,GroupBy#1[GroupBy>DataFrameScan],,True,0.50,0.51,group_by:sum|numeric|memory,50000000,,200,,,
50000000,"(g1sum200) group-by grid, 1 key, 200 groups, sum","MetalEngine all, warm",8.404,2.6,GroupBy#1[GroupBy>DataFrameScan],,True,1.28,1.31,group_by:sum|numeric|memory,50000000,,200,,,
50000000,"(g1sum200) group-by grid, 1 key, 200 groups, sum","MetalEngine default, cold",11.273,155.7,,,True,0.95,0.98,,,"GroupBy#1: rule: estimated 193 groups over (k), a Chao1 estimate from a 512-row sample, 190 to 196: below the measured band for group_by:sum at 50,000,000 input rows (taken at 3,163 to 3,162,277 groups; not every count in the estimate's range is, Benchmarks/results/polars_engine_crossover_2026-09-26-groups.csv)",200,193,81,
50000000,"(g2sum200) group-by grid, 2 keys, 200 groups, sum",polars in-memory,38.766,563.7,,,,,,,,,,,,
50000000,"(g2sum200) group-by grid, 2 keys, 200 groups, sum",polars streaming,39.039,556.5,,,,,,,,,,,,
50000000,"(g2sum200) group-by grid, 2 keys, 200 groups, sum","MetalEngine all, cold",33.191,26.5,GroupBy#1[GroupBy>DataFrameScan],,True,1.17,1.17,group_by_multi:sum|numeric|memory,50000000,,200,,,
50000000,"(g2sum200) group-by grid, 2 keys, 200 groups, sum","MetalEngine all, warm",9.583,3.5,GroupBy#1[GroupBy>DataFrameScan],,True,4.05,4.05,group_by_multi:sum|numeric|memory,50000000,,200,,,
50000000,"(g2sum200) group-by grid, 2 keys, 200 groups, sum","MetalEngine default, cold",37.716,534.4,,,True,1.03,1.03,,,"GroupBy#1: rule: estimated 205 groups over (k1, k2), a Chao1 estimate from a 512-row sample, 200 to 213: below the measured band for group_by_multi:sum at 50,000,000 input rows (taken at 448 to 3,162,277 groups; not every count in the estimate's range is, Benchmarks/results/polars_engine_crossover_2026-09-26-groups.csv)",200,205,101,
50000000,"(g1count200) group-by grid, 1 key, 200 groups, count",polars in-memory,12.183,170.2,,,,,,,,,,,,
50000000,"(g1count200) group-by grid, 1 key, 200 groups, count",polars streaming,11.379,166.7,,,,,,,,,,,,
50000000,"(g1count200) group-by grid, 1 key, 200 groups, count","MetalEngine all, cold",12.658,7.8,GroupBy#1[GroupBy>DataFrameScan],,True,0.90,0.96,group_by:count|numeric|memory,50000000,,200,,,
50000000,"(g1count200) group-by grid, 1 key, 200 groups, count","MetalEngine all, warm",7.558,2.7,GroupBy#1[GroupBy>DataFrameScan],,True,1.51,1.61,group_by:count|numeric|memory,50000000,,200,,,
50000000,"(g1count200) group-by grid, 1 key, 200 groups, count","MetalEngine default, cold",11.762,160.6,,,True,0.97,1.04,,,"GroupBy#1: rule: estimated 193 groups over (k), a Chao1 estimate from a 512-row sample, 190 to 196: below the measured band for group_by:count at 50,000,000 input rows (taken at 3,163 to 3,162,277 groups and at least 12,500,000 groups (rows / 4); not every count in the estimate's range is, Benchmarks/results/polars_engine_crossover_2026-09-26-groups.csv)",200,193,98,
50000000,"(g2count200) group-by grid, 2 keys, 200 groups, count",polars in-memory,41.585,600.1,,,,,,,,,,,,
50000000,"(g2count200) group-by grid, 2 keys, 200 groups, count",polars streaming,55.493,837.1,,,,,,,,,,,,
50000000,"(g2count200) group-by grid, 2 keys, 200 groups, count","MetalEngine all, cold",27.559,20.0,GroupBy#1[GroupBy>DataFrameScan],,True,1.51,1.51,group_by_multi:count|numeric|memory,50000000,,200,,,
50000000,"(g2count200) group-by grid, 2 keys, 200 groups, count","MetalEngine all, warm",8.688,3.7,GroupBy#1[GroupBy>DataFrameScan],,True,4.79,4.79,group_by_multi:count|numeric|memory,50000000,,200,,,
50000000,"(g2count200) group-by grid, 2 keys, 200 groups, count","MetalEngine default, cold",20.963,15.3,GroupBy#1,,True,1.98,1.98,,,"GroupBy#1: 50,000,000 input rows is at or above the 3,912,988-row crossover for group_by_multi:count at an estimated 205 groups over (k1, k2), a Chao1 estimate from a 512-row sample, 200 to 213 (engine table, the 200-group bucket, Benchmarks/results/polars_engine_crossover_2026-09-26-groups.csv)",200,205,127,
50000000,"(g1mean200) group-by grid, 1 key, 200 groups, mean",polars in-memory,14.104,202.6,,,,,,,,,,,,
50000000,"(g1mean200) group-by grid, 1 key, 200 groups, mean",polars streaming,13.744,203.1,,,,,,,,,,,,
50000000,"(g1mean200) group-by grid, 1 key, 200 groups, mean","MetalEngine all, cold",36.954,18.7,GroupBy#1[GroupBy>DataFrameScan],,True,0.37,0.38,group_by:mean|numeric|memory,50000000,,200,,,
50000000,"(g1mean200) group-by grid, 1 key, 200 groups, mean","MetalEngine all, warm",21.663,3.1,GroupBy#1[GroupBy>DataFrameScan],,True,0.63,0.65,group_by:mean|numeric|memory,50000000,,200,,,
50000000,"(g1mean200) group-by grid, 1 key, 200 groups, mean","MetalEngine default, cold",13.243,184.6,,,True,1.04,1.07,,,"GroupBy#1: rule: estimated 193 groups over (k), a Chao1 estimate from a 512-row sample, 190 to 196: below the measured band for group_by:mean at 50,000,000 input rows (taken at 3,163 to 3,162,277 groups; not every count in the estimate's range is, Benchmarks/results/polars_engine_crossover_2026-09-26-groups.csv)",200,193,84,
50000000,"(g2mean200) group-by grid, 2 keys, 200 groups, mean",polars in-memory,51.076,721.2,,,,,,,,,,,,
50000000,"(g2mean200) group-by grid, 2 keys, 200 groups, mean",polars streaming,117.771,1074.8,,,,,,,,,,,,
50000000,"(g2mean200) group-by grid, 2 keys, 200 groups, mean","MetalEngine all, cold",55.061,36.4,GroupBy#1[GroupBy>DataFrameScan],,True,0.93,0.93,group_by_multi:mean|numeric|memory,50000000,,200,,,
50000000,"(g2mean200) group-by grid, 2 keys, 200 groups, mean","MetalEngine all, warm",22.875,4.3,GroupBy#1[GroupBy>DataFrameScan],,True,2.23,2.23,group_by_multi:mean|numeric|memory,50000000,,200,,,
50000000,"(g2mean200) group-by grid, 2 keys, 200 groups, mean","MetalEngine default, cold",53.503,774.7,,,True,0.95,0.95,,,"GroupBy#1: rule: estimated 205 groups over (k1, k2), a Chao1 estimate from a 512-row sample, 200 to 213: below the measured band for group_by_multi:mean at 50,000,000 input rows (taken at 3,163 to 3,162,277 groups; not every count in the estimate's range is, Benchmarks/results/polars_engine_crossover_2026-09-26-groups.csv)",200,205,126,
50000000,"(g1minmax200) group-by grid, 1 key, 200 groups, min + max",polars in-memory,46.631,449.3,,,,,,,,,,,,
50000000,"(g1minmax200) group-by grid, 1 key, 200 groups, min + max",polars streaming,47.787,446.0,,,,,,,,,,,,
50000000,"(g1minmax200) group-by grid, 1 key, 200 groups, min + max","MetalEngine all, cold",44.376,32.7,GroupBy#1[GroupBy>DataFrameScan],,True,1.05,1.05,group_by:minmax|numeric|memory,50000000,,200,,,
50000000,"(g1minmax200) group-by grid, 1 key, 200 groups, min + max","MetalEngine all, warm",12.075,3.3,GroupBy#1[GroupBy>DataFrameScan],,True,3.86,3.86,group_by:minmax|numeric|memory,50000000,,200,,,
50000000,"(g1minmax200) group-by grid, 1 key, 200 groups, min + max","MetalEngine default, cold",26.928,386.1,,,True,1.73,1.73,,,"GroupBy#1: rule: estimated 193 groups over (k), a Chao1 estimate from a 512-row sample, 190 to 196: below the measured band for group_by:minmax at 50,000,000 input rows (taken at 3,163 to 3,162,277 groups; not every count in the estimate's range is, Benchmarks/results/polars_engine_crossover_2026-09-26-groups.csv)",200,193,126,
50000000,"(g2minmax200) group-by grid, 2 keys, 200 groups, min + max",polars in-memory,86.547,1131.1,,,,,,,,,,,,
50000000,"(g2minmax200) group-by grid, 2 keys, 200 groups, min + max",polars streaming,101.975,1141.1,,,,,,,,,,,,
50000000,"(g2minmax200) group-by grid, 2 keys, 200 groups, min + max","MetalEngine all, cold",47.367,34.2,GroupBy#1[GroupBy>DataFrameScan],,True,1.83,1.83,group_by_multi:minmax|numeric|memory,50000000,,200,,,
50000000,"(g2minmax200) group-by grid, 2 keys, 200 groups, min + max","MetalEngine all, warm",12.955,4.0,GroupBy#1[GroupBy>DataFrameScan],,True,6.68,6.68,group_by_multi:minmax|numeric|memory,50000000,,200,,,
50000000,"(g2minmax200) group-by grid, 2 keys, 200 groups, min + max","MetalEngine default, cold",56.810,813.9,,,True,1.52,1.52,,,"GroupBy#1: rule: estimated 205 groups over (k1, k2), a Chao1 estimate from a 512-row sample, 200 to 213: below the measured band for group_by_multi:minmax at 50,000,000 input rows (taken at 448 to 3,162,277 groups; not every count in the estimate's range is, Benchmarks/results/polars_engine_crossover_2026-09-26-groups.csv)",200,205,318,
50000000,"(g1sum1k) group-by grid, 1 key, 1 000 groups, sum",polars in-memory,136.874,1957.8,,,,,,,,,,,,
50000000,"(g1sum1k) group-by grid, 1 key, 1 000 groups, sum",polars streaming,20.810,297.2,,,,,,,,,,,,
50000000,"(g1sum1k) group-by grid, 1 key, 1 000 groups, sum","MetalEngine all, cold",33.096,23.4,GroupBy#1[GroupBy>DataFrameScan],,True,0.63,4.14,group_by:sum|numeric|memory,50000000,,1000,,,
50000000,"(g1sum1k) group-by grid, 1 key, 1 000 groups, sum","MetalEngine all, warm",8.795,2.8,GroupBy#1[GroupBy>DataFrameScan],,True,2.37,15.56,group_by:sum|numeric|memory,50000000,,1000,,,
50000000,"(g1sum1k) group-by grid, 1 key, 1 000 groups, sum","MetalEngine default, cold",105.349,1452.1,,,True,0.20,1.30,,,"GroupBy#1: rule: estimated 940 groups over (k), a Chao1 estimate from a 512-row sample, 832 to 1,107: below the measured band for group_by:sum at 50,000,000 input rows (taken at 3,163 to 3,162,277 groups; not every count in the estimate's range is, Benchmarks/results/polars_engine_crossover_2026-09-26-groups.csv)",1000,940,173,
50000000,"(g2sum1k) group-by grid, 2 keys, 1 000 groups, sum",polars in-memory,256.771,3121.5,,,,,,,,,,,,
50000000,"(g2sum1k) group-by grid, 2 keys, 1 000 groups, sum",polars streaming,66.355,933.6,,,,,,,,,,,,
50000000,"(g2sum1k) group-by grid, 2 keys, 1 000 groups, sum","MetalEngine all, cold",49.560,36.5,GroupBy#1[GroupBy>DataFrameScan],,True,1.34,5.18,group_by_multi:sum|numeric|memory,50000000,,1000,,,
50000000,"(g2sum1k) group-by grid, 2 keys, 1 000 groups, sum","MetalEngine all, warm",9.959,3.8,GroupBy#1[GroupBy>DataFrameScan],,True,6.66,25.78,group_by_multi:sum|numeric|memory,50000000,,1000,,,
50000000,"(g2sum1k) group-by grid, 2 keys, 1 000 groups, sum","MetalEngine default, cold",34.792,27.3,GroupBy#1,,True,1.91,7.38,,,"GroupBy#1: 50,000,000 input rows is at or above the 14,468,005-row crossover for group_by_multi:sum at an estimated 912 groups over (k1, k2), a Chao1 estimate from a 512-row sample, 813 to 1,062 (engine table, the 1,000-group bucket, Benchmarks/results/polars_engine_crossover_2026-09-26-groups.csv)",1000,912,164,
50000000,"(g1count1k) group-by grid, 1 key, 1 000 groups, count",polars in-memory,69.379,937.4,,,,,,,,,,,,
50000000,"(g1count1k) group-by grid, 1 key, 1 000 groups, count",polars streaming,17.044,232.1,,,,,,,,,,,,
50000000,"(g1count1k) group-by grid, 1 key, 1 000 groups, count","MetalEngine all, cold",15.858,10.7,GroupBy#1[GroupBy>DataFrameScan],,True,1.07,4.37,group_by:count|numeric|memory,50000000,,1000,,,
50000000,"(g1count1k) group-by grid, 1 key, 1 000 groups, count","MetalEngine all, warm",7.940,3.0,GroupBy#1[GroupBy>DataFrameScan],,True,2.15,8.74,group_by:count|numeric|memory,50000000,,1000,,,
50000000,"(g1count1k) group-by grid, 1 key, 1 000 groups, count","MetalEngine default, cold",93.111,1300.9,,,True,0.18,0.75,,,"GroupBy#1: rule: estimated 940 groups over (k), a Chao1 estimate from a 512-row sample, 832 to 1,107: below the measured band for group_by:count at 50,000,000 input rows (taken at 3,163 to 3,162,277 groups and at least 12,500,000 groups (rows / 4); not every count in the estimate's range is, Benchmarks/results/polars_engine_crossover_2026-09-26-groups.csv)",1000,940,97,
50000000,"(g2count1k) group-by grid, 2 keys, 1 000 groups, count",polars in-memory,219.964,2788.1,,,,,,,,,,,,
50000000,"(g2count1k) group-by grid, 2 keys, 1 000 groups, count",polars streaming,62.492,915.8,,,,,,,,,,,,
50000000,"(g2count1k) group-by grid, 2 keys, 1 000 groups, count","MetalEngine all, cold",28.597,22.5,GroupBy#1[GroupBy>DataFrameScan],,True,2.19,7.69,group_by_multi:count|numeric|memory,50000000,,1000,,,
50000000,"(g2count1k) group-by grid, 2 keys, 1 000 groups, count","MetalEngine all, warm",8.965,3.8,GroupBy#1[GroupBy>DataFrameScan],,True,6.97,24.54,group_by_multi:count|numeric|memory,50000000,,1000,,,
50000000,"(g2count1k) group-by grid, 2 keys, 1 000 groups, count","MetalEngine default, cold",22.411,17.3,GroupBy#1,,True,2.79,9.82,,,"GroupBy#1: 50,000,000 input rows is at or above the 3,536,422-row crossover for group_by_multi:count at an estimated 912 groups over (k1, k2), a Chao1 estimate from a 512-row sample, 813 to 1,062 (engine table, the 1,000-group bucket, Benchmarks/results/polars_engine_crossover_2026-09-26-groups.csv)",1000,912,197,
50000000,"(g1mean1k) group-by grid, 1 key, 1 000 groups, mean",polars in-memory,113.902,1550.5,,,,,,,,,,,,
50000000,"(g1mean1k) group-by grid, 1 key, 1 000 groups, mean",polars streaming,21.885,318.6,,,,,,,,,,,,
50000000,"(g1mean1k) group-by grid, 1 key, 1 000 groups, mean","MetalEngine all, cold",53.635,25.6,GroupBy#1[GroupBy>DataFrameScan],,True,0.41,2.12,group_by:mean|numeric|memory,50000000,,1000,,,
50000000,"(g1mean1k) group-by grid, 1 key, 1 000 groups, mean","MetalEngine all, warm",31.728,3.3,GroupBy#1[GroupBy>DataFrameScan],,True,0.69,3.59,group_by:mean|numeric|memory,50000000,,1000,,,
50000000,"(g1mean1k) group-by grid, 1 key, 1 000 groups, mean","MetalEngine default, cold",120.007,1532.8,,,True,0.18,0.95,,,"GroupBy#1: rule: estimated 940 groups over (k), a Chao1 estimate from a 512-row sample, 832 to 1,107: below the measured band for group_by:mean at 50,000,000 input rows (taken at 3,163 to 3,162,277 groups; not every count in the estimate's range is, Benchmarks/results/polars_engine_crossover_2026-09-26-groups.csv)",1000,940,101,
50000000,"(g2mean1k) group-by grid, 2 keys, 1 000 groups, mean",polars in-memory,271.984,3480.2,,,,,,,,,,,,
50000000,"(g2mean1k) group-by grid, 2 keys, 1 000 groups, mean",polars streaming,71.624,1048.7,,,,,,,,,,,,
50000000,"(g2mean1k) group-by grid, 2 keys, 1 000 groups, mean","MetalEngine all, cold",62.707,34.6,GroupBy#1[GroupBy>DataFrameScan],,True,1.14,4.34,group_by_multi:mean|numeric|memory,50000000,,1000,,,
50000000,"(g2mean1k) group-by grid, 2 keys, 1 000 groups, mean","MetalEngine all, warm",32.262,4.1,GroupBy#1[GroupBy>DataFrameScan],,True,2.22,8.43,group_by_multi:mean|numeric|memory,50000000,,1000,,,
50000000,"(g2mean1k) group-by grid, 2 keys, 1 000 groups, mean","MetalEngine default, cold",250.933,2978.9,,,True,0.29,1.08,,,"GroupBy#1: rule: estimated 912 groups over (k1, k2), a Chao1 estimate from a 512-row sample, 813 to 1,062: below the measured band for group_by_multi:mean at 50,000,000 input rows (taken at 3,163 to 3,162,277 groups; not every count in the estimate's range is, Benchmarks/results/polars_engine_crossover_2026-09-26-groups.csv)",1000,912,192,
50000000,"(g1minmax1k) group-by grid, 1 key, 1 000 groups, min + max",polars in-memory,170.421,2393.3,,,,,,,,,,,,
50000000,"(g1minmax1k) group-by grid, 1 key, 1 000 groups, min + max",polars streaming,25.680,374.5,,,,,,,,,,,,
50000000,"(g1minmax1k) group-by grid, 1 key, 1 000 groups, min + max","MetalEngine all, cold",35.438,24.8,GroupBy#1[GroupBy>DataFrameScan],,True,0.72,4.81,group_by:minmax|numeric|memory,50000000,,1000,,,
50000000,"(g1minmax1k) group-by grid, 1 key, 1 000 groups, min + max","MetalEngine all, warm",12.134,3.1,GroupBy#1[GroupBy>DataFrameScan],,True,2.12,14.05,group_by:minmax|numeric|memory,50000000,,1000,,,
50000000,"(g1minmax1k) group-by grid, 1 key, 1 000 groups, min + max","MetalEngine default, cold",129.034,1782.1,,,True,0.20,1.32,,,"GroupBy#1: rule: estimated 940 groups over (k), a Chao1 estimate from a 512-row sample, 832 to 1,107: below the measured band for group_by:minmax at 50,000,000 input rows (taken at 3,163 to 3,162,277 groups; not every count in the estimate's range is, Benchmarks/results/polars_engine_crossover_2026-09-26-groups.csv)",1000,940,177,
50000000,"(g2minmax1k) group-by grid, 2 keys, 1 000 groups, min + max",polars in-memory,298.860,3917.0,,,,,,,,,,,,
50000000,"(g2minmax1k) group-by grid, 2 keys, 1 000 groups, min + max",polars streaming,71.026,1050.3,,,,,,,,,,,,
50000000,"(g2minmax1k) group-by grid, 2 keys, 1 000 groups, min + max","MetalEngine all, cold",50.960,36.7,GroupBy#1[GroupBy>DataFrameScan],,True,1.39,5.86,group_by_multi:minmax|numeric|memory,50000000,,1000,,,
50000000,"(g2minmax1k) group-by grid, 2 keys, 1 000 groups, min + max","MetalEngine all, warm",13.148,4.1,GroupBy#1[GroupBy>DataFrameScan],,True,5.40,22.73,group_by_multi:minmax|numeric|memory,50000000,,1000,,,
50000000,"(g2minmax1k) group-by grid, 2 keys, 1 000 groups, min + max","MetalEngine default, cold",38.034,28.4,GroupBy#1,,True,1.87,7.86,,,"GroupBy#1: 50,000,000 input rows is at or above the 12,061,289-row crossover for group_by_multi:minmax at an estimated 912 groups over (k1, k2), a Chao1 estimate from a 512-row sample, 813 to 1,062 (engine table, the 1,000-group bucket, Benchmarks/results/polars_engine_crossover_2026-09-26-groups.csv)",1000,912,247,
50000000,"(g1sum10k) group-by grid, 1 key, 10 000 groups, sum",polars in-memory,100.325,1329.5,,,,,,,,,,,,
50000000,"(g1sum10k) group-by grid, 1 key, 10 000 groups, sum",polars streaming,113.834,1343.5,,,,,,,,,,,,
50000000,"(g1sum10k) group-by grid, 1 key, 10 000 groups, sum","MetalEngine all, cold",37.066,26.7,GroupBy#1[GroupBy>DataFrameScan],,True,2.71,2.71,group_by:sum|numeric|memory,50000000,,10000,,,
50000000,"(g1sum10k) group-by grid, 1 key, 10 000 groups, sum","MetalEngine all, warm",12.390,3.0,GroupBy#1[GroupBy>DataFrameScan],,True,8.10,8.10,group_by:sum|numeric|memory,50000000,,10000,,,
50000000,"(g1sum10k) group-by grid, 1 key, 10 000 groups, sum","MetalEngine default, cold",30.886,21.1,GroupBy#1,,True,3.25,3.25,,,"GroupBy#1: 50,000,000 input rows is at or above the 2,824,055-row crossover for group_by:sum at an estimated 9,200 groups over (k), a Chao1 estimate from a 2,048-row sample, 8,194 to 10,529 (engine table, the 10,000-group bucket, Benchmarks/results/polars_engine_crossover_2026-09-26-groups.csv)",10000,9200,141,
50000000,"(g2sum10k) group-by grid, 2 keys, 10 000 groups, sum",polars in-memory,278.736,3385.1,,,,,,,,,,,,
50000000,"(g2sum10k) group-by grid, 2 keys, 10 000 groups, sum",polars streaming,200.564,2694.0,,,,,,,,,,,,
50000000,"(g2sum10k) group-by grid, 2 keys, 10 000 groups, sum","MetalEngine all, cold",46.759,33.7,GroupBy#1[GroupBy>DataFrameScan],,True,4.29,5.96,group_by_multi:sum|numeric|memory,50000000,,10000,,,
50000000,"(g2sum10k) group-by grid, 2 keys, 10 000 groups, sum","MetalEngine all, warm",13.257,3.7,GroupBy#1[GroupBy>DataFrameScan],,True,15.13,21.03,group_by_multi:sum|numeric|memory,50000000,,10000,,,
50000000,"(g2sum10k) group-by grid, 2 keys, 10 000 groups, sum","MetalEngine default, cold",35.800,25.6,GroupBy#1,,True,5.60,7.79,,,"GroupBy#1: 50,000,000 input rows is at or above the 1,291,465-row crossover for group_by_multi:sum at an estimated 9,641 groups over (k1, k2), a Chao1 estimate from a 512-row sample, 5,919 to 23,929 (engine table, the 10,000-group bucket, Benchmarks/results/polars_engine_crossover_2026-09-26-groups.csv)",10000,9641,135,
50000000,"(g1count10k) group-by grid, 1 key, 10 000 groups, count",polars in-memory,71.350,945.7,,,,,,,,,,,,
50000000,"(g1count10k) group-by grid, 1 key, 10 000 groups, count",polars streaming,92.424,1278.4,,,,,,,,,,,,
50000000,"(g1count10k) group-by grid, 1 key, 10 000 groups, count","MetalEngine all, cold",19.748,12.5,GroupBy#1[GroupBy>DataFrameScan],,True,3.61,3.61,group_by:count|numeric|memory,50000000,,10000,,,
50000000,"(g1count10k) group-by grid, 1 key, 10 000 groups, count","MetalEngine all, warm",9.624,2.9,GroupBy#1[GroupBy>DataFrameScan],,True,7.41,7.41,group_by:count|numeric|memory,50000000,,10000,,,
50000000,"(g1count10k) group-by grid, 1 key, 10 000 groups, count","MetalEngine default, cold",17.158,10.4,GroupBy#1,,True,4.16,4.16,,,"GroupBy#1: 50,000,000 input rows is at or above the 2,130,975-row crossover for group_by:count at an estimated 9,200 groups over (k), a Chao1 estimate from a 2,048-row sample, 8,194 to 10,529 (engine table, the 10,000-group bucket, Benchmarks/results/polars_engine_crossover_2026-09-26-groups.csv)",10000,9200,146,
50000000,"(g2count10k) group-by grid, 2 keys, 10 000 groups, count",polars in-memory,231.593,2898.8,,,,,,,,,,,,
50000000,"(g2count10k) group-by grid, 2 keys, 10 000 groups, count",polars streaming,185.769,2524.5,,,,,,,,,,,,
50000000,"(g2count10k) group-by grid, 2 keys, 10 000 groups, count","MetalEngine all, cold",33.323,22.2,GroupBy#1[GroupBy>DataFrameScan],,True,5.57,6.95,group_by_multi:count|numeric|memory,50000000,,10000,,,
50000000,"(g2count10k) group-by grid, 2 keys, 10 000 groups, count","MetalEngine all, warm",10.651,3.8,GroupBy#1[GroupBy>DataFrameScan],,True,17.44,21.74,group_by_multi:count|numeric|memory,50000000,,10000,,,
50000000,"(g2count10k) group-by grid, 2 keys, 10 000 groups, count","MetalEngine default, cold",22.668,15.7,GroupBy#1,,True,8.20,10.22,,,"GroupBy#1: 50,000,000 input rows is at or above the 736,547-row crossover for group_by_multi:count at an estimated 9,641 groups over (k1, k2), a Chao1 estimate from a 512-row sample, 5,919 to 23,929 (engine table, the 10,000-group bucket, Benchmarks/results/polars_engine_crossover_2026-09-26-groups.csv)",10000,9641,177,
50000000,"(g1mean10k) group-by grid, 1 key, 10 000 groups, mean",polars in-memory,111.940,1497.1,,,,,,,,,,,,
50000000,"(g1mean10k) group-by grid, 1 key, 10 000 groups, mean",polars streaming,117.217,1446.5,,,,,,,,,,,,
50000000,"(g1mean10k) group-by grid, 1 key, 10 000 groups, mean","MetalEngine all, cold",60.566,26.3,GroupBy#1[GroupBy>DataFrameScan],,True,1.85,1.85,group_by:mean|numeric|memory,50000000,,10000,,,
50000000,"(g1mean10k) group-by grid, 1 key, 10 000 groups, mean","MetalEngine all, warm",37.669,3.3,GroupBy#1[GroupBy>DataFrameScan],,True,2.97,2.97,group_by:mean|numeric|memory,50000000,,10000,,,
50000000,"(g1mean10k) group-by grid, 1 key, 10 000 groups, mean","MetalEngine default, cold",55.227,19.5,GroupBy#1,,True,2.03,2.03,,,"GroupBy#1: 50,000,000 input rows is at or above the 3,019,743-row crossover for group_by:mean at an estimated 9,200 groups over (k), a Chao1 estimate from a 2,048-row sample, 8,194 to 10,529 (engine table, the 10,000-group bucket, Benchmarks/results/polars_engine_crossover_2026-09-26-groups.csv)",10000,9200,175,
50000000,"(g2mean10k) group-by grid, 2 keys, 10 000 groups, mean",polars in-memory,344.093,3832.8,,,,,,,,,,,,
50000000,"(g2mean10k) group-by grid, 2 keys, 10 000 groups, mean",polars streaming,216.735,2695.8,,,,,,,,,,,,
50000000,"(g2mean10k) group-by grid, 2 keys, 10 000 groups, mean","MetalEngine all, cold",64.397,30.1,GroupBy#1[GroupBy>DataFrameScan],,True,3.37,5.34,group_by_multi:mean|numeric|memory,50000000,,10000,,,
50000000,"(g2mean10k) group-by grid, 2 keys, 10 000 groups, mean","MetalEngine all, warm",38.500,4.0,GroupBy#1[GroupBy>DataFrameScan],,True,5.63,8.94,group_by_multi:mean|numeric|memory,50000000,,10000,,,
50000000,"(g2mean10k) group-by grid, 2 keys, 10 000 groups, mean","MetalEngine default, cold",59.818,24.2,GroupBy#1,,True,3.62,5.75,,,"GroupBy#1: 50,000,000 input rows is at or above the 1,620,470-row crossover for group_by_multi:mean at an estimated 9,641 groups over (k1, k2), a Chao1 estimate from a 512-row sample, 5,919 to 23,929 (engine table, the 10,000-group bucket, Benchmarks/results/polars_engine_crossover_2026-09-26-groups.csv)",10000,9641,129,
50000000,"(g1minmax10k) group-by grid, 1 key, 10 000 groups, min + max",polars in-memory,122.236,1676.7,,,,,,,,,,,,
50000000,"(g1minmax10k) group-by grid, 1 key, 10 000 groups, min + max",polars streaming,157.855,1635.8,,,,,,,,,,,,
50000000,"(g1minmax10k) group-by grid, 1 key, 10 000 groups, min + max","MetalEngine all, cold",46.171,26.9,GroupBy#1[GroupBy>DataFrameScan],,True,2.65,2.65,group_by:minmax|numeric|memory,50000000,,10000,,,
50000000,"(g1minmax10k) group-by grid, 1 key, 10 000 groups, min + max","MetalEngine all, warm",22.276,3.1,GroupBy#1[GroupBy>DataFrameScan],,True,5.49,5.49,group_by:minmax|numeric|memory,50000000,,10000,,,
50000000,"(g1minmax10k) group-by grid, 1 key, 10 000 groups, min + max","MetalEngine default, cold",39.466,20.3,GroupBy#1,,True,3.10,3.10,,,"GroupBy#1: 50,000,000 input rows is at or above the 1,752,500-row crossover for group_by:minmax at an estimated 9,200 groups over (k), a Chao1 estimate from a 2,048-row sample, 8,194 to 10,529 (engine table, the 10,000-group bucket, Benchmarks/results/polars_engine_crossover_2026-09-26-groups.csv)",10000,9200,134,
50000000,"(g2minmax10k) group-by grid, 2 keys, 10 000 groups, min + max",polars in-memory,367.207,4262.6,,,,,,,,,,,,
50000000,"(g2minmax10k) group-by grid, 2 keys, 10 000 groups, min + max",polars streaming,237.387,2886.4,,,,,,,,,,,,
50000000,"(g2minmax10k) group-by grid, 2 keys, 10 000 groups, min + max","MetalEngine all, cold",53.062,33.0,GroupBy#1[GroupBy>DataFrameScan],,True,4.47,6.92,group_by_multi:minmax|numeric|memory,50000000,,10000,,,
50000000,"(g2minmax10k) group-by grid, 2 keys, 10 000 groups, min + max","MetalEngine all, warm",23.316,4.0,GroupBy#1[GroupBy>DataFrameScan],,True,10.18,15.75,group_by_multi:minmax|numeric|memory,50000000,,10000,,,
50000000,"(g2minmax10k) group-by grid, 2 keys, 10 000 groups, min + max","MetalEngine default, cold",44.058,24.7,GroupBy#1,,True,5.39,8.33,,,"GroupBy#1: 50,000,000 input rows is at or above the 2,299,829-row crossover for group_by_multi:minmax at an estimated 9,641 groups over (k1, k2), a Chao1 estimate from a 512-row sample, 5,919 to 23,929 (engine table, the 10,000-group bucket, Benchmarks/results/polars_engine_crossover_2026-09-26-groups.csv)",10000,9641,126,
50000000,"(g1sum100k) group-by grid, 1 key, 100 000 groups, sum",polars in-memory,111.009,1546.4,,,,,,,,,,,,
50000000,"(g1sum100k) group-by grid, 1 key, 100 000 groups, sum",polars streaming,125.538,1281.5,,,,,,,,,,,,
50000000,"(g1sum100k) group-by grid, 1 key, 100 000 groups, sum","MetalEngine all, cold",41.761,27.9,GroupBy#1[GroupBy>DataFrameScan],,True,2.66,2.66,group_by:sum|numeric|memory,50000000,,100000,,,
50000000,"(g1sum100k) group-by grid, 1 key, 100 000 groups, sum","MetalEngine all, warm",13.304,3.4,GroupBy#1[GroupBy>DataFrameScan],,True,8.34,8.34,group_by:sum|numeric|memory,50000000,,100000,,,
50000000,"(g1sum100k) group-by grid, 1 key, 100 000 groups, sum","MetalEngine default, cold",31.373,20.4,GroupBy#1,,True,3.54,3.54,,,"GroupBy#1: 50,000,000 input rows is at or above the 11,603,466-row crossover for group_by:sum at an estimated 147,980 groups over (k), a Chao1 estimate from a 2,048-row sample, 90,063 to 354,992 (engine table, the 100,000-group bucket, Benchmarks/results/polars_engine_crossover_2026-09-26-groups.csv)",100000,147980,141,
50000000,"(g2sum100k) group-by grid, 2 keys, 100 000 groups, sum",polars in-memory,299.377,3734.9,,,,,,,,,,,,
50000000,"(g2sum100k) group-by grid, 2 keys, 100 000 groups, sum",polars streaming,252.631,3170.8,,,,,,,,,,,,
50000000,"(g2sum100k) group-by grid, 2 keys, 100 000 groups, sum","MetalEngine all, cold",48.449,35.0,GroupBy#1[GroupBy>DataFrameScan],,True,5.21,6.18,group_by_multi:sum|numeric|memory,50000000,,100000,,,
50000000,"(g2sum100k) group-by grid, 2 keys, 100 000 groups, sum","MetalEngine all, warm",14.111,4.0,GroupBy#1[GroupBy>DataFrameScan],,True,17.90,21.22,group_by_multi:sum|numeric|memory,50000000,,100000,,,
50000000,"(g2sum100k) group-by grid, 2 keys, 100 000 groups, sum","MetalEngine default, cold",36.164,25.8,GroupBy#1,,True,6.99,8.28,,,"GroupBy#1: 50,000,000 input rows is at or above the 1,173,609-row crossover for group_by_multi:sum at an estimated 92,887 groups over (k1, k2), a Chao1 estimate from a 2,048-row sample, 62,297 to 170,931 (engine table, the 100,000-group bucket, Benchmarks/results/polars_engine_crossover_2026-09-26-groups.csv)",100000,92887,248,
50000000,"(g1count100k) group-by grid, 1 key, 100 000 groups, count",polars in-memory,82.746,1135.0,,,,,,,,,,,,
50000000,"(g1count100k) group-by grid, 1 key, 100 000 groups, count",polars streaming,100.290,1067.3,,,,,,,,,,,,
50000000,"(g1count100k) group-by grid, 1 key, 100 000 groups, count","MetalEngine all, cold",19.688,12.5,GroupBy#1[GroupBy>DataFrameScan],,True,4.20,4.20,group_by:count|numeric|memory,50000000,,100000,,,
50000000,"(g1count100k) group-by grid, 1 key, 100 000 groups, count","MetalEngine all, warm",10.387,3.2,GroupBy#1[GroupBy>DataFrameScan],,True,7.97,7.97,group_by:count|numeric|memory,50000000,,100000,,,
50000000,"(g1count100k) group-by grid, 1 key, 100 000 groups, count","MetalEngine default, cold",18.227,10.9,GroupBy#1,,True,4.54,4.54,,,"GroupBy#1: 50,000,000 input rows is at or above the 2,709,933-row crossover for group_by:count at an estimated 147,980 groups over (k), a Chao1 estimate from a 2,048-row sample, 90,063 to 354,992 (engine table, the 100,000-group bucket, Benchmarks/results/polars_engine_crossover_2026-09-26-groups.csv)",100000,147980,147,
50000000,"(g2count100k) group-by grid, 2 keys, 100 000 groups, count",polars in-memory,290.186,3662.7,,,,,,,,,,,,
50000000,"(g2count100k) group-by grid, 2 keys, 100 000 groups, count",polars streaming,205.924,2784.0,,,,,,,,,,,,
50000000,"(g2count100k) group-by grid, 2 keys, 100 000 groups, count","MetalEngine all, cold",29.679,22.4,GroupBy#1[GroupBy>DataFrameScan],,True,6.94,9.78,group_by_multi:count|numeric|memory,50000000,,100000,,,
50000000,"(g2count100k) group-by grid, 2 keys, 100 000 groups, count","MetalEngine all, warm",11.251,4.1,GroupBy#1[GroupBy>DataFrameScan],,True,18.30,25.79,group_by_multi:count|numeric|memory,50000000,,100000,,,
50000000,"(g2count100k) group-by grid, 2 keys, 100 000 groups, count","MetalEngine default, cold",24.197,16.9,GroupBy#1,,True,8.51,11.99,,,"GroupBy#1: 50,000,000 input rows is at or above the 824,387-row crossover for group_by_multi:count at an estimated 92,887 groups over (k1, k2), a Chao1 estimate from a 2,048-row sample, 62,297 to 170,931 (engine table, the 100,000-group bucket, Benchmarks/results/polars_engine_crossover_2026-09-26-groups.csv)",100000,92887,310,
50000000,"(g1mean100k) group-by grid, 1 key, 100 000 groups, mean",polars in-memory,141.300,2027.1,,,,,,,,,,,,
50000000,"(g1mean100k) group-by grid, 1 key, 100 000 groups, mean",polars streaming,105.000,1275.9,,,,,,,,,,,,
50000000,"(g1mean100k) group-by grid, 1 key, 100 000 groups, mean","MetalEngine all, cold",62.871,26.4,GroupBy#1[GroupBy>DataFrameScan],,True,1.67,2.25,group_by:mean|numeric|memory,50000000,,100000,,,
50000000,"(g1mean100k) group-by grid, 1 key, 100 000 groups, mean","MetalEngine all, warm",41.079,3.8,GroupBy#1[GroupBy>DataFrameScan],,True,2.56,3.44,group_by:mean|numeric|memory,50000000,,100000,,,
50000000,"(g1mean100k) group-by grid, 1 key, 100 000 groups, mean","MetalEngine default, cold",63.467,20.7,GroupBy#1,,True,1.65,2.23,,,"GroupBy#1: 50,000,000 input rows is at or above the 10,777,521-row crossover for group_by:mean at an estimated 147,980 groups over (k), a Chao1 estimate from a 2,048-row sample, 90,063 to 354,992 (engine table, the 100,000-group bucket, Benchmarks/results/polars_engine_crossover_2026-09-26-groups.csv)",100000,147980,163,
50000000,"(g2mean100k) group-by grid, 2 keys, 100 000 groups, mean",polars in-memory,364.974,4652.6,,,,,,,,,,,,
50000000,"(g2mean100k) group-by grid, 2 keys, 100 000 groups, mean",polars streaming,252.189,3176.5,,,,,,,,,,,,
50000000,"(g2mean100k) group-by grid, 2 keys, 100 000 groups, mean","MetalEngine all, cold",67.386,31.3,GroupBy#1[GroupBy>DataFrameScan],,True,3.74,5.42,group_by_multi:mean|numeric|memory,50000000,,100000,,,
50000000,"(g2mean100k) group-by grid, 2 keys, 100 000 groups, mean","MetalEngine all, warm",41.470,4.6,GroupBy#1[GroupBy>DataFrameScan],,True,6.08,8.80,group_by_multi:mean|numeric|memory,50000000,,100000,,,
50000000,"(g2mean100k) group-by grid, 2 keys, 100 000 groups, mean","MetalEngine default, cold",69.580,26.5,GroupBy#1,,True,3.62,5.25,,,"GroupBy#1: 50,000,000 input rows is at or above the 2,717,816-row crossover for group_by_multi:mean at an estimated 92,887 groups over (k1, k2), a Chao1 estimate from a 2,048-row sample, 62,297 to 170,931 (engine table, the 100,000-group bucket, Benchmarks/results/polars_engine_crossover_2026-09-26-groups.csv)",100000,92887,254,
50000000,"(g1minmax100k) group-by grid, 1 key, 100 000 groups, min + max",polars in-memory,163.329,2065.9,,,,,,,,,,,,
50000000,"(g1minmax100k) group-by grid, 1 key, 100 000 groups, min + max",polars streaming,127.395,1518.5,,,,,,,,,,,,
50000000,"(g1minmax100k) group-by grid, 1 key, 100 000 groups, min + max","MetalEngine all, cold",47.882,25.0,GroupBy#1[GroupBy>DataFrameScan],,True,2.66,3.41,group_by:minmax|numeric|memory,50000000,,100000,,,
50000000,"(g1minmax100k) group-by grid, 1 key, 100 000 groups, min + max","MetalEngine all, warm",26.385,3.3,GroupBy#1[GroupBy>DataFrameScan],,True,4.83,6.19,group_by:minmax|numeric|memory,50000000,,100000,,,
50000000,"(g1minmax100k) group-by grid, 1 key, 100 000 groups, min + max","MetalEngine default, cold",42.710,19.1,GroupBy#1,,True,2.98,3.82,,,"GroupBy#1: 50,000,000 input rows is at or above the 3,329,556-row crossover for group_by:minmax at an estimated 147,980 groups over (k), a Chao1 estimate from a 2,048-row sample, 90,063 to 354,992 (engine table, the 100,000-group bucket, Benchmarks/results/polars_engine_crossover_2026-09-26-groups.csv)",100000,147980,144,
50000000,"(g2minmax100k) group-by grid, 2 keys, 100 000 groups, min + max",polars in-memory,411.150,5007.4,,,,,,,,,,,,
50000000,"(g2minmax100k) group-by grid, 2 keys, 100 000 groups, min + max",polars streaming,258.493,3437.5,,,,,,,,,,,,
50000000,"(g2minmax100k) group-by grid, 2 keys, 100 000 groups, min + max","MetalEngine all, cold",54.080,31.0,GroupBy#1[GroupBy>DataFrameScan],,True,4.78,7.60,group_by_multi:minmax|numeric|memory,50000000,,100000,,,
50000000,"(g2minmax100k) group-by grid, 2 keys, 100 000 groups, min + max","MetalEngine all, warm",27.144,4.0,GroupBy#1[GroupBy>DataFrameScan],,True,9.52,15.15,group_by_multi:minmax|numeric|memory,50000000,,100000,,,
50000000,"(g2minmax100k) group-by grid, 2 keys, 100 000 groups, min + max","MetalEngine default, cold",48.099,24.9,GroupBy#1,,True,5.37,8.55,,,"GroupBy#1: 50,000,000 input rows is at or above the 913,756-row crossover for group_by_multi:minmax at an estimated 92,887 groups over (k1, k2), a Chao1 estimate from a 2,048-row sample, 62,297 to 170,931 (engine table, the 100,000-group bucket, Benchmarks/results/polars_engine_crossover_2026-09-26-groups.csv)",100000,92887,236,
50000000,"(g1sum1M) group-by grid, 1 key, 1 000 000 groups, sum",polars in-memory,226.939,3043.7,,,,,,,,,,,,
50000000,"(g1sum1M) group-by grid, 1 key, 1 000 000 groups, sum",polars streaming,113.966,1490.8,,,,,,,,,,,,
50000000,"(g1sum1M) group-by grid, 1 key, 1 000 000 groups, sum","MetalEngine all, cold",44.179,28.3,GroupBy#1[GroupBy>DataFrameScan],,True,2.58,5.14,group_by:sum|numeric|memory,50000000,,1000000,,,
50000000,"(g1sum1M) group-by grid, 1 key, 1 000 000 groups, sum","MetalEngine all, warm",20.454,6.3,GroupBy#1[GroupBy>DataFrameScan],,True,5.57,11.10,group_by:sum|numeric|memory,50000000,,1000000,,,
50000000,"(g1sum1M) group-by grid, 1 key, 1 000 000 groups, sum","MetalEngine default, cold",36.307,22.0,GroupBy#1,,True,3.14,6.25,,,"GroupBy#1: 50,000,000 input rows is at or above the 5,000,000-row crossover for group_by:sum at an estimated 1,149,308 groups over (k), a Chao1 estimate from a 8,192-row sample, 803,998 to 1,908,215 (engine table, the 1,000,000-group bucket, Benchmarks/results/polars_engine_crossover_2026-09-26-groups.csv)",1000000,1149308,336,
50000000,"(g2sum1M) group-by grid, 2 keys, 1 000 000 groups, sum",polars in-memory,544.405,7049.3,,,,,,,,,,,,
50000000,"(g2sum1M) group-by grid, 2 keys, 1 000 000 groups, sum",polars streaming,310.033,4234.8,,,,,,,,,,,,
50000000,"(g2sum1M) group-by grid, 2 keys, 1 000 000 groups, sum","MetalEngine all, cold",49.525,35.2,GroupBy#1[GroupBy>DataFrameScan],,True,6.26,10.99,group_by_multi:sum|numeric|memory,50000000,,1000000,,,
50000000,"(g2sum1M) group-by grid, 2 keys, 1 000 000 groups, sum","MetalEngine all, warm",21.011,6.9,GroupBy#1[GroupBy>DataFrameScan],,True,14.76,25.91,group_by_multi:sum|numeric|memory,50000000,,1000000,,,
50000000,"(g2sum1M) group-by grid, 2 keys, 1 000 000 groups, sum","MetalEngine default, cold",42.748,28.7,GroupBy#1,,True,7.25,12.74,,,"GroupBy#1: 50,000,000 input rows is at or above the 5,000,000-row crossover for group_by_multi:sum at an estimated 875,179 groups over (k1, k2), a Chao1 estimate from a 8,192-row sample, 639,739 to 1,334,815 (engine table, the 1,000,000-group bucket, Benchmarks/results/polars_engine_crossover_2026-09-26-groups.csv)",1000000,875179,571,
50000000,"(g1count1M) group-by grid, 1 key, 1 000 000 groups, count",polars in-memory,187.896,2333.2,,,,,,,,,,,,
50000000,"(g1count1M) group-by grid, 1 key, 1 000 000 groups, count",polars streaming,110.758,1329.3,,,,,,,,,,,,
50000000,"(g1count1M) group-by grid, 1 key, 1 000 000 groups, count","MetalEngine all, cold",22.495,14.7,GroupBy#1[GroupBy>DataFrameScan],,True,4.92,8.35,group_by:count|numeric|memory,50000000,,1000000,,,
50000000,"(g1count1M) group-by grid, 1 key, 1 000 000 groups, count","MetalEngine all, warm",12.516,4.7,GroupBy#1[GroupBy>DataFrameScan],,True,8.85,15.01,group_by:count|numeric|memory,50000000,,1000000,,,
50000000,"(g1count1M) group-by grid, 1 key, 1 000 000 groups, count","MetalEngine default, cold",19.203,11.3,GroupBy#1,,True,5.77,9.78,,,"GroupBy#1: 50,000,000 input rows is at or above the 5,000,000-row crossover for group_by:count at an estimated 1,149,308 groups over (k), a Chao1 estimate from a 8,192-row sample, 803,998 to 1,908,215 (engine table, the 1,000,000-group bucket, Benchmarks/results/polars_engine_crossover_2026-09-26-groups.csv)",1000000,1149308,295,
50000000,"(g2count1M) group-by grid, 2 keys, 1 000 000 groups, count",polars in-memory,493.487,6444.0,,,,,,,,,,,,
50000000,"(g2count1M) group-by grid, 2 keys, 1 000 000 groups, count",polars streaming,298.226,3757.6,,,,,,,,,,,,
50000000,"(g2count1M) group-by grid, 2 keys, 1 000 000 groups, count","MetalEngine all, cold",33.511,23.7,GroupBy#1[GroupBy>DataFrameScan],,True,8.90,14.73,group_by_multi:count|numeric|memory,50000000,,1000000,,,
50000000,"(g2count1M) group-by grid, 2 keys, 1 000 000 groups, count","MetalEngine all, warm",13.180,5.4,GroupBy#1[GroupBy>DataFrameScan],,True,22.63,37.44,group_by_multi:count|numeric|memory,50000000,,1000000,,,
50000000,"(g2count1M) group-by grid, 2 keys, 1 000 000 groups, count","MetalEngine default, cold",26.398,18.6,GroupBy#1,,True,11.30,18.69,,,"GroupBy#1: 50,000,000 input rows is at or above the 5,000,000-row crossover for group_by_multi:count at an estimated 875,179 groups over (k1, k2), a Chao1 estimate from a 8,192-row sample, 639,739 to 1,334,815 (engine table, the 1,000,000-group bucket, Benchmarks/results/polars_engine_crossover_2026-09-26-groups.csv)",1000000,875179,679,
50000000,"(g1mean1M) group-by grid, 1 key, 1 000 000 groups, mean",polars in-memory,229.819,3244.0,,,,,,,,,,,,
50000000,"(g1mean1M) group-by grid, 1 key, 1 000 000 groups, mean",polars streaming,126.519,1545.2,,,,,,,,,,,,
50000000,"(g1mean1M) group-by grid, 1 key, 1 000 000 groups, mean","MetalEngine all, cold",82.069,23.2,GroupBy#1[GroupBy>DataFrameScan],,True,1.54,2.80,group_by:mean|numeric|memory,50000000,,1000000,,,
50000000,"(g1mean1M) group-by grid, 1 key, 1 000 000 groups, mean","MetalEngine all, warm",65.883,4.5,GroupBy#1[GroupBy>DataFrameScan],,True,1.92,3.49,group_by:mean|numeric|memory,50000000,,1000000,,,
50000000,"(g1mean1M) group-by grid, 1 key, 1 000 000 groups, mean","MetalEngine default, cold",98.311,21.0,GroupBy#1,,True,1.29,2.34,,,"GroupBy#1: 50,000,000 input rows is at or above the 17,071,257-row crossover for group_by:mean at an estimated 1,149,308 groups over (k), a Chao1 estimate from a 8,192-row sample, 803,998 to 1,908,215 (engine table, the 1,000,000-group bucket, Benchmarks/results/polars_engine_crossover_2026-09-26-groups.csv)",1000000,1149308,331,
50000000,"(g2mean1M) group-by grid, 2 keys, 1 000 000 groups, mean",polars in-memory,537.888,6966.1,,,,,,,,,,,,
50000000,"(g2mean1M) group-by grid, 2 keys, 1 000 000 groups, mean",polars streaming,299.846,4222.9,,,,,,,,,,,,
50000000,"(g2mean1M) group-by grid, 2 keys, 1 000 000 groups, mean","MetalEngine all, cold",88.508,29.4,GroupBy#1[GroupBy>DataFrameScan],,True,3.39,6.08,group_by_multi:mean|numeric|memory,50000000,,1000000,,,
50000000,"(g2mean1M) group-by grid, 2 keys, 1 000 000 groups, mean","MetalEngine all, warm",67.157,5.3,GroupBy#1[GroupBy>DataFrameScan],,True,4.46,8.01,group_by_multi:mean|numeric|memory,50000000,,1000000,,,
50000000,"(g2mean1M) group-by grid, 2 keys, 1 000 000 groups, mean","MetalEngine default, cold",104.119,26.3,GroupBy#1,,True,2.88,5.17,,,"GroupBy#1: 50,000,000 input rows is at or above the 6,072,516-row crossover for group_by_multi:mean at an estimated 875,179 groups over (k1, k2), a Chao1 estimate from a 8,192-row sample, 639,739 to 1,334,815 (engine table, the 1,000,000-group bucket, Benchmarks/results/polars_engine_crossover_2026-09-26-groups.csv)",1000000,875179,1968,
50000000,"(g1minmax1M) group-by grid, 1 key, 1 000 000 groups, min + max",polars in-memory,334.967,3716.6,,,,,,,,,,,,
50000000,"(g1minmax1M) group-by grid, 1 key, 1 000 000 groups, min + max",polars streaming,135.267,1844.8,,,,,,,,,,,,
50000000,"(g1minmax1M) group-by grid, 1 key, 1 000 000 groups, min + max","MetalEngine all, cold",67.389,25.0,GroupBy#1[GroupBy>DataFrameScan],,True,2.01,4.97,group_by:minmax|numeric|memory,50000000,,1000000,,,
50000000,"(g1minmax1M) group-by grid, 1 key, 1 000 000 groups, min + max","MetalEngine all, warm",46.568,4.2,GroupBy#1[GroupBy>DataFrameScan],,True,2.90,7.19,group_by:minmax|numeric|memory,50000000,,1000000,,,
50000000,"(g1minmax1M) group-by grid, 1 key, 1 000 000 groups, min + max","MetalEngine default, cold",63.072,19.7,GroupBy#1,,True,2.14,5.31,,,"GroupBy#1: 50,000,000 input rows is at or above the 5,000,000-row crossover for group_by:minmax at an estimated 1,149,308 groups over (k), a Chao1 estimate from a 8,192-row sample, 803,998 to 1,908,215 (engine table, the 1,000,000-group bucket, Benchmarks/results/polars_engine_crossover_2026-09-26-groups.csv)",1000000,1149308,294,
50000000,"(g2minmax1M) group-by grid, 2 keys, 1 000 000 groups, min + max",polars in-memory,552.711,7366.1,,,,,,,,,,,,
50000000,"(g2minmax1M) group-by grid, 2 keys, 1 000 000 groups, min + max",polars streaming,369.019,5126.0,,,,,,,,,,,,
50000000,"(g2minmax1M) group-by grid, 2 keys, 1 000 000 groups, min + max","MetalEngine all, cold",73.638,31.2,GroupBy#1[GroupBy>DataFrameScan],,True,5.01,7.51,group_by_multi:minmax|numeric|memory,50000000,,1000000,,,
50000000,"(g2minmax1M) group-by grid, 2 keys, 1 000 000 groups, min + max","MetalEngine all, warm",46.830,4.7,GroupBy#1[GroupBy>DataFrameScan],,True,7.88,11.80,group_by_multi:minmax|numeric|memory,50000000,,1000000,,,
50000000,"(g2minmax1M) group-by grid, 2 keys, 1 000 000 groups, min + max","MetalEngine default, cold",69.818,26.6,GroupBy#1,,True,5.29,7.92,,,"GroupBy#1: 50,000,000 input rows is at or above the 5,000,000-row crossover for group_by_multi:minmax at an estimated 875,179 groups over (k1, k2), a Chao1 estimate from a 8,192-row sample, 639,739 to 1,334,815 (engine table, the 1,000,000-group bucket, Benchmarks/results/polars_engine_crossover_2026-09-26-groups.csv)",1000000,875179,6314,
50000000,"(g1sumR2) group-by grid, 1 key, rows/2 groups, sum",polars in-memory,551.708,7112.1,,,,,,,,,,,,
50000000,"(g1sumR2) group-by grid, 1 key, rows/2 groups, sum",polars streaming,255.771,3352.0,,,,,,,,,,,,
50000000,"(g1sumR2) group-by grid, 1 key, rows/2 groups, sum","MetalEngine all, cold",266.485,73.9,GroupBy#1[GroupBy>DataFrameScan],,True,0.96,2.07,group_by:sum|numeric|memory,50000000,,21618024,,,
50000000,"(g1sumR2) group-by grid, 1 key, rows/2 groups, sum","MetalEngine all, warm",419.518,65.2,GroupBy#1[GroupBy>DataFrameScan],,True,0.61,1.32,group_by:sum|numeric|memory,50000000,,21618024,,,
50000000,"(g1sumR2) group-by grid, 1 key, rows/2 groups, sum","MetalEngine default, cold",565.478,7146.4,,,True,0.45,0.98,,,"GroupBy#1: rule: estimated 11,180,716 groups over (k), a Chao1 estimate from a 8,192-row sample, 4,289,711 to 50,000,000: above the measured band for group_by:sum at 50,000,000 input rows (taken at 3,163 to 3,162,277 groups; not every count in the estimate's range is, Benchmarks/results/polars_engine_crossover_2026-09-26-groups.csv)",21618024,11180716,8167,
50000000,"(g2sumR2) group-by grid, 2 keys, rows/2 groups, sum",polars in-memory,865.803,10702.3,,,,,,,,,,,,
50000000,"(g2sumR2) group-by grid, 2 keys, rows/2 groups, sum",polars streaming,524.617,7185.6,,,,,,,,,,,,
50000000,"(g2sumR2) group-by grid, 2 keys, rows/2 groups, sum","MetalEngine all, cold",288.608,85.2,GroupBy#1[GroupBy>DataFrameScan],,True,1.82,3.00,group_by_multi:sum|numeric|memory,50000000,,21616154,,,
50000000,"(g2sumR2) group-by grid, 2 keys, rows/2 groups, sum","MetalEngine all, warm",410.267,64.3,GroupBy#1[GroupBy>DataFrameScan],,True,1.28,2.11,group_by_multi:sum|numeric|memory,50000000,,21616154,,,
50000000,"(g2sumR2) group-by grid, 2 keys, rows/2 groups, sum","MetalEngine default, cold",892.078,11100.1,,,True,0.59,0.97,,,"GroupBy#1: rule: estimated 11,180,716 groups over (k1, k2), a Chao1 estimate from a 8,192-row sample, 4,289,711 to 50,000,000: above the measured band for group_by_multi:sum at 50,000,000 input rows (taken at 448 to 3,162,277 groups; not every count in the estimate's range is, Benchmarks/results/polars_engine_crossover_2026-09-26-groups.csv)",21616154,11180716,1644,
50000000,"(g1countR2) group-by grid, 1 key, rows/2 groups, count",polars in-memory,513.224,6053.2,,,,,,,,,,,,
50000000,"(g1countR2) group-by grid, 1 key, rows/2 groups, count",polars streaming,224.452,3005.2,,,,,,,,,,,,
50000000,"(g1countR2) group-by grid, 1 key, rows/2 groups, count","MetalEngine all, cold",187.524,35.0,GroupBy#1[GroupBy>DataFrameScan],,True,1.20,2.74,group_by:count|numeric|memory,50000000,,21618024,,,
50000000,"(g1countR2) group-by grid, 1 key, rows/2 groups, count","MetalEngine all, warm",210.468,28.7,GroupBy#1[GroupBy>DataFrameScan],,True,1.07,2.44,group_by:count|numeric|memory,50000000,,21618024,,,
50000000,"(g1countR2) group-by grid, 1 key, rows/2 groups, count","MetalEngine default, cold",238.537,34.3,GroupBy#1,,True,0.94,2.15,,,"GroupBy#1: 50,000,000 input rows is at or above the 2,854,102-row crossover for group_by:count at an estimated 19,853,185 groups over (k), a Chao1 estimate from a 32,768-row sample, 13,685,261 to 33,898,917 (engine table, the rows/2-group bucket, Benchmarks/results/polars_engine_crossover_2026-09-26-groups.csv)",21618024,19853185,1348,
50000000,"(g2countR2) group-by grid, 2 keys, rows/2 groups, count",polars in-memory,787.952,9217.9,,,,,,,,,,,,
50000000,"(g2countR2) group-by grid, 2 keys, rows/2 groups, count",polars streaming,511.723,7003.0,,,,,,,,,,,,
50000000,"(g2countR2) group-by grid, 2 keys, rows/2 groups, count","MetalEngine all, cold",214.980,45.8,GroupBy#1[GroupBy>DataFrameScan],,True,2.38,3.67,group_by_multi:count|numeric|memory,50000000,,21616154,,,
50000000,"(g2countR2) group-by grid, 2 keys, rows/2 groups, count","MetalEngine all, warm",300.370,38.3,GroupBy#1[GroupBy>DataFrameScan],,True,1.70,2.62,group_by_multi:count|numeric|memory,50000000,,21616154,,,
50000000,"(g2countR2) group-by grid, 2 keys, rows/2 groups, count","MetalEngine default, cold",781.037,9083.9,,,True,0.66,1.01,,,"GroupBy#1: rule: estimated 11,180,716 groups over (k1, k2), a Chao1 estimate from a 8,192-row sample, 4,289,711 to 50,000,000: above the measured band for group_by_multi:count at 50,000,000 input rows (taken at 1 to 3,162,277 groups; not every count in the estimate's range is, Benchmarks/results/polars_engine_crossover_2026-09-26-groups.csv)",21616154,11180716,22057,
50000000,"(g1meanR2) group-by grid, 1 key, rows/2 groups, mean",polars in-memory,570.340,7991.4,,,,,,,,,,,,
50000000,"(g1meanR2) group-by grid, 1 key, rows/2 groups, mean",polars streaming,272.162,3533.9,,,,,,,,,,,,
50000000,"(g1meanR2) group-by grid, 1 key, rows/2 groups, mean","MetalEngine all, cold",414.717,41.2,GroupBy#1[GroupBy>DataFrameScan],,True,0.66,1.38,group_by:mean|numeric|memory,50000000,,21618024,,,
50000000,"(g1meanR2) group-by grid, 1 key, rows/2 groups, mean","MetalEngine all, warm",440.202,19.4,GroupBy#1[GroupBy>DataFrameScan],,True,0.62,1.30,group_by:mean|numeric|memory,50000000,,21618024,,,
50000000,"(g1meanR2) group-by grid, 1 key, rows/2 groups, mean","MetalEngine default, cold",537.565,7250.1,,,True,0.51,1.06,,,"GroupBy#1: rule: estimated 11,180,716 groups over (k), a Chao1 estimate from a 8,192-row sample, 4,289,711 to 50,000,000: above the measured band for group_by:mean at 50,000,000 input rows (taken at 3,163 to 3,162,277 groups; not every count in the estimate's range is, Benchmarks/results/polars_engine_crossover_2026-09-26-groups.csv)",21618024,11180716,343,
50000000,"(g2meanR2) group-by grid, 2 keys, rows/2 groups, mean",polars in-memory,889.500,11193.5,,,,,,,,,,,,
50000000,"(g2meanR2) group-by grid, 2 keys, rows/2 groups, mean",polars streaming,555.526,7701.3,,,,,,,,,,,,
50000000,"(g2meanR2) group-by grid, 2 keys, rows/2 groups, mean","MetalEngine all, cold",460.812,59.1,GroupBy#1[GroupBy>DataFrameScan],,True,1.21,1.93,group_by_multi:mean|numeric|memory,50000000,,21616154,,,
50000000,"(g2meanR2) group-by grid, 2 keys, rows/2 groups, mean","MetalEngine all, warm",480.257,25.5,GroupBy#1[GroupBy>DataFrameScan],,True,1.16,1.85,group_by_multi:mean|numeric|memory,50000000,,21616154,,,
50000000,"(g2meanR2) group-by grid, 2 keys, rows/2 groups, mean","MetalEngine default, cold",916.954,11526.4,,,True,0.61,0.97,,,"GroupBy#1: rule: estimated 11,180,716 groups over (k1, k2), a Chao1 estimate from a 8,192-row sample, 4,289,711 to 50,000,000: above the measured band for group_by_multi:mean at 50,000,000 input rows (taken at 3,163 to 3,162,277 groups; not every count in the estimate's range is, Benchmarks/results/polars_engine_crossover_2026-09-26-groups.csv)",21616154,11180716,12433,
50000000,"(g1minmaxR2) group-by grid, 1 key, rows/2 groups, min + max",polars in-memory,633.547,8895.4,,,,,,,,,,,,
50000000,"(g1minmaxR2) group-by grid, 1 key, rows/2 groups, min + max",polars streaming,313.499,4248.5,,,,,,,,,,,,
50000000,"(g1minmaxR2) group-by grid, 1 key, rows/2 groups, min + max","MetalEngine all, cold",386.282,47.7,GroupBy#1[GroupBy>DataFrameScan],,True,0.81,1.64,group_by:minmax|numeric|memory,50000000,,21618024,,,
50000000,"(g1minmaxR2) group-by grid, 1 key, rows/2 groups, min + max","MetalEngine all, warm",537.846,19.5,GroupBy#1[GroupBy>DataFrameScan],,True,0.58,1.18,group_by:minmax|numeric|memory,50000000,,21618024,,,
50000000,"(g1minmaxR2) group-by grid, 1 key, rows/2 groups, min + max","MetalEngine default, cold",644.381,8842.4,,,True,0.49,0.98,,,"GroupBy#1: rule: estimated 11,180,716 groups over (k), a Chao1 estimate from a 8,192-row sample, 4,289,711 to 50,000,000: above the measured band for group_by:minmax at 50,000,000 input rows (taken at 3,163 to 3,162,277 groups; not every count in the estimate's range is, Benchmarks/results/polars_engine_crossover_2026-09-26-groups.csv)",21618024,11180716,6714,
50000000,"(g2minmaxR2) group-by grid, 2 keys, rows/2 groups, min + max",polars in-memory,988.716,13126.9,,,,,,,,,,,,
50000000,"(g2minmaxR2) group-by grid, 2 keys, rows/2 groups, min + max",polars streaming,577.528,8030.3,,,,,,,,,,,,
50000000,"(g2minmaxR2) group-by grid, 2 keys, rows/2 groups, min + max","MetalEngine all, cold",420.542,71.0,GroupBy#1[GroupBy>DataFrameScan],,True,1.37,2.35,group_by_multi:minmax|numeric|memory,50000000,,21616154,,,
50000000,"(g2minmaxR2) group-by grid, 2 keys, rows/2 groups, min + max","MetalEngine all, warm",527.901,31.5,GroupBy#1[GroupBy>DataFrameScan],,True,1.09,1.87,group_by_multi:minmax|numeric|memory,50000000,,21616154,,,
50000000,"(g2minmaxR2) group-by grid, 2 keys, rows/2 groups, min + max","MetalEngine default, cold",946.629,12509.0,,,True,0.61,1.04,,,"GroupBy#1: rule: estimated 11,180,716 groups over (k1, k2), a Chao1 estimate from a 8,192-row sample, 4,289,711 to 50,000,000: above the measured band for group_by_multi:minmax at 50,000,000 input rows (taken at 448 to 3,162,277 groups; not every count in the estimate's range is, Benchmarks/results/polars_engine_crossover_2026-09-26-groups.csv)",21616154,11180716,14825,
50000000,"(s1) scan, filter, group-by 1000 keys, sum + count [snappy]",polars in-memory,125.151,1377.4,,,,,,,,,,,,
50000000,"(s1) scan, filter, group-by 1000 keys, sum + count [snappy]",polars streaming,69.465,1003.3,,,,,,,,,,,,
50000000,"(s1) scan, filter, group-by 1000 keys, sum + count [snappy]","MetalEngine all, cold",131.781,85.8,GroupBy#2[GroupBy>SimpleProjection>Scan],,True,0.53,0.95,group_by:count+group_by:sum|numeric|parquet,50000000,,1000,,,50/0
50000000,"(s1) scan, filter, group-by 1000 keys, sum + count [snappy]","MetalEngine all, warm",109.328,22.0,GroupBy#2[GroupBy>SimpleProjection>Scan],,True,0.64,1.14,group_by:count+group_by:sum|numeric|parquet,50000000,,1000,,,50/0
50000000,"(s1) scan, filter, group-by 1000 keys, sum + count [snappy]","MetalEngine default, cold",130.642,1326.5,,,True,0.53,0.96,,,"GroupBy#2: rule: group_by:count over a Parquet file was not measured ahead of Polars at any group count (group_by:count over a Parquet file was not measured ahead of Polars up to 50,000,000 input rows (Benchmarks/results/polars_engine_crossover_2026-09-26-groups.csv)) | SimpleProjection#4: rule: no measurement of rowwise over a Parquet file (Benchmarks/results/polars_engine_crossover_2026-09-26-groups.csv) | Scan#1: rule: no measurement of rowwise over a Parquet file (Benchmarks/results/polars_engine_crossover_2026-09-26-groups.csv)",1000,,,
50000000,"(s2) scan, filter on id (row groups skipped), group-by, sum [snappy]",polars in-memory,48.394,379.3,,,,,,,,,,,,
50000000,"(s2) scan, filter on id (row groups skipped), group-by, sum [snappy]",polars streaming,23.234,130.7,,,,,,,,,,,,
50000000,"(s2) scan, filter on id (row groups skipped), group-by, sum [snappy]","MetalEngine all, cold",36.598,13.4,GroupBy#2[GroupBy>SimpleProjection>Scan],,True,0.63,1.32,group_by:sum|numeric|parquet,50000000,,1000,,,5/45
50000000,"(s2) scan, filter on id (row groups skipped), group-by, sum [snappy]","MetalEngine all, warm",34.422,6.2,GroupBy#2[GroupBy>SimpleProjection>Scan],,True,0.67,1.41,group_by:sum|numeric|parquet,50000000,,1000,,,5/45
50000000,"(s2) scan, filter on id (row groups skipped), group-by, sum [snappy]","MetalEngine default, cold",34.192,239.8,,,True,0.68,1.42,,,"GroupBy#2: rule: group_by:sum over a Parquet file was not measured ahead of Polars at any group count (group_by:sum over a Parquet file was not measured ahead of Polars up to 50,000,000 input rows (Benchmarks/results/polars_engine_crossover_2026-09-26-groups.csv)) | SimpleProjection#4: rule: no measurement of rowwise over a Parquet file (Benchmarks/results/polars_engine_crossover_2026-09-26-groups.csv) | Scan#1: rule: no measurement of rowwise over a Parquet file (Benchmarks/results/polars_engine_crossover_2026-09-26-groups.csv)",1000,,,
50000000,"(s3) scan, filter, sum + count [snappy]",polars in-memory,17.429,215.6,,,,,,,,,,,,
50000000,"(s3) scan, filter, sum + count [snappy]",polars streaming,16.227,221.3,,,,,,,,,,,,
50000000,"(s3) scan, filter, sum + count [snappy]","MetalEngine all, cold",24.764,42.1,Select#3[Select>SimpleProjection>Scan],,True,0.66,0.70,aggregate:count+aggregate:sum|numeric|parquet,50000000,,,,,50/0
50000000,"(s3) scan, filter, sum + count [snappy]","MetalEngine all, warm",14.253,4.7,Select#3[Select>SimpleProjection>Scan],,True,1.14,1.22,aggregate:count+aggregate:sum|numeric|parquet,50000000,,,,,50/0
50000000,"(s3) scan, filter, sum + count [snappy]","MetalEngine default, cold",17.550,207.2,,,True,0.92,0.99,,,"Select#3: rule: aggregate:count over a Parquet file was not measured ahead of Polars up to 50,000,000 input rows (Benchmarks/results/polars_engine_crossover_2026-09-26-groups.csv) | SimpleProjection#5: rule: no measurement of rowwise over a Parquet file (Benchmarks/results/polars_engine_crossover_2026-09-26-groups.csv) | Scan#2: rule: no measurement of rowwise over a Parquet file (Benchmarks/results/polars_engine_crossover_2026-09-26-groups.csv)",,,,
50000000,"(s4) scan, sort 2 columns by a float64 key [snappy]",polars in-memory,716.786,8093.1,,,,,,,,,,,,
50000000,"(s4) scan, sort 2 columns by a float64 key [snappy]",polars streaming,700.188,7976.9,,,,,,,,,,,,
50000000,"(s4) scan, sort 2 columns by a float64 key [snappy]","MetalEngine all, cold",159.018,70.5,Sort#2[Sort>Scan],,True,4.40,4.51,sort|numeric|parquet,50000000,,,,,50/0
50000000,"(s4) scan, sort 2 columns by a float64 key [snappy]","MetalEngine all, warm",220.180,53.6,Sort#2[Sort>Scan],,True,3.18,3.26,sort|numeric|parquet,50000000,,,,,50/0
50000000,"(s4) scan, sort 2 columns by a float64 key [snappy]","MetalEngine default, cold",255.969,110.4,Sort#2,,True,2.74,2.80,,,"Sort#2: 50,000,000 input rows is at or above the 1,488,148-row crossover for sort over a Parquet file (engine table, Benchmarks/results/polars_engine_crossover_2026-09-26-groups.csv)",,,,
50000000,"(s1) scan, filter, group-by 1000 keys, sum + count [none]",polars in-memory,136.219,1544.8,,,,,,,,,,,,
50000000,"(s1) scan, filter, group-by 1000 keys, sum + count [none]",polars streaming,53.339,749.5,,,,,,,,,,,,
50000000,"(s1) scan, filter, group-by 1000 keys, sum + count [none]","MetalEngine all, cold",119.181,92.2,GroupBy#2[GroupBy>SimpleProjection>Scan],,True,0.45,1.14,group_by:count+group_by:sum|numeric|parquet,50000000,,1000,,,50/0
50000000,"(s1) scan, filter, group-by 1000 keys, sum + count [none]","MetalEngine all, warm",111.193,49.7,GroupBy#2[GroupBy>SimpleProjection>Scan],,True,0.48,1.23,group_by:count+group_by:sum|numeric|parquet,50000000,,1000,,,50/0
50000000,"(s1) scan, filter, group-by 1000 keys, sum + count [none]","MetalEngine default, cold",133.000,1276.9,,,True,0.40,1.02,,,"GroupBy#2: rule: group_by:count over a Parquet file was not measured ahead of Polars at any group count (group_by:count over a Parquet file was not measured ahead of Polars up to 50,000,000 input rows (Benchmarks/results/polars_engine_crossover_2026-09-26-groups.csv)) | SimpleProjection#4: rule: no measurement of rowwise over a Parquet file (Benchmarks/results/polars_engine_crossover_2026-09-26-groups.csv) | Scan#1: rule: no measurement of rowwise over a Parquet file (Benchmarks/results/polars_engine_crossover_2026-09-26-groups.csv)",1000,,,
50000000,"(s2) scan, filter on id (row groups skipped), group-by, sum [none]",polars in-memory,28.550,264.6,,,,,,,,,,,,
50000000,"(s2) scan, filter on id (row groups skipped), group-by, sum [none]",polars streaming,9.800,72.8,,,,,,,,,,,,
50000000,"(s2) scan, filter on id (row groups skipped), group-by, sum [none]","MetalEngine all, cold",10.691,13.1,GroupBy#2[GroupBy>SimpleProjection>Scan],,True,0.92,2.67,group_by:sum|numeric|parquet,50000000,,1000,,,5/45
50000000,"(s2) scan, filter on id (row groups skipped), group-by, sum [none]","MetalEngine all, warm",7.066,5.3,GroupBy#2[GroupBy>SimpleProjection>Scan],,True,1.39,4.04,group_by:sum|numeric|parquet,50000000,,1000,,,5/45
50000000,"(s2) scan, filter on id (row groups skipped), group-by, sum [none]","MetalEngine default, cold",26.966,228.0,,,True,0.36,1.06,,,"GroupBy#2: rule: group_by:sum over a Parquet file was not measured ahead of Polars at any group count (group_by:sum over a Parquet file was not measured ahead of Polars up to 50,000,000 input rows (Benchmarks/results/polars_engine_crossover_2026-09-26-groups.csv)) | SimpleProjection#4: rule: no measurement of rowwise over a Parquet file (Benchmarks/results/polars_engine_crossover_2026-09-26-groups.csv) | Scan#1: rule: no measurement of rowwise over a Parquet file (Benchmarks/results/polars_engine_crossover_2026-09-26-groups.csv)",1000,,,
50000000,"(s3) scan, filter, sum + count [none]",polars in-memory,17.539,218.3,,,,,,,,,,,,
50000000,"(s3) scan, filter, sum + count [none]",polars streaming,17.733,237.2,,,,,,,,,,,,
50000000,"(s3) scan, filter, sum + count [none]","MetalEngine all, cold",16.380,42.5,Select#3[Select>SimpleProjection>Scan],,True,1.07,1.07,aggregate:count+aggregate:sum|numeric|parquet,50000000,,,,,50/0
50000000,"(s3) scan, filter, sum + count [none]","MetalEngine all, warm",6.380,3.3,Select#3[Select>SimpleProjection>Scan],,True,2.75,2.75,aggregate:count+aggregate:sum|numeric|parquet,50000000,,,,,50/0
50000000,"(s3) scan, filter, sum + count [none]","MetalEngine default, cold",16.492,196.6,,,True,1.06,1.06,,,"Select#3: rule: aggregate:count over a Parquet file was not measured ahead of Polars up to 50,000,000 input rows (Benchmarks/results/polars_engine_crossover_2026-09-26-groups.csv) | SimpleProjection#5: rule: no measurement of rowwise over a Parquet file (Benchmarks/results/polars_engine_crossover_2026-09-26-groups.csv) | Scan#2: rule: no measurement of rowwise over a Parquet file (Benchmarks/results/polars_engine_crossover_2026-09-26-groups.csv)",,,,
50000000,"(s4) scan, sort 2 columns by a float64 key [none]",polars in-memory,701.383,7882.7,,,,,,,,,,,,
50000000,"(s4) scan, sort 2 columns by a float64 key [none]",polars streaming,686.142,7897.0,,,,,,,,,,,,
50000000,"(s4) scan, sort 2 columns by a float64 key [none]","MetalEngine all, cold",104.151,60.3,Sort#2[Sort>Scan],,True,6.59,6.73,sort|numeric|parquet,50000000,,,,,50/0
50000000,"(s4) scan, sort 2 columns by a float64 key [none]","MetalEngine all, warm",151.787,52.2,Sort#2[Sort>Scan],,True,4.52,4.62,sort|numeric|parquet,50000000,,,,,50/0
50000000,"(s4) scan, sort 2 columns by a float64 key [none]","MetalEngine default, cold",201.020,110.3,Sort#2,,True,3.41,3.49,,,"Sort#2: 50,000,000 input rows is at or above the 1,488,148-row crossover for sort over a Parquet file (engine table, Benchmarks/results/polars_engine_crossover_2026-09-26-groups.csv)",,,,
