# ArrowMetal 0.4.0 on Apple M4 Max, polars 2.0.0 (16 threads), pyarrow 25.0.1, best of 7, crossover sweep; one process per size (conditions in polars_engine_crossover_2026-10-08-polars2_conditions.txt), the Parquet scan cases per size after the in-memory sizes
rows,case,engine,wall_ms,cpu_ms,taken,fallbacks,equal_to_polars,vs_fastest_polars,vs_polars_in_memory,shape,input_rows,rule,groups,groups_estimate,probe_us,row_groups_read_skipped
250000,(a) filtered sum + count,polars in-memory,0.169,0.5,,,,,,,,,,,
250000,(a) filtered sum + count,polars streaming,0.112,0.4,,,,,,,,,,,
250000,(a) filtered sum + count,"MetalEngine all, cold",0.568,0.7,Select#3[Select>SimpleProjection>Filter>DataFrameScan],,True,0.20,0.30,aggregate:count+aggregate:sum|numeric|memory,250000,,,,
250000,(b) filter + group-by 200 keys + sort desc + limit 10,polars in-memory,0.812,8.6,,,,,,,,,,,
250000,(b) filter + group-by 200 keys + sort desc + limit 10,polars streaming,1.123,11.0,,,,,,,,,,,
250000,(b) filter + group-by 200 keys + sort desc + limit 10,"MetalEngine all, cold",2.228,2.7,Sort#4[Sort>Filter>GroupBy>Filter>DataFrameScan],,True,0.36,0.36,group_by:count+group_by:sum+top_k|numeric|memory,250000,,,,
250000,"(c) group-by (region, sub) mean + max",polars in-memory,1.672,19.2,,,,,,,,,,,
250000,"(c) group-by (region, sub) mean + max",polars streaming,1.532,15.2,,,,,,,,,,,
250000,"(c) group-by (region, sub) mean + max","MetalEngine all, cold",1.877,2.3,GroupBy#1[GroupBy>DataFrameScan],,True,0.82,0.89,group_by_multi:mean+group_by_multi:minmax|numeric|memory,250000,,10000,,
250000,(d) projection chain then filter,polars in-memory,0.385,0.4,,,,,,,,,,,
250000,(d) projection chain then filter,polars streaming,0.204,0.9,,,,,,,,,,,
250000,(d) projection chain then filter,"MetalEngine all, cold",1.299,0.9,Filter#2[Filter>Select>HStack>DataFrameScan],,True,0.16,0.30,rowwise|numeric|memory,250000,,,,
250000,(e) inner join then sum,polars in-memory,2.858,23.7,,,,,,,,,,,
250000,(e) inner join then sum,polars streaming,1.609,13.9,,,,,,,,,,,
250000,(e) inner join then sum,"MetalEngine all, cold",1.916,1.3,Select#3[Select>SimpleProjection>Join>DataFrameScan>DataFrameScan],,True,0.84,1.49,aggregate:sum+join:inner|numeric|memory,1250000,,,,
250000,(f) semi join,polars in-memory,0.265,3.8,,,,,,,,,,,
250000,(f) semi join,polars streaming,0.433,2.5,,,,,,,,,,,
250000,(f) semi join,"MetalEngine all, cold",0.634,0.8,Join#2[Join>DataFrameScan>DataFrameScan],,True,0.42,0.42,join:semi|numeric|memory,251000,,,,
250000,(g) row_number over partitions,polars in-memory,1.896,17.4,,,,,,,,,,,
250000,(g) row_number over partitions,polars streaming,1.787,22.4,,,,,,,,,,,
250000,(g) row_number over partitions,"MetalEngine all, cold",1.979,16.9,,HStack#1: Expression Window has no ArrowMetal translation.,True,0.90,0.96,,,,,,
250000,(h) as-of join,polars in-memory,1.727,2.9,,,,,,,,,,,
250000,(h) as-of join,polars streaming,0.398,2.6,,,,,,,,,,,
250000,(h) as-of join,"MetalEngine all, cold",1.669,2.5,,"Join#2: A AsOf join is not translated (inner, left, semi and anti are taken).",True,0.24,1.04,,,,,,
250000,"(i) group-by 1 key, 100 000 groups, sum",polars in-memory,1.552,18.9,,,,,,,,,,,
250000,"(i) group-by 1 key, 100 000 groups, sum",polars streaming,1.056,10.1,,,,,,,,,,,
250000,"(i) group-by 1 key, 100 000 groups, sum","MetalEngine all, cold",1.470,1.8,GroupBy#1[GroupBy>DataFrameScan],,True,0.72,1.06,group_by:sum|numeric|memory,250000,,91867,,
250000,"(j) group-by (k1, k2), sum + count",polars in-memory,2.104,25.9,,,,,,,,,,,
250000,"(j) group-by (k1, k2), sum + count",polars streaming,1.570,15.2,,,,,,,,,,,
250000,"(j) group-by (k1, k2), sum + count","MetalEngine all, cold",5.043,5.3,GroupBy#1[GroupBy>DataFrameScan],,True,0.31,0.42,group_by_multi:count+group_by_multi:sum|numeric|memory,250000,,249684,,
250000,"(k) group-by (String, int32), sum",polars in-memory,1.967,25.7,,,,,,,,,,,
250000,"(k) group-by (String, int32), sum",polars streaming,1.658,17.0,,,,,,,,,,,
250000,"(k) group-by (String, int32), sum","MetalEngine all, cold",4.498,5.2,GroupBy#1[GroupBy>DataFrameScan],,True,0.37,0.44,group_by_multi:sum|string|memory,250000,,221070,,
250000,"(l) group-by (region, sub), Float64 sum + mean",polars in-memory,1.684,22.1,,,,,,,,,,,
250000,"(l) group-by (region, sub), Float64 sum + mean",polars streaming,1.482,14.9,,,,,,,,,,,
250000,"(l) group-by (region, sub), Float64 sum + mean","MetalEngine all, cold",2.920,2.6,GroupBy#2[GroupBy>HStack>DataFrameScan],,True,0.51,0.58,group_by_multi:mean+group_by_multi:sum|numeric|memory,250000,,10000,,
250000,(m) sort 3 columns by an int64 key,polars in-memory,1.342,19.5,,,,,,,,,,,
250000,(m) sort 3 columns by an int64 key,polars streaming,1.936,22.4,,,,,,,,,,,
250000,(m) sort 3 columns by an int64 key,"MetalEngine all, cold",1.514,0.9,Sort#2[Sort>DataFrameScan],,True,0.89,0.89,sort|numeric|memory,250000,,,,
250000,"(n) top 100 by Float64, descending",polars in-memory,1.142,1.3,,,,,,,,,,,
250000,"(n) top 100 by Float64, descending",polars streaming,0.582,4.8,,,,,,,,,,,
250000,"(n) top 100 by Float64, descending","MetalEngine all, cold",0.653,0.8,Sort#3[Sort>Filter>DataFrameScan],,True,0.89,1.75,top_k|numeric|memory,250000,,,,
250000,"(o) sort with a String column, by an int64 key",polars in-memory,1.426,19.6,,,,,,,,,,,
250000,"(o) sort with a String column, by an int64 key",polars streaming,1.972,23.6,,,,,,,,,,,
250000,"(o) sort with a String column, by an int64 key","MetalEngine all, cold",2.499,2.0,Sort#2[Sort>DataFrameScan],,True,0.57,0.57,sort|string|memory,250000,,,,
250000,"(p) filter, then sort by (int32 asc, nullable Float64 desc)",polars in-memory,2.318,27.6,,,,,,,,,,,
250000,"(p) filter, then sort by (int32 asc, nullable Float64 desc)",polars streaming,3.994,35.6,,,,,,,,,,,
250000,"(p) filter, then sort by (int32 asc, nullable Float64 desc)","MetalEngine all, cold",3.379,3.5,Sort#3[Sort>HStack>Filter>DataFrameScan],,True,0.69,0.69,sort|string|memory,250000,,,,
250000,"(q) filter, then sort by (int32 asc, int64 desc)",polars in-memory,1.593,17.5,,,,,,,,,,,
250000,"(q) filter, then sort by (int32 asc, int64 desc)",polars streaming,3.508,32.6,,,,,,,,,,,
250000,"(q) filter, then sort by (int32 asc, int64 desc)","MetalEngine all, cold",2.386,1.6,Sort#3[Sort>Filter>DataFrameScan],,True,0.67,0.67,sort|numeric|memory,250000,,,,
250000,"(r) unique over (region, sub), keep first",polars in-memory,1.200,14.0,,,,,,,,,,,
250000,"(r) unique over (region, sub), keep first",polars streaming,1.727,17.6,,,,,,,,,,,
250000,"(r) unique over (region, sub), keep first","MetalEngine all, cold",1.439,1.9,Distinct#1[Distinct>DataFrameScan],,True,0.83,0.83,distinct|numeric|memory,250000,,,,
250000,"(r2) unique over (region, sub), keep any",polars in-memory,1.210,16.0,,,,,,,,,,,
250000,"(r2) unique over (region, sub), keep any",polars streaming,1.745,17.1,,,,,,,,,,,
250000,"(r2) unique over (region, sub), keep any","MetalEngine all, cold",1.757,2.1,Distinct#1[Distinct>DataFrameScan],,True,0.69,0.69,distinct|numeric|memory,250000,,,,
250000,(a2) filtered min + max,polars in-memory,0.143,0.7,,,,,,,,,,,
250000,(a2) filtered min + max,polars streaming,0.145,0.4,,,,,,,,,,,
250000,(a2) filtered min + max,"MetalEngine all, cold",1.027,1.1,Select#3[Select>SimpleProjection>Filter>DataFrameScan],,True,0.14,0.14,aggregate:minmax|numeric|memory,250000,,,,
250000,(a3) filtered mean,polars in-memory,0.136,0.6,,,,,,,,,,,
250000,(a3) filtered mean,polars streaming,0.143,0.4,,,,,,,,,,,
250000,(a3) filtered mean,"MetalEngine all, cold",1.093,0.8,Select#3[Select>SimpleProjection>Filter>DataFrameScan],,True,0.12,0.12,aggregate:mean|numeric|memory,250000,,,,
250000,(a4) filtered count,polars in-memory,0.103,1.6,,,,,,,,,,,
250000,(a4) filtered count,polars streaming,0.115,0.3,,,,,,,,,,,
250000,(a4) filtered count,"MetalEngine all, cold",0.444,0.5,Select#3[Select>DataFrameScan],,True,0.23,0.23,aggregate:sum|numeric|memory,250000,,,,
250000,"(t1) group-by 1 key, 200 groups, sum",polars in-memory,0.683,8.6,,,,,,,,,,,
250000,"(t1) group-by 1 key, 200 groups, sum",polars streaming,0.609,5.4,,,,,,,,,,,
250000,"(t1) group-by 1 key, 200 groups, sum","MetalEngine all, cold",1.256,1.6,GroupBy#1[GroupBy>DataFrameScan],,True,0.48,0.54,group_by:sum|numeric|memory,250000,,200,,
250000,"(t2) group-by 1 key, 200 groups, count",polars in-memory,0.590,7.5,,,,,,,,,,,
250000,"(t2) group-by 1 key, 200 groups, count",polars streaming,0.667,4.6,,,,,,,,,,,
250000,"(t2) group-by 1 key, 200 groups, count","MetalEngine all, cold",1.144,1.4,GroupBy#1[GroupBy>DataFrameScan],,True,0.52,0.52,group_by:count|numeric|memory,250000,,200,,
250000,"(t3) group-by 1 key, 200 groups, mean",polars in-memory,0.671,9.7,,,,,,,,,,,
250000,"(t3) group-by 1 key, 200 groups, mean",polars streaming,0.640,6.2,,,,,,,,,,,
250000,"(t3) group-by 1 key, 200 groups, mean","MetalEngine all, cold",1.374,1.7,GroupBy#1[GroupBy>DataFrameScan],,True,0.47,0.49,group_by:mean|numeric|memory,250000,,200,,
250000,"(t4) group-by 1 key, 200 groups, min + max",polars in-memory,0.588,8.1,,,,,,,,,,,
250000,"(t4) group-by 1 key, 200 groups, min + max",polars streaming,0.698,7.0,,,,,,,,,,,
250000,"(t4) group-by 1 key, 200 groups, min + max","MetalEngine all, cold",1.170,1.5,GroupBy#1[GroupBy>DataFrameScan],,True,0.50,0.50,group_by:minmax|numeric|memory,250000,,200,,
250000,"(t5) group-by 1 key, 100 000 groups, count",polars in-memory,1.127,12.6,,,,,,,,,,,
250000,"(t5) group-by 1 key, 100 000 groups, count",polars streaming,1.016,9.7,,,,,,,,,,,
250000,"(t5) group-by 1 key, 100 000 groups, count","MetalEngine all, cold",1.344,1.7,GroupBy#1[GroupBy>DataFrameScan],,True,0.76,0.84,group_by:count|numeric|memory,250000,,91867,,
250000,"(t6) group-by 1 key, 100 000 groups, mean",polars in-memory,1.181,15.0,,,,,,,,,,,
250000,"(t6) group-by 1 key, 100 000 groups, mean",polars streaming,1.127,10.6,,,,,,,,,,,
250000,"(t6) group-by 1 key, 100 000 groups, mean","MetalEngine all, cold",1.689,1.9,GroupBy#1[GroupBy>DataFrameScan],,True,0.67,0.70,group_by:mean|numeric|memory,250000,,91867,,
250000,"(t7) group-by 1 key, 100 000 groups, min + max",polars in-memory,1.262,17.6,,,,,,,,,,,
250000,"(t7) group-by 1 key, 100 000 groups, min + max",polars streaming,1.246,12.6,,,,,,,,,,,
250000,"(t7) group-by 1 key, 100 000 groups, min + max","MetalEngine all, cold",1.556,1.7,GroupBy#1[GroupBy>DataFrameScan],,True,0.80,0.81,group_by:minmax|numeric|memory,250000,,91867,,
250000,"(v1) group-by (region, sub), sum",polars in-memory,1.666,20.5,,,,,,,,,,,
250000,"(v1) group-by (region, sub), sum",polars streaming,1.377,13.6,,,,,,,,,,,
250000,"(v1) group-by (region, sub), sum","MetalEngine all, cold",1.620,2.1,GroupBy#1[GroupBy>DataFrameScan],,True,0.85,1.03,group_by_multi:sum|numeric|memory,250000,,10000,,
250000,"(v2) group-by (region, sub), count",polars in-memory,1.389,16.5,,,,,,,,,,,
250000,"(v2) group-by (region, sub), count",polars streaming,1.264,9.2,,,,,,,,,,,
250000,"(v2) group-by (region, sub), count","MetalEngine all, cold",1.470,1.9,GroupBy#1[GroupBy>DataFrameScan],,True,0.86,0.94,group_by_multi:count|numeric|memory,250000,,10000,,
250000,"(v3) group-by (k1, k2), mean",polars in-memory,1.868,24.1,,,,,,,,,,,
250000,"(v3) group-by (k1, k2), mean",polars streaming,1.579,15.5,,,,,,,,,,,
250000,"(v3) group-by (k1, k2), mean","MetalEngine all, cold",4.805,4.5,GroupBy#1[GroupBy>DataFrameScan],,True,0.33,0.39,group_by_multi:mean|numeric|memory,250000,,249684,,
250000,"(v4) group-by (k1, k2), min + max",polars in-memory,1.780,22.5,,,,,,,,,,,
250000,"(v4) group-by (k1, k2), min + max",polars streaming,1.519,15.3,,,,,,,,,,,
250000,"(v4) group-by (k1, k2), min + max","MetalEngine all, cold",6.009,4.7,GroupBy#1[GroupBy>DataFrameScan],,True,0.25,0.30,group_by_multi:minmax|numeric|memory,250000,,249684,,
250000,"(w1) inner join, 1M-row build side",polars in-memory,2.239,19.3,,,,,,,,,,,
250000,"(w1) inner join, 1M-row build side",polars streaming,1.527,11.8,,,,,,,,,,,
250000,"(w1) inner join, 1M-row build side","MetalEngine all, cold",1.354,1.0,Join#2[Join>DataFrameScan>DataFrameScan],,True,1.13,1.65,join:inner|numeric|memory,1250000,,,,
250000,"(w2) left join, 1M-row build side",polars in-memory,4.696,33.9,,,,,,,,,,,
250000,"(w2) left join, 1M-row build side",polars streaming,3.705,12.7,,,,,,,,,,,
250000,"(w2) left join, 1M-row build side","MetalEngine all, cold",1.510,1.3,Join#2[Join>DataFrameScan>DataFrameScan],,True,2.45,3.11,join:left|numeric|memory,1250000,,,,
250000,"(w3) semi join, 1M-row build side",polars in-memory,3.294,37.7,,,,,,,,,,,
250000,"(w3) semi join, 1M-row build side",polars streaming,2.167,19.1,,,,,,,,,,,
250000,"(w3) semi join, 1M-row build side","MetalEngine all, cold",1.535,1.3,Join#2[Join>DataFrameScan>DataFrameScan],,True,1.41,2.15,join:semi|numeric|memory,1250000,,,,
250000,"(w4) anti join, 1M-row build side",polars in-memory,3.022,38.1,,,,,,,,,,,
250000,"(w4) anti join, 1M-row build side",polars streaming,2.093,19.8,,,,,,,,,,,
250000,"(w4) anti join, 1M-row build side","MetalEngine all, cold",1.529,1.3,Join#2[Join>DataFrameScan>DataFrameScan],,True,1.37,1.98,join:anti|numeric|memory,1250000,,,,
250000,"(x1) unique over (k1, k2), keep first",polars in-memory,1.716,19.0,,,,,,,,,,,
250000,"(x1) unique over (k1, k2), keep first",polars streaming,1.942,18.6,,,,,,,,,,,
250000,"(x1) unique over (k1, k2), keep first","MetalEngine all, cold",3.977,4.3,Distinct#2[Distinct>DataFrameScan],,True,0.43,0.43,distinct|numeric|memory,250000,,,,
250000,"(x2) sort by a nullable Float64 key, descending",polars in-memory,1.971,25.3,,,,,,,,,,,
250000,"(x2) sort by a nullable Float64 key, descending",polars streaming,2.515,28.7,,,,,,,,,,,
250000,"(x2) sort by a nullable Float64 key, descending","MetalEngine all, cold",2.969,1.5,Sort#2[Sort>Select>DataFrameScan],,True,0.66,0.66,sort|numeric|memory,250000,,,,
250000,(x3) top 100 by an int64 key,polars in-memory,1.247,1.5,,,,,,,,,,,
250000,(x3) top 100 by an int64 key,polars streaming,0.521,2.7,,,,,,,,,,,
250000,(x3) top 100 by an int64 key,"MetalEngine all, cold",1.399,1.1,Sort#3[Sort>Filter>DataFrameScan],,True,0.37,0.89,top_k|numeric|memory,250000,,,,
250000,"(x4) top 100 by a nullable Float64 key, descending",polars in-memory,1.302,1.4,,,,,,,,,,,
250000,"(x4) top 100 by a nullable Float64 key, descending",polars streaming,0.519,3.1,,,,,,,,,,,
250000,"(x4) top 100 by a nullable Float64 key, descending","MetalEngine all, cold",0.716,0.9,Sort#3[Sort>Filter>Select>DataFrameScan],,True,0.72,1.82,top_k|numeric|memory,250000,,,,
250000,"(y1) group-by a String key (1000 values), sum",polars in-memory,1.219,14.7,,,,,,,,,,,
250000,"(y1) group-by a String key (1000 values), sum",polars streaming,0.887,7.5,,,,,,,,,,,
250000,"(y1) group-by a String key (1000 values), sum","MetalEngine all, cold",2.842,3.5,GroupBy#1[GroupBy>DataFrameScan],,True,0.31,0.43,group_by:sum|string|memory,250000,,1000,,
250000,(y2) filter by a String equality,polars in-memory,0.146,0.3,,,,,,,,,,,
250000,(y2) filter by a String equality,polars streaming,0.120,0.4,,,,,,,,,,,
250000,(y2) filter by a String equality,"MetalEngine all, cold",0.785,0.8,Filter#2[Filter>DataFrameScan],,True,0.15,0.19,rowwise|string|memory,250000,,,,
250000,"(y3) filter by a String prefix, then sum",polars in-memory,0.915,1.1,,,,,,,,,,,
250000,"(y3) filter by a String prefix, then sum",polars streaming,0.250,1.4,,,,,,,,,,,
250000,"(y3) filter by a String prefix, then sum","MetalEngine all, cold",0.675,0.6,Select#2[Select>SimpleProjection>Filter>DataFrameScan],,True,0.37,1.35,aggregate:sum|string|memory,250000,,,,
250000,(y4) inner join on a String key,polars in-memory,0.870,12.1,,,,,,,,,,,
250000,(y4) inner join on a String key,polars streaming,0.864,6.0,,,,,,,,,,,
250000,(y4) inner join on a String key,"MetalEngine all, cold",3.384,4.2,Join#3[Join>DataFrameScan>DataFrameScan],,True,0.26,0.26,join:inner|string|memory,250500,,,,
250000,"(y5) unique over (String, int32), keep first",polars in-memory,1.913,17.7,,,,,,,,,,,
250000,"(y5) unique over (String, int32), keep first",polars streaming,2.075,19.6,,,,,,,,,,,
250000,"(y5) unique over (String, int32), keep first","MetalEngine all, cold",4.964,5.1,Distinct#2[Distinct>DataFrameScan],,True,0.39,0.39,distinct|string|memory,250000,,,,
250000,(y6) top 100 by an int64 key with a String column,polars in-memory,1.230,1.5,,,,,,,,,,,
250000,(y6) top 100 by an int64 key with a String column,polars streaming,0.611,3.9,,,,,,,,,,,
250000,(y6) top 100 by an int64 key with a String column,"MetalEngine all, cold",1.753,1.3,Sort#3[Sort>Filter>DataFrameScan],,True,0.35,0.70,top_k|string|memory,250000,,,,
250000,"(g1sum200) group-by grid, 1 key, 200 groups, sum",polars in-memory,0.696,9.9,,,,,,,,,,,
250000,"(g1sum200) group-by grid, 1 key, 200 groups, sum",polars streaming,0.597,3.7,,,,,,,,,,,
250000,"(g1sum200) group-by grid, 1 key, 200 groups, sum","MetalEngine all, cold",1.170,1.5,GroupBy#1[GroupBy>DataFrameScan],,True,0.51,0.59,group_by:sum|numeric|memory,250000,,200,,
250000,"(g2sum200) group-by grid, 2 keys, 200 groups, sum",polars in-memory,1.164,14.5,,,,,,,,,,,
250000,"(g2sum200) group-by grid, 2 keys, 200 groups, sum",polars streaming,0.755,6.3,,,,,,,,,,,
250000,"(g2sum200) group-by grid, 2 keys, 200 groups, sum","MetalEngine all, cold",1.523,1.9,GroupBy#1[GroupBy>DataFrameScan],,True,0.50,0.76,group_by_multi:sum|numeric|memory,250000,,200,,
250000,"(g1count200) group-by grid, 1 key, 200 groups, count",polars in-memory,0.479,7.1,,,,,,,,,,,
250000,"(g1count200) group-by grid, 1 key, 200 groups, count",polars streaming,0.611,6.2,,,,,,,,,,,
250000,"(g1count200) group-by grid, 1 key, 200 groups, count","MetalEngine all, cold",1.172,1.5,GroupBy#1[GroupBy>DataFrameScan],,True,0.41,0.41,group_by:count|numeric|memory,250000,,200,,
250000,"(g2count200) group-by grid, 2 keys, 200 groups, count",polars in-memory,0.992,12.4,,,,,,,,,,,
250000,"(g2count200) group-by grid, 2 keys, 200 groups, count",polars streaming,0.733,6.8,,,,,,,,,,,
250000,"(g2count200) group-by grid, 2 keys, 200 groups, count","MetalEngine all, cold",1.386,1.8,GroupBy#1[GroupBy>DataFrameScan],,True,0.53,0.72,group_by_multi:count|numeric|memory,250000,,200,,
250000,"(g1mean200) group-by grid, 1 key, 200 groups, mean",polars in-memory,0.732,10.4,,,,,,,,,,,
250000,"(g1mean200) group-by grid, 1 key, 200 groups, mean",polars streaming,0.619,6.2,,,,,,,,,,,
250000,"(g1mean200) group-by grid, 1 key, 200 groups, mean","MetalEngine all, cold",1.248,1.6,GroupBy#1[GroupBy>DataFrameScan],,True,0.50,0.59,group_by:mean|numeric|memory,250000,,200,,
250000,"(g2mean200) group-by grid, 2 keys, 200 groups, mean",polars in-memory,1.158,14.7,,,,,,,,,,,
250000,"(g2mean200) group-by grid, 2 keys, 200 groups, mean",polars streaming,0.787,5.3,,,,,,,,,,,
250000,"(g2mean200) group-by grid, 2 keys, 200 groups, mean","MetalEngine all, cold",1.528,1.9,GroupBy#1[GroupBy>DataFrameScan],,True,0.52,0.76,group_by_multi:mean|numeric|memory,250000,,200,,
250000,"(g1minmax200) group-by grid, 1 key, 200 groups, min + max",polars in-memory,0.651,7.1,,,,,,,,,,,
250000,"(g1minmax200) group-by grid, 1 key, 200 groups, min + max",polars streaming,0.651,6.5,,,,,,,,,,,
250000,"(g1minmax200) group-by grid, 1 key, 200 groups, min + max","MetalEngine all, cold",1.108,1.4,GroupBy#1[GroupBy>DataFrameScan],,True,0.59,0.59,group_by:minmax|numeric|memory,250000,,200,,
250000,"(g2minmax200) group-by grid, 2 keys, 200 groups, min + max",polars in-memory,1.118,14.4,,,,,,,,,,,
250000,"(g2minmax200) group-by grid, 2 keys, 200 groups, min + max",polars streaming,0.820,7.7,,,,,,,,,,,
250000,"(g2minmax200) group-by grid, 2 keys, 200 groups, min + max","MetalEngine all, cold",1.325,1.7,GroupBy#1[GroupBy>DataFrameScan],,True,0.62,0.84,group_by_multi:minmax|numeric|memory,250000,,200,,
250000,"(g1fsum200) group-by grid, 1 key, 200 groups, Float64 sum",polars in-memory,0.819,9.4,,,,,,,,,,,
250000,"(g1fsum200) group-by grid, 1 key, 200 groups, Float64 sum",polars streaming,0.551,5.6,,,,,,,,,,,
250000,"(g1fsum200) group-by grid, 1 key, 200 groups, Float64 sum","MetalEngine all, cold",1.511,1.7,GroupBy#1[GroupBy>DataFrameScan],,True,0.36,0.54,group_by:sum|numeric|memory,250000,,200,,
250000,"(g2fsum200) group-by grid, 2 keys, 200 groups, Float64 sum",polars in-memory,1.247,16.7,,,,,,,,,,,
250000,"(g2fsum200) group-by grid, 2 keys, 200 groups, Float64 sum",polars streaming,0.710,7.3,,,,,,,,,,,
250000,"(g2fsum200) group-by grid, 2 keys, 200 groups, Float64 sum","MetalEngine all, cold",1.863,2.2,GroupBy#1[GroupBy>DataFrameScan],,True,0.38,0.67,group_by_multi:sum|numeric|memory,250000,,200,,
250000,"(g1sum1k) group-by grid, 1 key, 1 000 groups, sum",polars in-memory,0.880,12.5,,,,,,,,,,,
250000,"(g1sum1k) group-by grid, 1 key, 1 000 groups, sum",polars streaming,0.765,8.4,,,,,,,,,,,
250000,"(g1sum1k) group-by grid, 1 key, 1 000 groups, sum","MetalEngine all, cold",1.293,1.6,GroupBy#1[GroupBy>DataFrameScan],,True,0.59,0.68,group_by:sum|numeric|memory,250000,,1000,,
250000,"(g2sum1k) group-by grid, 2 keys, 1 000 groups, sum",polars in-memory,1.266,17.3,,,,,,,,,,,
250000,"(g2sum1k) group-by grid, 2 keys, 1 000 groups, sum",polars streaming,0.971,8.7,,,,,,,,,,,
250000,"(g2sum1k) group-by grid, 2 keys, 1 000 groups, sum","MetalEngine all, cold",1.602,2.0,GroupBy#1[GroupBy>DataFrameScan],,True,0.61,0.79,group_by_multi:sum|numeric|memory,250000,,1000,,
250000,"(g1count1k) group-by grid, 1 key, 1 000 groups, count",polars in-memory,0.619,8.8,,,,,,,,,,,
250000,"(g1count1k) group-by grid, 1 key, 1 000 groups, count",polars streaming,0.763,8.5,,,,,,,,,,,
250000,"(g1count1k) group-by grid, 1 key, 1 000 groups, count","MetalEngine all, cold",1.193,1.5,GroupBy#1[GroupBy>DataFrameScan],,True,0.52,0.52,group_by:count|numeric|memory,250000,,1000,,
250000,"(g2count1k) group-by grid, 2 keys, 1 000 groups, count",polars in-memory,1.107,14.8,,,,,,,,,,,
250000,"(g2count1k) group-by grid, 2 keys, 1 000 groups, count",polars streaming,0.951,8.5,,,,,,,,,,,
250000,"(g2count1k) group-by grid, 2 keys, 1 000 groups, count","MetalEngine all, cold",1.324,1.7,GroupBy#1[GroupBy>DataFrameScan],,True,0.72,0.84,group_by_multi:count|numeric|memory,250000,,1000,,
250000,"(g1mean1k) group-by grid, 1 key, 1 000 groups, mean",polars in-memory,0.791,11.0,,,,,,,,,,,
250000,"(g1mean1k) group-by grid, 1 key, 1 000 groups, mean",polars streaming,0.796,8.1,,,,,,,,,,,
250000,"(g1mean1k) group-by grid, 1 key, 1 000 groups, mean","MetalEngine all, cold",1.348,1.7,GroupBy#1[GroupBy>DataFrameScan],,True,0.59,0.59,group_by:mean|numeric|memory,250000,,1000,,
250000,"(g2mean1k) group-by grid, 2 keys, 1 000 groups, mean",polars in-memory,1.176,16.7,,,,,,,,,,,
250000,"(g2mean1k) group-by grid, 2 keys, 1 000 groups, mean",polars streaming,0.942,8.8,,,,,,,,,,,
250000,"(g2mean1k) group-by grid, 2 keys, 1 000 groups, mean","MetalEngine all, cold",1.679,2.1,GroupBy#1[GroupBy>DataFrameScan],,True,0.56,0.70,group_by_multi:mean|numeric|memory,250000,,1000,,
250000,"(g1minmax1k) group-by grid, 1 key, 1 000 groups, min + max",polars in-memory,0.660,9.6,,,,,,,,,,,
250000,"(g1minmax1k) group-by grid, 1 key, 1 000 groups, min + max",polars streaming,0.815,8.0,,,,,,,,,,,
250000,"(g1minmax1k) group-by grid, 1 key, 1 000 groups, min + max","MetalEngine all, cold",1.212,1.5,GroupBy#1[GroupBy>DataFrameScan],,True,0.54,0.54,group_by:minmax|numeric|memory,250000,,1000,,
250000,"(g2minmax1k) group-by grid, 2 keys, 1 000 groups, min + max",polars in-memory,1.211,16.5,,,,,,,,,,,
250000,"(g2minmax1k) group-by grid, 2 keys, 1 000 groups, min + max",polars streaming,1.024,9.4,,,,,,,,,,,
250000,"(g2minmax1k) group-by grid, 2 keys, 1 000 groups, min + max","MetalEngine all, cold",1.531,1.9,GroupBy#1[GroupBy>DataFrameScan],,True,0.67,0.79,group_by_multi:minmax|numeric|memory,250000,,1000,,
250000,"(g1fsum1k) group-by grid, 1 key, 1 000 groups, Float64 sum",polars in-memory,0.889,12.8,,,,,,,,,,,
250000,"(g1fsum1k) group-by grid, 1 key, 1 000 groups, Float64 sum",polars streaming,0.782,7.9,,,,,,,,,,,
250000,"(g1fsum1k) group-by grid, 1 key, 1 000 groups, Float64 sum","MetalEngine all, cold",1.597,1.8,GroupBy#1[GroupBy>DataFrameScan],,True,0.49,0.56,group_by:sum|numeric|memory,250000,,1000,,
250000,"(g2fsum1k) group-by grid, 2 keys, 1 000 groups, Float64 sum",polars in-memory,1.309,17.1,,,,,,,,,,,
250000,"(g2fsum1k) group-by grid, 2 keys, 1 000 groups, Float64 sum",polars streaming,0.933,8.9,,,,,,,,,,,
250000,"(g2fsum1k) group-by grid, 2 keys, 1 000 groups, Float64 sum","MetalEngine all, cold",1.923,2.2,GroupBy#1[GroupBy>DataFrameScan],,True,0.49,0.68,group_by_multi:sum|numeric|memory,250000,,1000,,
250000,"(g1sum10k) group-by grid, 1 key, 10 000 groups, sum",polars in-memory,1.201,12.1,,,,,,,,,,,
250000,"(g1sum10k) group-by grid, 1 key, 10 000 groups, sum",polars streaming,1.092,10.7,,,,,,,,,,,
250000,"(g1sum10k) group-by grid, 1 key, 10 000 groups, sum","MetalEngine all, cold",1.291,1.6,GroupBy#1[GroupBy>DataFrameScan],,True,0.85,0.93,group_by:sum|numeric|memory,250000,,10000,,
250000,"(g2sum10k) group-by grid, 2 keys, 10 000 groups, sum",polars in-memory,1.661,21.2,,,,,,,,,,,
250000,"(g2sum10k) group-by grid, 2 keys, 10 000 groups, sum",polars streaming,1.398,14.0,,,,,,,,,,,
250000,"(g2sum10k) group-by grid, 2 keys, 10 000 groups, sum","MetalEngine all, cold",1.619,2.0,GroupBy#1[GroupBy>DataFrameScan],,True,0.86,1.03,group_by_multi:sum|numeric|memory,250000,,10000,,
250000,"(g1count10k) group-by grid, 1 key, 10 000 groups, count",polars in-memory,0.843,9.6,,,,,,,,,,,
250000,"(g1count10k) group-by grid, 1 key, 10 000 groups, count",polars streaming,1.004,9.9,,,,,,,,,,,
250000,"(g1count10k) group-by grid, 1 key, 10 000 groups, count","MetalEngine all, cold",1.105,1.4,GroupBy#1[GroupBy>DataFrameScan],,True,0.76,0.76,group_by:count|numeric|memory,250000,,10000,,
250000,"(g2count10k) group-by grid, 2 keys, 10 000 groups, count",polars in-memory,1.311,16.0,,,,,,,,,,,
250000,"(g2count10k) group-by grid, 2 keys, 10 000 groups, count",polars streaming,1.278,13.6,,,,,,,,,,,
250000,"(g2count10k) group-by grid, 2 keys, 10 000 groups, count","MetalEngine all, cold",1.476,1.9,GroupBy#1[GroupBy>DataFrameScan],,True,0.87,0.89,group_by_multi:count|numeric|memory,250000,,10000,,
250000,"(g1mean10k) group-by grid, 1 key, 10 000 groups, mean",polars in-memory,0.955,11.3,,,,,,,,,,,
250000,"(g1mean10k) group-by grid, 1 key, 10 000 groups, mean",polars streaming,1.088,9.2,,,,,,,,,,,
250000,"(g1mean10k) group-by grid, 1 key, 10 000 groups, mean","MetalEngine all, cold",1.387,1.7,GroupBy#1[GroupBy>DataFrameScan],,True,0.69,0.69,group_by:mean|numeric|memory,250000,,10000,,
250000,"(g2mean10k) group-by grid, 2 keys, 10 000 groups, mean",polars in-memory,1.465,19.0,,,,,,,,,,,
250000,"(g2mean10k) group-by grid, 2 keys, 10 000 groups, mean",polars streaming,1.358,13.7,,,,,,,,,,,
250000,"(g2mean10k) group-by grid, 2 keys, 10 000 groups, mean","MetalEngine all, cold",1.684,2.1,GroupBy#1[GroupBy>DataFrameScan],,True,0.81,0.87,group_by_multi:mean|numeric|memory,250000,,10000,,
250000,"(g1minmax10k) group-by grid, 1 key, 10 000 groups, min + max",polars in-memory,0.952,10.5,,,,,,,,,,,
250000,"(g1minmax10k) group-by grid, 1 key, 10 000 groups, min + max",polars streaming,1.139,11.4,,,,,,,,,,,
250000,"(g1minmax10k) group-by grid, 1 key, 10 000 groups, min + max","MetalEngine all, cold",1.334,1.5,GroupBy#1[GroupBy>DataFrameScan],,True,0.71,0.71,group_by:minmax|numeric|memory,250000,,10000,,
250000,"(g2minmax10k) group-by grid, 2 keys, 10 000 groups, min + max",polars in-memory,1.421,18.9,,,,,,,,,,,
250000,"(g2minmax10k) group-by grid, 2 keys, 10 000 groups, min + max",polars streaming,1.439,14.0,,,,,,,,,,,
250000,"(g2minmax10k) group-by grid, 2 keys, 10 000 groups, min + max","MetalEngine all, cold",1.687,2.0,GroupBy#1[GroupBy>DataFrameScan],,True,0.84,0.84,group_by_multi:minmax|numeric|memory,250000,,10000,,
250000,"(g1fsum10k) group-by grid, 1 key, 10 000 groups, Float64 sum",polars in-memory,1.158,13.9,,,,,,,,,,,
250000,"(g1fsum10k) group-by grid, 1 key, 10 000 groups, Float64 sum",polars streaming,1.073,9.8,,,,,,,,,,,
250000,"(g1fsum10k) group-by grid, 1 key, 10 000 groups, Float64 sum","MetalEngine all, cold",1.800,1.7,GroupBy#1[GroupBy>DataFrameScan],,True,0.60,0.64,group_by:sum|numeric|memory,250000,,10000,,
250000,"(g2fsum10k) group-by grid, 2 keys, 10 000 groups, Float64 sum",polars in-memory,1.642,21.6,,,,,,,,,,,
250000,"(g2fsum10k) group-by grid, 2 keys, 10 000 groups, Float64 sum",polars streaming,1.316,10.8,,,,,,,,,,,
250000,"(g2fsum10k) group-by grid, 2 keys, 10 000 groups, Float64 sum","MetalEngine all, cold",2.030,2.1,GroupBy#1[GroupBy>DataFrameScan],,True,0.65,0.81,group_by_multi:sum|numeric|memory,250000,,10000,,
250000,"(g1sum100k) group-by grid, 1 key, 100 000 groups, sum",polars in-memory,1.495,18.3,,,,,,,,,,,
250000,"(g1sum100k) group-by grid, 1 key, 100 000 groups, sum",polars streaming,1.070,10.5,,,,,,,,,,,
250000,"(g1sum100k) group-by grid, 1 key, 100 000 groups, sum","MetalEngine all, cold",1.572,1.9,GroupBy#1[GroupBy>DataFrameScan],,True,0.68,0.95,group_by:sum|numeric|memory,250000,,91923,,
250000,"(g2sum100k) group-by grid, 2 keys, 100 000 groups, sum",polars in-memory,1.869,23.8,,,,,,,,,,,
250000,"(g2sum100k) group-by grid, 2 keys, 100 000 groups, sum",polars streaming,1.484,14.4,,,,,,,,,,,
250000,"(g2sum100k) group-by grid, 2 keys, 100 000 groups, sum","MetalEngine all, cold",1.948,2.4,GroupBy#1[GroupBy>DataFrameScan],,True,0.76,0.96,group_by_multi:sum|numeric|memory,250000,,91833,,
250000,"(g1count100k) group-by grid, 1 key, 100 000 groups, count",polars in-memory,1.086,13.6,,,,,,,,,,,
250000,"(g1count100k) group-by grid, 1 key, 100 000 groups, count",polars streaming,1.027,10.6,,,,,,,,,,,
250000,"(g1count100k) group-by grid, 1 key, 100 000 groups, count","MetalEngine all, cold",1.286,1.6,GroupBy#1[GroupBy>DataFrameScan],,True,0.80,0.84,group_by:count|numeric|memory,250000,,91923,,
250000,"(g2count100k) group-by grid, 2 keys, 100 000 groups, count",polars in-memory,1.552,20.0,,,,,,,,,,,
250000,"(g2count100k) group-by grid, 2 keys, 100 000 groups, count",polars streaming,1.454,14.4,,,,,,,,,,,
250000,"(g2count100k) group-by grid, 2 keys, 100 000 groups, count","MetalEngine all, cold",1.518,1.9,GroupBy#1[GroupBy>DataFrameScan],,True,0.96,1.02,group_by_multi:count|numeric|memory,250000,,91833,,
250000,"(g1mean100k) group-by grid, 1 key, 100 000 groups, mean",polars in-memory,1.253,15.0,,,,,,,,,,,
250000,"(g1mean100k) group-by grid, 1 key, 100 000 groups, mean",polars streaming,1.174,8.5,,,,,,,,,,,
250000,"(g1mean100k) group-by grid, 1 key, 100 000 groups, mean","MetalEngine all, cold",1.689,1.9,GroupBy#1[GroupBy>DataFrameScan],,True,0.70,0.74,group_by:mean|numeric|memory,250000,,91923,,
250000,"(g2mean100k) group-by grid, 2 keys, 100 000 groups, mean",polars in-memory,1.676,23.4,,,,,,,,,,,
250000,"(g2mean100k) group-by grid, 2 keys, 100 000 groups, mean",polars streaming,1.565,14.0,,,,,,,,,,,
250000,"(g2mean100k) group-by grid, 2 keys, 100 000 groups, mean","MetalEngine all, cold",1.901,2.2,GroupBy#1[GroupBy>DataFrameScan],,True,0.82,0.88,group_by_multi:mean|numeric|memory,250000,,91833,,
250000,"(g1minmax100k) group-by grid, 1 key, 100 000 groups, min + max",polars in-memory,1.342,17.2,,,,,,,,,,,
250000,"(g1minmax100k) group-by grid, 1 key, 100 000 groups, min + max",polars streaming,1.338,13.0,,,,,,,,,,,
250000,"(g1minmax100k) group-by grid, 1 key, 100 000 groups, min + max","MetalEngine all, cold",1.667,1.8,GroupBy#1[GroupBy>DataFrameScan],,True,0.80,0.81,group_by:minmax|numeric|memory,250000,,91923,,
250000,"(g2minmax100k) group-by grid, 2 keys, 100 000 groups, min + max",polars in-memory,1.702,23.5,,,,,,,,,,,
250000,"(g2minmax100k) group-by grid, 2 keys, 100 000 groups, min + max",polars streaming,1.650,15.9,,,,,,,,,,,
250000,"(g2minmax100k) group-by grid, 2 keys, 100 000 groups, min + max","MetalEngine all, cold",1.930,2.2,GroupBy#1[GroupBy>DataFrameScan],,True,0.86,0.88,group_by_multi:minmax|numeric|memory,250000,,91833,,
250000,"(g1fsum100k) group-by grid, 1 key, 100 000 groups, Float64 sum",polars in-memory,1.514,18.4,,,,,,,,,,,
250000,"(g1fsum100k) group-by grid, 1 key, 100 000 groups, Float64 sum",polars streaming,1.034,7.8,,,,,,,,,,,
250000,"(g1fsum100k) group-by grid, 1 key, 100 000 groups, Float64 sum","MetalEngine all, cold",1.902,1.6,GroupBy#1[GroupBy>DataFrameScan],,True,0.54,0.80,group_by:sum|numeric|memory,250000,,91923,,
250000,"(g2fsum100k) group-by grid, 2 keys, 100 000 groups, Float64 sum",polars in-memory,1.965,25.1,,,,,,,,,,,
250000,"(g2fsum100k) group-by grid, 2 keys, 100 000 groups, Float64 sum",polars streaming,1.462,11.7,,,,,,,,,,,
250000,"(g2fsum100k) group-by grid, 2 keys, 100 000 groups, Float64 sum","MetalEngine all, cold",2.993,2.2,GroupBy#1[GroupBy>DataFrameScan],,True,0.49,0.66,group_by_multi:sum|numeric|memory,250000,,91833,,
250000,"(g1sum1M) group-by grid, 1 key, 1 000 000 groups, sum",polars in-memory,1.585,18.6,,,,,,,,,,,
250000,"(g1sum1M) group-by grid, 1 key, 1 000 000 groups, sum",polars streaming,1.129,11.1,,,,,,,,,,,
250000,"(g1sum1M) group-by grid, 1 key, 1 000 000 groups, sum","MetalEngine all, cold",2.129,2.4,GroupBy#1[GroupBy>DataFrameScan],,True,0.53,0.74,group_by:sum|numeric|memory,250000,,221573,,
250000,"(g2sum1M) group-by grid, 2 keys, 1 000 000 groups, sum",polars in-memory,1.932,25.3,,,,,,,,,,,
250000,"(g2sum1M) group-by grid, 2 keys, 1 000 000 groups, sum",polars streaming,1.493,13.1,,,,,,,,,,,
250000,"(g2sum1M) group-by grid, 2 keys, 1 000 000 groups, sum","MetalEngine all, cold",3.265,3.8,GroupBy#1[GroupBy>DataFrameScan],,True,0.46,0.59,group_by_multi:sum|numeric|memory,250000,,221491,,
250000,"(g1count1M) group-by grid, 1 key, 1 000 000 groups, count",polars in-memory,1.147,12.1,,,,,,,,,,,
250000,"(g1count1M) group-by grid, 1 key, 1 000 000 groups, count",polars streaming,1.050,9.6,,,,,,,,,,,
250000,"(g1count1M) group-by grid, 1 key, 1 000 000 groups, count","MetalEngine all, cold",1.682,1.9,GroupBy#1[GroupBy>DataFrameScan],,True,0.62,0.68,group_by:count|numeric|memory,250000,,221573,,
250000,"(g2count1M) group-by grid, 2 keys, 1 000 000 groups, count",polars in-memory,1.556,20.1,,,,,,,,,,,
250000,"(g2count1M) group-by grid, 2 keys, 1 000 000 groups, count",polars streaming,1.498,13.1,,,,,,,,,,,
250000,"(g2count1M) group-by grid, 2 keys, 1 000 000 groups, count","MetalEngine all, cold",2.550,3.0,GroupBy#1[GroupBy>DataFrameScan],,True,0.59,0.61,group_by_multi:count|numeric|memory,250000,,221491,,
250000,"(g1mean1M) group-by grid, 1 key, 1 000 000 groups, mean",polars in-memory,1.218,13.4,,,,,,,,,,,
250000,"(g1mean1M) group-by grid, 1 key, 1 000 000 groups, mean",polars streaming,1.191,10.2,,,,,,,,,,,
250000,"(g1mean1M) group-by grid, 1 key, 1 000 000 groups, mean","MetalEngine all, cold",2.232,2.2,GroupBy#1[GroupBy>DataFrameScan],,True,0.53,0.55,group_by:mean|numeric|memory,250000,,221573,,
250000,"(g2mean1M) group-by grid, 2 keys, 1 000 000 groups, mean",polars in-memory,1.673,21.6,,,,,,,,,,,
250000,"(g2mean1M) group-by grid, 2 keys, 1 000 000 groups, mean",polars streaming,1.549,14.2,,,,,,,,,,,
250000,"(g2mean1M) group-by grid, 2 keys, 1 000 000 groups, mean","MetalEngine all, cold",3.333,3.5,GroupBy#1[GroupBy>DataFrameScan],,True,0.46,0.50,group_by_multi:mean|numeric|memory,250000,,221491,,
250000,"(g1minmax1M) group-by grid, 1 key, 1 000 000 groups, min + max",polars in-memory,1.275,15.7,,,,,,,,,,,
250000,"(g1minmax1M) group-by grid, 1 key, 1 000 000 groups, min + max",polars streaming,1.283,12.3,,,,,,,,,,,
250000,"(g1minmax1M) group-by grid, 1 key, 1 000 000 groups, min + max","MetalEngine all, cold",1.906,1.9,GroupBy#1[GroupBy>DataFrameScan],,True,0.67,0.67,group_by:minmax|numeric|memory,250000,,221573,,
250000,"(g2minmax1M) group-by grid, 2 keys, 1 000 000 groups, min + max",polars in-memory,1.704,23.3,,,,,,,,,,,
250000,"(g2minmax1M) group-by grid, 2 keys, 1 000 000 groups, min + max",polars streaming,1.595,13.8,,,,,,,,,,,
250000,"(g2minmax1M) group-by grid, 2 keys, 1 000 000 groups, min + max","MetalEngine all, cold",2.961,3.2,GroupBy#1[GroupBy>DataFrameScan],,True,0.54,0.58,group_by_multi:minmax|numeric|memory,250000,,221491,,
250000,"(g1fsum1M) group-by grid, 1 key, 1 000 000 groups, Float64 sum",polars in-memory,1.471,16.9,,,,,,,,,,,
250000,"(g1fsum1M) group-by grid, 1 key, 1 000 000 groups, Float64 sum",polars streaming,1.080,10.2,,,,,,,,,,,
250000,"(g1fsum1M) group-by grid, 1 key, 1 000 000 groups, Float64 sum","MetalEngine all, cold",2.569,2.1,GroupBy#1[GroupBy>DataFrameScan],,True,0.42,0.57,group_by:sum|numeric|memory,250000,,221573,,
250000,"(g2fsum1M) group-by grid, 2 keys, 1 000 000 groups, Float64 sum",polars in-memory,1.826,24.1,,,,,,,,,,,
250000,"(g2fsum1M) group-by grid, 2 keys, 1 000 000 groups, Float64 sum",polars streaming,1.538,15.0,,,,,,,,,,,
250000,"(g2fsum1M) group-by grid, 2 keys, 1 000 000 groups, Float64 sum","MetalEngine all, cold",3.636,3.4,GroupBy#1[GroupBy>DataFrameScan],,True,0.42,0.50,group_by_multi:sum|numeric|memory,250000,,221491,,
250000,"(g1sumR2) group-by grid, 1 key, rows/2 groups, sum",polars in-memory,1.483,16.8,,,,,,,,,,,
250000,"(g1sumR2) group-by grid, 1 key, rows/2 groups, sum",polars streaming,1.089,10.9,,,,,,,,,,,
250000,"(g1sumR2) group-by grid, 1 key, rows/2 groups, sum","MetalEngine all, cold",1.622,2.0,GroupBy#1[GroupBy>DataFrameScan],,True,0.67,0.91,group_by:sum|numeric|memory,250000,,108027,,
250000,"(g2sumR2) group-by grid, 2 keys, rows/2 groups, sum",polars in-memory,2.004,26.7,,,,,,,,,,,
250000,"(g2sumR2) group-by grid, 2 keys, rows/2 groups, sum",polars streaming,1.494,14.8,,,,,,,,,,,
250000,"(g2sumR2) group-by grid, 2 keys, rows/2 groups, sum","MetalEngine all, cold",1.831,2.3,GroupBy#1[GroupBy>DataFrameScan],,True,0.82,1.09,group_by_multi:sum|numeric|memory,250000,,108220,,
250000,"(g1countR2) group-by grid, 1 key, rows/2 groups, count",polars in-memory,1.113,14.0,,,,,,,,,,,
250000,"(g1countR2) group-by grid, 1 key, rows/2 groups, count",polars streaming,1.096,10.3,,,,,,,,,,,
250000,"(g1countR2) group-by grid, 1 key, rows/2 groups, count","MetalEngine all, cold",1.291,1.6,GroupBy#1[GroupBy>DataFrameScan],,True,0.85,0.86,group_by:count|numeric|memory,250000,,108027,,
250000,"(g2countR2) group-by grid, 2 keys, rows/2 groups, count",polars in-memory,1.662,20.6,,,,,,,,,,,
250000,"(g2countR2) group-by grid, 2 keys, rows/2 groups, count",polars streaming,1.447,14.4,,,,,,,,,,,
250000,"(g2countR2) group-by grid, 2 keys, rows/2 groups, count","MetalEngine all, cold",1.673,2.1,GroupBy#1[GroupBy>DataFrameScan],,True,0.86,0.99,group_by_multi:count|numeric|memory,250000,,108220,,
250000,"(g1meanR2) group-by grid, 1 key, rows/2 groups, mean",polars in-memory,1.240,16.1,,,,,,,,,,,
250000,"(g1meanR2) group-by grid, 1 key, rows/2 groups, mean",polars streaming,1.160,11.6,,,,,,,,,,,
250000,"(g1meanR2) group-by grid, 1 key, rows/2 groups, mean","MetalEngine all, cold",1.729,1.9,GroupBy#1[GroupBy>DataFrameScan],,True,0.67,0.72,group_by:mean|numeric|memory,250000,,108027,,
250000,"(g2meanR2) group-by grid, 2 keys, rows/2 groups, mean",polars in-memory,1.803,24.8,,,,,,,,,,,
250000,"(g2meanR2) group-by grid, 2 keys, rows/2 groups, mean",polars streaming,1.555,15.1,,,,,,,,,,,
250000,"(g2meanR2) group-by grid, 2 keys, rows/2 groups, mean","MetalEngine all, cold",2.001,2.3,GroupBy#1[GroupBy>DataFrameScan],,True,0.78,0.90,group_by_multi:mean|numeric|memory,250000,,108220,,
250000,"(g1minmaxR2) group-by grid, 1 key, rows/2 groups, min + max",polars in-memory,1.217,15.8,,,,,,,,,,,
250000,"(g1minmaxR2) group-by grid, 1 key, rows/2 groups, min + max",polars streaming,1.275,12.8,,,,,,,,,,,
250000,"(g1minmaxR2) group-by grid, 1 key, rows/2 groups, min + max","MetalEngine all, cold",1.600,1.7,GroupBy#1[GroupBy>DataFrameScan],,True,0.76,0.76,group_by:minmax|numeric|memory,250000,,108027,,
250000,"(g2minmaxR2) group-by grid, 2 keys, rows/2 groups, min + max",polars in-memory,1.723,23.3,,,,,,,,,,,
250000,"(g2minmaxR2) group-by grid, 2 keys, rows/2 groups, min + max",polars streaming,1.671,16.0,,,,,,,,,,,
250000,"(g2minmaxR2) group-by grid, 2 keys, rows/2 groups, min + max","MetalEngine all, cold",1.966,2.2,GroupBy#1[GroupBy>DataFrameScan],,True,0.85,0.88,group_by_multi:minmax|numeric|memory,250000,,108220,,
250000,"(g1fsumR2) group-by grid, 1 key, rows/2 groups, Float64 sum",polars in-memory,1.580,18.1,,,,,,,,,,,
250000,"(g1fsumR2) group-by grid, 1 key, rows/2 groups, Float64 sum",polars streaming,1.128,10.7,,,,,,,,,,,
250000,"(g1fsumR2) group-by grid, 1 key, rows/2 groups, Float64 sum","MetalEngine all, cold",2.166,1.8,GroupBy#1[GroupBy>DataFrameScan],,True,0.52,0.73,group_by:sum|numeric|memory,250000,,108027,,
250000,"(g2fsumR2) group-by grid, 2 keys, rows/2 groups, Float64 sum",polars in-memory,1.916,25.2,,,,,,,,,,,
250000,"(g2fsumR2) group-by grid, 2 keys, rows/2 groups, Float64 sum",polars streaming,1.531,15.2,,,,,,,,,,,
250000,"(g2fsumR2) group-by grid, 2 keys, rows/2 groups, Float64 sum","MetalEngine all, cold",1.939,2.2,GroupBy#1[GroupBy>DataFrameScan],,True,0.79,0.99,group_by_multi:sum|numeric|memory,250000,,108220,,
500000,(a) filtered sum + count,polars in-memory,0.213,1.1,,,,,,,,,,,
500000,(a) filtered sum + count,polars streaming,0.162,0.5,,,,,,,,,,,
500000,(a) filtered sum + count,"MetalEngine all, cold",0.591,0.7,Select#3[Select>SimpleProjection>Filter>DataFrameScan],,True,0.27,0.36,aggregate:count+aggregate:sum|numeric|memory,500000,,,,
500000,(b) filter + group-by 200 keys + sort desc + limit 10,polars in-memory,1.408,13.1,,,,,,,,,,,
500000,(b) filter + group-by 200 keys + sort desc + limit 10,polars streaming,1.143,6.8,,,,,,,,,,,
500000,(b) filter + group-by 200 keys + sort desc + limit 10,"MetalEngine all, cold",2.225,2.7,Sort#4[Sort>Filter>GroupBy>Filter>DataFrameScan],,True,0.51,0.63,group_by:count+group_by:sum+top_k|numeric|memory,500000,,,,
500000,"(c) group-by (region, sub) mean + max",polars in-memory,2.584,24.4,,,,,,,,,,,
500000,"(c) group-by (region, sub) mean + max",polars streaming,2.086,17.4,,,,,,,,,,,
500000,"(c) group-by (region, sub) mean + max","MetalEngine all, cold",2.531,2.7,GroupBy#1[GroupBy>DataFrameScan],,True,0.82,1.02,group_by_multi:mean+group_by_multi:minmax|numeric|memory,500000,,10000,,
500000,(d) projection chain then filter,polars in-memory,1.010,1.1,,,,,,,,,,,
500000,(d) projection chain then filter,polars streaming,0.248,1.3,,,,,,,,,,,
500000,(d) projection chain then filter,"MetalEngine all, cold",1.456,0.9,Filter#2[Filter>Select>HStack>DataFrameScan],,True,0.17,0.69,rowwise|numeric|memory,500000,,,,
500000,(e) inner join then sum,polars in-memory,5.407,36.3,,,,,,,,,,,
500000,(e) inner join then sum,polars streaming,2.598,21.0,,,,,,,,,,,
500000,(e) inner join then sum,"MetalEngine all, cold",2.107,1.3,Select#3[Select>SimpleProjection>Join>DataFrameScan>DataFrameScan],,True,1.23,2.57,aggregate:sum+join:inner|numeric|memory,1500000,,,,
500000,(f) semi join,polars in-memory,0.436,4.1,,,,,,,,,,,
500000,(f) semi join,polars streaming,0.606,4.0,,,,,,,,,,,
500000,(f) semi join,"MetalEngine all, cold",0.602,0.8,Join#2[Join>DataFrameScan>DataFrameScan],,True,0.72,0.72,join:semi|numeric|memory,501000,,,,
500000,(g) row_number over partitions,polars in-memory,3.337,29.0,,,,,,,,,,,
500000,(g) row_number over partitions,polars streaming,2.555,32.9,,,,,,,,,,,
500000,(g) row_number over partitions,"MetalEngine all, cold",3.313,29.9,,HStack#1: Expression Window has no ArrowMetal translation.,True,0.77,1.01,,,,,,
500000,(h) as-of join,polars in-memory,3.137,5.3,,,,,,,,,,,
500000,(h) as-of join,polars streaming,0.576,4.7,,,,,,,,,,,
500000,(h) as-of join,"MetalEngine all, cold",2.972,4.2,,"Join#2: A AsOf join is not translated (inner, left, semi and anti are taken).",True,0.19,1.06,,,,,,
500000,"(i) group-by 1 key, 100 000 groups, sum",polars in-memory,2.181,24.5,,,,,,,,,,,
500000,"(i) group-by 1 key, 100 000 groups, sum",polars streaming,1.381,12.7,,,,,,,,,,,
500000,"(i) group-by 1 key, 100 000 groups, sum","MetalEngine all, cold",2.024,2.3,GroupBy#1[GroupBy>DataFrameScan],,True,0.68,1.08,group_by:sum|numeric|memory,500000,,99327,,
500000,"(j) group-by (k1, k2), sum + count",polars in-memory,3.938,48.3,,,,,,,,,,,
500000,"(j) group-by (k1, k2), sum + count",polars streaming,2.267,22.6,,,,,,,,,,,
500000,"(j) group-by (k1, k2), sum + count","MetalEngine all, cold",6.331,6.6,GroupBy#1[GroupBy>DataFrameScan],,True,0.36,0.62,group_by_multi:count+group_by_multi:sum|numeric|memory,500000,,498779,,
500000,"(k) group-by (String, int32), sum",polars in-memory,3.581,41.2,,,,,,,,,,,
500000,"(k) group-by (String, int32), sum",polars streaming,2.538,27.0,,,,,,,,,,,
500000,"(k) group-by (String, int32), sum","MetalEngine all, cold",5.996,6.4,GroupBy#1[GroupBy>DataFrameScan],,True,0.42,0.60,group_by_multi:sum|string|memory,500000,,393300,,
500000,"(l) group-by (region, sub), Float64 sum + mean",polars in-memory,2.407,30.7,,,,,,,,,,,
500000,"(l) group-by (region, sub), Float64 sum + mean",polars streaming,2.071,20.8,,,,,,,,,,,
500000,"(l) group-by (region, sub), Float64 sum + mean","MetalEngine all, cold",2.322,2.6,GroupBy#2[GroupBy>HStack>DataFrameScan],,True,0.89,1.04,group_by_multi:mean+group_by_multi:sum|numeric|memory,500000,,10000,,
500000,(m) sort 3 columns by an int64 key,polars in-memory,2.700,37.8,,,,,,,,,,,
500000,(m) sort 3 columns by an int64 key,polars streaming,3.420,42.2,,,,,,,,,,,
500000,(m) sort 3 columns by an int64 key,"MetalEngine all, cold",2.068,1.2,Sort#2[Sort>DataFrameScan],,True,1.31,1.31,sort|numeric|memory,500000,,,,
500000,"(n) top 100 by Float64, descending",polars in-memory,2.898,3.2,,,,,,,,,,,
500000,"(n) top 100 by Float64, descending",polars streaming,0.693,5.3,,,,,,,,,,,
500000,"(n) top 100 by Float64, descending","MetalEngine all, cold",1.402,1.0,Sort#3[Sort>Filter>DataFrameScan],,True,0.49,2.07,top_k|numeric|memory,500000,,,,
500000,"(o) sort with a String column, by an int64 key",polars in-memory,2.676,35.9,,,,,,,,,,,
500000,"(o) sort with a String column, by an int64 key",polars streaming,3.904,42.2,,,,,,,,,,,
500000,"(o) sort with a String column, by an int64 key","MetalEngine all, cold",3.372,3.1,Sort#2[Sort>DataFrameScan],,True,0.79,0.79,sort|string|memory,500000,,,,
500000,"(p) filter, then sort by (int32 asc, nullable Float64 desc)",polars in-memory,4.566,54.1,,,,,,,,,,,
500000,"(p) filter, then sort by (int32 asc, nullable Float64 desc)",polars streaming,7.967,75.9,,,,,,,,,,,
500000,"(p) filter, then sort by (int32 asc, nullable Float64 desc)","MetalEngine all, cold",4.352,4.7,Sort#3[Sort>HStack>Filter>DataFrameScan],,True,1.05,1.05,sort|string|memory,500000,,,,
500000,"(q) filter, then sort by (int32 asc, int64 desc)",polars in-memory,2.964,33.9,,,,,,,,,,,
500000,"(q) filter, then sort by (int32 asc, int64 desc)",polars streaming,6.306,61.9,,,,,,,,,,,
500000,"(q) filter, then sort by (int32 asc, int64 desc)","MetalEngine all, cold",3.362,2.4,Sort#3[Sort>Filter>DataFrameScan],,True,0.88,0.88,sort|numeric|memory,500000,,,,
500000,"(r) unique over (region, sub), keep first",polars in-memory,1.834,20.3,,,,,,,,,,,
500000,"(r) unique over (region, sub), keep first",polars streaming,2.562,25.8,,,,,,,,,,,
500000,"(r) unique over (region, sub), keep first","MetalEngine all, cold",1.918,2.3,Distinct#1[Distinct>DataFrameScan],,True,0.96,0.96,distinct|numeric|memory,500000,,,,
500000,"(r2) unique over (region, sub), keep any",polars in-memory,1.740,21.8,,,,,,,,,,,
500000,"(r2) unique over (region, sub), keep any",polars streaming,2.436,26.0,,,,,,,,,,,
500000,"(r2) unique over (region, sub), keep any","MetalEngine all, cold",2.040,2.4,Distinct#1[Distinct>DataFrameScan],,True,0.85,0.85,distinct|numeric|memory,500000,,,,
500000,(a2) filtered min + max,polars in-memory,0.189,0.7,,,,,,,,,,,
500000,(a2) filtered min + max,polars streaming,0.168,0.5,,,,,,,,,,,
500000,(a2) filtered min + max,"MetalEngine all, cold",1.129,1.1,Select#3[Select>SimpleProjection>Filter>DataFrameScan],,True,0.15,0.17,aggregate:minmax|numeric|memory,500000,,,,
500000,(a3) filtered mean,polars in-memory,0.180,0.7,,,,,,,,,,,
500000,(a3) filtered mean,polars streaming,0.158,0.5,,,,,,,,,,,
500000,(a3) filtered mean,"MetalEngine all, cold",1.422,0.9,Select#3[Select>SimpleProjection>Filter>DataFrameScan],,True,0.11,0.13,aggregate:mean|numeric|memory,500000,,,,
500000,(a4) filtered count,polars in-memory,0.230,2.7,,,,,,,,,,,
500000,(a4) filtered count,polars streaming,0.133,0.4,,,,,,,,,,,
500000,(a4) filtered count,"MetalEngine all, cold",0.408,0.5,Select#3[Select>DataFrameScan],,True,0.32,0.56,aggregate:sum|numeric|memory,500000,,,,
500000,"(t1) group-by 1 key, 200 groups, sum",polars in-memory,1.140,12.7,,,,,,,,,,,
500000,"(t1) group-by 1 key, 200 groups, sum",polars streaming,0.687,6.6,,,,,,,,,,,
500000,"(t1) group-by 1 key, 200 groups, sum","MetalEngine all, cold",1.540,1.8,GroupBy#1[GroupBy>DataFrameScan],,True,0.45,0.74,group_by:sum|numeric|memory,500000,,200,,
500000,"(t2) group-by 1 key, 200 groups, count",polars in-memory,0.916,10.1,,,,,,,,,,,
500000,"(t2) group-by 1 key, 200 groups, count",polars streaming,0.736,6.8,,,,,,,,,,,
500000,"(t2) group-by 1 key, 200 groups, count","MetalEngine all, cold",1.510,1.8,GroupBy#1[GroupBy>DataFrameScan],,True,0.49,0.61,group_by:count|numeric|memory,500000,,200,,
500000,"(t3) group-by 1 key, 200 groups, mean",polars in-memory,1.187,15.1,,,,,,,,,,,
500000,"(t3) group-by 1 key, 200 groups, mean",polars streaming,0.691,5.9,,,,,,,,,,,
500000,"(t3) group-by 1 key, 200 groups, mean","MetalEngine all, cold",1.752,2.0,GroupBy#1[GroupBy>DataFrameScan],,True,0.39,0.68,group_by:mean|numeric|memory,500000,,200,,
500000,"(t4) group-by 1 key, 200 groups, min + max",polars in-memory,0.996,10.9,,,,,,,,,,,
500000,"(t4) group-by 1 key, 200 groups, min + max",polars streaming,0.793,7.8,,,,,,,,,,,
500000,"(t4) group-by 1 key, 200 groups, min + max","MetalEngine all, cold",1.285,1.6,GroupBy#1[GroupBy>DataFrameScan],,True,0.62,0.77,group_by:minmax|numeric|memory,500000,,200,,
500000,"(t5) group-by 1 key, 100 000 groups, count",polars in-memory,1.717,17.7,,,,,,,,,,,
500000,"(t5) group-by 1 key, 100 000 groups, count",polars streaming,1.361,12.6,,,,,,,,,,,
500000,"(t5) group-by 1 key, 100 000 groups, count","MetalEngine all, cold",1.534,1.9,GroupBy#1[GroupBy>DataFrameScan],,True,0.89,1.12,group_by:count|numeric|memory,500000,,99327,,
500000,"(t6) group-by 1 key, 100 000 groups, mean",polars in-memory,1.875,23.3,,,,,,,,,,,
500000,"(t6) group-by 1 key, 100 000 groups, mean",polars streaming,1.416,15.1,,,,,,,,,,,
500000,"(t6) group-by 1 key, 100 000 groups, mean","MetalEngine all, cold",2.052,2.1,GroupBy#1[GroupBy>DataFrameScan],,True,0.69,0.91,group_by:mean|numeric|memory,500000,,99327,,
500000,"(t7) group-by 1 key, 100 000 groups, min + max",polars in-memory,1.907,23.2,,,,,,,,,,,
500000,"(t7) group-by 1 key, 100 000 groups, min + max",polars streaming,1.522,15.2,,,,,,,,,,,
500000,"(t7) group-by 1 key, 100 000 groups, min + max","MetalEngine all, cold",1.926,1.9,GroupBy#1[GroupBy>DataFrameScan],,True,0.79,0.99,group_by:minmax|numeric|memory,500000,,99327,,
500000,"(v1) group-by (region, sub), sum",polars in-memory,2.263,28.0,,,,,,,,,,,
500000,"(v1) group-by (region, sub), sum",polars streaming,1.943,19.6,,,,,,,,,,,
500000,"(v1) group-by (region, sub), sum","MetalEngine all, cold",2.134,2.5,GroupBy#1[GroupBy>DataFrameScan],,True,0.91,1.06,group_by_multi:sum|numeric|memory,500000,,10000,,
500000,"(v2) group-by (region, sub), count",polars in-memory,1.829,22.9,,,,,,,,,,,
500000,"(v2) group-by (region, sub), count",polars streaming,1.841,15.7,,,,,,,,,,,
500000,"(v2) group-by (region, sub), count","MetalEngine all, cold",1.569,1.9,GroupBy#1[GroupBy>DataFrameScan],,True,1.17,1.17,group_by_multi:count|numeric|memory,500000,,10000,,
500000,"(v3) group-by (k1, k2), mean",polars in-memory,3.182,41.1,,,,,,,,,,,
500000,"(v3) group-by (k1, k2), mean",polars streaming,2.163,22.3,,,,,,,,,,,
500000,"(v3) group-by (k1, k2), mean","MetalEngine all, cold",4.442,5.1,GroupBy#1[GroupBy>DataFrameScan],,True,0.49,0.72,group_by_multi:mean|numeric|memory,500000,,498779,,
500000,"(v4) group-by (k1, k2), min + max",polars in-memory,3.456,44.0,,,,,,,,,,,
500000,"(v4) group-by (k1, k2), min + max",polars streaming,2.236,24.1,,,,,,,,,,,
500000,"(v4) group-by (k1, k2), min + max","MetalEngine all, cold",4.467,4.9,GroupBy#1[GroupBy>DataFrameScan],,True,0.50,0.77,group_by_multi:minmax|numeric|memory,500000,,498779,,
500000,"(w1) inner join, 1M-row build side",polars in-memory,4.077,28.1,,,,,,,,,,,
500000,"(w1) inner join, 1M-row build side",polars streaming,2.038,18.2,,,,,,,,,,,
500000,"(w1) inner join, 1M-row build side","MetalEngine all, cold",1.652,1.1,Join#2[Join>DataFrameScan>DataFrameScan],,True,1.23,2.47,join:inner|numeric|memory,1500000,,,,
500000,"(w2) left join, 1M-row build side",polars in-memory,5.210,38.8,,,,,,,,,,,
500000,"(w2) left join, 1M-row build side",polars streaming,6.215,20.4,,,,,,,,,,,
500000,"(w2) left join, 1M-row build side","MetalEngine all, cold",1.877,1.3,Join#2[Join>DataFrameScan>DataFrameScan],,True,2.78,2.78,join:left|numeric|memory,1500000,,,,
500000,"(w3) semi join, 1M-row build side",polars in-memory,3.577,39.3,,,,,,,,,,,
500000,"(w3) semi join, 1M-row build side",polars streaming,2.706,26.2,,,,,,,,,,,
500000,"(w3) semi join, 1M-row build side","MetalEngine all, cold",1.929,1.5,Join#2[Join>DataFrameScan>DataFrameScan],,True,1.40,1.85,join:semi|numeric|memory,1500000,,,,
500000,"(w4) anti join, 1M-row build side",polars in-memory,3.439,43.7,,,,,,,,,,,
500000,"(w4) anti join, 1M-row build side",polars streaming,2.783,24.8,,,,,,,,,,,
500000,"(w4) anti join, 1M-row build side","MetalEngine all, cold",2.023,1.5,Join#2[Join>DataFrameScan>DataFrameScan],,True,1.38,1.70,join:anti|numeric|memory,1500000,,,,
500000,"(x1) unique over (k1, k2), keep first",polars in-memory,3.082,32.9,,,,,,,,,,,
500000,"(x1) unique over (k1, k2), keep first",polars streaming,2.974,30.9,,,,,,,,,,,
500000,"(x1) unique over (k1, k2), keep first","MetalEngine all, cold",4.180,5.0,Distinct#2[Distinct>DataFrameScan],,True,0.71,0.74,distinct|numeric|memory,500000,,,,
500000,"(x2) sort by a nullable Float64 key, descending",polars in-memory,4.273,52.8,,,,,,,,,,,
500000,"(x2) sort by a nullable Float64 key, descending",polars streaming,5.129,61.7,,,,,,,,,,,
500000,"(x2) sort by a nullable Float64 key, descending","MetalEngine all, cold",1.577,1.5,Sort#2[Sort>Select>DataFrameScan],,True,2.71,2.71,sort|numeric|memory,500000,,,,
500000,(x3) top 100 by an int64 key,polars in-memory,2.804,2.9,,,,,,,,,,,
500000,(x3) top 100 by an int64 key,polars streaming,0.653,4.1,,,,,,,,,,,
500000,(x3) top 100 by an int64 key,"MetalEngine all, cold",1.065,1.0,Sort#3[Sort>Filter>DataFrameScan],,True,0.61,2.63,top_k|numeric|memory,500000,,,,
500000,"(x4) top 100 by a nullable Float64 key, descending",polars in-memory,2.862,3.0,,,,,,,,,,,
500000,"(x4) top 100 by a nullable Float64 key, descending",polars streaming,0.649,4.1,,,,,,,,,,,
500000,"(x4) top 100 by a nullable Float64 key, descending","MetalEngine all, cold",0.758,1.0,Sort#3[Sort>Filter>Select>DataFrameScan],,True,0.86,3.78,top_k|numeric|memory,500000,,,,
500000,"(y1) group-by a String key (1000 values), sum",polars in-memory,1.972,22.1,,,,,,,,,,,
500000,"(y1) group-by a String key (1000 values), sum",polars streaming,1.118,10.1,,,,,,,,,,,
500000,"(y1) group-by a String key (1000 values), sum","MetalEngine all, cold",3.410,3.8,GroupBy#1[GroupBy>DataFrameScan],,True,0.33,0.58,group_by:sum|string|memory,500000,,1000,,
500000,(y2) filter by a String equality,polars in-memory,0.255,0.4,,,,,,,,,,,
500000,(y2) filter by a String equality,polars streaming,0.150,0.6,,,,,,,,,,,
500000,(y2) filter by a String equality,"MetalEngine all, cold",1.033,1.1,Filter#2[Filter>DataFrameScan],,True,0.15,0.25,rowwise|string|memory,500000,,,,
500000,"(y3) filter by a String prefix, then sum",polars in-memory,1.720,1.9,,,,,,,,,,,
500000,"(y3) filter by a String prefix, then sum",polars streaming,0.349,2.4,,,,,,,,,,,
500000,"(y3) filter by a String prefix, then sum","MetalEngine all, cold",0.813,0.8,Select#2[Select>SimpleProjection>Filter>DataFrameScan],,True,0.43,2.12,aggregate:sum|string|memory,500000,,,,
500000,(y4) inner join on a String key,polars in-memory,1.260,16.5,,,,,,,,,,,
500000,(y4) inner join on a String key,polars streaming,1.146,10.4,,,,,,,,,,,
500000,(y4) inner join on a String key,"MetalEngine all, cold",4.771,5.6,Join#3[Join>DataFrameScan>DataFrameScan],,True,0.24,0.26,join:inner|string|memory,500500,,,,
500000,"(y5) unique over (String, int32), keep first",polars in-memory,3.531,33.5,,,,,,,,,,,
500000,"(y5) unique over (String, int32), keep first",polars streaming,3.536,37.9,,,,,,,,,,,
500000,"(y5) unique over (String, int32), keep first","MetalEngine all, cold",6.414,6.6,Distinct#2[Distinct>DataFrameScan],,True,0.55,0.55,distinct|string|memory,500000,,,,
500000,(y6) top 100 by an int64 key with a String column,polars in-memory,2.840,2.9,,,,,,,,,,,
500000,(y6) top 100 by an int64 key with a String column,polars streaming,0.662,4.2,,,,,,,,,,,
500000,(y6) top 100 by an int64 key with a String column,"MetalEngine all, cold",2.038,1.5,Sort#3[Sort>Filter>DataFrameScan],,True,0.32,1.39,top_k|string|memory,500000,,,,
500000,"(g1sum200) group-by grid, 1 key, 200 groups, sum",polars in-memory,1.029,12.6,,,,,,,,,,,
500000,"(g1sum200) group-by grid, 1 key, 200 groups, sum",polars streaming,0.699,6.2,,,,,,,,,,,
500000,"(g1sum200) group-by grid, 1 key, 200 groups, sum","MetalEngine all, cold",1.667,1.9,GroupBy#1[GroupBy>DataFrameScan],,True,0.42,0.62,group_by:sum|numeric|memory,500000,,200,,
500000,"(g2sum200) group-by grid, 2 keys, 200 groups, sum",polars in-memory,1.730,22.3,,,,,,,,,,,
500000,"(g2sum200) group-by grid, 2 keys, 200 groups, sum",polars streaming,0.802,8.0,,,,,,,,,,,
500000,"(g2sum200) group-by grid, 2 keys, 200 groups, sum","MetalEngine all, cold",1.968,2.3,GroupBy#1[GroupBy>DataFrameScan],,True,0.41,0.88,group_by_multi:sum|numeric|memory,500000,,200,,
500000,"(g1count200) group-by grid, 1 key, 200 groups, count",polars in-memory,0.953,10.1,,,,,,,,,,,
500000,"(g1count200) group-by grid, 1 key, 200 groups, count",polars streaming,0.688,7.0,,,,,,,,,,,
500000,"(g1count200) group-by grid, 1 key, 200 groups, count","MetalEngine all, cold",1.249,1.5,GroupBy#1[GroupBy>DataFrameScan],,True,0.55,0.76,group_by:count|numeric|memory,500000,,200,,
500000,"(g2count200) group-by grid, 2 keys, 200 groups, count",polars in-memory,1.665,21.0,,,,,,,,,,,
500000,"(g2count200) group-by grid, 2 keys, 200 groups, count",polars streaming,0.830,7.5,,,,,,,,,,,
500000,"(g2count200) group-by grid, 2 keys, 200 groups, count","MetalEngine all, cold",1.810,2.2,GroupBy#1[GroupBy>DataFrameScan],,True,0.46,0.92,group_by_multi:count|numeric|memory,500000,,200,,
500000,"(g1mean200) group-by grid, 1 key, 200 groups, mean",polars in-memory,1.116,13.5,,,,,,,,,,,
500000,"(g1mean200) group-by grid, 1 key, 200 groups, mean",polars streaming,0.747,7.5,,,,,,,,,,,
500000,"(g1mean200) group-by grid, 1 key, 200 groups, mean","MetalEngine all, cold",1.655,1.9,GroupBy#1[GroupBy>DataFrameScan],,True,0.45,0.67,group_by:mean|numeric|memory,500000,,200,,
500000,"(g2mean200) group-by grid, 2 keys, 200 groups, mean",polars in-memory,2.015,25.4,,,,,,,,,,,
500000,"(g2mean200) group-by grid, 2 keys, 200 groups, mean",polars streaming,0.790,7.8,,,,,,,,,,,
500000,"(g2mean200) group-by grid, 2 keys, 200 groups, mean","MetalEngine all, cold",2.082,2.5,GroupBy#1[GroupBy>DataFrameScan],,True,0.38,0.97,group_by_multi:mean|numeric|memory,500000,,200,,
500000,"(g1minmax200) group-by grid, 1 key, 200 groups, min + max",polars in-memory,1.030,13.5,,,,,,,,,,,
500000,"(g1minmax200) group-by grid, 1 key, 200 groups, min + max",polars streaming,0.802,8.1,,,,,,,,,,,
500000,"(g1minmax200) group-by grid, 1 key, 200 groups, min + max","MetalEngine all, cold",1.354,1.7,GroupBy#1[GroupBy>DataFrameScan],,True,0.59,0.76,group_by:minmax|numeric|memory,500000,,200,,
500000,"(g2minmax200) group-by grid, 2 keys, 200 groups, min + max",polars in-memory,1.719,23.3,,,,,,,,,,,
500000,"(g2minmax200) group-by grid, 2 keys, 200 groups, min + max",polars streaming,0.899,8.7,,,,,,,,,,,
500000,"(g2minmax200) group-by grid, 2 keys, 200 groups, min + max","MetalEngine all, cold",1.807,2.2,GroupBy#1[GroupBy>DataFrameScan],,True,0.50,0.95,group_by_multi:minmax|numeric|memory,500000,,200,,
500000,"(g1fsum200) group-by grid, 1 key, 200 groups, Float64 sum",polars in-memory,1.224,14.7,,,,,,,,,,,
500000,"(g1fsum200) group-by grid, 1 key, 200 groups, Float64 sum",polars streaming,0.642,5.9,,,,,,,,,,,
500000,"(g1fsum200) group-by grid, 1 key, 200 groups, Float64 sum","MetalEngine all, cold",1.626,1.8,GroupBy#1[GroupBy>DataFrameScan],,True,0.40,0.75,group_by:sum|numeric|memory,500000,,200,,
500000,"(g2fsum200) group-by grid, 2 keys, 200 groups, Float64 sum",polars in-memory,2.018,25.2,,,,,,,,,,,
500000,"(g2fsum200) group-by grid, 2 keys, 200 groups, Float64 sum",polars streaming,0.863,6.2,,,,,,,,,,,
500000,"(g2fsum200) group-by grid, 2 keys, 200 groups, Float64 sum","MetalEngine all, cold",1.995,2.2,GroupBy#1[GroupBy>DataFrameScan],,True,0.43,1.01,group_by_multi:sum|numeric|memory,500000,,200,,
500000,"(g1sum1k) group-by grid, 1 key, 1 000 groups, sum",polars in-memory,1.246,14.2,,,,,,,,,,,
500000,"(g1sum1k) group-by grid, 1 key, 1 000 groups, sum",polars streaming,0.947,7.0,,,,,,,,,,,
500000,"(g1sum1k) group-by grid, 1 key, 1 000 groups, sum","MetalEngine all, cold",1.573,1.8,GroupBy#1[GroupBy>DataFrameScan],,True,0.60,0.79,group_by:sum|numeric|memory,500000,,1000,,
500000,"(g2sum1k) group-by grid, 2 keys, 1 000 groups, sum",polars in-memory,2.003,23.8,,,,,,,,,,,
500000,"(g2sum1k) group-by grid, 2 keys, 1 000 groups, sum",polars streaming,1.075,7.4,,,,,,,,,,,
500000,"(g2sum1k) group-by grid, 2 keys, 1 000 groups, sum","MetalEngine all, cold",1.921,2.2,GroupBy#1[GroupBy>DataFrameScan],,True,0.56,1.04,group_by_multi:sum|numeric|memory,500000,,1000,,
500000,"(g1count1k) group-by grid, 1 key, 1 000 groups, count",polars in-memory,0.979,12.3,,,,,,,,,,,
500000,"(g1count1k) group-by grid, 1 key, 1 000 groups, count",polars streaming,0.842,8.0,,,,,,,,,,,
500000,"(g1count1k) group-by grid, 1 key, 1 000 groups, count","MetalEngine all, cold",1.432,1.7,GroupBy#1[GroupBy>DataFrameScan],,True,0.59,0.68,group_by:count|numeric|memory,500000,,1000,,
500000,"(g2count1k) group-by grid, 2 keys, 1 000 groups, count",polars in-memory,1.769,18.9,,,,,,,,,,,
500000,"(g2count1k) group-by grid, 2 keys, 1 000 groups, count",polars streaming,1.047,11.3,,,,,,,,,,,
500000,"(g2count1k) group-by grid, 2 keys, 1 000 groups, count","MetalEngine all, cold",1.751,2.1,GroupBy#1[GroupBy>DataFrameScan],,True,0.60,1.01,group_by_multi:count|numeric|memory,500000,,1000,,
500000,"(g1mean1k) group-by grid, 1 key, 1 000 groups, mean",polars in-memory,1.145,15.3,,,,,,,,,,,
500000,"(g1mean1k) group-by grid, 1 key, 1 000 groups, mean",polars streaming,0.867,6.9,,,,,,,,,,,
500000,"(g1mean1k) group-by grid, 1 key, 1 000 groups, mean","MetalEngine all, cold",1.809,2.1,GroupBy#1[GroupBy>DataFrameScan],,True,0.48,0.63,group_by:mean|numeric|memory,500000,,1000,,
500000,"(g2mean1k) group-by grid, 2 keys, 1 000 groups, mean",polars in-memory,1.907,25.7,,,,,,,,,,,
500000,"(g2mean1k) group-by grid, 2 keys, 1 000 groups, mean",polars streaming,1.143,11.4,,,,,,,,,,,
500000,"(g2mean1k) group-by grid, 2 keys, 1 000 groups, mean","MetalEngine all, cold",2.191,2.5,GroupBy#1[GroupBy>DataFrameScan],,True,0.52,0.87,group_by_multi:mean|numeric|memory,500000,,1000,,
500000,"(g1minmax1k) group-by grid, 1 key, 1 000 groups, min + max",polars in-memory,1.030,12.8,,,,,,,,,,,
500000,"(g1minmax1k) group-by grid, 1 key, 1 000 groups, min + max",polars streaming,0.999,9.9,,,,,,,,,,,
500000,"(g1minmax1k) group-by grid, 1 key, 1 000 groups, min + max","MetalEngine all, cold",1.370,1.6,GroupBy#1[GroupBy>DataFrameScan],,True,0.73,0.75,group_by:minmax|numeric|memory,500000,,1000,,
500000,"(g2minmax1k) group-by grid, 2 keys, 1 000 groups, min + max",polars in-memory,1.785,23.8,,,,,,,,,,,
500000,"(g2minmax1k) group-by grid, 2 keys, 1 000 groups, min + max",polars streaming,1.232,11.7,,,,,,,,,,,
500000,"(g2minmax1k) group-by grid, 2 keys, 1 000 groups, min + max","MetalEngine all, cold",1.844,2.2,GroupBy#1[GroupBy>DataFrameScan],,True,0.67,0.97,group_by_multi:minmax|numeric|memory,500000,,1000,,
500000,"(g1fsum1k) group-by grid, 1 key, 1 000 groups, Float64 sum",polars in-memory,1.383,15.9,,,,,,,,,,,
500000,"(g1fsum1k) group-by grid, 1 key, 1 000 groups, Float64 sum",polars streaming,0.891,8.1,,,,,,,,,,,
500000,"(g1fsum1k) group-by grid, 1 key, 1 000 groups, Float64 sum","MetalEngine all, cold",1.929,1.9,GroupBy#1[GroupBy>DataFrameScan],,True,0.46,0.72,group_by:sum|numeric|memory,500000,,1000,,
500000,"(g2fsum1k) group-by grid, 2 keys, 1 000 groups, Float64 sum",polars in-memory,2.103,26.2,,,,,,,,,,,
500000,"(g2fsum1k) group-by grid, 2 keys, 1 000 groups, Float64 sum",polars streaming,1.113,10.7,,,,,,,,,,,
500000,"(g2fsum1k) group-by grid, 2 keys, 1 000 groups, Float64 sum","MetalEngine all, cold",2.181,2.3,GroupBy#1[GroupBy>DataFrameScan],,True,0.51,0.96,group_by_multi:sum|numeric|memory,500000,,1000,,
500000,"(g1sum10k) group-by grid, 1 key, 10 000 groups, sum",polars in-memory,1.489,18.0,,,,,,,,,,,
500000,"(g1sum10k) group-by grid, 1 key, 10 000 groups, sum",polars streaming,1.487,15.0,,,,,,,,,,,
500000,"(g1sum10k) group-by grid, 1 key, 10 000 groups, sum","MetalEngine all, cold",1.643,1.9,GroupBy#1[GroupBy>DataFrameScan],,True,0.90,0.91,group_by:sum|numeric|memory,500000,,10000,,
500000,"(g2sum10k) group-by grid, 2 keys, 10 000 groups, sum",polars in-memory,2.411,31.7,,,,,,,,,,,
500000,"(g2sum10k) group-by grid, 2 keys, 10 000 groups, sum",polars streaming,1.916,15.6,,,,,,,,,,,
500000,"(g2sum10k) group-by grid, 2 keys, 10 000 groups, sum","MetalEngine all, cold",2.046,2.4,GroupBy#1[GroupBy>DataFrameScan],,True,0.94,1.18,group_by_multi:sum|numeric|memory,500000,,10000,,
500000,"(g1count10k) group-by grid, 1 key, 10 000 groups, count",polars in-memory,1.213,12.6,,,,,,,,,,,
500000,"(g1count10k) group-by grid, 1 key, 10 000 groups, count",polars streaming,1.449,14.9,,,,,,,,,,,
500000,"(g1count10k) group-by grid, 1 key, 10 000 groups, count","MetalEngine all, cold",1.287,1.6,GroupBy#1[GroupBy>DataFrameScan],,True,0.94,0.94,group_by:count|numeric|memory,500000,,10000,,
500000,"(g2count10k) group-by grid, 2 keys, 10 000 groups, count",polars in-memory,1.887,24.5,,,,,,,,,,,
500000,"(g2count10k) group-by grid, 2 keys, 10 000 groups, count",polars streaming,1.855,18.9,,,,,,,,,,,
500000,"(g2count10k) group-by grid, 2 keys, 10 000 groups, count","MetalEngine all, cold",1.750,2.2,GroupBy#1[GroupBy>DataFrameScan],,True,1.06,1.08,group_by_multi:count|numeric|memory,500000,,10000,,
500000,"(g1mean10k) group-by grid, 1 key, 10 000 groups, mean",polars in-memory,1.393,17.2,,,,,,,,,,,
500000,"(g1mean10k) group-by grid, 1 key, 10 000 groups, mean",polars streaming,1.439,15.7,,,,,,,,,,,
500000,"(g1mean10k) group-by grid, 1 key, 10 000 groups, mean","MetalEngine all, cold",1.779,2.0,GroupBy#1[GroupBy>DataFrameScan],,True,0.78,0.78,group_by:mean|numeric|memory,500000,,10000,,
500000,"(g2mean10k) group-by grid, 2 keys, 10 000 groups, mean",polars in-memory,2.266,29.6,,,,,,,,,,,
500000,"(g2mean10k) group-by grid, 2 keys, 10 000 groups, mean",polars streaming,1.958,19.9,,,,,,,,,,,
500000,"(g2mean10k) group-by grid, 2 keys, 10 000 groups, mean","MetalEngine all, cold",2.023,2.3,GroupBy#1[GroupBy>DataFrameScan],,True,0.97,1.12,group_by_multi:mean|numeric|memory,500000,,10000,,
500000,"(g1minmax10k) group-by grid, 1 key, 10 000 groups, min + max",polars in-memory,1.514,16.2,,,,,,,,,,,
500000,"(g1minmax10k) group-by grid, 1 key, 10 000 groups, min + max",polars streaming,1.651,16.3,,,,,,,,,,,
500000,"(g1minmax10k) group-by grid, 1 key, 10 000 groups, min + max","MetalEngine all, cold",1.725,1.8,GroupBy#1[GroupBy>DataFrameScan],,True,0.88,0.88,group_by:minmax|numeric|memory,500000,,10000,,
500000,"(g2minmax10k) group-by grid, 2 keys, 10 000 groups, min + max",polars in-memory,2.222,26.5,,,,,,,,,,,
500000,"(g2minmax10k) group-by grid, 2 keys, 10 000 groups, min + max",polars streaming,2.051,20.9,,,,,,,,,,,
500000,"(g2minmax10k) group-by grid, 2 keys, 10 000 groups, min + max","MetalEngine all, cold",2.213,2.3,GroupBy#1[GroupBy>DataFrameScan],,True,0.93,1.00,group_by_multi:minmax|numeric|memory,500000,,10000,,
500000,"(g1fsum10k) group-by grid, 1 key, 10 000 groups, Float64 sum",polars in-memory,1.602,19.5,,,,,,,,,,,
500000,"(g1fsum10k) group-by grid, 1 key, 10 000 groups, Float64 sum",polars streaming,1.403,11.7,,,,,,,,,,,
500000,"(g1fsum10k) group-by grid, 1 key, 10 000 groups, Float64 sum","MetalEngine all, cold",2.120,1.8,GroupBy#1[GroupBy>DataFrameScan],,True,0.66,0.76,group_by:sum|numeric|memory,500000,,10000,,
500000,"(g2fsum10k) group-by grid, 2 keys, 10 000 groups, Float64 sum",polars in-memory,2.684,29.7,,,,,,,,,,,
500000,"(g2fsum10k) group-by grid, 2 keys, 10 000 groups, Float64 sum",polars streaming,1.887,16.7,,,,,,,,,,,
500000,"(g2fsum10k) group-by grid, 2 keys, 10 000 groups, Float64 sum","MetalEngine all, cold",2.359,2.3,GroupBy#1[GroupBy>DataFrameScan],,True,0.80,1.14,group_by_multi:sum|numeric|memory,500000,,10000,,
500000,"(g1sum100k) group-by grid, 1 key, 100 000 groups, sum",polars in-memory,2.051,23.2,,,,,,,,,,,
500000,"(g1sum100k) group-by grid, 1 key, 100 000 groups, sum",polars streaming,1.420,13.6,,,,,,,,,,,
500000,"(g1sum100k) group-by grid, 1 key, 100 000 groups, sum","MetalEngine all, cold",1.930,2.2,GroupBy#1[GroupBy>DataFrameScan],,True,0.74,1.06,group_by:sum|numeric|memory,500000,,99344,,
500000,"(g2sum100k) group-by grid, 2 keys, 100 000 groups, sum",polars in-memory,2.785,36.3,,,,,,,,,,,
500000,"(g2sum100k) group-by grid, 2 keys, 100 000 groups, sum",polars streaming,2.072,21.3,,,,,,,,,,,
500000,"(g2sum100k) group-by grid, 2 keys, 100 000 groups, sum","MetalEngine all, cold",2.430,2.8,GroupBy#1[GroupBy>DataFrameScan],,True,0.85,1.15,group_by_multi:sum|numeric|memory,500000,,99292,,
500000,"(g1count100k) group-by grid, 1 key, 100 000 groups, count",polars in-memory,1.628,18.2,,,,,,,,,,,
500000,"(g1count100k) group-by grid, 1 key, 100 000 groups, count",polars streaming,1.284,12.5,,,,,,,,,,,
500000,"(g1count100k) group-by grid, 1 key, 100 000 groups, count","MetalEngine all, cold",1.570,1.9,GroupBy#1[GroupBy>DataFrameScan],,True,0.82,1.04,group_by:count|numeric|memory,500000,,99344,,
500000,"(g2count100k) group-by grid, 2 keys, 100 000 groups, count",polars in-memory,2.269,27.9,,,,,,,,,,,
500000,"(g2count100k) group-by grid, 2 keys, 100 000 groups, count",polars streaming,1.997,21.7,,,,,,,,,,,
500000,"(g2count100k) group-by grid, 2 keys, 100 000 groups, count","MetalEngine all, cold",1.973,2.4,GroupBy#1[GroupBy>DataFrameScan],,True,1.01,1.15,group_by_multi:count|numeric|memory,500000,,99292,,
500000,"(g1mean100k) group-by grid, 1 key, 100 000 groups, mean",polars in-memory,1.787,20.9,,,,,,,,,,,
500000,"(g1mean100k) group-by grid, 1 key, 100 000 groups, mean",polars streaming,1.433,14.6,,,,,,,,,,,
500000,"(g1mean100k) group-by grid, 1 key, 100 000 groups, mean","MetalEngine all, cold",2.079,2.2,GroupBy#1[GroupBy>DataFrameScan],,True,0.69,0.86,group_by:mean|numeric|memory,500000,,99344,,
500000,"(g2mean100k) group-by grid, 2 keys, 100 000 groups, mean",polars in-memory,2.531,33.2,,,,,,,,,,,
500000,"(g2mean100k) group-by grid, 2 keys, 100 000 groups, mean",polars streaming,2.156,19.6,,,,,,,,,,,
500000,"(g2mean100k) group-by grid, 2 keys, 100 000 groups, mean","MetalEngine all, cold",2.292,2.5,GroupBy#1[GroupBy>DataFrameScan],,True,0.94,1.10,group_by_multi:mean|numeric|memory,500000,,99292,,
500000,"(g1minmax100k) group-by grid, 1 key, 100 000 groups, min + max",polars in-memory,1.949,22.2,,,,,,,,,,,
500000,"(g1minmax100k) group-by grid, 1 key, 100 000 groups, min + max",polars streaming,1.556,14.3,,,,,,,,,,,
500000,"(g1minmax100k) group-by grid, 1 key, 100 000 groups, min + max","MetalEngine all, cold",1.894,1.9,GroupBy#1[GroupBy>DataFrameScan],,True,0.82,1.03,group_by:minmax|numeric|memory,500000,,99344,,
500000,"(g2minmax100k) group-by grid, 2 keys, 100 000 groups, min + max",polars in-memory,2.586,34.2,,,,,,,,,,,
500000,"(g2minmax100k) group-by grid, 2 keys, 100 000 groups, min + max",polars streaming,2.315,22.0,,,,,,,,,,,
500000,"(g2minmax100k) group-by grid, 2 keys, 100 000 groups, min + max","MetalEngine all, cold",2.364,2.5,GroupBy#1[GroupBy>DataFrameScan],,True,0.98,1.09,group_by_multi:minmax|numeric|memory,500000,,99292,,
500000,"(g1fsum100k) group-by grid, 1 key, 100 000 groups, Float64 sum",polars in-memory,2.209,26.5,,,,,,,,,,,
500000,"(g1fsum100k) group-by grid, 1 key, 100 000 groups, Float64 sum",polars streaming,1.329,13.8,,,,,,,,,,,
500000,"(g1fsum100k) group-by grid, 1 key, 100 000 groups, Float64 sum","MetalEngine all, cold",3.119,2.0,GroupBy#1[GroupBy>DataFrameScan],,True,0.43,0.71,group_by:sum|numeric|memory,500000,,99344,,
500000,"(g2fsum100k) group-by grid, 2 keys, 100 000 groups, Float64 sum",polars in-memory,2.927,36.3,,,,,,,,,,,
500000,"(g2fsum100k) group-by grid, 2 keys, 100 000 groups, Float64 sum",polars streaming,2.113,21.6,,,,,,,,,,,
500000,"(g2fsum100k) group-by grid, 2 keys, 100 000 groups, Float64 sum","MetalEngine all, cold",2.545,2.5,GroupBy#1[GroupBy>DataFrameScan],,True,0.83,1.15,group_by_multi:sum|numeric|memory,500000,,99292,,
500000,"(g1sum1M) group-by grid, 1 key, 1 000 000 groups, sum",polars in-memory,2.701,29.1,,,,,,,,,,,
500000,"(g1sum1M) group-by grid, 1 key, 1 000 000 groups, sum",polars streaming,1.571,15.2,,,,,,,,,,,
500000,"(g1sum1M) group-by grid, 1 key, 1 000 000 groups, sum","MetalEngine all, cold",2.822,2.9,GroupBy#1[GroupBy>DataFrameScan],,True,0.56,0.96,group_by:sum|numeric|memory,500000,,393599,,
500000,"(g2sum1M) group-by grid, 2 keys, 1 000 000 groups, sum",polars in-memory,3.401,42.3,,,,,,,,,,,
500000,"(g2sum1M) group-by grid, 2 keys, 1 000 000 groups, sum",polars streaming,2.406,24.2,,,,,,,,,,,
500000,"(g2sum1M) group-by grid, 2 keys, 1 000 000 groups, sum","MetalEngine all, cold",4.090,4.3,GroupBy#1[GroupBy>DataFrameScan],,True,0.59,0.83,group_by_multi:sum|numeric|memory,500000,,393534,,
500000,"(g1count1M) group-by grid, 1 key, 1 000 000 groups, count",polars in-memory,2.167,21.8,,,,,,,,,,,
500000,"(g1count1M) group-by grid, 1 key, 1 000 000 groups, count",polars streaming,1.559,15.5,,,,,,,,,,,
500000,"(g1count1M) group-by grid, 1 key, 1 000 000 groups, count","MetalEngine all, cold",2.088,2.3,GroupBy#1[GroupBy>DataFrameScan],,True,0.75,1.04,group_by:count|numeric|memory,500000,,393599,,
500000,"(g2count1M) group-by grid, 2 keys, 1 000 000 groups, count",polars in-memory,3.072,30.8,,,,,,,,,,,
500000,"(g2count1M) group-by grid, 2 keys, 1 000 000 groups, count",polars streaming,2.174,20.4,,,,,,,,,,,
500000,"(g2count1M) group-by grid, 2 keys, 1 000 000 groups, count","MetalEngine all, cold",3.252,3.6,GroupBy#1[GroupBy>DataFrameScan],,True,0.67,0.94,group_by_multi:count|numeric|memory,500000,,393534,,
500000,"(g1mean1M) group-by grid, 1 key, 1 000 000 groups, mean",polars in-memory,2.359,27.1,,,,,,,,,,,
500000,"(g1mean1M) group-by grid, 1 key, 1 000 000 groups, mean",polars streaming,1.613,17.2,,,,,,,,,,,
500000,"(g1mean1M) group-by grid, 1 key, 1 000 000 groups, mean","MetalEngine all, cold",3.067,2.5,GroupBy#1[GroupBy>DataFrameScan],,True,0.53,0.77,group_by:mean|numeric|memory,500000,,393599,,
500000,"(g2mean1M) group-by grid, 2 keys, 1 000 000 groups, mean",polars in-memory,3.247,38.2,,,,,,,,,,,
500000,"(g2mean1M) group-by grid, 2 keys, 1 000 000 groups, mean",polars streaming,2.343,22.9,,,,,,,,,,,
500000,"(g2mean1M) group-by grid, 2 keys, 1 000 000 groups, mean","MetalEngine all, cold",4.457,4.2,GroupBy#1[GroupBy>DataFrameScan],,True,0.53,0.73,group_by_multi:mean|numeric|memory,500000,,393534,,
500000,"(g1minmax1M) group-by grid, 1 key, 1 000 000 groups, min + max",polars in-memory,2.422,27.7,,,,,,,,,,,
500000,"(g1minmax1M) group-by grid, 1 key, 1 000 000 groups, min + max",polars streaming,1.829,17.9,,,,,,,,,,,
500000,"(g1minmax1M) group-by grid, 1 key, 1 000 000 groups, min + max","MetalEngine all, cold",2.717,2.3,GroupBy#1[GroupBy>DataFrameScan],,True,0.67,0.89,group_by:minmax|numeric|memory,500000,,393599,,
500000,"(g2minmax1M) group-by grid, 2 keys, 1 000 000 groups, min + max",polars in-memory,3.060,40.0,,,,,,,,,,,
500000,"(g2minmax1M) group-by grid, 2 keys, 1 000 000 groups, min + max",polars streaming,2.498,26.1,,,,,,,,,,,
500000,"(g2minmax1M) group-by grid, 2 keys, 1 000 000 groups, min + max","MetalEngine all, cold",3.850,3.6,GroupBy#1[GroupBy>DataFrameScan],,True,0.65,0.79,group_by_multi:minmax|numeric|memory,500000,,393534,,
500000,"(g1fsum1M) group-by grid, 1 key, 1 000 000 groups, Float64 sum",polars in-memory,2.676,31.2,,,,,,,,,,,
500000,"(g1fsum1M) group-by grid, 1 key, 1 000 000 groups, Float64 sum",polars streaming,1.554,15.0,,,,,,,,,,,
500000,"(g1fsum1M) group-by grid, 1 key, 1 000 000 groups, Float64 sum","MetalEngine all, cold",2.349,2.0,GroupBy#1[GroupBy>DataFrameScan],,True,0.66,1.14,group_by:sum|numeric|memory,500000,,393599,,
500000,"(g2fsum1M) group-by grid, 2 keys, 1 000 000 groups, Float64 sum",polars in-memory,3.489,44.3,,,,,,,,,,,
500000,"(g2fsum1M) group-by grid, 2 keys, 1 000 000 groups, Float64 sum",polars streaming,2.309,24.3,,,,,,,,,,,
500000,"(g2fsum1M) group-by grid, 2 keys, 1 000 000 groups, Float64 sum","MetalEngine all, cold",2.935,2.9,GroupBy#1[GroupBy>DataFrameScan],,True,0.79,1.19,group_by_multi:sum|numeric|memory,500000,,393534,,
500000,"(g1sumR2) group-by grid, 1 key, rows/2 groups, sum",polars in-memory,2.646,29.3,,,,,,,,,,,
500000,"(g1sumR2) group-by grid, 1 key, rows/2 groups, sum",polars streaming,1.524,15.3,,,,,,,,,,,
500000,"(g1sumR2) group-by grid, 1 key, rows/2 groups, sum","MetalEngine all, cold",2.217,2.4,GroupBy#1[GroupBy>DataFrameScan],,True,0.69,1.19,group_by:sum|numeric|memory,500000,,216108,,
500000,"(g2sumR2) group-by grid, 2 keys, rows/2 groups, sum",polars in-memory,3.283,39.6,,,,,,,,,,,
500000,"(g2sumR2) group-by grid, 2 keys, rows/2 groups, sum",polars streaming,2.164,21.9,,,,,,,,,,,
500000,"(g2sumR2) group-by grid, 2 keys, rows/2 groups, sum","MetalEngine all, cold",2.693,3.0,GroupBy#1[GroupBy>DataFrameScan],,True,0.80,1.22,group_by_multi:sum|numeric|memory,500000,,216486,,
500000,"(g1countR2) group-by grid, 1 key, rows/2 groups, count",polars in-memory,2.136,23.7,,,,,,,,,,,
500000,"(g1countR2) group-by grid, 1 key, rows/2 groups, count",polars streaming,1.455,15.0,,,,,,,,,,,
500000,"(g1countR2) group-by grid, 1 key, rows/2 groups, count","MetalEngine all, cold",1.642,1.9,GroupBy#1[GroupBy>DataFrameScan],,True,0.89,1.30,group_by:count|numeric|memory,500000,,216108,,
500000,"(g2countR2) group-by grid, 2 keys, rows/2 groups, count",polars in-memory,2.804,32.6,,,,,,,,,,,
500000,"(g2countR2) group-by grid, 2 keys, rows/2 groups, count",polars streaming,2.205,22.7,,,,,,,,,,,
500000,"(g2countR2) group-by grid, 2 keys, rows/2 groups, count","MetalEngine all, cold",2.094,2.5,GroupBy#1[GroupBy>DataFrameScan],,True,1.05,1.34,group_by_multi:count|numeric|memory,500000,,216486,,
500000,"(g1meanR2) group-by grid, 1 key, rows/2 groups, mean",polars in-memory,2.228,28.0,,,,,,,,,,,
500000,"(g1meanR2) group-by grid, 1 key, rows/2 groups, mean",polars streaming,1.611,16.4,,,,,,,,,,,
500000,"(g1meanR2) group-by grid, 1 key, rows/2 groups, mean","MetalEngine all, cold",2.399,2.3,GroupBy#1[GroupBy>DataFrameScan],,True,0.67,0.93,group_by:mean|numeric|memory,500000,,216108,,
500000,"(g2meanR2) group-by grid, 2 keys, rows/2 groups, mean",polars in-memory,2.992,39.8,,,,,,,,,,,
500000,"(g2meanR2) group-by grid, 2 keys, rows/2 groups, mean",polars streaming,2.207,22.0,,,,,,,,,,,
500000,"(g2meanR2) group-by grid, 2 keys, rows/2 groups, mean","MetalEngine all, cold",2.831,2.9,GroupBy#1[GroupBy>DataFrameScan],,True,0.78,1.06,group_by_multi:mean|numeric|memory,500000,,216486,,
500000,"(g1minmaxR2) group-by grid, 1 key, rows/2 groups, min + max",polars in-memory,2.361,28.9,,,,,,,,,,,
500000,"(g1minmaxR2) group-by grid, 1 key, rows/2 groups, min + max",polars streaming,1.779,18.8,,,,,,,,,,,
500000,"(g1minmaxR2) group-by grid, 1 key, rows/2 groups, min + max","MetalEngine all, cold",2.123,2.0,GroupBy#1[GroupBy>DataFrameScan],,True,0.84,1.11,group_by:minmax|numeric|memory,500000,,216108,,
500000,"(g2minmaxR2) group-by grid, 2 keys, rows/2 groups, min + max",polars in-memory,3.206,39.0,,,,,,,,,,,
500000,"(g2minmaxR2) group-by grid, 2 keys, rows/2 groups, min + max",polars streaming,2.493,26.3,,,,,,,,,,,
500000,"(g2minmaxR2) group-by grid, 2 keys, rows/2 groups, min + max","MetalEngine all, cold",2.438,2.4,GroupBy#1[GroupBy>DataFrameScan],,True,1.02,1.32,group_by_multi:minmax|numeric|memory,500000,,216486,,
500000,"(g1fsumR2) group-by grid, 1 key, rows/2 groups, Float64 sum",polars in-memory,2.584,30.6,,,,,,,,,,,
500000,"(g1fsumR2) group-by grid, 1 key, rows/2 groups, Float64 sum",polars streaming,1.513,15.5,,,,,,,,,,,
500000,"(g1fsumR2) group-by grid, 1 key, rows/2 groups, Float64 sum","MetalEngine all, cold",1.920,1.8,GroupBy#1[GroupBy>DataFrameScan],,True,0.79,1.35,group_by:sum|numeric|memory,500000,,216108,,
500000,"(g2fsumR2) group-by grid, 2 keys, rows/2 groups, Float64 sum",polars in-memory,3.524,42.0,,,,,,,,,,,
500000,"(g2fsumR2) group-by grid, 2 keys, rows/2 groups, Float64 sum",polars streaming,2.182,23.5,,,,,,,,,,,
500000,"(g2fsumR2) group-by grid, 2 keys, rows/2 groups, Float64 sum","MetalEngine all, cold",2.262,2.3,GroupBy#1[GroupBy>DataFrameScan],,True,0.96,1.56,group_by_multi:sum|numeric|memory,500000,,216486,,
1000000,(a) filtered sum + count,polars in-memory,0.303,0.8,,,,,,,,,,,
1000000,(a) filtered sum + count,polars streaming,0.229,0.7,,,,,,,,,,,
1000000,(a) filtered sum + count,"MetalEngine all, cold",0.774,0.9,Select#3[Select>SimpleProjection>Filter>DataFrameScan],,True,0.30,0.39,aggregate:count+aggregate:sum|numeric|memory,1000000,,,,
1000000,(b) filter + group-by 200 keys + sort desc + limit 10,polars in-memory,2.108,23.7,,,,,,,,,,,
1000000,(b) filter + group-by 200 keys + sort desc + limit 10,polars streaming,1.207,10.6,,,,,,,,,,,
1000000,(b) filter + group-by 200 keys + sort desc + limit 10,"MetalEngine all, cold",3.041,3.1,Sort#4[Sort>Filter>GroupBy>Filter>DataFrameScan],,True,0.40,0.69,group_by:count+group_by:sum+top_k|numeric|memory,1000000,,,,
1000000,"(c) group-by (region, sub) mean + max",polars in-memory,3.524,46.9,,,,,,,,,,,
1000000,"(c) group-by (region, sub) mean + max",polars streaming,3.145,33.9,,,,,,,,,,,
1000000,"(c) group-by (region, sub) mean + max","MetalEngine all, cold",3.297,3.1,GroupBy#1[GroupBy>DataFrameScan],,True,0.95,1.07,group_by_multi:mean+group_by_multi:minmax|numeric|memory,1000000,,10000,,
1000000,(d) projection chain then filter,polars in-memory,2.521,2.6,,,,,,,,,,,
1000000,(d) projection chain then filter,polars streaming,0.501,3.6,,,,,,,,,,,
1000000,(d) projection chain then filter,"MetalEngine all, cold",1.783,1.0,Filter#2[Filter>Select>HStack>DataFrameScan],,True,0.28,1.41,rowwise|numeric|memory,1000000,,,,
1000000,(e) inner join then sum,polars in-memory,11.419,79.1,,,,,,,,,,,
1000000,(e) inner join then sum,polars streaming,2.330,21.7,,,,,,,,,,,
1000000,(e) inner join then sum,"MetalEngine all, cold",2.649,1.3,Select#3[Select>SimpleProjection>Join>DataFrameScan>DataFrameScan],,True,0.88,4.31,aggregate:sum+join:inner|numeric|memory,2000000,,,,
1000000,(f) semi join,polars in-memory,0.614,8.0,,,,,,,,,,,
1000000,(f) semi join,polars streaming,0.805,6.9,,,,,,,,,,,
1000000,(f) semi join,"MetalEngine all, cold",0.745,1.0,Join#2[Join>DataFrameScan>DataFrameScan],,True,0.82,0.82,join:semi|numeric|memory,1001000,,,,
1000000,(g) row_number over partitions,polars in-memory,6.972,56.7,,,,,,,,,,,
1000000,(g) row_number over partitions,polars streaming,4.758,59.2,,,,,,,,,,,
1000000,(g) row_number over partitions,"MetalEngine all, cold",6.670,55.7,,HStack#1: Expression Window has no ArrowMetal translation.,True,0.71,1.05,,,,,,
1000000,(h) as-of join,polars in-memory,5.257,7.0,,,,,,,,,,,
1000000,(h) as-of join,polars streaming,1.193,7.3,,,,,,,,,,,
1000000,(h) as-of join,"MetalEngine all, cold",5.255,9.0,,"Join#2: A AsOf join is not translated (inner, left, semi and anti are taken).",True,0.23,1.00,,,,,,
1000000,"(i) group-by 1 key, 100 000 groups, sum",polars in-memory,3.146,35.7,,,,,,,,,,,
1000000,"(i) group-by 1 key, 100 000 groups, sum",polars streaming,1.943,20.9,,,,,,,,,,,
1000000,"(i) group-by 1 key, 100 000 groups, sum","MetalEngine all, cold",2.599,2.5,GroupBy#1[GroupBy>DataFrameScan],,True,0.75,1.21,group_by:sum|numeric|memory,1000000,,99996,,
1000000,"(j) group-by (k1, k2), sum + count",polars in-memory,7.186,85.5,,,,,,,,,,,
1000000,"(j) group-by (k1, k2), sum + count",polars streaming,3.741,36.6,,,,,,,,,,,
1000000,"(j) group-by (k1, k2), sum + count","MetalEngine all, cold",8.457,8.5,GroupBy#1[GroupBy>DataFrameScan],,True,0.44,0.85,group_by_multi:count+group_by_multi:sum|numeric|memory,1000000,,995006,,
1000000,"(k) group-by (String, int32), sum",polars in-memory,7.783,86.1,,,,,,,,,,,
1000000,"(k) group-by (String, int32), sum",polars streaming,4.380,47.4,,,,,,,,,,,
1000000,"(k) group-by (String, int32), sum","MetalEngine all, cold",7.500,7.8,GroupBy#1[GroupBy>DataFrameScan],,True,0.58,1.04,group_by_multi:sum|string|memory,1000000,,632156,,
1000000,"(l) group-by (region, sub), Float64 sum + mean",polars in-memory,4.597,51.3,,,,,,,,,,,
1000000,"(l) group-by (region, sub), Float64 sum + mean",polars streaming,3.147,32.0,,,,,,,,,,,
1000000,"(l) group-by (region, sub), Float64 sum + mean","MetalEngine all, cold",2.824,2.7,GroupBy#2[GroupBy>HStack>DataFrameScan],,True,1.11,1.63,group_by_multi:mean+group_by_multi:sum|numeric|memory,1000000,,10000,,
1000000,(m) sort 3 columns by an int64 key,polars in-memory,5.699,69.0,,,,,,,,,,,
1000000,(m) sort 3 columns by an int64 key,polars streaming,7.497,81.4,,,,,,,,,,,
1000000,(m) sort 3 columns by an int64 key,"MetalEngine all, cold",2.860,1.4,Sort#2[Sort>DataFrameScan],,True,1.99,1.99,sort|numeric|memory,1000000,,,,
1000000,"(n) top 100 by Float64, descending",polars in-memory,6.509,6.7,,,,,,,,,,,
1000000,"(n) top 100 by Float64, descending",polars streaming,0.803,5.7,,,,,,,,,,,
1000000,"(n) top 100 by Float64, descending","MetalEngine all, cold",1.739,1.8,Sort#3[Sort>Filter>DataFrameScan],,True,0.46,3.74,top_k|numeric|memory,1000000,,,,
1000000,"(o) sort with a String column, by an int64 key",polars in-memory,5.865,71.5,,,,,,,,,,,
1000000,"(o) sort with a String column, by an int64 key",polars streaming,7.791,83.6,,,,,,,,,,,
1000000,"(o) sort with a String column, by an int64 key","MetalEngine all, cold",5.034,4.7,Sort#2[Sort>DataFrameScan],,True,1.17,1.17,sort|string|memory,1000000,,,,
1000000,"(p) filter, then sort by (int32 asc, nullable Float64 desc)",polars in-memory,9.945,111.8,,,,,,,,,,,
1000000,"(p) filter, then sort by (int32 asc, nullable Float64 desc)",polars streaming,12.416,145.8,,,,,,,,,,,
1000000,"(p) filter, then sort by (int32 asc, nullable Float64 desc)","MetalEngine all, cold",7.282,7.2,Sort#3[Sort>HStack>Filter>DataFrameScan],,True,1.37,1.37,sort|string|memory,1000000,,,,
1000000,"(q) filter, then sort by (int32 asc, int64 desc)",polars in-memory,5.996,65.4,,,,,,,,,,,
1000000,"(q) filter, then sort by (int32 asc, int64 desc)",polars streaming,9.726,113.9,,,,,,,,,,,
1000000,"(q) filter, then sort by (int32 asc, int64 desc)","MetalEngine all, cold",4.984,3.0,Sort#3[Sort>Filter>DataFrameScan],,True,1.20,1.20,sort|numeric|memory,1000000,,,,
1000000,"(r) unique over (region, sub), keep first",polars in-memory,2.972,34.9,,,,,,,,,,,
1000000,"(r) unique over (region, sub), keep first",polars streaming,4.274,46.5,,,,,,,,,,,
1000000,"(r) unique over (region, sub), keep first","MetalEngine all, cold",2.259,2.6,Distinct#1[Distinct>DataFrameScan],,True,1.32,1.32,distinct|numeric|memory,1000000,,,,
1000000,"(r2) unique over (region, sub), keep any",polars in-memory,2.908,34.8,,,,,,,,,,,
1000000,"(r2) unique over (region, sub), keep any",polars streaming,4.329,46.5,,,,,,,,,,,
1000000,"(r2) unique over (region, sub), keep any","MetalEngine all, cold",2.124,2.4,Distinct#1[Distinct>DataFrameScan],,True,1.37,1.37,distinct|numeric|memory,1000000,,,,
1000000,(a2) filtered min + max,polars in-memory,0.309,0.6,,,,,,,,,,,
1000000,(a2) filtered min + max,polars streaming,0.202,0.7,,,,,,,,,,,
1000000,(a2) filtered min + max,"MetalEngine all, cold",1.436,1.2,Select#3[Select>SimpleProjection>Filter>DataFrameScan],,True,0.14,0.22,aggregate:minmax|numeric|memory,1000000,,,,
1000000,(a3) filtered mean,polars in-memory,0.286,0.7,,,,,,,,,,,
1000000,(a3) filtered mean,polars streaming,0.189,0.7,,,,,,,,,,,
1000000,(a3) filtered mean,"MetalEngine all, cold",1.052,0.9,Select#3[Select>SimpleProjection>Filter>DataFrameScan],,True,0.18,0.27,aggregate:mean|numeric|memory,1000000,,,,
1000000,(a4) filtered count,polars in-memory,0.252,1.0,,,,,,,,,,,
1000000,(a4) filtered count,polars streaming,0.151,0.5,,,,,,,,,,,
1000000,(a4) filtered count,"MetalEngine all, cold",0.416,0.5,Select#3[Select>DataFrameScan],,True,0.36,0.61,aggregate:sum|numeric|memory,1000000,,,,
1000000,"(t1) group-by 1 key, 200 groups, sum",polars in-memory,1.769,20.5,,,,,,,,,,,
1000000,"(t1) group-by 1 key, 200 groups, sum",polars streaming,0.884,8.4,,,,,,,,,,,
1000000,"(t1) group-by 1 key, 200 groups, sum","MetalEngine all, cold",2.025,2.1,GroupBy#1[GroupBy>DataFrameScan],,True,0.44,0.87,group_by:sum|numeric|memory,1000000,,200,,
1000000,"(t2) group-by 1 key, 200 groups, count",polars in-memory,1.587,18.7,,,,,,,,,,,
1000000,"(t2) group-by 1 key, 200 groups, count",polars streaming,0.856,7.6,,,,,,,,,,,
1000000,"(t2) group-by 1 key, 200 groups, count","MetalEngine all, cold",1.856,1.9,GroupBy#1[GroupBy>DataFrameScan],,True,0.46,0.86,group_by:count|numeric|memory,1000000,,200,,
1000000,"(t3) group-by 1 key, 200 groups, mean",polars in-memory,2.330,25.4,,,,,,,,,,,
1000000,"(t3) group-by 1 key, 200 groups, mean",polars streaming,0.995,7.1,,,,,,,,,,,
1000000,"(t3) group-by 1 key, 200 groups, mean","MetalEngine all, cold",2.303,2.1,GroupBy#1[GroupBy>DataFrameScan],,True,0.43,1.01,group_by:mean|numeric|memory,1000000,,200,,
1000000,"(t4) group-by 1 key, 200 groups, min + max",polars in-memory,1.729,20.9,,,,,,,,,,,
1000000,"(t4) group-by 1 key, 200 groups, min + max",polars streaming,0.998,9.7,,,,,,,,,,,
1000000,"(t4) group-by 1 key, 200 groups, min + max","MetalEngine all, cold",1.799,1.8,GroupBy#1[GroupBy>DataFrameScan],,True,0.55,0.96,group_by:minmax|numeric|memory,1000000,,200,,
1000000,"(t5) group-by 1 key, 100 000 groups, count",polars in-memory,2.818,29.5,,,,,,,,,,,
1000000,"(t5) group-by 1 key, 100 000 groups, count",polars streaming,1.801,19.1,,,,,,,,,,,
1000000,"(t5) group-by 1 key, 100 000 groups, count","MetalEngine all, cold",1.951,2.1,GroupBy#1[GroupBy>DataFrameScan],,True,0.92,1.44,group_by:count|numeric|memory,1000000,,99996,,
1000000,"(t6) group-by 1 key, 100 000 groups, mean",polars in-memory,2.894,35.1,,,,,,,,,,,
1000000,"(t6) group-by 1 key, 100 000 groups, mean",polars streaming,1.953,21.5,,,,,,,,,,,
1000000,"(t6) group-by 1 key, 100 000 groups, mean","MetalEngine all, cold",2.678,2.5,GroupBy#1[GroupBy>DataFrameScan],,True,0.73,1.08,group_by:mean|numeric|memory,1000000,,99996,,
1000000,"(t7) group-by 1 key, 100 000 groups, min + max",polars in-memory,3.025,36.8,,,,,,,,,,,
1000000,"(t7) group-by 1 key, 100 000 groups, min + max",polars streaming,2.250,22.8,,,,,,,,,,,
1000000,"(t7) group-by 1 key, 100 000 groups, min + max","MetalEngine all, cold",1.973,2.0,GroupBy#1[GroupBy>DataFrameScan],,True,1.14,1.53,group_by:minmax|numeric|memory,1000000,,99996,,
1000000,"(v1) group-by (region, sub), sum",polars in-memory,3.728,43.7,,,,,,,,,,,
1000000,"(v1) group-by (region, sub), sum",polars streaming,2.857,32.0,,,,,,,,,,,
1000000,"(v1) group-by (region, sub), sum","MetalEngine all, cold",2.419,2.5,GroupBy#1[GroupBy>DataFrameScan],,True,1.18,1.54,group_by_multi:sum|numeric|memory,1000000,,10000,,
1000000,"(v2) group-by (region, sub), count",polars in-memory,3.095,37.2,,,,,,,,,,,
1000000,"(v2) group-by (region, sub), count",polars streaming,2.781,29.4,,,,,,,,,,,
1000000,"(v2) group-by (region, sub), count","MetalEngine all, cold",2.090,2.5,GroupBy#1[GroupBy>DataFrameScan],,True,1.33,1.48,group_by_multi:count|numeric|memory,1000000,,10000,,
1000000,"(v3) group-by (k1, k2), mean",polars in-memory,6.493,81.1,,,,,,,,,,,
1000000,"(v3) group-by (k1, k2), mean",polars streaming,3.676,38.5,,,,,,,,,,,
1000000,"(v3) group-by (k1, k2), mean","MetalEngine all, cold",5.842,6.5,GroupBy#1[GroupBy>DataFrameScan],,True,0.63,1.11,group_by_multi:mean|numeric|memory,1000000,,995006,,
1000000,"(v4) group-by (k1, k2), min + max",polars in-memory,6.465,80.0,,,,,,,,,,,
1000000,"(v4) group-by (k1, k2), min + max",polars streaming,3.927,40.3,,,,,,,,,,,
1000000,"(v4) group-by (k1, k2), min + max","MetalEngine all, cold",5.560,6.0,GroupBy#1[GroupBy>DataFrameScan],,True,0.71,1.16,group_by_multi:minmax|numeric|memory,1000000,,995006,,
1000000,"(w1) inner join, 1M-row build side",polars in-memory,8.740,54.3,,,,,,,,,,,
1000000,"(w1) inner join, 1M-row build side",polars streaming,2.668,26.4,,,,,,,,,,,
1000000,"(w1) inner join, 1M-row build side","MetalEngine all, cold",1.195,1.1,Join#2[Join>DataFrameScan>DataFrameScan],,True,2.23,7.32,join:inner|numeric|memory,2000000,,,,
1000000,"(w2) left join, 1M-row build side",polars in-memory,6.719,49.5,,,,,,,,,,,
1000000,"(w2) left join, 1M-row build side",polars streaming,3.571,30.4,,,,,,,,,,,
1000000,"(w2) left join, 1M-row build side","MetalEngine all, cold",2.537,1.6,Join#2[Join>DataFrameScan>DataFrameScan],,True,1.41,2.65,join:left|numeric|memory,2000000,,,,
1000000,"(w3) semi join, 1M-row build side",polars in-memory,3.821,46.1,,,,,,,,,,,
1000000,"(w3) semi join, 1M-row build side",polars streaming,3.085,27.6,,,,,,,,,,,
1000000,"(w3) semi join, 1M-row build side","MetalEngine all, cold",2.554,1.7,Join#2[Join>DataFrameScan>DataFrameScan],,True,1.21,1.50,join:semi|numeric|memory,2000000,,,,
1000000,"(w4) anti join, 1M-row build side",polars in-memory,4.758,42.3,,,,,,,,,,,
1000000,"(w4) anti join, 1M-row build side",polars streaming,3.139,26.7,,,,,,,,,,,
1000000,"(w4) anti join, 1M-row build side","MetalEngine all, cold",2.386,1.5,Join#2[Join>DataFrameScan>DataFrameScan],,True,1.32,1.99,join:anti|numeric|memory,2000000,,,,
1000000,"(x1) unique over (k1, k2), keep first",polars in-memory,7.561,63.7,,,,,,,,,,,
1000000,"(x1) unique over (k1, k2), keep first",polars streaming,6.099,50.9,,,,,,,,,,,
1000000,"(x1) unique over (k1, k2), keep first","MetalEngine all, cold",10.655,7.5,Distinct#2[Distinct>DataFrameScan],,True,0.57,0.71,distinct|numeric|memory,1000000,,,,
1000000,"(x2) sort by a nullable Float64 key, descending",polars in-memory,9.630,100.8,,,,,,,,,,,
1000000,"(x2) sort by a nullable Float64 key, descending",polars streaming,9.985,107.5,,,,,,,,,,,
1000000,"(x2) sort by a nullable Float64 key, descending","MetalEngine all, cold",2.576,2.1,Sort#2[Sort>Select>DataFrameScan],,True,3.74,3.74,sort|numeric|memory,1000000,,,,
1000000,(x3) top 100 by an int64 key,polars in-memory,6.768,6.9,,,,,,,,,,,
1000000,(x3) top 100 by an int64 key,polars streaming,0.762,5.1,,,,,,,,,,,
1000000,(x3) top 100 by an int64 key,"MetalEngine all, cold",3.290,2.8,Sort#3[Sort>Filter>DataFrameScan],,True,0.23,2.06,top_k|numeric|memory,1000000,,,,
1000000,"(x4) top 100 by a nullable Float64 key, descending",polars in-memory,6.927,7.0,,,,,,,,,,,
1000000,"(x4) top 100 by a nullable Float64 key, descending",polars streaming,0.724,4.8,,,,,,,,,,,
1000000,"(x4) top 100 by a nullable Float64 key, descending","MetalEngine all, cold",0.851,1.1,Sort#3[Sort>Filter>Select>DataFrameScan],,True,0.85,8.14,top_k|numeric|memory,1000000,,,,
1000000,"(y1) group-by a String key (1000 values), sum",polars in-memory,3.298,34.8,,,,,,,,,,,
1000000,"(y1) group-by a String key (1000 values), sum",polars streaming,1.465,12.9,,,,,,,,,,,
1000000,"(y1) group-by a String key (1000 values), sum","MetalEngine all, cold",4.052,3.8,GroupBy#1[GroupBy>DataFrameScan],,True,0.36,0.81,group_by:sum|string|memory,1000000,,1000,,
1000000,(y2) filter by a String equality,polars in-memory,0.436,0.6,,,,,,,,,,,
1000000,(y2) filter by a String equality,polars streaming,0.177,0.9,,,,,,,,,,,
1000000,(y2) filter by a String equality,"MetalEngine all, cold",0.921,1.0,Filter#2[Filter>DataFrameScan],,True,0.19,0.47,rowwise|string|memory,1000000,,,,
1000000,"(y3) filter by a String prefix, then sum",polars in-memory,3.219,3.4,,,,,,,,,,,
1000000,"(y3) filter by a String prefix, then sum",polars streaming,0.545,4.5,,,,,,,,,,,
1000000,"(y3) filter by a String prefix, then sum","MetalEngine all, cold",0.900,0.9,Select#2[Select>SimpleProjection>Filter>DataFrameScan],,True,0.61,3.58,aggregate:sum|string|memory,1000000,,,,
1000000,(y4) inner join on a String key,polars in-memory,2.348,28.3,,,,,,,,,,,
1000000,(y4) inner join on a String key,polars streaming,1.867,17.4,,,,,,,,,,,
1000000,(y4) inner join on a String key,"MetalEngine all, cold",6.563,6.6,Join#3[Join>DataFrameScan>DataFrameScan],,True,0.28,0.36,join:inner|string|memory,1000500,,,,
1000000,"(y5) unique over (String, int32), keep first",polars in-memory,8.008,71.2,,,,,,,,,,,
1000000,"(y5) unique over (String, int32), keep first",polars streaming,6.380,67.4,,,,,,,,,,,
1000000,"(y5) unique over (String, int32), keep first","MetalEngine all, cold",8.351,7.8,Distinct#2[Distinct>DataFrameScan],,True,0.76,0.96,distinct|string|memory,1000000,,,,
1000000,(y6) top 100 by an int64 key with a String column,polars in-memory,6.736,7.0,,,,,,,,,,,
1000000,(y6) top 100 by an int64 key with a String column,polars streaming,0.779,5.5,,,,,,,,,,,
1000000,(y6) top 100 by an int64 key with a String column,"MetalEngine all, cold",3.830,3.2,Sort#3[Sort>Filter>DataFrameScan],,True,0.20,1.76,top_k|string|memory,1000000,,,,
1000000,"(g1sum200) group-by grid, 1 key, 200 groups, sum",polars in-memory,2.028,21.7,,,,,,,,,,,
1000000,"(g1sum200) group-by grid, 1 key, 200 groups, sum",polars streaming,0.934,7.7,,,,,,,,,,,
1000000,"(g1sum200) group-by grid, 1 key, 200 groups, sum","MetalEngine all, cold",2.091,1.9,GroupBy#1[GroupBy>DataFrameScan],,True,0.45,0.97,group_by:sum|numeric|memory,1000000,,200,,
1000000,"(g2sum200) group-by grid, 2 keys, 200 groups, sum",polars in-memory,3.085,36.2,,,,,,,,,,,
1000000,"(g2sum200) group-by grid, 2 keys, 200 groups, sum",polars streaming,1.030,10.3,,,,,,,,,,,
1000000,"(g2sum200) group-by grid, 2 keys, 200 groups, sum","MetalEngine all, cold",2.472,2.4,GroupBy#1[GroupBy>DataFrameScan],,True,0.42,1.25,group_by_multi:sum|numeric|memory,1000000,,200,,
1000000,"(g1count200) group-by grid, 1 key, 200 groups, count",polars in-memory,1.609,18.0,,,,,,,,,,,
1000000,"(g1count200) group-by grid, 1 key, 200 groups, count",polars streaming,0.814,5.7,,,,,,,,,,,
1000000,"(g1count200) group-by grid, 1 key, 200 groups, count","MetalEngine all, cold",1.737,1.8,GroupBy#1[GroupBy>DataFrameScan],,True,0.47,0.93,group_by:count|numeric|memory,1000000,,200,,
1000000,"(g2count200) group-by grid, 2 keys, 200 groups, count",polars in-memory,2.945,34.5,,,,,,,,,,,
1000000,"(g2count200) group-by grid, 2 keys, 200 groups, count",polars streaming,1.085,7.3,,,,,,,,,,,
1000000,"(g2count200) group-by grid, 2 keys, 200 groups, count","MetalEngine all, cold",2.157,2.3,GroupBy#1[GroupBy>DataFrameScan],,True,0.50,1.37,group_by_multi:count|numeric|memory,1000000,,200,,
1000000,"(g1mean200) group-by grid, 1 key, 200 groups, mean",polars in-memory,2.105,26.1,,,,,,,,,,,
1000000,"(g1mean200) group-by grid, 1 key, 200 groups, mean",polars streaming,0.879,8.3,,,,,,,,,,,
1000000,"(g1mean200) group-by grid, 1 key, 200 groups, mean","MetalEngine all, cold",2.219,2.1,GroupBy#1[GroupBy>DataFrameScan],,True,0.40,0.95,group_by:mean|numeric|memory,1000000,,200,,
1000000,"(g2mean200) group-by grid, 2 keys, 200 groups, mean",polars in-memory,3.253,39.1,,,,,,,,,,,
1000000,"(g2mean200) group-by grid, 2 keys, 200 groups, mean",polars streaming,1.080,10.8,,,,,,,,,,,
1000000,"(g2mean200) group-by grid, 2 keys, 200 groups, mean","MetalEngine all, cold",2.597,2.5,GroupBy#1[GroupBy>DataFrameScan],,True,0.42,1.25,group_by_multi:mean|numeric|memory,1000000,,200,,
1000000,"(g1minmax200) group-by grid, 1 key, 200 groups, min + max",polars in-memory,1.783,20.0,,,,,,,,,,,
1000000,"(g1minmax200) group-by grid, 1 key, 200 groups, min + max",polars streaming,1.034,9.0,,,,,,,,,,,
1000000,"(g1minmax200) group-by grid, 1 key, 200 groups, min + max","MetalEngine all, cold",1.753,1.7,GroupBy#1[GroupBy>DataFrameScan],,True,0.59,1.02,group_by:minmax|numeric|memory,1000000,,200,,
1000000,"(g2minmax200) group-by grid, 2 keys, 200 groups, min + max",polars in-memory,3.133,34.7,,,,,,,,,,,
1000000,"(g2minmax200) group-by grid, 2 keys, 200 groups, min + max",polars streaming,1.280,11.4,,,,,,,,,,,
1000000,"(g2minmax200) group-by grid, 2 keys, 200 groups, min + max","MetalEngine all, cold",2.172,2.3,GroupBy#1[GroupBy>DataFrameScan],,True,0.59,1.44,group_by_multi:minmax|numeric|memory,1000000,,200,,
1000000,"(g1fsum200) group-by grid, 1 key, 200 groups, Float64 sum",polars in-memory,2.561,23.7,,,,,,,,,,,
1000000,"(g1fsum200) group-by grid, 1 key, 200 groups, Float64 sum",polars streaming,0.943,7.5,,,,,,,,,,,
1000000,"(g1fsum200) group-by grid, 1 key, 200 groups, Float64 sum","MetalEngine all, cold",2.155,1.9,GroupBy#1[GroupBy>DataFrameScan],,True,0.44,1.19,group_by:sum|numeric|memory,1000000,,200,,
1000000,"(g2fsum200) group-by grid, 2 keys, 200 groups, Float64 sum",polars in-memory,3.463,39.1,,,,,,,,,,,
1000000,"(g2fsum200) group-by grid, 2 keys, 200 groups, Float64 sum",polars streaming,1.078,7.9,,,,,,,,,,,
1000000,"(g2fsum200) group-by grid, 2 keys, 200 groups, Float64 sum","MetalEngine all, cold",2.554,2.4,GroupBy#1[GroupBy>DataFrameScan],,True,0.42,1.36,group_by_multi:sum|numeric|memory,1000000,,200,,
1000000,"(g1sum1k) group-by grid, 1 key, 1 000 groups, sum",polars in-memory,1.957,23.9,,,,,,,,,,,
1000000,"(g1sum1k) group-by grid, 1 key, 1 000 groups, sum",polars streaming,1.007,7.1,,,,,,,,,,,
1000000,"(g1sum1k) group-by grid, 1 key, 1 000 groups, sum","MetalEngine all, cold",2.117,1.9,GroupBy#1[GroupBy>DataFrameScan],,True,0.48,0.92,group_by:sum|numeric|memory,1000000,,1000,,
1000000,"(g2sum1k) group-by grid, 2 keys, 1 000 groups, sum",polars in-memory,3.345,38.6,,,,,,,,,,,
1000000,"(g2sum1k) group-by grid, 2 keys, 1 000 groups, sum",polars streaming,1.482,11.7,,,,,,,,,,,
1000000,"(g2sum1k) group-by grid, 2 keys, 1 000 groups, sum","MetalEngine all, cold",2.567,2.4,GroupBy#1[GroupBy>DataFrameScan],,True,0.58,1.30,group_by_multi:sum|numeric|memory,1000000,,1000,,
1000000,"(g1count1k) group-by grid, 1 key, 1 000 groups, count",polars in-memory,1.895,19.5,,,,,,,,,,,
1000000,"(g1count1k) group-by grid, 1 key, 1 000 groups, count",polars streaming,0.964,7.1,,,,,,,,,,,
1000000,"(g1count1k) group-by grid, 1 key, 1 000 groups, count","MetalEngine all, cold",1.859,1.8,GroupBy#1[GroupBy>DataFrameScan],,True,0.52,1.02,group_by:count|numeric|memory,1000000,,1000,,
1000000,"(g2count1k) group-by grid, 2 keys, 1 000 groups, count",polars in-memory,2.972,34.3,,,,,,,,,,,
1000000,"(g2count1k) group-by grid, 2 keys, 1 000 groups, count",polars streaming,1.341,13.4,,,,,,,,,,,
1000000,"(g2count1k) group-by grid, 2 keys, 1 000 groups, count","MetalEngine all, cold",2.245,2.3,GroupBy#1[GroupBy>DataFrameScan],,True,0.60,1.32,group_by_multi:count|numeric|memory,1000000,,1000,,
1000000,"(g1mean1k) group-by grid, 1 key, 1 000 groups, mean",polars in-memory,2.186,26.2,,,,,,,,,,,
1000000,"(g1mean1k) group-by grid, 1 key, 1 000 groups, mean",polars streaming,1.115,11.3,,,,,,,,,,,
1000000,"(g1mean1k) group-by grid, 1 key, 1 000 groups, mean","MetalEngine all, cold",2.276,2.1,GroupBy#1[GroupBy>DataFrameScan],,True,0.49,0.96,group_by:mean|numeric|memory,1000000,,1000,,
1000000,"(g2mean1k) group-by grid, 2 keys, 1 000 groups, mean",polars in-memory,3.453,41.1,,,,,,,,,,,
1000000,"(g2mean1k) group-by grid, 2 keys, 1 000 groups, mean",polars streaming,1.333,10.5,,,,,,,,,,,
1000000,"(g2mean1k) group-by grid, 2 keys, 1 000 groups, mean","MetalEngine all, cold",2.653,2.6,GroupBy#1[GroupBy>DataFrameScan],,True,0.50,1.30,group_by_multi:mean|numeric|memory,1000000,,1000,,
1000000,"(g1minmax1k) group-by grid, 1 key, 1 000 groups, min + max",polars in-memory,2.112,22.0,,,,,,,,,,,
1000000,"(g1minmax1k) group-by grid, 1 key, 1 000 groups, min + max",polars streaming,1.258,12.5,,,,,,,,,,,
1000000,"(g1minmax1k) group-by grid, 1 key, 1 000 groups, min + max","MetalEngine all, cold",1.837,1.7,GroupBy#1[GroupBy>DataFrameScan],,True,0.68,1.15,group_by:minmax|numeric|memory,1000000,,1000,,
1000000,"(g2minmax1k) group-by grid, 2 keys, 1 000 groups, min + max",polars in-memory,3.078,34.5,,,,,,,,,,,
1000000,"(g2minmax1k) group-by grid, 2 keys, 1 000 groups, min + max",polars streaming,1.535,13.5,,,,,,,,,,,
1000000,"(g2minmax1k) group-by grid, 2 keys, 1 000 groups, min + max","MetalEngine all, cold",2.231,2.3,GroupBy#1[GroupBy>DataFrameScan],,True,0.69,1.38,group_by_multi:minmax|numeric|memory,1000000,,1000,,
1000000,"(g1fsum1k) group-by grid, 1 key, 1 000 groups, Float64 sum",polars in-memory,2.477,27.0,,,,,,,,,,,
1000000,"(g1fsum1k) group-by grid, 1 key, 1 000 groups, Float64 sum",polars streaming,1.000,7.5,,,,,,,,,,,
1000000,"(g1fsum1k) group-by grid, 1 key, 1 000 groups, Float64 sum","MetalEngine all, cold",2.551,2.1,GroupBy#1[GroupBy>DataFrameScan],,True,0.39,0.97,group_by:sum|numeric|memory,1000000,,1000,,
1000000,"(g2fsum1k) group-by grid, 2 keys, 1 000 groups, Float64 sum",polars in-memory,3.602,40.2,,,,,,,,,,,
1000000,"(g2fsum1k) group-by grid, 2 keys, 1 000 groups, Float64 sum",polars streaming,1.376,11.8,,,,,,,,,,,
1000000,"(g2fsum1k) group-by grid, 2 keys, 1 000 groups, Float64 sum","MetalEngine all, cold",2.278,2.5,GroupBy#1[GroupBy>DataFrameScan],,True,0.60,1.58,group_by_multi:sum|numeric|memory,1000000,,1000,,
1000000,"(g1sum10k) group-by grid, 1 key, 10 000 groups, sum",polars in-memory,2.630,24.2,,,,,,,,,,,
1000000,"(g1sum10k) group-by grid, 1 key, 10 000 groups, sum",polars streaming,2.079,20.9,,,,,,,,,,,
1000000,"(g1sum10k) group-by grid, 1 key, 10 000 groups, sum","MetalEngine all, cold",2.011,2.0,GroupBy#1[GroupBy>DataFrameScan],,True,1.03,1.31,group_by:sum|numeric|memory,1000000,,10000,,
1000000,"(g2sum10k) group-by grid, 2 keys, 10 000 groups, sum",polars in-memory,4.230,35.9,,,,,,,,,,,
1000000,"(g2sum10k) group-by grid, 2 keys, 10 000 groups, sum",polars streaming,2.961,30.7,,,,,,,,,,,
1000000,"(g2sum10k) group-by grid, 2 keys, 10 000 groups, sum","MetalEngine all, cold",2.393,2.5,GroupBy#1[GroupBy>DataFrameScan],,True,1.24,1.77,group_by_multi:sum|numeric|memory,1000000,,10000,,
1000000,"(g1count10k) group-by grid, 1 key, 10 000 groups, count",polars in-memory,2.233,21.8,,,,,,,,,,,
1000000,"(g1count10k) group-by grid, 1 key, 10 000 groups, count",polars streaming,1.896,17.3,,,,,,,,,,,
1000000,"(g1count10k) group-by grid, 1 key, 10 000 groups, count","MetalEngine all, cold",1.589,1.8,GroupBy#1[GroupBy>DataFrameScan],,True,1.19,1.41,group_by:count|numeric|memory,1000000,,10000,,
1000000,"(g2count10k) group-by grid, 2 keys, 10 000 groups, count",polars in-memory,3.049,35.1,,,,,,,,,,,
1000000,"(g2count10k) group-by grid, 2 keys, 10 000 groups, count",polars streaming,2.885,31.4,,,,,,,,,,,
1000000,"(g2count10k) group-by grid, 2 keys, 10 000 groups, count","MetalEngine all, cold",1.990,2.3,GroupBy#1[GroupBy>DataFrameScan],,True,1.45,1.53,group_by_multi:count|numeric|memory,1000000,,10000,,
1000000,"(g1mean10k) group-by grid, 1 key, 10 000 groups, mean",polars in-memory,2.634,25.0,,,,,,,,,,,
1000000,"(g1mean10k) group-by grid, 1 key, 10 000 groups, mean",polars streaming,2.084,21.0,,,,,,,,,,,
1000000,"(g1mean10k) group-by grid, 1 key, 10 000 groups, mean","MetalEngine all, cold",2.199,2.2,GroupBy#1[GroupBy>DataFrameScan],,True,0.95,1.20,group_by:mean|numeric|memory,1000000,,10000,,
1000000,"(g2mean10k) group-by grid, 2 keys, 10 000 groups, mean",polars in-memory,3.927,39.0,,,,,,,,,,,
1000000,"(g2mean10k) group-by grid, 2 keys, 10 000 groups, mean",polars streaming,2.816,28.7,,,,,,,,,,,
1000000,"(g2mean10k) group-by grid, 2 keys, 10 000 groups, mean","MetalEngine all, cold",2.501,2.6,GroupBy#1[GroupBy>DataFrameScan],,True,1.13,1.57,group_by_multi:mean|numeric|memory,1000000,,10000,,
1000000,"(g1minmax10k) group-by grid, 1 key, 10 000 groups, min + max",polars in-memory,2.495,23.2,,,,,,,,,,,
1000000,"(g1minmax10k) group-by grid, 1 key, 10 000 groups, min + max",polars streaming,2.251,21.9,,,,,,,,,,,
1000000,"(g1minmax10k) group-by grid, 1 key, 10 000 groups, min + max","MetalEngine all, cold",2.186,1.9,GroupBy#1[GroupBy>DataFrameScan],,True,1.03,1.14,group_by:minmax|numeric|memory,1000000,,10000,,
1000000,"(g2minmax10k) group-by grid, 2 keys, 10 000 groups, min + max",polars in-memory,3.607,44.1,,,,,,,,,,,
1000000,"(g2minmax10k) group-by grid, 2 keys, 10 000 groups, min + max",polars streaming,3.153,32.9,,,,,,,,,,,
1000000,"(g2minmax10k) group-by grid, 2 keys, 10 000 groups, min + max","MetalEngine all, cold",2.538,2.3,GroupBy#1[GroupBy>DataFrameScan],,True,1.24,1.42,group_by_multi:minmax|numeric|memory,1000000,,10000,,
1000000,"(g1fsum10k) group-by grid, 1 key, 10 000 groups, Float64 sum",polars in-memory,2.637,32.2,,,,,,,,,,,
1000000,"(g1fsum10k) group-by grid, 1 key, 10 000 groups, Float64 sum",polars streaming,2.309,22.6,,,,,,,,,,,
1000000,"(g1fsum10k) group-by grid, 1 key, 10 000 groups, Float64 sum","MetalEngine all, cold",2.747,2.0,GroupBy#1[GroupBy>DataFrameScan],,True,0.84,0.96,group_by:sum|numeric|memory,1000000,,10000,,
1000000,"(g2fsum10k) group-by grid, 2 keys, 10 000 groups, Float64 sum",polars in-memory,4.045,45.1,,,,,,,,,,,
1000000,"(g2fsum10k) group-by grid, 2 keys, 10 000 groups, Float64 sum",polars streaming,2.971,29.8,,,,,,,,,,,
1000000,"(g2fsum10k) group-by grid, 2 keys, 10 000 groups, Float64 sum","MetalEngine all, cold",3.119,2.6,GroupBy#1[GroupBy>DataFrameScan],,True,0.95,1.30,group_by_multi:sum|numeric|memory,1000000,,10000,,
1000000,"(g1sum100k) group-by grid, 1 key, 100 000 groups, sum",polars in-memory,3.441,38.1,,,,,,,,,,,
1000000,"(g1sum100k) group-by grid, 1 key, 100 000 groups, sum",polars streaming,1.892,20.3,,,,,,,,,,,
1000000,"(g1sum100k) group-by grid, 1 key, 100 000 groups, sum","MetalEngine all, cold",2.436,2.3,GroupBy#1[GroupBy>DataFrameScan],,True,0.78,1.41,group_by:sum|numeric|memory,1000000,,99995,,
1000000,"(g2sum100k) group-by grid, 2 keys, 100 000 groups, sum",polars in-memory,4.417,52.5,,,,,,,,,,,
1000000,"(g2sum100k) group-by grid, 2 keys, 100 000 groups, sum",polars streaming,3.137,32.2,,,,,,,,,,,
1000000,"(g2sum100k) group-by grid, 2 keys, 100 000 groups, sum","MetalEngine all, cold",2.787,2.8,GroupBy#1[GroupBy>DataFrameScan],,True,1.13,1.58,group_by_multi:sum|numeric|memory,1000000,,99998,,
1000000,"(g1count100k) group-by grid, 1 key, 100 000 groups, count",polars in-memory,2.937,29.4,,,,,,,,,,,
1000000,"(g1count100k) group-by grid, 1 key, 100 000 groups, count",polars streaming,1.778,19.4,,,,,,,,,,,
1000000,"(g1count100k) group-by grid, 1 key, 100 000 groups, count","MetalEngine all, cold",1.890,2.0,GroupBy#1[GroupBy>DataFrameScan],,True,0.94,1.55,group_by:count|numeric|memory,1000000,,99995,,
1000000,"(g2count100k) group-by grid, 2 keys, 100 000 groups, count",polars in-memory,4.075,45.1,,,,,,,,,,,
1000000,"(g2count100k) group-by grid, 2 keys, 100 000 groups, count",polars streaming,3.098,31.7,,,,,,,,,,,
1000000,"(g2count100k) group-by grid, 2 keys, 100 000 groups, count","MetalEngine all, cold",2.284,2.6,GroupBy#1[GroupBy>DataFrameScan],,True,1.36,1.78,group_by_multi:count|numeric|memory,1000000,,99998,,
1000000,"(g1mean100k) group-by grid, 1 key, 100 000 groups, mean",polars in-memory,3.097,34.9,,,,,,,,,,,
1000000,"(g1mean100k) group-by grid, 1 key, 100 000 groups, mean",polars streaming,1.953,19.8,,,,,,,,,,,
1000000,"(g1mean100k) group-by grid, 1 key, 100 000 groups, mean","MetalEngine all, cold",2.552,2.3,GroupBy#1[GroupBy>DataFrameScan],,True,0.77,1.21,group_by:mean|numeric|memory,1000000,,99995,,
1000000,"(g2mean100k) group-by grid, 2 keys, 100 000 groups, mean",polars in-memory,4.364,48.9,,,,,,,,,,,
1000000,"(g2mean100k) group-by grid, 2 keys, 100 000 groups, mean",polars streaming,3.223,32.6,,,,,,,,,,,
1000000,"(g2mean100k) group-by grid, 2 keys, 100 000 groups, mean","MetalEngine all, cold",2.893,2.8,GroupBy#1[GroupBy>DataFrameScan],,True,1.11,1.51,group_by_multi:mean|numeric|memory,1000000,,99998,,
1000000,"(g1minmax100k) group-by grid, 1 key, 100 000 groups, min + max",polars in-memory,2.877,34.6,,,,,,,,,,,
1000000,"(g1minmax100k) group-by grid, 1 key, 100 000 groups, min + max",polars streaming,2.188,23.9,,,,,,,,,,,
1000000,"(g1minmax100k) group-by grid, 1 key, 100 000 groups, min + max","MetalEngine all, cold",2.535,2.0,GroupBy#1[GroupBy>DataFrameScan],,True,0.86,1.14,group_by:minmax|numeric|memory,1000000,,99995,,
1000000,"(g2minmax100k) group-by grid, 2 keys, 100 000 groups, min + max",polars in-memory,4.489,52.2,,,,,,,,,,,
1000000,"(g2minmax100k) group-by grid, 2 keys, 100 000 groups, min + max",polars streaming,3.420,37.5,,,,,,,,,,,
1000000,"(g2minmax100k) group-by grid, 2 keys, 100 000 groups, min + max","MetalEngine all, cold",2.967,2.6,GroupBy#1[GroupBy>DataFrameScan],,True,1.15,1.51,group_by_multi:minmax|numeric|memory,1000000,,99998,,
1000000,"(g1fsum100k) group-by grid, 1 key, 100 000 groups, Float64 sum",polars in-memory,3.424,37.4,,,,,,,,,,,
1000000,"(g1fsum100k) group-by grid, 1 key, 100 000 groups, Float64 sum",polars streaming,1.858,20.7,,,,,,,,,,,
1000000,"(g1fsum100k) group-by grid, 1 key, 100 000 groups, Float64 sum","MetalEngine all, cold",1.895,1.8,GroupBy#1[GroupBy>DataFrameScan],,True,0.98,1.81,group_by:sum|numeric|memory,1000000,,99995,,
1000000,"(g2fsum100k) group-by grid, 2 keys, 100 000 groups, Float64 sum",polars in-memory,4.807,52.3,,,,,,,,,,,
1000000,"(g2fsum100k) group-by grid, 2 keys, 100 000 groups, Float64 sum",polars streaming,3.148,32.6,,,,,,,,,,,
1000000,"(g2fsum100k) group-by grid, 2 keys, 100 000 groups, Float64 sum","MetalEngine all, cold",2.074,2.2,GroupBy#1[GroupBy>DataFrameScan],,True,1.52,2.32,group_by_multi:sum|numeric|memory,1000000,,99998,,
1000000,"(g1sum1M) group-by grid, 1 key, 1 000 000 groups, sum",polars in-memory,5.704,62.2,,,,,,,,,,,
1000000,"(g1sum1M) group-by grid, 1 key, 1 000 000 groups, sum",polars streaming,2.346,25.4,,,,,,,,,,,
1000000,"(g1sum1M) group-by grid, 1 key, 1 000 000 groups, sum","MetalEngine all, cold",3.915,3.4,GroupBy#1[GroupBy>DataFrameScan],,True,0.60,1.46,group_by:sum|numeric|memory,1000000,,631834,,
1000000,"(g2sum1M) group-by grid, 2 keys, 1 000 000 groups, sum",polars in-memory,7.609,86.9,,,,,,,,,,,
1000000,"(g2sum1M) group-by grid, 2 keys, 1 000 000 groups, sum",polars streaming,3.686,40.5,,,,,,,,,,,
1000000,"(g2sum1M) group-by grid, 2 keys, 1 000 000 groups, sum","MetalEngine all, cold",4.424,4.1,GroupBy#1[GroupBy>DataFrameScan],,True,0.83,1.72,group_by_multi:sum|numeric|memory,1000000,,632533,,
1000000,"(g1count1M) group-by grid, 1 key, 1 000 000 groups, count",polars in-memory,5.063,52.8,,,,,,,,,,,
1000000,"(g1count1M) group-by grid, 1 key, 1 000 000 groups, count",polars streaming,2.309,24.5,,,,,,,,,,,
1000000,"(g1count1M) group-by grid, 1 key, 1 000 000 groups, count","MetalEngine all, cold",2.902,2.7,GroupBy#1[GroupBy>DataFrameScan],,True,0.80,1.74,group_by:count|numeric|memory,1000000,,631834,,
1000000,"(g2count1M) group-by grid, 2 keys, 1 000 000 groups, count",polars in-memory,6.386,73.8,,,,,,,,,,,
1000000,"(g2count1M) group-by grid, 2 keys, 1 000 000 groups, count",polars streaming,3.533,34.2,,,,,,,,,,,
1000000,"(g2count1M) group-by grid, 2 keys, 1 000 000 groups, count","MetalEngine all, cold",3.275,3.2,GroupBy#1[GroupBy>DataFrameScan],,True,1.08,1.95,group_by_multi:count|numeric|memory,1000000,,632533,,
1000000,"(g1mean1M) group-by grid, 1 key, 1 000 000 groups, mean",polars in-memory,5.492,62.3,,,,,,,,,,,
1000000,"(g1mean1M) group-by grid, 1 key, 1 000 000 groups, mean",polars streaming,2.506,27.1,,,,,,,,,,,
1000000,"(g1mean1M) group-by grid, 1 key, 1 000 000 groups, mean","MetalEngine all, cold",4.063,2.7,GroupBy#1[GroupBy>DataFrameScan],,True,0.62,1.35,group_by:mean|numeric|memory,1000000,,631834,,
1000000,"(g2mean1M) group-by grid, 2 keys, 1 000 000 groups, mean",polars in-memory,7.178,87.1,,,,,,,,,,,
1000000,"(g2mean1M) group-by grid, 2 keys, 1 000 000 groups, mean",polars streaming,3.837,41.2,,,,,,,,,,,
1000000,"(g2mean1M) group-by grid, 2 keys, 1 000 000 groups, mean","MetalEngine all, cold",3.292,3.1,GroupBy#1[GroupBy>DataFrameScan],,True,1.17,2.18,group_by_multi:mean|numeric|memory,1000000,,632533,,
1000000,"(g1minmax1M) group-by grid, 1 key, 1 000 000 groups, min + max",polars in-memory,5.896,66.1,,,,,,,,,,,
1000000,"(g1minmax1M) group-by grid, 1 key, 1 000 000 groups, min + max",polars streaming,2.894,29.3,,,,,,,,,,,
1000000,"(g1minmax1M) group-by grid, 1 key, 1 000 000 groups, min + max","MetalEngine all, cold",3.383,2.3,GroupBy#1[GroupBy>DataFrameScan],,True,0.86,1.74,group_by:minmax|numeric|memory,1000000,,631834,,
1000000,"(g2minmax1M) group-by grid, 2 keys, 1 000 000 groups, min + max",polars in-memory,7.536,83.9,,,,,,,,,,,
1000000,"(g2minmax1M) group-by grid, 2 keys, 1 000 000 groups, min + max",polars streaming,4.352,46.5,,,,,,,,,,,
1000000,"(g2minmax1M) group-by grid, 2 keys, 1 000 000 groups, min + max","MetalEngine all, cold",3.913,3.0,GroupBy#1[GroupBy>DataFrameScan],,True,1.11,1.93,group_by_multi:minmax|numeric|memory,1000000,,632533,,
1000000,"(g1fsum1M) group-by grid, 1 key, 1 000 000 groups, Float64 sum",polars in-memory,5.783,55.0,,,,,,,,,,,
1000000,"(g1fsum1M) group-by grid, 1 key, 1 000 000 groups, Float64 sum",polars streaming,2.401,25.5,,,,,,,,,,,
1000000,"(g1fsum1M) group-by grid, 1 key, 1 000 000 groups, Float64 sum","MetalEngine all, cold",3.017,2.2,GroupBy#1[GroupBy>DataFrameScan],,True,0.80,1.92,group_by:sum|numeric|memory,1000000,,631834,,
1000000,"(g2fsum1M) group-by grid, 2 keys, 1 000 000 groups, Float64 sum",polars in-memory,7.280,88.4,,,,,,,,,,,
1000000,"(g2fsum1M) group-by grid, 2 keys, 1 000 000 groups, Float64 sum",polars streaming,3.706,37.6,,,,,,,,,,,
1000000,"(g2fsum1M) group-by grid, 2 keys, 1 000 000 groups, Float64 sum","MetalEngine all, cold",3.312,2.5,GroupBy#1[GroupBy>DataFrameScan],,True,1.12,2.20,group_by_multi:sum|numeric|memory,1000000,,632533,,
1000000,"(g1sumR2) group-by grid, 1 key, rows/2 groups, sum",polars in-memory,4.850,50.7,,,,,,,,,,,
1000000,"(g1sumR2) group-by grid, 1 key, rows/2 groups, sum",polars streaming,2.276,22.7,,,,,,,,,,,
1000000,"(g1sumR2) group-by grid, 1 key, rows/2 groups, sum","MetalEngine all, cold",3.440,3.1,GroupBy#1[GroupBy>DataFrameScan],,True,0.66,1.41,group_by:sum|numeric|memory,1000000,,432120,,
1000000,"(g2sumR2) group-by grid, 2 keys, rows/2 groups, sum",polars in-memory,6.527,74.5,,,,,,,,,,,
1000000,"(g2sumR2) group-by grid, 2 keys, rows/2 groups, sum",polars streaming,3.470,35.3,,,,,,,,,,,
1000000,"(g2sumR2) group-by grid, 2 keys, rows/2 groups, sum","MetalEngine all, cold",3.899,3.7,GroupBy#1[GroupBy>DataFrameScan],,True,0.89,1.67,group_by_multi:sum|numeric|memory,1000000,,432354,,
1000000,"(g1countR2) group-by grid, 1 key, rows/2 groups, count",polars in-memory,4.330,42.5,,,,,,,,,,,
1000000,"(g1countR2) group-by grid, 1 key, rows/2 groups, count",polars streaming,2.245,21.3,,,,,,,,,,,
1000000,"(g1countR2) group-by grid, 1 key, rows/2 groups, count","MetalEngine all, cold",2.477,2.4,GroupBy#1[GroupBy>DataFrameScan],,True,0.91,1.75,group_by:count|numeric|memory,1000000,,432120,,
1000000,"(g2countR2) group-by grid, 2 keys, rows/2 groups, count",polars in-memory,5.540,62.2,,,,,,,,,,,
1000000,"(g2countR2) group-by grid, 2 keys, rows/2 groups, count",polars streaming,3.366,37.0,,,,,,,,,,,
1000000,"(g2countR2) group-by grid, 2 keys, rows/2 groups, count","MetalEngine all, cold",2.980,3.0,GroupBy#1[GroupBy>DataFrameScan],,True,1.13,1.86,group_by_multi:count|numeric|memory,1000000,,432354,,
1000000,"(g1meanR2) group-by grid, 1 key, rows/2 groups, mean",polars in-memory,4.483,52.7,,,,,,,,,,,
1000000,"(g1meanR2) group-by grid, 1 key, rows/2 groups, mean",polars streaming,2.356,26.1,,,,,,,,,,,
1000000,"(g1meanR2) group-by grid, 1 key, rows/2 groups, mean","MetalEngine all, cold",3.455,2.5,GroupBy#1[GroupBy>DataFrameScan],,True,0.68,1.30,group_by:mean|numeric|memory,1000000,,432120,,
1000000,"(g2meanR2) group-by grid, 2 keys, rows/2 groups, mean",polars in-memory,5.983,72.0,,,,,,,,,,,
1000000,"(g2meanR2) group-by grid, 2 keys, rows/2 groups, mean",polars streaming,3.593,38.9,,,,,,,,,,,
1000000,"(g2meanR2) group-by grid, 2 keys, rows/2 groups, mean","MetalEngine all, cold",2.814,2.8,GroupBy#1[GroupBy>DataFrameScan],,True,1.28,2.13,group_by_multi:mean|numeric|memory,1000000,,432354,,
1000000,"(g1minmaxR2) group-by grid, 1 key, rows/2 groups, min + max",polars in-memory,4.801,54.3,,,,,,,,,,,
1000000,"(g1minmaxR2) group-by grid, 1 key, rows/2 groups, min + max",polars streaming,2.815,30.6,,,,,,,,,,,
1000000,"(g1minmaxR2) group-by grid, 1 key, rows/2 groups, min + max","MetalEngine all, cold",3.130,2.2,GroupBy#1[GroupBy>DataFrameScan],,True,0.90,1.53,group_by:minmax|numeric|memory,1000000,,432120,,
1000000,"(g2minmaxR2) group-by grid, 2 keys, rows/2 groups, min + max",polars in-memory,6.120,77.9,,,,,,,,,,,
1000000,"(g2minmaxR2) group-by grid, 2 keys, rows/2 groups, min + max",polars streaming,4.062,44.2,,,,,,,,,,,
1000000,"(g2minmaxR2) group-by grid, 2 keys, rows/2 groups, min + max","MetalEngine all, cold",3.520,2.8,GroupBy#1[GroupBy>DataFrameScan],,True,1.15,1.74,group_by_multi:minmax|numeric|memory,1000000,,432354,,
1000000,"(g1fsumR2) group-by grid, 1 key, rows/2 groups, Float64 sum",polars in-memory,4.885,53.1,,,,,,,,,,,
1000000,"(g1fsumR2) group-by grid, 1 key, rows/2 groups, Float64 sum",polars streaming,2.236,24.1,,,,,,,,,,,
1000000,"(g1fsumR2) group-by grid, 1 key, rows/2 groups, Float64 sum","MetalEngine all, cold",2.906,2.4,GroupBy#1[GroupBy>DataFrameScan],,True,0.77,1.68,group_by:sum|numeric|memory,1000000,,432120,,
1000000,"(g2fsumR2) group-by grid, 2 keys, rows/2 groups, Float64 sum",polars in-memory,6.455,72.0,,,,,,,,,,,
1000000,"(g2fsumR2) group-by grid, 2 keys, rows/2 groups, Float64 sum",polars streaming,3.519,35.3,,,,,,,,,,,
1000000,"(g2fsumR2) group-by grid, 2 keys, rows/2 groups, Float64 sum","MetalEngine all, cold",2.946,2.3,GroupBy#1[GroupBy>DataFrameScan],,True,1.19,2.19,group_by_multi:sum|numeric|memory,1000000,,432354,,
2000000,(a) filtered sum + count,polars in-memory,0.587,1.2,,,,,,,,,,,
2000000,(a) filtered sum + count,polars streaming,0.288,1.5,,,,,,,,,,,
2000000,(a) filtered sum + count,"MetalEngine all, cold",0.989,1.0,Select#3[Select>SimpleProjection>Filter>DataFrameScan],,True,0.29,0.59,aggregate:count+aggregate:sum|numeric|memory,2000000,,,,
2000000,(b) filter + group-by 200 keys + sort desc + limit 10,polars in-memory,3.698,40.9,,,,,,,,,,,
2000000,(b) filter + group-by 200 keys + sort desc + limit 10,polars streaming,1.511,12.8,,,,,,,,,,,
2000000,(b) filter + group-by 200 keys + sort desc + limit 10,"MetalEngine all, cold",3.999,3.3,Sort#4[Sort>Filter>GroupBy>Filter>DataFrameScan],,True,0.38,0.92,group_by:count+group_by:sum+top_k|numeric|memory,2000000,,,,
2000000,"(c) group-by (region, sub) mean + max",polars in-memory,6.606,82.5,,,,,,,,,,,
2000000,"(c) group-by (region, sub) mean + max",polars streaming,4.900,56.2,,,,,,,,,,,
2000000,"(c) group-by (region, sub) mean + max","MetalEngine all, cold",2.747,3.1,GroupBy#1[GroupBy>DataFrameScan],,True,1.78,2.41,group_by_multi:mean+group_by_multi:minmax|numeric|memory,2000000,,10000,,
2000000,(d) projection chain then filter,polars in-memory,5.869,5.9,,,,,,,,,,,
2000000,(d) projection chain then filter,polars streaming,0.762,7.8,,,,,,,,,,,
2000000,(d) projection chain then filter,"MetalEngine all, cold",2.496,1.1,Filter#2[Filter>Select>HStack>DataFrameScan],,True,0.31,2.35,rowwise|numeric|memory,2000000,,,,
2000000,(e) inner join then sum,polars in-memory,7.076,61.9,,,,,,,,,,,
2000000,(e) inner join then sum,polars streaming,2.909,29.5,,,,,,,,,,,
2000000,(e) inner join then sum,"MetalEngine all, cold",1.793,1.3,Select#3[Select>SimpleProjection>Join>DataFrameScan>DataFrameScan],,True,1.62,3.95,aggregate:sum+join:inner|numeric|memory,3000000,,,,
2000000,(f) semi join,polars in-memory,0.715,9.0,,,,,,,,,,,
2000000,(f) semi join,polars streaming,0.978,9.8,,,,,,,,,,,
2000000,(f) semi join,"MetalEngine all, cold",1.005,1.2,Join#2[Join>DataFrameScan>DataFrameScan],,True,0.71,0.71,join:semi|numeric|memory,2001000,,,,
2000000,(g) row_number over partitions,polars in-memory,14.393,112.9,,,,,,,,,,,
2000000,(g) row_number over partitions,polars streaming,12.292,176.6,,,,,,,,,,,
2000000,(g) row_number over partitions,"MetalEngine all, cold",15.045,115.1,,HStack#1: Expression Window has no ArrowMetal translation.,True,0.82,0.96,,,,,,
2000000,(h) as-of join,polars in-memory,6.886,11.2,,,,,,,,,,,
2000000,(h) as-of join,polars streaming,1.282,10.0,,,,,,,,,,,
2000000,(h) as-of join,"MetalEngine all, cold",6.933,11.5,,"Join#2: A AsOf join is not translated (inner, left, semi and anti are taken).",True,0.18,0.99,,,,,,
2000000,"(i) group-by 1 key, 100 000 groups, sum",polars in-memory,4.775,62.6,,,,,,,,,,,
2000000,"(i) group-by 1 key, 100 000 groups, sum",polars streaming,2.820,31.9,,,,,,,,,,,
2000000,"(i) group-by 1 key, 100 000 groups, sum","MetalEngine all, cold",3.317,2.4,GroupBy#1[GroupBy>DataFrameScan],,True,0.85,1.44,group_by:sum|numeric|memory,2000000,,100000,,
2000000,"(j) group-by (k1, k2), sum + count",polars in-memory,14.683,183.2,,,,,,,,,,,
2000000,"(j) group-by (k1, k2), sum + count",polars streaming,6.318,70.4,,,,,,,,,,,
2000000,"(j) group-by (k1, k2), sum + count","MetalEngine all, cold",13.357,11.4,GroupBy#1[GroupBy>DataFrameScan],,True,0.47,1.10,group_by_multi:count+group_by_multi:sum|numeric|memory,2000000,,1980193,,
2000000,"(k) group-by (String, int32), sum",polars in-memory,15.138,180.7,,,,,,,,,,,
2000000,"(k) group-by (String, int32), sum",polars streaming,7.243,81.5,,,,,,,,,,,
2000000,"(k) group-by (String, int32), sum","MetalEngine all, cold",9.288,9.2,GroupBy#1[GroupBy>DataFrameScan],,True,0.78,1.63,group_by_multi:sum|string|memory,2000000,,864200,,
2000000,"(l) group-by (region, sub), Float64 sum + mean",polars in-memory,7.907,87.6,,,,,,,,,,,
2000000,"(l) group-by (region, sub), Float64 sum + mean",polars streaming,5.080,58.5,,,,,,,,,,,
2000000,"(l) group-by (region, sub), Float64 sum + mean","MetalEngine all, cold",2.889,2.9,GroupBy#2[GroupBy>HStack>DataFrameScan],,True,1.76,2.74,group_by_multi:mean+group_by_multi:sum|numeric|memory,2000000,,10000,,
2000000,(m) sort 3 columns by an int64 key,polars in-memory,11.933,143.6,,,,,,,,,,,
2000000,(m) sort 3 columns by an int64 key,polars streaming,6.332,69.5,,,,,,,,,,,
2000000,(m) sort 3 columns by an int64 key,"MetalEngine all, cold",1.807,1.4,Sort#2[Sort>DataFrameScan],,True,3.51,6.61,sort|numeric|memory,2000000,,,,
2000000,"(n) top 100 by Float64, descending",polars in-memory,13.020,13.1,,,,,,,,,,,
2000000,"(n) top 100 by Float64, descending",polars streaming,0.944,7.7,,,,,,,,,,,
2000000,"(n) top 100 by Float64, descending","MetalEngine all, cold",1.887,1.9,Sort#3[Sort>Filter>DataFrameScan],,True,0.50,6.90,top_k|numeric|memory,2000000,,,,
2000000,"(o) sort with a String column, by an int64 key",polars in-memory,12.803,145.2,,,,,,,,,,,
2000000,"(o) sort with a String column, by an int64 key",polars streaming,15.975,160.4,,,,,,,,,,,
2000000,"(o) sort with a String column, by an int64 key","MetalEngine all, cold",8.796,8.0,Sort#2[Sort>DataFrameScan],,True,1.46,1.46,sort|string|memory,2000000,,,,
2000000,"(p) filter, then sort by (int32 asc, nullable Float64 desc)",polars in-memory,23.266,262.7,,,,,,,,,,,
2000000,"(p) filter, then sort by (int32 asc, nullable Float64 desc)",polars streaming,21.502,273.9,,,,,,,,,,,
2000000,"(p) filter, then sort by (int32 asc, nullable Float64 desc)","MetalEngine all, cold",11.884,10.5,Sort#3[Sort>HStack>Filter>DataFrameScan],,True,1.81,1.96,sort|string|memory,2000000,,,,
2000000,"(q) filter, then sort by (int32 asc, int64 desc)",polars in-memory,14.412,153.3,,,,,,,,,,,
2000000,"(q) filter, then sort by (int32 asc, int64 desc)",polars streaming,16.635,209.9,,,,,,,,,,,
2000000,"(q) filter, then sort by (int32 asc, int64 desc)","MetalEngine all, cold",2.891,2.5,Sort#3[Sort>Filter>DataFrameScan],,True,4.98,4.98,sort|numeric|memory,2000000,,,,
2000000,"(r) unique over (region, sub), keep first",polars in-memory,5.352,61.0,,,,,,,,,,,
2000000,"(r) unique over (region, sub), keep first",polars streaming,7.203,81.0,,,,,,,,,,,
2000000,"(r) unique over (region, sub), keep first","MetalEngine all, cold",2.767,3.0,Distinct#1[Distinct>DataFrameScan],,True,1.93,1.93,distinct|numeric|memory,2000000,,,,
2000000,"(r2) unique over (region, sub), keep any",polars in-memory,5.266,57.1,,,,,,,,,,,
2000000,"(r2) unique over (region, sub), keep any",polars streaming,7.178,82.8,,,,,,,,,,,
2000000,"(r2) unique over (region, sub), keep any","MetalEngine all, cold",2.801,3.0,Distinct#1[Distinct>DataFrameScan],,True,1.88,1.88,distinct|numeric|memory,2000000,,,,
2000000,(a2) filtered min + max,polars in-memory,0.669,4.1,,,,,,,,,,,
2000000,(a2) filtered min + max,polars streaming,0.259,1.3,,,,,,,,,,,
2000000,(a2) filtered min + max,"MetalEngine all, cold",1.554,1.3,Select#3[Select>SimpleProjection>Filter>DataFrameScan],,True,0.17,0.43,aggregate:minmax|numeric|memory,2000000,,,,
2000000,(a3) filtered mean,polars in-memory,0.518,1.1,,,,,,,,,,,
2000000,(a3) filtered mean,polars streaming,0.256,1.3,,,,,,,,,,,
2000000,(a3) filtered mean,"MetalEngine all, cold",1.205,1.0,Select#3[Select>SimpleProjection>Filter>DataFrameScan],,True,0.21,0.43,aggregate:mean|numeric|memory,2000000,,,,
2000000,(a4) filtered count,polars in-memory,0.432,1.8,,,,,,,,,,,
2000000,(a4) filtered count,polars streaming,0.186,0.9,,,,,,,,,,,
2000000,(a4) filtered count,"MetalEngine all, cold",0.566,0.8,Select#3[Select>DataFrameScan],,True,0.33,0.76,aggregate:sum|numeric|memory,2000000,,,,
2000000,"(t1) group-by 1 key, 200 groups, sum",polars in-memory,1.629,15.4,,,,,,,,,,,
2000000,"(t1) group-by 1 key, 200 groups, sum",polars streaming,1.177,12.6,,,,,,,,,,,
2000000,"(t1) group-by 1 key, 200 groups, sum","MetalEngine all, cold",2.170,2.2,GroupBy#1[GroupBy>DataFrameScan],,True,0.54,0.75,group_by:sum|numeric|memory,2000000,,200,,
2000000,"(t2) group-by 1 key, 200 groups, count",polars in-memory,1.285,14.8,,,,,,,,,,,
2000000,"(t2) group-by 1 key, 200 groups, count",polars streaming,1.063,11.0,,,,,,,,,,,
2000000,"(t2) group-by 1 key, 200 groups, count","MetalEngine all, cold",2.733,2.1,GroupBy#1[GroupBy>DataFrameScan],,True,0.39,0.47,group_by:count|numeric|memory,2000000,,200,,
2000000,"(t3) group-by 1 key, 200 groups, mean",polars in-memory,1.741,17.1,,,,,,,,,,,
2000000,"(t3) group-by 1 key, 200 groups, mean",polars streaming,1.118,12.0,,,,,,,,,,,
2000000,"(t3) group-by 1 key, 200 groups, mean","MetalEngine all, cold",3.411,2.5,GroupBy#1[GroupBy>DataFrameScan],,True,0.33,0.51,group_by:mean|numeric|memory,2000000,,200,,
2000000,"(t4) group-by 1 key, 200 groups, min + max",polars in-memory,1.641,17.0,,,,,,,,,,,
2000000,"(t4) group-by 1 key, 200 groups, min + max",polars streaming,1.287,13.3,,,,,,,,,,,
2000000,"(t4) group-by 1 key, 200 groups, min + max","MetalEngine all, cold",2.768,2.2,GroupBy#1[GroupBy>DataFrameScan],,True,0.46,0.59,group_by:minmax|numeric|memory,2000000,,200,,
2000000,"(t5) group-by 1 key, 100 000 groups, count",polars in-memory,4.214,53.4,,,,,,,,,,,
2000000,"(t5) group-by 1 key, 100 000 groups, count",polars streaming,2.498,27.9,,,,,,,,,,,
2000000,"(t5) group-by 1 key, 100 000 groups, count","MetalEngine all, cold",2.686,2.3,GroupBy#1[GroupBy>DataFrameScan],,True,0.93,1.57,group_by:count|numeric|memory,2000000,,100000,,
2000000,"(t6) group-by 1 key, 100 000 groups, mean",polars in-memory,4.761,61.8,,,,,,,,,,,
2000000,"(t6) group-by 1 key, 100 000 groups, mean",polars streaming,2.935,31.8,,,,,,,,,,,
2000000,"(t6) group-by 1 key, 100 000 groups, mean","MetalEngine all, cold",1.894,2.3,GroupBy#1[GroupBy>DataFrameScan],,True,1.55,2.51,group_by:mean|numeric|memory,2000000,,100000,,
2000000,"(t7) group-by 1 key, 100 000 groups, min + max",polars in-memory,5.148,66.7,,,,,,,,,,,
2000000,"(t7) group-by 1 key, 100 000 groups, min + max",polars streaming,3.332,36.0,,,,,,,,,,,
2000000,"(t7) group-by 1 key, 100 000 groups, min + max","MetalEngine all, cold",1.682,1.9,GroupBy#1[GroupBy>DataFrameScan],,True,1.98,3.06,group_by:minmax|numeric|memory,2000000,,100000,,
2000000,"(v1) group-by (region, sub), sum",polars in-memory,6.529,73.7,,,,,,,,,,,
2000000,"(v1) group-by (region, sub), sum",polars streaming,4.795,54.6,,,,,,,,,,,
2000000,"(v1) group-by (region, sub), sum","MetalEngine all, cold",2.837,2.9,GroupBy#1[GroupBy>DataFrameScan],,True,1.69,2.30,group_by_multi:sum|numeric|memory,2000000,,10000,,
2000000,"(v2) group-by (region, sub), count",polars in-memory,5.497,61.4,,,,,,,,,,,
2000000,"(v2) group-by (region, sub), count",polars streaming,4.214,49.2,,,,,,,,,,,
2000000,"(v2) group-by (region, sub), count","MetalEngine all, cold",2.710,2.8,GroupBy#1[GroupBy>DataFrameScan],,True,1.55,2.03,group_by_multi:count|numeric|memory,2000000,,10000,,
2000000,"(v3) group-by (k1, k2), mean",polars in-memory,14.177,178.8,,,,,,,,,,,
2000000,"(v3) group-by (k1, k2), mean",polars streaming,6.307,70.2,,,,,,,,,,,
2000000,"(v3) group-by (k1, k2), mean","MetalEngine all, cold",9.017,7.6,GroupBy#1[GroupBy>DataFrameScan],,True,0.70,1.57,group_by_multi:mean|numeric|memory,2000000,,1980193,,
2000000,"(v4) group-by (k1, k2), min + max",polars in-memory,15.282,197.4,,,,,,,,,,,
2000000,"(v4) group-by (k1, k2), min + max",polars streaming,6.597,72.5,,,,,,,,,,,
2000000,"(v4) group-by (k1, k2), min + max","MetalEngine all, cold",8.421,7.3,GroupBy#1[GroupBy>DataFrameScan],,True,0.78,1.81,group_by_multi:minmax|numeric|memory,2000000,,1980193,,
2000000,"(w1) inner join, 1M-row build side",polars in-memory,6.898,62.3,,,,,,,,,,,
2000000,"(w1) inner join, 1M-row build side",polars streaming,3.686,39.6,,,,,,,,,,,
2000000,"(w1) inner join, 1M-row build side","MetalEngine all, cold",1.606,1.2,Join#2[Join>DataFrameScan>DataFrameScan],,True,2.29,4.29,join:inner|numeric|memory,3000000,,,,
2000000,"(w2) left join, 1M-row build side",polars in-memory,9.528,86.8,,,,,,,,,,,
2000000,"(w2) left join, 1M-row build side",polars streaming,4.514,47.9,,,,,,,,,,,
2000000,"(w2) left join, 1M-row build side","MetalEngine all, cold",2.550,1.6,Join#2[Join>DataFrameScan>DataFrameScan],,True,1.77,3.74,join:left|numeric|memory,3000000,,,,
2000000,"(w3) semi join, 1M-row build side",polars in-memory,5.017,60.0,,,,,,,,,,,
2000000,"(w3) semi join, 1M-row build side",polars streaming,3.815,42.0,,,,,,,,,,,
2000000,"(w3) semi join, 1M-row build side","MetalEngine all, cold",1.786,1.6,Join#2[Join>DataFrameScan>DataFrameScan],,True,2.14,2.81,join:semi|numeric|memory,3000000,,,,
2000000,"(w4) anti join, 1M-row build side",polars in-memory,4.963,61.6,,,,,,,,,,,
2000000,"(w4) anti join, 1M-row build side",polars streaming,3.988,42.7,,,,,,,,,,,
2000000,"(w4) anti join, 1M-row build side","MetalEngine all, cold",2.467,1.7,Join#2[Join>DataFrameScan>DataFrameScan],,True,1.62,2.01,join:anti|numeric|memory,3000000,,,,
2000000,"(x1) unique over (k1, k2), keep first",polars in-memory,16.035,162.2,,,,,,,,,,,
2000000,"(x1) unique over (k1, k2), keep first",polars streaming,9.773,111.1,,,,,,,,,,,
2000000,"(x1) unique over (k1, k2), keep first","MetalEngine all, cold",8.287,7.7,Distinct#2[Distinct>DataFrameScan],,True,1.18,1.94,distinct|numeric|memory,2000000,,,,
2000000,"(x2) sort by a nullable Float64 key, descending",polars in-memory,17.279,201.4,,,,,,,,,,,
2000000,"(x2) sort by a nullable Float64 key, descending",polars streaming,19.276,212.3,,,,,,,,,,,
2000000,"(x2) sort by a nullable Float64 key, descending","MetalEngine all, cold",3.198,2.3,Sort#2[Sort>Select>DataFrameScan],,True,5.40,5.40,sort|numeric|memory,2000000,,,,
2000000,(x3) top 100 by an int64 key,polars in-memory,12.934,13.1,,,,,,,,,,,
2000000,(x3) top 100 by an int64 key,polars streaming,0.967,7.9,,,,,,,,,,,
2000000,(x3) top 100 by an int64 key,"MetalEngine all, cold",3.104,3.0,Sort#3[Sort>Filter>DataFrameScan],,True,0.31,4.17,top_k|numeric|memory,2000000,,,,
2000000,"(x4) top 100 by a nullable Float64 key, descending",polars in-memory,14.370,14.5,,,,,,,,,,,
2000000,"(x4) top 100 by a nullable Float64 key, descending",polars streaming,0.934,8.6,,,,,,,,,,,
2000000,"(x4) top 100 by a nullable Float64 key, descending","MetalEngine all, cold",1.202,1.5,Sort#3[Sort>Filter>Select>DataFrameScan],,True,0.78,11.96,top_k|numeric|memory,2000000,,,,
2000000,"(y1) group-by a String key (1000 values), sum",polars in-memory,5.502,64.4,,,,,,,,,,,
2000000,"(y1) group-by a String key (1000 values), sum",polars streaming,1.979,21.5,,,,,,,,,,,
2000000,"(y1) group-by a String key (1000 values), sum","MetalEngine all, cold",3.384,3.9,GroupBy#1[GroupBy>DataFrameScan],,True,0.58,1.63,group_by:sum|string|memory,2000000,,1000,,
2000000,(y2) filter by a String equality,polars in-memory,0.846,1.0,,,,,,,,,,,
2000000,(y2) filter by a String equality,polars streaming,0.258,1.6,,,,,,,,,,,
2000000,(y2) filter by a String equality,"MetalEngine all, cold",1.339,1.5,Filter#2[Filter>DataFrameScan],,True,0.19,0.63,rowwise|string|memory,2000000,,,,
2000000,"(y3) filter by a String prefix, then sum",polars in-memory,6.711,7.0,,,,,,,,,,,
2000000,"(y3) filter by a String prefix, then sum",polars streaming,0.846,8.8,,,,,,,,,,,
2000000,"(y3) filter by a String prefix, then sum","MetalEngine all, cold",1.419,1.2,Select#2[Select>SimpleProjection>Filter>DataFrameScan],,True,0.60,4.73,aggregate:sum|string|memory,2000000,,,,
2000000,(y4) inner join on a String key,polars in-memory,3.833,44.9,,,,,,,,,,,
2000000,(y4) inner join on a String key,polars streaming,2.960,32.4,,,,,,,,,,,
2000000,(y4) inner join on a String key,"MetalEngine all, cold",8.266,8.9,Join#3[Join>DataFrameScan>DataFrameScan],,True,0.36,0.46,join:inner|string|memory,2000500,,,,
2000000,"(y5) unique over (String, int32), keep first",polars in-memory,15.085,154.8,,,,,,,,,,,
2000000,"(y5) unique over (String, int32), keep first",polars streaming,11.498,129.2,,,,,,,,,,,
2000000,"(y5) unique over (String, int32), keep first","MetalEngine all, cold",8.496,8.8,Distinct#2[Distinct>DataFrameScan],,True,1.35,1.78,distinct|string|memory,2000000,,,,
2000000,(y6) top 100 by an int64 key with a String column,polars in-memory,13.939,14.1,,,,,,,,,,,
2000000,(y6) top 100 by an int64 key with a String column,polars streaming,0.977,8.6,,,,,,,,,,,
2000000,(y6) top 100 by an int64 key with a String column,"MetalEngine all, cold",4.027,3.6,Sort#3[Sort>Filter>DataFrameScan],,True,0.24,3.46,top_k|string|memory,2000000,,,,
2000000,"(g1sum200) group-by grid, 1 key, 200 groups, sum",polars in-memory,1.499,14.5,,,,,,,,,,,
2000000,"(g1sum200) group-by grid, 1 key, 200 groups, sum",polars streaming,1.092,11.5,,,,,,,,,,,
2000000,"(g1sum200) group-by grid, 1 key, 200 groups, sum","MetalEngine all, cold",3.225,2.3,GroupBy#1[GroupBy>DataFrameScan],,True,0.34,0.46,group_by:sum|numeric|memory,2000000,,200,,
2000000,"(g2sum200) group-by grid, 2 keys, 200 groups, sum",polars in-memory,1.810,20.0,,,,,,,,,,,
2000000,"(g2sum200) group-by grid, 2 keys, 200 groups, sum",polars streaming,1.318,14.7,,,,,,,,,,,
2000000,"(g2sum200) group-by grid, 2 keys, 200 groups, sum","MetalEngine all, cold",2.134,2.6,GroupBy#1[GroupBy>DataFrameScan],,True,0.62,0.85,group_by_multi:sum|numeric|memory,2000000,,200,,
2000000,"(g1count200) group-by grid, 1 key, 200 groups, count",polars in-memory,3.113,35.0,,,,,,,,,,,
2000000,"(g1count200) group-by grid, 1 key, 200 groups, count",polars streaming,1.025,10.9,,,,,,,,,,,
2000000,"(g1count200) group-by grid, 1 key, 200 groups, count","MetalEngine all, cold",2.656,2.1,GroupBy#1[GroupBy>DataFrameScan],,True,0.39,1.17,group_by:count|numeric|memory,2000000,,200,,
2000000,"(g2count200) group-by grid, 2 keys, 200 groups, count",polars in-memory,1.704,19.3,,,,,,,,,,,
2000000,"(g2count200) group-by grid, 2 keys, 200 groups, count",polars streaming,1.381,14.8,,,,,,,,,,,
2000000,"(g2count200) group-by grid, 2 keys, 200 groups, count","MetalEngine all, cold",2.304,2.4,GroupBy#1[GroupBy>DataFrameScan],,True,0.60,0.74,group_by_multi:count|numeric|memory,2000000,,200,,
2000000,"(g1mean200) group-by grid, 1 key, 200 groups, mean",polars in-memory,1.408,16.0,,,,,,,,,,,
2000000,"(g1mean200) group-by grid, 1 key, 200 groups, mean",polars streaming,1.144,12.4,,,,,,,,,,,
2000000,"(g1mean200) group-by grid, 1 key, 200 groups, mean","MetalEngine all, cold",3.384,2.5,GroupBy#1[GroupBy>DataFrameScan],,True,0.34,0.42,group_by:mean|numeric|memory,2000000,,200,,
2000000,"(g2mean200) group-by grid, 2 keys, 200 groups, mean",polars in-memory,1.723,19.7,,,,,,,,,,,
2000000,"(g2mean200) group-by grid, 2 keys, 200 groups, mean",polars streaming,1.487,15.7,,,,,,,,,,,
2000000,"(g2mean200) group-by grid, 2 keys, 200 groups, mean","MetalEngine all, cold",2.791,2.8,GroupBy#1[GroupBy>DataFrameScan],,True,0.53,0.62,group_by_multi:mean|numeric|memory,2000000,,200,,
2000000,"(g1minmax200) group-by grid, 1 key, 200 groups, min + max",polars in-memory,1.643,16.2,,,,,,,,,,,
2000000,"(g1minmax200) group-by grid, 1 key, 200 groups, min + max",polars streaming,1.253,12.7,,,,,,,,,,,
2000000,"(g1minmax200) group-by grid, 1 key, 200 groups, min + max","MetalEngine all, cold",1.998,2.0,GroupBy#1[GroupBy>DataFrameScan],,True,0.63,0.82,group_by:minmax|numeric|memory,2000000,,200,,
2000000,"(g2minmax200) group-by grid, 2 keys, 200 groups, min + max",polars in-memory,1.961,22.2,,,,,,,,,,,
2000000,"(g2minmax200) group-by grid, 2 keys, 200 groups, min + max",polars streaming,1.579,17.2,,,,,,,,,,,
2000000,"(g2minmax200) group-by grid, 2 keys, 200 groups, min + max","MetalEngine all, cold",2.347,2.6,GroupBy#1[GroupBy>DataFrameScan],,True,0.67,0.84,group_by_multi:minmax|numeric|memory,2000000,,200,,
2000000,"(g1fsum200) group-by grid, 1 key, 200 groups, Float64 sum",polars in-memory,1.516,14.9,,,,,,,,,,,
2000000,"(g1fsum200) group-by grid, 1 key, 200 groups, Float64 sum",polars streaming,1.108,11.8,,,,,,,,,,,
2000000,"(g1fsum200) group-by grid, 1 key, 200 groups, Float64 sum","MetalEngine all, cold",1.757,2.0,GroupBy#1[GroupBy>DataFrameScan],,True,0.63,0.86,group_by:sum|numeric|memory,2000000,,200,,
2000000,"(g2fsum200) group-by grid, 2 keys, 200 groups, Float64 sum",polars in-memory,1.728,19.7,,,,,,,,,,,
2000000,"(g2fsum200) group-by grid, 2 keys, 200 groups, Float64 sum",polars streaming,1.561,15.6,,,,,,,,,,,
2000000,"(g2fsum200) group-by grid, 2 keys, 200 groups, Float64 sum","MetalEngine all, cold",3.513,2.8,GroupBy#1[GroupBy>DataFrameScan],,True,0.44,0.49,group_by_multi:sum|numeric|memory,2000000,,200,,
2000000,"(g1sum1k) group-by grid, 1 key, 1 000 groups, sum",polars in-memory,3.620,44.2,,,,,,,,,,,
2000000,"(g1sum1k) group-by grid, 1 key, 1 000 groups, sum",polars streaming,1.361,14.6,,,,,,,,,,,
2000000,"(g1sum1k) group-by grid, 1 key, 1 000 groups, sum","MetalEngine all, cold",1.923,2.2,GroupBy#1[GroupBy>DataFrameScan],,True,0.71,1.88,group_by:sum|numeric|memory,2000000,,1000,,
2000000,"(g2sum1k) group-by grid, 2 keys, 1 000 groups, sum",polars in-memory,5.580,65.7,,,,,,,,,,,
2000000,"(g2sum1k) group-by grid, 2 keys, 1 000 groups, sum",polars streaming,1.723,17.8,,,,,,,,,,,
2000000,"(g2sum1k) group-by grid, 2 keys, 1 000 groups, sum","MetalEngine all, cold",3.439,2.9,GroupBy#1[GroupBy>DataFrameScan],,True,0.50,1.62,group_by_multi:sum|numeric|memory,2000000,,1000,,
2000000,"(g1count1k) group-by grid, 1 key, 1 000 groups, count",polars in-memory,3.086,35.3,,,,,,,,,,,
2000000,"(g1count1k) group-by grid, 1 key, 1 000 groups, count",polars streaming,1.233,12.8,,,,,,,,,,,
2000000,"(g1count1k) group-by grid, 1 key, 1 000 groups, count","MetalEngine all, cold",2.757,2.1,GroupBy#1[GroupBy>DataFrameScan],,True,0.45,1.12,group_by:count|numeric|memory,2000000,,1000,,
2000000,"(g2count1k) group-by grid, 2 keys, 1 000 groups, count",polars in-memory,4.871,58.8,,,,,,,,,,,
2000000,"(g2count1k) group-by grid, 2 keys, 1 000 groups, count",polars streaming,1.695,18.3,,,,,,,,,,,
2000000,"(g2count1k) group-by grid, 2 keys, 1 000 groups, count","MetalEngine all, cold",3.230,2.7,GroupBy#1[GroupBy>DataFrameScan],,True,0.52,1.51,group_by_multi:count|numeric|memory,2000000,,1000,,
2000000,"(g1mean1k) group-by grid, 1 key, 1 000 groups, mean",polars in-memory,4.034,50.3,,,,,,,,,,,
2000000,"(g1mean1k) group-by grid, 1 key, 1 000 groups, mean",polars streaming,1.350,13.9,,,,,,,,,,,
2000000,"(g1mean1k) group-by grid, 1 key, 1 000 groups, mean","MetalEngine all, cold",1.796,2.2,GroupBy#1[GroupBy>DataFrameScan],,True,0.75,2.25,group_by:mean|numeric|memory,2000000,,1000,,
2000000,"(g2mean1k) group-by grid, 2 keys, 1 000 groups, mean",polars in-memory,5.956,73.2,,,,,,,,,,,
2000000,"(g2mean1k) group-by grid, 2 keys, 1 000 groups, mean",polars streaming,1.772,19.3,,,,,,,,,,,
2000000,"(g2mean1k) group-by grid, 2 keys, 1 000 groups, mean","MetalEngine all, cold",3.956,3.2,GroupBy#1[GroupBy>DataFrameScan],,True,0.45,1.51,group_by_multi:mean|numeric|memory,2000000,,1000,,
2000000,"(g1minmax1k) group-by grid, 1 key, 1 000 groups, min + max",polars in-memory,3.521,43.8,,,,,,,,,,,
2000000,"(g1minmax1k) group-by grid, 1 key, 1 000 groups, min + max",polars streaming,1.536,16.6,,,,,,,,,,,
2000000,"(g1minmax1k) group-by grid, 1 key, 1 000 groups, min + max","MetalEngine all, cold",1.788,2.1,GroupBy#1[GroupBy>DataFrameScan],,True,0.86,1.97,group_by:minmax|numeric|memory,2000000,,1000,,
2000000,"(g2minmax1k) group-by grid, 2 keys, 1 000 groups, min + max",polars in-memory,5.881,68.7,,,,,,,,,,,
2000000,"(g2minmax1k) group-by grid, 2 keys, 1 000 groups, min + max",polars streaming,1.892,20.4,,,,,,,,,,,
2000000,"(g2minmax1k) group-by grid, 2 keys, 1 000 groups, min + max","MetalEngine all, cold",3.313,2.7,GroupBy#1[GroupBy>DataFrameScan],,True,0.57,1.78,group_by_multi:minmax|numeric|memory,2000000,,1000,,
2000000,"(g1fsum1k) group-by grid, 1 key, 1 000 groups, Float64 sum",polars in-memory,4.016,49.7,,,,,,,,,,,
2000000,"(g1fsum1k) group-by grid, 1 key, 1 000 groups, Float64 sum",polars streaming,1.334,13.2,,,,,,,,,,,
2000000,"(g1fsum1k) group-by grid, 1 key, 1 000 groups, Float64 sum","MetalEngine all, cold",1.766,2.0,GroupBy#1[GroupBy>DataFrameScan],,True,0.76,2.27,group_by:sum|numeric|memory,2000000,,1000,,
2000000,"(g2fsum1k) group-by grid, 2 keys, 1 000 groups, Float64 sum",polars in-memory,5.801,73.6,,,,,,,,,,,
2000000,"(g2fsum1k) group-by grid, 2 keys, 1 000 groups, Float64 sum",polars streaming,1.766,19.0,,,,,,,,,,,
2000000,"(g2fsum1k) group-by grid, 2 keys, 1 000 groups, Float64 sum","MetalEngine all, cold",2.153,2.5,GroupBy#1[GroupBy>DataFrameScan],,True,0.82,2.70,group_by_multi:sum|numeric|memory,2000000,,1000,,
2000000,"(g1sum10k) group-by grid, 1 key, 10 000 groups, sum",polars in-memory,4.118,48.4,,,,,,,,,,,
2000000,"(g1sum10k) group-by grid, 1 key, 10 000 groups, sum",polars streaming,3.011,35.1,,,,,,,,,,,
2000000,"(g1sum10k) group-by grid, 1 key, 10 000 groups, sum","MetalEngine all, cold",2.937,2.3,GroupBy#1[GroupBy>DataFrameScan],,True,1.03,1.40,group_by:sum|numeric|memory,2000000,,10000,,
2000000,"(g2sum10k) group-by grid, 2 keys, 10 000 groups, sum",polars in-memory,6.097,70.9,,,,,,,,,,,
2000000,"(g2sum10k) group-by grid, 2 keys, 10 000 groups, sum",polars streaming,4.612,52.1,,,,,,,,,,,
2000000,"(g2sum10k) group-by grid, 2 keys, 10 000 groups, sum","MetalEngine all, cold",2.944,3.1,GroupBy#1[GroupBy>DataFrameScan],,True,1.57,2.07,group_by_multi:sum|numeric|memory,2000000,,10000,,
2000000,"(g1count10k) group-by grid, 1 key, 10 000 groups, count",polars in-memory,3.286,38.8,,,,,,,,,,,
2000000,"(g1count10k) group-by grid, 1 key, 10 000 groups, count",polars streaming,2.825,32.2,,,,,,,,,,,
2000000,"(g1count10k) group-by grid, 1 key, 10 000 groups, count","MetalEngine all, cold",2.182,2.1,GroupBy#1[GroupBy>DataFrameScan],,True,1.29,1.51,group_by:count|numeric|memory,2000000,,10000,,
2000000,"(g2count10k) group-by grid, 2 keys, 10 000 groups, count",polars in-memory,5.574,63.7,,,,,,,,,,,
2000000,"(g2count10k) group-by grid, 2 keys, 10 000 groups, count",polars streaming,4.264,51.1,,,,,,,,,,,
2000000,"(g2count10k) group-by grid, 2 keys, 10 000 groups, count","MetalEngine all, cold",2.513,2.6,GroupBy#1[GroupBy>DataFrameScan],,True,1.70,2.22,group_by_multi:count|numeric|memory,2000000,,10000,,
2000000,"(g1mean10k) group-by grid, 1 key, 10 000 groups, mean",polars in-memory,4.222,52.3,,,,,,,,,,,
2000000,"(g1mean10k) group-by grid, 1 key, 10 000 groups, mean",polars streaming,3.194,35.8,,,,,,,,,,,
2000000,"(g1mean10k) group-by grid, 1 key, 10 000 groups, mean","MetalEngine all, cold",3.121,2.6,GroupBy#1[GroupBy>DataFrameScan],,True,1.02,1.35,group_by:mean|numeric|memory,2000000,,10000,,
2000000,"(g2mean10k) group-by grid, 2 keys, 10 000 groups, mean",polars in-memory,6.430,74.8,,,,,,,,,,,
2000000,"(g2mean10k) group-by grid, 2 keys, 10 000 groups, mean",polars streaming,4.772,53.7,,,,,,,,,,,
2000000,"(g2mean10k) group-by grid, 2 keys, 10 000 groups, mean","MetalEngine all, cold",2.924,3.1,GroupBy#1[GroupBy>DataFrameScan],,True,1.63,2.20,group_by_multi:mean|numeric|memory,2000000,,10000,,
2000000,"(g1minmax10k) group-by grid, 1 key, 10 000 groups, min + max",polars in-memory,4.183,51.3,,,,,,,,,,,
2000000,"(g1minmax10k) group-by grid, 1 key, 10 000 groups, min + max",polars streaming,3.673,40.2,,,,,,,,,,,
2000000,"(g1minmax10k) group-by grid, 1 key, 10 000 groups, min + max","MetalEngine all, cold",3.227,2.1,GroupBy#1[GroupBy>DataFrameScan],,True,1.14,1.30,group_by:minmax|numeric|memory,2000000,,10000,,
2000000,"(g2minmax10k) group-by grid, 2 keys, 10 000 groups, min + max",polars in-memory,6.062,75.0,,,,,,,,,,,
2000000,"(g2minmax10k) group-by grid, 2 keys, 10 000 groups, min + max",polars streaming,5.001,58.4,,,,,,,,,,,
2000000,"(g2minmax10k) group-by grid, 2 keys, 10 000 groups, min + max","MetalEngine all, cold",2.418,2.5,GroupBy#1[GroupBy>DataFrameScan],,True,2.07,2.51,group_by_multi:minmax|numeric|memory,2000000,,10000,,
2000000,"(g1fsum10k) group-by grid, 1 key, 10 000 groups, Float64 sum",polars in-memory,4.456,55.7,,,,,,,,,,,
2000000,"(g1fsum10k) group-by grid, 1 key, 10 000 groups, Float64 sum",polars streaming,2.947,34.7,,,,,,,,,,,
2000000,"(g1fsum10k) group-by grid, 1 key, 10 000 groups, Float64 sum","MetalEngine all, cold",1.863,2.0,GroupBy#1[GroupBy>DataFrameScan],,True,1.58,2.39,group_by:sum|numeric|memory,2000000,,10000,,
2000000,"(g2fsum10k) group-by grid, 2 keys, 10 000 groups, Float64 sum",polars in-memory,6.557,80.1,,,,,,,,,,,
2000000,"(g2fsum10k) group-by grid, 2 keys, 10 000 groups, Float64 sum",polars streaming,4.386,52.6,,,,,,,,,,,
2000000,"(g2fsum10k) group-by grid, 2 keys, 10 000 groups, Float64 sum","MetalEngine all, cold",3.046,2.7,GroupBy#1[GroupBy>DataFrameScan],,True,1.44,2.15,group_by_multi:sum|numeric|memory,2000000,,10000,,
2000000,"(g1sum100k) group-by grid, 1 key, 100 000 groups, sum",polars in-memory,5.162,62.9,,,,,,,,,,,
2000000,"(g1sum100k) group-by grid, 1 key, 100 000 groups, sum",polars streaming,2.776,29.9,,,,,,,,,,,
2000000,"(g1sum100k) group-by grid, 1 key, 100 000 groups, sum","MetalEngine all, cold",2.967,2.6,GroupBy#1[GroupBy>DataFrameScan],,True,0.94,1.74,group_by:sum|numeric|memory,2000000,,100000,,
2000000,"(g2sum100k) group-by grid, 2 keys, 100 000 groups, sum",polars in-memory,7.702,89.4,,,,,,,,,,,
2000000,"(g2sum100k) group-by grid, 2 keys, 100 000 groups, sum",polars streaming,5.026,56.4,,,,,,,,,,,
2000000,"(g2sum100k) group-by grid, 2 keys, 100 000 groups, sum","MetalEngine all, cold",2.951,3.1,GroupBy#1[GroupBy>DataFrameScan],,True,1.70,2.61,group_by_multi:sum|numeric|memory,2000000,,100000,,
2000000,"(g1count100k) group-by grid, 1 key, 100 000 groups, count",polars in-memory,4.335,52.1,,,,,,,,,,,
2000000,"(g1count100k) group-by grid, 1 key, 100 000 groups, count",polars streaming,2.472,27.8,,,,,,,,,,,
2000000,"(g1count100k) group-by grid, 1 key, 100 000 groups, count","MetalEngine all, cold",2.684,2.3,GroupBy#1[GroupBy>DataFrameScan],,True,0.92,1.62,group_by:count|numeric|memory,2000000,,100000,,
2000000,"(g2count100k) group-by grid, 2 keys, 100 000 groups, count",polars in-memory,6.926,79.6,,,,,,,,,,,
2000000,"(g2count100k) group-by grid, 2 keys, 100 000 groups, count",polars streaming,4.640,51.9,,,,,,,,,,,
2000000,"(g2count100k) group-by grid, 2 keys, 100 000 groups, count","MetalEngine all, cold",3.018,3.0,GroupBy#1[GroupBy>DataFrameScan],,True,1.54,2.29,group_by_multi:count|numeric|memory,2000000,,100000,,
2000000,"(g1mean100k) group-by grid, 1 key, 100 000 groups, mean",polars in-memory,4.821,61.4,,,,,,,,,,,
2000000,"(g1mean100k) group-by grid, 1 key, 100 000 groups, mean",polars streaming,2.895,30.9,,,,,,,,,,,
2000000,"(g1mean100k) group-by grid, 1 key, 100 000 groups, mean","MetalEngine all, cold",1.821,2.2,GroupBy#1[GroupBy>DataFrameScan],,True,1.59,2.65,group_by:mean|numeric|memory,2000000,,100000,,
2000000,"(g2mean100k) group-by grid, 2 keys, 100 000 groups, mean",polars in-memory,7.658,90.1,,,,,,,,,,,
2000000,"(g2mean100k) group-by grid, 2 keys, 100 000 groups, mean",polars streaming,5.100,56.4,,,,,,,,,,,
2000000,"(g2mean100k) group-by grid, 2 keys, 100 000 groups, mean","MetalEngine all, cold",2.876,3.0,GroupBy#1[GroupBy>DataFrameScan],,True,1.77,2.66,group_by_multi:mean|numeric|memory,2000000,,100000,,
2000000,"(g1minmax100k) group-by grid, 1 key, 100 000 groups, min + max",polars in-memory,4.907,64.9,,,,,,,,,,,
2000000,"(g1minmax100k) group-by grid, 1 key, 100 000 groups, min + max",polars streaming,3.304,36.6,,,,,,,,,,,
2000000,"(g1minmax100k) group-by grid, 1 key, 100 000 groups, min + max","MetalEngine all, cold",1.894,2.0,GroupBy#1[GroupBy>DataFrameScan],,True,1.74,2.59,group_by:minmax|numeric|memory,2000000,,100000,,
2000000,"(g2minmax100k) group-by grid, 2 keys, 100 000 groups, min + max",polars in-memory,7.699,93.4,,,,,,,,,,,
2000000,"(g2minmax100k) group-by grid, 2 keys, 100 000 groups, min + max",polars streaming,5.465,60.9,,,,,,,,,,,
2000000,"(g2minmax100k) group-by grid, 2 keys, 100 000 groups, min + max","MetalEngine all, cold",2.114,2.4,GroupBy#1[GroupBy>DataFrameScan],,True,2.59,3.64,group_by_multi:minmax|numeric|memory,2000000,,100000,,
2000000,"(g1fsum100k) group-by grid, 1 key, 100 000 groups, Float64 sum",polars in-memory,5.016,65.1,,,,,,,,,,,
2000000,"(g1fsum100k) group-by grid, 1 key, 100 000 groups, Float64 sum",polars streaming,2.747,30.2,,,,,,,,,,,
2000000,"(g1fsum100k) group-by grid, 1 key, 100 000 groups, Float64 sum","MetalEngine all, cold",2.118,2.0,GroupBy#1[GroupBy>DataFrameScan],,True,1.30,2.37,group_by:sum|numeric|memory,2000000,,100000,,
2000000,"(g2fsum100k) group-by grid, 2 keys, 100 000 groups, Float64 sum",polars in-memory,8.034,94.3,,,,,,,,,,,
2000000,"(g2fsum100k) group-by grid, 2 keys, 100 000 groups, Float64 sum",polars streaming,4.944,55.7,,,,,,,,,,,
2000000,"(g2fsum100k) group-by grid, 2 keys, 100 000 groups, Float64 sum","MetalEngine all, cold",2.532,2.6,GroupBy#1[GroupBy>DataFrameScan],,True,1.95,3.17,group_by_multi:sum|numeric|memory,2000000,,100000,,
2000000,"(g1sum1M) group-by grid, 1 key, 1 000 000 groups, sum",polars in-memory,9.450,120.1,,,,,,,,,,,
2000000,"(g1sum1M) group-by grid, 1 key, 1 000 000 groups, sum",polars streaming,3.774,40.5,,,,,,,,,,,
2000000,"(g1sum1M) group-by grid, 1 key, 1 000 000 groups, sum","MetalEngine all, cold",4.332,4.2,GroupBy#1[GroupBy>DataFrameScan],,True,0.87,2.18,group_by:sum|numeric|memory,2000000,,864804,,
2000000,"(g2sum1M) group-by grid, 2 keys, 1 000 000 groups, sum",polars in-memory,14.188,175.3,,,,,,,,,,,
2000000,"(g2sum1M) group-by grid, 2 keys, 1 000 000 groups, sum",polars streaming,6.108,68.9,,,,,,,,,,,
2000000,"(g2sum1M) group-by grid, 2 keys, 1 000 000 groups, sum","MetalEngine all, cold",4.521,4.7,GroupBy#1[GroupBy>DataFrameScan],,True,1.35,3.14,group_by_multi:sum|numeric|memory,2000000,,864513,,
2000000,"(g1count1M) group-by grid, 1 key, 1 000 000 groups, count",polars in-memory,8.670,96.1,,,,,,,,,,,
2000000,"(g1count1M) group-by grid, 1 key, 1 000 000 groups, count",polars streaming,3.435,39.1,,,,,,,,,,,
2000000,"(g1count1M) group-by grid, 1 key, 1 000 000 groups, count","MetalEngine all, cold",2.471,2.8,GroupBy#1[GroupBy>DataFrameScan],,True,1.39,3.51,group_by:count|numeric|memory,2000000,,864804,,
2000000,"(g2count1M) group-by grid, 2 keys, 1 000 000 groups, count",polars in-memory,12.731,152.7,,,,,,,,,,,
2000000,"(g2count1M) group-by grid, 2 keys, 1 000 000 groups, count",polars streaming,5.658,62.0,,,,,,,,,,,
2000000,"(g2count1M) group-by grid, 2 keys, 1 000 000 groups, count","MetalEngine all, cold",4.553,3.8,GroupBy#1[GroupBy>DataFrameScan],,True,1.24,2.80,group_by_multi:count|numeric|memory,2000000,,864513,,
2000000,"(g1mean1M) group-by grid, 1 key, 1 000 000 groups, mean",polars in-memory,9.555,115.3,,,,,,,,,,,
2000000,"(g1mean1M) group-by grid, 1 key, 1 000 000 groups, mean",polars streaming,3.847,41.8,,,,,,,,,,,
2000000,"(g1mean1M) group-by grid, 1 key, 1 000 000 groups, mean","MetalEngine all, cold",3.069,3.0,GroupBy#1[GroupBy>DataFrameScan],,True,1.25,3.11,group_by:mean|numeric|memory,2000000,,864804,,
2000000,"(g2mean1M) group-by grid, 2 keys, 1 000 000 groups, mean",polars in-memory,14.364,178.2,,,,,,,,,,,
2000000,"(g2mean1M) group-by grid, 2 keys, 1 000 000 groups, mean",polars streaming,6.291,69.3,,,,,,,,,,,
2000000,"(g2mean1M) group-by grid, 2 keys, 1 000 000 groups, mean","MetalEngine all, cold",3.495,3.6,GroupBy#1[GroupBy>DataFrameScan],,True,1.80,4.11,group_by_multi:mean|numeric|memory,2000000,,864513,,
2000000,"(g1minmax1M) group-by grid, 1 key, 1 000 000 groups, min + max",polars in-memory,10.038,122.1,,,,,,,,,,,
2000000,"(g1minmax1M) group-by grid, 1 key, 1 000 000 groups, min + max",polars streaming,4.452,51.0,,,,,,,,,,,
2000000,"(g1minmax1M) group-by grid, 1 key, 1 000 000 groups, min + max","MetalEngine all, cold",2.519,2.5,GroupBy#1[GroupBy>DataFrameScan],,True,1.77,3.98,group_by:minmax|numeric|memory,2000000,,864804,,
2000000,"(g2minmax1M) group-by grid, 2 keys, 1 000 000 groups, min + max",polars in-memory,14.441,180.3,,,,,,,,,,,
2000000,"(g2minmax1M) group-by grid, 2 keys, 1 000 000 groups, min + max",polars streaming,7.002,78.3,,,,,,,,,,,
2000000,"(g2minmax1M) group-by grid, 2 keys, 1 000 000 groups, min + max","MetalEngine all, cold",2.825,2.9,GroupBy#1[GroupBy>DataFrameScan],,True,2.48,5.11,group_by_multi:minmax|numeric|memory,2000000,,864513,,
2000000,"(g1fsum1M) group-by grid, 1 key, 1 000 000 groups, Float64 sum",polars in-memory,9.258,121.3,,,,,,,,,,,
2000000,"(g1fsum1M) group-by grid, 1 key, 1 000 000 groups, Float64 sum",polars streaming,3.719,41.2,,,,,,,,,,,
2000000,"(g1fsum1M) group-by grid, 1 key, 1 000 000 groups, Float64 sum","MetalEngine all, cold",4.424,2.7,GroupBy#1[GroupBy>DataFrameScan],,True,0.84,2.09,group_by:sum|numeric|memory,2000000,,864804,,
2000000,"(g2fsum1M) group-by grid, 2 keys, 1 000 000 groups, Float64 sum",polars in-memory,14.138,172.7,,,,,,,,,,,
2000000,"(g2fsum1M) group-by grid, 2 keys, 1 000 000 groups, Float64 sum",polars streaming,6.160,68.0,,,,,,,,,,,
2000000,"(g2fsum1M) group-by grid, 2 keys, 1 000 000 groups, Float64 sum","MetalEngine all, cold",4.817,3.1,GroupBy#1[GroupBy>DataFrameScan],,True,1.28,2.94,group_by_multi:sum|numeric|memory,2000000,,864513,,
2000000,"(g1sumR2) group-by grid, 1 key, rows/2 groups, sum",polars in-memory,9.272,119.3,,,,,,,,,,,
2000000,"(g1sumR2) group-by grid, 1 key, rows/2 groups, sum",polars streaming,3.638,41.0,,,,,,,,,,,
2000000,"(g1sumR2) group-by grid, 1 key, rows/2 groups, sum","MetalEngine all, cold",4.093,4.1,GroupBy#1[GroupBy>DataFrameScan],,True,0.89,2.27,group_by:sum|numeric|memory,2000000,,864739,,
2000000,"(g2sumR2) group-by grid, 2 keys, rows/2 groups, sum",polars in-memory,14.132,176.4,,,,,,,,,,,
2000000,"(g2sumR2) group-by grid, 2 keys, rows/2 groups, sum",polars streaming,6.173,68.9,,,,,,,,,,,
2000000,"(g2sumR2) group-by grid, 2 keys, rows/2 groups, sum","MetalEngine all, cold",4.475,4.8,GroupBy#1[GroupBy>DataFrameScan],,True,1.38,3.16,group_by_multi:sum|numeric|memory,2000000,,865065,,
2000000,"(g1countR2) group-by grid, 1 key, rows/2 groups, count",polars in-memory,8.292,96.0,,,,,,,,,,,
2000000,"(g1countR2) group-by grid, 1 key, rows/2 groups, count",polars streaming,3.318,38.0,,,,,,,,,,,
2000000,"(g1countR2) group-by grid, 1 key, rows/2 groups, count","MetalEngine all, cold",2.841,2.9,GroupBy#1[GroupBy>DataFrameScan],,True,1.17,2.92,group_by:count|numeric|memory,2000000,,864739,,
2000000,"(g2countR2) group-by grid, 2 keys, rows/2 groups, count",polars in-memory,13.077,153.6,,,,,,,,,,,
2000000,"(g2countR2) group-by grid, 2 keys, rows/2 groups, count",polars streaming,5.795,64.2,,,,,,,,,,,
2000000,"(g2countR2) group-by grid, 2 keys, rows/2 groups, count","MetalEngine all, cold",3.554,3.7,GroupBy#1[GroupBy>DataFrameScan],,True,1.63,3.68,group_by_multi:count|numeric|memory,2000000,,865065,,
2000000,"(g1meanR2) group-by grid, 1 key, rows/2 groups, mean",polars in-memory,9.378,112.8,,,,,,,,,,,
2000000,"(g1meanR2) group-by grid, 1 key, rows/2 groups, mean",polars streaming,3.840,43.3,,,,,,,,,,,
2000000,"(g1meanR2) group-by grid, 1 key, rows/2 groups, mean","MetalEngine all, cold",2.732,2.8,GroupBy#1[GroupBy>DataFrameScan],,True,1.41,3.43,group_by:mean|numeric|memory,2000000,,864739,,
2000000,"(g2meanR2) group-by grid, 2 keys, rows/2 groups, mean",polars in-memory,14.051,170.8,,,,,,,,,,,
2000000,"(g2meanR2) group-by grid, 2 keys, rows/2 groups, mean",polars streaming,6.322,69.9,,,,,,,,,,,
2000000,"(g2meanR2) group-by grid, 2 keys, rows/2 groups, mean","MetalEngine all, cold",3.241,3.4,GroupBy#1[GroupBy>DataFrameScan],,True,1.95,4.34,group_by_multi:mean|numeric|memory,2000000,,865065,,
2000000,"(g1minmaxR2) group-by grid, 1 key, rows/2 groups, min + max",polars in-memory,9.883,125.5,,,,,,,,,,,
2000000,"(g1minmaxR2) group-by grid, 1 key, rows/2 groups, min + max",polars streaming,4.599,50.6,,,,,,,,,,,
2000000,"(g1minmaxR2) group-by grid, 1 key, rows/2 groups, min + max","MetalEngine all, cold",2.276,2.3,GroupBy#1[GroupBy>DataFrameScan],,True,2.02,4.34,group_by:minmax|numeric|memory,2000000,,864739,,
2000000,"(g2minmaxR2) group-by grid, 2 keys, rows/2 groups, min + max",polars in-memory,14.630,184.3,,,,,,,,,,,
2000000,"(g2minmaxR2) group-by grid, 2 keys, rows/2 groups, min + max",polars streaming,7.088,79.5,,,,,,,,,,,
2000000,"(g2minmaxR2) group-by grid, 2 keys, rows/2 groups, min + max","MetalEngine all, cold",2.908,3.0,GroupBy#1[GroupBy>DataFrameScan],,True,2.44,5.03,group_by_multi:minmax|numeric|memory,2000000,,865065,,
2000000,"(g1fsumR2) group-by grid, 1 key, rows/2 groups, Float64 sum",polars in-memory,9.621,115.8,,,,,,,,,,,
2000000,"(g1fsumR2) group-by grid, 1 key, rows/2 groups, Float64 sum",polars streaming,3.571,40.6,,,,,,,,,,,
2000000,"(g1fsumR2) group-by grid, 1 key, rows/2 groups, Float64 sum","MetalEngine all, cold",4.442,2.7,GroupBy#1[GroupBy>DataFrameScan],,True,0.80,2.17,group_by:sum|numeric|memory,2000000,,864739,,
2000000,"(g2fsumR2) group-by grid, 2 keys, rows/2 groups, Float64 sum",polars in-memory,14.492,171.9,,,,,,,,,,,
2000000,"(g2fsumR2) group-by grid, 2 keys, rows/2 groups, Float64 sum",polars streaming,6.261,65.4,,,,,,,,,,,
2000000,"(g2fsumR2) group-by grid, 2 keys, rows/2 groups, Float64 sum","MetalEngine all, cold",4.866,3.2,GroupBy#1[GroupBy>DataFrameScan],,True,1.29,2.98,group_by_multi:sum|numeric|memory,2000000,,865065,,
5000000,(a) filtered sum + count,polars in-memory,1.386,2.5,,,,,,,,,,,
5000000,(a) filtered sum + count,polars streaming,0.515,4.8,,,,,,,,,,,
5000000,(a) filtered sum + count,"MetalEngine all, cold",1.604,1.3,Select#3[Select>SimpleProjection>Filter>DataFrameScan],,True,0.32,0.86,aggregate:count+aggregate:sum|numeric|memory,5000000,,,,
5000000,(b) filter + group-by 200 keys + sort desc + limit 10,polars in-memory,4.137,28.9,,,,,,,,,,,
5000000,(b) filter + group-by 200 keys + sort desc + limit 10,polars streaming,2.229,23.2,,,,,,,,,,,
5000000,(b) filter + group-by 200 keys + sort desc + limit 10,"MetalEngine all, cold",4.609,3.6,Sort#4[Sort>Filter>GroupBy>Filter>DataFrameScan],,True,0.48,0.90,group_by:count+group_by:sum+top_k|numeric|memory,5000000,,,,
5000000,"(c) group-by (region, sub) mean + max",polars in-memory,15.550,191.2,,,,,,,,,,,
5000000,"(c) group-by (region, sub) mean + max",polars streaming,7.596,97.5,,,,,,,,,,,
5000000,"(c) group-by (region, sub) mean + max","MetalEngine all, cold",3.676,3.7,GroupBy#1[GroupBy>DataFrameScan],,True,2.07,4.23,group_by_multi:mean+group_by_multi:minmax|numeric|memory,5000000,,10000,,
5000000,(d) projection chain then filter,polars in-memory,16.555,16.6,,,,,,,,,,,
5000000,(d) projection chain then filter,polars streaming,1.794,22.7,,,,,,,,,,,
5000000,(d) projection chain then filter,"MetalEngine all, cold",4.636,1.4,Filter#2[Filter>Select>HStack>DataFrameScan],,True,0.39,3.57,rowwise|numeric|memory,5000000,,,,
5000000,(e) inner join then sum,polars in-memory,11.408,105.2,,,,,,,,,,,
5000000,(e) inner join then sum,polars streaming,4.698,61.7,,,,,,,,,,,
5000000,(e) inner join then sum,"MetalEngine all, cold",3.333,1.5,Select#3[Select>SimpleProjection>Join>DataFrameScan>DataFrameScan],,True,1.41,3.42,aggregate:sum+join:inner|numeric|memory,6000000,,,,
5000000,(f) semi join,polars in-memory,1.222,14.3,,,,,,,,,,,
5000000,(f) semi join,polars streaming,1.788,21.7,,,,,,,,,,,
5000000,(f) semi join,"MetalEngine all, cold",1.861,1.8,Join#2[Join>DataFrameScan>DataFrameScan],,True,0.66,0.66,join:semi|numeric|memory,5001000,,,,
5000000,(g) row_number over partitions,polars in-memory,40.203,275.6,,,,,,,,,,,
5000000,(g) row_number over partitions,polars streaming,31.189,409.8,,,,,,,,,,,
5000000,(g) row_number over partitions,"MetalEngine all, cold",39.553,289.7,,HStack#1: Expression Window has no ArrowMetal translation.,True,0.79,1.02,,,,,,
5000000,(h) as-of join,polars in-memory,10.491,16.5,,,,,,,,,,,
5000000,(h) as-of join,polars streaming,1.391,15.1,,,,,,,,,,,
5000000,(h) as-of join,"MetalEngine all, cold",10.515,15.5,,"Join#2: A AsOf join is not translated (inner, left, semi and anti are taken).",True,0.13,1.00,,,,,,
5000000,"(i) group-by 1 key, 100 000 groups, sum",polars in-memory,11.033,137.1,,,,,,,,,,,
5000000,"(i) group-by 1 key, 100 000 groups, sum",polars streaming,5.274,64.2,,,,,,,,,,,
5000000,"(i) group-by 1 key, 100 000 groups, sum","MetalEngine all, cold",3.034,3.1,GroupBy#1[GroupBy>DataFrameScan],,True,1.74,3.64,group_by:sum|numeric|memory,5000000,,100000,,
5000000,"(j) group-by (k1, k2), sum + count",polars in-memory,43.492,527.5,,,,,,,,,,,
5000000,"(j) group-by (k1, k2), sum + count",polars streaming,17.365,200.8,,,,,,,,,,,
5000000,"(j) group-by (k1, k2), sum + count","MetalEngine all, cold",34.037,19.8,GroupBy#1[GroupBy>DataFrameScan],,True,0.51,1.28,group_by_multi:count+group_by_multi:sum|numeric|memory,5000000,,4877339,,
5000000,"(k) group-by (String, int32), sum",polars in-memory,36.983,466.2,,,,,,,,,,,
5000000,"(k) group-by (String, int32), sum",polars streaming,15.082,175.2,,,,,,,,,,,
5000000,"(k) group-by (String, int32), sum","MetalEngine all, cold",12.229,11.0,GroupBy#1[GroupBy>DataFrameScan],,True,1.23,3.02,group_by_multi:sum|string|memory,5000000,,993344,,
5000000,"(l) group-by (region, sub), Float64 sum + mean",polars in-memory,19.873,207.0,,,,,,,,,,,
5000000,"(l) group-by (region, sub), Float64 sum + mean",polars streaming,8.027,98.8,,,,,,,,,,,
5000000,"(l) group-by (region, sub), Float64 sum + mean","MetalEngine all, cold",4.590,3.6,GroupBy#2[GroupBy>HStack>DataFrameScan],,True,1.75,4.33,group_by_multi:mean+group_by_multi:sum|numeric|memory,5000000,,10000,,
5000000,(m) sort 3 columns by an int64 key,polars in-memory,33.583,401.2,,,,,,,,,,,
5000000,(m) sort 3 columns by an int64 key,polars streaming,13.399,166.5,,,,,,,,,,,
5000000,(m) sort 3 columns by an int64 key,"MetalEngine all, cold",4.471,1.9,Sort#2[Sort>DataFrameScan],,True,3.00,7.51,sort|numeric|memory,5000000,,,,
5000000,"(n) top 100 by Float64, descending",polars in-memory,36.788,36.9,,,,,,,,,,,
5000000,"(n) top 100 by Float64, descending",polars streaming,1.461,15.9,,,,,,,,,,,
5000000,"(n) top 100 by Float64, descending","MetalEngine all, cold",3.257,2.6,Sort#3[Sort>Filter>DataFrameScan],,True,0.45,11.30,top_k|numeric|memory,5000000,,,,
5000000,"(o) sort with a String column, by an int64 key",polars in-memory,33.631,412.0,,,,,,,,,,,
5000000,"(o) sort with a String column, by an int64 key",polars streaming,17.333,211.1,,,,,,,,,,,
5000000,"(o) sort with a String column, by an int64 key","MetalEngine all, cold",22.450,19.1,Sort#2[Sort>DataFrameScan],,True,0.77,1.50,sort|string|memory,5000000,,,,
5000000,"(p) filter, then sort by (int32 asc, nullable Float64 desc)",polars in-memory,66.567,796.9,,,,,,,,,,,
5000000,"(p) filter, then sort by (int32 asc, nullable Float64 desc)",polars streaming,54.593,664.3,,,,,,,,,,,
5000000,"(p) filter, then sort by (int32 asc, nullable Float64 desc)","MetalEngine all, cold",28.235,21.0,Sort#3[Sort>HStack>Filter>DataFrameScan],,True,1.93,2.36,sort|string|memory,5000000,,,,
5000000,"(q) filter, then sort by (int32 asc, int64 desc)",polars in-memory,44.444,499.9,,,,,,,,,,,
5000000,"(q) filter, then sort by (int32 asc, int64 desc)",polars streaming,42.626,512.1,,,,,,,,,,,
5000000,"(q) filter, then sort by (int32 asc, int64 desc)","MetalEngine all, cold",6.786,3.3,Sort#3[Sort>Filter>DataFrameScan],,True,6.28,6.55,sort|numeric|memory,5000000,,,,
5000000,"(r) unique over (region, sub), keep first",polars in-memory,12.138,135.5,,,,,,,,,,,
5000000,"(r) unique over (region, sub), keep first",polars streaming,11.325,104.7,,,,,,,,,,,
5000000,"(r) unique over (region, sub), keep first","MetalEngine all, cold",4.509,3.8,Distinct#1[Distinct>DataFrameScan],,True,2.51,2.69,distinct|numeric|memory,5000000,,,,
5000000,"(r2) unique over (region, sub), keep any",polars in-memory,12.682,136.5,,,,,,,,,,,
5000000,"(r2) unique over (region, sub), keep any",polars streaming,11.302,127.6,,,,,,,,,,,
5000000,"(r2) unique over (region, sub), keep any","MetalEngine all, cold",2.539,3.1,Distinct#1[Distinct>DataFrameScan],,True,4.45,4.99,distinct|numeric|memory,5000000,,,,
5000000,(a2) filtered min + max,polars in-memory,1.451,4.0,,,,,,,,,,,
5000000,(a2) filtered min + max,polars streaming,0.497,4.2,,,,,,,,,,,
5000000,(a2) filtered min + max,"MetalEngine all, cold",2.161,1.6,Select#3[Select>SimpleProjection>Filter>DataFrameScan],,True,0.23,0.67,aggregate:minmax|numeric|memory,5000000,,,,
5000000,(a3) filtered mean,polars in-memory,1.315,2.4,,,,,,,,,,,
5000000,(a3) filtered mean,polars streaming,0.519,4.5,,,,,,,,,,,
5000000,(a3) filtered mean,"MetalEngine all, cold",2.045,1.2,Select#3[Select>SimpleProjection>Filter>DataFrameScan],,True,0.25,0.64,aggregate:mean|numeric|memory,5000000,,,,
5000000,(a4) filtered count,polars in-memory,0.970,2.5,,,,,,,,,,,
5000000,(a4) filtered count,polars streaming,0.340,2.1,,,,,,,,,,,
5000000,(a4) filtered count,"MetalEngine all, cold",0.883,1.0,Select#3[Select>DataFrameScan],,True,0.39,1.10,aggregate:sum|numeric|memory,5000000,,,,
5000000,"(t1) group-by 1 key, 200 groups, sum",polars in-memory,2.114,22.2,,,,,,,,,,,
5000000,"(t1) group-by 1 key, 200 groups, sum",polars streaming,1.928,20.5,,,,,,,,,,,
5000000,"(t1) group-by 1 key, 200 groups, sum","MetalEngine all, cold",2.596,2.4,GroupBy#1[GroupBy>DataFrameScan],,True,0.74,0.81,group_by:sum|numeric|memory,5000000,,200,,
5000000,"(t2) group-by 1 key, 200 groups, count",polars in-memory,1.983,21.3,,,,,,,,,,,
5000000,"(t2) group-by 1 key, 200 groups, count",polars streaming,1.878,17.6,,,,,,,,,,,
5000000,"(t2) group-by 1 key, 200 groups, count","MetalEngine all, cold",2.211,2.1,GroupBy#1[GroupBy>DataFrameScan],,True,0.85,0.90,group_by:count|numeric|memory,5000000,,200,,
5000000,"(t3) group-by 1 key, 200 groups, mean",polars in-memory,2.316,23.2,,,,,,,,,,,
5000000,"(t3) group-by 1 key, 200 groups, mean",polars streaming,2.127,21.9,,,,,,,,,,,
5000000,"(t3) group-by 1 key, 200 groups, mean","MetalEngine all, cold",2.744,2.7,GroupBy#1[GroupBy>DataFrameScan],,True,0.78,0.84,group_by:mean|numeric|memory,5000000,,200,,
5000000,"(t4) group-by 1 key, 200 groups, min + max",polars in-memory,2.548,27.4,,,,,,,,,,,
5000000,"(t4) group-by 1 key, 200 groups, min + max",polars streaming,2.239,27.2,,,,,,,,,,,
5000000,"(t4) group-by 1 key, 200 groups, min + max","MetalEngine all, cold",2.214,2.2,GroupBy#1[GroupBy>DataFrameScan],,True,1.01,1.15,group_by:minmax|numeric|memory,5000000,,200,,
5000000,"(t5) group-by 1 key, 100 000 groups, count",polars in-memory,8.744,108.7,,,,,,,,,,,
5000000,"(t5) group-by 1 key, 100 000 groups, count",polars streaming,5.015,53.3,,,,,,,,,,,
5000000,"(t5) group-by 1 key, 100 000 groups, count","MetalEngine all, cold",2.142,2.3,GroupBy#1[GroupBy>DataFrameScan],,True,2.34,4.08,group_by:count|numeric|memory,5000000,,100000,,
5000000,"(t6) group-by 1 key, 100 000 groups, mean",polars in-memory,10.985,144.3,,,,,,,,,,,
5000000,"(t6) group-by 1 key, 100 000 groups, mean",polars streaming,6.125,58.1,,,,,,,,,,,
5000000,"(t6) group-by 1 key, 100 000 groups, mean","MetalEngine all, cold",2.699,2.7,GroupBy#1[GroupBy>DataFrameScan],,True,2.27,4.07,group_by:mean|numeric|memory,5000000,,100000,,
5000000,"(t7) group-by 1 key, 100 000 groups, min + max",polars in-memory,11.656,164.4,,,,,,,,,,,
5000000,"(t7) group-by 1 key, 100 000 groups, min + max",polars streaming,6.963,67.8,,,,,,,,,,,
5000000,"(t7) group-by 1 key, 100 000 groups, min + max","MetalEngine all, cold",2.927,2.5,GroupBy#1[GroupBy>DataFrameScan],,True,2.38,3.98,group_by:minmax|numeric|memory,5000000,,100000,,
5000000,"(v1) group-by (region, sub), sum",polars in-memory,15.235,171.6,,,,,,,,,,,
5000000,"(v1) group-by (region, sub), sum",polars streaming,7.089,67.3,,,,,,,,,,,
5000000,"(v1) group-by (region, sub), sum","MetalEngine all, cold",3.021,3.3,GroupBy#1[GroupBy>DataFrameScan],,True,2.35,5.04,group_by_multi:sum|numeric|memory,5000000,,10000,,
5000000,"(v2) group-by (region, sub), count",polars in-memory,13.282,141.7,,,,,,,,,,,
5000000,"(v2) group-by (region, sub), count",polars streaming,6.832,64.6,,,,,,,,,,,
5000000,"(v2) group-by (region, sub), count","MetalEngine all, cold",2.381,3.0,GroupBy#1[GroupBy>DataFrameScan],,True,2.87,5.58,group_by_multi:count|numeric|memory,5000000,,10000,,
5000000,"(v3) group-by (k1, k2), mean",polars in-memory,41.111,526.5,,,,,,,,,,,
5000000,"(v3) group-by (k1, k2), mean",polars streaming,17.885,163.8,,,,,,,,,,,
5000000,"(v3) group-by (k1, k2), mean","MetalEngine all, cold",23.930,10.9,GroupBy#1[GroupBy>DataFrameScan],,True,0.75,1.72,group_by_multi:mean|numeric|memory,5000000,,4877339,,
5000000,"(v4) group-by (k1, k2), min + max",polars in-memory,41.587,532.9,,,,,,,,,,,
5000000,"(v4) group-by (k1, k2), min + max",polars streaming,19.429,177.7,,,,,,,,,,,
5000000,"(v4) group-by (k1, k2), min + max","MetalEngine all, cold",22.019,10.1,GroupBy#1[GroupBy>DataFrameScan],,True,0.88,1.89,group_by_multi:minmax|numeric|memory,5000000,,4877339,,
5000000,"(w1) inner join, 1M-row build side",polars in-memory,11.780,116.3,,,,,,,,,,,
5000000,"(w1) inner join, 1M-row build side",polars streaming,7.072,68.9,,,,,,,,,,,
5000000,"(w1) inner join, 1M-row build side","MetalEngine all, cold",2.962,1.5,Join#2[Join>DataFrameScan>DataFrameScan],,True,2.39,3.98,join:inner|numeric|memory,6000000,,,,
5000000,"(w2) left join, 1M-row build side",polars in-memory,18.039,168.4,,,,,,,,,,,
5000000,"(w2) left join, 1M-row build side",polars streaming,8.427,96.8,,,,,,,,,,,
5000000,"(w2) left join, 1M-row build side","MetalEngine all, cold",3.336,1.9,Join#2[Join>DataFrameScan>DataFrameScan],,True,2.53,5.41,join:left|numeric|memory,6000000,,,,
5000000,"(w3) semi join, 1M-row build side",polars in-memory,8.766,104.1,,,,,,,,,,,
5000000,"(w3) semi join, 1M-row build side",polars streaming,6.657,73.5,,,,,,,,,,,
5000000,"(w3) semi join, 1M-row build side","MetalEngine all, cold",3.315,2.0,Join#2[Join>DataFrameScan>DataFrameScan],,True,2.01,2.64,join:semi|numeric|memory,6000000,,,,
5000000,"(w4) anti join, 1M-row build side",polars in-memory,8.779,106.0,,,,,,,,,,,
5000000,"(w4) anti join, 1M-row build side",polars streaming,6.994,74.2,,,,,,,,,,,
5000000,"(w4) anti join, 1M-row build side","MetalEngine all, cold",3.470,2.1,Join#2[Join>DataFrameScan>DataFrameScan],,True,2.02,2.53,join:anti|numeric|memory,6000000,,,,
5000000,"(x1) unique over (k1, k2), keep first",polars in-memory,47.842,459.4,,,,,,,,,,,
5000000,"(x1) unique over (k1, k2), keep first",polars streaming,30.702,278.0,,,,,,,,,,,
5000000,"(x1) unique over (k1, k2), keep first","MetalEngine all, cold",20.440,10.9,Distinct#2[Distinct>DataFrameScan],,True,1.50,2.34,distinct|numeric|memory,5000000,,,,
5000000,"(x2) sort by a nullable Float64 key, descending",polars in-memory,46.614,550.3,,,,,,,,,,,
5000000,"(x2) sort by a nullable Float64 key, descending",polars streaming,13.834,145.0,,,,,,,,,,,
5000000,"(x2) sort by a nullable Float64 key, descending","MetalEngine all, cold",7.795,2.9,Sort#2[Sort>Select>DataFrameScan],,True,1.77,5.98,sort|numeric|memory,5000000,,,,
5000000,(x3) top 100 by an int64 key,polars in-memory,38.297,38.4,,,,,,,,,,,
5000000,(x3) top 100 by an int64 key,polars streaming,1.597,15.5,,,,,,,,,,,
5000000,(x3) top 100 by an int64 key,"MetalEngine all, cold",2.334,3.0,Sort#3[Sort>Filter>DataFrameScan],,True,0.68,16.41,top_k|numeric|memory,5000000,,,,
5000000,"(x4) top 100 by a nullable Float64 key, descending",polars in-memory,37.358,37.5,,,,,,,,,,,
5000000,"(x4) top 100 by a nullable Float64 key, descending",polars streaming,1.514,15.7,,,,,,,,,,,
5000000,"(x4) top 100 by a nullable Float64 key, descending","MetalEngine all, cold",1.892,1.9,Sort#3[Sort>Filter>Select>DataFrameScan],,True,0.80,19.75,top_k|numeric|memory,5000000,,,,
5000000,"(y1) group-by a String key (1000 values), sum",polars in-memory,13.836,161.7,,,,,,,,,,,
5000000,"(y1) group-by a String key (1000 values), sum",polars streaming,3.952,39.5,,,,,,,,,,,
5000000,"(y1) group-by a String key (1000 values), sum","MetalEngine all, cold",5.131,4.6,GroupBy#1[GroupBy>DataFrameScan],,True,0.77,2.70,group_by:sum|string|memory,5000000,,1000,,
5000000,(y2) filter by a String equality,polars in-memory,2.208,2.4,,,,,,,,,,,
5000000,(y2) filter by a String equality,polars streaming,0.428,3.4,,,,,,,,,,,
5000000,(y2) filter by a String equality,"MetalEngine all, cold",2.560,2.4,Filter#2[Filter>DataFrameScan],,True,0.17,0.86,rowwise|string|memory,5000000,,,,
5000000,"(y3) filter by a String prefix, then sum",polars in-memory,18.076,18.6,,,,,,,,,,,
5000000,"(y3) filter by a String prefix, then sum",polars streaming,1.695,21.7,,,,,,,,,,,
5000000,"(y3) filter by a String prefix, then sum","MetalEngine all, cold",2.779,1.7,Select#2[Select>SimpleProjection>Filter>DataFrameScan],,True,0.61,6.51,aggregate:sum|string|memory,5000000,,,,
5000000,(y4) inner join on a String key,polars in-memory,9.700,110.8,,,,,,,,,,,
5000000,(y4) inner join on a String key,polars streaming,6.961,67.8,,,,,,,,,,,
5000000,(y4) inner join on a String key,"MetalEngine all, cold",15.439,15.5,Join#3[Join>DataFrameScan>DataFrameScan],,True,0.45,0.63,join:inner|string|memory,5000500,,,,
5000000,"(y5) unique over (String, int32), keep first",polars in-memory,34.914,432.2,,,,,,,,,,,
5000000,"(y5) unique over (String, int32), keep first",polars streaming,28.660,263.3,,,,,,,,,,,
5000000,"(y5) unique over (String, int32), keep first","MetalEngine all, cold",11.350,10.8,Distinct#2[Distinct>DataFrameScan],,True,2.53,3.08,distinct|string|memory,5000000,,,,
5000000,(y6) top 100 by an int64 key with a String column,polars in-memory,36.561,36.7,,,,,,,,,,,
5000000,(y6) top 100 by an int64 key with a String column,polars streaming,1.649,13.7,,,,,,,,,,,
5000000,(y6) top 100 by an int64 key with a String column,"MetalEngine all, cold",3.571,3.9,Sort#3[Sort>Filter>DataFrameScan],,True,0.46,10.24,top_k|string|memory,5000000,,,,
5000000,"(g1sum200) group-by grid, 1 key, 200 groups, sum",polars in-memory,2.271,21.2,,,,,,,,,,,
5000000,"(g1sum200) group-by grid, 1 key, 200 groups, sum",polars streaming,1.869,20.4,,,,,,,,,,,
5000000,"(g1sum200) group-by grid, 1 key, 200 groups, sum","MetalEngine all, cold",2.716,2.5,GroupBy#1[GroupBy>DataFrameScan],,True,0.69,0.84,group_by:sum|numeric|memory,5000000,,200,,
5000000,"(g2sum200) group-by grid, 2 keys, 200 groups, sum",polars in-memory,3.046,33.4,,,,,,,,,,,
5000000,"(g2sum200) group-by grid, 2 keys, 200 groups, sum",polars streaming,2.569,31.1,,,,,,,,,,,
5000000,"(g2sum200) group-by grid, 2 keys, 200 groups, sum","MetalEngine all, cold",3.101,3.0,GroupBy#1[GroupBy>DataFrameScan],,True,0.83,0.98,group_by_multi:sum|numeric|memory,5000000,,200,,
5000000,"(g1count200) group-by grid, 1 key, 200 groups, count",polars in-memory,1.957,22.0,,,,,,,,,,,
5000000,"(g1count200) group-by grid, 1 key, 200 groups, count",polars streaming,1.883,21.3,,,,,,,,,,,
5000000,"(g1count200) group-by grid, 1 key, 200 groups, count","MetalEngine all, cold",1.978,2.0,GroupBy#1[GroupBy>DataFrameScan],,True,0.95,0.99,group_by:count|numeric|memory,5000000,,200,,
5000000,"(g2count200) group-by grid, 2 keys, 200 groups, count",polars in-memory,2.860,32.1,,,,,,,,,,,
5000000,"(g2count200) group-by grid, 2 keys, 200 groups, count",polars streaming,2.642,26.3,,,,,,,,,,,
5000000,"(g2count200) group-by grid, 2 keys, 200 groups, count","MetalEngine all, cold",2.478,2.7,GroupBy#1[GroupBy>DataFrameScan],,True,1.07,1.15,group_by_multi:count|numeric|memory,5000000,,200,,
5000000,"(g1mean200) group-by grid, 1 key, 200 groups, mean",polars in-memory,2.187,23.3,,,,,,,,,,,
5000000,"(g1mean200) group-by grid, 1 key, 200 groups, mean",polars streaming,2.153,23.9,,,,,,,,,,,
5000000,"(g1mean200) group-by grid, 1 key, 200 groups, mean","MetalEngine all, cold",2.760,2.5,GroupBy#1[GroupBy>DataFrameScan],,True,0.78,0.79,group_by:mean|numeric|memory,5000000,,200,,
5000000,"(g2mean200) group-by grid, 2 keys, 200 groups, mean",polars in-memory,3.021,35.3,,,,,,,,,,,
5000000,"(g2mean200) group-by grid, 2 keys, 200 groups, mean",polars streaming,2.730,30.8,,,,,,,,,,,
5000000,"(g2mean200) group-by grid, 2 keys, 200 groups, mean","MetalEngine all, cold",3.159,3.3,GroupBy#1[GroupBy>DataFrameScan],,True,0.86,0.96,group_by_multi:mean|numeric|memory,5000000,,200,,
5000000,"(g1minmax200) group-by grid, 1 key, 200 groups, min + max",polars in-memory,2.493,27.4,,,,,,,,,,,
5000000,"(g1minmax200) group-by grid, 1 key, 200 groups, min + max",polars streaming,2.442,25.9,,,,,,,,,,,
5000000,"(g1minmax200) group-by grid, 1 key, 200 groups, min + max","MetalEngine all, cold",2.232,2.2,GroupBy#1[GroupBy>DataFrameScan],,True,1.09,1.12,group_by:minmax|numeric|memory,5000000,,200,,
5000000,"(g2minmax200) group-by grid, 2 keys, 200 groups, min + max",polars in-memory,3.394,38.8,,,,,,,,,,,
5000000,"(g2minmax200) group-by grid, 2 keys, 200 groups, min + max",polars streaming,3.185,37.5,,,,,,,,,,,
5000000,"(g2minmax200) group-by grid, 2 keys, 200 groups, min + max","MetalEngine all, cold",2.848,2.8,GroupBy#1[GroupBy>DataFrameScan],,True,1.12,1.19,group_by_multi:minmax|numeric|memory,5000000,,200,,
5000000,"(g1fsum200) group-by grid, 1 key, 200 groups, Float64 sum",polars in-memory,2.104,24.0,,,,,,,,,,,
5000000,"(g1fsum200) group-by grid, 1 key, 200 groups, Float64 sum",polars streaming,1.939,19.0,,,,,,,,,,,
5000000,"(g1fsum200) group-by grid, 1 key, 200 groups, Float64 sum","MetalEngine all, cold",2.532,2.4,GroupBy#1[GroupBy>DataFrameScan],,True,0.77,0.83,group_by:sum|numeric|memory,5000000,,200,,
5000000,"(g2fsum200) group-by grid, 2 keys, 200 groups, Float64 sum",polars in-memory,2.970,31.6,,,,,,,,,,,
5000000,"(g2fsum200) group-by grid, 2 keys, 200 groups, Float64 sum",polars streaming,2.615,27.6,,,,,,,,,,,
5000000,"(g2fsum200) group-by grid, 2 keys, 200 groups, Float64 sum","MetalEngine all, cold",3.204,3.3,GroupBy#1[GroupBy>DataFrameScan],,True,0.82,0.93,group_by_multi:sum|numeric|memory,5000000,,200,,
5000000,"(g1sum1k) group-by grid, 1 key, 1 000 groups, sum",polars in-memory,8.114,113.2,,,,,,,,,,,
5000000,"(g1sum1k) group-by grid, 1 key, 1 000 groups, sum",polars streaming,2.045,25.5,,,,,,,,,,,
5000000,"(g1sum1k) group-by grid, 1 key, 1 000 groups, sum","MetalEngine all, cold",2.795,2.5,GroupBy#1[GroupBy>DataFrameScan],,True,0.73,2.90,group_by:sum|numeric|memory,5000000,,1000,,
5000000,"(g2sum1k) group-by grid, 2 keys, 1 000 groups, sum",polars in-memory,13.880,165.5,,,,,,,,,,,
5000000,"(g2sum1k) group-by grid, 2 keys, 1 000 groups, sum",polars streaming,2.987,35.4,,,,,,,,,,,
5000000,"(g2sum1k) group-by grid, 2 keys, 1 000 groups, sum","MetalEngine all, cold",3.054,3.1,GroupBy#1[GroupBy>DataFrameScan],,True,0.98,4.55,group_by_multi:sum|numeric|memory,5000000,,1000,,
5000000,"(g1count1k) group-by grid, 1 key, 1 000 groups, count",polars in-memory,6.233,83.7,,,,,,,,,,,
5000000,"(g1count1k) group-by grid, 1 key, 1 000 groups, count",polars streaming,2.036,21.3,,,,,,,,,,,
5000000,"(g1count1k) group-by grid, 1 key, 1 000 groups, count","MetalEngine all, cold",2.073,2.0,GroupBy#1[GroupBy>DataFrameScan],,True,0.98,3.01,group_by:count|numeric|memory,5000000,,1000,,
5000000,"(g2count1k) group-by grid, 2 keys, 1 000 groups, count",polars in-memory,12.028,133.9,,,,,,,,,,,
5000000,"(g2count1k) group-by grid, 2 keys, 1 000 groups, count",polars streaming,2.770,31.8,,,,,,,,,,,
5000000,"(g2count1k) group-by grid, 2 keys, 1 000 groups, count","MetalEngine all, cold",2.789,2.8,GroupBy#1[GroupBy>DataFrameScan],,True,0.99,4.31,group_by_multi:count|numeric|memory,5000000,,1000,,
5000000,"(g1mean1k) group-by grid, 1 key, 1 000 groups, mean",polars in-memory,8.470,117.1,,,,,,,,,,,
5000000,"(g1mean1k) group-by grid, 1 key, 1 000 groups, mean",polars streaming,2.297,21.2,,,,,,,,,,,
5000000,"(g1mean1k) group-by grid, 1 key, 1 000 groups, mean","MetalEngine all, cold",2.955,2.6,GroupBy#1[GroupBy>DataFrameScan],,True,0.78,2.87,group_by:mean|numeric|memory,5000000,,1000,,
5000000,"(g2mean1k) group-by grid, 2 keys, 1 000 groups, mean",polars in-memory,14.701,171.6,,,,,,,,,,,
5000000,"(g2mean1k) group-by grid, 2 keys, 1 000 groups, mean",polars streaming,3.232,30.7,,,,,,,,,,,
5000000,"(g2mean1k) group-by grid, 2 keys, 1 000 groups, mean","MetalEngine all, cold",3.483,3.4,GroupBy#1[GroupBy>DataFrameScan],,True,0.93,4.22,group_by_multi:mean|numeric|memory,5000000,,1000,,
5000000,"(g1minmax1k) group-by grid, 1 key, 1 000 groups, min + max",polars in-memory,10.371,133.2,,,,,,,,,,,
5000000,"(g1minmax1k) group-by grid, 1 key, 1 000 groups, min + max",polars streaming,2.871,27.4,,,,,,,,,,,
5000000,"(g1minmax1k) group-by grid, 1 key, 1 000 groups, min + max","MetalEngine all, cold",2.445,2.3,GroupBy#1[GroupBy>DataFrameScan],,True,1.17,4.24,group_by:minmax|numeric|memory,5000000,,1000,,
5000000,"(g2minmax1k) group-by grid, 2 keys, 1 000 groups, min + max",polars in-memory,15.424,181.5,,,,,,,,,,,
5000000,"(g2minmax1k) group-by grid, 2 keys, 1 000 groups, min + max",polars streaming,3.584,35.5,,,,,,,,,,,
5000000,"(g2minmax1k) group-by grid, 2 keys, 1 000 groups, min + max","MetalEngine all, cold",3.242,3.1,GroupBy#1[GroupBy>DataFrameScan],,True,1.11,4.76,group_by_multi:minmax|numeric|memory,5000000,,1000,,
5000000,"(g1fsum1k) group-by grid, 1 key, 1 000 groups, Float64 sum",polars in-memory,9.274,116.2,,,,,,,,,,,
5000000,"(g1fsum1k) group-by grid, 1 key, 1 000 groups, Float64 sum",polars streaming,2.159,23.0,,,,,,,,,,,
5000000,"(g1fsum1k) group-by grid, 1 key, 1 000 groups, Float64 sum","MetalEngine all, cold",2.907,2.5,GroupBy#1[GroupBy>DataFrameScan],,True,0.74,3.19,group_by:sum|numeric|memory,5000000,,1000,,
5000000,"(g2fsum1k) group-by grid, 2 keys, 1 000 groups, Float64 sum",polars in-memory,14.463,168.0,,,,,,,,,,,
5000000,"(g2fsum1k) group-by grid, 2 keys, 1 000 groups, Float64 sum",polars streaming,2.958,32.6,,,,,,,,,,,
5000000,"(g2fsum1k) group-by grid, 2 keys, 1 000 groups, Float64 sum","MetalEngine all, cold",3.408,3.3,GroupBy#1[GroupBy>DataFrameScan],,True,0.87,4.24,group_by_multi:sum|numeric|memory,5000000,,1000,,
5000000,"(g1sum10k) group-by grid, 1 key, 10 000 groups, sum",polars in-memory,8.834,120.0,,,,,,,,,,,
5000000,"(g1sum10k) group-by grid, 1 key, 10 000 groups, sum",polars streaming,4.587,46.6,,,,,,,,,,,
5000000,"(g1sum10k) group-by grid, 1 key, 10 000 groups, sum","MetalEngine all, cold",2.921,2.6,GroupBy#1[GroupBy>DataFrameScan],,True,1.57,3.02,group_by:sum|numeric|memory,5000000,,10000,,
5000000,"(g2sum10k) group-by grid, 2 keys, 10 000 groups, sum",polars in-memory,15.327,176.4,,,,,,,,,,,
5000000,"(g2sum10k) group-by grid, 2 keys, 10 000 groups, sum",polars streaming,7.110,68.3,,,,,,,,,,,
5000000,"(g2sum10k) group-by grid, 2 keys, 10 000 groups, sum","MetalEngine all, cold",2.947,3.2,GroupBy#1[GroupBy>DataFrameScan],,True,2.41,5.20,group_by_multi:sum|numeric|memory,5000000,,10000,,
5000000,"(g1count10k) group-by grid, 1 key, 10 000 groups, count",polars in-memory,7.573,86.4,,,,,,,,,,,
5000000,"(g1count10k) group-by grid, 1 key, 10 000 groups, count",polars streaming,4.310,41.2,,,,,,,,,,,
5000000,"(g1count10k) group-by grid, 1 key, 10 000 groups, count","MetalEngine all, cold",1.869,2.2,GroupBy#1[GroupBy>DataFrameScan],,True,2.31,4.05,group_by:count|numeric|memory,5000000,,10000,,
5000000,"(g2count10k) group-by grid, 2 keys, 10 000 groups, count",polars in-memory,13.077,141.0,,,,,,,,,,,
5000000,"(g2count10k) group-by grid, 2 keys, 10 000 groups, count",polars streaming,6.463,64.6,,,,,,,,,,,
5000000,"(g2count10k) group-by grid, 2 keys, 10 000 groups, count","MetalEngine all, cold",2.299,2.8,GroupBy#1[GroupBy>DataFrameScan],,True,2.81,5.69,group_by_multi:count|numeric|memory,5000000,,10000,,
5000000,"(g1mean10k) group-by grid, 1 key, 10 000 groups, mean",polars in-memory,9.631,118.7,,,,,,,,,,,
5000000,"(g1mean10k) group-by grid, 1 key, 10 000 groups, mean",polars streaming,4.863,46.8,,,,,,,,,,,
5000000,"(g1mean10k) group-by grid, 1 key, 10 000 groups, mean","MetalEngine all, cold",2.564,2.7,GroupBy#1[GroupBy>DataFrameScan],,True,1.90,3.76,group_by:mean|numeric|memory,5000000,,10000,,
5000000,"(g2mean10k) group-by grid, 2 keys, 10 000 groups, mean",polars in-memory,14.178,178.7,,,,,,,,,,,
5000000,"(g2mean10k) group-by grid, 2 keys, 10 000 groups, mean",polars streaming,6.969,67.2,,,,,,,,,,,
5000000,"(g2mean10k) group-by grid, 2 keys, 10 000 groups, mean","MetalEngine all, cold",3.279,3.5,GroupBy#1[GroupBy>DataFrameScan],,True,2.13,4.32,group_by_multi:mean|numeric|memory,5000000,,10000,,
5000000,"(g1minmax10k) group-by grid, 1 key, 10 000 groups, min + max",polars in-memory,10.534,147.1,,,,,,,,,,,
5000000,"(g1minmax10k) group-by grid, 1 key, 10 000 groups, min + max",polars streaming,5.601,69.1,,,,,,,,,,,
5000000,"(g1minmax10k) group-by grid, 1 key, 10 000 groups, min + max","MetalEngine all, cold",2.478,2.3,GroupBy#1[GroupBy>DataFrameScan],,True,2.26,4.25,group_by:minmax|numeric|memory,5000000,,10000,,
5000000,"(g2minmax10k) group-by grid, 2 keys, 10 000 groups, min + max",polars in-memory,16.028,188.8,,,,,,,,,,,
5000000,"(g2minmax10k) group-by grid, 2 keys, 10 000 groups, min + max",polars streaming,7.778,75.9,,,,,,,,,,,
5000000,"(g2minmax10k) group-by grid, 2 keys, 10 000 groups, min + max","MetalEngine all, cold",3.013,3.1,GroupBy#1[GroupBy>DataFrameScan],,True,2.58,5.32,group_by_multi:minmax|numeric|memory,5000000,,10000,,
5000000,"(g1fsum10k) group-by grid, 1 key, 10 000 groups, Float64 sum",polars in-memory,9.698,119.9,,,,,,,,,,,
5000000,"(g1fsum10k) group-by grid, 1 key, 10 000 groups, Float64 sum",polars streaming,4.544,43.7,,,,,,,,,,,
5000000,"(g1fsum10k) group-by grid, 1 key, 10 000 groups, Float64 sum","MetalEngine all, cold",3.348,3.0,GroupBy#1[GroupBy>DataFrameScan],,True,1.36,2.90,group_by:sum|numeric|memory,5000000,,10000,,
5000000,"(g2fsum10k) group-by grid, 2 keys, 10 000 groups, Float64 sum",polars in-memory,15.172,181.5,,,,,,,,,,,
5000000,"(g2fsum10k) group-by grid, 2 keys, 10 000 groups, Float64 sum",polars streaming,6.807,67.6,,,,,,,,,,,
5000000,"(g2fsum10k) group-by grid, 2 keys, 10 000 groups, Float64 sum","MetalEngine all, cold",3.484,3.3,GroupBy#1[GroupBy>DataFrameScan],,True,1.95,4.36,group_by_multi:sum|numeric|memory,5000000,,10000,,
5000000,"(g1sum100k) group-by grid, 1 key, 100 000 groups, sum",polars in-memory,10.394,140.1,,,,,,,,,,,
5000000,"(g1sum100k) group-by grid, 1 key, 100 000 groups, sum",polars streaming,5.924,54.6,,,,,,,,,,,
5000000,"(g1sum100k) group-by grid, 1 key, 100 000 groups, sum","MetalEngine all, cold",2.795,2.8,GroupBy#1[GroupBy>DataFrameScan],,True,2.12,3.72,group_by:sum|numeric|memory,5000000,,100000,,
5000000,"(g2sum100k) group-by grid, 2 keys, 100 000 groups, sum",polars in-memory,17.753,199.6,,,,,,,,,,,
5000000,"(g2sum100k) group-by grid, 2 keys, 100 000 groups, sum",polars streaming,11.593,101.2,,,,,,,,,,,
5000000,"(g2sum100k) group-by grid, 2 keys, 100 000 groups, sum","MetalEngine all, cold",3.289,3.5,GroupBy#1[GroupBy>DataFrameScan],,True,3.52,5.40,group_by_multi:sum|numeric|memory,5000000,,100000,,
5000000,"(g1count100k) group-by grid, 1 key, 100 000 groups, count",polars in-memory,8.285,107.8,,,,,,,,,,,
5000000,"(g1count100k) group-by grid, 1 key, 100 000 groups, count",polars streaming,5.165,49.4,,,,,,,,,,,
5000000,"(g1count100k) group-by grid, 1 key, 100 000 groups, count","MetalEngine all, cold",2.048,2.3,GroupBy#1[GroupBy>DataFrameScan],,True,2.52,4.05,group_by:count|numeric|memory,5000000,,100000,,
5000000,"(g2count100k) group-by grid, 2 keys, 100 000 groups, count",polars in-memory,15.082,166.0,,,,,,,,,,,
5000000,"(g2count100k) group-by grid, 2 keys, 100 000 groups, count",polars streaming,9.620,102.5,,,,,,,,,,,
5000000,"(g2count100k) group-by grid, 2 keys, 100 000 groups, count","MetalEngine all, cold",2.495,3.0,GroupBy#1[GroupBy>DataFrameScan],,True,3.86,6.05,group_by_multi:count|numeric|memory,5000000,,100000,,
5000000,"(g1mean100k) group-by grid, 1 key, 100 000 groups, mean",polars in-memory,10.295,141.1,,,,,,,,,,,
5000000,"(g1mean100k) group-by grid, 1 key, 100 000 groups, mean",polars streaming,6.078,54.9,,,,,,,,,,,
5000000,"(g1mean100k) group-by grid, 1 key, 100 000 groups, mean","MetalEngine all, cold",2.786,2.8,GroupBy#1[GroupBy>DataFrameScan],,True,2.18,3.70,group_by:mean|numeric|memory,5000000,,100000,,
5000000,"(g2mean100k) group-by grid, 2 keys, 100 000 groups, mean",polars in-memory,17.220,199.9,,,,,,,,,,,
5000000,"(g2mean100k) group-by grid, 2 keys, 100 000 groups, mean",polars streaming,10.993,123.7,,,,,,,,,,,
5000000,"(g2mean100k) group-by grid, 2 keys, 100 000 groups, mean","MetalEngine all, cold",3.262,3.6,GroupBy#1[GroupBy>DataFrameScan],,True,3.37,5.28,group_by_multi:mean|numeric|memory,5000000,,100000,,
5000000,"(g1minmax100k) group-by grid, 1 key, 100 000 groups, min + max",polars in-memory,12.584,164.6,,,,,,,,,,,
5000000,"(g1minmax100k) group-by grid, 1 key, 100 000 groups, min + max",polars streaming,6.992,64.5,,,,,,,,,,,
5000000,"(g1minmax100k) group-by grid, 1 key, 100 000 groups, min + max","MetalEngine all, cold",2.789,2.5,GroupBy#1[GroupBy>DataFrameScan],,True,2.51,4.51,group_by:minmax|numeric|memory,5000000,,100000,,
5000000,"(g2minmax100k) group-by grid, 2 keys, 100 000 groups, min + max",polars in-memory,18.678,219.1,,,,,,,,,,,
5000000,"(g2minmax100k) group-by grid, 2 keys, 100 000 groups, min + max",polars streaming,12.525,110.8,,,,,,,,,,,
5000000,"(g2minmax100k) group-by grid, 2 keys, 100 000 groups, min + max","MetalEngine all, cold",3.206,3.2,GroupBy#1[GroupBy>DataFrameScan],,True,3.91,5.83,group_by_multi:minmax|numeric|memory,5000000,,100000,,
5000000,"(g1fsum100k) group-by grid, 1 key, 100 000 groups, Float64 sum",polars in-memory,10.793,145.4,,,,,,,,,,,
5000000,"(g1fsum100k) group-by grid, 1 key, 100 000 groups, Float64 sum",polars streaming,5.996,53.4,,,,,,,,,,,
5000000,"(g1fsum100k) group-by grid, 1 key, 100 000 groups, Float64 sum","MetalEngine all, cold",3.409,2.7,GroupBy#1[GroupBy>DataFrameScan],,True,1.76,3.17,group_by:sum|numeric|memory,5000000,,100000,,
5000000,"(g2fsum100k) group-by grid, 2 keys, 100 000 groups, Float64 sum",polars in-memory,17.839,203.4,,,,,,,,,,,
5000000,"(g2fsum100k) group-by grid, 2 keys, 100 000 groups, Float64 sum",polars streaming,11.589,103.1,,,,,,,,,,,
5000000,"(g2fsum100k) group-by grid, 2 keys, 100 000 groups, Float64 sum","MetalEngine all, cold",3.758,3.3,GroupBy#1[GroupBy>DataFrameScan],,True,3.08,4.75,group_by_multi:sum|numeric|memory,5000000,,100000,,
5000000,"(g1sum1M) group-by grid, 1 key, 1 000 000 groups, sum",polars in-memory,21.994,262.9,,,,,,,,,,,
5000000,"(g1sum1M) group-by grid, 1 key, 1 000 000 groups, sum",polars streaming,7.320,66.2,,,,,,,,,,,
5000000,"(g1sum1M) group-by grid, 1 key, 1 000 000 groups, sum","MetalEngine all, cold",5.991,5.2,GroupBy#1[GroupBy>DataFrameScan],,True,1.22,3.67,group_by:sum|numeric|memory,5000000,,993237,,
5000000,"(g2sum1M) group-by grid, 2 keys, 1 000 000 groups, sum",polars in-memory,34.432,473.1,,,,,,,,,,,
5000000,"(g2sum1M) group-by grid, 2 keys, 1 000 000 groups, sum",polars streaming,12.592,142.2,,,,,,,,,,,
5000000,"(g2sum1M) group-by grid, 2 keys, 1 000 000 groups, sum","MetalEngine all, cold",6.442,6.0,GroupBy#1[GroupBy>DataFrameScan],,True,1.95,5.35,group_by_multi:sum|numeric|memory,5000000,,993213,,
5000000,"(g1count1M) group-by grid, 1 key, 1 000 000 groups, count",polars in-memory,18.211,217.8,,,,,,,,,,,
5000000,"(g1count1M) group-by grid, 1 key, 1 000 000 groups, count",polars streaming,6.558,63.3,,,,,,,,,,,
5000000,"(g1count1M) group-by grid, 1 key, 1 000 000 groups, count","MetalEngine all, cold",3.254,3.3,GroupBy#1[GroupBy>DataFrameScan],,True,2.02,5.60,group_by:count|numeric|memory,5000000,,993237,,
5000000,"(g2count1M) group-by grid, 2 keys, 1 000 000 groups, count",polars in-memory,32.164,430.6,,,,,,,,,,,
5000000,"(g2count1M) group-by grid, 2 keys, 1 000 000 groups, count",polars streaming,11.559,131.3,,,,,,,,,,,
5000000,"(g2count1M) group-by grid, 2 keys, 1 000 000 groups, count","MetalEngine all, cold",3.838,4.2,GroupBy#1[GroupBy>DataFrameScan],,True,3.01,8.38,group_by_multi:count|numeric|memory,5000000,,993213,,
5000000,"(g1mean1M) group-by grid, 1 key, 1 000 000 groups, mean",polars in-memory,19.665,262.8,,,,,,,,,,,
5000000,"(g1mean1M) group-by grid, 1 key, 1 000 000 groups, mean",polars streaming,7.627,71.6,,,,,,,,,,,
5000000,"(g1mean1M) group-by grid, 1 key, 1 000 000 groups, mean","MetalEngine all, cold",4.229,3.5,GroupBy#1[GroupBy>DataFrameScan],,True,1.80,4.65,group_by:mean|numeric|memory,5000000,,993237,,
5000000,"(g2mean1M) group-by grid, 2 keys, 1 000 000 groups, mean",polars in-memory,34.934,474.4,,,,,,,,,,,
5000000,"(g2mean1M) group-by grid, 2 keys, 1 000 000 groups, mean",polars streaming,13.877,124.3,,,,,,,,,,,
5000000,"(g2mean1M) group-by grid, 2 keys, 1 000 000 groups, mean","MetalEngine all, cold",4.838,4.4,GroupBy#1[GroupBy>DataFrameScan],,True,2.87,7.22,group_by_multi:mean|numeric|memory,5000000,,993213,,
5000000,"(g1minmax1M) group-by grid, 1 key, 1 000 000 groups, min + max",polars in-memory,22.623,295.5,,,,,,,,,,,
5000000,"(g1minmax1M) group-by grid, 1 key, 1 000 000 groups, min + max",polars streaming,8.410,92.5,,,,,,,,,,,
5000000,"(g1minmax1M) group-by grid, 1 key, 1 000 000 groups, min + max","MetalEngine all, cold",3.702,3.0,GroupBy#1[GroupBy>DataFrameScan],,True,2.27,6.11,group_by:minmax|numeric|memory,5000000,,993237,,
5000000,"(g2minmax1M) group-by grid, 2 keys, 1 000 000 groups, min + max",polars in-memory,36.656,504.0,,,,,,,,,,,
5000000,"(g2minmax1M) group-by grid, 2 keys, 1 000 000 groups, min + max",polars streaming,15.884,144.0,,,,,,,,,,,
5000000,"(g2minmax1M) group-by grid, 2 keys, 1 000 000 groups, min + max","MetalEngine all, cold",4.217,3.9,GroupBy#1[GroupBy>DataFrameScan],,True,3.77,8.69,group_by_multi:minmax|numeric|memory,5000000,,993213,,
5000000,"(g1fsum1M) group-by grid, 1 key, 1 000 000 groups, Float64 sum",polars in-memory,20.937,269.8,,,,,,,,,,,
5000000,"(g1fsum1M) group-by grid, 1 key, 1 000 000 groups, Float64 sum",polars streaming,6.571,76.6,,,,,,,,,,,
5000000,"(g1fsum1M) group-by grid, 1 key, 1 000 000 groups, Float64 sum","MetalEngine all, cold",6.282,3.2,GroupBy#1[GroupBy>DataFrameScan],,True,1.05,3.33,group_by:sum|numeric|memory,5000000,,993237,,
5000000,"(g2fsum1M) group-by grid, 2 keys, 1 000 000 groups, Float64 sum",polars in-memory,35.312,486.6,,,,,,,,,,,
5000000,"(g2fsum1M) group-by grid, 2 keys, 1 000 000 groups, Float64 sum",polars streaming,13.474,117.7,,,,,,,,,,,
5000000,"(g2fsum1M) group-by grid, 2 keys, 1 000 000 groups, Float64 sum","MetalEngine all, cold",6.841,4.1,GroupBy#1[GroupBy>DataFrameScan],,True,1.97,5.16,group_by_multi:sum|numeric|memory,5000000,,993213,,
5000000,"(g1sumR2) group-by grid, 1 key, rows/2 groups, sum",polars in-memory,29.648,389.3,,,,,,,,,,,
5000000,"(g1sumR2) group-by grid, 1 key, rows/2 groups, sum",polars streaming,8.847,82.9,,,,,,,,,,,
5000000,"(g1sumR2) group-by grid, 1 key, rows/2 groups, sum","MetalEngine all, cold",10.334,8.0,GroupBy#1[GroupBy>DataFrameScan],,True,0.86,2.87,group_by:sum|numeric|memory,5000000,,2161959,,
5000000,"(g2sumR2) group-by grid, 2 keys, rows/2 groups, sum",polars in-memory,43.518,597.4,,,,,,,,,,,
5000000,"(g2sumR2) group-by grid, 2 keys, rows/2 groups, sum",polars streaming,15.396,183.9,,,,,,,,,,,
5000000,"(g2sumR2) group-by grid, 2 keys, rows/2 groups, sum","MetalEngine all, cold",10.813,8.7,GroupBy#1[GroupBy>DataFrameScan],,True,1.42,4.02,group_by_multi:sum|numeric|memory,5000000,,2161682,,
5000000,"(g1countR2) group-by grid, 1 key, rows/2 groups, count",polars in-memory,27.967,324.9,,,,,,,,,,,
5000000,"(g1countR2) group-by grid, 1 key, rows/2 groups, count",polars streaming,7.400,87.1,,,,,,,,,,,
5000000,"(g1countR2) group-by grid, 1 key, rows/2 groups, count","MetalEngine all, cold",5.391,4.6,GroupBy#1[GroupBy>DataFrameScan],,True,1.37,5.19,group_by:count|numeric|memory,5000000,,2161959,,
5000000,"(g2countR2) group-by grid, 2 keys, rows/2 groups, count",polars in-memory,40.758,529.4,,,,,,,,,,,
5000000,"(g2countR2) group-by grid, 2 keys, rows/2 groups, count",polars streaming,15.076,163.3,,,,,,,,,,,
5000000,"(g2countR2) group-by grid, 2 keys, rows/2 groups, count","MetalEngine all, cold",5.851,5.3,GroupBy#1[GroupBy>DataFrameScan],,True,2.58,6.97,group_by_multi:count|numeric|memory,5000000,,2161682,,
5000000,"(g1meanR2) group-by grid, 1 key, rows/2 groups, mean",polars in-memory,29.301,386.1,,,,,,,,,,,
5000000,"(g1meanR2) group-by grid, 1 key, rows/2 groups, mean",polars streaming,9.312,84.4,,,,,,,,,,,
5000000,"(g1meanR2) group-by grid, 1 key, rows/2 groups, mean","MetalEngine all, cold",6.769,4.3,GroupBy#1[GroupBy>DataFrameScan],,True,1.38,4.33,group_by:mean|numeric|memory,5000000,,2161959,,
5000000,"(g2meanR2) group-by grid, 2 keys, rows/2 groups, mean",polars in-memory,42.939,577.2,,,,,,,,,,,
5000000,"(g2meanR2) group-by grid, 2 keys, rows/2 groups, mean",polars streaming,16.600,192.6,,,,,,,,,,,
5000000,"(g2meanR2) group-by grid, 2 keys, rows/2 groups, mean","MetalEngine all, cold",7.433,5.1,GroupBy#1[GroupBy>DataFrameScan],,True,2.23,5.78,group_by_multi:mean|numeric|memory,5000000,,2161682,,
5000000,"(g1minmaxR2) group-by grid, 1 key, rows/2 groups, min + max",polars in-memory,31.303,424.9,,,,,,,,,,,
5000000,"(g1minmaxR2) group-by grid, 1 key, rows/2 groups, min + max",polars streaming,12.002,107.3,,,,,,,,,,,
5000000,"(g1minmaxR2) group-by grid, 1 key, rows/2 groups, min + max","MetalEngine all, cold",5.442,3.7,GroupBy#1[GroupBy>DataFrameScan],,True,2.21,5.75,group_by:minmax|numeric|memory,5000000,,2161959,,
5000000,"(g2minmaxR2) group-by grid, 2 keys, rows/2 groups, min + max",polars in-memory,46.405,632.8,,,,,,,,,,,
5000000,"(g2minmaxR2) group-by grid, 2 keys, rows/2 groups, min + max",polars streaming,19.384,164.6,,,,,,,,,,,
5000000,"(g2minmaxR2) group-by grid, 2 keys, rows/2 groups, min + max","MetalEngine all, cold",6.046,4.6,GroupBy#1[GroupBy>DataFrameScan],,True,3.21,7.67,group_by_multi:minmax|numeric|memory,5000000,,2161682,,
5000000,"(g1fsumR2) group-by grid, 1 key, rows/2 groups, Float64 sum",polars in-memory,29.908,384.5,,,,,,,,,,,
5000000,"(g1fsumR2) group-by grid, 1 key, rows/2 groups, Float64 sum",polars streaming,8.349,90.8,,,,,,,,,,,
5000000,"(g1fsumR2) group-by grid, 1 key, rows/2 groups, Float64 sum","MetalEngine all, cold",10.780,4.0,GroupBy#1[GroupBy>DataFrameScan],,True,0.77,2.77,group_by:sum|numeric|memory,5000000,,2161959,,
5000000,"(g2fsumR2) group-by grid, 2 keys, rows/2 groups, Float64 sum",polars in-memory,44.229,590.8,,,,,,,,,,,
5000000,"(g2fsumR2) group-by grid, 2 keys, rows/2 groups, Float64 sum",polars streaming,15.832,182.8,,,,,,,,,,,
5000000,"(g2fsumR2) group-by grid, 2 keys, rows/2 groups, Float64 sum","MetalEngine all, cold",11.441,4.9,GroupBy#1[GroupBy>DataFrameScan],,True,1.38,3.87,group_by_multi:sum|numeric|memory,5000000,,2161682,,
10000000,(a) filtered sum + count,polars in-memory,2.746,5.1,,,,,,,,,,,
10000000,(a) filtered sum + count,polars streaming,0.759,8.2,,,,,,,,,,,
10000000,(a) filtered sum + count,"MetalEngine all, cold",2.421,1.6,Select#3[Select>SimpleProjection>Filter>DataFrameScan],,True,0.31,1.13,aggregate:count+aggregate:sum|numeric|memory,10000000,,,,
10000000,(b) filter + group-by 200 keys + sort desc + limit 10,polars in-memory,7.133,46.5,,,,,,,,,,,
10000000,(b) filter + group-by 200 keys + sort desc + limit 10,polars streaming,3.356,38.3,,,,,,,,,,,
10000000,(b) filter + group-by 200 keys + sort desc + limit 10,"MetalEngine all, cold",3.960,3.4,Sort#4[Sort>Filter>GroupBy>Filter>DataFrameScan],,True,0.85,1.80,group_by:count+group_by:sum+top_k|numeric|memory,10000000,,,,
10000000,"(c) group-by (region, sub) mean + max",polars in-memory,36.521,397.9,,,,,,,,,,,
10000000,"(c) group-by (region, sub) mean + max",polars streaming,11.322,143.9,,,,,,,,,,,
10000000,"(c) group-by (region, sub) mean + max","MetalEngine all, cold",5.591,4.4,GroupBy#1[GroupBy>DataFrameScan],,True,2.02,6.53,group_by_multi:mean+group_by_multi:minmax|numeric|memory,10000000,,10000,,
10000000,(d) projection chain then filter,polars in-memory,29.867,29.9,,,,,,,,,,,
10000000,(d) projection chain then filter,polars streaming,2.998,40.6,,,,,,,,,,,
10000000,(d) projection chain then filter,"MetalEngine all, cold",8.082,1.7,Filter#2[Filter>Select>HStack>DataFrameScan],,True,0.37,3.70,rowwise|numeric|memory,10000000,,,,
10000000,(e) inner join then sum,polars in-memory,20.154,206.9,,,,,,,,,,,
10000000,(e) inner join then sum,polars streaming,8.146,110.4,,,,,,,,,,,
10000000,(e) inner join then sum,"MetalEngine all, cold",5.870,1.9,Select#3[Select>SimpleProjection>Join>DataFrameScan>DataFrameScan],,True,1.39,3.43,aggregate:sum+join:inner|numeric|memory,11000000,,,,
10000000,(f) semi join,polars in-memory,2.083,23.2,,,,,,,,,,,
10000000,(f) semi join,polars streaming,3.146,40.2,,,,,,,,,,,
10000000,(f) semi join,"MetalEngine all, cold",2.900,2.1,Join#2[Join>DataFrameScan>DataFrameScan],,True,0.72,0.72,join:semi|numeric|memory,10001000,,,,
10000000,(g) row_number over partitions,polars in-memory,89.179,619.3,,,,,,,,,,,
10000000,(g) row_number over partitions,polars streaming,64.774,910.3,,,,,,,,,,,
10000000,(g) row_number over partitions,"MetalEngine all, cold",91.109,604.1,,HStack#1: Expression Window has no ArrowMetal translation.,True,0.71,0.98,,,,,,
10000000,(h) as-of join,polars in-memory,28.288,28.4,,,,,,,,,,,
10000000,(h) as-of join,polars streaming,2.196,26.5,,,,,,,,,,,
10000000,(h) as-of join,"MetalEngine all, cold",27.382,27.5,,"Join#2: A AsOf join is not translated (inner, left, semi and anti are taken).",True,0.08,1.03,,,,,,
10000000,"(i) group-by 1 key, 100 000 groups, sum",polars in-memory,22.430,275.7,,,,,,,,,,,
10000000,"(i) group-by 1 key, 100 000 groups, sum",polars streaming,9.748,117.2,,,,,,,,,,,
10000000,"(i) group-by 1 key, 100 000 groups, sum","MetalEngine all, cold",4.027,3.1,GroupBy#1[GroupBy>DataFrameScan],,True,2.42,5.57,group_by:sum|numeric|memory,10000000,,100000,,
10000000,"(j) group-by (k1, k2), sum + count",polars in-memory,93.568,1175.9,,,,,,,,,,,
10000000,"(j) group-by (k1, k2), sum + count",polars streaming,34.032,445.8,,,,,,,,,,,
10000000,"(j) group-by (k1, k2), sum + count","MetalEngine all, cold",71.391,32.1,GroupBy#1[GroupBy>DataFrameScan],,True,0.48,1.31,group_by_multi:count+group_by_multi:sum|numeric|memory,10000000,,9516514,,
10000000,"(k) group-by (String, int32), sum",polars in-memory,70.616,1010.8,,,,,,,,,,,
10000000,"(k) group-by (String, int32), sum",polars streaming,25.979,328.3,,,,,,,,,,,
10000000,"(k) group-by (String, int32), sum","MetalEngine all, cold",16.038,12.3,GroupBy#1[GroupBy>DataFrameScan],,True,1.62,4.40,group_by_multi:sum|string|memory,10000000,,999949,,
10000000,"(l) group-by (region, sub), Float64 sum + mean",polars in-memory,41.719,492.2,,,,,,,,,,,
10000000,"(l) group-by (region, sub), Float64 sum + mean",polars streaming,11.028,147.4,,,,,,,,,,,
10000000,"(l) group-by (region, sub), Float64 sum + mean","MetalEngine all, cold",7.443,4.2,GroupBy#2[GroupBy>HStack>DataFrameScan],,True,1.48,5.61,group_by_multi:mean+group_by_multi:sum|numeric|memory,10000000,,10000,,
10000000,(m) sort 3 columns by an int64 key,polars in-memory,68.840,866.5,,,,,,,,,,,
10000000,(m) sort 3 columns by an int64 key,polars streaming,26.048,333.9,,,,,,,,,,,
10000000,(m) sort 3 columns by an int64 key,"MetalEngine all, cold",9.641,2.5,Sort#2[Sort>DataFrameScan],,True,2.70,7.14,sort|numeric|memory,10000000,,,,
10000000,"(n) top 100 by Float64, descending",polars in-memory,75.142,75.4,,,,,,,,,,,
10000000,"(n) top 100 by Float64, descending",polars streaming,2.406,27.8,,,,,,,,,,,
10000000,"(n) top 100 by Float64, descending","MetalEngine all, cold",2.481,2.6,Sort#3[Sort>Filter>DataFrameScan],,True,0.97,30.29,top_k|numeric|memory,10000000,,,,
10000000,"(o) sort with a String column, by an int64 key",polars in-memory,70.626,856.5,,,,,,,,,,,
10000000,"(o) sort with a String column, by an int64 key",polars streaming,35.089,448.7,,,,,,,,,,,
10000000,"(o) sort with a String column, by an int64 key","MetalEngine all, cold",45.275,34.8,Sort#2[Sort>DataFrameScan],,True,0.78,1.56,sort|string|memory,10000000,,,,
10000000,"(p) filter, then sort by (int32 asc, nullable Float64 desc)",polars in-memory,153.706,1820.3,,,,,,,,,,,
10000000,"(p) filter, then sort by (int32 asc, nullable Float64 desc)",polars streaming,107.239,1543.1,,,,,,,,,,,
10000000,"(p) filter, then sort by (int32 asc, nullable Float64 desc)","MetalEngine all, cold",58.684,37.5,Sort#3[Sort>HStack>Filter>DataFrameScan],,True,1.83,2.62,sort|string|memory,10000000,,,,
10000000,"(q) filter, then sort by (int32 asc, int64 desc)",polars in-memory,100.289,1157.6,,,,,,,,,,,
10000000,"(q) filter, then sort by (int32 asc, int64 desc)",polars streaming,82.664,1181.9,,,,,,,,,,,
10000000,"(q) filter, then sort by (int32 asc, int64 desc)","MetalEngine all, cold",15.036,4.0,Sort#3[Sort>Filter>DataFrameScan],,True,5.50,6.67,sort|numeric|memory,10000000,,,,
10000000,"(r) unique over (region, sub), keep first",polars in-memory,25.547,288.0,,,,,,,,,,,
10000000,"(r) unique over (region, sub), keep first",polars streaming,13.068,173.2,,,,,,,,,,,
10000000,"(r) unique over (region, sub), keep first","MetalEngine all, cold",3.866,4.2,Distinct#1[Distinct>DataFrameScan],,True,3.38,6.61,distinct|numeric|memory,10000000,,,,
10000000,"(r2) unique over (region, sub), keep any",polars in-memory,26.317,297.5,,,,,,,,,,,
10000000,"(r2) unique over (region, sub), keep any",polars streaming,13.085,175.9,,,,,,,,,,,
10000000,"(r2) unique over (region, sub), keep any","MetalEngine all, cold",3.788,4.1,Distinct#1[Distinct>DataFrameScan],,True,3.45,6.95,distinct|numeric|memory,10000000,,,,
10000000,(a2) filtered min + max,polars in-memory,2.831,6.8,,,,,,,,,,,
10000000,(a2) filtered min + max,polars streaming,0.860,9.6,,,,,,,,,,,
10000000,(a2) filtered min + max,"MetalEngine all, cold",2.512,2.0,Select#3[Select>SimpleProjection>Filter>DataFrameScan],,True,0.34,1.13,aggregate:minmax|numeric|memory,10000000,,,,
10000000,(a3) filtered mean,polars in-memory,2.698,4.6,,,,,,,,,,,
10000000,(a3) filtered mean,polars streaming,0.851,9.4,,,,,,,,,,,
10000000,(a3) filtered mean,"MetalEngine all, cold",3.399,1.7,Select#3[Select>SimpleProjection>Filter>DataFrameScan],,True,0.25,0.79,aggregate:mean|numeric|memory,10000000,,,,
10000000,(a4) filtered count,polars in-memory,1.827,3.3,,,,,,,,,,,
10000000,(a4) filtered count,polars streaming,0.601,6.1,,,,,,,,,,,
10000000,(a4) filtered count,"MetalEngine all, cold",1.281,1.3,Select#3[Select>DataFrameScan],,True,0.47,1.43,aggregate:sum|numeric|memory,10000000,,,,
10000000,"(t1) group-by 1 key, 200 groups, sum",polars in-memory,3.226,40.4,,,,,,,,,,,
10000000,"(t1) group-by 1 key, 200 groups, sum",polars streaming,2.972,38.9,,,,,,,,,,,
10000000,"(t1) group-by 1 key, 200 groups, sum","MetalEngine all, cold",3.566,3.0,GroupBy#1[GroupBy>DataFrameScan],,True,0.83,0.90,group_by:sum|numeric|memory,10000000,,200,,
10000000,"(t2) group-by 1 key, 200 groups, count",polars in-memory,2.962,37.2,,,,,,,,,,,
10000000,"(t2) group-by 1 key, 200 groups, count",polars streaming,2.721,36.5,,,,,,,,,,,
10000000,"(t2) group-by 1 key, 200 groups, count","MetalEngine all, cold",2.702,2.4,GroupBy#1[GroupBy>DataFrameScan],,True,1.01,1.10,group_by:count|numeric|memory,10000000,,200,,
10000000,"(t3) group-by 1 key, 200 groups, mean",polars in-memory,3.267,42.8,,,,,,,,,,,
10000000,"(t3) group-by 1 key, 200 groups, mean",polars streaming,3.081,40.1,,,,,,,,,,,
10000000,"(t3) group-by 1 key, 200 groups, mean","MetalEngine all, cold",3.592,3.1,GroupBy#1[GroupBy>DataFrameScan],,True,0.86,0.91,group_by:mean|numeric|memory,10000000,,200,,
10000000,"(t4) group-by 1 key, 200 groups, min + max",polars in-memory,3.872,51.2,,,,,,,,,,,
10000000,"(t4) group-by 1 key, 200 groups, min + max",polars streaming,3.683,49.4,,,,,,,,,,,
10000000,"(t4) group-by 1 key, 200 groups, min + max","MetalEngine all, cold",3.267,2.8,GroupBy#1[GroupBy>DataFrameScan],,True,1.13,1.19,group_by:minmax|numeric|memory,10000000,,200,,
10000000,"(t5) group-by 1 key, 100 000 groups, count",polars in-memory,16.807,198.8,,,,,,,,,,,
10000000,"(t5) group-by 1 key, 100 000 groups, count",polars streaming,8.371,100.2,,,,,,,,,,,
10000000,"(t5) group-by 1 key, 100 000 groups, count","MetalEngine all, cold",2.970,2.6,GroupBy#1[GroupBy>DataFrameScan],,True,2.82,5.66,group_by:count|numeric|memory,10000000,,100000,,
10000000,"(t6) group-by 1 key, 100 000 groups, mean",polars in-memory,21.468,277.1,,,,,,,,,,,
10000000,"(t6) group-by 1 key, 100 000 groups, mean",polars streaming,9.894,122.6,,,,,,,,,,,
10000000,"(t6) group-by 1 key, 100 000 groups, mean","MetalEngine all, cold",4.133,3.2,GroupBy#1[GroupBy>DataFrameScan],,True,2.39,5.19,group_by:mean|numeric|memory,10000000,,100000,,
10000000,"(t7) group-by 1 key, 100 000 groups, min + max",polars in-memory,24.564,323.6,,,,,,,,,,,
10000000,"(t7) group-by 1 key, 100 000 groups, min + max",polars streaming,11.532,138.6,,,,,,,,,,,
10000000,"(t7) group-by 1 key, 100 000 groups, min + max","MetalEngine all, cold",4.306,2.9,GroupBy#1[GroupBy>DataFrameScan],,True,2.68,5.71,group_by:minmax|numeric|memory,10000000,,100000,,
10000000,"(v1) group-by (region, sub), sum",polars in-memory,32.662,385.5,,,,,,,,,,,
10000000,"(v1) group-by (region, sub), sum",polars streaming,9.389,129.0,,,,,,,,,,,
10000000,"(v1) group-by (region, sub), sum","MetalEngine all, cold",4.455,4.0,GroupBy#1[GroupBy>DataFrameScan],,True,2.11,7.33,group_by_multi:sum|numeric|memory,10000000,,10000,,
10000000,"(v2) group-by (region, sub), count",polars in-memory,26.778,327.2,,,,,,,,,,,
10000000,"(v2) group-by (region, sub), count",polars streaming,9.026,119.2,,,,,,,,,,,
10000000,"(v2) group-by (region, sub), count","MetalEngine all, cold",3.425,3.4,GroupBy#1[GroupBy>DataFrameScan],,True,2.64,7.82,group_by_multi:count|numeric|memory,10000000,,10000,,
10000000,"(v3) group-by (k1, k2), mean",polars in-memory,98.594,1186.3,,,,,,,,,,,
10000000,"(v3) group-by (k1, k2), mean",polars streaming,35.193,467.7,,,,,,,,,,,
10000000,"(v3) group-by (k1, k2), mean","MetalEngine all, cold",51.743,14.6,GroupBy#1[GroupBy>DataFrameScan],,True,0.68,1.91,group_by_multi:mean|numeric|memory,10000000,,9516514,,
10000000,"(v4) group-by (k1, k2), min + max",polars in-memory,103.361,1259.4,,,,,,,,,,,
10000000,"(v4) group-by (k1, k2), min + max",polars streaming,35.606,488.2,,,,,,,,,,,
10000000,"(v4) group-by (k1, k2), min + max","MetalEngine all, cold",46.994,13.8,GroupBy#1[GroupBy>DataFrameScan],,True,0.76,2.20,group_by_multi:minmax|numeric|memory,10000000,,9516514,,
10000000,"(w1) inner join, 1M-row build side",polars in-memory,19.482,207.5,,,,,,,,,,,
10000000,"(w1) inner join, 1M-row build side",polars streaming,11.162,148.2,,,,,,,,,,,
10000000,"(w1) inner join, 1M-row build side","MetalEngine all, cold",5.134,1.9,Join#2[Join>DataFrameScan>DataFrameScan],,True,2.17,3.79,join:inner|numeric|memory,11000000,,,,
10000000,"(w2) left join, 1M-row build side",polars in-memory,59.789,314.0,,,,,,,,,,,
10000000,"(w2) left join, 1M-row build side",polars streaming,13.723,194.9,,,,,,,,,,,
10000000,"(w2) left join, 1M-row build side","MetalEngine all, cold",5.800,2.3,Join#2[Join>DataFrameScan>DataFrameScan],,True,2.37,10.31,join:left|numeric|memory,11000000,,,,
10000000,"(w3) semi join, 1M-row build side",polars in-memory,14.904,179.7,,,,,,,,,,,
10000000,"(w3) semi join, 1M-row build side",polars streaming,9.303,125.7,,,,,,,,,,,
10000000,"(w3) semi join, 1M-row build side","MetalEngine all, cold",5.591,2.5,Join#2[Join>DataFrameScan>DataFrameScan],,True,1.66,2.67,join:semi|numeric|memory,11000000,,,,
10000000,"(w4) anti join, 1M-row build side",polars in-memory,14.710,178.1,,,,,,,,,,,
10000000,"(w4) anti join, 1M-row build side",polars streaming,9.313,125.6,,,,,,,,,,,
10000000,"(w4) anti join, 1M-row build side","MetalEngine all, cold",5.677,2.6,Join#2[Join>DataFrameScan>DataFrameScan],,True,1.64,2.59,join:anti|numeric|memory,11000000,,,,
10000000,"(x1) unique over (k1, k2), keep first",polars in-memory,119.169,1149.0,,,,,,,,,,,
10000000,"(x1) unique over (k1, k2), keep first",polars streaming,56.443,802.7,,,,,,,,,,,
10000000,"(x1) unique over (k1, k2), keep first","MetalEngine all, cold",41.543,14.6,Distinct#2[Distinct>DataFrameScan],,True,1.36,2.87,distinct|numeric|memory,10000000,,,,
10000000,"(x2) sort by a nullable Float64 key, descending",polars in-memory,96.487,1148.3,,,,,,,,,,,
10000000,"(x2) sort by a nullable Float64 key, descending",polars streaming,25.844,331.7,,,,,,,,,,,
10000000,"(x2) sort by a nullable Float64 key, descending","MetalEngine all, cold",16.812,3.6,Sort#2[Sort>Select>DataFrameScan],,True,1.54,5.74,sort|numeric|memory,10000000,,,,
10000000,(x3) top 100 by an int64 key,polars in-memory,73.501,73.7,,,,,,,,,,,
10000000,(x3) top 100 by an int64 key,polars streaming,2.425,28.4,,,,,,,,,,,
10000000,(x3) top 100 by an int64 key,"MetalEngine all, cold",3.866,3.9,Sort#3[Sort>Filter>DataFrameScan],,True,0.63,19.01,top_k|numeric|memory,10000000,,,,
10000000,"(x4) top 100 by a nullable Float64 key, descending",polars in-memory,76.509,76.9,,,,,,,,,,,
10000000,"(x4) top 100 by a nullable Float64 key, descending",polars streaming,2.608,31.2,,,,,,,,,,,
10000000,"(x4) top 100 by a nullable Float64 key, descending","MetalEngine all, cold",3.006,2.5,Sort#3[Sort>Filter>Select>DataFrameScan],,True,0.87,25.45,top_k|numeric|memory,10000000,,,,
10000000,"(y1) group-by a String key (1000 values), sum",polars in-memory,29.748,357.7,,,,,,,,,,,
10000000,"(y1) group-by a String key (1000 values), sum",polars streaming,5.871,82.3,,,,,,,,,,,
10000000,"(y1) group-by a String key (1000 values), sum","MetalEngine all, cold",8.033,6.1,GroupBy#1[GroupBy>DataFrameScan],,True,0.73,3.70,group_by:sum|string|memory,10000000,,1000,,
10000000,(y2) filter by a String equality,polars in-memory,4.398,4.7,,,,,,,,,,,
10000000,(y2) filter by a String equality,polars streaming,0.736,8.2,,,,,,,,,,,
10000000,(y2) filter by a String equality,"MetalEngine all, cold",4.189,3.4,Filter#2[Filter>DataFrameScan],,True,0.18,1.05,rowwise|string|memory,10000000,,,,
10000000,"(y3) filter by a String prefix, then sum",polars in-memory,37.473,40.1,,,,,,,,,,,
10000000,"(y3) filter by a String prefix, then sum",polars streaming,3.019,42.9,,,,,,,,,,,
10000000,"(y3) filter by a String prefix, then sum","MetalEngine all, cold",3.701,2.6,Select#2[Select>SimpleProjection>Filter>DataFrameScan],,True,0.82,10.13,aggregate:sum|string|memory,10000000,,,,
10000000,(y4) inner join on a String key,polars in-memory,22.422,243.2,,,,,,,,,,,
10000000,(y4) inner join on a String key,polars streaming,11.822,167.8,,,,,,,,,,,
10000000,(y4) inner join on a String key,"MetalEngine all, cold",28.712,26.1,Join#3[Join>DataFrameScan>DataFrameScan],,True,0.41,0.78,join:inner|string|memory,10000500,,,,
10000000,"(y5) unique over (String, int32), keep first",polars in-memory,66.962,904.5,,,,,,,,,,,
10000000,"(y5) unique over (String, int32), keep first",polars streaming,48.181,672.6,,,,,,,,,,,
10000000,"(y5) unique over (String, int32), keep first","MetalEngine all, cold",14.101,12.0,Distinct#2[Distinct>DataFrameScan],,True,3.42,4.75,distinct|string|memory,10000000,,,,
10000000,(y6) top 100 by an int64 key with a String column,polars in-memory,75.223,75.5,,,,,,,,,,,
10000000,(y6) top 100 by an int64 key with a String column,polars streaming,2.448,28.7,,,,,,,,,,,
10000000,(y6) top 100 by an int64 key with a String column,"MetalEngine all, cold",5.682,5.1,Sort#3[Sort>Filter>DataFrameScan],,True,0.43,13.24,top_k|string|memory,10000000,,,,
10000000,"(g1sum200) group-by grid, 1 key, 200 groups, sum",polars in-memory,3.290,42.6,,,,,,,,,,,
10000000,"(g1sum200) group-by grid, 1 key, 200 groups, sum",polars streaming,3.015,39.4,,,,,,,,,,,
10000000,"(g1sum200) group-by grid, 1 key, 200 groups, sum","MetalEngine all, cold",3.466,3.0,GroupBy#1[GroupBy>DataFrameScan],,True,0.87,0.95,group_by:sum|numeric|memory,10000000,,200,,
10000000,"(g2sum200) group-by grid, 2 keys, 200 groups, sum",polars in-memory,4.548,61.1,,,,,,,,,,,
10000000,"(g2sum200) group-by grid, 2 keys, 200 groups, sum",polars streaming,4.281,58.0,,,,,,,,,,,
10000000,"(g2sum200) group-by grid, 2 keys, 200 groups, sum","MetalEngine all, cold",4.326,4.0,GroupBy#1[GroupBy>DataFrameScan],,True,0.99,1.05,group_by_multi:sum|numeric|memory,10000000,,200,,
10000000,"(g1count200) group-by grid, 1 key, 200 groups, count",polars in-memory,2.971,39.0,,,,,,,,,,,
10000000,"(g1count200) group-by grid, 1 key, 200 groups, count",polars streaming,2.790,37.2,,,,,,,,,,,
10000000,"(g1count200) group-by grid, 1 key, 200 groups, count","MetalEngine all, cold",2.654,2.4,GroupBy#1[GroupBy>DataFrameScan],,True,1.05,1.12,group_by:count|numeric|memory,10000000,,200,,
10000000,"(g2count200) group-by grid, 2 keys, 200 groups, count",polars in-memory,4.250,58.3,,,,,,,,,,,
10000000,"(g2count200) group-by grid, 2 keys, 200 groups, count",polars streaming,3.987,54.7,,,,,,,,,,,
10000000,"(g2count200) group-by grid, 2 keys, 200 groups, count","MetalEngine all, cold",3.569,3.5,GroupBy#1[GroupBy>DataFrameScan],,True,1.12,1.19,group_by_multi:count|numeric|memory,10000000,,200,,
10000000,"(g1mean200) group-by grid, 1 key, 200 groups, mean",polars in-memory,3.390,42.8,,,,,,,,,,,
10000000,"(g1mean200) group-by grid, 1 key, 200 groups, mean",polars streaming,3.081,41.1,,,,,,,,,,,
10000000,"(g1mean200) group-by grid, 1 key, 200 groups, mean","MetalEngine all, cold",3.627,3.2,GroupBy#1[GroupBy>DataFrameScan],,True,0.85,0.93,group_by:mean|numeric|memory,10000000,,200,,
10000000,"(g2mean200) group-by grid, 2 keys, 200 groups, mean",polars in-memory,4.623,61.3,,,,,,,,,,,
10000000,"(g2mean200) group-by grid, 2 keys, 200 groups, mean",polars streaming,4.302,58.3,,,,,,,,,,,
10000000,"(g2mean200) group-by grid, 2 keys, 200 groups, mean","MetalEngine all, cold",4.410,4.1,GroupBy#1[GroupBy>DataFrameScan],,True,0.98,1.05,group_by_multi:mean|numeric|memory,10000000,,200,,
10000000,"(g1minmax200) group-by grid, 1 key, 200 groups, min + max",polars in-memory,3.860,51.3,,,,,,,,,,,
10000000,"(g1minmax200) group-by grid, 1 key, 200 groups, min + max",polars streaming,3.718,48.4,,,,,,,,,,,
10000000,"(g1minmax200) group-by grid, 1 key, 200 groups, min + max","MetalEngine all, cold",3.261,2.9,GroupBy#1[GroupBy>DataFrameScan],,True,1.14,1.18,group_by:minmax|numeric|memory,10000000,,200,,
10000000,"(g2minmax200) group-by grid, 2 keys, 200 groups, min + max",polars in-memory,5.250,70.0,,,,,,,,,,,
10000000,"(g2minmax200) group-by grid, 2 keys, 200 groups, min + max",polars streaming,4.935,66.4,,,,,,,,,,,
10000000,"(g2minmax200) group-by grid, 2 keys, 200 groups, min + max","MetalEngine all, cold",4.145,3.8,GroupBy#1[GroupBy>DataFrameScan],,True,1.19,1.27,group_by_multi:minmax|numeric|memory,10000000,,200,,
10000000,"(g1fsum200) group-by grid, 1 key, 200 groups, Float64 sum",polars in-memory,3.123,41.3,,,,,,,,,,,
10000000,"(g1fsum200) group-by grid, 1 key, 200 groups, Float64 sum",polars streaming,2.917,38.8,,,,,,,,,,,
10000000,"(g1fsum200) group-by grid, 1 key, 200 groups, Float64 sum","MetalEngine all, cold",3.624,3.0,GroupBy#1[GroupBy>DataFrameScan],,True,0.80,0.86,group_by:sum|numeric|memory,10000000,,200,,
10000000,"(g2fsum200) group-by grid, 2 keys, 200 groups, Float64 sum",polars in-memory,4.522,61.3,,,,,,,,,,,
10000000,"(g2fsum200) group-by grid, 2 keys, 200 groups, Float64 sum",polars streaming,4.101,56.3,,,,,,,,,,,
10000000,"(g2fsum200) group-by grid, 2 keys, 200 groups, Float64 sum","MetalEngine all, cold",4.431,4.0,GroupBy#1[GroupBy>DataFrameScan],,True,0.93,1.02,group_by_multi:sum|numeric|memory,10000000,,200,,
10000000,"(g1sum1k) group-by grid, 1 key, 1 000 groups, sum",polars in-memory,18.024,227.0,,,,,,,,,,,
10000000,"(g1sum1k) group-by grid, 1 key, 1 000 groups, sum",polars streaming,3.229,41.3,,,,,,,,,,,
10000000,"(g1sum1k) group-by grid, 1 key, 1 000 groups, sum","MetalEngine all, cold",3.505,3.0,GroupBy#1[GroupBy>DataFrameScan],,True,0.92,5.14,group_by:sum|numeric|memory,10000000,,1000,,
10000000,"(g2sum1k) group-by grid, 2 keys, 1 000 groups, sum",polars in-memory,30.665,377.8,,,,,,,,,,,
10000000,"(g2sum1k) group-by grid, 2 keys, 1 000 groups, sum",polars streaming,4.625,60.6,,,,,,,,,,,
10000000,"(g2sum1k) group-by grid, 2 keys, 1 000 groups, sum","MetalEngine all, cold",4.383,4.1,GroupBy#1[GroupBy>DataFrameScan],,True,1.06,7.00,group_by_multi:sum|numeric|memory,10000000,,1000,,
10000000,"(g1count1k) group-by grid, 1 key, 1 000 groups, count",polars in-memory,12.728,158.1,,,,,,,,,,,
10000000,"(g1count1k) group-by grid, 1 key, 1 000 groups, count",polars streaming,3.125,40.0,,,,,,,,,,,
10000000,"(g1count1k) group-by grid, 1 key, 1 000 groups, count","MetalEngine all, cold",2.748,2.5,GroupBy#1[GroupBy>DataFrameScan],,True,1.14,4.63,group_by:count|numeric|memory,10000000,,1000,,
10000000,"(g2count1k) group-by grid, 2 keys, 1 000 groups, count",polars in-memory,26.447,319.0,,,,,,,,,,,
10000000,"(g2count1k) group-by grid, 2 keys, 1 000 groups, count",polars streaming,4.484,57.1,,,,,,,,,,,
10000000,"(g2count1k) group-by grid, 2 keys, 1 000 groups, count","MetalEngine all, cold",3.663,3.6,GroupBy#1[GroupBy>DataFrameScan],,True,1.22,7.22,group_by_multi:count|numeric|memory,10000000,,1000,,
10000000,"(g1mean1k) group-by grid, 1 key, 1 000 groups, mean",polars in-memory,18.630,229.3,,,,,,,,,,,
10000000,"(g1mean1k) group-by grid, 1 key, 1 000 groups, mean",polars streaming,3.242,41.1,,,,,,,,,,,
10000000,"(g1mean1k) group-by grid, 1 key, 1 000 groups, mean","MetalEngine all, cold",3.813,3.1,GroupBy#1[GroupBy>DataFrameScan],,True,0.85,4.89,group_by:mean|numeric|memory,10000000,,1000,,
10000000,"(g2mean1k) group-by grid, 2 keys, 1 000 groups, mean",polars in-memory,30.864,398.3,,,,,,,,,,,
10000000,"(g2mean1k) group-by grid, 2 keys, 1 000 groups, mean",polars streaming,4.768,62.3,,,,,,,,,,,
10000000,"(g2mean1k) group-by grid, 2 keys, 1 000 groups, mean","MetalEngine all, cold",4.791,4.2,GroupBy#1[GroupBy>DataFrameScan],,True,1.00,6.44,group_by_multi:mean|numeric|memory,10000000,,1000,,
10000000,"(g1minmax1k) group-by grid, 1 key, 1 000 groups, min + max",polars in-memory,21.027,277.4,,,,,,,,,,,
10000000,"(g1minmax1k) group-by grid, 1 key, 1 000 groups, min + max",polars streaming,3.803,50.7,,,,,,,,,,,
10000000,"(g1minmax1k) group-by grid, 1 key, 1 000 groups, min + max","MetalEngine all, cold",3.462,2.8,GroupBy#1[GroupBy>DataFrameScan],,True,1.10,6.07,group_by:minmax|numeric|memory,10000000,,1000,,
10000000,"(g2minmax1k) group-by grid, 2 keys, 1 000 groups, min + max",polars in-memory,36.816,457.2,,,,,,,,,,,
10000000,"(g2minmax1k) group-by grid, 2 keys, 1 000 groups, min + max",polars streaming,5.446,71.1,,,,,,,,,,,
10000000,"(g2minmax1k) group-by grid, 2 keys, 1 000 groups, min + max","MetalEngine all, cold",4.378,3.7,GroupBy#1[GroupBy>DataFrameScan],,True,1.24,8.41,group_by_multi:minmax|numeric|memory,10000000,,1000,,
10000000,"(g1fsum1k) group-by grid, 1 key, 1 000 groups, Float64 sum",polars in-memory,18.024,238.5,,,,,,,,,,,
10000000,"(g1fsum1k) group-by grid, 1 key, 1 000 groups, Float64 sum",polars streaming,3.179,41.8,,,,,,,,,,,
10000000,"(g1fsum1k) group-by grid, 1 key, 1 000 groups, Float64 sum","MetalEngine all, cold",3.758,2.9,GroupBy#1[GroupBy>DataFrameScan],,True,0.85,4.80,group_by:sum|numeric|memory,10000000,,1000,,
10000000,"(g2fsum1k) group-by grid, 2 keys, 1 000 groups, Float64 sum",polars in-memory,31.477,402.2,,,,,,,,,,,
10000000,"(g2fsum1k) group-by grid, 2 keys, 1 000 groups, Float64 sum",polars streaming,4.577,62.2,,,,,,,,,,,
10000000,"(g2fsum1k) group-by grid, 2 keys, 1 000 groups, Float64 sum","MetalEngine all, cold",4.577,3.9,GroupBy#1[GroupBy>DataFrameScan],,True,1.00,6.88,group_by_multi:sum|numeric|memory,10000000,,1000,,
10000000,"(g1sum10k) group-by grid, 1 key, 10 000 groups, sum",polars in-memory,17.878,235.6,,,,,,,,,,,
10000000,"(g1sum10k) group-by grid, 1 key, 10 000 groups, sum",polars streaming,6.645,89.2,,,,,,,,,,,
10000000,"(g1sum10k) group-by grid, 1 key, 10 000 groups, sum","MetalEngine all, cold",3.608,3.0,GroupBy#1[GroupBy>DataFrameScan],,True,1.84,4.96,group_by:sum|numeric|memory,10000000,,10000,,
10000000,"(g2sum10k) group-by grid, 2 keys, 10 000 groups, sum",polars in-memory,31.699,395.6,,,,,,,,,,,
10000000,"(g2sum10k) group-by grid, 2 keys, 10 000 groups, sum",polars streaming,9.457,128.2,,,,,,,,,,,
10000000,"(g2sum10k) group-by grid, 2 keys, 10 000 groups, sum","MetalEngine all, cold",4.525,4.1,GroupBy#1[GroupBy>DataFrameScan],,True,2.09,7.01,group_by_multi:sum|numeric|memory,10000000,,10000,,
10000000,"(g1count10k) group-by grid, 1 key, 10 000 groups, count",polars in-memory,14.414,166.6,,,,,,,,,,,
10000000,"(g1count10k) group-by grid, 1 key, 10 000 groups, count",polars streaming,5.980,76.9,,,,,,,,,,,
10000000,"(g1count10k) group-by grid, 1 key, 10 000 groups, count","MetalEngine all, cold",2.527,2.4,GroupBy#1[GroupBy>DataFrameScan],,True,2.37,5.70,group_by:count|numeric|memory,10000000,,10000,,
10000000,"(g2count10k) group-by grid, 2 keys, 10 000 groups, count",polars in-memory,27.644,313.3,,,,,,,,,,,
10000000,"(g2count10k) group-by grid, 2 keys, 10 000 groups, count",polars streaming,8.804,119.3,,,,,,,,,,,
10000000,"(g2count10k) group-by grid, 2 keys, 10 000 groups, count","MetalEngine all, cold",3.449,3.5,GroupBy#1[GroupBy>DataFrameScan],,True,2.55,8.01,group_by_multi:count|numeric|memory,10000000,,10000,,
10000000,"(g1mean10k) group-by grid, 1 key, 10 000 groups, mean",polars in-memory,18.857,245.6,,,,,,,,,,,
10000000,"(g1mean10k) group-by grid, 1 key, 10 000 groups, mean",polars streaming,6.936,92.6,,,,,,,,,,,
10000000,"(g1mean10k) group-by grid, 1 key, 10 000 groups, mean","MetalEngine all, cold",3.905,3.3,GroupBy#1[GroupBy>DataFrameScan],,True,1.78,4.83,group_by:mean|numeric|memory,10000000,,10000,,
10000000,"(g2mean10k) group-by grid, 2 keys, 10 000 groups, mean",polars in-memory,31.598,379.6,,,,,,,,,,,
10000000,"(g2mean10k) group-by grid, 2 keys, 10 000 groups, mean",polars streaming,9.934,133.8,,,,,,,,,,,
10000000,"(g2mean10k) group-by grid, 2 keys, 10 000 groups, mean","MetalEngine all, cold",4.742,4.3,GroupBy#1[GroupBy>DataFrameScan],,True,2.09,6.66,group_by_multi:mean|numeric|memory,10000000,,10000,,
10000000,"(g1minmax10k) group-by grid, 1 key, 10 000 groups, min + max",polars in-memory,22.545,292.6,,,,,,,,,,,
10000000,"(g1minmax10k) group-by grid, 1 key, 10 000 groups, min + max",polars streaming,7.746,104.0,,,,,,,,,,,
10000000,"(g1minmax10k) group-by grid, 1 key, 10 000 groups, min + max","MetalEngine all, cold",3.829,2.7,GroupBy#1[GroupBy>DataFrameScan],,True,2.02,5.89,group_by:minmax|numeric|memory,10000000,,10000,,
10000000,"(g2minmax10k) group-by grid, 2 keys, 10 000 groups, min + max",polars in-memory,35.018,423.8,,,,,,,,,,,
10000000,"(g2minmax10k) group-by grid, 2 keys, 10 000 groups, min + max",polars streaming,11.188,146.2,,,,,,,,,,,
10000000,"(g2minmax10k) group-by grid, 2 keys, 10 000 groups, min + max","MetalEngine all, cold",4.705,3.7,GroupBy#1[GroupBy>DataFrameScan],,True,2.38,7.44,group_by_multi:minmax|numeric|memory,10000000,,10000,,
10000000,"(g1fsum10k) group-by grid, 1 key, 10 000 groups, Float64 sum",polars in-memory,19.286,240.2,,,,,,,,,,,
10000000,"(g1fsum10k) group-by grid, 1 key, 10 000 groups, Float64 sum",polars streaming,6.486,87.6,,,,,,,,,,,
10000000,"(g1fsum10k) group-by grid, 1 key, 10 000 groups, Float64 sum","MetalEngine all, cold",4.660,3.0,GroupBy#1[GroupBy>DataFrameScan],,True,1.39,4.14,group_by:sum|numeric|memory,10000000,,10000,,
10000000,"(g2fsum10k) group-by grid, 2 keys, 10 000 groups, Float64 sum",polars in-memory,31.177,367.0,,,,,,,,,,,
10000000,"(g2fsum10k) group-by grid, 2 keys, 10 000 groups, Float64 sum",polars streaming,9.531,127.7,,,,,,,,,,,
10000000,"(g2fsum10k) group-by grid, 2 keys, 10 000 groups, Float64 sum","MetalEngine all, cold",5.557,4.0,GroupBy#1[GroupBy>DataFrameScan],,True,1.72,5.61,group_by_multi:sum|numeric|memory,10000000,,10000,,
10000000,"(g1sum100k) group-by grid, 1 key, 100 000 groups, sum",polars in-memory,21.706,282.6,,,,,,,,,,,
10000000,"(g1sum100k) group-by grid, 1 key, 100 000 groups, sum",polars streaming,9.732,116.9,,,,,,,,,,,
10000000,"(g1sum100k) group-by grid, 1 key, 100 000 groups, sum","MetalEngine all, cold",4.194,3.2,GroupBy#1[GroupBy>DataFrameScan],,True,2.32,5.18,group_by:sum|numeric|memory,10000000,,100000,,
10000000,"(g2sum100k) group-by grid, 2 keys, 100 000 groups, sum",polars in-memory,34.602,441.9,,,,,,,,,,,
10000000,"(g2sum100k) group-by grid, 2 keys, 100 000 groups, sum",polars streaming,19.213,229.7,,,,,,,,,,,
10000000,"(g2sum100k) group-by grid, 2 keys, 100 000 groups, sum","MetalEngine all, cold",4.836,4.2,GroupBy#1[GroupBy>DataFrameScan],,True,3.97,7.15,group_by_multi:sum|numeric|memory,10000000,,100000,,
10000000,"(g1count100k) group-by grid, 1 key, 100 000 groups, count",polars in-memory,16.382,199.9,,,,,,,,,,,
10000000,"(g1count100k) group-by grid, 1 key, 100 000 groups, count",polars streaming,8.731,105.8,,,,,,,,,,,
10000000,"(g1count100k) group-by grid, 1 key, 100 000 groups, count","MetalEngine all, cold",3.297,2.6,GroupBy#1[GroupBy>DataFrameScan],,True,2.65,4.97,group_by:count|numeric|memory,10000000,,100000,,
10000000,"(g2count100k) group-by grid, 2 keys, 100 000 groups, count",polars in-memory,29.142,364.7,,,,,,,,,,,
10000000,"(g2count100k) group-by grid, 2 keys, 100 000 groups, count",polars streaming,18.213,214.2,,,,,,,,,,,
10000000,"(g2count100k) group-by grid, 2 keys, 100 000 groups, count","MetalEngine all, cold",3.693,3.6,GroupBy#1[GroupBy>DataFrameScan],,True,4.93,7.89,group_by_multi:count|numeric|memory,10000000,,100000,,
10000000,"(g1mean100k) group-by grid, 1 key, 100 000 groups, mean",polars in-memory,21.688,278.6,,,,,,,,,,,
10000000,"(g1mean100k) group-by grid, 1 key, 100 000 groups, mean",polars streaming,10.375,122.3,,,,,,,,,,,
10000000,"(g1mean100k) group-by grid, 1 key, 100 000 groups, mean","MetalEngine all, cold",4.135,3.2,GroupBy#1[GroupBy>DataFrameScan],,True,2.51,5.24,group_by:mean|numeric|memory,10000000,,100000,,
10000000,"(g2mean100k) group-by grid, 2 keys, 100 000 groups, mean",polars in-memory,34.271,462.5,,,,,,,,,,,
10000000,"(g2mean100k) group-by grid, 2 keys, 100 000 groups, mean",polars streaming,19.783,234.3,,,,,,,,,,,
10000000,"(g2mean100k) group-by grid, 2 keys, 100 000 groups, mean","MetalEngine all, cold",5.002,4.4,GroupBy#1[GroupBy>DataFrameScan],,True,3.96,6.85,group_by_multi:mean|numeric|memory,10000000,,100000,,
10000000,"(g1minmax100k) group-by grid, 1 key, 100 000 groups, min + max",polars in-memory,24.507,326.5,,,,,,,,,,,
10000000,"(g1minmax100k) group-by grid, 1 key, 100 000 groups, min + max",polars streaming,12.034,145.7,,,,,,,,,,,
10000000,"(g1minmax100k) group-by grid, 1 key, 100 000 groups, min + max","MetalEngine all, cold",4.390,3.0,GroupBy#1[GroupBy>DataFrameScan],,True,2.74,5.58,group_by:minmax|numeric|memory,10000000,,100000,,
10000000,"(g2minmax100k) group-by grid, 2 keys, 100 000 groups, min + max",polars in-memory,37.122,500.4,,,,,,,,,,,
10000000,"(g2minmax100k) group-by grid, 2 keys, 100 000 groups, min + max",polars streaming,21.685,258.3,,,,,,,,,,,
10000000,"(g2minmax100k) group-by grid, 2 keys, 100 000 groups, min + max","MetalEngine all, cold",5.080,4.0,GroupBy#1[GroupBy>DataFrameScan],,True,4.27,7.31,group_by_multi:minmax|numeric|memory,10000000,,100000,,
10000000,"(g1fsum100k) group-by grid, 1 key, 100 000 groups, Float64 sum",polars in-memory,21.669,286.2,,,,,,,,,,,
10000000,"(g1fsum100k) group-by grid, 1 key, 100 000 groups, Float64 sum",polars streaming,10.266,125.8,,,,,,,,,,,
10000000,"(g1fsum100k) group-by grid, 1 key, 100 000 groups, Float64 sum","MetalEngine all, cold",5.089,3.0,GroupBy#1[GroupBy>DataFrameScan],,True,2.02,4.26,group_by:sum|numeric|memory,10000000,,100000,,
10000000,"(g2fsum100k) group-by grid, 2 keys, 100 000 groups, Float64 sum",polars in-memory,34.385,449.5,,,,,,,,,,,
10000000,"(g2fsum100k) group-by grid, 2 keys, 100 000 groups, Float64 sum",polars streaming,20.621,248.5,,,,,,,,,,,
10000000,"(g2fsum100k) group-by grid, 2 keys, 100 000 groups, Float64 sum","MetalEngine all, cold",5.941,4.2,GroupBy#1[GroupBy>DataFrameScan],,True,3.47,5.79,group_by_multi:sum|numeric|memory,10000000,,100000,,
10000000,"(g1sum1M) group-by grid, 1 key, 1 000 000 groups, sum",polars in-memory,37.455,527.9,,,,,,,,,,,
10000000,"(g1sum1M) group-by grid, 1 key, 1 000 000 groups, sum",polars streaming,11.487,140.9,,,,,,,,,,,
10000000,"(g1sum1M) group-by grid, 1 key, 1 000 000 groups, sum","MetalEngine all, cold",7.791,5.6,GroupBy#1[GroupBy>DataFrameScan],,True,1.47,4.81,group_by:sum|numeric|memory,10000000,,999947,,
10000000,"(g2sum1M) group-by grid, 2 keys, 1 000 000 groups, sum",polars in-memory,70.835,1024.8,,,,,,,,,,,
10000000,"(g2sum1M) group-by grid, 2 keys, 1 000 000 groups, sum",polars streaming,22.407,273.9,,,,,,,,,,,
10000000,"(g2sum1M) group-by grid, 2 keys, 1 000 000 groups, sum","MetalEngine all, cold",8.575,6.6,GroupBy#1[GroupBy>DataFrameScan],,True,2.61,8.26,group_by_multi:sum|numeric|memory,10000000,,999955,,
10000000,"(g1count1M) group-by grid, 1 key, 1 000 000 groups, count",polars in-memory,32.442,433.8,,,,,,,,,,,
10000000,"(g1count1M) group-by grid, 1 key, 1 000 000 groups, count",polars streaming,9.924,122.2,,,,,,,,,,,
10000000,"(g1count1M) group-by grid, 1 key, 1 000 000 groups, count","MetalEngine all, cold",4.194,3.5,GroupBy#1[GroupBy>DataFrameScan],,True,2.37,7.74,group_by:count|numeric|memory,10000000,,999947,,
10000000,"(g2count1M) group-by grid, 2 keys, 1 000 000 groups, count",polars in-memory,65.758,921.7,,,,,,,,,,,
10000000,"(g2count1M) group-by grid, 2 keys, 1 000 000 groups, count",polars streaming,20.540,251.1,,,,,,,,,,,
10000000,"(g2count1M) group-by grid, 2 keys, 1 000 000 groups, count","MetalEngine all, cold",5.050,4.6,GroupBy#1[GroupBy>DataFrameScan],,True,4.07,13.02,group_by_multi:count|numeric|memory,10000000,,999955,,
10000000,"(g1mean1M) group-by grid, 1 key, 1 000 000 groups, mean",polars in-memory,35.820,517.2,,,,,,,,,,,
10000000,"(g1mean1M) group-by grid, 1 key, 1 000 000 groups, mean",polars streaming,12.177,144.8,,,,,,,,,,,
10000000,"(g1mean1M) group-by grid, 1 key, 1 000 000 groups, mean","MetalEngine all, cold",6.073,3.8,GroupBy#1[GroupBy>DataFrameScan],,True,2.01,5.90,group_by:mean|numeric|memory,10000000,,999947,,
10000000,"(g2mean1M) group-by grid, 2 keys, 1 000 000 groups, mean",polars in-memory,70.705,1002.0,,,,,,,,,,,
10000000,"(g2mean1M) group-by grid, 2 keys, 1 000 000 groups, mean",polars streaming,23.546,284.9,,,,,,,,,,,
10000000,"(g2mean1M) group-by grid, 2 keys, 1 000 000 groups, mean","MetalEngine all, cold",6.877,4.9,GroupBy#1[GroupBy>DataFrameScan],,True,3.42,10.28,group_by_multi:mean|numeric|memory,10000000,,999955,,
10000000,"(g1minmax1M) group-by grid, 1 key, 1 000 000 groups, min + max",polars in-memory,41.334,593.4,,,,,,,,,,,
10000000,"(g1minmax1M) group-by grid, 1 key, 1 000 000 groups, min + max",polars streaming,14.272,173.8,,,,,,,,,,,
10000000,"(g1minmax1M) group-by grid, 1 key, 1 000 000 groups, min + max","MetalEngine all, cold",5.510,3.5,GroupBy#1[GroupBy>DataFrameScan],,True,2.59,7.50,group_by:minmax|numeric|memory,10000000,,999947,,
10000000,"(g2minmax1M) group-by grid, 2 keys, 1 000 000 groups, min + max",polars in-memory,75.456,1091.2,,,,,,,,,,,
10000000,"(g2minmax1M) group-by grid, 2 keys, 1 000 000 groups, min + max",polars streaming,25.808,327.2,,,,,,,,,,,
10000000,"(g2minmax1M) group-by grid, 2 keys, 1 000 000 groups, min + max","MetalEngine all, cold",6.104,4.4,GroupBy#1[GroupBy>DataFrameScan],,True,4.23,12.36,group_by_multi:minmax|numeric|memory,10000000,,999955,,
10000000,"(g1fsum1M) group-by grid, 1 key, 1 000 000 groups, Float64 sum",polars in-memory,37.917,521.4,,,,,,,,,,,
10000000,"(g1fsum1M) group-by grid, 1 key, 1 000 000 groups, Float64 sum",polars streaming,11.869,147.6,,,,,,,,,,,
10000000,"(g1fsum1M) group-by grid, 1 key, 1 000 000 groups, Float64 sum","MetalEngine all, cold",8.498,3.6,GroupBy#1[GroupBy>DataFrameScan],,True,1.40,4.46,group_by:sum|numeric|memory,10000000,,999947,,
10000000,"(g2fsum1M) group-by grid, 2 keys, 1 000 000 groups, Float64 sum",polars in-memory,71.767,1032.0,,,,,,,,,,,
10000000,"(g2fsum1M) group-by grid, 2 keys, 1 000 000 groups, Float64 sum",polars streaming,22.961,280.3,,,,,,,,,,,
10000000,"(g2fsum1M) group-by grid, 2 keys, 1 000 000 groups, Float64 sum","MetalEngine all, cold",9.241,4.6,GroupBy#1[GroupBy>DataFrameScan],,True,2.48,7.77,group_by_multi:sum|numeric|memory,10000000,,999955,,
10000000,"(g1sumR2) group-by grid, 1 key, rows/2 groups, sum",polars in-memory,66.094,921.5,,,,,,,,,,,
10000000,"(g1sumR2) group-by grid, 1 key, rows/2 groups, sum",polars streaming,16.606,197.8,,,,,,,,,,,
10000000,"(g1sumR2) group-by grid, 1 key, rows/2 groups, sum","MetalEngine all, cold",20.782,13.4,GroupBy#1[GroupBy>DataFrameScan],,True,0.80,3.18,group_by:sum|numeric|memory,10000000,,4323191,,
10000000,"(g2sumR2) group-by grid, 2 keys, rows/2 groups, sum",polars in-memory,100.963,1366.2,,,,,,,,,,,
10000000,"(g2sumR2) group-by grid, 2 keys, rows/2 groups, sum",polars streaming,33.690,457.8,,,,,,,,,,,
10000000,"(g2sumR2) group-by grid, 2 keys, rows/2 groups, sum","MetalEngine all, cold",22.096,14.2,GroupBy#1[GroupBy>DataFrameScan],,True,1.52,4.57,group_by_multi:sum|numeric|memory,10000000,,4323171,,
10000000,"(g1countR2) group-by grid, 1 key, rows/2 groups, count",polars in-memory,63.005,782.0,,,,,,,,,,,
10000000,"(g1countR2) group-by grid, 1 key, rows/2 groups, count",polars streaming,15.210,186.9,,,,,,,,,,,
10000000,"(g1countR2) group-by grid, 1 key, rows/2 groups, count","MetalEngine all, cold",11.511,6.9,GroupBy#1[GroupBy>DataFrameScan],,True,1.32,5.47,group_by:count|numeric|memory,10000000,,4323191,,
10000000,"(g2countR2) group-by grid, 2 keys, rows/2 groups, count",polars in-memory,96.025,1254.8,,,,,,,,,,,
10000000,"(g2countR2) group-by grid, 2 keys, rows/2 groups, count",polars streaming,35.487,430.4,,,,,,,,,,,
10000000,"(g2countR2) group-by grid, 2 keys, rows/2 groups, count","MetalEngine all, cold",12.692,8.0,GroupBy#1[GroupBy>DataFrameScan],,True,2.80,7.57,group_by_multi:count|numeric|memory,10000000,,4323171,,
10000000,"(g1meanR2) group-by grid, 1 key, rows/2 groups, mean",polars in-memory,65.138,916.7,,,,,,,,,,,
10000000,"(g1meanR2) group-by grid, 1 key, rows/2 groups, mean",polars streaming,19.287,240.0,,,,,,,,,,,
10000000,"(g1meanR2) group-by grid, 1 key, rows/2 groups, mean","MetalEngine all, cold",14.348,6.1,GroupBy#1[GroupBy>DataFrameScan],,True,1.34,4.54,group_by:mean|numeric|memory,10000000,,4323191,,
10000000,"(g2meanR2) group-by grid, 2 keys, rows/2 groups, mean",polars in-memory,99.664,1393.9,,,,,,,,,,,
10000000,"(g2meanR2) group-by grid, 2 keys, rows/2 groups, mean",polars streaming,36.026,491.9,,,,,,,,,,,
10000000,"(g2meanR2) group-by grid, 2 keys, rows/2 groups, mean","MetalEngine all, cold",15.526,7.1,GroupBy#1[GroupBy>DataFrameScan],,True,2.32,6.42,group_by_multi:mean|numeric|memory,10000000,,4323171,,
10000000,"(g1minmaxR2) group-by grid, 1 key, rows/2 groups, min + max",polars in-memory,70.901,999.7,,,,,,,,,,,
10000000,"(g1minmaxR2) group-by grid, 1 key, rows/2 groups, min + max",polars streaming,23.222,299.0,,,,,,,,,,,
10000000,"(g1minmaxR2) group-by grid, 1 key, rows/2 groups, min + max","MetalEngine all, cold",12.167,5.3,GroupBy#1[GroupBy>DataFrameScan],,True,1.91,5.83,group_by:minmax|numeric|memory,10000000,,4323191,,
10000000,"(g2minmaxR2) group-by grid, 2 keys, rows/2 groups, min + max",polars in-memory,105.586,1487.3,,,,,,,,,,,
10000000,"(g2minmaxR2) group-by grid, 2 keys, rows/2 groups, min + max",polars streaming,40.030,563.8,,,,,,,,,,,
10000000,"(g2minmaxR2) group-by grid, 2 keys, rows/2 groups, min + max","MetalEngine all, cold",13.559,6.5,GroupBy#1[GroupBy>DataFrameScan],,True,2.95,7.79,group_by_multi:minmax|numeric|memory,10000000,,4323171,,
10000000,"(g1fsumR2) group-by grid, 1 key, rows/2 groups, Float64 sum",polars in-memory,66.517,924.0,,,,,,,,,,,
10000000,"(g1fsumR2) group-by grid, 1 key, rows/2 groups, Float64 sum",polars streaming,16.899,209.0,,,,,,,,,,,
10000000,"(g1fsumR2) group-by grid, 1 key, rows/2 groups, Float64 sum","MetalEngine all, cold",23.098,5.6,GroupBy#1[GroupBy>DataFrameScan],,True,0.73,2.88,group_by:sum|numeric|memory,10000000,,4323191,,
10000000,"(g2fsumR2) group-by grid, 2 keys, rows/2 groups, Float64 sum",polars in-memory,100.911,1384.8,,,,,,,,,,,
10000000,"(g2fsumR2) group-by grid, 2 keys, rows/2 groups, Float64 sum",polars streaming,34.301,469.5,,,,,,,,,,,
10000000,"(g2fsumR2) group-by grid, 2 keys, rows/2 groups, Float64 sum","MetalEngine all, cold",24.458,6.9,GroupBy#1[GroupBy>DataFrameScan],,True,1.40,4.13,group_by_multi:sum|numeric|memory,10000000,,4323171,,
20000000,(a) filtered sum + count,polars in-memory,6.213,10.2,,,,,,,,,,,
20000000,(a) filtered sum + count,polars streaming,1.332,16.7,,,,,,,,,,,
20000000,(a) filtered sum + count,"MetalEngine all, cold",2.839,2.4,Select#3[Select>SimpleProjection>Filter>DataFrameScan],,True,0.47,2.19,aggregate:count+aggregate:sum|numeric|memory,20000000,,,,
20000000,(b) filter + group-by 200 keys + sort desc + limit 10,polars in-memory,12.837,80.5,,,,,,,,,,,
20000000,(b) filter + group-by 200 keys + sort desc + limit 10,polars streaming,5.414,69.9,,,,,,,,,,,
20000000,(b) filter + group-by 200 keys + sort desc + limit 10,"MetalEngine all, cold",6.136,4.0,Sort#4[Sort>Filter>GroupBy>Filter>DataFrameScan],,True,0.88,2.09,group_by:count+group_by:sum+top_k|numeric|memory,20000000,,,,
20000000,"(c) group-by (region, sub) mean + max",polars in-memory,76.838,959.7,,,,,,,,,,,
20000000,"(c) group-by (region, sub) mean + max",polars streaming,16.836,237.8,,,,,,,,,,,
20000000,"(c) group-by (region, sub) mean + max","MetalEngine all, cold",10.033,5.6,GroupBy#1[GroupBy>DataFrameScan],,True,1.68,7.66,group_by_multi:mean+group_by_multi:minmax|numeric|memory,20000000,,10000,,
20000000,(d) projection chain then filter,polars in-memory,77.762,77.8,,,,,,,,,,,
20000000,(d) projection chain then filter,polars streaming,5.948,81.5,,,,,,,,,,,
20000000,(d) projection chain then filter,"MetalEngine all, cold",15.186,2.5,Filter#2[Filter>Select>HStack>DataFrameScan],,True,0.39,5.12,rowwise|numeric|memory,20000000,,,,
20000000,(e) inner join then sum,polars in-memory,20.799,220.2,,,,,,,,,,,
20000000,(e) inner join then sum,polars streaming,8.170,110.0,,,,,,,,,,,
20000000,(e) inner join then sum,"MetalEngine all, cold",5.962,2.0,Select#3[Select>SimpleProjection>Join>DataFrameScan>DataFrameScan],,True,1.37,3.49,aggregate:sum+join:inner|numeric|memory,11000000,,,,
20000000,(f) semi join,polars in-memory,2.076,24.6,,,,,,,,,,,
20000000,(f) semi join,polars streaming,3.317,39.7,,,,,,,,,,,
20000000,(f) semi join,"MetalEngine all, cold",3.061,2.2,Join#2[Join>DataFrameScan>DataFrameScan],,True,0.68,0.68,join:semi|numeric|memory,10001000,,,,
20000000,(g) row_number over partitions,polars in-memory,92.963,638.0,,,,,,,,,,,
20000000,(g) row_number over partitions,polars streaming,66.425,962.1,,,,,,,,,,,
20000000,(g) row_number over partitions,"MetalEngine all, cold",88.270,612.9,,HStack#1: Expression Window has no ArrowMetal translation.,True,0.75,1.05,,,,,,
20000000,(h) as-of join,polars in-memory,57.020,57.1,,,,,,,,,,,
20000000,(h) as-of join,polars streaming,4.304,54.5,,,,,,,,,,,
20000000,(h) as-of join,"MetalEngine all, cold",56.573,56.7,,"Join#2: A AsOf join is not translated (inner, left, semi and anti are taken).",True,0.08,1.01,,,,,,
20000000,"(i) group-by 1 key, 100 000 groups, sum",polars in-memory,38.588,548.7,,,,,,,,,,,
20000000,"(i) group-by 1 key, 100 000 groups, sum",polars streaming,17.762,231.0,,,,,,,,,,,
20000000,"(i) group-by 1 key, 100 000 groups, sum","MetalEngine all, cold",6.583,3.8,GroupBy#1[GroupBy>DataFrameScan],,True,2.70,5.86,group_by:sum|numeric|memory,20000000,,100000,,
20000000,"(j) group-by (k1, k2), sum + count",polars in-memory,242.050,2808.4,,,,,,,,,,,
20000000,"(j) group-by (k1, k2), sum + count",polars streaming,81.957,1160.5,,,,,,,,,,,
20000000,"(j) group-by (k1, k2), sum + count","MetalEngine all, cold",153.517,56.0,GroupBy#1[GroupBy>DataFrameScan],,True,0.53,1.58,group_by_multi:count+group_by_multi:sum|numeric|memory,20000000,,18126514,,
20000000,"(k) group-by (String, int32), sum",polars in-memory,147.604,2085.8,,,,,,,,,,,
20000000,"(k) group-by (String, int32), sum",polars streaming,47.528,639.6,,,,,,,,,,,
20000000,"(k) group-by (String, int32), sum","MetalEngine all, cold",25.137,14.9,GroupBy#1[GroupBy>DataFrameScan],,True,1.89,5.87,group_by_multi:sum|string|memory,20000000,,1000000,,
20000000,"(l) group-by (region, sub), Float64 sum + mean",polars in-memory,86.864,1037.0,,,,,,,,,,,
20000000,"(l) group-by (region, sub), Float64 sum + mean",polars streaming,16.473,236.0,,,,,,,,,,,
20000000,"(l) group-by (region, sub), Float64 sum + mean","MetalEngine all, cold",13.045,5.0,GroupBy#2[GroupBy>HStack>DataFrameScan],,True,1.26,6.66,group_by_multi:mean+group_by_multi:sum|numeric|memory,20000000,,10000,,
20000000,(m) sort 3 columns by an int64 key,polars in-memory,147.670,1766.8,,,,,,,,,,,
20000000,(m) sort 3 columns by an int64 key,polars streaming,52.987,709.1,,,,,,,,,,,
20000000,(m) sort 3 columns by an int64 key,"MetalEngine all, cold",20.350,3.7,Sort#2[Sort>DataFrameScan],,True,2.60,7.26,sort|numeric|memory,20000000,,,,
20000000,"(n) top 100 by Float64, descending",polars in-memory,153.735,154.1,,,,,,,,,,,
20000000,"(n) top 100 by Float64, descending",polars streaming,4.117,51.5,,,,,,,,,,,
20000000,"(n) top 100 by Float64, descending","MetalEngine all, cold",4.554,3.9,Sort#3[Sort>Filter>DataFrameScan],,True,0.90,33.76,top_k|numeric|memory,20000000,,,,
20000000,"(o) sort with a String column, by an int64 key",polars in-memory,152.776,1799.1,,,,,,,,,,,
20000000,"(o) sort with a String column, by an int64 key",polars streaming,69.459,944.0,,,,,,,,,,,
20000000,"(o) sort with a String column, by an int64 key","MetalEngine all, cold",98.656,70.3,Sort#2[Sort>DataFrameScan],,True,0.70,1.55,sort|string|memory,20000000,,,,
20000000,"(p) filter, then sort by (int32 asc, nullable Float64 desc)",polars in-memory,337.638,4092.2,,,,,,,,,,,
20000000,"(p) filter, then sort by (int32 asc, nullable Float64 desc)",polars streaming,260.450,3793.9,,,,,,,,,,,
20000000,"(p) filter, then sort by (int32 asc, nullable Float64 desc)","MetalEngine all, cold",130.018,73.2,Sort#3[Sort>HStack>Filter>DataFrameScan],,True,2.00,2.60,sort|string|memory,20000000,,,,
20000000,"(q) filter, then sort by (int32 asc, int64 desc)",polars in-memory,240.481,2791.1,,,,,,,,,,,
20000000,"(q) filter, then sort by (int32 asc, int64 desc)",polars streaming,200.139,3015.7,,,,,,,,,,,
20000000,"(q) filter, then sort by (int32 asc, int64 desc)","MetalEngine all, cold",33.101,5.5,Sort#3[Sort>Filter>DataFrameScan],,True,6.05,7.27,sort|numeric|memory,20000000,,,,
20000000,"(r) unique over (region, sub), keep first",polars in-memory,53.448,628.3,,,,,,,,,,,
20000000,"(r) unique over (region, sub), keep first",polars streaming,18.414,258.7,,,,,,,,,,,
20000000,"(r) unique over (region, sub), keep first","MetalEngine all, cold",6.308,5.5,Distinct#1[Distinct>DataFrameScan],,True,2.92,8.47,distinct|numeric|memory,20000000,,,,
20000000,"(r2) unique over (region, sub), keep any",polars in-memory,59.664,675.5,,,,,,,,,,,
20000000,"(r2) unique over (region, sub), keep any",polars streaming,18.610,258.8,,,,,,,,,,,
20000000,"(r2) unique over (region, sub), keep any","MetalEngine all, cold",6.094,5.3,Distinct#1[Distinct>DataFrameScan],,True,3.05,9.79,distinct|numeric|memory,20000000,,,,
20000000,(a2) filtered min + max,polars in-memory,6.161,11.0,,,,,,,,,,,
20000000,(a2) filtered min + max,polars streaming,1.516,20.5,,,,,,,,,,,
20000000,(a2) filtered min + max,"MetalEngine all, cold",5.364,3.2,Select#3[Select>SimpleProjection>Filter>DataFrameScan],,True,0.28,1.15,aggregate:minmax|numeric|memory,20000000,,,,
20000000,(a3) filtered mean,polars in-memory,6.232,9.8,,,,,,,,,,,
20000000,(a3) filtered mean,polars streaming,1.523,19.9,,,,,,,,,,,
20000000,(a3) filtered mean,"MetalEngine all, cold",6.341,2.6,Select#3[Select>SimpleProjection>Filter>DataFrameScan],,True,0.24,0.98,aggregate:mean|numeric|memory,20000000,,,,
20000000,(a4) filtered count,polars in-memory,3.587,6.3,,,,,,,,,,,
20000000,(a4) filtered count,polars streaming,1.009,12.0,,,,,,,,,,,
20000000,(a4) filtered count,"MetalEngine all, cold",2.457,2.1,Select#3[Select>DataFrameScan],,True,0.41,1.46,aggregate:sum|numeric|memory,20000000,,,,
20000000,"(t1) group-by 1 key, 200 groups, sum",polars in-memory,5.341,74.0,,,,,,,,,,,
20000000,"(t1) group-by 1 key, 200 groups, sum",polars streaming,4.973,70.4,,,,,,,,,,,
20000000,"(t1) group-by 1 key, 200 groups, sum","MetalEngine all, cold",5.187,3.8,GroupBy#1[GroupBy>DataFrameScan],,True,0.96,1.03,group_by:sum|numeric|memory,20000000,,200,,
20000000,"(t2) group-by 1 key, 200 groups, count",polars in-memory,4.908,69.0,,,,,,,,,,,
20000000,"(t2) group-by 1 key, 200 groups, count",polars streaming,4.733,68.0,,,,,,,,,,,
20000000,"(t2) group-by 1 key, 200 groups, count","MetalEngine all, cold",5.433,2.9,GroupBy#1[GroupBy>DataFrameScan],,True,0.87,0.90,group_by:count|numeric|memory,20000000,,200,,
20000000,"(t3) group-by 1 key, 200 groups, mean",polars in-memory,5.262,75.8,,,,,,,,,,,
20000000,"(t3) group-by 1 key, 200 groups, mean",polars streaming,5.409,77.6,,,,,,,,,,,
20000000,"(t3) group-by 1 key, 200 groups, mean","MetalEngine all, cold",5.496,4.1,GroupBy#1[GroupBy>DataFrameScan],,True,0.96,0.96,group_by:mean|numeric|memory,20000000,,200,,
20000000,"(t4) group-by 1 key, 200 groups, min + max",polars in-memory,6.472,93.1,,,,,,,,,,,
20000000,"(t4) group-by 1 key, 200 groups, min + max",polars streaming,7.058,100.7,,,,,,,,,,,
20000000,"(t4) group-by 1 key, 200 groups, min + max","MetalEngine all, cold",5.174,3.6,GroupBy#1[GroupBy>DataFrameScan],,True,1.25,1.25,group_by:minmax|numeric|memory,20000000,,200,,
20000000,"(t5) group-by 1 key, 100 000 groups, count",polars in-memory,29.771,384.1,,,,,,,,,,,
20000000,"(t5) group-by 1 key, 100 000 groups, count",polars streaming,15.169,196.7,,,,,,,,,,,
20000000,"(t5) group-by 1 key, 100 000 groups, count","MetalEngine all, cold",4.617,2.9,GroupBy#1[GroupBy>DataFrameScan],,True,3.29,6.45,group_by:count|numeric|memory,20000000,,100000,,
20000000,"(t6) group-by 1 key, 100 000 groups, mean",polars in-memory,42.433,546.3,,,,,,,,,,,
20000000,"(t6) group-by 1 key, 100 000 groups, mean",polars streaming,18.837,239.8,,,,,,,,,,,
20000000,"(t6) group-by 1 key, 100 000 groups, mean","MetalEngine all, cold",7.123,4.2,GroupBy#1[GroupBy>DataFrameScan],,True,2.64,5.96,group_by:mean|numeric|memory,20000000,,100000,,
20000000,"(t7) group-by 1 key, 100 000 groups, min + max",polars in-memory,48.600,642.6,,,,,,,,,,,
20000000,"(t7) group-by 1 key, 100 000 groups, min + max",polars streaming,23.182,310.3,,,,,,,,,,,
20000000,"(t7) group-by 1 key, 100 000 groups, min + max","MetalEngine all, cold",7.456,3.7,GroupBy#1[GroupBy>DataFrameScan],,True,3.11,6.52,group_by:minmax|numeric|memory,20000000,,100000,,
20000000,"(v1) group-by (region, sub), sum",polars in-memory,74.462,888.5,,,,,,,,,,,
20000000,"(v1) group-by (region, sub), sum",polars streaming,14.570,206.2,,,,,,,,,,,
20000000,"(v1) group-by (region, sub), sum","MetalEngine all, cold",7.491,5.0,GroupBy#1[GroupBy>DataFrameScan],,True,1.94,9.94,group_by_multi:sum|numeric|memory,20000000,,10000,,
20000000,"(v2) group-by (region, sub), count",polars in-memory,59.707,703.0,,,,,,,,,,,
20000000,"(v2) group-by (region, sub), count",polars streaming,13.480,183.9,,,,,,,,,,,
20000000,"(v2) group-by (region, sub), count","MetalEngine all, cold",5.422,4.1,GroupBy#1[GroupBy>DataFrameScan],,True,2.49,11.01,group_by_multi:count|numeric|memory,20000000,,10000,,
20000000,"(v3) group-by (k1, k2), mean",polars in-memory,239.770,2938.7,,,,,,,,,,,
20000000,"(v3) group-by (k1, k2), mean",polars streaming,78.284,1119.0,,,,,,,,,,,
20000000,"(v3) group-by (k1, k2), mean","MetalEngine all, cold",114.901,21.4,GroupBy#1[GroupBy>DataFrameScan],,True,0.68,2.09,group_by_multi:mean|numeric|memory,20000000,,18126514,,
20000000,"(v4) group-by (k1, k2), min + max",polars in-memory,233.667,2908.1,,,,,,,,,,,
20000000,"(v4) group-by (k1, k2), min + max",polars streaming,84.070,1190.3,,,,,,,,,,,
20000000,"(v4) group-by (k1, k2), min + max","MetalEngine all, cold",104.297,20.0,GroupBy#1[GroupBy>DataFrameScan],,True,0.81,2.24,group_by_multi:minmax|numeric|memory,20000000,,18126514,,
20000000,"(w1) inner join, 1M-row build side",polars in-memory,38.813,398.6,,,,,,,,,,,
20000000,"(w1) inner join, 1M-row build side",polars streaming,21.220,305.5,,,,,,,,,,,
20000000,"(w1) inner join, 1M-row build side","MetalEngine all, cold",9.315,2.5,Join#2[Join>DataFrameScan>DataFrameScan],,True,2.28,4.17,join:inner|numeric|memory,21000000,,,,
20000000,"(w2) left join, 1M-row build side",polars in-memory,104.822,599.1,,,,,,,,,,,
20000000,"(w2) left join, 1M-row build side",polars streaming,26.620,374.8,,,,,,,,,,,
20000000,"(w2) left join, 1M-row build side","MetalEngine all, cold",10.631,3.1,Join#2[Join>DataFrameScan>DataFrameScan],,True,2.50,9.86,join:left|numeric|memory,21000000,,,,
20000000,"(w3) semi join, 1M-row build side",polars in-memory,26.954,340.8,,,,,,,,,,,
20000000,"(w3) semi join, 1M-row build side",polars streaming,18.174,255.4,,,,,,,,,,,
20000000,"(w3) semi join, 1M-row build side","MetalEngine all, cold",10.312,3.4,Join#2[Join>DataFrameScan>DataFrameScan],,True,1.76,2.61,join:semi|numeric|memory,21000000,,,,
20000000,"(w4) anti join, 1M-row build side",polars in-memory,26.072,323.7,,,,,,,,,,,
20000000,"(w4) anti join, 1M-row build side",polars streaming,18.100,254.5,,,,,,,,,,,
20000000,"(w4) anti join, 1M-row build side","MetalEngine all, cold",10.373,3.5,Join#2[Join>DataFrameScan>DataFrameScan],,True,1.74,2.51,join:anti|numeric|memory,21000000,,,,
20000000,"(x1) unique over (k1, k2), keep first",polars in-memory,273.530,2606.7,,,,,,,,,,,
20000000,"(x1) unique over (k1, k2), keep first",polars streaming,127.972,1873.3,,,,,,,,,,,
20000000,"(x1) unique over (k1, k2), keep first","MetalEngine all, cold",91.421,20.8,Distinct#2[Distinct>DataFrameScan],,True,1.40,2.99,distinct|numeric|memory,20000000,,,,
20000000,"(x2) sort by a nullable Float64 key, descending",polars in-memory,204.562,2391.4,,,,,,,,,,,
20000000,"(x2) sort by a nullable Float64 key, descending",polars streaming,56.403,732.9,,,,,,,,,,,
20000000,"(x2) sort by a nullable Float64 key, descending","MetalEngine all, cold",34.901,4.9,Sort#2[Sort>Select>DataFrameScan],,True,1.62,5.86,sort|numeric|memory,20000000,,,,
20000000,(x3) top 100 by an int64 key,polars in-memory,144.224,144.5,,,,,,,,,,,
20000000,(x3) top 100 by an int64 key,polars streaming,4.016,51.5,,,,,,,,,,,
20000000,(x3) top 100 by an int64 key,"MetalEngine all, cold",6.178,4.9,Sort#3[Sort>Filter>DataFrameScan],,True,0.65,23.34,top_k|numeric|memory,20000000,,,,
20000000,"(x4) top 100 by a nullable Float64 key, descending",polars in-memory,153.238,153.6,,,,,,,,,,,
20000000,"(x4) top 100 by a nullable Float64 key, descending",polars streaming,4.317,60.3,,,,,,,,,,,
20000000,"(x4) top 100 by a nullable Float64 key, descending","MetalEngine all, cold",4.227,3.7,Sort#3[Sort>Filter>Select>DataFrameScan],,True,1.02,36.25,top_k|numeric|memory,20000000,,,,
20000000,"(y1) group-by a String key (1000 values), sum",polars in-memory,57.096,805.0,,,,,,,,,,,
20000000,"(y1) group-by a String key (1000 values), sum",polars streaming,12.888,189.4,,,,,,,,,,,
20000000,"(y1) group-by a String key (1000 values), sum","MetalEngine all, cold",13.034,7.8,GroupBy#1[GroupBy>DataFrameScan],,True,0.99,4.38,group_by:sum|string|memory,20000000,,1000,,
20000000,(y2) filter by a String equality,polars in-memory,8.938,9.5,,,,,,,,,,,
20000000,(y2) filter by a String equality,polars streaming,1.365,15.8,,,,,,,,,,,
20000000,(y2) filter by a String equality,"MetalEngine all, cold",7.609,5.7,Filter#2[Filter>DataFrameScan],,True,0.18,1.17,rowwise|string|memory,20000000,,,,
20000000,"(y3) filter by a String prefix, then sum",polars in-memory,74.725,78.9,,,,,,,,,,,
20000000,"(y3) filter by a String prefix, then sum",polars streaming,5.848,85.6,,,,,,,,,,,
20000000,"(y3) filter by a String prefix, then sum","MetalEngine all, cold",6.284,4.5,Select#2[Select>SimpleProjection>Filter>DataFrameScan],,True,0.93,11.89,aggregate:sum|string|memory,20000000,,,,
20000000,(y4) inner join on a String key,polars in-memory,44.853,508.5,,,,,,,,,,,
20000000,(y4) inner join on a String key,polars streaming,25.685,377.4,,,,,,,,,,,
20000000,(y4) inner join on a String key,"MetalEngine all, cold",58.743,47.1,Join#3[Join>DataFrameScan>DataFrameScan],,True,0.44,0.76,join:inner|string|memory,20000500,,,,
20000000,"(y5) unique over (String, int32), keep first",polars in-memory,136.443,1957.5,,,,,,,,,,,
20000000,"(y5) unique over (String, int32), keep first",polars streaming,104.704,1557.1,,,,,,,,,,,
20000000,"(y5) unique over (String, int32), keep first","MetalEngine all, cold",20.956,14.4,Distinct#2[Distinct>DataFrameScan],,True,5.00,6.51,distinct|string|memory,20000000,,,,
20000000,(y6) top 100 by an int64 key with a String column,polars in-memory,148.508,148.8,,,,,,,,,,,
20000000,(y6) top 100 by an int64 key with a String column,polars streaming,3.989,52.8,,,,,,,,,,,
20000000,(y6) top 100 by an int64 key with a String column,"MetalEngine all, cold",9.842,7.1,Sort#3[Sort>Filter>DataFrameScan],,True,0.41,15.09,top_k|string|memory,20000000,,,,
20000000,"(g1sum200) group-by grid, 1 key, 200 groups, sum",polars in-memory,5.247,73.1,,,,,,,,,,,
20000000,"(g1sum200) group-by grid, 1 key, 200 groups, sum",polars streaming,5.484,78.6,,,,,,,,,,,
20000000,"(g1sum200) group-by grid, 1 key, 200 groups, sum","MetalEngine all, cold",5.139,3.8,GroupBy#1[GroupBy>DataFrameScan],,True,1.02,1.02,group_by:sum|numeric|memory,20000000,,200,,
20000000,"(g2sum200) group-by grid, 2 keys, 200 groups, sum",polars in-memory,8.055,116.6,,,,,,,,,,,
20000000,"(g2sum200) group-by grid, 2 keys, 200 groups, sum",polars streaming,7.850,112.8,,,,,,,,,,,
20000000,"(g2sum200) group-by grid, 2 keys, 200 groups, sum","MetalEngine all, cold",6.596,5.1,GroupBy#1[GroupBy>DataFrameScan],,True,1.19,1.22,group_by_multi:sum|numeric|memory,20000000,,200,,
20000000,"(g1count200) group-by grid, 1 key, 200 groups, count",polars in-memory,5.169,71.0,,,,,,,,,,,
20000000,"(g1count200) group-by grid, 1 key, 200 groups, count",polars streaming,5.442,77.1,,,,,,,,,,,
20000000,"(g1count200) group-by grid, 1 key, 200 groups, count","MetalEngine all, cold",3.753,2.8,GroupBy#1[GroupBy>DataFrameScan],,True,1.38,1.38,group_by:count|numeric|memory,20000000,,200,,
20000000,"(g2count200) group-by grid, 2 keys, 200 groups, count",polars in-memory,7.641,108.7,,,,,,,,,,,
20000000,"(g2count200) group-by grid, 2 keys, 200 groups, count",polars streaming,7.723,110.7,,,,,,,,,,,
20000000,"(g2count200) group-by grid, 2 keys, 200 groups, count","MetalEngine all, cold",5.064,4.1,GroupBy#1[GroupBy>DataFrameScan],,True,1.51,1.51,group_by_multi:count|numeric|memory,20000000,,200,,
20000000,"(g1mean200) group-by grid, 1 key, 200 groups, mean",polars in-memory,5.498,77.6,,,,,,,,,,,
20000000,"(g1mean200) group-by grid, 1 key, 200 groups, mean",polars streaming,5.813,83.0,,,,,,,,,,,
20000000,"(g1mean200) group-by grid, 1 key, 200 groups, mean","MetalEngine all, cold",5.463,4.0,GroupBy#1[GroupBy>DataFrameScan],,True,1.01,1.01,group_by:mean|numeric|memory,20000000,,200,,
20000000,"(g2mean200) group-by grid, 2 keys, 200 groups, mean",polars in-memory,8.364,120.4,,,,,,,,,,,
20000000,"(g2mean200) group-by grid, 2 keys, 200 groups, mean",polars streaming,8.527,122.7,,,,,,,,,,,
20000000,"(g2mean200) group-by grid, 2 keys, 200 groups, mean","MetalEngine all, cold",6.912,5.4,GroupBy#1[GroupBy>DataFrameScan],,True,1.21,1.21,group_by_multi:mean|numeric|memory,20000000,,200,,
20000000,"(g1minmax200) group-by grid, 1 key, 200 groups, min + max",polars in-memory,6.883,97.7,,,,,,,,,,,
20000000,"(g1minmax200) group-by grid, 1 key, 200 groups, min + max",polars streaming,7.597,110.0,,,,,,,,,,,
20000000,"(g1minmax200) group-by grid, 1 key, 200 groups, min + max","MetalEngine all, cold",5.148,3.6,GroupBy#1[GroupBy>DataFrameScan],,True,1.34,1.34,group_by:minmax|numeric|memory,20000000,,200,,
20000000,"(g2minmax200) group-by grid, 2 keys, 200 groups, min + max",polars in-memory,9.207,133.6,,,,,,,,,,,
20000000,"(g2minmax200) group-by grid, 2 keys, 200 groups, min + max",polars streaming,10.155,148.1,,,,,,,,,,,
20000000,"(g2minmax200) group-by grid, 2 keys, 200 groups, min + max","MetalEngine all, cold",6.594,4.9,GroupBy#1[GroupBy>DataFrameScan],,True,1.40,1.40,group_by_multi:minmax|numeric|memory,20000000,,200,,
20000000,"(g1fsum200) group-by grid, 1 key, 200 groups, Float64 sum",polars in-memory,5.308,73.4,,,,,,,,,,,
20000000,"(g1fsum200) group-by grid, 1 key, 200 groups, Float64 sum",polars streaming,5.812,83.0,,,,,,,,,,,
20000000,"(g1fsum200) group-by grid, 1 key, 200 groups, Float64 sum","MetalEngine all, cold",5.723,3.9,GroupBy#1[GroupBy>DataFrameScan],,True,0.93,0.93,group_by:sum|numeric|memory,20000000,,200,,
20000000,"(g2fsum200) group-by grid, 2 keys, 200 groups, Float64 sum",polars in-memory,7.960,114.5,,,,,,,,,,,
20000000,"(g2fsum200) group-by grid, 2 keys, 200 groups, Float64 sum",polars streaming,8.394,121.8,,,,,,,,,,,
20000000,"(g2fsum200) group-by grid, 2 keys, 200 groups, Float64 sum","MetalEngine all, cold",7.387,5.5,GroupBy#1[GroupBy>DataFrameScan],,True,1.08,1.08,group_by_multi:sum|numeric|memory,20000000,,200,,
20000000,"(g1sum1k) group-by grid, 1 key, 1 000 groups, sum",polars in-memory,34.296,477.0,,,,,,,,,,,
20000000,"(g1sum1k) group-by grid, 1 key, 1 000 groups, sum",polars streaming,6.030,84.0,,,,,,,,,,,
20000000,"(g1sum1k) group-by grid, 1 key, 1 000 groups, sum","MetalEngine all, cold",5.462,4.0,GroupBy#1[GroupBy>DataFrameScan],,True,1.10,6.28,group_by:sum|numeric|memory,20000000,,1000,,
20000000,"(g2sum1k) group-by grid, 2 keys, 1 000 groups, sum",polars in-memory,65.762,865.2,,,,,,,,,,,
20000000,"(g2sum1k) group-by grid, 2 keys, 1 000 groups, sum",polars streaming,8.740,125.8,,,,,,,,,,,
20000000,"(g2sum1k) group-by grid, 2 keys, 1 000 groups, sum","MetalEngine all, cold",6.754,5.3,GroupBy#1[GroupBy>DataFrameScan],,True,1.29,9.74,group_by_multi:sum|numeric|memory,20000000,,1000,,
20000000,"(g1count1k) group-by grid, 1 key, 1 000 groups, count",polars in-memory,23.840,322.0,,,,,,,,,,,
20000000,"(g1count1k) group-by grid, 1 key, 1 000 groups, count",polars streaming,5.792,83.3,,,,,,,,,,,
20000000,"(g1count1k) group-by grid, 1 key, 1 000 groups, count","MetalEngine all, cold",3.704,2.7,GroupBy#1[GroupBy>DataFrameScan],,True,1.56,6.44,group_by:count|numeric|memory,20000000,,1000,,
20000000,"(g2count1k) group-by grid, 2 keys, 1 000 groups, count",polars in-memory,59.744,761.6,,,,,,,,,,,
20000000,"(g2count1k) group-by grid, 2 keys, 1 000 groups, count",polars streaming,8.261,115.2,,,,,,,,,,,
20000000,"(g2count1k) group-by grid, 2 keys, 1 000 groups, count","MetalEngine all, cold",5.531,4.6,GroupBy#1[GroupBy>DataFrameScan],,True,1.49,10.80,group_by_multi:count|numeric|memory,20000000,,1000,,
20000000,"(g1mean1k) group-by grid, 1 key, 1 000 groups, mean",polars in-memory,35.567,489.1,,,,,,,,,,,
20000000,"(g1mean1k) group-by grid, 1 key, 1 000 groups, mean",polars streaming,6.310,88.2,,,,,,,,,,,
20000000,"(g1mean1k) group-by grid, 1 key, 1 000 groups, mean","MetalEngine all, cold",6.062,4.4,GroupBy#1[GroupBy>DataFrameScan],,True,1.04,5.87,group_by:mean|numeric|memory,20000000,,1000,,
20000000,"(g2mean1k) group-by grid, 2 keys, 1 000 groups, mean",polars in-memory,72.514,927.0,,,,,,,,,,,
20000000,"(g2mean1k) group-by grid, 2 keys, 1 000 groups, mean",polars streaming,9.319,135.7,,,,,,,,,,,
20000000,"(g2mean1k) group-by grid, 2 keys, 1 000 groups, mean","MetalEngine all, cold",7.427,5.6,GroupBy#1[GroupBy>DataFrameScan],,True,1.25,9.76,group_by_multi:mean|numeric|memory,20000000,,1000,,
20000000,"(g1minmax1k) group-by grid, 1 key, 1 000 groups, min + max",polars in-memory,40.674,577.7,,,,,,,,,,,
20000000,"(g1minmax1k) group-by grid, 1 key, 1 000 groups, min + max",polars streaming,7.741,109.3,,,,,,,,,,,
20000000,"(g1minmax1k) group-by grid, 1 key, 1 000 groups, min + max","MetalEngine all, cold",5.760,4.0,GroupBy#1[GroupBy>DataFrameScan],,True,1.34,7.06,group_by:minmax|numeric|memory,20000000,,1000,,
20000000,"(g2minmax1k) group-by grid, 2 keys, 1 000 groups, min + max",polars in-memory,76.712,1067.5,,,,,,,,,,,
20000000,"(g2minmax1k) group-by grid, 2 keys, 1 000 groups, min + max",polars streaming,10.596,147.2,,,,,,,,,,,
20000000,"(g2minmax1k) group-by grid, 2 keys, 1 000 groups, min + max","MetalEngine all, cold",7.140,5.4,GroupBy#1[GroupBy>DataFrameScan],,True,1.48,10.74,group_by_multi:minmax|numeric|memory,20000000,,1000,,
20000000,"(g1fsum1k) group-by grid, 1 key, 1 000 groups, Float64 sum",polars in-memory,35.719,488.8,,,,,,,,,,,
20000000,"(g1fsum1k) group-by grid, 1 key, 1 000 groups, Float64 sum",polars streaming,6.326,87.6,,,,,,,,,,,
20000000,"(g1fsum1k) group-by grid, 1 key, 1 000 groups, Float64 sum","MetalEngine all, cold",6.157,4.1,GroupBy#1[GroupBy>DataFrameScan],,True,1.03,5.80,group_by:sum|numeric|memory,20000000,,1000,,
20000000,"(g2fsum1k) group-by grid, 2 keys, 1 000 groups, Float64 sum",polars in-memory,69.035,895.0,,,,,,,,,,,
20000000,"(g2fsum1k) group-by grid, 2 keys, 1 000 groups, Float64 sum",polars streaming,8.681,123.9,,,,,,,,,,,
20000000,"(g2fsum1k) group-by grid, 2 keys, 1 000 groups, Float64 sum","MetalEngine all, cold",7.505,5.4,GroupBy#1[GroupBy>DataFrameScan],,True,1.16,9.20,group_by_multi:sum|numeric|memory,20000000,,1000,,
20000000,"(g1sum10k) group-by grid, 1 key, 10 000 groups, sum",polars in-memory,35.803,510.2,,,,,,,,,,,
20000000,"(g1sum10k) group-by grid, 1 key, 10 000 groups, sum",polars streaming,11.194,156.3,,,,,,,,,,,
20000000,"(g1sum10k) group-by grid, 1 key, 10 000 groups, sum","MetalEngine all, cold",6.211,3.8,GroupBy#1[GroupBy>DataFrameScan],,True,1.80,5.76,group_by:sum|numeric|memory,20000000,,10000,,
20000000,"(g2sum10k) group-by grid, 2 keys, 10 000 groups, sum",polars in-memory,70.011,914.3,,,,,,,,,,,
20000000,"(g2sum10k) group-by grid, 2 keys, 10 000 groups, sum",polars streaming,15.585,217.6,,,,,,,,,,,
20000000,"(g2sum10k) group-by grid, 2 keys, 10 000 groups, sum","MetalEngine all, cold",7.758,5.3,GroupBy#1[GroupBy>DataFrameScan],,True,2.01,9.02,group_by_multi:sum|numeric|memory,20000000,,10000,,
20000000,"(g1count10k) group-by grid, 1 key, 10 000 groups, count",polars in-memory,26.208,355.9,,,,,,,,,,,
20000000,"(g1count10k) group-by grid, 1 key, 10 000 groups, count",polars streaming,10.309,145.8,,,,,,,,,,,
20000000,"(g1count10k) group-by grid, 1 key, 10 000 groups, count","MetalEngine all, cold",4.140,2.8,GroupBy#1[GroupBy>DataFrameScan],,True,2.49,6.33,group_by:count|numeric|memory,20000000,,10000,,
20000000,"(g2count10k) group-by grid, 2 keys, 10 000 groups, count",polars in-memory,62.477,796.3,,,,,,,,,,,
20000000,"(g2count10k) group-by grid, 2 keys, 10 000 groups, count",polars streaming,15.048,212.8,,,,,,,,,,,
20000000,"(g2count10k) group-by grid, 2 keys, 10 000 groups, count","MetalEngine all, cold",5.513,4.2,GroupBy#1[GroupBy>DataFrameScan],,True,2.73,11.33,group_by_multi:count|numeric|memory,20000000,,10000,,
20000000,"(g1mean10k) group-by grid, 1 key, 10 000 groups, mean",polars in-memory,36.355,519.1,,,,,,,,,,,
20000000,"(g1mean10k) group-by grid, 1 key, 10 000 groups, mean",polars streaming,12.198,173.1,,,,,,,,,,,
20000000,"(g1mean10k) group-by grid, 1 key, 10 000 groups, mean","MetalEngine all, cold",6.875,4.3,GroupBy#1[GroupBy>DataFrameScan],,True,1.77,5.29,group_by:mean|numeric|memory,20000000,,10000,,
20000000,"(g2mean10k) group-by grid, 2 keys, 10 000 groups, mean",polars in-memory,70.649,928.3,,,,,,,,,,,
20000000,"(g2mean10k) group-by grid, 2 keys, 10 000 groups, mean",polars streaming,16.260,229.5,,,,,,,,,,,
20000000,"(g2mean10k) group-by grid, 2 keys, 10 000 groups, mean","MetalEngine all, cold",8.091,5.4,GroupBy#1[GroupBy>DataFrameScan],,True,2.01,8.73,group_by_multi:mean|numeric|memory,20000000,,10000,,
20000000,"(g1minmax10k) group-by grid, 1 key, 10 000 groups, min + max",polars in-memory,44.594,642.6,,,,,,,,,,,
20000000,"(g1minmax10k) group-by grid, 1 key, 10 000 groups, min + max",polars streaming,14.127,200.1,,,,,,,,,,,
20000000,"(g1minmax10k) group-by grid, 1 key, 10 000 groups, min + max","MetalEngine all, cold",7.123,3.8,GroupBy#1[GroupBy>DataFrameScan],,True,1.98,6.26,group_by:minmax|numeric|memory,20000000,,10000,,
20000000,"(g2minmax10k) group-by grid, 2 keys, 10 000 groups, min + max",polars in-memory,78.166,1049.4,,,,,,,,,,,
20000000,"(g2minmax10k) group-by grid, 2 keys, 10 000 groups, min + max",polars streaming,19.320,270.7,,,,,,,,,,,
20000000,"(g2minmax10k) group-by grid, 2 keys, 10 000 groups, min + max","MetalEngine all, cold",8.532,5.1,GroupBy#1[GroupBy>DataFrameScan],,True,2.26,9.16,group_by_multi:minmax|numeric|memory,20000000,,10000,,
20000000,"(g1fsum10k) group-by grid, 1 key, 10 000 groups, Float64 sum",polars in-memory,36.587,506.7,,,,,,,,,,,
20000000,"(g1fsum10k) group-by grid, 1 key, 10 000 groups, Float64 sum",polars streaming,11.241,160.8,,,,,,,,,,,
20000000,"(g1fsum10k) group-by grid, 1 key, 10 000 groups, Float64 sum","MetalEngine all, cold",8.409,4.1,GroupBy#1[GroupBy>DataFrameScan],,True,1.34,4.35,group_by:sum|numeric|memory,20000000,,10000,,
20000000,"(g2fsum10k) group-by grid, 2 keys, 10 000 groups, Float64 sum",polars in-memory,71.859,928.5,,,,,,,,,,,
20000000,"(g2fsum10k) group-by grid, 2 keys, 10 000 groups, Float64 sum",polars streaming,16.925,240.8,,,,,,,,,,,
20000000,"(g2fsum10k) group-by grid, 2 keys, 10 000 groups, Float64 sum","MetalEngine all, cold",9.717,5.2,GroupBy#1[GroupBy>DataFrameScan],,True,1.74,7.39,group_by_multi:sum|numeric|memory,20000000,,10000,,
20000000,"(g1sum100k) group-by grid, 1 key, 100 000 groups, sum",polars in-memory,41.140,591.3,,,,,,,,,,,
20000000,"(g1sum100k) group-by grid, 1 key, 100 000 groups, sum",polars streaming,21.456,273.8,,,,,,,,,,,
20000000,"(g1sum100k) group-by grid, 1 key, 100 000 groups, sum","MetalEngine all, cold",7.050,4.3,GroupBy#1[GroupBy>DataFrameScan],,True,3.04,5.84,group_by:sum|numeric|memory,20000000,,100000,,
20000000,"(g2sum100k) group-by grid, 2 keys, 100 000 groups, sum",polars in-memory,76.404,1037.8,,,,,,,,,,,
20000000,"(g2sum100k) group-by grid, 2 keys, 100 000 groups, sum",polars streaming,39.851,518.1,,,,,,,,,,,
20000000,"(g2sum100k) group-by grid, 2 keys, 100 000 groups, sum","MetalEngine all, cold",8.098,5.5,GroupBy#1[GroupBy>DataFrameScan],,True,4.92,9.44,group_by_multi:sum|numeric|memory,20000000,,100000,,
20000000,"(g1count100k) group-by grid, 1 key, 100 000 groups, count",polars in-memory,30.303,436.5,,,,,,,,,,,
20000000,"(g1count100k) group-by grid, 1 key, 100 000 groups, count",polars streaming,18.228,238.1,,,,,,,,,,,
20000000,"(g1count100k) group-by grid, 1 key, 100 000 groups, count","MetalEngine all, cold",4.750,3.1,GroupBy#1[GroupBy>DataFrameScan],,True,3.84,6.38,group_by:count|numeric|memory,20000000,,100000,,
20000000,"(g2count100k) group-by grid, 2 keys, 100 000 groups, count",polars in-memory,67.595,874.5,,,,,,,,,,,
20000000,"(g2count100k) group-by grid, 2 keys, 100 000 groups, count",polars streaming,38.004,505.3,,,,,,,,,,,
20000000,"(g2count100k) group-by grid, 2 keys, 100 000 groups, count","MetalEngine all, cold",5.709,4.2,GroupBy#1[GroupBy>DataFrameScan],,True,6.66,11.84,group_by_multi:count|numeric|memory,20000000,,100000,,
20000000,"(g1mean100k) group-by grid, 1 key, 100 000 groups, mean",polars in-memory,42.221,613.4,,,,,,,,,,,
20000000,"(g1mean100k) group-by grid, 1 key, 100 000 groups, mean",polars streaming,22.107,274.1,,,,,,,,,,,
20000000,"(g1mean100k) group-by grid, 1 key, 100 000 groups, mean","MetalEngine all, cold",7.053,4.1,GroupBy#1[GroupBy>DataFrameScan],,True,3.13,5.99,group_by:mean|numeric|memory,20000000,,100000,,
20000000,"(g2mean100k) group-by grid, 2 keys, 100 000 groups, mean",polars in-memory,76.575,1048.4,,,,,,,,,,,
20000000,"(g2mean100k) group-by grid, 2 keys, 100 000 groups, mean",polars streaming,41.481,535.0,,,,,,,,,,,
20000000,"(g2mean100k) group-by grid, 2 keys, 100 000 groups, mean","MetalEngine all, cold",8.291,5.5,GroupBy#1[GroupBy>DataFrameScan],,True,5.00,9.24,group_by_multi:mean|numeric|memory,20000000,,100000,,
20000000,"(g1minmax100k) group-by grid, 1 key, 100 000 groups, min + max",polars in-memory,50.172,723.7,,,,,,,,,,,
20000000,"(g1minmax100k) group-by grid, 1 key, 100 000 groups, min + max",polars streaming,26.374,323.5,,,,,,,,,,,
20000000,"(g1minmax100k) group-by grid, 1 key, 100 000 groups, min + max","MetalEngine all, cold",7.788,4.1,GroupBy#1[GroupBy>DataFrameScan],,True,3.39,6.44,group_by:minmax|numeric|memory,20000000,,100000,,
20000000,"(g2minmax100k) group-by grid, 2 keys, 100 000 groups, min + max",polars in-memory,85.079,1140.1,,,,,,,,,,,
20000000,"(g2minmax100k) group-by grid, 2 keys, 100 000 groups, min + max",polars streaming,43.300,601.7,,,,,,,,,,,
20000000,"(g2minmax100k) group-by grid, 2 keys, 100 000 groups, min + max","MetalEngine all, cold",8.804,5.2,GroupBy#1[GroupBy>DataFrameScan],,True,4.92,9.66,group_by_multi:minmax|numeric|memory,20000000,,100000,,
20000000,"(g1fsum100k) group-by grid, 1 key, 100 000 groups, Float64 sum",polars in-memory,41.587,610.7,,,,,,,,,,,
20000000,"(g1fsum100k) group-by grid, 1 key, 100 000 groups, Float64 sum",polars streaming,20.874,279.6,,,,,,,,,,,
20000000,"(g1fsum100k) group-by grid, 1 key, 100 000 groups, Float64 sum","MetalEngine all, cold",8.984,4.1,GroupBy#1[GroupBy>DataFrameScan],,True,2.32,4.63,group_by:sum|numeric|memory,20000000,,100000,,
20000000,"(g2fsum100k) group-by grid, 2 keys, 100 000 groups, Float64 sum",polars in-memory,79.757,1050.8,,,,,,,,,,,
20000000,"(g2fsum100k) group-by grid, 2 keys, 100 000 groups, Float64 sum",polars streaming,41.602,541.1,,,,,,,,,,,
20000000,"(g2fsum100k) group-by grid, 2 keys, 100 000 groups, Float64 sum","MetalEngine all, cold",9.940,5.2,GroupBy#1[GroupBy>DataFrameScan],,True,4.19,8.02,group_by_multi:sum|numeric|memory,20000000,,100000,,
20000000,"(g1sum1M) group-by grid, 1 key, 1 000 000 groups, sum",polars in-memory,73.423,1084.4,,,,,,,,,,,
20000000,"(g1sum1M) group-by grid, 1 key, 1 000 000 groups, sum",polars streaming,23.460,297.7,,,,,,,,,,,
20000000,"(g1sum1M) group-by grid, 1 key, 1 000 000 groups, sum","MetalEngine all, cold",11.348,6.4,GroupBy#1[GroupBy>DataFrameScan],,True,2.07,6.47,group_by:sum|numeric|memory,20000000,,1000000,,
20000000,"(g2sum1M) group-by grid, 2 keys, 1 000 000 groups, sum",polars in-memory,148.142,2142.8,,,,,,,,,,,
20000000,"(g2sum1M) group-by grid, 2 keys, 1 000 000 groups, sum",polars streaming,45.599,620.4,,,,,,,,,,,
20000000,"(g2sum1M) group-by grid, 2 keys, 1 000 000 groups, sum","MetalEngine all, cold",13.245,8.3,GroupBy#1[GroupBy>DataFrameScan],,True,3.44,11.19,group_by_multi:sum|numeric|memory,20000000,,1000000,,
20000000,"(g1count1M) group-by grid, 1 key, 1 000 000 groups, count",polars in-memory,64.165,908.2,,,,,,,,,,,
20000000,"(g1count1M) group-by grid, 1 key, 1 000 000 groups, count",polars streaming,20.568,262.2,,,,,,,,,,,
20000000,"(g1count1M) group-by grid, 1 key, 1 000 000 groups, count","MetalEngine all, cold",6.017,3.8,GroupBy#1[GroupBy>DataFrameScan],,True,3.42,10.66,group_by:count|numeric|memory,20000000,,1000000,,
20000000,"(g2count1M) group-by grid, 2 keys, 1 000 000 groups, count",polars in-memory,135.053,1939.7,,,,,,,,,,,
20000000,"(g2count1M) group-by grid, 2 keys, 1 000 000 groups, count",polars streaming,40.144,568.3,,,,,,,,,,,
20000000,"(g2count1M) group-by grid, 2 keys, 1 000 000 groups, count","MetalEngine all, cold",7.235,5.2,GroupBy#1[GroupBy>DataFrameScan],,True,5.55,18.67,group_by_multi:count|numeric|memory,20000000,,1000000,,
20000000,"(g1mean1M) group-by grid, 1 key, 1 000 000 groups, mean",polars in-memory,75.363,1118.1,,,,,,,,,,,
20000000,"(g1mean1M) group-by grid, 1 key, 1 000 000 groups, mean",polars streaming,24.194,301.7,,,,,,,,,,,
20000000,"(g1mean1M) group-by grid, 1 key, 1 000 000 groups, mean","MetalEngine all, cold",10.014,4.8,GroupBy#1[GroupBy>DataFrameScan],,True,2.42,7.53,group_by:mean|numeric|memory,20000000,,1000000,,
20000000,"(g2mean1M) group-by grid, 2 keys, 1 000 000 groups, mean",polars in-memory,146.629,2145.5,,,,,,,,,,,
20000000,"(g2mean1M) group-by grid, 2 keys, 1 000 000 groups, mean",polars streaming,47.182,639.0,,,,,,,,,,,
20000000,"(g2mean1M) group-by grid, 2 keys, 1 000 000 groups, mean","MetalEngine all, cold",11.446,6.4,GroupBy#1[GroupBy>DataFrameScan],,True,4.12,12.81,group_by_multi:mean|numeric|memory,20000000,,1000000,,
20000000,"(g1minmax1M) group-by grid, 1 key, 1 000 000 groups, min + max",polars in-memory,81.220,1210.4,,,,,,,,,,,
20000000,"(g1minmax1M) group-by grid, 1 key, 1 000 000 groups, min + max",polars streaming,28.262,369.6,,,,,,,,,,,
20000000,"(g1minmax1M) group-by grid, 1 key, 1 000 000 groups, min + max","MetalEngine all, cold",9.059,4.6,GroupBy#1[GroupBy>DataFrameScan],,True,3.12,8.97,group_by:minmax|numeric|memory,20000000,,1000000,,
20000000,"(g2minmax1M) group-by grid, 2 keys, 1 000 000 groups, min + max",polars in-memory,154.631,2273.5,,,,,,,,,,,
20000000,"(g2minmax1M) group-by grid, 2 keys, 1 000 000 groups, min + max",polars streaming,51.745,747.4,,,,,,,,,,,
20000000,"(g2minmax1M) group-by grid, 2 keys, 1 000 000 groups, min + max","MetalEngine all, cold",10.445,6.2,GroupBy#1[GroupBy>DataFrameScan],,True,4.95,14.80,group_by_multi:minmax|numeric|memory,20000000,,1000000,,
20000000,"(g1fsum1M) group-by grid, 1 key, 1 000 000 groups, Float64 sum",polars in-memory,75.593,1103.7,,,,,,,,,,,
20000000,"(g1fsum1M) group-by grid, 1 key, 1 000 000 groups, Float64 sum",polars streaming,23.289,293.2,,,,,,,,,,,
20000000,"(g1fsum1M) group-by grid, 1 key, 1 000 000 groups, Float64 sum","MetalEngine all, cold",12.868,4.3,GroupBy#1[GroupBy>DataFrameScan],,True,1.81,5.87,group_by:sum|numeric|memory,20000000,,1000000,,
20000000,"(g2fsum1M) group-by grid, 2 keys, 1 000 000 groups, Float64 sum",polars in-memory,151.089,2168.1,,,,,,,,,,,
20000000,"(g2fsum1M) group-by grid, 2 keys, 1 000 000 groups, Float64 sum",polars streaming,41.598,574.3,,,,,,,,,,,
20000000,"(g2fsum1M) group-by grid, 2 keys, 1 000 000 groups, Float64 sum","MetalEngine all, cold",14.649,6.4,GroupBy#1[GroupBy>DataFrameScan],,True,2.84,10.31,group_by_multi:sum|numeric|memory,20000000,,1000000,,
20000000,"(g1sumR2) group-by grid, 1 key, rows/2 groups, sum",polars in-memory,152.163,2142.3,,,,,,,,,,,
20000000,"(g1sumR2) group-by grid, 1 key, rows/2 groups, sum",polars streaming,41.930,569.8,,,,,,,,,,,
20000000,"(g1sumR2) group-by grid, 1 key, rows/2 groups, sum","MetalEngine all, cold",50.407,23.8,GroupBy#1[GroupBy>DataFrameScan],,True,0.83,3.02,group_by:sum|numeric|memory,20000000,,8645706,,
20000000,"(g2sumR2) group-by grid, 2 keys, rows/2 groups, sum",polars in-memory,233.418,3167.9,,,,,,,,,,,
20000000,"(g2sumR2) group-by grid, 2 keys, rows/2 groups, sum",polars streaming,80.792,1148.8,,,,,,,,,,,
20000000,"(g2sumR2) group-by grid, 2 keys, rows/2 groups, sum","MetalEngine all, cold",54.191,25.8,GroupBy#1[GroupBy>DataFrameScan],,True,1.49,4.31,group_by_multi:sum|numeric|memory,20000000,,8646231,,
20000000,"(g1countR2) group-by grid, 1 key, rows/2 groups, count",polars in-memory,140.030,1802.9,,,,,,,,,,,
20000000,"(g1countR2) group-by grid, 1 key, rows/2 groups, count",polars streaming,38.471,514.8,,,,,,,,,,,
20000000,"(g1countR2) group-by grid, 1 key, rows/2 groups, count","MetalEngine all, cold",26.479,11.8,GroupBy#1[GroupBy>DataFrameScan],,True,1.45,5.29,group_by:count|numeric|memory,20000000,,8645706,,
20000000,"(g2countR2) group-by grid, 2 keys, rows/2 groups, count",polars in-memory,223.370,2884.6,,,,,,,,,,,
20000000,"(g2countR2) group-by grid, 2 keys, rows/2 groups, count",polars streaming,75.122,1088.0,,,,,,,,,,,
20000000,"(g2countR2) group-by grid, 2 keys, rows/2 groups, count","MetalEngine all, cold",30.456,13.6,GroupBy#1[GroupBy>DataFrameScan],,True,2.47,7.33,group_by_multi:count|numeric|memory,20000000,,8646231,,
20000000,"(g1meanR2) group-by grid, 1 key, rows/2 groups, mean",polars in-memory,147.022,2121.6,,,,,,,,,,,
20000000,"(g1meanR2) group-by grid, 1 key, rows/2 groups, mean",polars streaming,45.150,600.6,,,,,,,,,,,
20000000,"(g1meanR2) group-by grid, 1 key, rows/2 groups, mean","MetalEngine all, cold",38.298,9.8,GroupBy#1[GroupBy>DataFrameScan],,True,1.18,3.84,group_by:mean|numeric|memory,20000000,,8645706,,
20000000,"(g2meanR2) group-by grid, 2 keys, rows/2 groups, mean",polars in-memory,241.426,3281.3,,,,,,,,,,,
20000000,"(g2meanR2) group-by grid, 2 keys, rows/2 groups, mean",polars streaming,80.828,1186.0,,,,,,,,,,,
20000000,"(g2meanR2) group-by grid, 2 keys, rows/2 groups, mean","MetalEngine all, cold",41.582,11.2,GroupBy#1[GroupBy>DataFrameScan],,True,1.94,5.81,group_by_multi:mean|numeric|memory,20000000,,8646231,,
20000000,"(g1minmaxR2) group-by grid, 1 key, rows/2 groups, min + max",polars in-memory,156.279,2308.2,,,,,,,,,,,
20000000,"(g1minmaxR2) group-by grid, 1 key, rows/2 groups, min + max",polars streaming,57.795,799.5,,,,,,,,,,,
20000000,"(g1minmaxR2) group-by grid, 1 key, rows/2 groups, min + max","MetalEngine all, cold",31.023,9.0,GroupBy#1[GroupBy>DataFrameScan],,True,1.86,5.04,group_by:minmax|numeric|memory,20000000,,8645706,,
20000000,"(g2minmaxR2) group-by grid, 2 keys, rows/2 groups, min + max",polars in-memory,245.351,3429.4,,,,,,,,,,,
20000000,"(g2minmaxR2) group-by grid, 2 keys, rows/2 groups, min + max",polars streaming,96.991,1361.3,,,,,,,,,,,
20000000,"(g2minmaxR2) group-by grid, 2 keys, rows/2 groups, min + max","MetalEngine all, cold",34.152,10.3,GroupBy#1[GroupBy>DataFrameScan],,True,2.84,7.18,group_by_multi:minmax|numeric|memory,20000000,,8646231,,
20000000,"(g1fsumR2) group-by grid, 1 key, rows/2 groups, Float64 sum",polars in-memory,148.415,2046.2,,,,,,,,,,,
20000000,"(g1fsumR2) group-by grid, 1 key, rows/2 groups, Float64 sum",polars streaming,42.226,544.1,,,,,,,,,,,
20000000,"(g1fsumR2) group-by grid, 1 key, rows/2 groups, Float64 sum","MetalEngine all, cold",51.134,8.9,GroupBy#1[GroupBy>DataFrameScan],,True,0.83,2.90,group_by:sum|numeric|memory,20000000,,8645706,,
20000000,"(g2fsumR2) group-by grid, 2 keys, rows/2 groups, Float64 sum",polars in-memory,231.825,3206.4,,,,,,,,,,,
20000000,"(g2fsumR2) group-by grid, 2 keys, rows/2 groups, Float64 sum",polars streaming,78.545,1134.7,,,,,,,,,,,
20000000,"(g2fsumR2) group-by grid, 2 keys, rows/2 groups, Float64 sum","MetalEngine all, cold",54.238,10.2,GroupBy#1[GroupBy>DataFrameScan],,True,1.45,4.27,group_by_multi:sum|numeric|memory,20000000,,8646231,,
50000000,(a) filtered sum + count,polars in-memory,14.251,23.0,,,,,,,,,,,
50000000,(a) filtered sum + count,polars streaming,2.960,43.0,,,,,,,,,,,
50000000,(a) filtered sum + count,"MetalEngine all, cold",6.248,4.7,Select#3[Select>SimpleProjection>Filter>DataFrameScan],,True,0.47,2.28,aggregate:count+aggregate:sum|numeric|memory,50000000,,,,
50000000,(b) filter + group-by 200 keys + sort desc + limit 10,polars in-memory,29.833,186.5,,,,,,,,,,,
50000000,(b) filter + group-by 200 keys + sort desc + limit 10,polars streaming,11.558,171.0,,,,,,,,,,,
50000000,(b) filter + group-by 200 keys + sort desc + limit 10,"MetalEngine all, cold",12.794,5.8,Sort#4[Sort>Filter>GroupBy>Filter>DataFrameScan],,True,0.90,2.33,group_by:count+group_by:sum+top_k|numeric|memory,50000000,,,,
50000000,"(c) group-by (region, sub) mean + max",polars in-memory,183.223,2453.4,,,,,,,,,,,
50000000,"(c) group-by (region, sub) mean + max",polars streaming,31.699,471.9,,,,,,,,,,,
50000000,"(c) group-by (region, sub) mean + max","MetalEngine all, cold",22.571,8.7,GroupBy#1[GroupBy>DataFrameScan],,True,1.40,8.12,group_by_multi:mean+group_by_multi:minmax|numeric|memory,50000000,,10000,,
50000000,(d) projection chain then filter,polars in-memory,187.749,187.8,,,,,,,,,,,
50000000,(d) projection chain then filter,polars streaming,14.431,219.1,,,,,,,,,,,
50000000,(d) projection chain then filter,"MetalEngine all, cold",36.420,5.0,Filter#2[Filter>Select>HStack>DataFrameScan],,True,0.40,5.16,rowwise|numeric|memory,50000000,,,,
50000000,(e) inner join then sum,polars in-memory,19.221,197.2,,,,,,,,,,,
50000000,(e) inner join then sum,polars streaming,8.133,109.5,,,,,,,,,,,
50000000,(e) inner join then sum,"MetalEngine all, cold",5.886,1.9,Select#3[Select>SimpleProjection>Join>DataFrameScan>DataFrameScan],,True,1.38,3.27,aggregate:sum+join:inner|numeric|memory,11000000,,,,
50000000,(f) semi join,polars in-memory,2.169,23.8,,,,,,,,,,,
50000000,(f) semi join,polars streaming,3.302,40.4,,,,,,,,,,,
50000000,(f) semi join,"MetalEngine all, cold",2.907,2.2,Join#2[Join>DataFrameScan>DataFrameScan],,True,0.75,0.75,join:semi|numeric|memory,10001000,,,,
50000000,(g) row_number over partitions,polars in-memory,90.633,614.8,,,,,,,,,,,
50000000,(g) row_number over partitions,polars streaming,65.185,934.1,,,,,,,,,,,
50000000,(g) row_number over partitions,"MetalEngine all, cold",87.874,616.8,,HStack#1: Expression Window has no ArrowMetal translation.,True,0.74,1.03,,,,,,
50000000,(h) as-of join,polars in-memory,146.320,146.5,,,,,,,,,,,
50000000,(h) as-of join,polars streaming,10.147,136.9,,,,,,,,,,,
50000000,(h) as-of join,"MetalEngine all, cold",147.342,147.5,,"Join#2: A AsOf join is not translated (inner, left, semi and anti are taken).",True,0.07,0.99,,,,,,
50000000,"(i) group-by 1 key, 100 000 groups, sum",polars in-memory,91.414,1318.3,,,,,,,,,,,
50000000,"(i) group-by 1 key, 100 000 groups, sum",polars streaming,38.442,524.5,,,,,,,,,,,
50000000,"(i) group-by 1 key, 100 000 groups, sum","MetalEngine all, cold",14.244,5.7,GroupBy#1[GroupBy>DataFrameScan],,True,2.70,6.42,group_by:sum|numeric|memory,50000000,,100000,,
50000000,"(j) group-by (k1, k2), sum + count",polars in-memory,671.931,8147.4,,,,,,,,,,,
50000000,"(j) group-by (k1, k2), sum + count",polars streaming,233.496,3362.7,,,,,,,,,,,
50000000,"(j) group-by (k1, k2), sum + count","MetalEngine all, cold",428.941,118.2,GroupBy#1[GroupBy>DataFrameScan],,True,0.54,1.57,group_by_multi:count+group_by_multi:sum|numeric|memory,50000000,,39350475,,
50000000,"(k) group-by (String, int32), sum",polars in-memory,369.709,5398.4,,,,,,,,,,,
50000000,"(k) group-by (String, int32), sum",polars streaming,130.278,1932.3,,,,,,,,,,,
50000000,"(k) group-by (String, int32), sum","MetalEngine all, cold",50.182,22.1,GroupBy#1[GroupBy>DataFrameScan],,True,2.60,7.37,group_by_multi:sum|string|memory,50000000,,1000000,,
50000000,"(l) group-by (region, sub), Float64 sum + mean",polars in-memory,218.793,2729.7,,,,,,,,,,,
50000000,"(l) group-by (region, sub), Float64 sum + mean",polars streaming,31.690,465.8,,,,,,,,,,,
50000000,"(l) group-by (region, sub), Float64 sum + mean","MetalEngine all, cold",29.764,7.2,GroupBy#2[GroupBy>HStack>DataFrameScan],,True,1.06,7.35,group_by_multi:mean+group_by_multi:sum|numeric|memory,50000000,,10000,,
50000000,(m) sort 3 columns by an int64 key,polars in-memory,392.509,4758.0,,,,,,,,,,,
50000000,(m) sort 3 columns by an int64 key,polars streaming,149.265,2101.4,,,,,,,,,,,
50000000,(m) sort 3 columns by an int64 key,"MetalEngine all, cold",53.170,7.3,Sort#2[Sort>DataFrameScan],,True,2.81,7.38,sort|numeric|memory,50000000,,,,
50000000,"(n) top 100 by Float64, descending",polars in-memory,396.993,397.3,,,,,,,,,,,
50000000,"(n) top 100 by Float64, descending",polars streaming,8.743,125.5,,,,,,,,,,,
50000000,"(n) top 100 by Float64, descending","MetalEngine all, cold",10.280,6.8,Sort#3[Sort>Filter>DataFrameScan],,True,0.85,38.62,top_k|numeric|memory,50000000,,,,
50000000,"(o) sort with a String column, by an int64 key",polars in-memory,384.904,4752.8,,,,,,,,,,,
50000000,"(o) sort with a String column, by an int64 key",polars streaming,201.838,2838.5,,,,,,,,,,,
50000000,"(o) sort with a String column, by an int64 key","MetalEngine all, cold",245.681,173.7,Sort#2[Sort>DataFrameScan],,True,0.82,1.57,sort|string|memory,50000000,,,,
50000000,"(p) filter, then sort by (int32 asc, nullable Float64 desc)",polars in-memory,990.037,12249.9,,,,,,,,,,,
50000000,"(p) filter, then sort by (int32 asc, nullable Float64 desc)",polars streaming,839.835,12622.2,,,,,,,,,,,
50000000,"(p) filter, then sort by (int32 asc, nullable Float64 desc)","MetalEngine all, cold",329.316,177.7,Sort#3[Sort>HStack>Filter>DataFrameScan],,True,2.55,3.01,sort|string|memory,50000000,,,,
50000000,"(q) filter, then sort by (int32 asc, int64 desc)",polars in-memory,693.219,8824.7,,,,,,,,,,,
50000000,"(q) filter, then sort by (int32 asc, int64 desc)",polars streaming,712.766,10769.9,,,,,,,,,,,
50000000,"(q) filter, then sort by (int32 asc, int64 desc)","MetalEngine all, cold",89.628,9.8,Sort#3[Sort>Filter>DataFrameScan],,True,7.73,7.73,sort|numeric|memory,50000000,,,,
50000000,"(r) unique over (region, sub), keep first",polars in-memory,174.227,1922.8,,,,,,,,,,,
50000000,"(r) unique over (region, sub), keep first",polars streaming,38.467,563.7,,,,,,,,,,,
50000000,"(r) unique over (region, sub), keep first","MetalEngine all, cold",13.693,9.1,Distinct#1[Distinct>DataFrameScan],,True,2.81,12.72,distinct|numeric|memory,50000000,,,,
50000000,"(r2) unique over (region, sub), keep any",polars in-memory,180.103,2028.7,,,,,,,,,,,
50000000,"(r2) unique over (region, sub), keep any",polars streaming,37.947,555.9,,,,,,,,,,,
50000000,"(r2) unique over (region, sub), keep any","MetalEngine all, cold",13.790,9.2,Distinct#1[Distinct>DataFrameScan],,True,2.75,13.06,distinct|numeric|memory,50000000,,,,
50000000,(a2) filtered min + max,polars in-memory,16.131,28.5,,,,,,,,,,,
50000000,(a2) filtered min + max,polars streaming,3.553,52.2,,,,,,,,,,,
50000000,(a2) filtered min + max,"MetalEngine all, cold",9.217,5.5,Select#3[Select>SimpleProjection>Filter>DataFrameScan],,True,0.39,1.75,aggregate:minmax|numeric|memory,50000000,,,,
50000000,(a3) filtered mean,polars in-memory,16.117,26.3,,,,,,,,,,,
50000000,(a3) filtered mean,polars streaming,3.544,51.7,,,,,,,,,,,
50000000,(a3) filtered mean,"MetalEngine all, cold",15.107,5.2,Select#3[Select>SimpleProjection>Filter>DataFrameScan],,True,0.23,1.07,aggregate:mean|numeric|memory,50000000,,,,
50000000,(a4) filtered count,polars in-memory,8.529,10.6,,,,,,,,,,,
50000000,(a4) filtered count,polars streaming,2.231,32.0,,,,,,,,,,,
50000000,(a4) filtered count,"MetalEngine all, cold",5.234,4.0,Select#3[Select>DataFrameScan],,True,0.43,1.63,aggregate:sum|numeric|memory,50000000,,,,
50000000,"(t1) group-by 1 key, 200 groups, sum",polars in-memory,14.225,208.0,,,,,,,,,,,
50000000,"(t1) group-by 1 key, 200 groups, sum",polars streaming,14.624,221.5,,,,,,,,,,,
50000000,"(t1) group-by 1 key, 200 groups, sum","MetalEngine all, cold",10.088,6.1,GroupBy#1[GroupBy>DataFrameScan],,True,1.41,1.41,group_by:sum|numeric|memory,50000000,,200,,
50000000,"(t2) group-by 1 key, 200 groups, count",polars in-memory,12.973,184.6,,,,,,,,,,,
50000000,"(t2) group-by 1 key, 200 groups, count",polars streaming,13.667,207.1,,,,,,,,,,,
50000000,"(t2) group-by 1 key, 200 groups, count","MetalEngine all, cold",6.932,3.7,GroupBy#1[GroupBy>DataFrameScan],,True,1.87,1.87,group_by:count|numeric|memory,50000000,,200,,
50000000,"(t3) group-by 1 key, 200 groups, mean",polars in-memory,13.502,202.9,,,,,,,,,,,
50000000,"(t3) group-by 1 key, 200 groups, mean",polars streaming,15.581,237.3,,,,,,,,,,,
50000000,"(t3) group-by 1 key, 200 groups, mean","MetalEngine all, cold",10.903,6.4,GroupBy#1[GroupBy>DataFrameScan],,True,1.24,1.24,group_by:mean|numeric|memory,50000000,,200,,
50000000,"(t4) group-by 1 key, 200 groups, min + max",polars in-memory,18.796,264.8,,,,,,,,,,,
50000000,"(t4) group-by 1 key, 200 groups, min + max",polars streaming,19.029,288.2,,,,,,,,,,,
50000000,"(t4) group-by 1 key, 200 groups, min + max","MetalEngine all, cold",10.696,5.9,GroupBy#1[GroupBy>DataFrameScan],,True,1.76,1.76,group_by:minmax|numeric|memory,50000000,,200,,
50000000,"(t5) group-by 1 key, 100 000 groups, count",polars in-memory,72.463,1071.2,,,,,,,,,,,
50000000,"(t5) group-by 1 key, 100 000 groups, count",polars streaming,38.336,560.1,,,,,,,,,,,
50000000,"(t5) group-by 1 key, 100 000 groups, count","MetalEngine all, cold",9.478,3.7,GroupBy#1[GroupBy>DataFrameScan],,True,4.04,7.64,group_by:count|numeric|memory,50000000,,100000,,
50000000,"(t6) group-by 1 key, 100 000 groups, mean",polars in-memory,96.519,1472.5,,,,,,,,,,,
50000000,"(t6) group-by 1 key, 100 000 groups, mean",polars streaming,48.846,672.9,,,,,,,,,,,
50000000,"(t6) group-by 1 key, 100 000 groups, mean","MetalEngine all, cold",15.639,6.4,GroupBy#1[GroupBy>DataFrameScan],,True,3.12,6.17,group_by:mean|numeric|memory,50000000,,100000,,
50000000,"(t7) group-by 1 key, 100 000 groups, min + max",polars in-memory,115.158,1747.8,,,,,,,,,,,
50000000,"(t7) group-by 1 key, 100 000 groups, min + max",polars streaming,58.393,803.2,,,,,,,,,,,
50000000,"(t7) group-by 1 key, 100 000 groups, min + max","MetalEngine all, cold",16.519,5.8,GroupBy#1[GroupBy>DataFrameScan],,True,3.53,6.97,group_by:minmax|numeric|memory,50000000,,100000,,
50000000,"(v1) group-by (region, sub), sum",polars in-memory,178.005,2367.1,,,,,,,,,,,
50000000,"(v1) group-by (region, sub), sum",polars streaming,32.543,431.1,,,,,,,,,,,
50000000,"(v1) group-by (region, sub), sum","MetalEngine all, cold",16.857,8.2,GroupBy#1[GroupBy>DataFrameScan],,True,1.93,10.56,group_by_multi:sum|numeric|memory,50000000,,10000,,
50000000,"(v2) group-by (region, sub), count",polars in-memory,152.614,2034.7,,,,,,,,,,,
50000000,"(v2) group-by (region, sub), count",polars streaming,31.494,428.3,,,,,,,,,,,
50000000,"(v2) group-by (region, sub), count","MetalEngine all, cold",11.627,5.7,GroupBy#1[GroupBy>DataFrameScan],,True,2.71,13.13,group_by_multi:count|numeric|memory,50000000,,10000,,
50000000,"(v3) group-by (k1, k2), mean",polars in-memory,697.821,8588.8,,,,,,,,,,,
50000000,"(v3) group-by (k1, k2), mean",polars streaming,277.025,3307.1,,,,,,,,,,,
50000000,"(v3) group-by (k1, k2), mean","MetalEngine all, cold",314.735,38.3,GroupBy#1[GroupBy>DataFrameScan],,True,0.88,2.22,group_by_multi:mean|numeric|memory,50000000,,39350475,,
50000000,"(v4) group-by (k1, k2), min + max",polars in-memory,706.834,9010.5,,,,,,,,,,,
50000000,"(v4) group-by (k1, k2), min + max",polars streaming,304.061,3673.8,,,,,,,,,,,
50000000,"(v4) group-by (k1, k2), min + max","MetalEngine all, cold",293.384,35.3,GroupBy#1[GroupBy>DataFrameScan],,True,1.04,2.41,group_by_multi:minmax|numeric|memory,50000000,,39350475,,
50000000,"(w1) inner join, 1M-row build side",polars in-memory,98.025,1058.7,,,,,,,,,,,
50000000,"(w1) inner join, 1M-row build side",polars streaming,54.163,806.6,,,,,,,,,,,
50000000,"(w1) inner join, 1M-row build side","MetalEngine all, cold",22.361,4.6,Join#2[Join>DataFrameScan>DataFrameScan],,True,2.42,4.38,join:inner|numeric|memory,51000000,,,,
50000000,"(w2) left join, 1M-row build side",polars in-memory,258.012,1383.9,,,,,,,,,,,
50000000,"(w2) left join, 1M-row build side",polars streaming,69.176,1030.3,,,,,,,,,,,
50000000,"(w2) left join, 1M-row build side","MetalEngine all, cold",25.268,5.6,Join#2[Join>DataFrameScan>DataFrameScan],,True,2.74,10.21,join:left|numeric|memory,51000000,,,,
50000000,"(w3) semi join, 1M-row build side",polars in-memory,66.979,848.7,,,,,,,,,,,
50000000,"(w3) semi join, 1M-row build side",polars streaming,44.195,632.6,,,,,,,,,,,
50000000,"(w3) semi join, 1M-row build side","MetalEngine all, cold",24.714,6.1,Join#2[Join>DataFrameScan>DataFrameScan],,True,1.79,2.71,join:semi|numeric|memory,51000000,,,,
50000000,"(w4) anti join, 1M-row build side",polars in-memory,70.057,811.3,,,,,,,,,,,
50000000,"(w4) anti join, 1M-row build side",polars streaming,44.517,643.8,,,,,,,,,,,
50000000,"(w4) anti join, 1M-row build side","MetalEngine all, cold",24.910,6.3,Join#2[Join>DataFrameScan>DataFrameScan],,True,1.79,2.81,join:anti|numeric|memory,51000000,,,,
50000000,"(x1) unique over (k1, k2), keep first",polars in-memory,750.353,7739.1,,,,,,,,,,,
50000000,"(x1) unique over (k1, k2), keep first",polars streaming,394.623,5136.0,,,,,,,,,,,
50000000,"(x1) unique over (k1, k2), keep first","MetalEngine all, cold",240.468,35.9,Distinct#2[Distinct>DataFrameScan],,True,1.64,3.12,distinct|numeric|memory,50000000,,,,
50000000,"(x2) sort by a nullable Float64 key, descending",polars in-memory,537.305,6363.8,,,,,,,,,,,
50000000,"(x2) sort by a nullable Float64 key, descending",polars streaming,165.864,2186.7,,,,,,,,,,,
50000000,"(x2) sort by a nullable Float64 key, descending","MetalEngine all, cold",93.504,10.0,Sort#2[Sort>Select>DataFrameScan],,True,1.77,5.75,sort|numeric|memory,50000000,,,,
50000000,(x3) top 100 by an int64 key,polars in-memory,396.188,396.4,,,,,,,,,,,
50000000,(x3) top 100 by an int64 key,polars streaming,11.029,121.2,,,,,,,,,,,
50000000,(x3) top 100 by an int64 key,"MetalEngine all, cold",13.483,8.2,Sort#3[Sort>Filter>DataFrameScan],,True,0.82,29.38,top_k|numeric|memory,50000000,,,,
50000000,"(x4) top 100 by a nullable Float64 key, descending",polars in-memory,389.446,389.8,,,,,,,,,,,
50000000,"(x4) top 100 by a nullable Float64 key, descending",polars streaming,10.216,136.2,,,,,,,,,,,
50000000,"(x4) top 100 by a nullable Float64 key, descending","MetalEngine all, cold",10.174,8.1,Sort#3[Sort>Filter>Select>DataFrameScan],,True,1.00,38.28,top_k|numeric|memory,50000000,,,,
50000000,"(y1) group-by a String key (1000 values), sum",polars in-memory,174.563,2090.1,,,,,,,,,,,
50000000,"(y1) group-by a String key (1000 values), sum",polars streaming,30.070,461.1,,,,,,,,,,,
50000000,"(y1) group-by a String key (1000 values), sum","MetalEngine all, cold",29.415,14.1,GroupBy#1[GroupBy>DataFrameScan],,True,1.02,5.93,group_by:sum|string|memory,50000000,,1000,,
50000000,(y2) filter by a String equality,polars in-memory,22.685,24.5,,,,,,,,,,,
50000000,(y2) filter by a String equality,polars streaming,3.256,34.3,,,,,,,,,,,
50000000,(y2) filter by a String equality,"MetalEngine all, cold",18.328,12.7,Filter#2[Filter>DataFrameScan],,True,0.18,1.24,rowwise|string|memory,50000000,,,,
50000000,"(y3) filter by a String prefix, then sum",polars in-memory,184.760,191.1,,,,,,,,,,,
50000000,"(y3) filter by a String prefix, then sum",polars streaming,15.709,205.3,,,,,,,,,,,
50000000,"(y3) filter by a String prefix, then sum","MetalEngine all, cold",15.456,9.8,Select#2[Select>SimpleProjection>Filter>DataFrameScan],,True,1.02,11.95,aggregate:sum|string|memory,50000000,,,,
50000000,(y4) inner join on a String key,polars in-memory,123.096,1236.4,,,,,,,,,,,
50000000,(y4) inner join on a String key,polars streaming,67.222,975.8,,,,,,,,,,,
50000000,(y4) inner join on a String key,"MetalEngine all, cold",140.655,110.1,Join#3[Join>DataFrameScan>DataFrameScan],,True,0.48,0.88,join:inner|string|memory,50000500,,,,
50000000,"(y5) unique over (String, int32), keep first",polars in-memory,378.504,4918.5,,,,,,,,,,,
50000000,"(y5) unique over (String, int32), keep first",polars streaming,293.355,3967.5,,,,,,,,,,,
50000000,"(y5) unique over (String, int32), keep first","MetalEngine all, cold",42.001,21.7,Distinct#2[Distinct>DataFrameScan],,True,6.98,9.01,distinct|string|memory,50000000,,,,
50000000,(y6) top 100 by an int64 key with a String column,polars in-memory,387.654,388.0,,,,,,,,,,,
50000000,(y6) top 100 by an int64 key with a String column,polars streaming,10.130,120.2,,,,,,,,,,,
50000000,(y6) top 100 by an int64 key with a String column,"MetalEngine all, cold",22.620,13.2,Sort#3[Sort>Filter>DataFrameScan],,True,0.45,17.14,top_k|string|memory,50000000,,,,
50000000,"(g1sum200) group-by grid, 1 key, 200 groups, sum",polars in-memory,13.613,173.4,,,,,,,,,,,
50000000,"(g1sum200) group-by grid, 1 key, 200 groups, sum",polars streaming,14.738,185.8,,,,,,,,,,,
50000000,"(g1sum200) group-by grid, 1 key, 200 groups, sum","MetalEngine all, cold",10.230,6.2,GroupBy#1[GroupBy>DataFrameScan],,True,1.33,1.33,group_by:sum|numeric|memory,50000000,,200,,
50000000,"(g2sum200) group-by grid, 2 keys, 200 groups, sum",polars in-memory,18.572,274.2,,,,,,,,,,,
50000000,"(g2sum200) group-by grid, 2 keys, 200 groups, sum",polars streaming,20.400,290.2,,,,,,,,,,,
50000000,"(g2sum200) group-by grid, 2 keys, 200 groups, sum","MetalEngine all, cold",13.681,8.7,GroupBy#1[GroupBy>DataFrameScan],,True,1.36,1.36,group_by_multi:sum|numeric|memory,50000000,,200,,
50000000,"(g1count200) group-by grid, 1 key, 200 groups, count",polars in-memory,13.881,166.0,,,,,,,,,,,
50000000,"(g1count200) group-by grid, 1 key, 200 groups, count",polars streaming,13.052,196.9,,,,,,,,,,,
50000000,"(g1count200) group-by grid, 1 key, 200 groups, count","MetalEngine all, cold",6.925,3.8,GroupBy#1[GroupBy>DataFrameScan],,True,1.88,2.00,group_by:count|numeric|memory,50000000,,200,,
50000000,"(g2count200) group-by grid, 2 keys, 200 groups, count",polars in-memory,17.623,261.9,,,,,,,,,,,
50000000,"(g2count200) group-by grid, 2 keys, 200 groups, count",polars streaming,18.906,280.2,,,,,,,,,,,
50000000,"(g2count200) group-by grid, 2 keys, 200 groups, count","MetalEngine all, cold",9.703,5.9,GroupBy#1[GroupBy>DataFrameScan],,True,1.82,1.82,group_by_multi:count|numeric|memory,50000000,,200,,
50000000,"(g1mean200) group-by grid, 1 key, 200 groups, mean",polars in-memory,14.928,197.2,,,,,,,,,,,
50000000,"(g1mean200) group-by grid, 1 key, 200 groups, mean",polars streaming,14.338,217.9,,,,,,,,,,,
50000000,"(g1mean200) group-by grid, 1 key, 200 groups, mean","MetalEngine all, cold",11.193,6.7,GroupBy#1[GroupBy>DataFrameScan],,True,1.28,1.33,group_by:mean|numeric|memory,50000000,,200,,
50000000,"(g2mean200) group-by grid, 2 keys, 200 groups, mean",polars in-memory,19.223,278.0,,,,,,,,,,,
50000000,"(g2mean200) group-by grid, 2 keys, 200 groups, mean",polars streaming,20.277,311.0,,,,,,,,,,,
50000000,"(g2mean200) group-by grid, 2 keys, 200 groups, mean","MetalEngine all, cold",13.988,8.6,GroupBy#1[GroupBy>DataFrameScan],,True,1.37,1.37,group_by_multi:mean|numeric|memory,50000000,,200,,
50000000,"(g1minmax200) group-by grid, 1 key, 200 groups, min + max",polars in-memory,17.332,262.9,,,,,,,,,,,
50000000,"(g1minmax200) group-by grid, 1 key, 200 groups, min + max",polars streaming,18.373,280.4,,,,,,,,,,,
50000000,"(g1minmax200) group-by grid, 1 key, 200 groups, min + max","MetalEngine all, cold",11.001,6.2,GroupBy#1[GroupBy>DataFrameScan],,True,1.58,1.58,group_by:minmax|numeric|memory,50000000,,200,,
50000000,"(g2minmax200) group-by grid, 2 keys, 200 groups, min + max",polars in-memory,23.193,331.9,,,,,,,,,,,
50000000,"(g2minmax200) group-by grid, 2 keys, 200 groups, min + max",polars streaming,24.998,373.2,,,,,,,,,,,
50000000,"(g2minmax200) group-by grid, 2 keys, 200 groups, min + max","MetalEngine all, cold",14.071,8.4,GroupBy#1[GroupBy>DataFrameScan],,True,1.65,1.65,group_by_multi:minmax|numeric|memory,50000000,,200,,
50000000,"(g1fsum200) group-by grid, 1 key, 200 groups, Float64 sum",polars in-memory,13.222,188.9,,,,,,,,,,,
50000000,"(g1fsum200) group-by grid, 1 key, 200 groups, Float64 sum",polars streaming,13.978,212.3,,,,,,,,,,,
50000000,"(g1fsum200) group-by grid, 1 key, 200 groups, Float64 sum","MetalEngine all, cold",11.601,6.1,GroupBy#1[GroupBy>DataFrameScan],,True,1.14,1.14,group_by:sum|numeric|memory,50000000,,200,,
50000000,"(g2fsum200) group-by grid, 2 keys, 200 groups, Float64 sum",polars in-memory,18.159,271.7,,,,,,,,,,,
50000000,"(g2fsum200) group-by grid, 2 keys, 200 groups, Float64 sum",polars streaming,19.557,299.9,,,,,,,,,,,
50000000,"(g2fsum200) group-by grid, 2 keys, 200 groups, Float64 sum","MetalEngine all, cold",14.723,8.4,GroupBy#1[GroupBy>DataFrameScan],,True,1.23,1.23,group_by_multi:sum|numeric|memory,50000000,,200,,
50000000,"(g1sum1k) group-by grid, 1 key, 1 000 groups, sum",polars in-memory,14.770,210.2,,,,,,,,,,,
50000000,"(g1sum1k) group-by grid, 1 key, 1 000 groups, sum",polars streaming,14.345,215.1,,,,,,,,,,,
50000000,"(g1sum1k) group-by grid, 1 key, 1 000 groups, sum","MetalEngine all, cold",10.989,6.7,GroupBy#1[GroupBy>DataFrameScan],,True,1.31,1.34,group_by:sum|numeric|memory,50000000,,1000,,
50000000,"(g2sum1k) group-by grid, 2 keys, 1 000 groups, sum",polars in-memory,196.036,2231.9,,,,,,,,,,,
50000000,"(g2sum1k) group-by grid, 2 keys, 1 000 groups, sum",polars streaming,20.026,297.1,,,,,,,,,,,
50000000,"(g2sum1k) group-by grid, 2 keys, 1 000 groups, sum","MetalEngine all, cold",13.656,8.4,GroupBy#1[GroupBy>DataFrameScan],,True,1.47,14.36,group_by_multi:sum|numeric|memory,50000000,,1000,,
50000000,"(g1count1k) group-by grid, 1 key, 1 000 groups, count",polars in-memory,63.885,824.3,,,,,,,,,,,
50000000,"(g1count1k) group-by grid, 1 key, 1 000 groups, count",polars streaming,13.655,192.5,,,,,,,,,,,
50000000,"(g1count1k) group-by grid, 1 key, 1 000 groups, count","MetalEngine all, cold",7.011,3.7,GroupBy#1[GroupBy>DataFrameScan],,True,1.95,9.11,group_by:count|numeric|memory,50000000,,1000,,
50000000,"(g2count1k) group-by grid, 2 keys, 1 000 groups, count",polars in-memory,164.505,1961.8,,,,,,,,,,,
50000000,"(g2count1k) group-by grid, 2 keys, 1 000 groups, count",polars streaming,19.916,284.5,,,,,,,,,,,
50000000,"(g2count1k) group-by grid, 2 keys, 1 000 groups, count","MetalEngine all, cold",10.167,5.9,GroupBy#1[GroupBy>DataFrameScan],,True,1.96,16.18,group_by_multi:count|numeric|memory,50000000,,1000,,
50000000,"(g1mean1k) group-by grid, 1 key, 1 000 groups, mean",polars in-memory,91.188,1214.0,,,,,,,,,,,
50000000,"(g1mean1k) group-by grid, 1 key, 1 000 groups, mean",polars streaming,15.059,221.4,,,,,,,,,,,
50000000,"(g1mean1k) group-by grid, 1 key, 1 000 groups, mean","MetalEngine all, cold",11.760,6.9,GroupBy#1[GroupBy>DataFrameScan],,True,1.28,7.75,group_by:mean|numeric|memory,50000000,,1000,,
50000000,"(g2mean1k) group-by grid, 2 keys, 1 000 groups, mean",polars in-memory,194.464,2319.4,,,,,,,,,,,
50000000,"(g2mean1k) group-by grid, 2 keys, 1 000 groups, mean",polars streaming,21.922,322.5,,,,,,,,,,,
50000000,"(g2mean1k) group-by grid, 2 keys, 1 000 groups, mean","MetalEngine all, cold",14.898,9.2,GroupBy#1[GroupBy>DataFrameScan],,True,1.47,13.05,group_by_multi:mean|numeric|memory,50000000,,1000,,
50000000,"(g1minmax1k) group-by grid, 1 key, 1 000 groups, min + max",polars in-memory,111.782,1530.6,,,,,,,,,,,
50000000,"(g1minmax1k) group-by grid, 1 key, 1 000 groups, min + max",polars streaming,18.578,271.4,,,,,,,,,,,
50000000,"(g1minmax1k) group-by grid, 1 key, 1 000 groups, min + max","MetalEngine all, cold",11.689,6.6,GroupBy#1[GroupBy>DataFrameScan],,True,1.59,9.56,group_by:minmax|numeric|memory,50000000,,1000,,
50000000,"(g2minmax1k) group-by grid, 2 keys, 1 000 groups, min + max",polars in-memory,216.040,2696.1,,,,,,,,,,,
50000000,"(g2minmax1k) group-by grid, 2 keys, 1 000 groups, min + max",polars streaming,27.345,414.4,,,,,,,,,,,
50000000,"(g2minmax1k) group-by grid, 2 keys, 1 000 groups, min + max","MetalEngine all, cold",14.571,8.5,GroupBy#1[GroupBy>DataFrameScan],,True,1.88,14.83,group_by_multi:minmax|numeric|memory,50000000,,1000,,
50000000,"(g1fsum1k) group-by grid, 1 key, 1 000 groups, Float64 sum",polars in-memory,86.617,1243.5,,,,,,,,,,,
50000000,"(g1fsum1k) group-by grid, 1 key, 1 000 groups, Float64 sum",polars streaming,14.773,202.6,,,,,,,,,,,
50000000,"(g1fsum1k) group-by grid, 1 key, 1 000 groups, Float64 sum","MetalEngine all, cold",12.383,6.6,GroupBy#1[GroupBy>DataFrameScan],,True,1.19,6.99,group_by:sum|numeric|memory,50000000,,1000,,
50000000,"(g2fsum1k) group-by grid, 2 keys, 1 000 groups, Float64 sum",polars in-memory,192.900,2286.0,,,,,,,,,,,
50000000,"(g2fsum1k) group-by grid, 2 keys, 1 000 groups, Float64 sum",polars streaming,21.002,320.6,,,,,,,,,,,
50000000,"(g2fsum1k) group-by grid, 2 keys, 1 000 groups, Float64 sum","MetalEngine all, cold",15.083,8.4,GroupBy#1[GroupBy>DataFrameScan],,True,1.39,12.79,group_by_multi:sum|numeric|memory,50000000,,1000,,
50000000,"(g1sum10k) group-by grid, 1 key, 10 000 groups, sum",polars in-memory,94.472,1266.0,,,,,,,,,,,
50000000,"(g1sum10k) group-by grid, 1 key, 10 000 groups, sum",polars streaming,22.935,339.9,,,,,,,,,,,
50000000,"(g1sum10k) group-by grid, 1 key, 10 000 groups, sum","MetalEngine all, cold",14.938,7.0,GroupBy#1[GroupBy>DataFrameScan],,True,1.54,6.32,group_by:sum|numeric|memory,50000000,,10000,,
50000000,"(g2sum10k) group-by grid, 2 keys, 10 000 groups, sum",polars in-memory,205.795,2345.2,,,,,,,,,,,
50000000,"(g2sum10k) group-by grid, 2 keys, 10 000 groups, sum",polars streaming,31.298,436.3,,,,,,,,,,,
50000000,"(g2sum10k) group-by grid, 2 keys, 10 000 groups, sum","MetalEngine all, cold",17.725,9.0,GroupBy#1[GroupBy>DataFrameScan],,True,1.77,11.61,group_by_multi:sum|numeric|memory,50000000,,10000,,
50000000,"(g1count10k) group-by grid, 1 key, 10 000 groups, count",polars in-memory,70.297,913.2,,,,,,,,,,,
50000000,"(g1count10k) group-by grid, 1 key, 10 000 groups, count",polars streaming,21.171,307.1,,,,,,,,,,,
50000000,"(g1count10k) group-by grid, 1 key, 10 000 groups, count","MetalEngine all, cold",8.876,3.7,GroupBy#1[GroupBy>DataFrameScan],,True,2.39,7.92,group_by:count|numeric|memory,50000000,,10000,,
50000000,"(g2count10k) group-by grid, 2 keys, 10 000 groups, count",polars in-memory,188.299,2039.0,,,,,,,,,,,
50000000,"(g2count10k) group-by grid, 2 keys, 10 000 groups, count",polars streaming,29.826,422.1,,,,,,,,,,,
50000000,"(g2count10k) group-by grid, 2 keys, 10 000 groups, count","MetalEngine all, cold",11.958,6.0,GroupBy#1[GroupBy>DataFrameScan],,True,2.49,15.75,group_by_multi:count|numeric|memory,50000000,,10000,,
50000000,"(g1mean10k) group-by grid, 1 key, 10 000 groups, mean",polars in-memory,97.738,1297.5,,,,,,,,,,,
50000000,"(g1mean10k) group-by grid, 1 key, 10 000 groups, mean",polars streaming,26.410,373.7,,,,,,,,,,,
50000000,"(g1mean10k) group-by grid, 1 key, 10 000 groups, mean","MetalEngine all, cold",15.277,6.8,GroupBy#1[GroupBy>DataFrameScan],,True,1.73,6.40,group_by:mean|numeric|memory,50000000,,10000,,
50000000,"(g2mean10k) group-by grid, 2 keys, 10 000 groups, mean",polars in-memory,203.372,2346.6,,,,,,,,,,,
50000000,"(g2mean10k) group-by grid, 2 keys, 10 000 groups, mean",polars streaming,35.015,481.3,,,,,,,,,,,
50000000,"(g2mean10k) group-by grid, 2 keys, 10 000 groups, mean","MetalEngine all, cold",18.394,9.1,GroupBy#1[GroupBy>DataFrameScan],,True,1.90,11.06,group_by_multi:mean|numeric|memory,50000000,,10000,,
50000000,"(g1minmax10k) group-by grid, 1 key, 10 000 groups, min + max",polars in-memory,115.672,1574.7,,,,,,,,,,,
50000000,"(g1minmax10k) group-by grid, 1 key, 10 000 groups, min + max",polars streaming,31.895,452.7,,,,,,,,,,,
50000000,"(g1minmax10k) group-by grid, 1 key, 10 000 groups, min + max","MetalEngine all, cold",16.224,6.3,GroupBy#1[GroupBy>DataFrameScan],,True,1.97,7.13,group_by:minmax|numeric|memory,50000000,,10000,,
50000000,"(g2minmax10k) group-by grid, 2 keys, 10 000 groups, min + max",polars in-memory,230.471,2743.3,,,,,,,,,,,
50000000,"(g2minmax10k) group-by grid, 2 keys, 10 000 groups, min + max",polars streaming,39.088,540.8,,,,,,,,,,,
50000000,"(g2minmax10k) group-by grid, 2 keys, 10 000 groups, min + max","MetalEngine all, cold",18.942,8.2,GroupBy#1[GroupBy>DataFrameScan],,True,2.06,12.17,group_by_multi:minmax|numeric|memory,50000000,,10000,,
50000000,"(g1fsum10k) group-by grid, 1 key, 10 000 groups, Float64 sum",polars in-memory,94.540,1309.7,,,,,,,,,,,
50000000,"(g1fsum10k) group-by grid, 1 key, 10 000 groups, Float64 sum",polars streaming,24.043,329.1,,,,,,,,,,,
50000000,"(g1fsum10k) group-by grid, 1 key, 10 000 groups, Float64 sum","MetalEngine all, cold",18.919,6.3,GroupBy#1[GroupBy>DataFrameScan],,True,1.27,5.00,group_by:sum|numeric|memory,50000000,,10000,,
50000000,"(g2fsum10k) group-by grid, 2 keys, 10 000 groups, Float64 sum",polars in-memory,208.274,2348.3,,,,,,,,,,,
50000000,"(g2fsum10k) group-by grid, 2 keys, 10 000 groups, Float64 sum",polars streaming,32.095,451.6,,,,,,,,,,,
50000000,"(g2fsum10k) group-by grid, 2 keys, 10 000 groups, Float64 sum","MetalEngine all, cold",22.189,8.8,GroupBy#1[GroupBy>DataFrameScan],,True,1.45,9.39,group_by_multi:sum|numeric|memory,50000000,,10000,,
50000000,"(g1sum100k) group-by grid, 1 key, 100 000 groups, sum",polars in-memory,102.990,1403.4,,,,,,,,,,,
50000000,"(g1sum100k) group-by grid, 1 key, 100 000 groups, sum",polars streaming,47.714,626.1,,,,,,,,,,,
50000000,"(g1sum100k) group-by grid, 1 key, 100 000 groups, sum","MetalEngine all, cold",15.402,6.9,GroupBy#1[GroupBy>DataFrameScan],,True,3.10,6.69,group_by:sum|numeric|memory,50000000,,100000,,
50000000,"(g2sum100k) group-by grid, 2 keys, 100 000 groups, sum",polars in-memory,224.599,2594.1,,,,,,,,,,,
50000000,"(g2sum100k) group-by grid, 2 keys, 100 000 groups, sum",polars streaming,88.099,1174.1,,,,,,,,,,,
50000000,"(g2sum100k) group-by grid, 2 keys, 100 000 groups, sum","MetalEngine all, cold",18.170,9.2,GroupBy#1[GroupBy>DataFrameScan],,True,4.85,12.36,group_by_multi:sum|numeric|memory,50000000,,100000,,
50000000,"(g1count100k) group-by grid, 1 key, 100 000 groups, count",polars in-memory,78.133,1043.1,,,,,,,,,,,
50000000,"(g1count100k) group-by grid, 1 key, 100 000 groups, count",polars streaming,43.754,540.0,,,,,,,,,,,
50000000,"(g1count100k) group-by grid, 1 key, 100 000 groups, count","MetalEngine all, cold",9.625,3.8,GroupBy#1[GroupBy>DataFrameScan],,True,4.55,8.12,group_by:count|numeric|memory,50000000,,100000,,
50000000,"(g2count100k) group-by grid, 2 keys, 100 000 groups, count",polars in-memory,194.819,2289.9,,,,,,,,,,,
50000000,"(g2count100k) group-by grid, 2 keys, 100 000 groups, count",polars streaming,82.875,1056.2,,,,,,,,,,,
50000000,"(g2count100k) group-by grid, 2 keys, 100 000 groups, count","MetalEngine all, cold",12.109,5.9,GroupBy#1[GroupBy>DataFrameScan],,True,6.84,16.09,group_by_multi:count|numeric|memory,50000000,,100000,,
50000000,"(g1mean100k) group-by grid, 1 key, 100 000 groups, mean",polars in-memory,106.538,1449.6,,,,,,,,,,,
50000000,"(g1mean100k) group-by grid, 1 key, 100 000 groups, mean",polars streaming,52.113,661.3,,,,,,,,,,,
50000000,"(g1mean100k) group-by grid, 1 key, 100 000 groups, mean","MetalEngine all, cold",15.949,6.7,GroupBy#1[GroupBy>DataFrameScan],,True,3.27,6.68,group_by:mean|numeric|memory,50000000,,100000,,
50000000,"(g2mean100k) group-by grid, 2 keys, 100 000 groups, mean",polars in-memory,222.467,2587.3,,,,,,,,,,,
50000000,"(g2mean100k) group-by grid, 2 keys, 100 000 groups, mean",polars streaming,93.817,1255.4,,,,,,,,,,,
50000000,"(g2mean100k) group-by grid, 2 keys, 100 000 groups, mean","MetalEngine all, cold",18.591,8.9,GroupBy#1[GroupBy>DataFrameScan],,True,5.05,11.97,group_by_multi:mean|numeric|memory,50000000,,100000,,
50000000,"(g1minmax100k) group-by grid, 1 key, 100 000 groups, min + max",polars in-memory,127.978,1767.4,,,,,,,,,,,
50000000,"(g1minmax100k) group-by grid, 1 key, 100 000 groups, min + max",polars streaming,59.722,808.0,,,,,,,,,,,
50000000,"(g1minmax100k) group-by grid, 1 key, 100 000 groups, min + max","MetalEngine all, cold",16.809,6.0,GroupBy#1[GroupBy>DataFrameScan],,True,3.55,7.61,group_by:minmax|numeric|memory,50000000,,100000,,
50000000,"(g2minmax100k) group-by grid, 2 keys, 100 000 groups, min + max",polars in-memory,251.540,3071.1,,,,,,,,,,,
50000000,"(g2minmax100k) group-by grid, 2 keys, 100 000 groups, min + max",polars streaming,99.714,1431.4,,,,,,,,,,,
50000000,"(g2minmax100k) group-by grid, 2 keys, 100 000 groups, min + max","MetalEngine all, cold",19.828,8.7,GroupBy#1[GroupBy>DataFrameScan],,True,5.03,12.69,group_by_multi:minmax|numeric|memory,50000000,,100000,,
50000000,"(g1fsum100k) group-by grid, 1 key, 100 000 groups, Float64 sum",polars in-memory,110.159,1461.8,,,,,,,,,,,
50000000,"(g1fsum100k) group-by grid, 1 key, 100 000 groups, Float64 sum",polars streaming,46.657,624.6,,,,,,,,,,,
50000000,"(g1fsum100k) group-by grid, 1 key, 100 000 groups, Float64 sum","MetalEngine all, cold",20.192,6.7,GroupBy#1[GroupBy>DataFrameScan],,True,2.31,5.46,group_by:sum|numeric|memory,50000000,,100000,,
50000000,"(g2fsum100k) group-by grid, 2 keys, 100 000 groups, Float64 sum",polars in-memory,224.000,2605.5,,,,,,,,,,,
50000000,"(g2fsum100k) group-by grid, 2 keys, 100 000 groups, Float64 sum",polars streaming,87.005,1176.3,,,,,,,,,,,
50000000,"(g2fsum100k) group-by grid, 2 keys, 100 000 groups, Float64 sum","MetalEngine all, cold",22.822,9.0,GroupBy#1[GroupBy>DataFrameScan],,True,3.81,9.81,group_by_multi:sum|numeric|memory,50000000,,100000,,
50000000,"(g1sum1M) group-by grid, 1 key, 1 000 000 groups, sum",polars in-memory,187.676,2473.9,,,,,,,,,,,
50000000,"(g1sum1M) group-by grid, 1 key, 1 000 000 groups, sum",polars streaming,54.726,768.2,,,,,,,,,,,
50000000,"(g1sum1M) group-by grid, 1 key, 1 000 000 groups, sum","MetalEngine all, cold",22.496,9.2,GroupBy#1[GroupBy>DataFrameScan],,True,2.43,8.34,group_by:sum|numeric|memory,50000000,,1000000,,
50000000,"(g2sum1M) group-by grid, 2 keys, 1 000 000 groups, sum",polars in-memory,414.296,5267.5,,,,,,,,,,,
50000000,"(g2sum1M) group-by grid, 2 keys, 1 000 000 groups, sum",polars streaming,109.738,1597.9,,,,,,,,,,,
50000000,"(g2sum1M) group-by grid, 2 keys, 1 000 000 groups, sum","MetalEngine all, cold",26.077,12.6,GroupBy#1[GroupBy>DataFrameScan],,True,4.21,15.89,group_by_multi:sum|numeric|memory,50000000,,1000000,,
50000000,"(g1count1M) group-by grid, 1 key, 1 000 000 groups, count",polars in-memory,170.348,2166.4,,,,,,,,,,,
50000000,"(g1count1M) group-by grid, 1 key, 1 000 000 groups, count",polars streaming,44.222,627.7,,,,,,,,,,,
50000000,"(g1count1M) group-by grid, 1 key, 1 000 000 groups, count","MetalEngine all, cold",11.797,5.1,GroupBy#1[GroupBy>DataFrameScan],,True,3.75,14.44,group_by:count|numeric|memory,50000000,,1000000,,
50000000,"(g2count1M) group-by grid, 2 keys, 1 000 000 groups, count",polars in-memory,386.589,4913.8,,,,,,,,,,,
50000000,"(g2count1M) group-by grid, 2 keys, 1 000 000 groups, count",polars streaming,98.848,1461.3,,,,,,,,,,,
50000000,"(g2count1M) group-by grid, 2 keys, 1 000 000 groups, count","MetalEngine all, cold",15.037,8.3,GroupBy#1[GroupBy>DataFrameScan],,True,6.57,25.71,group_by_multi:count|numeric|memory,50000000,,1000000,,
50000000,"(g1mean1M) group-by grid, 1 key, 1 000 000 groups, mean",polars in-memory,198.011,2693.6,,,,,,,,,,,
50000000,"(g1mean1M) group-by grid, 1 key, 1 000 000 groups, mean",polars streaming,54.341,781.8,,,,,,,,,,,
50000000,"(g1mean1M) group-by grid, 1 key, 1 000 000 groups, mean","MetalEngine all, cold",21.849,8.0,GroupBy#1[GroupBy>DataFrameScan],,True,2.49,9.06,group_by:mean|numeric|memory,50000000,,1000000,,
50000000,"(g2mean1M) group-by grid, 2 keys, 1 000 000 groups, mean",polars in-memory,417.418,5626.5,,,,,,,,,,,
50000000,"(g2mean1M) group-by grid, 2 keys, 1 000 000 groups, mean",polars streaming,122.555,1779.7,,,,,,,,,,,
50000000,"(g2mean1M) group-by grid, 2 keys, 1 000 000 groups, mean","MetalEngine all, cold",25.867,11.8,GroupBy#1[GroupBy>DataFrameScan],,True,4.74,16.14,group_by_multi:mean|numeric|memory,50000000,,1000000,,
50000000,"(g1minmax1M) group-by grid, 1 key, 1 000 000 groups, min + max",polars in-memory,213.213,2946.8,,,,,,,,,,,
50000000,"(g1minmax1M) group-by grid, 1 key, 1 000 000 groups, min + max",polars streaming,66.395,942.1,,,,,,,,,,,
50000000,"(g1minmax1M) group-by grid, 1 key, 1 000 000 groups, min + max","MetalEngine all, cold",20.200,8.2,GroupBy#1[GroupBy>DataFrameScan],,True,3.29,10.55,group_by:minmax|numeric|memory,50000000,,1000000,,
50000000,"(g2minmax1M) group-by grid, 2 keys, 1 000 000 groups, min + max",polars in-memory,441.400,5860.1,,,,,,,,,,,
50000000,"(g2minmax1M) group-by grid, 2 keys, 1 000 000 groups, min + max",polars streaming,146.774,2232.4,,,,,,,,,,,
50000000,"(g2minmax1M) group-by grid, 2 keys, 1 000 000 groups, min + max","MetalEngine all, cold",23.211,10.9,GroupBy#1[GroupBy>DataFrameScan],,True,6.32,19.02,group_by_multi:minmax|numeric|memory,50000000,,1000000,,
50000000,"(g1fsum1M) group-by grid, 1 key, 1 000 000 groups, Float64 sum",polars in-memory,204.899,2618.7,,,,,,,,,,,
50000000,"(g1fsum1M) group-by grid, 1 key, 1 000 000 groups, Float64 sum",polars streaming,53.264,769.6,,,,,,,,,,,
50000000,"(g1fsum1M) group-by grid, 1 key, 1 000 000 groups, Float64 sum","MetalEngine all, cold",27.624,8.2,GroupBy#1[GroupBy>DataFrameScan],,True,1.93,7.42,group_by:sum|numeric|memory,50000000,,1000000,,
50000000,"(g2fsum1M) group-by grid, 2 keys, 1 000 000 groups, Float64 sum",polars in-memory,427.724,5557.7,,,,,,,,,,,
50000000,"(g2fsum1M) group-by grid, 2 keys, 1 000 000 groups, Float64 sum",polars streaming,106.877,1587.8,,,,,,,,,,,
50000000,"(g2fsum1M) group-by grid, 2 keys, 1 000 000 groups, Float64 sum","MetalEngine all, cold",30.647,11.2,GroupBy#1[GroupBy>DataFrameScan],,True,3.49,13.96,group_by_multi:sum|numeric|memory,50000000,,1000000,,
50000000,"(g1sumR2) group-by grid, 1 key, rows/2 groups, sum",polars in-memory,448.822,5484.6,,,,,,,,,,,
50000000,"(g1sumR2) group-by grid, 1 key, rows/2 groups, sum",polars streaming,122.989,1725.8,,,,,,,,,,,
50000000,"(g1sumR2) group-by grid, 1 key, rows/2 groups, sum","MetalEngine all, cold",237.489,60.9,GroupBy#1[GroupBy>DataFrameScan],,True,0.52,1.89,group_by:sum|numeric|memory,50000000,,21618024,,
50000000,"(g2sumR2) group-by grid, 2 keys, rows/2 groups, sum",polars in-memory,749.418,8974.1,,,,,,,,,,,
50000000,"(g2sumR2) group-by grid, 2 keys, rows/2 groups, sum",polars streaming,223.110,3330.8,,,,,,,,,,,
50000000,"(g2sumR2) group-by grid, 2 keys, rows/2 groups, sum","MetalEngine all, cold",255.286,66.3,GroupBy#1[GroupBy>DataFrameScan],,True,0.87,2.94,group_by_multi:sum|numeric|memory,50000000,,21616154,,
50000000,"(g1countR2) group-by grid, 1 key, rows/2 groups, count",polars in-memory,405.906,5034.9,,,,,,,,,,,
50000000,"(g1countR2) group-by grid, 1 key, rows/2 groups, count",polars streaming,109.000,1554.1,,,,,,,,,,,
50000000,"(g1countR2) group-by grid, 1 key, rows/2 groups, count","MetalEngine all, cold",169.464,29.3,GroupBy#1[GroupBy>DataFrameScan],,True,0.64,2.40,group_by:count|numeric|memory,50000000,,21618024,,
50000000,"(g2countR2) group-by grid, 2 keys, rows/2 groups, count",polars in-memory,664.670,8356.9,,,,,,,,,,,
50000000,"(g2countR2) group-by grid, 2 keys, rows/2 groups, count",polars streaming,221.404,3281.0,,,,,,,,,,,
50000000,"(g2countR2) group-by grid, 2 keys, rows/2 groups, count","MetalEngine all, cold",187.100,34.3,GroupBy#1[GroupBy>DataFrameScan],,True,1.18,3.55,group_by_multi:count|numeric|memory,50000000,,21616154,,
50000000,"(g1meanR2) group-by grid, 1 key, rows/2 groups, mean",polars in-memory,438.330,6092.6,,,,,,,,,,,
50000000,"(g1meanR2) group-by grid, 1 key, rows/2 groups, mean",polars streaming,136.641,1972.6,,,,,,,,,,,
50000000,"(g1meanR2) group-by grid, 1 key, rows/2 groups, mean","MetalEngine all, cold",210.087,24.7,GroupBy#1[GroupBy>DataFrameScan],,True,0.65,2.09,group_by:mean|numeric|memory,50000000,,21618024,,
50000000,"(g2meanR2) group-by grid, 2 keys, rows/2 groups, mean",polars in-memory,701.931,9437.4,,,,,,,,,,,
50000000,"(g2meanR2) group-by grid, 2 keys, rows/2 groups, mean",polars streaming,255.336,3787.7,,,,,,,,,,,
50000000,"(g2meanR2) group-by grid, 2 keys, rows/2 groups, mean","MetalEngine all, cold",227.754,29.6,GroupBy#1[GroupBy>DataFrameScan],,True,1.12,3.08,group_by_multi:mean|numeric|memory,50000000,,21616154,,
50000000,"(g1minmaxR2) group-by grid, 1 key, rows/2 groups, min + max",polars in-memory,458.293,6785.4,,,,,,,,,,,
50000000,"(g1minmaxR2) group-by grid, 1 key, rows/2 groups, min + max",polars streaming,185.626,2670.2,,,,,,,,,,,
50000000,"(g1minmaxR2) group-by grid, 1 key, rows/2 groups, min + max","MetalEngine all, cold",183.718,23.2,GroupBy#1[GroupBy>DataFrameScan],,True,1.01,2.49,group_by:minmax|numeric|memory,50000000,,21618024,,
50000000,"(g2minmaxR2) group-by grid, 2 keys, rows/2 groups, min + max",polars in-memory,709.159,9933.2,,,,,,,,,,,
50000000,"(g2minmaxR2) group-by grid, 2 keys, rows/2 groups, min + max",polars streaming,308.116,4574.0,,,,,,,,,,,
50000000,"(g2minmaxR2) group-by grid, 2 keys, rows/2 groups, min + max","MetalEngine all, cold",200.389,26.9,GroupBy#1[GroupBy>DataFrameScan],,True,1.54,3.54,group_by_multi:minmax|numeric|memory,50000000,,21616154,,
50000000,"(g1fsumR2) group-by grid, 1 key, rows/2 groups, Float64 sum",polars in-memory,450.392,6165.2,,,,,,,,,,,
50000000,"(g1fsumR2) group-by grid, 1 key, rows/2 groups, Float64 sum",polars streaming,128.718,1850.0,,,,,,,,,,,
50000000,"(g1fsumR2) group-by grid, 1 key, rows/2 groups, Float64 sum","MetalEngine all, cold",268.606,26.5,GroupBy#1[GroupBy>DataFrameScan],,True,0.48,1.68,group_by:sum|numeric|memory,50000000,,21618024,,
50000000,"(g2fsumR2) group-by grid, 2 keys, rows/2 groups, Float64 sum",polars in-memory,705.276,9333.0,,,,,,,,,,,
50000000,"(g2fsumR2) group-by grid, 2 keys, rows/2 groups, Float64 sum",polars streaming,253.189,3692.5,,,,,,,,,,,
50000000,"(g2fsumR2) group-by grid, 2 keys, rows/2 groups, Float64 sum","MetalEngine all, cold",280.313,31.6,GroupBy#1[GroupBy>DataFrameScan],,True,0.90,2.52,group_by_multi:sum|numeric|memory,50000000,,21616154,,
1000000,"(s1) scan, filter, group-by 1000 keys, sum + count [snappy]",polars in-memory,7.344,27.4,,,,,,,,,,,,
1000000,"(s1) scan, filter, group-by 1000 keys, sum + count [snappy]",polars streaming,6.657,16.0,,,,,,,,,,,,
1000000,"(s1) scan, filter, group-by 1000 keys, sum + count [snappy]","MetalEngine all, cold",3.566,9.9,GroupBy#2[GroupBy>SimpleProjection>Scan],,True,1.87,2.06,group_by:count+group_by:sum|numeric|parquet,1000000,,1000,,,1/0
1000000,"(s2) scan, filter on id (row groups skipped), group-by, sum [snappy]",polars in-memory,11.457,37.6,,,,,,,,,,,,
1000000,"(s2) scan, filter on id (row groups skipped), group-by, sum [snappy]",polars streaming,9.692,19.4,,,,,,,,,,,,
1000000,"(s2) scan, filter on id (row groups skipped), group-by, sum [snappy]","MetalEngine all, cold",4.689,14.4,GroupBy#2[GroupBy>SimpleProjection>Scan],,True,2.07,2.44,group_by:sum|numeric|parquet,1000000,,1000,,,1/0
1000000,"(s3) scan, filter, sum + count [snappy]",polars in-memory,1.367,1.9,,,,,,,,,,,,
1000000,"(s3) scan, filter, sum + count [snappy]",polars streaming,1.390,2.0,,,,,,,,,,,,
1000000,"(s3) scan, filter, sum + count [snappy]","MetalEngine all, cold",2.637,5.9,Select#3[Select>SimpleProjection>Scan],,True,0.52,0.52,aggregate:count+aggregate:sum|numeric|parquet,1000000,,,,,1/0
1000000,"(s4) scan, sort 2 columns by a float64 key [snappy]",polars in-memory,12.778,107.0,,,,,,,,,,,,
1000000,"(s4) scan, sort 2 columns by a float64 key [snappy]",polars streaming,14.118,111.2,,,,,,,,,,,,
1000000,"(s4) scan, sort 2 columns by a float64 key [snappy]","MetalEngine all, cold",3.152,6.8,Sort#2[Sort>Scan],,True,4.05,4.05,sort|numeric|parquet,1000000,,,,,1/0
1000000,"(s1) scan, filter, group-by 1000 keys, sum + count [none]",polars in-memory,4.042,23.5,,,,,,,,,,,,
1000000,"(s1) scan, filter, group-by 1000 keys, sum + count [none]",polars streaming,3.334,12.9,,,,,,,,,,,,
1000000,"(s1) scan, filter, group-by 1000 keys, sum + count [none]","MetalEngine all, cold",3.618,4.5,GroupBy#2[GroupBy>SimpleProjection>Scan],,True,0.92,1.12,group_by:count+group_by:sum|numeric|parquet,1000000,,1000,,,1/0
1000000,"(s2) scan, filter on id (row groups skipped), group-by, sum [none]",polars in-memory,4.793,31.0,,,,,,,,,,,,
1000000,"(s2) scan, filter on id (row groups skipped), group-by, sum [none]",polars streaming,3.324,12.8,,,,,,,,,,,,
1000000,"(s2) scan, filter on id (row groups skipped), group-by, sum [none]","MetalEngine all, cold",3.147,4.1,GroupBy#2[GroupBy>SimpleProjection>Scan],,True,1.06,1.52,group_by:sum|numeric|parquet,1000000,,1000,,,1/0
1000000,"(s3) scan, filter, sum + count [none]",polars in-memory,1.280,1.8,,,,,,,,,,,,
1000000,"(s3) scan, filter, sum + count [none]",polars streaming,1.230,1.8,,,,,,,,,,,,
1000000,"(s3) scan, filter, sum + count [none]","MetalEngine all, cold",2.454,2.4,Select#3[Select>SimpleProjection>Scan],,True,0.50,0.52,aggregate:count+aggregate:sum|numeric|parquet,1000000,,,,,1/0
1000000,"(s4) scan, sort 2 columns by a float64 key [none]",polars in-memory,9.146,100.3,,,,,,,,,,,,
1000000,"(s4) scan, sort 2 columns by a float64 key [none]",polars streaming,10.311,111.5,,,,,,,,,,,,
1000000,"(s4) scan, sort 2 columns by a float64 key [none]","MetalEngine all, cold",2.544,2.4,Sort#2[Sort>Scan],,True,3.60,3.60,sort|numeric|parquet,1000000,,,,,1/0
2000000,"(s1) scan, filter, group-by 1000 keys, sum + count [snappy]",polars in-memory,9.564,43.5,,,,,,,,,,,,
2000000,"(s1) scan, filter, group-by 1000 keys, sum + count [snappy]",polars streaming,7.692,25.6,,,,,,,,,,,,
2000000,"(s1) scan, filter, group-by 1000 keys, sum + count [snappy]","MetalEngine all, cold",6.371,28.1,GroupBy#2[GroupBy>SimpleProjection>Scan],,True,1.21,1.50,group_by:count+group_by:sum|numeric|parquet,2000000,,1000,,,2/0
2000000,"(s2) scan, filter on id (row groups skipped), group-by, sum [snappy]",polars in-memory,15.020,77.0,,,,,,,,,,,,
2000000,"(s2) scan, filter on id (row groups skipped), group-by, sum [snappy]",polars streaming,10.822,31.6,,,,,,,,,,,,
2000000,"(s2) scan, filter on id (row groups skipped), group-by, sum [snappy]","MetalEngine all, cold",6.208,27.2,GroupBy#2[GroupBy>SimpleProjection>Scan],,True,1.74,2.42,group_by:sum|numeric|parquet,2000000,,1000,,,2/0
2000000,"(s3) scan, filter, sum + count [snappy]",polars in-memory,1.872,4.4,,,,,,,,,,,,
2000000,"(s3) scan, filter, sum + count [snappy]",polars streaming,1.924,4.2,,,,,,,,,,,,
2000000,"(s3) scan, filter, sum + count [snappy]","MetalEngine all, cold",3.662,15.0,Select#3[Select>SimpleProjection>Scan],,True,0.51,0.51,aggregate:count+aggregate:sum|numeric|parquet,2000000,,,,,2/0
2000000,"(s4) scan, sort 2 columns by a float64 key [snappy]",polars in-memory,21.980,216.9,,,,,,,,,,,,
2000000,"(s4) scan, sort 2 columns by a float64 key [snappy]",polars streaming,23.505,233.3,,,,,,,,,,,,
2000000,"(s4) scan, sort 2 columns by a float64 key [snappy]","MetalEngine all, cold",5.036,17.7,Sort#2[Sort>Scan],,True,4.36,4.36,sort|numeric|parquet,2000000,,,,,2/0
2000000,"(s1) scan, filter, group-by 1000 keys, sum + count [none]",polars in-memory,6.017,40.9,,,,,,,,,,,,
2000000,"(s1) scan, filter, group-by 1000 keys, sum + count [none]",polars streaming,4.467,23.0,,,,,,,,,,,,
2000000,"(s1) scan, filter, group-by 1000 keys, sum + count [none]","MetalEngine all, cold",3.735,4.9,GroupBy#2[GroupBy>SimpleProjection>Scan],,True,1.20,1.61,group_by:count+group_by:sum|numeric|parquet,2000000,,1000,,,2/0
2000000,"(s2) scan, filter on id (row groups skipped), group-by, sum [none]",polars in-memory,8.114,64.7,,,,,,,,,,,,
2000000,"(s2) scan, filter on id (row groups skipped), group-by, sum [none]",polars streaming,3.868,21.3,,,,,,,,,,,,
2000000,"(s2) scan, filter on id (row groups skipped), group-by, sum [none]","MetalEngine all, cold",3.838,4.6,GroupBy#2[GroupBy>SimpleProjection>Scan],,True,1.01,2.11,group_by:sum|numeric|parquet,2000000,,1000,,,2/0
2000000,"(s3) scan, filter, sum + count [none]",polars in-memory,1.868,4.1,,,,,,,,,,,,
2000000,"(s3) scan, filter, sum + count [none]",polars streaming,1.865,4.3,,,,,,,,,,,,
2000000,"(s3) scan, filter, sum + count [none]","MetalEngine all, cold",2.703,2.8,Select#3[Select>SimpleProjection>Scan],,True,0.69,0.69,aggregate:count+aggregate:sum|numeric|parquet,2000000,,,,,2/0
2000000,"(s4) scan, sort 2 columns by a float64 key [none]",polars in-memory,18.610,209.5,,,,,,,,,,,,
2000000,"(s4) scan, sort 2 columns by a float64 key [none]",polars streaming,20.002,221.2,,,,,,,,,,,,
2000000,"(s4) scan, sort 2 columns by a float64 key [none]","MetalEngine all, cold",3.808,3.0,Sort#2[Sort>Scan],,True,4.89,4.89,sort|numeric|parquet,2000000,,,,,2/0
5000000,"(s1) scan, filter, group-by 1000 keys, sum + count [snappy]",polars in-memory,14.828,114.1,,,,,,,,,,,,
5000000,"(s1) scan, filter, group-by 1000 keys, sum + count [snappy]",polars streaming,9.302,63.7,,,,,,,,,,,,
5000000,"(s1) scan, filter, group-by 1000 keys, sum + count [snappy]","MetalEngine all, cold",10.430,44.8,GroupBy#2[GroupBy>SimpleProjection>Scan],,True,0.89,1.42,group_by:count+group_by:sum|numeric|parquet,5000000,,1000,,,5/0
5000000,"(s2) scan, filter on id (row groups skipped), group-by, sum [snappy]",polars in-memory,22.755,180.9,,,,,,,,,,,,
5000000,"(s2) scan, filter on id (row groups skipped), group-by, sum [snappy]",polars streaming,12.121,77.3,,,,,,,,,,,,
5000000,"(s2) scan, filter on id (row groups skipped), group-by, sum [snappy]","MetalEngine all, cold",11.209,61.4,GroupBy#2[GroupBy>SimpleProjection>Scan],,True,1.08,2.03,group_by:sum|numeric|parquet,5000000,,1000,,,5/0
5000000,"(s3) scan, filter, sum + count [snappy]",polars in-memory,2.360,12.4,,,,,,,,,,,,
5000000,"(s3) scan, filter, sum + count [snappy]",polars streaming,2.289,12.2,,,,,,,,,,,,
5000000,"(s3) scan, filter, sum + count [snappy]","MetalEngine all, cold",3.948,10.7,Select#3[Select>SimpleProjection>Scan],,True,0.58,0.60,aggregate:count+aggregate:sum|numeric|parquet,5000000,,,,,5/0
5000000,"(s4) scan, sort 2 columns by a float64 key [snappy]",polars in-memory,51.726,587.2,,,,,,,,,,,,
5000000,"(s4) scan, sort 2 columns by a float64 key [snappy]",polars streaming,19.553,202.5,,,,,,,,,,,,
5000000,"(s4) scan, sort 2 columns by a float64 key [snappy]","MetalEngine all, cold",9.892,30.9,Sort#2[Sort>Scan],,True,1.98,5.23,sort|numeric|parquet,5000000,,,,,5/0
5000000,"(s1) scan, filter, group-by 1000 keys, sum + count [none]",polars in-memory,10.311,99.2,,,,,,,,,,,,
5000000,"(s1) scan, filter, group-by 1000 keys, sum + count [none]",polars streaming,5.428,48.7,,,,,,,,,,,,
5000000,"(s1) scan, filter, group-by 1000 keys, sum + count [none]","MetalEngine all, cold",6.180,9.1,GroupBy#2[GroupBy>SimpleProjection>Scan],,True,0.88,1.67,group_by:count+group_by:sum|numeric|parquet,5000000,,1000,,,5/0
5000000,"(s2) scan, filter on id (row groups skipped), group-by, sum [none]",polars in-memory,15.507,151.3,,,,,,,,,,,,
5000000,"(s2) scan, filter on id (row groups skipped), group-by, sum [none]",polars streaming,5.890,54.2,,,,,,,,,,,,
5000000,"(s2) scan, filter on id (row groups skipped), group-by, sum [none]","MetalEngine all, cold",6.933,8.9,GroupBy#2[GroupBy>SimpleProjection>Scan],,True,0.85,2.24,group_by:sum|numeric|parquet,5000000,,1000,,,5/0
5000000,"(s3) scan, filter, sum + count [none]",polars in-memory,2.185,10.6,,,,,,,,,,,,
5000000,"(s3) scan, filter, sum + count [none]",polars streaming,2.177,11.2,,,,,,,,,,,,
5000000,"(s3) scan, filter, sum + count [none]","MetalEngine all, cold",3.767,5.3,Select#3[Select>SimpleProjection>Scan],,True,0.58,0.58,aggregate:count+aggregate:sum|numeric|parquet,5000000,,,,,5/0
5000000,"(s4) scan, sort 2 columns by a float64 key [none]",polars in-memory,47.883,576.0,,,,,,,,,,,,
5000000,"(s4) scan, sort 2 columns by a float64 key [none]",polars streaming,16.842,191.3,,,,,,,,,,,,
5000000,"(s4) scan, sort 2 columns by a float64 key [none]","MetalEngine all, cold",7.373,5.1,Sort#2[Sort>Scan],,True,2.28,6.49,sort|numeric|parquet,5000000,,,,,5/0
10000000,"(s1) scan, filter, group-by 1000 keys, sum + count [snappy]",polars in-memory,23.382,254.0,,,,,,,,,,,,
10000000,"(s1) scan, filter, group-by 1000 keys, sum + count [snappy]",polars streaming,12.293,137.4,,,,,,,,,,,,
10000000,"(s1) scan, filter, group-by 1000 keys, sum + count [snappy]","MetalEngine all, cold",17.377,86.8,GroupBy#2[GroupBy>SimpleProjection>Scan],,True,0.71,1.35,group_by:count+group_by:sum|numeric|parquet,10000000,,1000,,,10/0
10000000,"(s2) scan, filter on id (row groups skipped), group-by, sum [snappy]",polars in-memory,23.531,182.1,,,,,,,,,,,,
10000000,"(s2) scan, filter on id (row groups skipped), group-by, sum [snappy]",polars streaming,12.472,80.3,,,,,,,,,,,,
10000000,"(s2) scan, filter on id (row groups skipped), group-by, sum [snappy]","MetalEngine all, cold",11.109,60.7,GroupBy#2[GroupBy>SimpleProjection>Scan],,True,1.12,2.12,group_by:sum|numeric|parquet,10000000,,1000,,,5/5
10000000,"(s3) scan, filter, sum + count [snappy]",polars in-memory,3.091,29.8,,,,,,,,,,,,
10000000,"(s3) scan, filter, sum + count [snappy]",polars streaming,3.215,29.7,,,,,,,,,,,,
10000000,"(s3) scan, filter, sum + count [snappy]","MetalEngine all, cold",6.305,17.9,Select#3[Select>SimpleProjection>Scan],,True,0.49,0.49,aggregate:count+aggregate:sum|numeric|parquet,10000000,,,,,10/0
10000000,"(s4) scan, sort 2 columns by a float64 key [snappy]",polars in-memory,104.794,1220.6,,,,,,,,,,,,
10000000,"(s4) scan, sort 2 columns by a float64 key [snappy]",polars streaming,32.262,397.8,,,,,,,,,,,,
10000000,"(s4) scan, sort 2 columns by a float64 key [snappy]","MetalEngine all, cold",18.699,58.4,Sort#2[Sort>Scan],,True,1.73,5.60,sort|numeric|parquet,10000000,,,,,10/0
10000000,"(s1) scan, filter, group-by 1000 keys, sum + count [none]",polars in-memory,18.200,198.6,,,,,,,,,,,,
10000000,"(s1) scan, filter, group-by 1000 keys, sum + count [none]",polars streaming,8.245,104.4,,,,,,,,,,,,
10000000,"(s1) scan, filter, group-by 1000 keys, sum + count [none]","MetalEngine all, cold",10.327,13.9,GroupBy#2[GroupBy>SimpleProjection>Scan],,True,0.80,1.76,group_by:count+group_by:sum|numeric|parquet,10000000,,1000,,,10/0
10000000,"(s2) scan, filter on id (row groups skipped), group-by, sum [none]",polars in-memory,16.143,157.2,,,,,,,,,,,,
10000000,"(s2) scan, filter on id (row groups skipped), group-by, sum [none]",polars streaming,6.039,59.0,,,,,,,,,,,,
10000000,"(s2) scan, filter on id (row groups skipped), group-by, sum [none]","MetalEngine all, cold",6.979,8.8,GroupBy#2[GroupBy>SimpleProjection>Scan],,True,0.87,2.31,group_by:sum|numeric|parquet,10000000,,1000,,,5/5
10000000,"(s3) scan, filter, sum + count [none]",polars in-memory,2.924,28.0,,,,,,,,,,,,
10000000,"(s3) scan, filter, sum + count [none]",polars streaming,2.817,27.7,,,,,,,,,,,,
10000000,"(s3) scan, filter, sum + count [none]","MetalEngine all, cold",3.944,8.5,Select#3[Select>SimpleProjection>Scan],,True,0.71,0.74,aggregate:count+aggregate:sum|numeric|parquet,10000000,,,,,10/0
10000000,"(s4) scan, sort 2 columns by a float64 key [none]",polars in-memory,105.636,1231.1,,,,,,,,,,,,
10000000,"(s4) scan, sort 2 columns by a float64 key [none]",polars streaming,30.852,390.7,,,,,,,,,,,,
10000000,"(s4) scan, sort 2 columns by a float64 key [none]","MetalEngine all, cold",14.544,9.3,Sort#2[Sort>Scan],,True,2.12,7.26,sort|numeric|parquet,10000000,,,,,10/0
20000000,"(s1) scan, filter, group-by 1000 keys, sum + count [snappy]",polars in-memory,46.993,527.1,,,,,,,,,,,,
20000000,"(s1) scan, filter, group-by 1000 keys, sum + count [snappy]",polars streaming,23.010,302.4,,,,,,,,,,,,
20000000,"(s1) scan, filter, group-by 1000 keys, sum + count [snappy]","MetalEngine all, cold",28.127,154.3,GroupBy#2[GroupBy>SimpleProjection>Scan],,True,0.82,1.67,group_by:count+group_by:sum|numeric|parquet,20000000,,1000,,,20/0
20000000,"(s2) scan, filter on id (row groups skipped), group-by, sum [snappy]",polars in-memory,22.398,178.8,,,,,,,,,,,,
20000000,"(s2) scan, filter on id (row groups skipped), group-by, sum [snappy]",polars streaming,12.451,81.5,,,,,,,,,,,,
20000000,"(s2) scan, filter on id (row groups skipped), group-by, sum [snappy]","MetalEngine all, cold",11.411,61.0,GroupBy#2[GroupBy>SimpleProjection>Scan],,True,1.09,1.96,group_by:sum|numeric|parquet,20000000,,1000,,,5/15
20000000,"(s3) scan, filter, sum + count [snappy]",polars in-memory,6.454,78.6,,,,,,,,,,,,
20000000,"(s3) scan, filter, sum + count [snappy]",polars streaming,6.060,74.7,,,,,,,,,,,,
20000000,"(s3) scan, filter, sum + count [snappy]","MetalEngine all, cold",10.114,31.3,Select#3[Select>SimpleProjection>Scan],,True,0.60,0.64,aggregate:count+aggregate:sum|numeric|parquet,20000000,,,,,20/0
20000000,"(s4) scan, sort 2 columns by a float64 key [snappy]",polars in-memory,209.569,2507.5,,,,,,,,,,,,
20000000,"(s4) scan, sort 2 columns by a float64 key [snappy]",polars streaming,62.977,813.4,,,,,,,,,,,,
20000000,"(s4) scan, sort 2 columns by a float64 key [snappy]","MetalEngine all, cold",35.844,107.4,Sort#2[Sort>Scan],,True,1.76,5.85,sort|numeric|parquet,20000000,,,,,20/0
20000000,"(s1) scan, filter, group-by 1000 keys, sum + count [none]",polars in-memory,37.227,405.8,,,,,,,,,,,,
20000000,"(s1) scan, filter, group-by 1000 keys, sum + count [none]",polars streaming,15.035,215.3,,,,,,,,,,,,
20000000,"(s1) scan, filter, group-by 1000 keys, sum + count [none]","MetalEngine all, cold",17.256,24.0,GroupBy#2[GroupBy>SimpleProjection>Scan],,True,0.87,2.16,group_by:count+group_by:sum|numeric|parquet,20000000,,1000,,,20/0
20000000,"(s2) scan, filter on id (row groups skipped), group-by, sum [none]",polars in-memory,16.536,151.8,,,,,,,,,,,,
20000000,"(s2) scan, filter on id (row groups skipped), group-by, sum [none]",polars streaming,6.036,56.5,,,,,,,,,,,,
20000000,"(s2) scan, filter on id (row groups skipped), group-by, sum [none]","MetalEngine all, cold",7.053,8.9,GroupBy#2[GroupBy>SimpleProjection>Scan],,True,0.86,2.34,group_by:sum|numeric|parquet,20000000,,1000,,,5/15
20000000,"(s3) scan, filter, sum + count [none]",polars in-memory,5.235,66.2,,,,,,,,,,,,
20000000,"(s3) scan, filter, sum + count [none]",polars streaming,5.395,66.6,,,,,,,,,,,,
20000000,"(s3) scan, filter, sum + count [none]","MetalEngine all, cold",6.289,15.2,Select#3[Select>SimpleProjection>Scan],,True,0.83,0.83,aggregate:count+aggregate:sum|numeric|parquet,20000000,,,,,20/0
20000000,"(s4) scan, sort 2 columns by a float64 key [none]",polars in-memory,203.858,2496.3,,,,,,,,,,,,
20000000,"(s4) scan, sort 2 columns by a float64 key [none]",polars streaming,62.512,745.1,,,,,,,,,,,,
20000000,"(s4) scan, sort 2 columns by a float64 key [none]","MetalEngine all, cold",29.192,15.8,Sort#2[Sort>Scan],,True,2.14,6.98,sort|numeric|parquet,20000000,,,,,20/0
50000000,"(s1) scan, filter, group-by 1000 keys, sum + count [snappy]",polars in-memory,101.814,1276.6,,,,,,,,,,,,
50000000,"(s1) scan, filter, group-by 1000 keys, sum + count [snappy]",polars streaming,47.071,707.3,,,,,,,,,,,,
50000000,"(s1) scan, filter, group-by 1000 keys, sum + count [snappy]","MetalEngine all, cold",61.818,359.0,GroupBy#2[GroupBy>SimpleProjection>Scan],,True,0.76,1.65,group_by:count+group_by:sum|numeric|parquet,50000000,,1000,,,50/0
50000000,"(s2) scan, filter on id (row groups skipped), group-by, sum [snappy]",polars in-memory,22.817,183.0,,,,,,,,,,,,
50000000,"(s2) scan, filter on id (row groups skipped), group-by, sum [snappy]",polars streaming,12.511,80.5,,,,,,,,,,,,
50000000,"(s2) scan, filter on id (row groups skipped), group-by, sum [snappy]","MetalEngine all, cold",11.365,60.3,GroupBy#2[GroupBy>SimpleProjection>Scan],,True,1.10,2.01,group_by:sum|numeric|parquet,50000000,,1000,,,5/45
50000000,"(s3) scan, filter, sum + count [snappy]",polars in-memory,12.857,172.3,,,,,,,,,,,,
50000000,"(s3) scan, filter, sum + count [snappy]",polars streaming,13.397,177.6,,,,,,,,,,,,
50000000,"(s3) scan, filter, sum + count [snappy]","MetalEngine all, cold",22.794,89.4,Select#3[Select>SimpleProjection>Scan],,True,0.56,0.56,aggregate:count+aggregate:sum|numeric|parquet,50000000,,,,,50/0
50000000,"(s4) scan, sort 2 columns by a float64 key [snappy]",polars in-memory,531.468,6712.5,,,,,,,,,,,,
50000000,"(s4) scan, sort 2 columns by a float64 key [snappy]",polars streaming,177.869,2502.8,,,,,,,,,,,,
50000000,"(s4) scan, sort 2 columns by a float64 key [snappy]","MetalEngine all, cold",87.289,250.1,Sort#2[Sort>Scan],,True,2.04,6.09,sort|numeric|parquet,50000000,,,,,50/0
50000000,"(s1) scan, filter, group-by 1000 keys, sum + count [none]",polars in-memory,95.225,1205.1,,,,,,,,,,,,
50000000,"(s1) scan, filter, group-by 1000 keys, sum + count [none]",polars streaming,38.274,559.7,,,,,,,,,,,,
50000000,"(s1) scan, filter, group-by 1000 keys, sum + count [none]","MetalEngine all, cold",38.437,54.5,GroupBy#2[GroupBy>SimpleProjection>Scan],,True,1.00,2.48,group_by:count+group_by:sum|numeric|parquet,50000000,,1000,,,50/0
50000000,"(s2) scan, filter on id (row groups skipped), group-by, sum [none]",polars in-memory,19.705,175.5,,,,,,,,,,,,
50000000,"(s2) scan, filter on id (row groups skipped), group-by, sum [none]",polars streaming,7.974,77.3,,,,,,,,,,,,
50000000,"(s2) scan, filter on id (row groups skipped), group-by, sum [none]","MetalEngine all, cold",7.426,9.3,GroupBy#2[GroupBy>SimpleProjection>Scan],,True,1.07,2.65,group_by:sum|numeric|parquet,50000000,,1000,,,5/45
50000000,"(s3) scan, filter, sum + count [none]",polars in-memory,14.309,196.0,,,,,,,,,,,,
50000000,"(s3) scan, filter, sum + count [none]",polars streaming,13.333,187.5,,,,,,,,,,,,
50000000,"(s3) scan, filter, sum + count [none]","MetalEngine all, cold",14.036,36.5,Select#3[Select>SimpleProjection>Scan],,True,0.95,1.02,aggregate:count+aggregate:sum|numeric|parquet,50000000,,,,,50/0
50000000,"(s4) scan, sort 2 columns by a float64 key [none]",polars in-memory,534.451,6665.0,,,,,,,,,,,,
50000000,"(s4) scan, sort 2 columns by a float64 key [none]",polars streaming,174.565,2306.8,,,,,,,,,,,,
50000000,"(s4) scan, sort 2 columns by a float64 key [none]","MetalEngine all, cold",72.237,27.9,Sort#2[Sort>Scan],,True,2.42,7.40,sort|numeric|parquet,50000000,,,,,50/0
