# ArrowMetal 0.2.0 on Apple M4 Max, polars 1.44.1 (16 threads), pyarrow 25.0.1, best of 7, crossover sweep
rows,case,engine,wall_ms,cpu_ms,taken,fallbacks,equal_to_polars,vs_fastest_polars,vs_polars_in_memory,shape,input_rows,rule,row_groups_read_skipped
250000,(a) filtered sum + count,polars in-memory,0.152,0.4,,,,,,,,,
250000,(a) filtered sum + count,polars streaming,0.122,0.4,,,,,,,,,
250000,(a) filtered sum + count,"MetalEngine all, cold",0.703,0.8,Select#3[Select>SimpleProjection>Filter>DataFrameScan],,True,0.17,0.22,aggregate:count+aggregate:sum|numeric|memory,250000,,
250000,(b) filter + group-by 200 keys + sort desc + limit 10,polars in-memory,0.994,10.2,,,,,,,,,
250000,(b) filter + group-by 200 keys + sort desc + limit 10,polars streaming,1.272,8.8,,,,,,,,,
250000,(b) filter + group-by 200 keys + sort desc + limit 10,"MetalEngine all, cold",2.485,2.9,Sort#4[Sort>Filter>GroupBy>Filter>DataFrameScan],,True,0.40,0.40,group_by:count+group_by:sum+top_k|numeric|memory,250000,,
250000,"(c) group-by (region, sub) mean + max",polars in-memory,1.825,18.9,,,,,,,,,
250000,"(c) group-by (region, sub) mean + max",polars streaming,1.568,13.7,,,,,,,,,
250000,"(c) group-by (region, sub) mean + max","MetalEngine all, cold",4.137,3.3,GroupBy#1[GroupBy>DataFrameScan],,True,0.38,0.44,group_by_multi:mean+group_by_multi:minmax|numeric|memory,250000,,
250000,(d) projection chain then filter,polars in-memory,0.357,0.4,,,,,,,,,
250000,(d) projection chain then filter,polars streaming,0.196,0.9,,,,,,,,,
250000,(d) projection chain then filter,"MetalEngine all, cold",1.542,1.0,Filter#2[Filter>Select>HStack>DataFrameScan],,True,0.13,0.23,rowwise|numeric|memory,250000,,
250000,(e) inner join then sum,polars in-memory,2.994,24.5,,,,,,,,,
250000,(e) inner join then sum,polars streaming,2.237,21.1,,,,,,,,,
250000,(e) inner join then sum,"MetalEngine all, cold",2.433,1.5,Select#3[Select>SimpleProjection>Join>DataFrameScan>DataFrameScan],,True,0.92,1.23,aggregate:sum+join:inner|numeric|memory,1250000,,
250000,(f) semi join,polars in-memory,0.445,5.8,,,,,,,,,
250000,(f) semi join,polars streaming,0.270,1.2,,,,,,,,,
250000,(f) semi join,"MetalEngine all, cold",1.098,1.2,Join#2[Join>DataFrameScan>DataFrameScan],,True,0.25,0.41,join:semi|numeric|memory,251000,,
250000,(g) row_number over partitions,polars in-memory,2.049,18.7,,,,,,,,,
250000,(g) row_number over partitions,polars streaming,16.469,87.6,,,,,,,,,
250000,(g) row_number over partitions,"MetalEngine all, cold",1.956,18.8,,HStack#1: Expression Window has no ArrowMetal translation.,True,1.05,1.05,,,,
250000,(h) as-of join,polars in-memory,1.746,2.8,,,,,,,,,
250000,(h) as-of join,polars streaming,0.384,2.7,,,,,,,,,
250000,(h) as-of join,"MetalEngine all, cold",1.695,3.0,,"Join#2: A AsOf join is not translated (inner, left, semi and anti are taken).",True,0.23,1.03,,,,
250000,"(i) group-by 1 key, 100 000 groups, sum",polars in-memory,1.547,17.0,,,,,,,,,
250000,"(i) group-by 1 key, 100 000 groups, sum",polars streaming,1.073,8.1,,,,,,,,,
250000,"(i) group-by 1 key, 100 000 groups, sum","MetalEngine all, cold",1.870,2.2,GroupBy#1[GroupBy>DataFrameScan],,True,0.57,0.83,group_by:sum|numeric|memory,250000,,
250000,"(j) group-by (k1, k2), sum + count",polars in-memory,2.216,26.6,,,,,,,,,
250000,"(j) group-by (k1, k2), sum + count",polars streaming,1.745,16.8,,,,,,,,,
250000,"(j) group-by (k1, k2), sum + count","MetalEngine all, cold",4.675,5.1,GroupBy#1[GroupBy>DataFrameScan],,True,0.37,0.47,group_by_multi:count+group_by_multi:sum|numeric|memory,250000,,
250000,"(k) group-by (String, int32), sum",polars in-memory,2.373,25.9,,,,,,,,,
250000,"(k) group-by (String, int32), sum",polars streaming,1.877,16.6,,,,,,,,,
250000,"(k) group-by (String, int32), sum","MetalEngine all, cold",5.508,5.9,GroupBy#1[GroupBy>DataFrameScan],,True,0.34,0.43,group_by_multi:sum|string|memory,250000,,
250000,"(l) group-by (region, sub), Float64 sum + mean",polars in-memory,1.741,20.6,,,,,,,,,
250000,"(l) group-by (region, sub), Float64 sum + mean",polars streaming,1.577,15.1,,,,,,,,,
250000,"(l) group-by (region, sub), Float64 sum + mean","MetalEngine all, cold",4.084,3.3,GroupBy#2[GroupBy>HStack>DataFrameScan],,True,0.39,0.43,group_by_multi:mean+group_by_multi:sum|numeric|memory,250000,,
250000,(m) sort 3 columns by an int64 key,polars in-memory,1.319,17.8,,,,,,,,,
250000,(m) sort 3 columns by an int64 key,polars streaming,1.687,20.2,,,,,,,,,
250000,(m) sort 3 columns by an int64 key,"MetalEngine all, cold",2.628,1.1,Sort#2[Sort>DataFrameScan],,True,0.50,0.50,sort|numeric|memory,250000,,
250000,"(n) top 100 by Float64, descending",polars in-memory,1.305,1.6,,,,,,,,,
250000,"(n) top 100 by Float64, descending",polars streaming,0.742,4.6,,,,,,,,,
250000,"(n) top 100 by Float64, descending","MetalEngine all, cold",2.517,1.6,Sort#3[Sort>Filter>DataFrameScan],,True,0.29,0.52,top_k|numeric|memory,250000,,
250000,"(o) sort with a String column, by an int64 key",polars in-memory,1.325,18.4,,,,,,,,,
250000,"(o) sort with a String column, by an int64 key",polars streaming,1.829,21.2,,,,,,,,,
250000,"(o) sort with a String column, by an int64 key","MetalEngine all, cold",2.079,2.0,Sort#2[Sort>DataFrameScan],,True,0.64,0.64,sort|string|memory,250000,,
250000,"(p) filter, then sort by (int32 asc, nullable Float64 desc)",polars in-memory,2.198,25.3,,,,,,,,,
250000,"(p) filter, then sort by (int32 asc, nullable Float64 desc)",polars streaming,2.621,26.2,,,,,,,,,
250000,"(p) filter, then sort by (int32 asc, nullable Float64 desc)","MetalEngine all, cold",4.678,5.1,Sort#3[Sort>HStack>Filter>DataFrameScan],,True,0.47,0.47,sort_helper_keys|string|memory,250000,,
250000,"(q) filter, then sort by (int32 asc, int64 desc)",polars in-memory,1.590,16.9,,,,,,,,,
250000,"(q) filter, then sort by (int32 asc, int64 desc)",polars streaming,1.744,18.6,,,,,,,,,
250000,"(q) filter, then sort by (int32 asc, int64 desc)","MetalEngine all, cold",1.626,1.7,Sort#3[Sort>Filter>DataFrameScan],,True,0.98,0.98,sort|numeric|memory,250000,,
250000,"(r) unique over (region, sub), keep first",polars in-memory,1.147,13.1,,,,,,,,,
250000,"(r) unique over (region, sub), keep first",polars streaming,1.899,17.4,,,,,,,,,
250000,"(r) unique over (region, sub), keep first","MetalEngine all, cold",1.924,2.3,Distinct#1[Distinct>DataFrameScan],,True,0.60,0.60,distinct|numeric|memory,250000,,
250000,(a2) filtered min + max,polars in-memory,0.168,0.6,,,,,,,,,
250000,(a2) filtered min + max,polars streaming,0.147,0.4,,,,,,,,,
250000,(a2) filtered min + max,"MetalEngine all, cold",1.152,1.2,Select#3[Select>SimpleProjection>Filter>DataFrameScan],,True,0.13,0.15,aggregate:minmax|numeric|memory,250000,,
250000,(a3) filtered mean,polars in-memory,0.141,0.6,,,,,,,,,
250000,(a3) filtered mean,polars streaming,0.160,0.5,,,,,,,,,
250000,(a3) filtered mean,"MetalEngine all, cold",1.162,0.9,Select#3[Select>SimpleProjection>Filter>DataFrameScan],,True,0.12,0.12,aggregate:mean|numeric|memory,250000,,
250000,(a4) filtered count,polars in-memory,0.166,2.2,,,,,,,,,
250000,(a4) filtered count,polars streaming,0.115,0.3,,,,,,,,,
250000,(a4) filtered count,"MetalEngine all, cold",0.526,0.6,Select#3[Select>DataFrameScan],,True,0.22,0.32,aggregate:sum|numeric|memory,250000,,
250000,"(t1) group-by 1 key, 200 groups, sum",polars in-memory,0.700,9.1,,,,,,,,,
250000,"(t1) group-by 1 key, 200 groups, sum",polars streaming,0.650,5.8,,,,,,,,,
250000,"(t1) group-by 1 key, 200 groups, sum","MetalEngine all, cold",1.471,1.8,GroupBy#1[GroupBy>DataFrameScan],,True,0.44,0.48,group_by:sum|numeric|memory,250000,,
250000,"(t2) group-by 1 key, 200 groups, count",polars in-memory,0.622,6.5,,,,,,,,,
250000,"(t2) group-by 1 key, 200 groups, count",polars streaming,0.617,6.3,,,,,,,,,
250000,"(t2) group-by 1 key, 200 groups, count","MetalEngine all, cold",1.231,1.5,GroupBy#1[GroupBy>DataFrameScan],,True,0.50,0.51,group_by:count|numeric|memory,250000,,
250000,"(t3) group-by 1 key, 200 groups, mean",polars in-memory,0.828,9.6,,,,,,,,,
250000,"(t3) group-by 1 key, 200 groups, mean",polars streaming,0.568,5.1,,,,,,,,,
250000,"(t3) group-by 1 key, 200 groups, mean","MetalEngine all, cold",3.180,2.4,GroupBy#1[GroupBy>DataFrameScan],,True,0.18,0.26,group_by:mean|numeric|memory,250000,,
250000,"(t4) group-by 1 key, 200 groups, min + max",polars in-memory,0.732,8.4,,,,,,,,,
250000,"(t4) group-by 1 key, 200 groups, min + max",polars streaming,0.622,5.1,,,,,,,,,
250000,"(t4) group-by 1 key, 200 groups, min + max","MetalEngine all, cold",1.602,1.9,GroupBy#1[GroupBy>DataFrameScan],,True,0.39,0.46,group_by:minmax|numeric|memory,250000,,
250000,"(t5) group-by 1 key, 100 000 groups, count",polars in-memory,1.125,13.1,,,,,,,,,
250000,"(t5) group-by 1 key, 100 000 groups, count",polars streaming,1.139,11.0,,,,,,,,,
250000,"(t5) group-by 1 key, 100 000 groups, count","MetalEngine all, cold",1.403,1.7,GroupBy#1[GroupBy>DataFrameScan],,True,0.80,0.80,group_by:count|numeric|memory,250000,,
250000,"(t6) group-by 1 key, 100 000 groups, mean",polars in-memory,1.628,16.1,,,,,,,,,
250000,"(t6) group-by 1 key, 100 000 groups, mean",polars streaming,1.165,8.9,,,,,,,,,
250000,"(t6) group-by 1 key, 100 000 groups, mean","MetalEngine all, cold",6.793,2.8,GroupBy#1[GroupBy>DataFrameScan],,True,0.17,0.24,group_by:mean|numeric|memory,250000,,
250000,"(t7) group-by 1 key, 100 000 groups, min + max",polars in-memory,1.757,17.8,,,,,,,,,
250000,"(t7) group-by 1 key, 100 000 groups, min + max",polars streaming,1.230,12.0,,,,,,,,,
250000,"(t7) group-by 1 key, 100 000 groups, min + max","MetalEngine all, cold",2.124,2.1,GroupBy#1[GroupBy>DataFrameScan],,True,0.58,0.83,group_by:minmax|numeric|memory,250000,,
250000,"(v1) group-by (region, sub), sum",polars in-memory,1.804,19.4,,,,,,,,,
250000,"(v1) group-by (region, sub), sum",polars streaming,1.509,12.9,,,,,,,,,
250000,"(v1) group-by (region, sub), sum","MetalEngine all, cold",1.867,2.3,GroupBy#1[GroupBy>DataFrameScan],,True,0.81,0.97,group_by_multi:sum|numeric|memory,250000,,
250000,"(v2) group-by (region, sub), count",polars in-memory,1.391,16.0,,,,,,,,,
250000,"(v2) group-by (region, sub), count",polars streaming,1.466,14.0,,,,,,,,,
250000,"(v2) group-by (region, sub), count","MetalEngine all, cold",1.703,2.1,GroupBy#1[GroupBy>DataFrameScan],,True,0.82,0.82,group_by_multi:count|numeric|memory,250000,,
250000,"(v3) group-by (k1, k2), mean",polars in-memory,2.562,25.6,,,,,,,,,
250000,"(v3) group-by (k1, k2), mean",polars streaming,1.692,14.6,,,,,,,,,
250000,"(v3) group-by (k1, k2), mean","MetalEngine all, cold",10.131,5.8,GroupBy#1[GroupBy>DataFrameScan],,True,0.17,0.25,group_by_multi:mean|numeric|memory,250000,,
250000,"(v4) group-by (k1, k2), min + max",polars in-memory,2.657,28.2,,,,,,,,,
250000,"(v4) group-by (k1, k2), min + max",polars streaming,1.829,16.8,,,,,,,,,
250000,"(v4) group-by (k1, k2), min + max","MetalEngine all, cold",7.444,6.5,GroupBy#1[GroupBy>DataFrameScan],,True,0.25,0.36,group_by_multi:minmax|numeric|memory,250000,,
250000,"(w1) inner join, 1M-row build side",polars in-memory,2.318,20.1,,,,,,,,,
250000,"(w1) inner join, 1M-row build side",polars streaming,1.932,17.6,,,,,,,,,
250000,"(w1) inner join, 1M-row build side","MetalEngine all, cold",1.833,1.3,Join#2[Join>DataFrameScan>DataFrameScan],,True,1.05,1.26,join:inner|numeric|memory,1250000,,
250000,"(w2) left join, 1M-row build side",polars in-memory,4.827,32.4,,,,,,,,,
250000,"(w2) left join, 1M-row build side",polars streaming,3.417,16.9,,,,,,,,,
250000,"(w2) left join, 1M-row build side","MetalEngine all, cold",2.090,1.6,Join#2[Join>DataFrameScan>DataFrameScan],,True,1.63,2.31,join:left|numeric|memory,1250000,,
250000,"(w3) semi join, 1M-row build side",polars in-memory,3.455,40.8,,,,,,,,,
250000,"(w3) semi join, 1M-row build side",polars streaming,1.754,14.6,,,,,,,,,
250000,"(w3) semi join, 1M-row build side","MetalEngine all, cold",1.980,1.6,Join#2[Join>DataFrameScan>DataFrameScan],,True,0.89,1.74,join:semi|numeric|memory,1250000,,
250000,"(w4) anti join, 1M-row build side",polars in-memory,3.565,39.6,,,,,,,,,
250000,"(w4) anti join, 1M-row build side",polars streaming,1.666,14.8,,,,,,,,,
250000,"(w4) anti join, 1M-row build side","MetalEngine all, cold",1.945,1.5,Join#2[Join>DataFrameScan>DataFrameScan],,True,0.86,1.83,join:anti|numeric|memory,1250000,,
250000,"(x1) unique over (k1, k2), keep first",polars in-memory,1.757,17.8,,,,,,,,,
250000,"(x1) unique over (k1, k2), keep first",polars streaming,1.920,18.1,,,,,,,,,
250000,"(x1) unique over (k1, k2), keep first","MetalEngine all, cold",7.966,5.9,Distinct#2[Distinct>DataFrameScan],,True,0.22,0.22,distinct|numeric|memory,250000,,
250000,"(x2) sort by a nullable Float64 key, descending",polars in-memory,2.132,27.0,,,,,,,,,
250000,"(x2) sort by a nullable Float64 key, descending",polars streaming,2.351,27.4,,,,,,,,,
250000,"(x2) sort by a nullable Float64 key, descending","MetalEngine all, cold",2.635,2.6,Sort#2[Sort>Select>DataFrameScan],,True,0.81,0.81,sort_helper_keys|numeric|memory,250000,,
250000,(x3) top 100 by an int64 key,polars in-memory,1.437,1.7,,,,,,,,,
250000,(x3) top 100 by an int64 key,polars streaming,0.780,5.0,,,,,,,,,
250000,(x3) top 100 by an int64 key,"MetalEngine all, cold",1.463,1.1,Sort#3[Sort>Filter>DataFrameScan],,True,0.53,0.98,top_k|numeric|memory,250000,,
250000,"(y1) group-by a String key (1000 values), sum",polars in-memory,1.769,15.5,,,,,,,,,
250000,"(y1) group-by a String key (1000 values), sum",polars streaming,0.850,6.3,,,,,,,,,
250000,"(y1) group-by a String key (1000 values), sum","MetalEngine all, cold",2.939,3.4,GroupBy#1[GroupBy>DataFrameScan],,True,0.29,0.60,group_by:sum|string|memory,250000,,
250000,(y2) filter by a String equality,polars in-memory,0.149,0.2,,,,,,,,,
250000,(y2) filter by a String equality,polars streaming,0.127,0.4,,,,,,,,,
250000,(y2) filter by a String equality,"MetalEngine all, cold",0.992,1.0,Filter#2[Filter>DataFrameScan],,True,0.13,0.15,rowwise|string|memory,250000,,
250000,"(y3) filter by a String prefix, then sum",polars in-memory,0.891,1.0,,,,,,,,,
250000,"(y3) filter by a String prefix, then sum",polars streaming,0.256,1.4,,,,,,,,,
250000,"(y3) filter by a String prefix, then sum","MetalEngine all, cold",0.792,0.8,Select#2[Select>SimpleProjection>Filter>DataFrameScan],,True,0.32,1.12,aggregate:sum|string|memory,250000,,
250000,(y4) inner join on a String key,polars in-memory,1.274,12.4,,,,,,,,,
250000,(y4) inner join on a String key,polars streaming,0.796,6.2,,,,,,,,,
250000,(y4) inner join on a String key,"MetalEngine all, cold",4.299,5.0,Join#3[Join>DataFrameScan>DataFrameScan],,True,0.19,0.30,join:inner|string|memory,250500,,
250000,"(y5) unique over (String, int32), keep first",polars in-memory,1.986,15.9,,,,,,,,,
250000,"(y5) unique over (String, int32), keep first",polars streaming,2.174,19.1,,,,,,,,,
250000,"(y5) unique over (String, int32), keep first","MetalEngine all, cold",5.741,5.8,Distinct#2[Distinct>DataFrameScan],,True,0.35,0.35,distinct|string|memory,250000,,
250000,(y6) top 100 by an int64 key with a String column,polars in-memory,1.530,1.8,,,,,,,,,
250000,(y6) top 100 by an int64 key with a String column,polars streaming,0.850,5.4,,,,,,,,,
250000,(y6) top 100 by an int64 key with a String column,"MetalEngine all, cold",1.987,1.5,Sort#3[Sort>Filter>DataFrameScan],,True,0.43,0.77,top_k|string|memory,250000,,
500000,(a) filtered sum + count,polars in-memory,0.174,0.5,,,,,,,,,
500000,(a) filtered sum + count,polars streaming,0.170,0.5,,,,,,,,,
500000,(a) filtered sum + count,"MetalEngine all, cold",0.904,1.0,Select#3[Select>SimpleProjection>Filter>DataFrameScan],,True,0.19,0.19,aggregate:count+aggregate:sum|numeric|memory,500000,,
500000,(b) filter + group-by 200 keys + sort desc + limit 10,polars in-memory,1.419,13.5,,,,,,,,,
500000,(b) filter + group-by 200 keys + sort desc + limit 10,polars streaming,1.346,8.5,,,,,,,,,
500000,(b) filter + group-by 200 keys + sort desc + limit 10,"MetalEngine all, cold",2.828,3.3,Sort#4[Sort>Filter>GroupBy>Filter>DataFrameScan],,True,0.48,0.50,group_by:count+group_by:sum+top_k|numeric|memory,500000,,
500000,"(c) group-by (region, sub) mean + max",polars in-memory,2.876,28.5,,,,,,,,,
500000,"(c) group-by (region, sub) mean + max",polars streaming,2.301,21.4,,,,,,,,,
500000,"(c) group-by (region, sub) mean + max","MetalEngine all, cold",5.136,3.6,GroupBy#1[GroupBy>DataFrameScan],,True,0.45,0.56,group_by_multi:mean+group_by_multi:minmax|numeric|memory,500000,,
500000,(d) projection chain then filter,polars in-memory,0.693,0.7,,,,,,,,,
500000,(d) projection chain then filter,polars streaming,0.259,1.3,,,,,,,,,
500000,(d) projection chain then filter,"MetalEngine all, cold",1.486,1.1,Filter#2[Filter>Select>HStack>DataFrameScan],,True,0.17,0.47,rowwise|numeric|memory,500000,,
500000,(e) inner join then sum,polars in-memory,5.672,35.7,,,,,,,,,
500000,(e) inner join then sum,polars streaming,3.616,35.5,,,,,,,,,
500000,(e) inner join then sum,"MetalEngine all, cold",2.616,1.6,Select#3[Select>SimpleProjection>Join>DataFrameScan>DataFrameScan],,True,1.38,2.17,aggregate:sum+join:inner|numeric|memory,1500000,,
500000,(f) semi join,polars in-memory,0.597,7.4,,,,,,,,,
500000,(f) semi join,polars streaming,0.321,1.8,,,,,,,,,
500000,(f) semi join,"MetalEngine all, cold",0.843,1.0,Join#2[Join>DataFrameScan>DataFrameScan],,True,0.38,0.71,join:semi|numeric|memory,501000,,
500000,(g) row_number over partitions,polars in-memory,3.274,30.3,,,,,,,,,
500000,(g) row_number over partitions,polars streaming,22.623,74.1,,,,,,,,,
500000,(g) row_number over partitions,"MetalEngine all, cold",3.410,29.5,,HStack#1: Expression Window has no ArrowMetal translation.,True,0.96,0.96,,,,
500000,(h) as-of join,polars in-memory,3.071,5.3,,,,,,,,,
500000,(h) as-of join,polars streaming,0.579,4.6,,,,,,,,,
500000,(h) as-of join,"MetalEngine all, cold",2.974,4.2,,"Join#2: A AsOf join is not translated (inner, left, semi and anti are taken).",True,0.19,1.03,,,,
500000,"(i) group-by 1 key, 100 000 groups, sum",polars in-memory,2.214,25.1,,,,,,,,,
500000,"(i) group-by 1 key, 100 000 groups, sum",polars streaming,1.449,14.4,,,,,,,,,
500000,"(i) group-by 1 key, 100 000 groups, sum","MetalEngine all, cold",2.238,2.4,GroupBy#1[GroupBy>DataFrameScan],,True,0.65,0.99,group_by:sum|numeric|memory,500000,,
500000,"(j) group-by (k1, k2), sum + count",polars in-memory,3.931,46.1,,,,,,,,,
500000,"(j) group-by (k1, k2), sum + count",polars streaming,2.706,26.0,,,,,,,,,
500000,"(j) group-by (k1, k2), sum + count","MetalEngine all, cold",10.730,8.7,GroupBy#1[GroupBy>DataFrameScan],,True,0.25,0.37,group_by_multi:count+group_by_multi:sum|numeric|memory,500000,,
500000,"(k) group-by (String, int32), sum",polars in-memory,3.543,42.4,,,,,,,,,
500000,"(k) group-by (String, int32), sum",polars streaming,2.937,30.2,,,,,,,,,
500000,"(k) group-by (String, int32), sum","MetalEngine all, cold",7.759,7.8,GroupBy#1[GroupBy>DataFrameScan],,True,0.38,0.46,group_by_multi:sum|string|memory,500000,,
500000,"(l) group-by (region, sub), Float64 sum + mean",polars in-memory,2.815,32.9,,,,,,,,,
500000,"(l) group-by (region, sub), Float64 sum + mean",polars streaming,2.204,21.5,,,,,,,,,
500000,"(l) group-by (region, sub), Float64 sum + mean","MetalEngine all, cold",5.156,4.0,GroupBy#2[GroupBy>HStack>DataFrameScan],,True,0.43,0.55,group_by_multi:mean+group_by_multi:sum|numeric|memory,500000,,
500000,(m) sort 3 columns by an int64 key,polars in-memory,2.912,35.7,,,,,,,,,
500000,(m) sort 3 columns by an int64 key,polars streaming,3.318,35.8,,,,,,,,,
500000,(m) sort 3 columns by an int64 key,"MetalEngine all, cold",2.481,1.6,Sort#2[Sort>DataFrameScan],,True,1.17,1.17,sort|numeric|memory,500000,,
500000,"(n) top 100 by Float64, descending",polars in-memory,3.306,3.4,,,,,,,,,
500000,"(n) top 100 by Float64, descending",polars streaming,0.918,6.1,,,,,,,,,
500000,"(n) top 100 by Float64, descending","MetalEngine all, cold",2.158,2.1,Sort#3[Sort>Filter>DataFrameScan],,True,0.43,1.53,top_k|numeric|memory,500000,,
500000,"(o) sort with a String column, by an int64 key",polars in-memory,3.076,36.6,,,,,,,,,
500000,"(o) sort with a String column, by an int64 key",polars streaming,4.006,38.7,,,,,,,,,
500000,"(o) sort with a String column, by an int64 key","MetalEngine all, cold",4.740,3.7,Sort#2[Sort>DataFrameScan],,True,0.65,0.65,sort|string|memory,500000,,
500000,"(p) filter, then sort by (int32 asc, nullable Float64 desc)",polars in-memory,4.437,51.2,,,,,,,,,
500000,"(p) filter, then sort by (int32 asc, nullable Float64 desc)",polars streaming,5.037,51.3,,,,,,,,,
500000,"(p) filter, then sort by (int32 asc, nullable Float64 desc)","MetalEngine all, cold",6.228,6.7,Sort#3[Sort>HStack>Filter>DataFrameScan],,True,0.71,0.71,sort_helper_keys|string|memory,500000,,
500000,"(q) filter, then sort by (int32 asc, int64 desc)",polars in-memory,2.824,31.6,,,,,,,,,
500000,"(q) filter, then sort by (int32 asc, int64 desc)",polars streaming,3.087,34.5,,,,,,,,,
500000,"(q) filter, then sort by (int32 asc, int64 desc)","MetalEngine all, cold",4.088,3.0,Sort#3[Sort>Filter>DataFrameScan],,True,0.69,0.69,sort|numeric|memory,500000,,
500000,"(r) unique over (region, sub), keep first",polars in-memory,1.996,19.9,,,,,,,,,
500000,"(r) unique over (region, sub), keep first",polars streaming,2.971,30.0,,,,,,,,,
500000,"(r) unique over (region, sub), keep first","MetalEngine all, cold",2.317,2.7,Distinct#1[Distinct>DataFrameScan],,True,0.86,0.86,distinct|numeric|memory,500000,,
500000,(a2) filtered min + max,polars in-memory,0.188,0.6,,,,,,,,,
500000,(a2) filtered min + max,polars streaming,0.175,0.5,,,,,,,,,
500000,(a2) filtered min + max,"MetalEngine all, cold",1.221,1.2,Select#3[Select>SimpleProjection>Filter>DataFrameScan],,True,0.14,0.15,aggregate:minmax|numeric|memory,500000,,
500000,(a3) filtered mean,polars in-memory,0.189,0.6,,,,,,,,,
500000,(a3) filtered mean,polars streaming,0.161,0.5,,,,,,,,,
500000,(a3) filtered mean,"MetalEngine all, cold",1.516,1.0,Select#3[Select>SimpleProjection>Filter>DataFrameScan],,True,0.11,0.12,aggregate:mean|numeric|memory,500000,,
500000,(a4) filtered count,polars in-memory,0.239,1.5,,,,,,,,,
500000,(a4) filtered count,polars streaming,0.134,0.4,,,,,,,,,
500000,(a4) filtered count,"MetalEngine all, cold",0.627,0.7,Select#3[Select>DataFrameScan],,True,0.21,0.38,aggregate:sum|numeric|memory,500000,,
500000,"(t1) group-by 1 key, 200 groups, sum",polars in-memory,1.058,12.5,,,,,,,,,
500000,"(t1) group-by 1 key, 200 groups, sum",polars streaming,0.706,5.7,,,,,,,,,
500000,"(t1) group-by 1 key, 200 groups, sum","MetalEngine all, cold",1.951,2.2,GroupBy#1[GroupBy>DataFrameScan],,True,0.36,0.54,group_by:sum|numeric|memory,500000,,
500000,"(t2) group-by 1 key, 200 groups, count",polars in-memory,1.001,11.0,,,,,,,,,
500000,"(t2) group-by 1 key, 200 groups, count",polars streaming,0.734,6.9,,,,,,,,,
500000,"(t2) group-by 1 key, 200 groups, count","MetalEngine all, cold",1.667,1.9,GroupBy#1[GroupBy>DataFrameScan],,True,0.44,0.60,group_by:count|numeric|memory,500000,,
500000,"(t3) group-by 1 key, 200 groups, mean",polars in-memory,1.278,14.8,,,,,,,,,
500000,"(t3) group-by 1 key, 200 groups, mean",polars streaming,0.784,4.7,,,,,,,,,
500000,"(t3) group-by 1 key, 200 groups, mean","MetalEngine all, cold",3.407,2.9,GroupBy#1[GroupBy>DataFrameScan],,True,0.23,0.38,group_by:mean|numeric|memory,500000,,
500000,"(t4) group-by 1 key, 200 groups, min + max",polars in-memory,1.161,12.7,,,,,,,,,
500000,"(t4) group-by 1 key, 200 groups, min + max",polars streaming,0.886,7.3,,,,,,,,,
500000,"(t4) group-by 1 key, 200 groups, min + max","MetalEngine all, cold",1.938,2.2,GroupBy#1[GroupBy>DataFrameScan],,True,0.46,0.60,group_by:minmax|numeric|memory,500000,,
500000,"(t5) group-by 1 key, 100 000 groups, count",polars in-memory,1.704,18.7,,,,,,,,,
500000,"(t5) group-by 1 key, 100 000 groups, count",polars streaming,1.381,13.4,,,,,,,,,
500000,"(t5) group-by 1 key, 100 000 groups, count","MetalEngine all, cold",1.768,2.1,GroupBy#1[GroupBy>DataFrameScan],,True,0.78,0.96,group_by:count|numeric|memory,500000,,
500000,"(t6) group-by 1 key, 100 000 groups, mean",polars in-memory,2.143,23.9,,,,,,,,,
500000,"(t6) group-by 1 key, 100 000 groups, mean",polars streaming,1.480,13.2,,,,,,,,,
500000,"(t6) group-by 1 key, 100 000 groups, mean","MetalEngine all, cold",7.905,3.1,GroupBy#1[GroupBy>DataFrameScan],,True,0.19,0.27,group_by:mean|numeric|memory,500000,,
500000,"(t7) group-by 1 key, 100 000 groups, min + max",polars in-memory,2.633,26.6,,,,,,,,,
500000,"(t7) group-by 1 key, 100 000 groups, min + max",polars streaming,1.639,15.9,,,,,,,,,
500000,"(t7) group-by 1 key, 100 000 groups, min + max","MetalEngine all, cold",3.023,2.6,GroupBy#1[GroupBy>DataFrameScan],,True,0.54,0.87,group_by:minmax|numeric|memory,500000,,
500000,"(v1) group-by (region, sub), sum",polars in-memory,2.506,28.6,,,,,,,,,
500000,"(v1) group-by (region, sub), sum",polars streaming,2.051,19.5,,,,,,,,,
500000,"(v1) group-by (region, sub), sum","MetalEngine all, cold",2.373,2.7,GroupBy#1[GroupBy>DataFrameScan],,True,0.86,1.06,group_by_multi:sum|numeric|memory,500000,,
500000,"(v2) group-by (region, sub), count",polars in-memory,2.399,21.5,,,,,,,,,
500000,"(v2) group-by (region, sub), count",polars streaming,2.085,18.0,,,,,,,,,
500000,"(v2) group-by (region, sub), count","MetalEngine all, cold",2.073,2.5,GroupBy#1[GroupBy>DataFrameScan],,True,1.01,1.16,group_by_multi:count|numeric|memory,500000,,
500000,"(v3) group-by (k1, k2), mean",polars in-memory,4.451,51.6,,,,,,,,,
500000,"(v3) group-by (k1, k2), mean",polars streaming,2.608,25.3,,,,,,,,,
500000,"(v3) group-by (k1, k2), mean","MetalEngine all, cold",13.091,6.7,GroupBy#1[GroupBy>DataFrameScan],,True,0.20,0.34,group_by_multi:mean|numeric|memory,500000,,
500000,"(v4) group-by (k1, k2), min + max",polars in-memory,5.063,56.4,,,,,,,,,
500000,"(v4) group-by (k1, k2), min + max",polars streaming,2.579,26.3,,,,,,,,,
500000,"(v4) group-by (k1, k2), min + max","MetalEngine all, cold",6.637,6.8,GroupBy#1[GroupBy>DataFrameScan],,True,0.39,0.76,group_by_multi:minmax|numeric|memory,500000,,
500000,"(w1) inner join, 1M-row build side",polars in-memory,4.314,28.4,,,,,,,,,
500000,"(w1) inner join, 1M-row build side",polars streaming,2.844,26.5,,,,,,,,,
500000,"(w1) inner join, 1M-row build side","MetalEngine all, cold",2.155,1.3,Join#2[Join>DataFrameScan>DataFrameScan],,True,1.32,2.00,join:inner|numeric|memory,1500000,,
500000,"(w2) left join, 1M-row build side",polars in-memory,5.672,39.8,,,,,,,,,
500000,"(w2) left join, 1M-row build side",polars streaming,6.316,28.3,,,,,,,,,
500000,"(w2) left join, 1M-row build side","MetalEngine all, cold",2.562,1.7,Join#2[Join>DataFrameScan>DataFrameScan],,True,2.21,2.21,join:left|numeric|memory,1500000,,
500000,"(w3) semi join, 1M-row build side",polars in-memory,4.151,48.1,,,,,,,,,
500000,"(w3) semi join, 1M-row build side",polars streaming,2.094,18.7,,,,,,,,,
500000,"(w3) semi join, 1M-row build side","MetalEngine all, cold",2.405,1.7,Join#2[Join>DataFrameScan>DataFrameScan],,True,0.87,1.73,join:semi|numeric|memory,1500000,,
500000,"(w4) anti join, 1M-row build side",polars in-memory,3.887,44.6,,,,,,,,,
500000,"(w4) anti join, 1M-row build side",polars streaming,2.095,19.1,,,,,,,,,
500000,"(w4) anti join, 1M-row build side","MetalEngine all, cold",2.446,1.7,Join#2[Join>DataFrameScan>DataFrameScan],,True,0.86,1.59,join:anti|numeric|memory,1500000,,
500000,"(x1) unique over (k1, k2), keep first",polars in-memory,3.442,36.6,,,,,,,,,
500000,"(x1) unique over (k1, k2), keep first",polars streaming,3.086,30.1,,,,,,,,,
500000,"(x1) unique over (k1, k2), keep first","MetalEngine all, cold",10.258,8.2,Distinct#2[Distinct>DataFrameScan],,True,0.30,0.34,distinct|numeric|memory,500000,,
500000,"(x2) sort by a nullable Float64 key, descending",polars in-memory,4.086,49.8,,,,,,,,,
500000,"(x2) sort by a nullable Float64 key, descending",polars streaming,4.445,50.2,,,,,,,,,
500000,"(x2) sort by a nullable Float64 key, descending","MetalEngine all, cold",2.905,3.0,Sort#2[Sort>Select>DataFrameScan],,True,1.41,1.41,sort_helper_keys|numeric|memory,500000,,
500000,(x3) top 100 by an int64 key,polars in-memory,3.307,3.4,,,,,,,,,
500000,(x3) top 100 by an int64 key,polars streaming,1.033,6.9,,,,,,,,,
500000,(x3) top 100 by an int64 key,"MetalEngine all, cold",1.624,1.2,Sort#3[Sort>Filter>DataFrameScan],,True,0.64,2.04,top_k|numeric|memory,500000,,
500000,"(y1) group-by a String key (1000 values), sum",polars in-memory,1.870,22.4,,,,,,,,,
500000,"(y1) group-by a String key (1000 values), sum",polars streaming,1.018,7.2,,,,,,,,,
500000,"(y1) group-by a String key (1000 values), sum","MetalEngine all, cold",4.018,4.4,GroupBy#1[GroupBy>DataFrameScan],,True,0.25,0.47,group_by:sum|string|memory,500000,,
500000,(y2) filter by a String equality,polars in-memory,0.242,0.4,,,,,,,,,
500000,(y2) filter by a String equality,polars streaming,0.156,0.6,,,,,,,,,
500000,(y2) filter by a String equality,"MetalEngine all, cold",1.261,1.3,Filter#2[Filter>DataFrameScan],,True,0.12,0.19,rowwise|string|memory,500000,,
500000,"(y3) filter by a String prefix, then sum",polars in-memory,1.771,1.9,,,,,,,,,
500000,"(y3) filter by a String prefix, then sum",polars streaming,0.354,2.4,,,,,,,,,
500000,"(y3) filter by a String prefix, then sum","MetalEngine all, cold",1.018,1.0,Select#2[Select>SimpleProjection>Filter>DataFrameScan],,True,0.35,1.74,aggregate:sum|string|memory,500000,,
500000,(y4) inner join on a String key,polars in-memory,1.377,18.0,,,,,,,,,
500000,(y4) inner join on a String key,polars streaming,1.148,10.2,,,,,,,,,
500000,(y4) inner join on a String key,"MetalEngine all, cold",5.555,6.0,Join#3[Join>DataFrameScan>DataFrameScan],,True,0.21,0.25,join:inner|string|memory,500500,,
500000,"(y5) unique over (String, int32), keep first",polars in-memory,3.646,33.5,,,,,,,,,
500000,"(y5) unique over (String, int32), keep first",polars streaming,3.693,36.4,,,,,,,,,
500000,"(y5) unique over (String, int32), keep first","MetalEngine all, cold",7.559,7.3,Distinct#2[Distinct>DataFrameScan],,True,0.48,0.48,distinct|string|memory,500000,,
500000,(y6) top 100 by an int64 key with a String column,polars in-memory,3.243,3.3,,,,,,,,,
500000,(y6) top 100 by an int64 key with a String column,polars streaming,0.955,5.4,,,,,,,,,
500000,(y6) top 100 by an int64 key with a String column,"MetalEngine all, cold",2.209,1.7,Sort#3[Sort>Filter>DataFrameScan],,True,0.43,1.47,top_k|string|memory,500000,,
1000000,(a) filtered sum + count,polars in-memory,0.288,0.7,,,,,,,,,
1000000,(a) filtered sum + count,polars streaming,0.193,0.7,,,,,,,,,
1000000,(a) filtered sum + count,"MetalEngine all, cold",1.081,1.2,Select#3[Select>SimpleProjection>Filter>DataFrameScan],,True,0.18,0.27,aggregate:count+aggregate:sum|numeric|memory,1000000,,
1000000,(b) filter + group-by 200 keys + sort desc + limit 10,polars in-memory,2.106,21.0,,,,,,,,,
1000000,(b) filter + group-by 200 keys + sort desc + limit 10,polars streaming,1.466,12.2,,,,,,,,,
1000000,(b) filter + group-by 200 keys + sort desc + limit 10,"MetalEngine all, cold",3.929,4.0,Sort#4[Sort>Filter>GroupBy>Filter>DataFrameScan],,True,0.37,0.54,group_by:count+group_by:sum+top_k|numeric|memory,1000000,,
1000000,"(c) group-by (region, sub) mean + max",polars in-memory,4.061,45.0,,,,,,,,,
1000000,"(c) group-by (region, sub) mean + max",polars streaming,3.882,41.5,,,,,,,,,
1000000,"(c) group-by (region, sub) mean + max","MetalEngine all, cold",3.265,3.5,GroupBy#1[GroupBy>DataFrameScan],,True,1.19,1.24,group_by_multi:mean+group_by_multi:minmax|numeric|memory,1000000,,
1000000,(d) projection chain then filter,polars in-memory,2.667,2.7,,,,,,,,,
1000000,(d) projection chain then filter,polars streaming,0.486,3.6,,,,,,,,,
1000000,(d) projection chain then filter,"MetalEngine all, cold",2.430,1.2,Filter#2[Filter>Select>HStack>DataFrameScan],,True,0.20,1.10,rowwise|numeric|memory,1000000,,
1000000,(e) inner join then sum,polars in-memory,12.031,72.8,,,,,,,,,
1000000,(e) inner join then sum,polars streaming,3.634,33.8,,,,,,,,,
1000000,(e) inner join then sum,"MetalEngine all, cold",3.698,1.8,Select#3[Select>SimpleProjection>Join>DataFrameScan>DataFrameScan],,True,0.98,3.25,aggregate:sum+join:inner|numeric|memory,2000000,,
1000000,(f) semi join,polars in-memory,0.831,10.8,,,,,,,,,
1000000,(f) semi join,polars streaming,0.518,3.4,,,,,,,,,
1000000,(f) semi join,"MetalEngine all, cold",1.092,1.3,Join#2[Join>DataFrameScan>DataFrameScan],,True,0.47,0.76,join:semi|numeric|memory,1001000,,
1000000,(g) row_number over partitions,polars in-memory,6.865,57.0,,,,,,,,,
1000000,(g) row_number over partitions,polars streaming,40.292,86.1,,,,,,,,,
1000000,(g) row_number over partitions,"MetalEngine all, cold",6.937,56.3,,HStack#1: Expression Window has no ArrowMetal translation.,True,0.99,0.99,,,,
1000000,(h) as-of join,polars in-memory,5.330,9.0,,,,,,,,,
1000000,(h) as-of join,polars streaming,1.288,7.7,,,,,,,,,
1000000,(h) as-of join,"MetalEngine all, cold",5.401,7.6,,"Join#2: A AsOf join is not translated (inner, left, semi and anti are taken).",True,0.24,0.99,,,,
1000000,"(i) group-by 1 key, 100 000 groups, sum",polars in-memory,3.335,36.2,,,,,,,,,
1000000,"(i) group-by 1 key, 100 000 groups, sum",polars streaming,1.933,19.6,,,,,,,,,
1000000,"(i) group-by 1 key, 100 000 groups, sum","MetalEngine all, cold",2.830,2.6,GroupBy#1[GroupBy>DataFrameScan],,True,0.68,1.18,group_by:sum|numeric|memory,1000000,,
1000000,"(j) group-by (k1, k2), sum + count",polars in-memory,6.950,87.0,,,,,,,,,
1000000,"(j) group-by (k1, k2), sum + count",polars streaming,4.527,47.2,,,,,,,,,
1000000,"(j) group-by (k1, k2), sum + count","MetalEngine all, cold",9.971,9.8,GroupBy#1[GroupBy>DataFrameScan],,True,0.45,0.70,group_by_multi:count+group_by_multi:sum|numeric|memory,1000000,,
1000000,"(k) group-by (String, int32), sum",polars in-memory,7.952,96.2,,,,,,,,,
1000000,"(k) group-by (String, int32), sum",polars streaming,4.598,48.9,,,,,,,,,
1000000,"(k) group-by (String, int32), sum","MetalEngine all, cold",10.959,9.6,GroupBy#1[GroupBy>DataFrameScan],,True,0.42,0.73,group_by_multi:sum|string|memory,1000000,,
1000000,"(l) group-by (region, sub), Float64 sum + mean",polars in-memory,4.230,49.3,,,,,,,,,
1000000,"(l) group-by (region, sub), Float64 sum + mean",polars streaming,3.538,36.8,,,,,,,,,
1000000,"(l) group-by (region, sub), Float64 sum + mean","MetalEngine all, cold",6.109,4.4,GroupBy#2[GroupBy>HStack>DataFrameScan],,True,0.58,0.69,group_by_multi:mean+group_by_multi:sum|numeric|memory,1000000,,
1000000,(m) sort 3 columns by an int64 key,polars in-memory,5.806,68.7,,,,,,,,,
1000000,(m) sort 3 columns by an int64 key,polars streaming,6.545,72.2,,,,,,,,,
1000000,(m) sort 3 columns by an int64 key,"MetalEngine all, cold",1.643,1.6,Sort#2[Sort>DataFrameScan],,True,3.53,3.53,sort|numeric|memory,1000000,,
1000000,"(n) top 100 by Float64, descending",polars in-memory,7.199,7.4,,,,,,,,,
1000000,"(n) top 100 by Float64, descending",polars streaming,1.000,6.7,,,,,,,,,
1000000,"(n) top 100 by Float64, descending","MetalEngine all, cold",2.639,2.2,Sort#3[Sort>Filter>DataFrameScan],,True,0.38,2.73,top_k|numeric|memory,1000000,,
1000000,"(o) sort with a String column, by an int64 key",polars in-memory,6.045,71.2,,,,,,,,,
1000000,"(o) sort with a String column, by an int64 key",polars streaming,7.669,74.6,,,,,,,,,
1000000,"(o) sort with a String column, by an int64 key","MetalEngine all, cold",5.948,5.6,Sort#2[Sort>DataFrameScan],,True,1.02,1.02,sort|string|memory,1000000,,
1000000,"(p) filter, then sort by (int32 asc, nullable Float64 desc)",polars in-memory,9.838,108.0,,,,,,,,,
1000000,"(p) filter, then sort by (int32 asc, nullable Float64 desc)",polars streaming,10.606,111.9,,,,,,,,,
1000000,"(p) filter, then sort by (int32 asc, nullable Float64 desc)","MetalEngine all, cold",11.114,10.4,Sort#3[Sort>HStack>Filter>DataFrameScan],,True,0.89,0.89,sort_helper_keys|string|memory,1000000,,
1000000,"(q) filter, then sort by (int32 asc, int64 desc)",polars in-memory,5.695,63.9,,,,,,,,,
1000000,"(q) filter, then sort by (int32 asc, int64 desc)",polars streaming,6.057,67.8,,,,,,,,,
1000000,"(q) filter, then sort by (int32 asc, int64 desc)","MetalEngine all, cold",2.798,2.8,Sort#3[Sort>Filter>DataFrameScan],,True,2.04,2.04,sort|numeric|memory,1000000,,
1000000,"(r) unique over (region, sub), keep first",polars in-memory,3.325,33.3,,,,,,,,,
1000000,"(r) unique over (region, sub), keep first",polars streaming,5.181,47.3,,,,,,,,,
1000000,"(r) unique over (region, sub), keep first","MetalEngine all, cold",2.960,3.3,Distinct#1[Distinct>DataFrameScan],,True,1.12,1.12,distinct|numeric|memory,1000000,,
1000000,(a2) filtered min + max,polars in-memory,0.343,0.7,,,,,,,,,
1000000,(a2) filtered min + max,polars streaming,0.216,0.8,,,,,,,,,
1000000,(a2) filtered min + max,"MetalEngine all, cold",1.728,1.4,Select#3[Select>SimpleProjection>Filter>DataFrameScan],,True,0.12,0.20,aggregate:minmax|numeric|memory,1000000,,
1000000,(a3) filtered mean,polars in-memory,0.317,0.9,,,,,,,,,
1000000,(a3) filtered mean,polars streaming,0.186,0.7,,,,,,,,,
1000000,(a3) filtered mean,"MetalEngine all, cold",2.251,1.1,Select#3[Select>SimpleProjection>Filter>DataFrameScan],,True,0.08,0.14,aggregate:mean|numeric|memory,1000000,,
1000000,(a4) filtered count,polars in-memory,0.295,1.1,,,,,,,,,
1000000,(a4) filtered count,polars streaming,0.152,0.5,,,,,,,,,
1000000,(a4) filtered count,"MetalEngine all, cold",0.664,0.8,Select#3[Select>DataFrameScan],,True,0.23,0.44,aggregate:sum|numeric|memory,1000000,,
1000000,"(t1) group-by 1 key, 200 groups, sum",polars in-memory,1.872,19.6,,,,,,,,,
1000000,"(t1) group-by 1 key, 200 groups, sum",polars streaming,0.885,7.9,,,,,,,,,
1000000,"(t1) group-by 1 key, 200 groups, sum","MetalEngine all, cold",2.610,2.4,GroupBy#1[GroupBy>DataFrameScan],,True,0.34,0.72,group_by:sum|numeric|memory,1000000,,
1000000,"(t2) group-by 1 key, 200 groups, count",polars in-memory,1.738,17.9,,,,,,,,,
1000000,"(t2) group-by 1 key, 200 groups, count",polars streaming,0.901,7.8,,,,,,,,,
1000000,"(t2) group-by 1 key, 200 groups, count","MetalEngine all, cold",2.242,2.2,GroupBy#1[GroupBy>DataFrameScan],,True,0.40,0.78,group_by:count|numeric|memory,1000000,,
1000000,"(t3) group-by 1 key, 200 groups, mean",polars in-memory,2.258,24.5,,,,,,,,,
1000000,"(t3) group-by 1 key, 200 groups, mean",polars streaming,0.893,7.6,,,,,,,,,
1000000,"(t3) group-by 1 key, 200 groups, mean","MetalEngine all, cold",2.249,2.2,GroupBy#1[GroupBy>DataFrameScan],,True,0.40,1.00,group_by:mean|numeric|memory,1000000,,
1000000,"(t4) group-by 1 key, 200 groups, min + max",polars in-memory,1.923,21.1,,,,,,,,,
1000000,"(t4) group-by 1 key, 200 groups, min + max",polars streaming,1.070,9.9,,,,,,,,,
1000000,"(t4) group-by 1 key, 200 groups, min + max","MetalEngine all, cold",2.540,2.6,GroupBy#1[GroupBy>DataFrameScan],,True,0.42,0.76,group_by:minmax|numeric|memory,1000000,,
1000000,"(t5) group-by 1 key, 100 000 groups, count",polars in-memory,3.026,28.8,,,,,,,,,
1000000,"(t5) group-by 1 key, 100 000 groups, count",polars streaming,1.816,18.5,,,,,,,,,
1000000,"(t5) group-by 1 key, 100 000 groups, count","MetalEngine all, cold",2.187,2.3,GroupBy#1[GroupBy>DataFrameScan],,True,0.83,1.38,group_by:count|numeric|memory,1000000,,
1000000,"(t6) group-by 1 key, 100 000 groups, mean",polars in-memory,3.314,36.8,,,,,,,,,
1000000,"(t6) group-by 1 key, 100 000 groups, mean",polars streaming,2.086,19.8,,,,,,,,,
1000000,"(t6) group-by 1 key, 100 000 groups, mean","MetalEngine all, cold",4.044,2.7,GroupBy#1[GroupBy>DataFrameScan],,True,0.52,0.82,group_by:mean|numeric|memory,1000000,,
1000000,"(t7) group-by 1 key, 100 000 groups, min + max",polars in-memory,3.268,37.9,,,,,,,,,
1000000,"(t7) group-by 1 key, 100 000 groups, min + max",polars streaming,2.384,22.6,,,,,,,,,
1000000,"(t7) group-by 1 key, 100 000 groups, min + max","MetalEngine all, cold",2.551,2.6,GroupBy#1[GroupBy>DataFrameScan],,True,0.93,1.28,group_by:minmax|numeric|memory,1000000,,
1000000,"(v1) group-by (region, sub), sum",polars in-memory,3.712,42.3,,,,,,,,,
1000000,"(v1) group-by (region, sub), sum",polars streaming,3.540,35.9,,,,,,,,,
1000000,"(v1) group-by (region, sub), sum","MetalEngine all, cold",3.018,3.1,GroupBy#1[GroupBy>DataFrameScan],,True,1.17,1.23,group_by_multi:sum|numeric|memory,1000000,,
1000000,"(v2) group-by (region, sub), count",polars in-memory,3.230,36.3,,,,,,,,,
1000000,"(v2) group-by (region, sub), count",polars streaming,3.184,33.4,,,,,,,,,
1000000,"(v2) group-by (region, sub), count","MetalEngine all, cold",2.557,2.9,GroupBy#1[GroupBy>DataFrameScan],,True,1.25,1.26,group_by_multi:count|numeric|memory,1000000,,
1000000,"(v3) group-by (k1, k2), mean",polars in-memory,7.892,90.5,,,,,,,,,
1000000,"(v3) group-by (k1, k2), mean",polars streaming,4.231,44.3,,,,,,,,,
1000000,"(v3) group-by (k1, k2), mean","MetalEngine all, cold",23.282,8.2,GroupBy#1[GroupBy>DataFrameScan],,True,0.18,0.34,group_by_multi:mean|numeric|memory,1000000,,
1000000,"(v4) group-by (k1, k2), min + max",polars in-memory,9.325,112.1,,,,,,,,,
1000000,"(v4) group-by (k1, k2), min + max",polars streaming,4.645,47.1,,,,,,,,,
1000000,"(v4) group-by (k1, k2), min + max","MetalEngine all, cold",7.766,7.6,GroupBy#1[GroupBy>DataFrameScan],,True,0.60,1.20,group_by_multi:minmax|numeric|memory,1000000,,
1000000,"(w1) inner join, 1M-row build side",polars in-memory,9.627,57.5,,,,,,,,,
1000000,"(w1) inner join, 1M-row build side",polars streaming,3.708,35.7,,,,,,,,,
1000000,"(w1) inner join, 1M-row build side","MetalEngine all, cold",1.717,1.5,Join#2[Join>DataFrameScan>DataFrameScan],,True,2.16,5.61,join:inner|numeric|memory,2000000,,
1000000,"(w2) left join, 1M-row build side",polars in-memory,7.038,50.9,,,,,,,,,
1000000,"(w2) left join, 1M-row build side",polars streaming,4.125,41.0,,,,,,,,,
1000000,"(w2) left join, 1M-row build side","MetalEngine all, cold",3.420,1.9,Join#2[Join>DataFrameScan>DataFrameScan],,True,1.21,2.06,join:left|numeric|memory,2000000,,
1000000,"(w3) semi join, 1M-row build side",polars in-memory,4.756,55.9,,,,,,,,,
1000000,"(w3) semi join, 1M-row build side",polars streaming,2.902,26.4,,,,,,,,,
1000000,"(w3) semi join, 1M-row build side","MetalEngine all, cold",3.102,1.9,Join#2[Join>DataFrameScan>DataFrameScan],,True,0.94,1.53,join:semi|numeric|memory,2000000,,
1000000,"(w4) anti join, 1M-row build side",polars in-memory,5.395,57.2,,,,,,,,,
1000000,"(w4) anti join, 1M-row build side",polars streaming,2.943,27.2,,,,,,,,,
1000000,"(w4) anti join, 1M-row build side","MetalEngine all, cold",3.296,2.0,Join#2[Join>DataFrameScan>DataFrameScan],,True,0.89,1.64,join:anti|numeric|memory,2000000,,
1000000,"(x1) unique over (k1, k2), keep first",polars in-memory,7.529,71.0,,,,,,,,,
1000000,"(x1) unique over (k1, k2), keep first",polars streaming,5.477,56.0,,,,,,,,,
1000000,"(x1) unique over (k1, k2), keep first","MetalEngine all, cold",7.180,7.6,Distinct#2[Distinct>DataFrameScan],,True,0.76,1.05,distinct|numeric|memory,1000000,,
1000000,"(x2) sort by a nullable Float64 key, descending",polars in-memory,8.618,98.6,,,,,,,,,
1000000,"(x2) sort by a nullable Float64 key, descending",polars streaming,9.421,99.3,,,,,,,,,
1000000,"(x2) sort by a nullable Float64 key, descending","MetalEngine all, cold",4.265,3.8,Sort#2[Sort>Select>DataFrameScan],,True,2.02,2.02,sort_helper_keys|numeric|memory,1000000,,
1000000,(x3) top 100 by an int64 key,polars in-memory,7.801,8.0,,,,,,,,,
1000000,(x3) top 100 by an int64 key,polars streaming,1.011,6.4,,,,,,,,,
1000000,(x3) top 100 by an int64 key,"MetalEngine all, cold",3.968,3.2,Sort#3[Sort>Filter>DataFrameScan],,True,0.25,1.97,top_k|numeric|memory,1000000,,
1000000,"(y1) group-by a String key (1000 values), sum",polars in-memory,3.520,39.1,,,,,,,,,
1000000,"(y1) group-by a String key (1000 values), sum",polars streaming,1.377,12.9,,,,,,,,,
1000000,"(y1) group-by a String key (1000 values), sum","MetalEngine all, cold",5.319,4.9,GroupBy#1[GroupBy>DataFrameScan],,True,0.26,0.66,group_by:sum|string|memory,1000000,,
1000000,(y2) filter by a String equality,polars in-memory,0.513,0.6,,,,,,,,,
1000000,(y2) filter by a String equality,polars streaming,0.176,0.9,,,,,,,,,
1000000,(y2) filter by a String equality,"MetalEngine all, cold",1.681,1.7,Filter#2[Filter>DataFrameScan],,True,0.10,0.31,rowwise|string|memory,1000000,,
1000000,"(y3) filter by a String prefix, then sum",polars in-memory,3.851,4.0,,,,,,,,,
1000000,"(y3) filter by a String prefix, then sum",polars streaming,0.549,4.6,,,,,,,,,
1000000,"(y3) filter by a String prefix, then sum","MetalEngine all, cold",1.357,1.3,Select#2[Select>SimpleProjection>Filter>DataFrameScan],,True,0.40,2.84,aggregate:sum|string|memory,1000000,,
1000000,(y4) inner join on a String key,polars in-memory,2.246,27.4,,,,,,,,,
1000000,(y4) inner join on a String key,polars streaming,1.899,18.3,,,,,,,,,
1000000,(y4) inner join on a String key,"MetalEngine all, cold",8.822,8.7,Join#3[Join>DataFrameScan>DataFrameScan],,True,0.22,0.25,join:inner|string|memory,1000500,,
1000000,"(y5) unique over (String, int32), keep first",polars in-memory,8.313,79.0,,,,,,,,,
1000000,"(y5) unique over (String, int32), keep first",polars streaming,6.126,64.5,,,,,,,,,
1000000,"(y5) unique over (String, int32), keep first","MetalEngine all, cold",10.997,9.6,Distinct#2[Distinct>DataFrameScan],,True,0.56,0.76,distinct|string|memory,1000000,,
1000000,(y6) top 100 by an int64 key with a String column,polars in-memory,7.661,7.8,,,,,,,,,
1000000,(y6) top 100 by an int64 key with a String column,polars streaming,1.125,7.3,,,,,,,,,
1000000,(y6) top 100 by an int64 key with a String column,"MetalEngine all, cold",4.704,3.8,Sort#3[Sort>Filter>DataFrameScan],,True,0.24,1.63,top_k|string|memory,1000000,,
2000000,(a) filtered sum + count,polars in-memory,0.595,2.1,,,,,,,,,
2000000,(a) filtered sum + count,polars streaming,0.260,1.3,,,,,,,,,
2000000,(a) filtered sum + count,"MetalEngine all, cold",1.451,1.4,Select#3[Select>SimpleProjection>Filter>DataFrameScan],,True,0.18,0.41,aggregate:count+aggregate:sum|numeric|memory,2000000,,
2000000,(b) filter + group-by 200 keys + sort desc + limit 10,polars in-memory,3.901,41.3,,,,,,,,,
2000000,(b) filter + group-by 200 keys + sort desc + limit 10,polars streaming,1.769,15.7,,,,,,,,,
2000000,(b) filter + group-by 200 keys + sort desc + limit 10,"MetalEngine all, cold",5.182,4.3,Sort#4[Sort>Filter>GroupBy>Filter>DataFrameScan],,True,0.34,0.75,group_by:count+group_by:sum+top_k|numeric|memory,2000000,,
2000000,"(c) group-by (region, sub) mean + max",polars in-memory,7.151,80.0,,,,,,,,,
2000000,"(c) group-by (region, sub) mean + max",polars streaming,5.660,64.7,,,,,,,,,
2000000,"(c) group-by (region, sub) mean + max","MetalEngine all, cold",10.799,5.1,GroupBy#1[GroupBy>DataFrameScan],,True,0.52,0.66,group_by_multi:mean+group_by_multi:minmax|numeric|memory,2000000,,
2000000,(d) projection chain then filter,polars in-memory,7.394,7.4,,,,,,,,,
2000000,(d) projection chain then filter,polars streaming,0.753,7.9,,,,,,,,,
2000000,(d) projection chain then filter,"MetalEngine all, cold",5.155,2.0,Filter#2[Filter>Select>HStack>DataFrameScan],,True,0.15,1.43,rowwise|numeric|memory,2000000,,
2000000,(e) inner join then sum,polars in-memory,7.791,65.1,,,,,,,,,
2000000,(e) inner join then sum,polars streaming,5.042,54.9,,,,,,,,,
2000000,(e) inner join then sum,"MetalEngine all, cold",2.642,1.9,Select#3[Select>SimpleProjection>Join>DataFrameScan>DataFrameScan],,True,1.91,2.95,aggregate:sum+join:inner|numeric|memory,3000000,,
2000000,(f) semi join,polars in-memory,1.115,12.9,,,,,,,,,
2000000,(f) semi join,polars streaming,0.739,6.6,,,,,,,,,
2000000,(f) semi join,"MetalEngine all, cold",3.277,2.0,Join#2[Join>DataFrameScan>DataFrameScan],,True,0.23,0.34,join:semi|numeric|memory,2001000,,
2000000,(g) row_number over partitions,polars in-memory,15.630,113.3,,,,,,,,,
2000000,(g) row_number over partitions,polars streaming,82.101,189.0,,,,,,,,,
2000000,(g) row_number over partitions,"MetalEngine all, cold",15.709,115.0,,HStack#1: Expression Window has no ArrowMetal translation.,True,0.99,0.99,,,,
2000000,(h) as-of join,polars in-memory,6.798,9.8,,,,,,,,,
2000000,(h) as-of join,polars streaming,1.372,9.9,,,,,,,,,
2000000,(h) as-of join,"MetalEngine all, cold",6.848,10.8,,"Join#2: A AsOf join is not translated (inner, left, semi and anti are taken).",True,0.20,0.99,,,,
2000000,"(i) group-by 1 key, 100 000 groups, sum",polars in-memory,5.549,60.9,,,,,,,,,
2000000,"(i) group-by 1 key, 100 000 groups, sum",polars streaming,2.975,30.1,,,,,,,,,
2000000,"(i) group-by 1 key, 100 000 groups, sum","MetalEngine all, cold",4.111,3.1,GroupBy#1[GroupBy>DataFrameScan],,True,0.72,1.35,group_by:sum|numeric|memory,2000000,,
2000000,"(j) group-by (k1, k2), sum + count",polars in-memory,14.611,185.4,,,,,,,,,
2000000,"(j) group-by (k1, k2), sum + count",polars streaming,7.847,84.2,,,,,,,,,
2000000,"(j) group-by (k1, k2), sum + count","MetalEngine all, cold",16.187,13.1,GroupBy#1[GroupBy>DataFrameScan],,True,0.48,0.90,group_by_multi:count+group_by_multi:sum|numeric|memory,2000000,,
2000000,"(k) group-by (String, int32), sum",polars in-memory,15.137,185.1,,,,,,,,,
2000000,"(k) group-by (String, int32), sum",polars streaming,8.422,91.7,,,,,,,,,
2000000,"(k) group-by (String, int32), sum","MetalEngine all, cold",16.063,11.7,GroupBy#1[GroupBy>DataFrameScan],,True,0.52,0.94,group_by_multi:sum|string|memory,2000000,,
2000000,"(l) group-by (region, sub), Float64 sum + mean",polars in-memory,8.526,87.7,,,,,,,,,
2000000,"(l) group-by (region, sub), Float64 sum + mean",polars streaming,5.598,62.0,,,,,,,,,
2000000,"(l) group-by (region, sub), Float64 sum + mean","MetalEngine all, cold",3.782,4.0,GroupBy#2[GroupBy>HStack>DataFrameScan],,True,1.48,2.25,group_by_multi:mean+group_by_multi:sum|numeric|memory,2000000,,
2000000,(m) sort 3 columns by an int64 key,polars in-memory,12.444,138.9,,,,,,,,,
2000000,(m) sort 3 columns by an int64 key,polars streaming,14.162,141.1,,,,,,,,,
2000000,(m) sort 3 columns by an int64 key,"MetalEngine all, cold",2.602,2.1,Sort#2[Sort>DataFrameScan],,True,4.78,4.78,sort|numeric|memory,2000000,,
2000000,"(n) top 100 by Float64, descending",polars in-memory,14.780,14.9,,,,,,,,,
2000000,"(n) top 100 by Float64, descending",polars streaming,1.542,11.0,,,,,,,,,
2000000,"(n) top 100 by Float64, descending","MetalEngine all, cold",4.259,2.6,Sort#3[Sort>Filter>DataFrameScan],,True,0.36,3.47,top_k|numeric|memory,2000000,,
2000000,"(o) sort with a String column, by an int64 key",polars in-memory,13.020,144.1,,,,,,,,,
2000000,"(o) sort with a String column, by an int64 key",polars streaming,16.841,153.0,,,,,,,,,
2000000,"(o) sort with a String column, by an int64 key","MetalEngine all, cold",10.646,9.7,Sort#2[Sort>DataFrameScan],,True,1.22,1.22,sort|string|memory,2000000,,
2000000,"(p) filter, then sort by (int32 asc, nullable Float64 desc)",polars in-memory,22.947,241.1,,,,,,,,,
2000000,"(p) filter, then sort by (int32 asc, nullable Float64 desc)",polars streaming,24.478,263.3,,,,,,,,,
2000000,"(p) filter, then sort by (int32 asc, nullable Float64 desc)","MetalEngine all, cold",16.704,14.3,Sort#3[Sort>HStack>Filter>DataFrameScan],,True,1.37,1.37,sort_helper_keys|string|memory,2000000,,
2000000,"(q) filter, then sort by (int32 asc, int64 desc)",polars in-memory,14.717,149.3,,,,,,,,,
2000000,"(q) filter, then sort by (int32 asc, int64 desc)",polars streaming,14.712,150.1,,,,,,,,,
2000000,"(q) filter, then sort by (int32 asc, int64 desc)","MetalEngine all, cold",4.160,3.5,Sort#3[Sort>Filter>DataFrameScan],,True,3.54,3.54,sort|numeric|memory,2000000,,
2000000,"(r) unique over (region, sub), keep first",polars in-memory,5.212,55.2,,,,,,,,,
2000000,"(r) unique over (region, sub), keep first",polars streaming,7.454,90.1,,,,,,,,,
2000000,"(r) unique over (region, sub), keep first","MetalEngine all, cold",3.871,4.0,Distinct#1[Distinct>DataFrameScan],,True,1.35,1.35,distinct|numeric|memory,2000000,,
2000000,(a2) filtered min + max,polars in-memory,0.679,2.6,,,,,,,,,
2000000,(a2) filtered min + max,polars streaming,0.249,1.3,,,,,,,,,
2000000,(a2) filtered min + max,"MetalEngine all, cold",2.382,1.7,Select#3[Select>SimpleProjection>Filter>DataFrameScan],,True,0.10,0.29,aggregate:minmax|numeric|memory,2000000,,
2000000,(a3) filtered mean,polars in-memory,0.584,1.1,,,,,,,,,
2000000,(a3) filtered mean,polars streaming,0.250,1.3,,,,,,,,,
2000000,(a3) filtered mean,"MetalEngine all, cold",1.633,1.4,Select#3[Select>SimpleProjection>Filter>DataFrameScan],,True,0.15,0.36,aggregate:mean|numeric|memory,2000000,,
2000000,(a4) filtered count,polars in-memory,0.438,1.6,,,,,,,,,
2000000,(a4) filtered count,polars streaming,0.191,0.9,,,,,,,,,
2000000,(a4) filtered count,"MetalEngine all, cold",0.951,1.1,Select#3[Select>DataFrameScan],,True,0.20,0.46,aggregate:sum|numeric|memory,2000000,,
2000000,"(t1) group-by 1 key, 200 groups, sum",polars in-memory,1.297,12.8,,,,,,,,,
2000000,"(t1) group-by 1 key, 200 groups, sum",polars streaming,1.028,10.5,,,,,,,,,
2000000,"(t1) group-by 1 key, 200 groups, sum","MetalEngine all, cold",4.128,3.1,GroupBy#1[GroupBy>DataFrameScan],,True,0.25,0.31,group_by:sum|numeric|memory,2000000,,
2000000,"(t2) group-by 1 key, 200 groups, count",polars in-memory,1.093,11.7,,,,,,,,,
2000000,"(t2) group-by 1 key, 200 groups, count",polars streaming,1.015,10.2,,,,,,,,,
2000000,"(t2) group-by 1 key, 200 groups, count","MetalEngine all, cold",3.390,2.6,GroupBy#1[GroupBy>DataFrameScan],,True,0.30,0.32,group_by:count|numeric|memory,2000000,,
2000000,"(t3) group-by 1 key, 200 groups, mean",polars in-memory,1.525,15.1,,,,,,,,,
2000000,"(t3) group-by 1 key, 200 groups, mean",polars streaming,1.054,11.1,,,,,,,,,
2000000,"(t3) group-by 1 key, 200 groups, mean","MetalEngine all, cold",2.908,2.6,GroupBy#1[GroupBy>DataFrameScan],,True,0.36,0.52,group_by:mean|numeric|memory,2000000,,
2000000,"(t4) group-by 1 key, 200 groups, min + max",polars in-memory,1.696,16.4,,,,,,,,,
2000000,"(t4) group-by 1 key, 200 groups, min + max",polars streaming,1.315,13.6,,,,,,,,,
2000000,"(t4) group-by 1 key, 200 groups, min + max","MetalEngine all, cold",3.924,3.2,GroupBy#1[GroupBy>DataFrameScan],,True,0.34,0.43,group_by:minmax|numeric|memory,2000000,,
2000000,"(t5) group-by 1 key, 100 000 groups, count",polars in-memory,4.300,52.2,,,,,,,,,
2000000,"(t5) group-by 1 key, 100 000 groups, count",polars streaming,2.808,30.8,,,,,,,,,
2000000,"(t5) group-by 1 key, 100 000 groups, count","MetalEngine all, cold",3.144,2.7,GroupBy#1[GroupBy>DataFrameScan],,True,0.89,1.37,group_by:count|numeric|memory,2000000,,
2000000,"(t6) group-by 1 key, 100 000 groups, mean",polars in-memory,5.599,66.6,,,,,,,,,
2000000,"(t6) group-by 1 key, 100 000 groups, mean",polars streaming,3.100,32.7,,,,,,,,,
2000000,"(t6) group-by 1 key, 100 000 groups, mean","MetalEngine all, cold",6.121,3.2,GroupBy#1[GroupBy>DataFrameScan],,True,0.51,0.91,group_by:mean|numeric|memory,2000000,,
2000000,"(t7) group-by 1 key, 100 000 groups, min + max",polars in-memory,5.774,65.8,,,,,,,,,
2000000,"(t7) group-by 1 key, 100 000 groups, min + max",polars streaming,3.511,38.1,,,,,,,,,
2000000,"(t7) group-by 1 key, 100 000 groups, min + max","MetalEngine all, cold",2.843,2.8,GroupBy#1[GroupBy>DataFrameScan],,True,1.23,2.03,group_by:minmax|numeric|memory,2000000,,
2000000,"(v1) group-by (region, sub), sum",polars in-memory,6.918,69.9,,,,,,,,,
2000000,"(v1) group-by (region, sub), sum",polars streaming,5.210,58.3,,,,,,,,,
2000000,"(v1) group-by (region, sub), sum","MetalEngine all, cold",4.438,3.9,GroupBy#1[GroupBy>DataFrameScan],,True,1.17,1.56,group_by_multi:sum|numeric|memory,2000000,,
2000000,"(v2) group-by (region, sub), count",polars in-memory,5.558,59.5,,,,,,,,,
2000000,"(v2) group-by (region, sub), count",polars streaming,4.920,55.4,,,,,,,,,
2000000,"(v2) group-by (region, sub), count","MetalEngine all, cold",3.432,3.4,GroupBy#1[GroupBy>DataFrameScan],,True,1.43,1.62,group_by_multi:count|numeric|memory,2000000,,
2000000,"(v3) group-by (k1, k2), mean",polars in-memory,15.928,193.4,,,,,,,,,
2000000,"(v3) group-by (k1, k2), mean",polars streaming,8.051,86.7,,,,,,,,,
2000000,"(v3) group-by (k1, k2), mean","MetalEngine all, cold",42.162,9.5,GroupBy#1[GroupBy>DataFrameScan],,True,0.19,0.38,group_by_multi:mean|numeric|memory,2000000,,
2000000,"(v4) group-by (k1, k2), min + max",polars in-memory,17.344,208.8,,,,,,,,,
2000000,"(v4) group-by (k1, k2), min + max",polars streaming,8.140,88.0,,,,,,,,,
2000000,"(v4) group-by (k1, k2), min + max","MetalEngine all, cold",12.831,9.0,GroupBy#1[GroupBy>DataFrameScan],,True,0.63,1.35,group_by_multi:minmax|numeric|memory,2000000,,
2000000,"(w1) inner join, 1M-row build side",polars in-memory,7.375,52.8,,,,,,,,,
2000000,"(w1) inner join, 1M-row build side",polars streaming,5.258,57.4,,,,,,,,,
2000000,"(w1) inner join, 1M-row build side","MetalEngine all, cold",2.589,1.9,Join#2[Join>DataFrameScan>DataFrameScan],,True,2.03,2.85,join:inner|numeric|memory,3000000,,
2000000,"(w2) left join, 1M-row build side",polars in-memory,9.499,73.8,,,,,,,,,
2000000,"(w2) left join, 1M-row build side",polars streaming,5.996,65.3,,,,,,,,,
2000000,"(w2) left join, 1M-row build side","MetalEngine all, cold",2.853,2.2,Join#2[Join>DataFrameScan>DataFrameScan],,True,2.10,3.33,join:left|numeric|memory,3000000,,
2000000,"(w3) semi join, 1M-row build side",polars in-memory,7.108,72.0,,,,,,,,,
2000000,"(w3) semi join, 1M-row build side",polars streaming,3.993,42.6,,,,,,,,,
2000000,"(w3) semi join, 1M-row build side","MetalEngine all, cold",2.518,2.2,Join#2[Join>DataFrameScan>DataFrameScan],,True,1.59,2.82,join:semi|numeric|memory,3000000,,
2000000,"(w4) anti join, 1M-row build side",polars in-memory,7.115,69.9,,,,,,,,,
2000000,"(w4) anti join, 1M-row build side",polars streaming,3.954,42.8,,,,,,,,,
2000000,"(w4) anti join, 1M-row build side","MetalEngine all, cold",2.858,2.5,Join#2[Join>DataFrameScan>DataFrameScan],,True,1.38,2.49,join:anti|numeric|memory,3000000,,
2000000,"(x1) unique over (k1, k2), keep first",polars in-memory,17.227,157.5,,,,,,,,,
2000000,"(x1) unique over (k1, k2), keep first",polars streaming,9.302,105.6,,,,,,,,,
2000000,"(x1) unique over (k1, k2), keep first","MetalEngine all, cold",10.483,9.1,Distinct#2[Distinct>DataFrameScan],,True,0.89,1.64,distinct|numeric|memory,2000000,,
2000000,"(x2) sort by a nullable Float64 key, descending",polars in-memory,17.794,198.1,,,,,,,,,
2000000,"(x2) sort by a nullable Float64 key, descending",polars streaming,19.507,201.3,,,,,,,,,
2000000,"(x2) sort by a nullable Float64 key, descending","MetalEngine all, cold",6.594,4.7,Sort#2[Sort>Select>DataFrameScan],,True,2.70,2.70,sort_helper_keys|numeric|memory,2000000,,
2000000,(x3) top 100 by an int64 key,polars in-memory,14.884,15.0,,,,,,,,,
2000000,(x3) top 100 by an int64 key,polars streaming,1.600,15.1,,,,,,,,,
2000000,(x3) top 100 by an int64 key,"MetalEngine all, cold",3.833,3.5,Sort#3[Sort>Filter>DataFrameScan],,True,0.42,3.88,top_k|numeric|memory,2000000,,
2000000,"(y1) group-by a String key (1000 values), sum",polars in-memory,5.867,58.0,,,,,,,,,
2000000,"(y1) group-by a String key (1000 values), sum",polars streaming,1.807,20.7,,,,,,,,,
2000000,"(y1) group-by a String key (1000 values), sum","MetalEngine all, cold",4.611,5.2,GroupBy#1[GroupBy>DataFrameScan],,True,0.39,1.27,group_by:sum|string|memory,2000000,,
2000000,(y2) filter by a String equality,polars in-memory,0.956,1.1,,,,,,,,,
2000000,(y2) filter by a String equality,polars streaming,0.248,1.6,,,,,,,,,
2000000,(y2) filter by a String equality,"MetalEngine all, cold",2.571,2.4,Filter#2[Filter>DataFrameScan],,True,0.10,0.37,rowwise|string|memory,2000000,,
2000000,"(y3) filter by a String prefix, then sum",polars in-memory,7.457,7.7,,,,,,,,,
2000000,"(y3) filter by a String prefix, then sum",polars streaming,0.861,8.8,,,,,,,,,
2000000,"(y3) filter by a String prefix, then sum","MetalEngine all, cold",2.143,1.9,Select#2[Select>SimpleProjection>Filter>DataFrameScan],,True,0.40,3.48,aggregate:sum|string|memory,2000000,,
2000000,(y4) inner join on a String key,polars in-memory,3.665,44.6,,,,,,,,,
2000000,(y4) inner join on a String key,polars streaming,3.020,34.1,,,,,,,,,
2000000,(y4) inner join on a String key,"MetalEngine all, cold",13.953,11.9,Join#3[Join>DataFrameScan>DataFrameScan],,True,0.22,0.26,join:inner|string|memory,2000500,,
2000000,"(y5) unique over (String, int32), keep first",polars in-memory,16.127,155.8,,,,,,,,,
2000000,"(y5) unique over (String, int32), keep first",polars streaming,10.751,124.2,,,,,,,,,
2000000,"(y5) unique over (String, int32), keep first","MetalEngine all, cold",10.326,10.6,Distinct#2[Distinct>DataFrameScan],,True,1.04,1.56,distinct|string|memory,2000000,,
2000000,(y6) top 100 by an int64 key with a String column,polars in-memory,15.411,15.5,,,,,,,,,
2000000,(y6) top 100 by an int64 key with a String column,polars streaming,1.593,12.3,,,,,,,,,
2000000,(y6) top 100 by an int64 key with a String column,"MetalEngine all, cold",4.847,4.3,Sort#3[Sort>Filter>DataFrameScan],,True,0.33,3.18,top_k|string|memory,2000000,,
5000000,(a) filtered sum + count,polars in-memory,1.400,2.5,,,,,,,,,
5000000,(a) filtered sum + count,polars streaming,0.449,4.0,,,,,,,,,
5000000,(a) filtered sum + count,"MetalEngine all, cold",2.651,2.4,Select#3[Select>SimpleProjection>Filter>DataFrameScan],,True,0.17,0.53,aggregate:count+aggregate:sum|numeric|memory,5000000,,
5000000,(b) filter + group-by 200 keys + sort desc + limit 10,polars in-memory,4.198,26.2,,,,,,,,,
5000000,(b) filter + group-by 200 keys + sort desc + limit 10,polars streaming,2.267,25.4,,,,,,,,,
5000000,(b) filter + group-by 200 keys + sort desc + limit 10,"MetalEngine all, cold",4.208,4.3,Sort#4[Sort>Filter>GroupBy>Filter>DataFrameScan],,True,0.54,1.00,group_by:count+group_by:sum+top_k|numeric|memory,5000000,,
5000000,"(c) group-by (region, sub) mean + max",polars in-memory,18.033,200.2,,,,,,,,,
5000000,"(c) group-by (region, sub) mean + max",polars streaming,11.321,142.0,,,,,,,,,
5000000,"(c) group-by (region, sub) mean + max","MetalEngine all, cold",8.515,5.9,GroupBy#1[GroupBy>DataFrameScan],,True,1.33,2.12,group_by_multi:mean+group_by_multi:minmax|numeric|memory,5000000,,
5000000,(d) projection chain then filter,polars in-memory,20.193,20.3,,,,,,,,,
5000000,(d) projection chain then filter,polars streaming,1.814,23.7,,,,,,,,,
5000000,(d) projection chain then filter,"MetalEngine all, cold",5.762,2.5,Filter#2[Filter>Select>HStack>DataFrameScan],,True,0.31,3.50,rowwise|numeric|memory,5000000,,
5000000,(e) inner join then sum,polars in-memory,12.485,110.2,,,,,,,,,
5000000,(e) inner join then sum,polars streaming,8.715,117.5,,,,,,,,,
5000000,(e) inner join then sum,"MetalEngine all, cold",5.168,2.7,Select#3[Select>SimpleProjection>Join>DataFrameScan>DataFrameScan],,True,1.69,2.42,aggregate:sum+join:inner|numeric|memory,6000000,,
5000000,(f) semi join,polars in-memory,1.660,20.9,,,,,,,,,
5000000,(f) semi join,polars streaming,1.343,15.9,,,,,,,,,
5000000,(f) semi join,"MetalEngine all, cold",3.908,2.8,Join#2[Join>DataFrameScan>DataFrameScan],,True,0.34,0.42,join:semi|numeric|memory,5001000,,
5000000,(g) row_number over partitions,polars in-memory,42.670,288.4,,,,,,,,,
5000000,(g) row_number over partitions,polars streaming,141.919,519.7,,,,,,,,,
5000000,(g) row_number over partitions,"MetalEngine all, cold",43.081,288.6,,HStack#1: Expression Window has no ArrowMetal translation.,True,0.99,0.99,,,,
5000000,(h) as-of join,polars in-memory,10.848,14.9,,,,,,,,,
5000000,(h) as-of join,polars streaming,1.504,15.1,,,,,,,,,
5000000,(h) as-of join,"MetalEngine all, cold",10.814,16.1,,"Join#2: A AsOf join is not translated (inner, left, semi and anti are taken).",True,0.14,1.00,,,,
5000000,"(i) group-by 1 key, 100 000 groups, sum",polars in-memory,11.449,136.5,,,,,,,,,
5000000,"(i) group-by 1 key, 100 000 groups, sum",polars streaming,5.975,67.9,,,,,,,,,
5000000,"(i) group-by 1 key, 100 000 groups, sum","MetalEngine all, cold",3.984,3.9,GroupBy#1[GroupBy>DataFrameScan],,True,1.50,2.87,group_by:sum|numeric|memory,5000000,,
5000000,"(j) group-by (k1, k2), sum + count",polars in-memory,43.123,489.2,,,,,,,,,
5000000,"(j) group-by (k1, k2), sum + count",polars streaming,21.631,251.4,,,,,,,,,
5000000,"(j) group-by (k1, k2), sum + count","MetalEngine all, cold",40.729,23.2,GroupBy#1[GroupBy>DataFrameScan],,True,0.53,1.06,group_by_multi:count+group_by_multi:sum|numeric|memory,5000000,,
5000000,"(k) group-by (String, int32), sum",polars in-memory,39.643,492.9,,,,,,,,,
5000000,"(k) group-by (String, int32), sum",polars streaming,19.248,217.6,,,,,,,,,
5000000,"(k) group-by (String, int32), sum","MetalEngine all, cold",18.119,14.7,GroupBy#1[GroupBy>DataFrameScan],,True,1.06,2.19,group_by_multi:sum|string|memory,5000000,,
5000000,"(l) group-by (region, sub), Float64 sum + mean",polars in-memory,21.938,211.3,,,,,,,,,
5000000,"(l) group-by (region, sub), Float64 sum + mean",polars streaming,11.690,143.0,,,,,,,,,
5000000,"(l) group-by (region, sub), Float64 sum + mean","MetalEngine all, cold",6.769,5.5,GroupBy#2[GroupBy>HStack>DataFrameScan],,True,1.73,3.24,group_by_multi:mean+group_by_multi:sum|numeric|memory,5000000,,
5000000,(m) sort 3 columns by an int64 key,polars in-memory,35.640,424.2,,,,,,,,,
5000000,(m) sort 3 columns by an int64 key,polars streaming,39.137,428.6,,,,,,,,,
5000000,(m) sort 3 columns by an int64 key,"MetalEngine all, cold",6.258,3.5,Sort#2[Sort>DataFrameScan],,True,5.69,5.69,sort|numeric|memory,5000000,,
5000000,"(n) top 100 by Float64, descending",polars in-memory,38.022,38.3,,,,,,,,,
5000000,"(n) top 100 by Float64, descending",polars streaming,2.929,24.9,,,,,,,,,
5000000,"(n) top 100 by Float64, descending","MetalEngine all, cold",9.605,3.7,Sort#3[Sort>Filter>DataFrameScan],,True,0.30,3.96,top_k|numeric|memory,5000000,,
5000000,"(o) sort with a String column, by an int64 key",polars in-memory,36.608,428.9,,,,,,,,,
5000000,"(o) sort with a String column, by an int64 key",polars streaming,45.009,437.9,,,,,,,,,
5000000,"(o) sort with a String column, by an int64 key","MetalEngine all, cold",26.207,21.3,Sort#2[Sort>DataFrameScan],,True,1.40,1.40,sort|string|memory,5000000,,
5000000,"(p) filter, then sort by (int32 asc, nullable Float64 desc)",polars in-memory,65.928,753.1,,,,,,,,,
5000000,"(p) filter, then sort by (int32 asc, nullable Float64 desc)",polars streaming,69.432,768.1,,,,,,,,,
5000000,"(p) filter, then sort by (int32 asc, nullable Float64 desc)","MetalEngine all, cold",39.379,27.8,Sort#3[Sort>HStack>Filter>DataFrameScan],,True,1.67,1.67,sort_helper_keys|string|memory,5000000,,
5000000,"(q) filter, then sort by (int32 asc, int64 desc)",polars in-memory,45.034,504.7,,,,,,,,,
5000000,"(q) filter, then sort by (int32 asc, int64 desc)",polars streaming,45.859,525.5,,,,,,,,,
5000000,"(q) filter, then sort by (int32 asc, int64 desc)","MetalEngine all, cold",9.229,5.1,Sort#3[Sort>Filter>DataFrameScan],,True,4.88,4.88,sort|numeric|memory,5000000,,
5000000,"(r) unique over (region, sub), keep first",polars in-memory,13.824,138.9,,,,,,,,,
5000000,"(r) unique over (region, sub), keep first",polars streaming,18.276,232.0,,,,,,,,,
5000000,"(r) unique over (region, sub), keep first","MetalEngine all, cold",6.348,5.3,Distinct#1[Distinct>DataFrameScan],,True,2.18,2.18,distinct|numeric|memory,5000000,,
5000000,(a2) filtered min + max,polars in-memory,1.510,3.5,,,,,,,,,
5000000,(a2) filtered min + max,polars streaming,0.535,4.1,,,,,,,,,
5000000,(a2) filtered min + max,"MetalEngine all, cold",2.937,2.8,Select#3[Select>SimpleProjection>Filter>DataFrameScan],,True,0.18,0.51,aggregate:minmax|numeric|memory,5000000,,
5000000,(a3) filtered mean,polars in-memory,1.354,2.5,,,,,,,,,
5000000,(a3) filtered mean,polars streaming,0.576,4.7,,,,,,,,,
5000000,(a3) filtered mean,"MetalEngine all, cold",3.244,2.4,Select#3[Select>SimpleProjection>Filter>DataFrameScan],,True,0.18,0.42,aggregate:mean|numeric|memory,5000000,,
5000000,(a4) filtered count,polars in-memory,0.986,2.0,,,,,,,,,
5000000,(a4) filtered count,polars streaming,0.349,2.2,,,,,,,,,
5000000,(a4) filtered count,"MetalEngine all, cold",1.937,2.0,Select#3[Select>DataFrameScan],,True,0.18,0.51,aggregate:sum|numeric|memory,5000000,,
5000000,"(t1) group-by 1 key, 200 groups, sum",polars in-memory,2.472,20.1,,,,,,,,,
5000000,"(t1) group-by 1 key, 200 groups, sum",polars streaming,1.807,18.8,,,,,,,,,
5000000,"(t1) group-by 1 key, 200 groups, sum","MetalEngine all, cold",3.880,3.6,GroupBy#1[GroupBy>DataFrameScan],,True,0.47,0.64,group_by:sum|numeric|memory,5000000,,
5000000,"(t2) group-by 1 key, 200 groups, count",polars in-memory,2.063,17.8,,,,,,,,,
5000000,"(t2) group-by 1 key, 200 groups, count",polars streaming,1.848,16.5,,,,,,,,,
5000000,"(t2) group-by 1 key, 200 groups, count","MetalEngine all, cold",2.756,2.7,GroupBy#1[GroupBy>DataFrameScan],,True,0.67,0.75,group_by:count|numeric|memory,5000000,,
5000000,"(t3) group-by 1 key, 200 groups, mean",polars in-memory,2.325,19.8,,,,,,,,,
5000000,"(t3) group-by 1 key, 200 groups, mean",polars streaming,2.199,19.9,,,,,,,,,
5000000,"(t3) group-by 1 key, 200 groups, mean","MetalEngine all, cold",4.995,3.8,GroupBy#1[GroupBy>DataFrameScan],,True,0.44,0.47,group_by:mean|numeric|memory,5000000,,
5000000,"(t4) group-by 1 key, 200 groups, min + max",polars in-memory,2.612,28.1,,,,,,,,,
5000000,"(t4) group-by 1 key, 200 groups, min + max",polars streaming,2.346,26.2,,,,,,,,,
5000000,"(t4) group-by 1 key, 200 groups, min + max","MetalEngine all, cold",4.725,3.8,GroupBy#1[GroupBy>DataFrameScan],,True,0.50,0.55,group_by:minmax|numeric|memory,5000000,,
5000000,"(t5) group-by 1 key, 100 000 groups, count",polars in-memory,9.345,107.4,,,,,,,,,
5000000,"(t5) group-by 1 key, 100 000 groups, count",polars streaming,5.915,56.2,,,,,,,,,
5000000,"(t5) group-by 1 key, 100 000 groups, count","MetalEngine all, cold",2.584,2.8,GroupBy#1[GroupBy>DataFrameScan],,True,2.29,3.62,group_by:count|numeric|memory,5000000,,
5000000,"(t6) group-by 1 key, 100 000 groups, mean",polars in-memory,11.994,144.7,,,,,,,,,
5000000,"(t6) group-by 1 key, 100 000 groups, mean",polars streaming,6.480,65.4,,,,,,,,,
5000000,"(t6) group-by 1 key, 100 000 groups, mean","MetalEngine all, cold",7.997,4.3,GroupBy#1[GroupBy>DataFrameScan],,True,0.81,1.50,group_by:mean|numeric|memory,5000000,,
5000000,"(t7) group-by 1 key, 100 000 groups, min + max",polars in-memory,13.432,165.0,,,,,,,,,
5000000,"(t7) group-by 1 key, 100 000 groups, min + max",polars streaming,7.967,74.3,,,,,,,,,
5000000,"(t7) group-by 1 key, 100 000 groups, min + max","MetalEngine all, cold",5.223,4.0,GroupBy#1[GroupBy>DataFrameScan],,True,1.53,2.57,group_by:minmax|numeric|memory,5000000,,
5000000,"(v1) group-by (region, sub), sum",polars in-memory,16.892,177.4,,,,,,,,,
5000000,"(v1) group-by (region, sub), sum",polars streaming,11.187,123.3,,,,,,,,,
5000000,"(v1) group-by (region, sub), sum","MetalEngine all, cold",8.508,5.1,GroupBy#1[GroupBy>DataFrameScan],,True,1.31,1.99,group_by_multi:sum|numeric|memory,5000000,,
5000000,"(v2) group-by (region, sub), count",polars in-memory,14.152,142.0,,,,,,,,,
5000000,"(v2) group-by (region, sub), count",polars streaming,11.115,111.4,,,,,,,,,
5000000,"(v2) group-by (region, sub), count","MetalEngine all, cold",3.211,3.7,GroupBy#1[GroupBy>DataFrameScan],,True,3.46,4.41,group_by_multi:count|numeric|memory,5000000,,
5000000,"(v3) group-by (k1, k2), mean",polars in-memory,46.578,594.1,,,,,,,,,
5000000,"(v3) group-by (k1, k2), mean",polars streaming,23.286,224.0,,,,,,,,,
5000000,"(v3) group-by (k1, k2), mean","MetalEngine all, cold",109.897,13.1,GroupBy#1[GroupBy>DataFrameScan],,True,0.21,0.42,group_by_multi:mean|numeric|memory,5000000,,
5000000,"(v4) group-by (k1, k2), min + max",polars in-memory,50.221,661.5,,,,,,,,,
5000000,"(v4) group-by (k1, k2), min + max",polars streaming,24.416,225.6,,,,,,,,,
5000000,"(v4) group-by (k1, k2), min + max","MetalEngine all, cold",36.412,13.0,GroupBy#1[GroupBy>DataFrameScan],,True,0.67,1.38,group_by_multi:minmax|numeric|memory,5000000,,
5000000,"(w1) inner join, 1M-row build side",polars in-memory,12.763,113.8,,,,,,,,,
5000000,"(w1) inner join, 1M-row build side",polars streaming,10.393,123.2,,,,,,,,,
5000000,"(w1) inner join, 1M-row build side","MetalEngine all, cold",4.650,2.6,Join#2[Join>DataFrameScan>DataFrameScan],,True,2.24,2.74,join:inner|numeric|memory,6000000,,
5000000,"(w2) left join, 1M-row build side",polars in-memory,19.094,168.9,,,,,,,,,
5000000,"(w2) left join, 1M-row build side",polars streaming,11.873,152.0,,,,,,,,,
5000000,"(w2) left join, 1M-row build side","MetalEngine all, cold",5.373,3.0,Join#2[Join>DataFrameScan>DataFrameScan],,True,2.21,3.55,join:left|numeric|memory,6000000,,
5000000,"(w3) semi join, 1M-row build side",polars in-memory,11.889,125.8,,,,,,,,,
5000000,"(w3) semi join, 1M-row build side",polars streaming,7.799,90.6,,,,,,,,,
5000000,"(w3) semi join, 1M-row build side","MetalEngine all, cold",4.936,3.1,Join#2[Join>DataFrameScan>DataFrameScan],,True,1.58,2.41,join:semi|numeric|memory,6000000,,
5000000,"(w4) anti join, 1M-row build side",polars in-memory,12.348,128.4,,,,,,,,,
5000000,"(w4) anti join, 1M-row build side",polars streaming,7.317,92.3,,,,,,,,,
5000000,"(w4) anti join, 1M-row build side","MetalEngine all, cold",5.030,3.2,Join#2[Join>DataFrameScan>DataFrameScan],,True,1.45,2.45,join:anti|numeric|memory,6000000,,
5000000,"(x1) unique over (k1, k2), keep first",polars in-memory,54.179,506.5,,,,,,,,,
5000000,"(x1) unique over (k1, k2), keep first",polars streaming,31.705,341.1,,,,,,,,,
5000000,"(x1) unique over (k1, k2), keep first","MetalEngine all, cold",26.893,13.7,Distinct#2[Distinct>DataFrameScan],,True,1.18,2.01,distinct|numeric|memory,5000000,,
5000000,"(x2) sort by a nullable Float64 key, descending",polars in-memory,49.781,565.4,,,,,,,,,
5000000,"(x2) sort by a nullable Float64 key, descending",polars streaming,53.749,574.9,,,,,,,,,
5000000,"(x2) sort by a nullable Float64 key, descending","MetalEngine all, cold",14.819,6.5,Sort#2[Sort>Select>DataFrameScan],,True,3.36,3.36,sort_helper_keys|numeric|memory,5000000,,
5000000,(x3) top 100 by an int64 key,polars in-memory,40.838,41.1,,,,,,,,,
5000000,(x3) top 100 by an int64 key,polars streaming,3.137,24.6,,,,,,,,,
5000000,(x3) top 100 by an int64 key,"MetalEngine all, cold",3.859,4.4,Sort#3[Sort>Filter>DataFrameScan],,True,0.81,10.58,top_k|numeric|memory,5000000,,
5000000,"(y1) group-by a String key (1000 values), sum",polars in-memory,15.635,159.1,,,,,,,,,
5000000,"(y1) group-by a String key (1000 values), sum",polars streaming,3.415,37.0,,,,,,,,,
5000000,"(y1) group-by a String key (1000 values), sum","MetalEngine all, cold",7.991,7.1,GroupBy#1[GroupBy>DataFrameScan],,True,0.43,1.96,group_by:sum|string|memory,5000000,,
5000000,(y2) filter by a String equality,polars in-memory,2.239,2.4,,,,,,,,,
5000000,(y2) filter by a String equality,polars streaming,0.481,3.7,,,,,,,,,
5000000,(y2) filter by a String equality,"MetalEngine all, cold",5.311,4.4,Filter#2[Filter>DataFrameScan],,True,0.09,0.42,rowwise|string|memory,5000000,,
5000000,"(y3) filter by a String prefix, then sum",polars in-memory,18.889,19.4,,,,,,,,,
5000000,"(y3) filter by a String prefix, then sum",polars streaming,1.852,20.6,,,,,,,,,
5000000,"(y3) filter by a String prefix, then sum","MetalEngine all, cold",4.867,3.8,Select#2[Select>SimpleProjection>Filter>DataFrameScan],,True,0.38,3.88,aggregate:sum|string|memory,5000000,,
5000000,(y4) inner join on a String key,polars in-memory,12.351,121.5,,,,,,,,,
5000000,(y4) inner join on a String key,polars streaming,7.022,68.6,,,,,,,,,
5000000,(y4) inner join on a String key,"MetalEngine all, cold",19.151,18.3,Join#3[Join>DataFrameScan>DataFrameScan],,True,0.37,0.64,join:inner|string|memory,5000500,,
5000000,"(y5) unique over (String, int32), keep first",polars in-memory,39.027,430.1,,,,,,,,,
5000000,"(y5) unique over (String, int32), keep first",polars streaming,27.522,309.0,,,,,,,,,
5000000,"(y5) unique over (String, int32), keep first","MetalEngine all, cold",14.602,13.9,Distinct#2[Distinct>DataFrameScan],,True,1.88,2.67,distinct|string|memory,5000000,,
5000000,(y6) top 100 by an int64 key with a String column,polars in-memory,39.285,39.6,,,,,,,,,
5000000,(y6) top 100 by an int64 key with a String column,polars streaming,2.901,24.2,,,,,,,,,
5000000,(y6) top 100 by an int64 key with a String column,"MetalEngine all, cold",5.451,5.7,Sort#3[Sort>Filter>DataFrameScan],,True,0.53,7.21,top_k|string|memory,5000000,,
10000000,(a) filtered sum + count,polars in-memory,2.828,4.8,,,,,,,,,
10000000,(a) filtered sum + count,polars streaming,0.862,8.0,,,,,,,,,
10000000,(a) filtered sum + count,"MetalEngine all, cold",4.993,4.1,Select#3[Select>SimpleProjection>Filter>DataFrameScan],,True,0.17,0.57,aggregate:count+aggregate:sum|numeric|memory,10000000,,
10000000,(b) filter + group-by 200 keys + sort desc + limit 10,polars in-memory,7.425,41.7,,,,,,,,,
10000000,(b) filter + group-by 200 keys + sort desc + limit 10,polars streaming,3.846,39.9,,,,,,,,,
10000000,(b) filter + group-by 200 keys + sort desc + limit 10,"MetalEngine all, cold",6.246,5.5,Sort#4[Sort>Filter>GroupBy>Filter>DataFrameScan],,True,0.62,1.19,group_by:count+group_by:sum+top_k|numeric|memory,10000000,,
10000000,"(c) group-by (region, sub) mean + max",polars in-memory,40.037,476.8,,,,,,,,,
10000000,"(c) group-by (region, sub) mean + max",polars streaming,23.524,272.3,,,,,,,,,
10000000,"(c) group-by (region, sub) mean + max","MetalEngine all, cold",14.638,8.0,GroupBy#1[GroupBy>DataFrameScan],,True,1.61,2.74,group_by_multi:mean+group_by_multi:minmax|numeric|memory,10000000,,
10000000,(d) projection chain then filter,polars in-memory,37.786,37.9,,,,,,,,,
10000000,(d) projection chain then filter,polars streaming,3.100,40.6,,,,,,,,,
10000000,(d) projection chain then filter,"MetalEngine all, cold",10.558,4.2,Filter#2[Filter>Select>HStack>DataFrameScan],,True,0.29,3.58,rowwise|numeric|memory,10000000,,
10000000,(e) inner join then sum,polars in-memory,23.455,221.3,,,,,,,,,
10000000,(e) inner join then sum,polars streaming,16.960,233.8,,,,,,,,,
10000000,(e) inner join then sum,"MetalEngine all, cold",9.206,3.9,Select#3[Select>SimpleProjection>Join>DataFrameScan>DataFrameScan],,True,1.84,2.55,aggregate:sum+join:inner|numeric|memory,11000000,,
10000000,(f) semi join,polars in-memory,2.970,30.5,,,,,,,,,
10000000,(f) semi join,polars streaming,2.693,33.9,,,,,,,,,
10000000,(f) semi join,"MetalEngine all, cold",5.930,4.0,Join#2[Join>DataFrameScan>DataFrameScan],,True,0.45,0.50,join:semi|numeric|memory,10001000,,
10000000,(g) row_number over partitions,polars in-memory,97.719,626.2,,,,,,,,,
10000000,(g) row_number over partitions,polars streaming,326.237,1968.9,,,,,,,,,
10000000,(g) row_number over partitions,"MetalEngine all, cold",94.169,630.1,,HStack#1: Expression Window has no ArrowMetal translation.,True,1.04,1.04,,,,
10000000,(h) as-of join,polars in-memory,29.649,29.8,,,,,,,,,
10000000,(h) as-of join,polars streaming,2.417,27.5,,,,,,,,,
10000000,(h) as-of join,"MetalEngine all, cold",30.087,30.2,,"Join#2: A AsOf join is not translated (inner, left, semi and anti are taken).",True,0.08,0.99,,,,
10000000,"(i) group-by 1 key, 100 000 groups, sum",polars in-memory,22.635,279.2,,,,,,,,,
10000000,"(i) group-by 1 key, 100 000 groups, sum",polars streaming,11.404,129.7,,,,,,,,,
10000000,"(i) group-by 1 key, 100 000 groups, sum","MetalEngine all, cold",6.273,5.1,GroupBy#1[GroupBy>DataFrameScan],,True,1.82,3.61,group_by:sum|numeric|memory,10000000,,
10000000,"(j) group-by (k1, k2), sum + count",polars in-memory,106.153,1236.2,,,,,,,,,
10000000,"(j) group-by (k1, k2), sum + count",polars streaming,52.836,647.5,,,,,,,,,
10000000,"(j) group-by (k1, k2), sum + count","MetalEngine all, cold",83.087,37.8,GroupBy#1[GroupBy>DataFrameScan],,True,0.64,1.28,group_by_multi:count+group_by_multi:sum|numeric|memory,10000000,,
10000000,"(k) group-by (String, int32), sum",polars in-memory,79.040,1023.5,,,,,,,,,
10000000,"(k) group-by (String, int32), sum",polars streaming,34.969,420.5,,,,,,,,,
10000000,"(k) group-by (String, int32), sum","MetalEngine all, cold",23.361,18.0,GroupBy#1[GroupBy>DataFrameScan],,True,1.50,3.38,group_by_multi:sum|string|memory,10000000,,
10000000,"(l) group-by (region, sub), Float64 sum + mean",polars in-memory,45.885,492.5,,,,,,,,,
10000000,"(l) group-by (region, sub), Float64 sum + mean",polars streaming,22.602,281.0,,,,,,,,,
10000000,"(l) group-by (region, sub), Float64 sum + mean","MetalEngine all, cold",12.763,7.1,GroupBy#2[GroupBy>HStack>DataFrameScan],,True,1.77,3.60,group_by_multi:mean+group_by_multi:sum|numeric|memory,10000000,,
10000000,(m) sort 3 columns by an int64 key,polars in-memory,76.989,870.7,,,,,,,,,
10000000,(m) sort 3 columns by an int64 key,polars streaming,84.915,887.0,,,,,,,,,
10000000,(m) sort 3 columns by an int64 key,"MetalEngine all, cold",12.857,5.5,Sort#2[Sort>DataFrameScan],,True,5.99,5.99,sort|numeric|memory,10000000,,
10000000,"(n) top 100 by Float64, descending",polars in-memory,80.966,81.2,,,,,,,,,
10000000,"(n) top 100 by Float64, descending",polars streaming,4.795,44.2,,,,,,,,,
10000000,"(n) top 100 by Float64, descending","MetalEngine all, cold",19.127,5.5,Sort#3[Sort>Filter>DataFrameScan],,True,0.25,4.23,top_k|numeric|memory,10000000,,
10000000,"(o) sort with a String column, by an int64 key",polars in-memory,75.855,907.0,,,,,,,,,
10000000,"(o) sort with a String column, by an int64 key",polars streaming,90.943,897.2,,,,,,,,,
10000000,"(o) sort with a String column, by an int64 key","MetalEngine all, cold",51.372,40.0,Sort#2[Sort>DataFrameScan],,True,1.48,1.48,sort|string|memory,10000000,,
10000000,"(p) filter, then sort by (int32 asc, nullable Float64 desc)",polars in-memory,146.871,1716.1,,,,,,,,,
10000000,"(p) filter, then sort by (int32 asc, nullable Float64 desc)",polars streaming,154.076,1793.6,,,,,,,,,
10000000,"(p) filter, then sort by (int32 asc, nullable Float64 desc)","MetalEngine all, cold",75.738,46.2,Sort#3[Sort>HStack>Filter>DataFrameScan],,True,1.94,1.94,sort_helper_keys|string|memory,10000000,,
10000000,"(q) filter, then sort by (int32 asc, int64 desc)",polars in-memory,105.602,1190.8,,,,,,,,,
10000000,"(q) filter, then sort by (int32 asc, int64 desc)",polars streaming,107.399,1233.6,,,,,,,,,
10000000,"(q) filter, then sort by (int32 asc, int64 desc)","MetalEngine all, cold",19.144,7.6,Sort#3[Sort>Filter>DataFrameScan],,True,5.52,5.52,sort|numeric|memory,10000000,,
10000000,"(r) unique over (region, sub), keep first",polars in-memory,29.826,347.1,,,,,,,,,
10000000,"(r) unique over (region, sub), keep first",polars streaming,35.299,440.2,,,,,,,,,
10000000,"(r) unique over (region, sub), keep first","MetalEngine all, cold",7.622,7.3,Distinct#1[Distinct>DataFrameScan],,True,3.91,3.91,distinct|numeric|memory,10000000,,
10000000,(a2) filtered min + max,polars in-memory,2.912,6.3,,,,,,,,,
10000000,(a2) filtered min + max,polars streaming,0.875,9.6,,,,,,,,,
10000000,(a2) filtered min + max,"MetalEngine all, cold",5.023,4.4,Select#3[Select>SimpleProjection>Filter>DataFrameScan],,True,0.17,0.58,aggregate:minmax|numeric|memory,10000000,,
10000000,(a3) filtered mean,polars in-memory,2.772,4.8,,,,,,,,,
10000000,(a3) filtered mean,polars streaming,1.006,11.5,,,,,,,,,
10000000,(a3) filtered mean,"MetalEngine all, cold",5.876,4.1,Select#3[Select>SimpleProjection>Filter>DataFrameScan],,True,0.17,0.47,aggregate:mean|numeric|memory,10000000,,
10000000,(a4) filtered count,polars in-memory,1.868,3.2,,,,,,,,,
10000000,(a4) filtered count,polars streaming,0.605,6.1,,,,,,,,,
10000000,(a4) filtered count,"MetalEngine all, cold",3.497,3.3,Select#3[Select>DataFrameScan],,True,0.17,0.53,aggregate:sum|numeric|memory,10000000,,
10000000,"(t1) group-by 1 key, 200 groups, sum",polars in-memory,3.213,38.6,,,,,,,,,
10000000,"(t1) group-by 1 key, 200 groups, sum",polars streaming,3.017,36.6,,,,,,,,,
10000000,"(t1) group-by 1 key, 200 groups, sum","MetalEngine all, cold",5.712,4.9,GroupBy#1[GroupBy>DataFrameScan],,True,0.53,0.56,group_by:sum|numeric|memory,10000000,,
10000000,"(t2) group-by 1 key, 200 groups, count",polars in-memory,2.928,34.3,,,,,,,,,
10000000,"(t2) group-by 1 key, 200 groups, count",polars streaming,2.532,31.1,,,,,,,,,
10000000,"(t2) group-by 1 key, 200 groups, count","MetalEngine all, cold",3.679,3.1,GroupBy#1[GroupBy>DataFrameScan],,True,0.69,0.80,group_by:count|numeric|memory,10000000,,
10000000,"(t3) group-by 1 key, 200 groups, mean",polars in-memory,3.407,40.5,,,,,,,,,
10000000,"(t3) group-by 1 key, 200 groups, mean",polars streaming,3.002,37.6,,,,,,,,,
10000000,"(t3) group-by 1 key, 200 groups, mean","MetalEngine all, cold",8.664,5.0,GroupBy#1[GroupBy>DataFrameScan],,True,0.35,0.39,group_by:mean|numeric|memory,10000000,,
10000000,"(t4) group-by 1 key, 200 groups, min + max",polars in-memory,4.098,51.7,,,,,,,,,
10000000,"(t4) group-by 1 key, 200 groups, min + max",polars streaming,3.797,48.5,,,,,,,,,
10000000,"(t4) group-by 1 key, 200 groups, min + max","MetalEngine all, cold",6.192,5.0,GroupBy#1[GroupBy>DataFrameScan],,True,0.61,0.66,group_by:minmax|numeric|memory,10000000,,
10000000,"(t5) group-by 1 key, 100 000 groups, count",polars in-memory,17.590,199.5,,,,,,,,,
10000000,"(t5) group-by 1 key, 100 000 groups, count",polars streaming,10.145,113.7,,,,,,,,,
10000000,"(t5) group-by 1 key, 100 000 groups, count","MetalEngine all, cold",3.760,3.2,GroupBy#1[GroupBy>DataFrameScan],,True,2.70,4.68,group_by:count|numeric|memory,10000000,,
10000000,"(t6) group-by 1 key, 100 000 groups, mean",polars in-memory,24.355,284.1,,,,,,,,,
10000000,"(t6) group-by 1 key, 100 000 groups, mean",polars streaming,12.514,129.8,,,,,,,,,
10000000,"(t6) group-by 1 key, 100 000 groups, mean","MetalEngine all, cold",12.040,5.7,GroupBy#1[GroupBy>DataFrameScan],,True,1.04,2.02,group_by:mean|numeric|memory,10000000,,
10000000,"(t7) group-by 1 key, 100 000 groups, min + max",polars in-memory,26.226,323.8,,,,,,,,,
10000000,"(t7) group-by 1 key, 100 000 groups, min + max",polars streaming,14.304,155.3,,,,,,,,,
10000000,"(t7) group-by 1 key, 100 000 groups, min + max","MetalEngine all, cold",8.980,5.2,GroupBy#1[GroupBy>DataFrameScan],,True,1.59,2.92,group_by:minmax|numeric|memory,10000000,,
10000000,"(v1) group-by (region, sub), sum",polars in-memory,35.457,399.4,,,,,,,,,
10000000,"(v1) group-by (region, sub), sum",polars streaming,23.324,266.3,,,,,,,,,
10000000,"(v1) group-by (region, sub), sum","MetalEngine all, cold",7.107,6.4,GroupBy#1[GroupBy>DataFrameScan],,True,3.28,4.99,group_by_multi:sum|numeric|memory,10000000,,
10000000,"(v2) group-by (region, sub), count",polars in-memory,30.233,349.1,,,,,,,,,
10000000,"(v2) group-by (region, sub), count",polars streaming,20.985,259.2,,,,,,,,,
10000000,"(v2) group-by (region, sub), count","MetalEngine all, cold",4.939,4.8,GroupBy#1[GroupBy>DataFrameScan],,True,4.25,6.12,group_by_multi:count|numeric|memory,10000000,,
10000000,"(v3) group-by (k1, k2), mean",polars in-memory,100.530,1310.9,,,,,,,,,
10000000,"(v3) group-by (k1, k2), mean",polars streaming,52.925,676.0,,,,,,,,,
10000000,"(v3) group-by (k1, k2), mean","MetalEngine all, cold",214.405,18.4,GroupBy#1[GroupBy>DataFrameScan],,True,0.25,0.47,group_by_multi:mean|numeric|memory,10000000,,
10000000,"(v4) group-by (k1, k2), min + max",polars in-memory,118.979,1556.7,,,,,,,,,
10000000,"(v4) group-by (k1, k2), min + max",polars streaming,53.197,691.2,,,,,,,,,
10000000,"(v4) group-by (k1, k2), min + max","MetalEngine all, cold",83.376,17.5,GroupBy#1[GroupBy>DataFrameScan],,True,0.64,1.43,group_by_multi:minmax|numeric|memory,10000000,,
10000000,"(w1) inner join, 1M-row build side",polars in-memory,21.145,204.3,,,,,,,,,
10000000,"(w1) inner join, 1M-row build side",polars streaming,17.765,236.4,,,,,,,,,
10000000,"(w1) inner join, 1M-row build side","MetalEngine all, cold",8.094,3.8,Join#2[Join>DataFrameScan>DataFrameScan],,True,2.19,2.61,join:inner|numeric|memory,11000000,,
10000000,"(w2) left join, 1M-row build side",polars in-memory,60.431,309.3,,,,,,,,,
10000000,"(w2) left join, 1M-row build side",polars streaming,21.208,286.0,,,,,,,,,
10000000,"(w2) left join, 1M-row build side","MetalEngine all, cold",9.311,4.2,Join#2[Join>DataFrameScan>DataFrameScan],,True,2.28,6.49,join:left|numeric|memory,11000000,,
10000000,"(w3) semi join, 1M-row build side",polars in-memory,18.801,205.0,,,,,,,,,
10000000,"(w3) semi join, 1M-row build side",polars streaming,13.613,181.6,,,,,,,,,
10000000,"(w3) semi join, 1M-row build side","MetalEngine all, cold",8.770,4.5,Join#2[Join>DataFrameScan>DataFrameScan],,True,1.55,2.14,join:semi|numeric|memory,11000000,,
10000000,"(w4) anti join, 1M-row build side",polars in-memory,19.198,209.5,,,,,,,,,
10000000,"(w4) anti join, 1M-row build side",polars streaming,13.672,184.8,,,,,,,,,
10000000,"(w4) anti join, 1M-row build side","MetalEngine all, cold",8.794,4.5,Join#2[Join>DataFrameScan>DataFrameScan],,True,1.55,2.18,join:anti|numeric|memory,11000000,,
10000000,"(x1) unique over (k1, k2), keep first",polars in-memory,122.125,1123.8,,,,,,,,,
10000000,"(x1) unique over (k1, k2), keep first",polars streaming,67.645,867.0,,,,,,,,,
10000000,"(x1) unique over (k1, k2), keep first","MetalEngine all, cold",51.262,18.0,Distinct#2[Distinct>DataFrameScan],,True,1.32,2.38,distinct|numeric|memory,10000000,,
10000000,"(x2) sort by a nullable Float64 key, descending",polars in-memory,104.592,1164.2,,,,,,,,,
10000000,"(x2) sort by a nullable Float64 key, descending",polars streaming,112.200,1200.3,,,,,,,,,
10000000,"(x2) sort by a nullable Float64 key, descending","MetalEngine all, cold",30.045,9.4,Sort#2[Sort>Select>DataFrameScan],,True,3.48,3.48,sort_helper_keys|numeric|memory,10000000,,
10000000,(x3) top 100 by an int64 key,polars in-memory,77.266,77.6,,,,,,,,,
10000000,(x3) top 100 by an int64 key,polars streaming,4.754,46.8,,,,,,,,,
10000000,(x3) top 100 by an int64 key,"MetalEngine all, cold",6.289,6.2,Sort#3[Sort>Filter>DataFrameScan],,True,0.76,12.29,top_k|numeric|memory,10000000,,
10000000,"(y1) group-by a String key (1000 values), sum",polars in-memory,31.011,337.1,,,,,,,,,
10000000,"(y1) group-by a String key (1000 values), sum",polars streaming,6.080,78.5,,,,,,,,,
10000000,"(y1) group-by a String key (1000 values), sum","MetalEngine all, cold",12.806,9.7,GroupBy#1[GroupBy>DataFrameScan],,True,0.47,2.42,group_by:sum|string|memory,10000000,,
10000000,(y2) filter by a String equality,polars in-memory,4.423,4.7,,,,,,,,,
10000000,(y2) filter by a String equality,polars streaming,0.774,8.5,,,,,,,,,
10000000,(y2) filter by a String equality,"MetalEngine all, cold",8.712,7.0,Filter#2[Filter>DataFrameScan],,True,0.09,0.51,rowwise|string|memory,10000000,,
10000000,"(y3) filter by a String prefix, then sum",polars in-memory,35.764,37.7,,,,,,,,,
10000000,"(y3) filter by a String prefix, then sum",polars streaming,3.084,43.6,,,,,,,,,
10000000,"(y3) filter by a String prefix, then sum","MetalEngine all, cold",6.859,6.1,Select#2[Select>SimpleProjection>Filter>DataFrameScan],,True,0.45,5.21,aggregate:sum|string|memory,10000000,,
10000000,(y4) inner join on a String key,polars in-memory,24.805,247.3,,,,,,,,,
10000000,(y4) inner join on a String key,polars streaming,13.104,178.9,,,,,,,,,
10000000,(y4) inner join on a String key,"MetalEngine all, cold",35.901,30.1,Join#3[Join>DataFrameScan>DataFrameScan],,True,0.36,0.69,join:inner|string|memory,10000500,,
10000000,"(y5) unique over (String, int32), keep first",polars in-memory,75.016,956.0,,,,,,,,,
10000000,"(y5) unique over (String, int32), keep first",polars streaming,50.447,669.6,,,,,,,,,
10000000,"(y5) unique over (String, int32), keep first","MetalEngine all, cold",20.906,17.2,Distinct#2[Distinct>DataFrameScan],,True,2.41,3.59,distinct|string|memory,10000000,,
10000000,(y6) top 100 by an int64 key with a String column,polars in-memory,77.170,77.4,,,,,,,,,
10000000,(y6) top 100 by an int64 key with a String column,polars streaming,4.547,43.9,,,,,,,,,
10000000,(y6) top 100 by an int64 key with a String column,"MetalEngine all, cold",9.194,8.5,Sort#3[Sort>Filter>DataFrameScan],,True,0.49,8.39,top_k|string|memory,10000000,,
20000000,(a) filtered sum + count,polars in-memory,6.023,9.6,,,,,,,,,
20000000,(a) filtered sum + count,polars streaming,1.362,17.2,,,,,,,,,
20000000,(a) filtered sum + count,"MetalEngine all, cold",9.181,7.4,Select#3[Select>SimpleProjection>Filter>DataFrameScan],,True,0.15,0.66,aggregate:count+aggregate:sum|numeric|memory,20000000,,
20000000,(b) filter + group-by 200 keys + sort desc + limit 10,polars in-memory,12.730,74.7,,,,,,,,,
20000000,(b) filter + group-by 200 keys + sort desc + limit 10,polars streaming,5.617,69.6,,,,,,,,,
20000000,(b) filter + group-by 200 keys + sort desc + limit 10,"MetalEngine all, cold",9.915,7.1,Sort#4[Sort>Filter>GroupBy>Filter>DataFrameScan],,True,0.57,1.28,group_by:count+group_by:sum+top_k|numeric|memory,20000000,,
20000000,"(c) group-by (region, sub) mean + max",polars in-memory,81.926,1043.0,,,,,,,,,
20000000,"(c) group-by (region, sub) mean + max",polars streaming,46.667,619.5,,,,,,,,,
20000000,"(c) group-by (region, sub) mean + max","MetalEngine all, cold",26.093,10.8,GroupBy#1[GroupBy>DataFrameScan],,True,1.79,3.14,group_by_multi:mean+group_by_multi:minmax|numeric|memory,20000000,,
20000000,(d) projection chain then filter,polars in-memory,65.747,65.8,,,,,,,,,
20000000,(d) projection chain then filter,polars streaming,6.096,74.6,,,,,,,,,
20000000,(d) projection chain then filter,"MetalEngine all, cold",20.301,7.4,Filter#2[Filter>Select>HStack>DataFrameScan],,True,0.30,3.24,rowwise|numeric|memory,20000000,,
20000000,(e) inner join then sum,polars in-memory,23.738,224.2,,,,,,,,,
20000000,(e) inner join then sum,polars streaming,17.622,222.5,,,,,,,,,
20000000,(e) inner join then sum,"MetalEngine all, cold",9.210,3.9,Select#3[Select>SimpleProjection>Join>DataFrameScan>DataFrameScan],,True,1.91,2.58,aggregate:sum+join:inner|numeric|memory,11000000,,
20000000,(f) semi join,polars in-memory,3.042,27.9,,,,,,,,,
20000000,(f) semi join,polars streaming,2.643,33.3,,,,,,,,,
20000000,(f) semi join,"MetalEngine all, cold",6.016,4.0,Join#2[Join>DataFrameScan>DataFrameScan],,True,0.44,0.51,join:semi|numeric|memory,10001000,,
20000000,(g) row_number over partitions,polars in-memory,94.354,630.3,,,,,,,,,
20000000,(g) row_number over partitions,polars streaming,333.027,1982.5,,,,,,,,,
20000000,(g) row_number over partitions,"MetalEngine all, cold",97.361,603.4,,HStack#1: Expression Window has no ArrowMetal translation.,True,0.97,0.97,,,,
20000000,(h) as-of join,polars in-memory,60.335,60.5,,,,,,,,,
20000000,(h) as-of join,polars streaming,4.488,54.5,,,,,,,,,
20000000,(h) as-of join,"MetalEngine all, cold",61.341,61.5,,"Join#2: A AsOf join is not translated (inner, left, semi and anti are taken).",True,0.07,0.98,,,,
20000000,"(i) group-by 1 key, 100 000 groups, sum",polars in-memory,43.892,550.3,,,,,,,,,
20000000,"(i) group-by 1 key, 100 000 groups, sum",polars streaming,23.207,267.7,,,,,,,,,
20000000,"(i) group-by 1 key, 100 000 groups, sum","MetalEngine all, cold",10.999,7.5,GroupBy#1[GroupBy>DataFrameScan],,True,2.11,3.99,group_by:sum|numeric|memory,20000000,,
20000000,"(j) group-by (k1, k2), sum + count",polars in-memory,235.568,2689.0,,,,,,,,,
20000000,"(j) group-by (k1, k2), sum + count",polars streaming,137.772,1817.3,,,,,,,,,
20000000,"(j) group-by (k1, k2), sum + count","MetalEngine all, cold",174.454,65.7,GroupBy#1[GroupBy>DataFrameScan],,True,0.79,1.35,group_by_multi:count+group_by_multi:sum|numeric|memory,20000000,,
20000000,"(k) group-by (String, int32), sum",polars in-memory,162.407,2174.6,,,,,,,,,
20000000,"(k) group-by (String, int32), sum",polars streaming,72.182,904.8,,,,,,,,,
20000000,"(k) group-by (String, int32), sum","MetalEngine all, cold",36.468,23.7,GroupBy#1[GroupBy>DataFrameScan],,True,1.98,4.45,group_by_multi:sum|string|memory,20000000,,
20000000,"(l) group-by (region, sub), Float64 sum + mean",polars in-memory,96.256,1072.5,,,,,,,,,
20000000,"(l) group-by (region, sub), Float64 sum + mean",polars streaming,47.187,609.7,,,,,,,,,
20000000,"(l) group-by (region, sub), Float64 sum + mean","MetalEngine all, cold",23.353,9.6,GroupBy#2[GroupBy>HStack>DataFrameScan],,True,2.02,4.12,group_by_multi:mean+group_by_multi:sum|numeric|memory,20000000,,
20000000,(m) sort 3 columns by an int64 key,polars in-memory,153.652,1793.4,,,,,,,,,
20000000,(m) sort 3 columns by an int64 key,polars streaming,172.319,1839.8,,,,,,,,,
20000000,(m) sort 3 columns by an int64 key,"MetalEngine all, cold",26.586,9.4,Sort#2[Sort>DataFrameScan],,True,5.78,5.78,sort|numeric|memory,20000000,,
20000000,"(n) top 100 by Float64, descending",polars in-memory,166.094,166.3,,,,,,,,,
20000000,"(n) top 100 by Float64, descending",polars streaming,8.237,84.4,,,,,,,,,
20000000,"(n) top 100 by Float64, descending","MetalEngine all, cold",38.355,8.9,Sort#3[Sort>Filter>DataFrameScan],,True,0.21,4.33,top_k|numeric|memory,20000000,,
20000000,"(o) sort with a String column, by an int64 key",polars in-memory,152.794,1789.9,,,,,,,,,
20000000,"(o) sort with a String column, by an int64 key",polars streaming,191.349,1899.1,,,,,,,,,
20000000,"(o) sort with a String column, by an int64 key","MetalEngine all, cold",100.122,77.0,Sort#2[Sort>DataFrameScan],,True,1.53,1.53,sort|string|memory,20000000,,
20000000,"(p) filter, then sort by (int32 asc, nullable Float64 desc)",polars in-memory,339.010,4045.8,,,,,,,,,
20000000,"(p) filter, then sort by (int32 asc, nullable Float64 desc)",polars streaming,353.221,4206.5,,,,,,,,,
20000000,"(p) filter, then sort by (int32 asc, nullable Float64 desc)","MetalEngine all, cold",151.674,82.4,Sort#3[Sort>HStack>Filter>DataFrameScan],,True,2.24,2.24,sort_helper_keys|string|memory,20000000,,
20000000,"(q) filter, then sort by (int32 asc, int64 desc)",polars in-memory,244.701,2883.5,,,,,,,,,
20000000,"(q) filter, then sort by (int32 asc, int64 desc)",polars streaming,249.123,2977.5,,,,,,,,,
20000000,"(q) filter, then sort by (int32 asc, int64 desc)","MetalEngine all, cold",41.327,12.9,Sort#3[Sort>Filter>DataFrameScan],,True,5.92,5.92,sort|numeric|memory,20000000,,
20000000,"(r) unique over (region, sub), keep first",polars in-memory,62.020,734.7,,,,,,,,,
20000000,"(r) unique over (region, sub), keep first",polars streaming,70.603,950.1,,,,,,,,,
20000000,"(r) unique over (region, sub), keep first","MetalEngine all, cold",13.378,11.9,Distinct#1[Distinct>DataFrameScan],,True,4.64,4.64,distinct|numeric|memory,20000000,,
20000000,(a2) filtered min + max,polars in-memory,6.243,11.4,,,,,,,,,
20000000,(a2) filtered min + max,polars streaming,1.551,19.6,,,,,,,,,
20000000,(a2) filtered min + max,"MetalEngine all, cold",8.858,7.5,Select#3[Select>SimpleProjection>Filter>DataFrameScan],,True,0.18,0.70,aggregate:minmax|numeric|memory,20000000,,
20000000,(a3) filtered mean,polars in-memory,6.242,10.0,,,,,,,,,
20000000,(a3) filtered mean,polars streaming,1.542,20.3,,,,,,,,,
20000000,(a3) filtered mean,"MetalEngine all, cold",10.954,7.2,Select#3[Select>SimpleProjection>Filter>DataFrameScan],,True,0.14,0.57,aggregate:mean|numeric|memory,20000000,,
20000000,(a4) filtered count,polars in-memory,3.609,5.2,,,,,,,,,
20000000,(a4) filtered count,polars streaming,1.037,12.7,,,,,,,,,
20000000,(a4) filtered count,"MetalEngine all, cold",5.984,5.5,Select#3[Select>DataFrameScan],,True,0.17,0.60,aggregate:sum|numeric|memory,20000000,,
20000000,"(t1) group-by 1 key, 200 groups, sum",polars in-memory,5.285,67.1,,,,,,,,,
20000000,"(t1) group-by 1 key, 200 groups, sum",polars streaming,5.268,70.2,,,,,,,,,
20000000,"(t1) group-by 1 key, 200 groups, sum","MetalEngine all, cold",9.743,7.5,GroupBy#1[GroupBy>DataFrameScan],,True,0.54,0.54,group_by:sum|numeric|memory,20000000,,
20000000,"(t2) group-by 1 key, 200 groups, count",polars in-memory,4.695,60.9,,,,,,,,,
20000000,"(t2) group-by 1 key, 200 groups, count",polars streaming,5.240,60.6,,,,,,,,,
20000000,"(t2) group-by 1 key, 200 groups, count","MetalEngine all, cold",5.807,4.2,GroupBy#1[GroupBy>DataFrameScan],,True,0.81,0.81,group_by:count|numeric|memory,20000000,,
20000000,"(t3) group-by 1 key, 200 groups, mean",polars in-memory,5.394,72.8,,,,,,,,,
20000000,"(t3) group-by 1 key, 200 groups, mean",polars streaming,5.590,78.1,,,,,,,,,
20000000,"(t3) group-by 1 key, 200 groups, mean","MetalEngine all, cold",15.877,7.7,GroupBy#1[GroupBy>DataFrameScan],,True,0.34,0.34,group_by:mean|numeric|memory,20000000,,
20000000,"(t4) group-by 1 key, 200 groups, min + max",polars in-memory,7.314,96.7,,,,,,,,,
20000000,"(t4) group-by 1 key, 200 groups, min + max",polars streaming,7.679,105.8,,,,,,,,,
20000000,"(t4) group-by 1 key, 200 groups, min + max","MetalEngine all, cold",10.740,7.6,GroupBy#1[GroupBy>DataFrameScan],,True,0.68,0.68,group_by:minmax|numeric|memory,20000000,,
20000000,"(t5) group-by 1 key, 100 000 groups, count",polars in-memory,30.881,406.7,,,,,,,,,
20000000,"(t5) group-by 1 key, 100 000 groups, count",polars streaming,20.132,238.7,,,,,,,,,
20000000,"(t5) group-by 1 key, 100 000 groups, count","MetalEngine all, cold",6.414,4.1,GroupBy#1[GroupBy>DataFrameScan],,True,3.14,4.81,group_by:count|numeric|memory,20000000,,
20000000,"(t6) group-by 1 key, 100 000 groups, mean",polars in-memory,44.458,597.3,,,,,,,,,
20000000,"(t6) group-by 1 key, 100 000 groups, mean",polars streaming,24.616,286.0,,,,,,,,,
20000000,"(t6) group-by 1 key, 100 000 groups, mean","MetalEngine all, cold",21.457,8.3,GroupBy#1[GroupBy>DataFrameScan],,True,1.15,2.07,group_by:mean|numeric|memory,20000000,,
20000000,"(t7) group-by 1 key, 100 000 groups, min + max",polars in-memory,48.107,676.3,,,,,,,,,
20000000,"(t7) group-by 1 key, 100 000 groups, min + max",polars streaming,29.014,336.2,,,,,,,,,
20000000,"(t7) group-by 1 key, 100 000 groups, min + max","MetalEngine all, cold",16.466,7.9,GroupBy#1[GroupBy>DataFrameScan],,True,1.76,2.92,group_by:minmax|numeric|memory,20000000,,
20000000,"(v1) group-by (region, sub), sum",polars in-memory,74.315,915.7,,,,,,,,,
20000000,"(v1) group-by (region, sub), sum",polars streaming,44.609,567.7,,,,,,,,,
20000000,"(v1) group-by (region, sub), sum","MetalEngine all, cold",13.005,10.0,GroupBy#1[GroupBy>DataFrameScan],,True,3.43,5.71,group_by_multi:sum|numeric|memory,20000000,,
20000000,"(v2) group-by (region, sub), count",polars in-memory,63.749,719.5,,,,,,,,,
20000000,"(v2) group-by (region, sub), count",polars streaming,44.139,567.5,,,,,,,,,
20000000,"(v2) group-by (region, sub), count","MetalEngine all, cold",8.934,7.1,GroupBy#1[GroupBy>DataFrameScan],,True,4.94,7.14,group_by_multi:count|numeric|memory,20000000,,
20000000,"(v3) group-by (k1, k2), mean",polars in-memory,250.021,3293.6,,,,,,,,,
20000000,"(v3) group-by (k1, k2), mean",polars streaming,134.230,1799.4,,,,,,,,,
20000000,"(v3) group-by (k1, k2), mean","MetalEngine all, cold",250.525,26.5,GroupBy#1[GroupBy>DataFrameScan],,True,0.54,1.00,group_by_multi:mean|numeric|memory,20000000,,
20000000,"(v4) group-by (k1, k2), min + max",polars in-memory,267.683,3629.4,,,,,,,,,
20000000,"(v4) group-by (k1, k2), min + max",polars streaming,142.269,1987.7,,,,,,,,,
20000000,"(v4) group-by (k1, k2), min + max","MetalEngine all, cold",186.481,26.4,GroupBy#1[GroupBy>DataFrameScan],,True,0.76,1.44,group_by_multi:minmax|numeric|memory,20000000,,
20000000,"(w1) inner join, 1M-row build side",polars in-memory,40.648,399.1,,,,,,,,,
20000000,"(w1) inner join, 1M-row build side",polars streaming,37.748,528.2,,,,,,,,,
20000000,"(w1) inner join, 1M-row build side","MetalEngine all, cold",14.893,6.1,Join#2[Join>DataFrameScan>DataFrameScan],,True,2.53,2.73,join:inner|numeric|memory,21000000,,
20000000,"(w2) left join, 1M-row build side",polars in-memory,111.496,585.9,,,,,,,,,
20000000,"(w2) left join, 1M-row build side",polars streaming,45.161,556.0,,,,,,,,,
20000000,"(w2) left join, 1M-row build side","MetalEngine all, cold",20.084,8.8,Join#2[Join>DataFrameScan>DataFrameScan],,True,2.25,5.55,join:left|numeric|memory,21000000,,
20000000,"(w3) semi join, 1M-row build side",polars in-memory,35.861,426.5,,,,,,,,,
20000000,"(w3) semi join, 1M-row build side",polars streaming,27.140,351.2,,,,,,,,,
20000000,"(w3) semi join, 1M-row build side","MetalEngine all, cold",16.593,7.4,Join#2[Join>DataFrameScan>DataFrameScan],,True,1.64,2.16,join:semi|numeric|memory,21000000,,
20000000,"(w4) anti join, 1M-row build side",polars in-memory,40.466,411.4,,,,,,,,,
20000000,"(w4) anti join, 1M-row build side",polars streaming,28.123,343.1,,,,,,,,,
20000000,"(w4) anti join, 1M-row build side","MetalEngine all, cold",19.497,9.7,Join#2[Join>DataFrameScan>DataFrameScan],,True,1.44,2.08,join:anti|numeric|memory,21000000,,
20000000,"(x1) unique over (k1, k2), keep first",polars in-memory,290.611,2576.5,,,,,,,,,
20000000,"(x1) unique over (k1, k2), keep first",polars streaming,172.232,2252.0,,,,,,,,,
20000000,"(x1) unique over (k1, k2), keep first","MetalEngine all, cold",110.817,27.1,Distinct#2[Distinct>DataFrameScan],,True,1.55,2.62,distinct|numeric|memory,20000000,,
20000000,"(x2) sort by a nullable Float64 key, descending",polars in-memory,211.678,2418.8,,,,,,,,,
20000000,"(x2) sort by a nullable Float64 key, descending",polars streaming,229.521,2464.4,,,,,,,,,
20000000,"(x2) sort by a nullable Float64 key, descending","MetalEngine all, cold",64.425,18.4,Sort#2[Sort>Select>DataFrameScan],,True,3.29,3.29,sort_helper_keys|numeric|memory,20000000,,
20000000,(x3) top 100 by an int64 key,polars in-memory,163.688,164.0,,,,,,,,,
20000000,(x3) top 100 by an int64 key,polars streaming,8.212,83.1,,,,,,,,,
20000000,(x3) top 100 by an int64 key,"MetalEngine all, cold",10.635,9.2,Sort#3[Sort>Filter>DataFrameScan],,True,0.77,15.39,top_k|numeric|memory,20000000,,
20000000,"(y1) group-by a String key (1000 values), sum",polars in-memory,61.775,759.1,,,,,,,,,
20000000,"(y1) group-by a String key (1000 values), sum",polars streaming,12.247,174.0,,,,,,,,,
20000000,"(y1) group-by a String key (1000 values), sum","MetalEngine all, cold",26.958,17.6,GroupBy#1[GroupBy>DataFrameScan],,True,0.45,2.29,group_by:sum|string|memory,20000000,,
20000000,(y2) filter by a String equality,polars in-memory,9.164,9.9,,,,,,,,,
20000000,(y2) filter by a String equality,polars streaming,1.660,20.6,,,,,,,,,
20000000,(y2) filter by a String equality,"MetalEngine all, cold",15.027,13.0,Filter#2[Filter>DataFrameScan],,True,0.11,0.61,rowwise|string|memory,20000000,,
20000000,"(y3) filter by a String prefix, then sum",polars in-memory,75.551,78.7,,,,,,,,,
20000000,"(y3) filter by a String prefix, then sum",polars streaming,5.933,86.8,,,,,,,,,
20000000,"(y3) filter by a String prefix, then sum","MetalEngine all, cold",15.562,11.0,Select#2[Select>SimpleProjection>Filter>DataFrameScan],,True,0.38,4.85,aggregate:sum|string|memory,20000000,,
20000000,(y4) inner join on a String key,polars in-memory,46.422,499.6,,,,,,,,,
20000000,(y4) inner join on a String key,polars streaming,25.981,369.5,,,,,,,,,
20000000,(y4) inner join on a String key,"MetalEngine all, cold",75.172,57.8,Join#3[Join>DataFrameScan>DataFrameScan],,True,0.35,0.62,join:inner|string|memory,20000500,,
20000000,"(y5) unique over (String, int32), keep first",polars in-memory,155.630,2031.8,,,,,,,,,
20000000,"(y5) unique over (String, int32), keep first",polars streaming,101.650,1414.4,,,,,,,,,
20000000,"(y5) unique over (String, int32), keep first","MetalEngine all, cold",36.795,27.7,Distinct#2[Distinct>DataFrameScan],,True,2.76,4.23,distinct|string|memory,20000000,,
20000000,(y6) top 100 by an int64 key with a String column,polars in-memory,158.844,159.1,,,,,,,,,
20000000,(y6) top 100 by an int64 key with a String column,polars streaming,8.445,86.3,,,,,,,,,
20000000,(y6) top 100 by an int64 key with a String column,"MetalEngine all, cold",16.082,13.3,Sort#3[Sort>Filter>DataFrameScan],,True,0.53,9.88,top_k|string|memory,20000000,,
50000000,(a) filtered sum + count,polars in-memory,15.549,25.4,,,,,,,,,
50000000,(a) filtered sum + count,polars streaming,3.003,42.3,,,,,,,,,
50000000,(a) filtered sum + count,"MetalEngine all, cold",18.126,16.6,Select#3[Select>SimpleProjection>Filter>DataFrameScan],,True,0.17,0.86,aggregate:count+aggregate:sum|numeric|memory,50000000,,
50000000,(b) filter + group-by 200 keys + sort desc + limit 10,polars in-memory,30.576,173.2,,,,,,,,,
50000000,(b) filter + group-by 200 keys + sort desc + limit 10,polars streaming,12.186,168.8,,,,,,,,,
50000000,(b) filter + group-by 200 keys + sort desc + limit 10,"MetalEngine all, cold",20.775,12.4,Sort#4[Sort>Filter>GroupBy>Filter>DataFrameScan],,True,0.59,1.47,group_by:count+group_by:sum+top_k|numeric|memory,50000000,,
50000000,"(c) group-by (region, sub) mean + max",polars in-memory,210.464,2757.3,,,,,,,,,
50000000,"(c) group-by (region, sub) mean + max",polars streaming,125.765,1718.0,,,,,,,,,
50000000,"(c) group-by (region, sub) mean + max","MetalEngine all, cold",62.775,20.5,GroupBy#1[GroupBy>DataFrameScan],,True,2.00,3.35,group_by_multi:mean+group_by_multi:minmax|numeric|memory,50000000,,
50000000,(d) projection chain then filter,polars in-memory,178.618,178.7,,,,,,,,,
50000000,(d) projection chain then filter,polars streaming,14.603,211.9,,,,,,,,,
50000000,(d) projection chain then filter,"MetalEngine all, cold",48.928,17.3,Filter#2[Filter>Select>HStack>DataFrameScan],,True,0.30,3.65,rowwise|numeric|memory,50000000,,
50000000,(e) inner join then sum,polars in-memory,22.964,224.4,,,,,,,,,
50000000,(e) inner join then sum,polars streaming,17.547,232.8,,,,,,,,,
50000000,(e) inner join then sum,"MetalEngine all, cold",9.322,4.0,Select#3[Select>SimpleProjection>Join>DataFrameScan>DataFrameScan],,True,1.88,2.46,aggregate:sum+join:inner|numeric|memory,11000000,,
50000000,(f) semi join,polars in-memory,3.518,32.7,,,,,,,,,
50000000,(f) semi join,polars streaming,2.570,32.5,,,,,,,,,
50000000,(f) semi join,"MetalEngine all, cold",5.959,4.0,Join#2[Join>DataFrameScan>DataFrameScan],,True,0.43,0.59,join:semi|numeric|memory,10001000,,
50000000,(g) row_number over partitions,polars in-memory,101.312,639.2,,,,,,,,,
50000000,(g) row_number over partitions,polars streaming,328.286,1967.3,,,,,,,,,
50000000,(g) row_number over partitions,"MetalEngine all, cold",94.448,620.9,,HStack#1: Expression Window has no ArrowMetal translation.,True,1.07,1.07,,,,
50000000,(h) as-of join,polars in-memory,155.905,156.0,,,,,,,,,
50000000,(h) as-of join,polars streaming,9.785,133.4,,,,,,,,,
50000000,(h) as-of join,"MetalEngine all, cold",157.689,157.8,,"Join#2: A AsOf join is not translated (inner, left, semi and anti are taken).",True,0.06,0.99,,,,
50000000,"(i) group-by 1 key, 100 000 groups, sum",polars in-memory,94.285,1333.6,,,,,,,,,
50000000,"(i) group-by 1 key, 100 000 groups, sum",polars streaming,50.767,700.1,,,,,,,,,
50000000,"(i) group-by 1 key, 100 000 groups, sum","MetalEngine all, cold",25.437,14.9,GroupBy#1[GroupBy>DataFrameScan],,True,2.00,3.71,group_by:sum|numeric|memory,50000000,,
50000000,"(j) group-by (k1, k2), sum + count",polars in-memory,704.818,8055.3,,,,,,,,,
50000000,"(j) group-by (k1, k2), sum + count",polars streaming,428.802,6093.6,,,,,,,,,
50000000,"(j) group-by (k1, k2), sum + count","MetalEngine all, cold",464.705,132.1,GroupBy#1[GroupBy>DataFrameScan],,True,0.92,1.52,group_by_multi:count+group_by_multi:sum|numeric|memory,50000000,,
50000000,"(k) group-by (String, int32), sum",polars in-memory,397.781,5526.4,,,,,,,,,
50000000,"(k) group-by (String, int32), sum",polars streaming,196.355,2754.4,,,,,,,,,
50000000,"(k) group-by (String, int32), sum","MetalEngine all, cold",76.609,42.9,GroupBy#1[GroupBy>DataFrameScan],,True,2.56,5.19,group_by_multi:sum|string|memory,50000000,,
50000000,"(l) group-by (region, sub), Float64 sum + mean",polars in-memory,246.711,2736.9,,,,,,,,,
50000000,"(l) group-by (region, sub), Float64 sum + mean",polars streaming,137.968,1681.2,,,,,,,,,
50000000,"(l) group-by (region, sub), Float64 sum + mean","MetalEngine all, cold",57.236,17.1,GroupBy#2[GroupBy>HStack>DataFrameScan],,True,2.41,4.31,group_by_multi:mean+group_by_multi:sum|numeric|memory,50000000,,
50000000,(m) sort 3 columns by an int64 key,polars in-memory,394.902,4699.3,,,,,,,,,
50000000,(m) sort 3 columns by an int64 key,polars streaming,448.596,4815.6,,,,,,,,,
50000000,(m) sort 3 columns by an int64 key,"MetalEngine all, cold",71.727,23.9,Sort#2[Sort>DataFrameScan],,True,5.51,5.51,sort|numeric|memory,50000000,,
50000000,"(n) top 100 by Float64, descending",polars in-memory,411.601,411.9,,,,,,,,,
50000000,"(n) top 100 by Float64, descending",polars streaming,18.466,194.3,,,,,,,,,
50000000,"(n) top 100 by Float64, descending","MetalEngine all, cold",101.866,20.0,Sort#3[Sort>Filter>DataFrameScan],,True,0.18,4.04,top_k|numeric|memory,50000000,,
50000000,"(o) sort with a String column, by an int64 key",polars in-memory,409.784,4724.0,,,,,,,,,
50000000,"(o) sort with a String column, by an int64 key",polars streaming,514.105,4924.2,,,,,,,,,
50000000,"(o) sort with a String column, by an int64 key","MetalEngine all, cold",276.249,207.8,Sort#2[Sort>DataFrameScan],,True,1.48,1.48,sort|string|memory,50000000,,
50000000,"(p) filter, then sort by (int32 asc, nullable Float64 desc)",polars in-memory,1001.574,11861.1,,,,,,,,,
50000000,"(p) filter, then sort by (int32 asc, nullable Float64 desc)",polars streaming,1139.730,13141.1,,,,,,,,,
50000000,"(p) filter, then sort by (int32 asc, nullable Float64 desc)","MetalEngine all, cold",401.078,203.7,Sort#3[Sort>HStack>Filter>DataFrameScan],,True,2.50,2.50,sort_helper_keys|string|memory,50000000,,
50000000,"(q) filter, then sort by (int32 asc, int64 desc)",polars in-memory,730.218,8783.7,,,,,,,,,
50000000,"(q) filter, then sort by (int32 asc, int64 desc)",polars streaming,762.783,9182.3,,,,,,,,,
50000000,"(q) filter, then sort by (int32 asc, int64 desc)","MetalEngine all, cold",116.317,36.1,Sort#3[Sort>Filter>DataFrameScan],,True,6.28,6.28,sort|numeric|memory,50000000,,
50000000,"(r) unique over (region, sub), keep first",polars in-memory,178.894,2174.9,,,,,,,,,
50000000,"(r) unique over (region, sub), keep first",polars streaming,227.633,3199.8,,,,,,,,,
50000000,"(r) unique over (region, sub), keep first","MetalEngine all, cold",37.102,29.8,Distinct#1[Distinct>DataFrameScan],,True,4.82,4.82,distinct|numeric|memory,50000000,,
50000000,(a2) filtered min + max,polars in-memory,16.266,28.1,,,,,,,,,
50000000,(a2) filtered min + max,polars streaming,3.592,51.8,,,,,,,,,
50000000,(a2) filtered min + max,"MetalEngine all, cold",22.587,18.9,Select#3[Select>SimpleProjection>Filter>DataFrameScan],,True,0.16,0.72,aggregate:minmax|numeric|memory,50000000,,
50000000,(a3) filtered mean,polars in-memory,16.162,26.6,,,,,,,,,
50000000,(a3) filtered mean,polars streaming,3.633,50.8,,,,,,,,,
50000000,(a3) filtered mean,"MetalEngine all, cold",28.115,18.2,Select#3[Select>SimpleProjection>Filter>DataFrameScan],,True,0.13,0.57,aggregate:mean|numeric|memory,50000000,,
50000000,(a4) filtered count,polars in-memory,8.993,10.6,,,,,,,,,
50000000,(a4) filtered count,polars streaming,2.282,32.5,,,,,,,,,
50000000,(a4) filtered count,"MetalEngine all, cold",14.520,13.4,Select#3[Select>DataFrameScan],,True,0.16,0.62,aggregate:sum|numeric|memory,50000000,,
50000000,"(t1) group-by 1 key, 200 groups, sum",polars in-memory,12.297,153.1,,,,,,,,,
50000000,"(t1) group-by 1 key, 200 groups, sum",polars streaming,12.070,173.1,,,,,,,,,
50000000,"(t1) group-by 1 key, 200 groups, sum","MetalEngine all, cold",22.057,16.3,GroupBy#1[GroupBy>DataFrameScan],,True,0.55,0.56,group_by:sum|numeric|memory,50000000,,
50000000,"(t2) group-by 1 key, 200 groups, count",polars in-memory,9.824,140.5,,,,,,,,,
50000000,"(t2) group-by 1 key, 200 groups, count",polars streaming,11.117,163.5,,,,,,,,,
50000000,"(t2) group-by 1 key, 200 groups, count","MetalEngine all, cold",11.777,7.0,GroupBy#1[GroupBy>DataFrameScan],,True,0.83,0.83,group_by:count|numeric|memory,50000000,,
50000000,"(t3) group-by 1 key, 200 groups, mean",polars in-memory,12.751,186.1,,,,,,,,,
50000000,"(t3) group-by 1 key, 200 groups, mean",polars streaming,13.205,193.2,,,,,,,,,
50000000,"(t3) group-by 1 key, 200 groups, mean","MetalEngine all, cold",37.208,16.3,GroupBy#1[GroupBy>DataFrameScan],,True,0.34,0.34,group_by:mean|numeric|memory,50000000,,
50000000,"(t4) group-by 1 key, 200 groups, min + max",polars in-memory,17.677,256.9,,,,,,,,,
50000000,"(t4) group-by 1 key, 200 groups, min + max",polars streaming,17.886,265.1,,,,,,,,,
50000000,"(t4) group-by 1 key, 200 groups, min + max","MetalEngine all, cold",24.982,16.2,GroupBy#1[GroupBy>DataFrameScan],,True,0.71,0.71,group_by:minmax|numeric|memory,50000000,,
50000000,"(t5) group-by 1 key, 100 000 groups, count",polars in-memory,73.414,1030.9,,,,,,,,,
50000000,"(t5) group-by 1 key, 100 000 groups, count",polars streaming,53.313,697.5,,,,,,,,,
50000000,"(t5) group-by 1 key, 100 000 groups, count","MetalEngine all, cold",15.220,8.0,GroupBy#1[GroupBy>DataFrameScan],,True,3.50,4.82,group_by:count|numeric|memory,50000000,,
50000000,"(t6) group-by 1 key, 100 000 groups, mean",polars in-memory,108.482,1488.7,,,,,,,,,
50000000,"(t6) group-by 1 key, 100 000 groups, mean",polars streaming,69.106,958.9,,,,,,,,,
50000000,"(t6) group-by 1 key, 100 000 groups, mean","MetalEngine all, cold",53.529,17.3,GroupBy#1[GroupBy>DataFrameScan],,True,1.29,2.03,group_by:mean|numeric|memory,50000000,,
50000000,"(t7) group-by 1 key, 100 000 groups, min + max",polars in-memory,126.376,1693.8,,,,,,,,,
50000000,"(t7) group-by 1 key, 100 000 groups, min + max",polars streaming,90.059,1229.2,,,,,,,,,
50000000,"(t7) group-by 1 key, 100 000 groups, min + max","MetalEngine all, cold",40.881,17.8,GroupBy#1[GroupBy>DataFrameScan],,True,2.20,3.09,group_by:minmax|numeric|memory,50000000,,
50000000,"(v1) group-by (region, sub), sum",polars in-memory,208.932,2628.4,,,,,,,,,
50000000,"(v1) group-by (region, sub), sum",polars streaming,144.539,1767.2,,,,,,,,,
50000000,"(v1) group-by (region, sub), sum","MetalEngine all, cold",36.540,26.0,GroupBy#1[GroupBy>DataFrameScan],,True,3.96,5.72,group_by_multi:sum|numeric|memory,50000000,,
50000000,"(v2) group-by (region, sub), count",polars in-memory,172.439,2151.5,,,,,,,,,
50000000,"(v2) group-by (region, sub), count",polars streaming,132.787,1889.0,,,,,,,,,
50000000,"(v2) group-by (region, sub), count","MetalEngine all, cold",21.748,14.5,GroupBy#1[GroupBy>DataFrameScan],,True,6.11,7.93,group_by_multi:count|numeric|memory,50000000,,
50000000,"(v3) group-by (k1, k2), mean",polars in-memory,748.326,9532.0,,,,,,,,,
50000000,"(v3) group-by (k1, k2), mean",polars streaming,448.534,6215.4,,,,,,,,,
50000000,"(v3) group-by (k1, k2), mean","MetalEngine all, cold",646.835,56.4,GroupBy#1[GroupBy>DataFrameScan],,True,0.69,1.16,group_by_multi:mean|numeric|memory,50000000,,
50000000,"(v4) group-by (k1, k2), min + max",polars in-memory,847.341,10333.4,,,,,,,,,
50000000,"(v4) group-by (k1, k2), min + max",polars streaming,479.531,6771.7,,,,,,,,,
50000000,"(v4) group-by (k1, k2), min + max","MetalEngine all, cold",557.820,65.4,GroupBy#1[GroupBy>DataFrameScan],,True,0.86,1.52,group_by_multi:minmax|numeric|memory,50000000,,
50000000,"(w1) inner join, 1M-row build side",polars in-memory,98.253,1016.1,,,,,,,,,
50000000,"(w1) inner join, 1M-row build side",polars streaming,88.321,1311.1,,,,,,,,,
50000000,"(w1) inner join, 1M-row build side","MetalEngine all, cold",38.713,16.5,Join#2[Join>DataFrameScan>DataFrameScan],,True,2.28,2.54,join:inner|numeric|memory,51000000,,
50000000,"(w2) left join, 1M-row build side",polars in-memory,266.810,1381.1,,,,,,,,,
50000000,"(w2) left join, 1M-row build side",polars streaming,103.191,1499.4,,,,,,,,,
50000000,"(w2) left join, 1M-row build side","MetalEngine all, cold",43.385,16.1,Join#2[Join>DataFrameScan>DataFrameScan],,True,2.38,6.15,join:left|numeric|memory,51000000,,
50000000,"(w3) semi join, 1M-row build side",polars in-memory,79.466,982.5,,,,,,,,,
50000000,"(w3) semi join, 1M-row build side",polars streaming,64.186,926.1,,,,,,,,,
50000000,"(w3) semi join, 1M-row build side","MetalEngine all, cold",40.147,16.9,Join#2[Join>DataFrameScan>DataFrameScan],,True,1.60,1.98,join:semi|numeric|memory,51000000,,
50000000,"(w4) anti join, 1M-row build side",polars in-memory,82.772,968.1,,,,,,,,,
50000000,"(w4) anti join, 1M-row build side",polars streaming,63.790,930.6,,,,,,,,,
50000000,"(w4) anti join, 1M-row build side","MetalEngine all, cold",39.621,16.2,Join#2[Join>DataFrameScan>DataFrameScan],,True,1.61,2.09,join:anti|numeric|memory,51000000,,
50000000,"(x1) unique over (k1, k2), keep first",polars in-memory,783.787,7670.5,,,,,,,,,
50000000,"(x1) unique over (k1, k2), keep first",polars streaming,491.070,6964.9,,,,,,,,,
50000000,"(x1) unique over (k1, k2), keep first","MetalEngine all, cold",281.456,51.2,Distinct#2[Distinct>DataFrameScan],,True,1.74,2.78,distinct|numeric|memory,50000000,,
50000000,"(x2) sort by a nullable Float64 key, descending",polars in-memory,552.287,6407.9,,,,,,,,,
50000000,"(x2) sort by a nullable Float64 key, descending",polars streaming,595.043,6459.8,,,,,,,,,
50000000,"(x2) sort by a nullable Float64 key, descending","MetalEngine all, cold",161.874,29.3,Sort#2[Sort>Select>DataFrameScan],,True,3.41,3.41,sort_helper_keys|numeric|memory,50000000,,
50000000,(x3) top 100 by an int64 key,polars in-memory,426.985,427.1,,,,,,,,,
50000000,(x3) top 100 by an int64 key,polars streaming,17.295,195.7,,,,,,,,,
50000000,(x3) top 100 by an int64 key,"MetalEngine all, cold",26.404,20.9,Sort#3[Sort>Filter>DataFrameScan],,True,0.65,16.17,top_k|numeric|memory,50000000,,
50000000,"(y1) group-by a String key (1000 values), sum",polars in-memory,151.605,2032.8,,,,,,,,,
50000000,"(y1) group-by a String key (1000 values), sum",polars streaming,28.367,411.1,,,,,,,,,
50000000,"(y1) group-by a String key (1000 values), sum","MetalEngine all, cold",53.235,34.1,GroupBy#1[GroupBy>DataFrameScan],,True,0.53,2.85,group_by:sum|string|memory,50000000,,
50000000,(y2) filter by a String equality,polars in-memory,22.937,24.8,,,,,,,,,
50000000,(y2) filter by a String equality,polars streaming,3.276,43.8,,,,,,,,,
50000000,(y2) filter by a String equality,"MetalEngine all, cold",38.386,31.1,Filter#2[Filter>DataFrameScan],,True,0.09,0.60,rowwise|string|memory,50000000,,
50000000,"(y3) filter by a String prefix, then sum",polars in-memory,188.983,195.0,,,,,,,,,
50000000,"(y3) filter by a String prefix, then sum",polars streaming,14.276,216.1,,,,,,,,,
50000000,"(y3) filter by a String prefix, then sum","MetalEngine all, cold",34.895,29.1,Select#2[Select>SimpleProjection>Filter>DataFrameScan],,True,0.41,5.42,aggregate:sum|string|memory,50000000,,
50000000,(y4) inner join on a String key,polars in-memory,126.671,1317.5,,,,,,,,,
50000000,(y4) inner join on a String key,polars streaming,63.689,941.6,,,,,,,,,
50000000,(y4) inner join on a String key,"MetalEngine all, cold",164.295,128.8,Join#3[Join>DataFrameScan>DataFrameScan],,True,0.39,0.77,join:inner|string|memory,50000500,,
50000000,"(y5) unique over (String, int32), keep first",polars in-memory,380.005,5178.8,,,,,,,,,
50000000,"(y5) unique over (String, int32), keep first",polars streaming,263.900,3699.2,,,,,,,,,
50000000,"(y5) unique over (String, int32), keep first","MetalEngine all, cold",71.027,45.2,Distinct#2[Distinct>DataFrameScan],,True,3.72,5.35,distinct|string|memory,50000000,,
50000000,(y6) top 100 by an int64 key with a String column,polars in-memory,430.323,430.6,,,,,,,,,
50000000,(y6) top 100 by an int64 key with a String column,polars streaming,18.129,194.2,,,,,,,,,
50000000,(y6) top 100 by an int64 key with a String column,"MetalEngine all, cold",42.142,32.3,Sort#3[Sort>Filter>DataFrameScan],,True,0.43,10.21,top_k|string|memory,50000000,,
1000000,"(s1) scan, filter, group-by 1000 keys, sum + count [snappy]",polars in-memory,7.296,22.7,,,,,,,,,
1000000,"(s1) scan, filter, group-by 1000 keys, sum + count [snappy]",polars streaming,6.951,15.2,,,,,,,,,
1000000,"(s1) scan, filter, group-by 1000 keys, sum + count [snappy]","MetalEngine all, cold",14.392,5.3,GroupBy#2[GroupBy>SimpleProjection>Scan],,True,0.48,0.51,group_by:count+group_by:sum|numeric|parquet,1000000,,1/0
1000000,"(s2) scan, filter on id (row groups skipped), group-by, sum [snappy]",polars in-memory,12.573,39.6,,,,,,,,,
1000000,"(s2) scan, filter on id (row groups skipped), group-by, sum [snappy]",polars streaming,10.870,20.7,,,,,,,,,
1000000,"(s2) scan, filter on id (row groups skipped), group-by, sum [snappy]","MetalEngine all, cold",29.065,4.8,GroupBy#2[GroupBy>SimpleProjection>Scan],,True,0.37,0.43,group_by:sum|numeric|parquet,1000000,,1/0
1000000,"(s3) scan, filter, sum + count [snappy]",polars in-memory,1.497,1.9,,,,,,,,,
1000000,"(s3) scan, filter, sum + count [snappy]",polars streaming,1.543,2.1,,,,,,,,,
1000000,"(s3) scan, filter, sum + count [snappy]","MetalEngine all, cold",2.791,2.9,Select#3[Select>SimpleProjection>Scan],,True,0.54,0.54,aggregate:count+aggregate:sum|numeric|parquet,1000000,,1/0
1000000,"(s4) scan, sort 2 columns by a float64 key [snappy]",polars in-memory,14.421,108.9,,,,,,,,,
1000000,"(s4) scan, sort 2 columns by a float64 key [snappy]",polars streaming,15.858,115.4,,,,,,,,,
1000000,"(s4) scan, sort 2 columns by a float64 key [snappy]","MetalEngine all, cold",17.877,3.2,Sort#2[Sort>Scan],,True,0.81,0.81,sort|numeric|parquet,1000000,,1/0
1000000,"(s1) scan, filter, group-by 1000 keys, sum + count [none]",polars in-memory,4.024,19.4,,,,,,,,,
1000000,"(s1) scan, filter, group-by 1000 keys, sum + count [none]",polars streaming,3.433,10.7,,,,,,,,,
1000000,"(s1) scan, filter, group-by 1000 keys, sum + count [none]","MetalEngine all, cold",3.820,4.8,GroupBy#2[GroupBy>SimpleProjection>Scan],,True,0.90,1.05,group_by:count+group_by:sum|numeric|parquet,1000000,,1/0
1000000,"(s2) scan, filter on id (row groups skipped), group-by, sum [none]",polars in-memory,5.125,29.5,,,,,,,,,
1000000,"(s2) scan, filter on id (row groups skipped), group-by, sum [none]",polars streaming,3.560,11.8,,,,,,,,,
1000000,"(s2) scan, filter on id (row groups skipped), group-by, sum [none]","MetalEngine all, cold",3.772,4.6,GroupBy#2[GroupBy>SimpleProjection>Scan],,True,0.94,1.36,group_by:sum|numeric|parquet,1000000,,1/0
1000000,"(s3) scan, filter, sum + count [none]",polars in-memory,1.334,1.8,,,,,,,,,
1000000,"(s3) scan, filter, sum + count [none]",polars streaming,1.410,2.0,,,,,,,,,
1000000,"(s3) scan, filter, sum + count [none]","MetalEngine all, cold",1.652,2.2,Select#3[Select>SimpleProjection>Scan],,True,0.81,0.81,aggregate:count+aggregate:sum|numeric|parquet,1000000,,1/0
1000000,"(s4) scan, sort 2 columns by a float64 key [none]",polars in-memory,10.946,110.2,,,,,,,,,
1000000,"(s4) scan, sort 2 columns by a float64 key [none]",polars streaming,10.886,107.2,,,,,,,,,
1000000,"(s4) scan, sort 2 columns by a float64 key [none]","MetalEngine all, cold",2.841,2.8,Sort#2[Sort>Scan],,True,3.83,3.85,sort|numeric|parquet,1000000,,1/0
2000000,"(s1) scan, filter, group-by 1000 keys, sum + count [snappy]",polars in-memory,9.622,42.4,,,,,,,,,
2000000,"(s1) scan, filter, group-by 1000 keys, sum + count [snappy]",polars streaming,7.717,22.8,,,,,,,,,
2000000,"(s1) scan, filter, group-by 1000 keys, sum + count [snappy]","MetalEngine all, cold",15.923,5.9,GroupBy#2[GroupBy>SimpleProjection>Scan],,True,0.48,0.60,group_by:count+group_by:sum|numeric|parquet,2000000,,2/0
2000000,"(s2) scan, filter on id (row groups skipped), group-by, sum [snappy]",polars in-memory,16.327,77.4,,,,,,,,,
2000000,"(s2) scan, filter on id (row groups skipped), group-by, sum [snappy]",polars streaming,11.112,31.1,,,,,,,,,
2000000,"(s2) scan, filter on id (row groups skipped), group-by, sum [snappy]","MetalEngine all, cold",30.299,6.2,GroupBy#2[GroupBy>SimpleProjection>Scan],,True,0.37,0.54,group_by:sum|numeric|parquet,2000000,,2/0
2000000,"(s3) scan, filter, sum + count [snappy]",polars in-memory,1.617,3.5,,,,,,,,,
2000000,"(s3) scan, filter, sum + count [snappy]",polars streaming,1.677,3.7,,,,,,,,,
2000000,"(s3) scan, filter, sum + count [snappy]","MetalEngine all, cold",2.991,3.1,Select#3[Select>SimpleProjection>Scan],,True,0.54,0.54,aggregate:count+aggregate:sum|numeric|parquet,2000000,,2/0
2000000,"(s4) scan, sort 2 columns by a float64 key [snappy]",polars in-memory,25.935,230.9,,,,,,,,,
2000000,"(s4) scan, sort 2 columns by a float64 key [snappy]",polars streaming,25.890,229.2,,,,,,,,,
2000000,"(s4) scan, sort 2 columns by a float64 key [snappy]","MetalEngine all, cold",19.116,3.8,Sort#2[Sort>Scan],,True,1.35,1.36,sort|numeric|parquet,2000000,,2/0
2000000,"(s1) scan, filter, group-by 1000 keys, sum + count [none]",polars in-memory,6.116,35.4,,,,,,,,,
2000000,"(s1) scan, filter, group-by 1000 keys, sum + count [none]",polars streaming,3.800,15.7,,,,,,,,,
2000000,"(s1) scan, filter, group-by 1000 keys, sum + count [none]","MetalEngine all, cold",4.617,5.6,GroupBy#2[GroupBy>SimpleProjection>Scan],,True,0.82,1.32,group_by:count+group_by:sum|numeric|parquet,2000000,,2/0
2000000,"(s2) scan, filter on id (row groups skipped), group-by, sum [none]",polars in-memory,9.495,67.3,,,,,,,,,
2000000,"(s2) scan, filter on id (row groups skipped), group-by, sum [none]",polars streaming,4.315,19.1,,,,,,,,,
2000000,"(s2) scan, filter on id (row groups skipped), group-by, sum [none]","MetalEngine all, cold",5.892,6.0,GroupBy#2[GroupBy>SimpleProjection>Scan],,True,0.73,1.61,group_by:sum|numeric|parquet,2000000,,2/0
2000000,"(s3) scan, filter, sum + count [none]",polars in-memory,1.479,3.1,,,,,,,,,
2000000,"(s3) scan, filter, sum + count [none]",polars streaming,1.551,3.3,,,,,,,,,
2000000,"(s3) scan, filter, sum + count [none]","MetalEngine all, cold",2.859,3.0,Select#3[Select>SimpleProjection>Scan],,True,0.52,0.52,aggregate:count+aggregate:sum|numeric|parquet,2000000,,2/0
2000000,"(s4) scan, sort 2 columns by a float64 key [none]",polars in-memory,21.870,217.1,,,,,,,,,
2000000,"(s4) scan, sort 2 columns by a float64 key [none]",polars streaming,22.002,219.5,,,,,,,,,
2000000,"(s4) scan, sort 2 columns by a float64 key [none]","MetalEngine all, cold",3.865,3.3,Sort#2[Sort>Scan],,True,5.66,5.66,sort|numeric|parquet,2000000,,2/0
5000000,"(s1) scan, filter, group-by 1000 keys, sum + count [snappy]",polars in-memory,14.811,109.6,,,,,,,,,
5000000,"(s1) scan, filter, group-by 1000 keys, sum + count [snappy]",polars streaming,9.532,54.4,,,,,,,,,
5000000,"(s1) scan, filter, group-by 1000 keys, sum + count [snappy]","MetalEngine all, cold",19.869,11.1,GroupBy#2[GroupBy>SimpleProjection>Scan],,True,0.48,0.75,group_by:count+group_by:sum|numeric|parquet,5000000,,5/0
5000000,"(s2) scan, filter on id (row groups skipped), group-by, sum [snappy]",polars in-memory,26.623,198.6,,,,,,,,,
5000000,"(s2) scan, filter on id (row groups skipped), group-by, sum [snappy]",polars streaming,13.485,78.8,,,,,,,,,
5000000,"(s2) scan, filter on id (row groups skipped), group-by, sum [snappy]","MetalEngine all, cold",34.671,10.6,GroupBy#2[GroupBy>SimpleProjection>Scan],,True,0.39,0.77,group_by:sum|numeric|parquet,5000000,,5/0
5000000,"(s3) scan, filter, sum + count [snappy]",polars in-memory,1.881,8.8,,,,,,,,,
5000000,"(s3) scan, filter, sum + count [snappy]",polars streaming,1.917,9.2,,,,,,,,,
5000000,"(s3) scan, filter, sum + count [snappy]","MetalEngine all, cold",4.203,5.6,Select#3[Select>SimpleProjection>Scan],,True,0.45,0.45,aggregate:count+aggregate:sum|numeric|parquet,5000000,,5/0
5000000,"(s4) scan, sort 2 columns by a float64 key [snappy]",polars in-memory,58.197,617.7,,,,,,,,,
5000000,"(s4) scan, sort 2 columns by a float64 key [snappy]",polars streaming,57.455,618.9,,,,,,,,,
5000000,"(s4) scan, sort 2 columns by a float64 key [snappy]","MetalEngine all, cold",23.295,5.6,Sort#2[Sort>Scan],,True,2.47,2.50,sort|numeric|parquet,5000000,,5/0
5000000,"(s1) scan, filter, group-by 1000 keys, sum + count [none]",polars in-memory,11.120,88.2,,,,,,,,,
5000000,"(s1) scan, filter, group-by 1000 keys, sum + count [none]",polars streaming,5.168,33.2,,,,,,,,,
5000000,"(s1) scan, filter, group-by 1000 keys, sum + count [none]","MetalEngine all, cold",7.478,10.3,GroupBy#2[GroupBy>SimpleProjection>Scan],,True,0.69,1.49,group_by:count+group_by:sum|numeric|parquet,5000000,,5/0
5000000,"(s2) scan, filter on id (row groups skipped), group-by, sum [none]",polars in-memory,18.167,146.3,,,,,,,,,
5000000,"(s2) scan, filter on id (row groups skipped), group-by, sum [none]",polars streaming,5.954,40.1,,,,,,,,,
5000000,"(s2) scan, filter on id (row groups skipped), group-by, sum [none]","MetalEngine all, cold",8.277,9.5,GroupBy#2[GroupBy>SimpleProjection>Scan],,True,0.72,2.19,group_by:sum|numeric|parquet,5000000,,5/0
5000000,"(s3) scan, filter, sum + count [none]",polars in-memory,1.740,8.0,,,,,,,,,
5000000,"(s3) scan, filter, sum + count [none]",polars streaming,1.768,8.2,,,,,,,,,
5000000,"(s3) scan, filter, sum + count [none]","MetalEngine all, cold",3.777,5.3,Select#3[Select>SimpleProjection>Scan],,True,0.46,0.46,aggregate:count+aggregate:sum|numeric|parquet,5000000,,5/0
5000000,"(s4) scan, sort 2 columns by a float64 key [none]",polars in-memory,53.422,586.3,,,,,,,,,
5000000,"(s4) scan, sort 2 columns by a float64 key [none]",polars streaming,52.717,587.3,,,,,,,,,
5000000,"(s4) scan, sort 2 columns by a float64 key [none]","MetalEngine all, cold",7.735,5.2,Sort#2[Sort>Scan],,True,6.82,6.91,sort|numeric|parquet,5000000,,5/0
10000000,"(s1) scan, filter, group-by 1000 keys, sum + count [snappy]",polars in-memory,23.180,221.5,,,,,,,,,
10000000,"(s1) scan, filter, group-by 1000 keys, sum + count [snappy]",polars streaming,12.112,122.8,,,,,,,,,
10000000,"(s1) scan, filter, group-by 1000 keys, sum + count [snappy]","MetalEngine all, cold",30.689,15.9,GroupBy#2[GroupBy>SimpleProjection>Scan],,True,0.39,0.76,group_by:count+group_by:sum|numeric|parquet,10000000,,10/0
10000000,"(s2) scan, filter on id (row groups skipped), group-by, sum [snappy]",polars in-memory,24.489,186.1,,,,,,,,,
10000000,"(s2) scan, filter on id (row groups skipped), group-by, sum [snappy]",polars streaming,12.786,75.7,,,,,,,,,
10000000,"(s2) scan, filter on id (row groups skipped), group-by, sum [snappy]","MetalEngine all, cold",34.358,10.1,GroupBy#2[GroupBy>SimpleProjection>Scan],,True,0.37,0.71,group_by:sum|numeric|parquet,10000000,,5/5
10000000,"(s3) scan, filter, sum + count [snappy]",polars in-memory,3.190,29.7,,,,,,,,,
10000000,"(s3) scan, filter, sum + count [snappy]",polars streaming,3.139,29.6,,,,,,,,,
10000000,"(s3) scan, filter, sum + count [snappy]","MetalEngine all, cold",6.074,8.2,Select#3[Select>SimpleProjection>Scan],,True,0.52,0.53,aggregate:count+aggregate:sum|numeric|parquet,10000000,,10/0
10000000,"(s4) scan, sort 2 columns by a float64 key [snappy]",polars in-memory,112.018,1247.2,,,,,,,,,
10000000,"(s4) scan, sort 2 columns by a float64 key [snappy]",polars streaming,117.119,1284.9,,,,,,,,,
10000000,"(s4) scan, sort 2 columns by a float64 key [snappy]","MetalEngine all, cold",34.465,9.8,Sort#2[Sort>Scan],,True,3.25,3.25,sort|numeric|parquet,10000000,,10/0
10000000,"(s1) scan, filter, group-by 1000 keys, sum + count [none]",polars in-memory,20.109,193.2,,,,,,,,,
10000000,"(s1) scan, filter, group-by 1000 keys, sum + count [none]",polars streaming,9.256,87.5,,,,,,,,,
10000000,"(s1) scan, filter, group-by 1000 keys, sum + count [none]","MetalEngine all, cold",12.297,16.1,GroupBy#2[GroupBy>SimpleProjection>Scan],,True,0.75,1.64,group_by:count+group_by:sum|numeric|parquet,10000000,,10/0
10000000,"(s2) scan, filter on id (row groups skipped), group-by, sum [none]",polars in-memory,17.956,146.5,,,,,,,,,
10000000,"(s2) scan, filter on id (row groups skipped), group-by, sum [none]",polars streaming,6.261,44.7,,,,,,,,,
10000000,"(s2) scan, filter on id (row groups skipped), group-by, sum [none]","MetalEngine all, cold",8.382,10.2,GroupBy#2[GroupBy>SimpleProjection>Scan],,True,0.75,2.14,group_by:sum|numeric|parquet,10000000,,5/5
10000000,"(s3) scan, filter, sum + count [none]",polars in-memory,3.068,27.3,,,,,,,,,
10000000,"(s3) scan, filter, sum + count [none]",polars streaming,3.053,27.7,,,,,,,,,
10000000,"(s3) scan, filter, sum + count [none]","MetalEngine all, cold",4.705,8.7,Select#3[Select>SimpleProjection>Scan],,True,0.65,0.65,aggregate:count+aggregate:sum|numeric|parquet,10000000,,10/0
10000000,"(s4) scan, sort 2 columns by a float64 key [none]",polars in-memory,111.565,1234.1,,,,,,,,,
10000000,"(s4) scan, sort 2 columns by a float64 key [none]",polars streaming,112.768,1256.8,,,,,,,,,
10000000,"(s4) scan, sort 2 columns by a float64 key [none]","MetalEngine all, cold",15.853,10.0,Sort#2[Sort>Scan],,True,7.04,7.04,sort|numeric|parquet,10000000,,10/0
20000000,"(s1) scan, filter, group-by 1000 keys, sum + count [snappy]",polars in-memory,44.937,477.8,,,,,,,,,
20000000,"(s1) scan, filter, group-by 1000 keys, sum + count [snappy]",polars streaming,20.922,264.9,,,,,,,,,
20000000,"(s1) scan, filter, group-by 1000 keys, sum + count [snappy]","MetalEngine all, cold",45.723,27.1,GroupBy#2[GroupBy>SimpleProjection>Scan],,True,0.46,0.98,group_by:count+group_by:sum|numeric|parquet,20000000,,20/0
20000000,"(s2) scan, filter on id (row groups skipped), group-by, sum [snappy]",polars in-memory,24.439,177.2,,,,,,,,,
20000000,"(s2) scan, filter on id (row groups skipped), group-by, sum [snappy]",polars streaming,13.074,74.7,,,,,,,,,
20000000,"(s2) scan, filter on id (row groups skipped), group-by, sum [snappy]","MetalEngine all, cold",34.764,10.9,GroupBy#2[GroupBy>SimpleProjection>Scan],,True,0.38,0.70,group_by:sum|numeric|parquet,20000000,,5/15
20000000,"(s3) scan, filter, sum + count [snappy]",polars in-memory,6.519,77.4,,,,,,,,,
20000000,"(s3) scan, filter, sum + count [snappy]",polars streaming,6.516,78.7,,,,,,,,,
20000000,"(s3) scan, filter, sum + count [snappy]","MetalEngine all, cold",10.228,15.6,Select#3[Select>SimpleProjection>Scan],,True,0.64,0.64,aggregate:count+aggregate:sum|numeric|parquet,20000000,,20/0
20000000,"(s4) scan, sort 2 columns by a float64 key [snappy]",polars in-memory,232.112,2635.1,,,,,,,,,
20000000,"(s4) scan, sort 2 columns by a float64 key [snappy]",polars streaming,234.861,2626.5,,,,,,,,,
20000000,"(s4) scan, sort 2 columns by a float64 key [snappy]","MetalEngine all, cold",62.012,16.6,Sort#2[Sort>Scan],,True,3.74,3.74,sort|numeric|parquet,20000000,,20/0
20000000,"(s1) scan, filter, group-by 1000 keys, sum + count [none]",polars in-memory,40.863,445.2,,,,,,,,,
20000000,"(s1) scan, filter, group-by 1000 keys, sum + count [none]",polars streaming,16.134,214.4,,,,,,,,,
20000000,"(s1) scan, filter, group-by 1000 keys, sum + count [none]","MetalEngine all, cold",21.496,26.4,GroupBy#2[GroupBy>SimpleProjection>Scan],,True,0.75,1.90,group_by:count+group_by:sum|numeric|parquet,20000000,,20/0
20000000,"(s2) scan, filter on id (row groups skipped), group-by, sum [none]",polars in-memory,18.457,147.3,,,,,,,,,
20000000,"(s2) scan, filter on id (row groups skipped), group-by, sum [none]",polars streaming,5.882,40.0,,,,,,,,,
20000000,"(s2) scan, filter on id (row groups skipped), group-by, sum [none]","MetalEngine all, cold",8.269,10.1,GroupBy#2[GroupBy>SimpleProjection>Scan],,True,0.71,2.23,group_by:sum|numeric|parquet,20000000,,5/15
20000000,"(s3) scan, filter, sum + count [none]",polars in-memory,6.487,76.3,,,,,,,,,
20000000,"(s3) scan, filter, sum + count [none]",polars streaming,6.153,74.7,,,,,,,,,
20000000,"(s3) scan, filter, sum + count [none]","MetalEngine all, cold",6.802,16.5,Select#3[Select>SimpleProjection>Scan],,True,0.90,0.95,aggregate:count+aggregate:sum|numeric|parquet,20000000,,20/0
20000000,"(s4) scan, sort 2 columns by a float64 key [none]",polars in-memory,224.168,2584.5,,,,,,,,,
20000000,"(s4) scan, sort 2 columns by a float64 key [none]",polars streaming,229.443,2614.3,,,,,,,,,
20000000,"(s4) scan, sort 2 columns by a float64 key [none]","MetalEngine all, cold",31.639,16.7,Sort#2[Sort>Scan],,True,7.09,7.09,sort|numeric|parquet,20000000,,20/0
50000000,"(s1) scan, filter, group-by 1000 keys, sum + count [snappy]",polars in-memory,111.834,1279.8,,,,,,,,,
50000000,"(s1) scan, filter, group-by 1000 keys, sum + count [snappy]",polars streaming,48.193,693.5,,,,,,,,,
50000000,"(s1) scan, filter, group-by 1000 keys, sum + count [snappy]","MetalEngine all, cold",121.928,65.7,GroupBy#2[GroupBy>SimpleProjection>Scan],,True,0.40,0.92,group_by:count+group_by:sum|numeric|parquet,50000000,,50/0
50000000,"(s2) scan, filter on id (row groups skipped), group-by, sum [snappy]",polars in-memory,24.921,178.9,,,,,,,,,
50000000,"(s2) scan, filter on id (row groups skipped), group-by, sum [snappy]",polars streaming,12.659,73.4,,,,,,,,,
50000000,"(s2) scan, filter on id (row groups skipped), group-by, sum [snappy]","MetalEngine all, cold",34.775,10.8,GroupBy#2[GroupBy>SimpleProjection>Scan],,True,0.36,0.72,group_by:sum|numeric|parquet,50000000,,5/45
50000000,"(s3) scan, filter, sum + count [snappy]",polars in-memory,15.212,193.7,,,,,,,,,
50000000,"(s3) scan, filter, sum + count [snappy]",polars streaming,14.249,187.4,,,,,,,,,
50000000,"(s3) scan, filter, sum + count [snappy]","MetalEngine all, cold",22.606,36.9,Select#3[Select>SimpleProjection>Scan],,True,0.63,0.67,aggregate:count+aggregate:sum|numeric|parquet,50000000,,50/0
50000000,"(s4) scan, sort 2 columns by a float64 key [snappy]",polars in-memory,592.690,6828.5,,,,,,,,,
50000000,"(s4) scan, sort 2 columns by a float64 key [snappy]",polars streaming,591.036,6870.3,,,,,,,,,
50000000,"(s4) scan, sort 2 columns by a float64 key [snappy]","MetalEngine all, cold",138.483,48.6,Sort#2[Sort>Scan],,True,4.27,4.28,sort|numeric|parquet,50000000,,50/0
50000000,"(s1) scan, filter, group-by 1000 keys, sum + count [none]",polars in-memory,95.414,1098.6,,,,,,,,,
50000000,"(s1) scan, filter, group-by 1000 keys, sum + count [none]",polars streaming,37.606,521.5,,,,,,,,,
50000000,"(s1) scan, filter, group-by 1000 keys, sum + count [none]","MetalEngine all, cold",48.742,56.9,GroupBy#2[GroupBy>SimpleProjection>Scan],,True,0.77,1.96,group_by:count+group_by:sum|numeric|parquet,50000000,,50/0
50000000,"(s2) scan, filter on id (row groups skipped), group-by, sum [none]",polars in-memory,18.994,159.9,,,,,,,,,
50000000,"(s2) scan, filter on id (row groups skipped), group-by, sum [none]",polars streaming,6.496,46.4,,,,,,,,,
50000000,"(s2) scan, filter on id (row groups skipped), group-by, sum [none]","MetalEngine all, cold",8.320,9.6,GroupBy#2[GroupBy>SimpleProjection>Scan],,True,0.78,2.28,group_by:sum|numeric|parquet,50000000,,5/45
50000000,"(s3) scan, filter, sum + count [none]",polars in-memory,14.100,184.4,,,,,,,,,
50000000,"(s3) scan, filter, sum + count [none]",polars streaming,13.835,184.0,,,,,,,,,
50000000,"(s3) scan, filter, sum + count [none]","MetalEngine all, cold",14.253,37.0,Select#3[Select>SimpleProjection>Scan],,True,0.97,0.99,aggregate:count+aggregate:sum|numeric|parquet,50000000,,50/0
50000000,"(s4) scan, sort 2 columns by a float64 key [none]",polars in-memory,588.910,6776.9,,,,,,,,,
50000000,"(s4) scan, sort 2 columns by a float64 key [none]",polars streaming,593.183,6787.4,,,,,,,,,
50000000,"(s4) scan, sort 2 columns by a float64 key [none]","MetalEngine all, cold",76.452,29.7,Sort#2[Sort>Scan],,True,7.70,7.70,sort|numeric|parquet,50000000,,50/0
