# polars_engine_bench.py --idle --iters 5 --sizes 2000000,50000000 on the group-by cases; MetalEngine() with the crossover table before (old) and after (new) the 2026-09-30 group-by re-sweep, same build, three alternating rounds; best = best of the rounds' best of 5, median = median of the rounds' medians, after_idle = median of the rounds' first run after 500 ms idle; fastest Polars over both variants' rounds
case,rows,fastest_polars_best_ms,fastest_polars_median_ms,old_rounds,old_best_ms,old_median_ms,old_after_idle_ms,old_cpu_ms,old_taken,old_taken_all_rounds,old_rule,old_vs_fastest_polars_best,old_vs_fastest_polars_median,new_rounds,new_best_ms,new_median_ms,new_after_idle_ms,new_cpu_ms,new_taken,new_taken_all_rounds,new_rule,new_vs_fastest_polars_best,new_vs_fastest_polars_median,all_cold_best_ms,new_vs_old_best,new_vs_old_median,flag
"(c) group-by (region, sub) mean + max",2000000,5.494,5.733,3,6.975,7.549,11.117,81.0,,yes,"GroupBy#1: rule: 2,000,000 input rows is below the 2,029,638-row crossover for group_by_multi:minmax at every group count measured (Benchmarks/results/polars_engine_crossover_2026-09-29-sort.csv)",0.79,0.76,3,6.729,7.689,9.631,3.9,GroupBy#1,yes,"GroupBy#1: 2,000,000 input rows is at or above the 1,921,713-row crossover for group_by_multi:mean at an estimated 6,828 groups over (region, sub), a Chao1 estimate from a 512-row sample, 4,531 to 13,518 (engine table, the 10,000-group bucket, Benchmarks/results/polars_engine_crossover_2026-09-30-groupby.csv)",0.82,0.75,6.853,1.04,0.98,
"(g1count100k) group-by grid, 1 key, 100 000 groups, count",2000000,2.639,2.764,3,4.445,4.687,9.240,52.2,,yes,"GroupBy#1: rule: 2,000,000 input rows is below the 3,123,562-row crossover for group_by:count at every group count measured (Benchmarks/results/polars_engine_crossover_2026-09-29-sort.csv)",0.59,0.59,3,4.340,4.801,16.142,52.5,,yes,"GroupBy#1: rule: 2,000,000 input rows is below the 3,123,562-row crossover for group_by:count at every group count measured (Benchmarks/results/polars_engine_crossover_2026-09-30-groupby.csv)",0.61,0.58,3.257,1.02,0.98,
"(g1count10k) group-by grid, 1 key, 10 000 groups, count",2000000,2.914,3.064,3,3.573,3.987,7.391,39.4,,yes,"GroupBy#1: rule: 2,000,000 input rows is below the 3,123,562-row crossover for group_by:count at every group count measured (Benchmarks/results/polars_engine_crossover_2026-09-29-sort.csv)",0.82,0.77,3,3.538,4.157,15.282,39.8,,yes,"GroupBy#1: rule: 2,000,000 input rows is below the 3,123,562-row crossover for group_by:count at every group count measured (Benchmarks/results/polars_engine_crossover_2026-09-30-groupby.csv)",0.82,0.74,2.422,1.01,0.96,
"(g1count1M) group-by grid, 1 key, 1 000 000 groups, count",2000000,3.606,3.928,3,8.433,8.915,21.148,96.6,,yes,"GroupBy#1: rule: 2,000,000 input rows is below the 3,123,562-row crossover for group_by:count at every group count measured (Benchmarks/results/polars_engine_crossover_2026-09-29-sort.csv)",0.43,0.44,3,8.282,9.143,15.368,93.8,,yes,"GroupBy#1: rule: 2,000,000 input rows is below the 3,123,562-row crossover for group_by:count at every group count measured (Benchmarks/results/polars_engine_crossover_2026-09-30-groupby.csv)",0.44,0.43,5.321,1.02,0.98,
"(g1count1k) group-by grid, 1 key, 1 000 groups, count",2000000,1.077,1.184,3,3.261,3.784,14.596,35.9,,yes,"GroupBy#1: rule: 2,000,000 input rows is below the 3,123,562-row crossover for group_by:count at every group count measured (Benchmarks/results/polars_engine_crossover_2026-09-29-sort.csv)",0.33,0.31,3,3.126,3.433,7.832,35.7,,yes,"GroupBy#1: rule: 2,000,000 input rows is below the 3,123,562-row crossover for group_by:count at every group count measured (Benchmarks/results/polars_engine_crossover_2026-09-30-groupby.csv)",0.34,0.35,2.651,1.04,1.10,
"(g1count200) group-by grid, 1 key, 200 groups, count",2000000,1.009,1.140,3,1.377,3.118,5.128,14.7,,yes,"GroupBy#1: rule: 2,000,000 input rows is below the 3,123,562-row crossover for group_by:count at every group count measured (Benchmarks/results/polars_engine_crossover_2026-09-29-sort.csv)",0.73,0.37,3,1.351,3.224,7.784,13.1,,yes,"GroupBy#1: rule: 2,000,000 input rows is below the 3,123,562-row crossover for group_by:count at every group count measured (Benchmarks/results/polars_engine_crossover_2026-09-30-groupby.csv)",0.75,0.35,2.698,1.02,0.97,
"(g1countR2) group-by grid, 1 key, rows/2 groups, count",2000000,3.665,3.853,3,8.324,8.865,16.826,95.9,,yes,"GroupBy#1: rule: 2,000,000 input rows is below the 3,123,562-row crossover for group_by:count at every group count measured (Benchmarks/results/polars_engine_crossover_2026-09-29-sort.csv)",0.44,0.43,3,8.310,8.997,21.732,95.0,,yes,"GroupBy#1: rule: 2,000,000 input rows is below the 3,123,562-row crossover for group_by:count at every group count measured (Benchmarks/results/polars_engine_crossover_2026-09-30-groupby.csv)",0.44,0.43,4.838,1.00,0.99,
"(g1fsum100k) group-by grid, 1 key, 100 000 groups, Float64 sum",2000000,2.773,3.021,3,5.222,5.821,17.940,64.4,,yes,"GroupBy#1: rule: 2,000,000 input rows is below the 3,987,931-row crossover for group_by:sum at every group count measured (Benchmarks/results/polars_engine_crossover_2026-09-29-sort.csv)",0.53,0.52,3,5.481,5.830,17.250,64.9,,yes,"GroupBy#1: rule: 2,000,000 input rows is below the 5,252,956-row crossover for group_by:sum at every group count measured (Benchmarks/results/polars_engine_crossover_2026-09-30-groupby.csv)",0.51,0.52,6.973,0.95,1.00,
"(g1fsum10k) group-by grid, 1 key, 10 000 groups, Float64 sum",2000000,3.068,3.212,3,4.641,4.989,16.493,54.9,,yes,"GroupBy#1: rule: 2,000,000 input rows is below the 3,987,931-row crossover for group_by:sum at every group count measured (Benchmarks/results/polars_engine_crossover_2026-09-29-sort.csv)",0.66,0.64,3,4.581,5.450,15.064,56.0,,yes,"GroupBy#1: rule: 2,000,000 input rows is below the 5,252,956-row crossover for group_by:sum at every group count measured (Benchmarks/results/polars_engine_crossover_2026-09-30-groupby.csv)",0.67,0.59,4.567,1.01,0.92,
"(g1fsum1M) group-by grid, 1 key, 1 000 000 groups, Float64 sum",2000000,3.784,4.100,3,9.042,10.129,23.525,116.2,,yes,"GroupBy#1: rule: 2,000,000 input rows is below the 3,987,931-row crossover for group_by:sum at every group count measured (Benchmarks/results/polars_engine_crossover_2026-09-29-sort.csv)",0.42,0.40,3,9.368,10.329,20.028,115.1,,yes,"GroupBy#1: rule: 2,000,000 input rows is below the 5,252,956-row crossover for group_by:sum at every group count measured (Benchmarks/results/polars_engine_crossover_2026-09-30-groupby.csv)",0.40,0.40,6.425,0.97,0.98,
"(g1fsum1k) group-by grid, 1 key, 1 000 groups, Float64 sum",2000000,1.068,1.252,3,4.196,4.861,16.171,50.0,,yes,"GroupBy#1: rule: 2,000,000 input rows is below the 3,987,931-row crossover for group_by:sum at every group count measured (Benchmarks/results/polars_engine_crossover_2026-09-29-sort.csv)",0.25,0.26,3,4.122,4.476,16.115,49.7,,yes,"GroupBy#1: rule: 2,000,000 input rows is below the 5,252,956-row crossover for group_by:sum at every group count measured (Benchmarks/results/polars_engine_crossover_2026-09-30-groupby.csv)",0.26,0.28,3.682,1.02,1.09,
"(g1fsum200) group-by grid, 1 key, 200 groups, Float64 sum",2000000,1.027,1.140,3,1.453,4.265,17.117,15.0,,yes,"GroupBy#1: rule: 2,000,000 input rows is below the 3,987,931-row crossover for group_by:sum at every group count measured (Benchmarks/results/polars_engine_crossover_2026-09-29-sort.csv)",0.71,0.27,3,1.518,4.355,6.512,14.8,,yes,"GroupBy#1: rule: 2,000,000 input rows is below the 5,252,956-row crossover for group_by:sum at every group count measured (Benchmarks/results/polars_engine_crossover_2026-09-30-groupby.csv)",0.68,0.26,3.489,0.96,0.98,
"(g1fsumR2) group-by grid, 1 key, rows/2 groups, Float64 sum",2000000,3.804,3.982,3,9.236,9.752,21.260,116.5,,yes,"GroupBy#1: rule: 2,000,000 input rows is below the 3,987,931-row crossover for group_by:sum at every group count measured (Benchmarks/results/polars_engine_crossover_2026-09-29-sort.csv)",0.41,0.41,3,9.104,10.191,24.340,117.3,,yes,"GroupBy#1: rule: 2,000,000 input rows is below the 5,252,956-row crossover for group_by:sum at every group count measured (Benchmarks/results/polars_engine_crossover_2026-09-30-groupby.csv)",0.42,0.39,7.332,1.01,0.96,
"(g1mean100k) group-by grid, 1 key, 100 000 groups, mean",2000000,2.956,3.115,3,5.499,5.789,19.159,64.2,,yes,"GroupBy#1: rule: 2,000,000 input rows is below the 4,172,575-row crossover for group_by:mean at every group count measured (Benchmarks/results/polars_engine_crossover_2026-09-29-sort.csv)",0.54,0.54,3,5.466,5.678,19.494,63.6,,yes,"GroupBy#1: rule: 2,000,000 input rows is below the 2,436,520-row crossover for group_by:mean at every group count measured (Benchmarks/results/polars_engine_crossover_2026-09-30-groupby.csv)",0.54,0.55,6.815,1.01,1.02,
"(g1mean10k) group-by grid, 1 key, 10 000 groups, mean",2000000,3.141,3.300,3,4.623,4.908,17.448,54.0,,yes,"GroupBy#1: rule: 2,000,000 input rows is below the 4,172,575-row crossover for group_by:mean at every group count measured (Benchmarks/results/polars_engine_crossover_2026-09-29-sort.csv)",0.68,0.67,3,4.645,5.290,16.806,53.5,,yes,"GroupBy#1: rule: 2,000,000 input rows is below the 2,436,520-row crossover for group_by:mean at every group count measured (Benchmarks/results/polars_engine_crossover_2026-09-30-groupby.csv)",0.68,0.62,5.641,1.00,0.93,
"(g1mean1M) group-by grid, 1 key, 1 000 000 groups, mean",2000000,3.969,4.306,3,10.388,11.333,25.426,132.7,,yes,"GroupBy#1: rule: 2,000,000 input rows is below the 4,172,575-row crossover for group_by:mean at every group count measured (Benchmarks/results/polars_engine_crossover_2026-09-29-sort.csv)",0.38,0.38,3,10.474,11.491,26.493,129.5,,yes,"GroupBy#1: rule: 2,000,000 input rows is below the 2,436,520-row crossover for group_by:mean at every group count measured (Benchmarks/results/polars_engine_crossover_2026-09-30-groupby.csv)",0.38,0.37,8.322,0.99,0.99,
"(g1mean1k) group-by grid, 1 key, 1 000 groups, mean",2000000,1.105,1.254,3,4.200,4.548,6.528,49.3,,yes,"GroupBy#1: rule: 2,000,000 input rows is below the 4,172,575-row crossover for group_by:mean at every group count measured (Benchmarks/results/polars_engine_crossover_2026-09-29-sort.csv)",0.26,0.28,3,4.059,5.018,16.295,48.3,,yes,"GroupBy#1: rule: 2,000,000 input rows is below the 2,436,520-row crossover for group_by:mean at every group count measured (Benchmarks/results/polars_engine_crossover_2026-09-30-groupby.csv)",0.27,0.25,4.892,1.03,0.91,
"(g1mean200) group-by grid, 1 key, 200 groups, mean",2000000,0.976,1.175,3,1.585,4.387,9.061,16.9,,yes,"GroupBy#1: rule: 2,000,000 input rows is below the 4,172,575-row crossover for group_by:mean at every group count measured (Benchmarks/results/polars_engine_crossover_2026-09-29-sort.csv)",0.62,0.27,3,1.436,4.229,9.240,13.6,,yes,"GroupBy#1: rule: 2,000,000 input rows is below the 2,436,520-row crossover for group_by:mean at every group count measured (Benchmarks/results/polars_engine_crossover_2026-09-30-groupby.csv)",0.68,0.28,5.632,1.10,1.04,
"(g1meanR2) group-by grid, 1 key, rows/2 groups, mean",2000000,4.003,4.209,3,10.624,11.056,21.779,128.6,,yes,"GroupBy#1: rule: 2,000,000 input rows is below the 4,172,575-row crossover for group_by:mean at every group count measured (Benchmarks/results/polars_engine_crossover_2026-09-29-sort.csv)",0.38,0.38,3,10.788,11.434,25.599,130.1,,yes,"GroupBy#1: rule: 2,000,000 input rows is below the 2,436,520-row crossover for group_by:mean at every group count measured (Benchmarks/results/polars_engine_crossover_2026-09-30-groupby.csv)",0.37,0.37,8.139,0.98,0.97,
"(g1minmax100k) group-by grid, 1 key, 100 000 groups, min + max",2000000,3.372,3.560,3,5.366,5.967,20.578,65.4,,yes,"GroupBy#1: rule: 2,000,000 input rows is below the 2,583,360-row crossover for group_by:minmax at every group count measured (Benchmarks/results/polars_engine_crossover_2026-09-29-sort.csv)",0.63,0.60,3,5.685,6.270,10.871,66.2,,yes,"GroupBy#1: rule: 2,000,000 input rows is below the 2,184,147-row crossover for group_by:minmax at every group count measured (Benchmarks/results/polars_engine_crossover_2026-09-30-groupby.csv)",0.59,0.57,4.129,0.94,0.95,slower
"(g1minmax10k) group-by grid, 1 key, 10 000 groups, min + max",2000000,3.608,3.804,3,4.456,4.990,18.268,52.0,,yes,"GroupBy#1: rule: 2,000,000 input rows is below the 2,583,360-row crossover for group_by:minmax at every group count measured (Benchmarks/results/polars_engine_crossover_2026-09-29-sort.csv)",0.81,0.76,3,4.364,4.585,14.643,51.3,,yes,"GroupBy#1: rule: 2,000,000 input rows is below the 2,184,147-row crossover for group_by:minmax at every group count measured (Benchmarks/results/polars_engine_crossover_2026-09-30-groupby.csv)",0.83,0.83,4.234,1.02,1.09,
"(g1minmax1M) group-by grid, 1 key, 1 000 000 groups, min + max",2000000,4.307,4.660,3,10.882,11.667,27.740,143.8,,yes,"GroupBy#1: rule: 2,000,000 input rows is below the 2,583,360-row crossover for group_by:minmax at every group count measured (Benchmarks/results/polars_engine_crossover_2026-09-29-sort.csv)",0.40,0.40,3,11.546,11.957,23.797,144.5,,yes,"GroupBy#1: rule: 2,000,000 input rows is below the 2,184,147-row crossover for group_by:minmax at every group count measured (Benchmarks/results/polars_engine_crossover_2026-09-30-groupby.csv)",0.37,0.39,6.007,0.94,0.98,
"(g1minmax1k) group-by grid, 1 key, 1 000 groups, min + max",2000000,1.307,1.504,3,3.813,4.271,11.159,44.9,,yes,"GroupBy#1: rule: 2,000,000 input rows is below the 2,583,360-row crossover for group_by:minmax at every group count measured (Benchmarks/results/polars_engine_crossover_2026-09-29-sort.csv)",0.34,0.35,3,3.895,4.231,17.581,44.6,,yes,"GroupBy#1: rule: 2,000,000 input rows is below the 2,184,147-row crossover for group_by:minmax at every group count measured (Benchmarks/results/polars_engine_crossover_2026-09-30-groupby.csv)",0.34,0.36,3.288,0.98,1.01,
"(g1minmax200) group-by grid, 1 key, 200 groups, min + max",2000000,1.234,1.389,3,1.638,3.826,7.533,17.4,,yes,"GroupBy#1: rule: 2,000,000 input rows is below the 2,583,360-row crossover for group_by:minmax at every group count measured (Benchmarks/results/polars_engine_crossover_2026-09-29-sort.csv)",0.75,0.36,3,1.584,3.843,13.986,16.1,,yes,"GroupBy#1: rule: 2,000,000 input rows is below the 2,184,147-row crossover for group_by:minmax at every group count measured (Benchmarks/results/polars_engine_crossover_2026-09-30-groupby.csv)",0.78,0.36,2.704,1.03,1.00,
"(g1minmaxR2) group-by grid, 1 key, rows/2 groups, min + max",2000000,4.389,4.543,3,11.340,11.867,24.879,141.0,,yes,"GroupBy#1: rule: 2,000,000 input rows is below the 2,583,360-row crossover for group_by:minmax at every group count measured (Benchmarks/results/polars_engine_crossover_2026-09-29-sort.csv)",0.39,0.38,3,11.253,11.942,25.659,145.0,,yes,"GroupBy#1: rule: 2,000,000 input rows is below the 2,184,147-row crossover for group_by:minmax at every group count measured (Benchmarks/results/polars_engine_crossover_2026-09-30-groupby.csv)",0.39,0.38,7.004,1.01,0.99,
"(g1sum100k) group-by grid, 1 key, 100 000 groups, sum",2000000,2.869,3.106,3,5.245,5.596,18.846,63.4,,yes,"GroupBy#1: rule: 2,000,000 input rows is below the 3,987,931-row crossover for group_by:sum at every group count measured (Benchmarks/results/polars_engine_crossover_2026-09-29-sort.csv)",0.55,0.55,3,5.369,5.693,11.916,63.3,,yes,"GroupBy#1: rule: 2,000,000 input rows is below the 5,252,956-row crossover for group_by:sum at every group count measured (Benchmarks/results/polars_engine_crossover_2026-09-30-groupby.csv)",0.53,0.55,3.220,0.98,0.98,
"(g1sum10k) group-by grid, 1 key, 10 000 groups, sum",2000000,3.136,3.245,3,4.160,4.735,14.343,48.5,,yes,"GroupBy#1: rule: 2,000,000 input rows is below the 3,987,931-row crossover for group_by:sum at every group count measured (Benchmarks/results/polars_engine_crossover_2026-09-29-sort.csv)",0.75,0.69,3,4.278,4.578,15.100,50.1,,yes,"GroupBy#1: rule: 2,000,000 input rows is below the 5,252,956-row crossover for group_by:sum at every group count measured (Benchmarks/results/polars_engine_crossover_2026-09-30-groupby.csv)",0.73,0.71,3.555,0.97,1.03,
"(g1sum1M) group-by grid, 1 key, 1 000 000 groups, sum",2000000,3.866,4.089,3,9.264,10.476,25.059,117.3,,yes,"GroupBy#1: rule: 2,000,000 input rows is below the 3,987,931-row crossover for group_by:sum at every group count measured (Benchmarks/results/polars_engine_crossover_2026-09-29-sort.csv)",0.42,0.39,3,9.953,10.406,24.258,118.0,,yes,"GroupBy#1: rule: 2,000,000 input rows is below the 5,252,956-row crossover for group_by:sum at every group count measured (Benchmarks/results/polars_engine_crossover_2026-09-30-groupby.csv)",0.39,0.39,7.142,0.93,1.01,
"(g1sum1k) group-by grid, 1 key, 1 000 groups, sum",2000000,1.089,1.219,3,3.524,4.246,9.531,43.3,,yes,"GroupBy#1: rule: 2,000,000 input rows is below the 3,987,931-row crossover for group_by:sum at every group count measured (Benchmarks/results/polars_engine_crossover_2026-09-29-sort.csv)",0.31,0.29,3,3.623,4.021,12.171,42.0,,yes,"GroupBy#1: rule: 2,000,000 input rows is below the 5,252,956-row crossover for group_by:sum at every group count measured (Benchmarks/results/polars_engine_crossover_2026-09-30-groupby.csv)",0.30,0.30,3.227,0.97,1.06,
"(g1sum200) group-by grid, 1 key, 200 groups, sum",2000000,1.018,1.218,3,1.389,3.714,7.736,13.9,,yes,"GroupBy#1: rule: 2,000,000 input rows is below the 3,987,931-row crossover for group_by:sum at every group count measured (Benchmarks/results/polars_engine_crossover_2026-09-29-sort.csv)",0.73,0.33,3,1.408,3.769,16.935,14.3,,yes,"GroupBy#1: rule: 2,000,000 input rows is below the 5,252,956-row crossover for group_by:sum at every group count measured (Benchmarks/results/polars_engine_crossover_2026-09-30-groupby.csv)",0.72,0.32,4.294,0.99,0.99,
"(g1sumR2) group-by grid, 1 key, rows/2 groups, sum",2000000,3.879,4.175,3,8.969,10.184,17.397,117.4,,yes,"GroupBy#1: rule: 2,000,000 input rows is below the 3,987,931-row crossover for group_by:sum at every group count measured (Benchmarks/results/polars_engine_crossover_2026-09-29-sort.csv)",0.43,0.41,3,9.831,10.279,24.280,116.7,,yes,"GroupBy#1: rule: 2,000,000 input rows is below the 5,252,956-row crossover for group_by:sum at every group count measured (Benchmarks/results/polars_engine_crossover_2026-09-30-groupby.csv)",0.39,0.41,6.456,0.91,0.99,
"(g2count100k) group-by grid, 2 keys, 100 000 groups, count",2000000,5.268,5.508,3,3.719,3.976,11.370,3.9,GroupBy#1,yes,"GroupBy#1: 2,000,000 input rows is at or above the 1,118,998-row crossover for group_by_multi:count at an estimated 98,740 groups over (k1, k2), a Chao1 estimate from a 8,192-row sample, 89,058 to 110,673 (engine table, the 100,000-group bucket, Benchmarks/results/polars_engine_crossover_2026-09-29-sort.csv)",1.42,1.39,3,4.060,4.286,13.046,4.0,GroupBy#1,yes,"GroupBy#1: 2,000,000 input rows is at or above the 1,118,998-row crossover for group_by_multi:count at an estimated 98,740 groups over (k1, k2), a Chao1 estimate from a 8,192-row sample, 89,058 to 110,673 (engine table, the 100,000-group bucket, Benchmarks/results/polars_engine_crossover_2026-09-30-groupby.csv)",1.30,1.28,3.284,0.92,0.93,slower
"(g2count10k) group-by grid, 2 keys, 10 000 groups, count",2000000,4.756,4.948,3,2.836,3.099,7.552,3.2,GroupBy#1,yes,"GroupBy#1: 2,000,000 input rows is at or above the 1,082,526-row crossover for group_by_multi:count at an estimated 15,974 groups over (k1, k2), a Chao1 estimate from a 512-row sample, 8,598 to 72,939 (engine table, the 10,000-group bucket, Benchmarks/results/polars_engine_crossover_2026-09-29-sort.csv)",1.68,1.60,3,2.914,3.376,9.272,3.5,GroupBy#1,yes,"GroupBy#1: 2,000,000 input rows is at or above the 1,082,526-row crossover for group_by_multi:count at an estimated 15,974 groups over (k1, k2), a Chao1 estimate from a 512-row sample, 8,598 to 72,939 (engine table, the 10,000-group bucket, Benchmarks/results/polars_engine_crossover_2026-09-30-groupby.csv)",1.63,1.47,2.944,0.97,0.92,
"(g2count1M) group-by grid, 2 keys, 1 000 000 groups, count",2000000,6.936,7.409,3,13.201,14.015,26.422,150.9,,yes,"GroupBy#1: rule: estimated 1,048,064 groups over (k1, k2), a Chao1 estimate from a 2,048-row sample, 350,720 to 2,000,000: above the measured band for group_by_multi:count at 2,000,000 input rows (taken at 3,163 to 316,227 groups; no count in the estimate's range is; Benchmarks/results/polars_engine_crossover_2026-09-29-sort.csv)",0.53,0.53,3,13.136,14.469,29.393,149.4,,yes,"GroupBy#1: rule: estimated 1,048,064 groups over (k1, k2), a Chao1 estimate from a 2,048-row sample, 350,720 to 2,000,000: above the measured band for group_by_multi:count at 2,000,000 input rows (taken at 3,163 to 316,227 groups; no count in the estimate's range is; Benchmarks/results/polars_engine_crossover_2026-09-30-groupby.csv)",0.53,0.51,5.723,1.00,0.97,
"(g2count1k) group-by grid, 2 keys, 1 000 groups, count",2000000,2.376,2.505,3,5.305,5.976,17.579,57.2,,yes,"GroupBy#1: rule: estimated 925 groups over (k1, k2), a Chao1 estimate from a 512-row sample, 821 to 1,083: below the measured band for group_by_multi:count at 2,000,000 input rows (taken at 3,163 to 316,227 groups; no count in the estimate's range is; Benchmarks/results/polars_engine_crossover_2026-09-29-sort.csv)",0.45,0.42,3,5.230,5.977,16.894,58.9,,yes,"GroupBy#1: rule: estimated 925 groups over (k1, k2), a Chao1 estimate from a 512-row sample, 821 to 1,083: below the measured band for group_by_multi:count at 2,000,000 input rows (taken at 3,163 to 316,227 groups; no count in the estimate's range is; Benchmarks/results/polars_engine_crossover_2026-09-30-groupby.csv)",0.45,0.42,3.296,1.01,1.00,
"(g2count200) group-by grid, 2 keys, 200 groups, count",2000000,2.119,2.240,3,2.523,2.707,10.219,27.8,,yes,"GroupBy#1: rule: estimated 203 groups over (k1, k2), a Chao1 estimate from a 512-row sample, 198 to 210: below the measured band for group_by_multi:count at 2,000,000 input rows (taken at 3,163 to 316,227 groups; no count in the estimate's range is; Benchmarks/results/polars_engine_crossover_2026-09-29-sort.csv)",0.84,0.83,3,2.595,2.694,12.561,28.9,,yes,"GroupBy#1: rule: estimated 203 groups over (k1, k2), a Chao1 estimate from a 512-row sample, 198 to 210: below the measured band for group_by_multi:count at 2,000,000 input rows (taken at 3,163 to 316,227 groups; no count in the estimate's range is; Benchmarks/results/polars_engine_crossover_2026-09-30-groupby.csv)",0.82,0.83,3.662,0.97,1.00,
"(g2countR2) group-by grid, 2 keys, rows/2 groups, count",2000000,7.000,7.492,3,12.914,13.969,30.994,147.2,,yes,"GroupBy#1: rule: estimated 1,009,012 groups over (k1, k2), a Chao1 estimate from a 8,192-row sample, 721,299 to 1,604,779: above the measured band for group_by_multi:count at 2,000,000 input rows (taken at 3,163 to 316,227 groups; no count in the estimate's range is; Benchmarks/results/polars_engine_crossover_2026-09-29-sort.csv)",0.54,0.54,3,13.560,14.298,27.072,148.9,,yes,"GroupBy#1: rule: estimated 1,009,012 groups over (k1, k2), a Chao1 estimate from a 8,192-row sample, 721,299 to 1,604,779: above the measured band for group_by_multi:count at 2,000,000 input rows (taken at 3,163 to 316,227 groups; no count in the estimate's range is; Benchmarks/results/polars_engine_crossover_2026-09-30-groupby.csv)",0.52,0.52,6.566,0.95,0.98,
"(g2fsum100k) group-by grid, 2 keys, 100 000 groups, Float64 sum",2000000,5.693,5.897,3,7.465,8.368,22.800,92.9,,yes,"GroupBy#1: rule: 2,000,000 input rows is below the 2,288,101-row crossover for group_by_multi:sum at every group count measured (Benchmarks/results/polars_engine_crossover_2026-09-29-sort.csv)",0.76,0.70,3,8.061,8.352,22.045,91.3,,yes,"GroupBy#1: rule: 2,000,000 input rows is below the 2,288,101-row crossover for group_by_multi:sum at every group count measured (Benchmarks/results/polars_engine_crossover_2026-09-30-groupby.csv)",0.71,0.71,7.247,0.93,1.00,
"(g2fsum10k) group-by grid, 2 keys, 10 000 groups, Float64 sum",2000000,5.066,5.248,3,6.734,7.423,21.127,77.7,,yes,"GroupBy#1: rule: 2,000,000 input rows is below the 2,288,101-row crossover for group_by_multi:sum at every group count measured (Benchmarks/results/polars_engine_crossover_2026-09-29-sort.csv)",0.75,0.71,3,6.787,7.402,22.567,76.1,,yes,"GroupBy#1: rule: 2,000,000 input rows is below the 2,288,101-row crossover for group_by_multi:sum at every group count measured (Benchmarks/results/polars_engine_crossover_2026-09-30-groupby.csv)",0.75,0.71,4.878,0.99,1.00,
"(g2fsum1M) group-by grid, 2 keys, 1 000 000 groups, Float64 sum",2000000,7.305,7.648,3,14.060,15.347,32.098,170.3,,yes,"GroupBy#1: rule: 2,000,000 input rows is below the 2,288,101-row crossover for group_by_multi:sum at every group count measured (Benchmarks/results/polars_engine_crossover_2026-09-29-sort.csv)",0.52,0.50,3,14.285,15.487,34.005,172.0,,yes,"GroupBy#1: rule: 2,000,000 input rows is below the 2,288,101-row crossover for group_by_multi:sum at every group count measured (Benchmarks/results/polars_engine_crossover_2026-09-30-groupby.csv)",0.51,0.49,7.657,0.98,0.99,
"(g2fsum1k) group-by grid, 2 keys, 1 000 groups, Float64 sum",2000000,2.390,2.615,3,6.244,6.580,18.589,71.2,,yes,"GroupBy#1: rule: 2,000,000 input rows is below the 2,288,101-row crossover for group_by_multi:sum at every group count measured (Benchmarks/results/polars_engine_crossover_2026-09-29-sort.csv)",0.38,0.40,3,6.125,6.830,14.836,72.5,,yes,"GroupBy#1: rule: 2,000,000 input rows is below the 2,288,101-row crossover for group_by_multi:sum at every group count measured (Benchmarks/results/polars_engine_crossover_2026-09-30-groupby.csv)",0.39,0.38,4.297,1.02,0.96,
"(g2fsum200) group-by grid, 2 keys, 200 groups, Float64 sum",2000000,2.173,2.289,3,2.539,2.766,12.288,30.3,,yes,"GroupBy#1: rule: 2,000,000 input rows is below the 2,288,101-row crossover for group_by_multi:sum at every group count measured (Benchmarks/results/polars_engine_crossover_2026-09-29-sort.csv)",0.86,0.83,3,2.597,2.792,12.821,28.9,,yes,"GroupBy#1: rule: 2,000,000 input rows is below the 2,288,101-row crossover for group_by_multi:sum at every group count measured (Benchmarks/results/polars_engine_crossover_2026-09-30-groupby.csv)",0.84,0.82,4.090,0.98,0.99,
"(g2fsumR2) group-by grid, 2 keys, rows/2 groups, Float64 sum",2000000,7.336,7.646,3,14.206,14.979,30.409,167.9,,yes,"GroupBy#1: rule: 2,000,000 input rows is below the 2,288,101-row crossover for group_by_multi:sum at every group count measured (Benchmarks/results/polars_engine_crossover_2026-09-29-sort.csv)",0.52,0.51,3,14.189,15.278,29.783,167.5,,yes,"GroupBy#1: rule: 2,000,000 input rows is below the 2,288,101-row crossover for group_by_multi:sum at every group count measured (Benchmarks/results/polars_engine_crossover_2026-09-30-groupby.csv)",0.52,0.50,7.305,1.00,0.98,
"(g2mean100k) group-by grid, 2 keys, 100 000 groups, mean",2000000,5.824,5.984,3,8.384,8.800,12.331,92.0,,yes,"GroupBy#1: rule: estimated 159,519 groups over (k1, k2), a Chao1 estimate from a 2,048-row sample, 95,399 to 405,695: above the measured band for group_by_multi:mean at 2,000,000 input rows (taken at 3,163 to 31,622 groups; no count in the estimate's range is; Benchmarks/results/polars_engine_crossover_2026-09-29-sort.csv)",0.69,0.68,3,8.898,10.562,14.841,6.0,GroupBy#1,yes,"GroupBy#1: 2,000,000 input rows is at or above the 953,572-row crossover for group_by_multi:mean at an estimated 98,740 groups over (k1, k2), a Chao1 estimate from a 8,192-row sample, 89,058 to 110,673 (engine table, the 100,000-group bucket, Benchmarks/results/polars_engine_crossover_2026-09-30-groupby.csv)",0.65,0.57,6.955,0.94,0.83,slower
"(g2mean10k) group-by grid, 2 keys, 10 000 groups, mean",2000000,5.075,5.269,3,6.930,7.906,9.458,4.7,GroupBy#1,yes,"GroupBy#1: 2,000,000 input rows is at or above the 1,790,854-row crossover for group_by_multi:mean at an estimated 8,968 groups over (k1, k2), a Chao1 estimate from a 2,048-row sample, 8,008 to 10,230 (engine table, the 10,000-group bucket, Benchmarks/results/polars_engine_crossover_2026-09-29-sort.csv)",0.73,0.67,3,5.829,6.770,13.460,4.2,GroupBy#1,yes,"GroupBy#1: 2,000,000 input rows is at or above the 1,921,713-row crossover for group_by_multi:mean at an estimated 15,974 groups over (k1, k2), a Chao1 estimate from a 512-row sample, 8,598 to 72,939 (engine table, the 10,000-group bucket, Benchmarks/results/polars_engine_crossover_2026-09-30-groupby.csv)",0.87,0.78,6.611,1.19,1.17,
"(g2mean1M) group-by grid, 2 keys, 1 000 000 groups, mean",2000000,7.487,8.015,3,15.312,16.101,32.685,189.5,,yes,"GroupBy#1: rule: estimated 131,328 groups over (k1, k2), a Chao1 estimate from a 512-row sample, 44,117 to 2,000,000: above the measured band for group_by_multi:mean at 2,000,000 input rows (taken at 3,163 to 31,622 groups; no count in the estimate's range is; Benchmarks/results/polars_engine_crossover_2026-09-29-sort.csv)",0.49,0.50,3,15.394,16.585,33.898,186.0,,yes,"GroupBy#1: rule: estimated 1,048,064 groups over (k1, k2), a Chao1 estimate from a 2,048-row sample, 350,720 to 2,000,000: above the measured band for group_by_multi:mean at 2,000,000 input rows (taken at 3,163 to 316,227 groups; no count in the estimate's range is; Benchmarks/results/polars_engine_crossover_2026-09-30-groupby.csv)",0.49,0.48,7.775,0.99,0.97,
"(g2mean1k) group-by grid, 2 keys, 1 000 groups, mean",2000000,2.441,2.639,3,6.273,6.879,18.398,71.1,,yes,"GroupBy#1: rule: estimated 925 groups over (k1, k2), a Chao1 estimate from a 512-row sample, 821 to 1,083: below the measured band for group_by_multi:mean at 2,000,000 input rows (taken at 3,163 to 31,622 groups; no count in the estimate's range is; Benchmarks/results/polars_engine_crossover_2026-09-29-sort.csv)",0.39,0.38,3,6.386,6.714,19.882,72.8,,yes,"GroupBy#1: rule: estimated 925 groups over (k1, k2), a Chao1 estimate from a 512-row sample, 821 to 1,083: below the measured band for group_by_multi:mean at 2,000,000 input rows (taken at 3,163 to 316,227 groups; no count in the estimate's range is; Benchmarks/results/polars_engine_crossover_2026-09-30-groupby.csv)",0.38,0.39,6.175,0.98,1.02,
"(g2mean200) group-by grid, 2 keys, 200 groups, mean",2000000,2.196,2.344,3,2.685,2.881,13.137,29.7,,yes,"GroupBy#1: rule: estimated 203 groups over (k1, k2), a Chao1 estimate from a 512-row sample, 198 to 210: below the measured band for group_by_multi:mean at 2,000,000 input rows (taken at 3,163 to 31,622 groups; no count in the estimate's range is; Benchmarks/results/polars_engine_crossover_2026-09-29-sort.csv)",0.82,0.81,3,2.651,2.956,13.976,30.6,,yes,"GroupBy#1: rule: estimated 203 groups over (k1, k2), a Chao1 estimate from a 512-row sample, 198 to 210: below the measured band for group_by_multi:mean at 2,000,000 input rows (taken at 3,163 to 316,227 groups; no count in the estimate's range is; Benchmarks/results/polars_engine_crossover_2026-09-30-groupby.csv)",0.83,0.79,5.613,1.01,0.97,
"(g2meanR2) group-by grid, 2 keys, rows/2 groups, mean",2000000,7.555,7.886,3,15.426,16.357,36.191,184.6,,yes,"GroupBy#1: rule: estimated 131,328 groups over (k1, k2), a Chao1 estimate from a 512-row sample, 44,117 to 2,000,000: above the measured band for group_by_multi:mean at 2,000,000 input rows (taken at 3,163 to 31,622 groups; no count in the estimate's range is; Benchmarks/results/polars_engine_crossover_2026-09-29-sort.csv)",0.49,0.48,3,15.762,16.352,35.158,185.1,,yes,"GroupBy#1: rule: estimated 1,009,012 groups over (k1, k2), a Chao1 estimate from a 8,192-row sample, 721,299 to 1,604,779: above the measured band for group_by_multi:mean at 2,000,000 input rows (taken at 3,163 to 316,227 groups; no count in the estimate's range is; Benchmarks/results/polars_engine_crossover_2026-09-30-groupby.csv)",0.48,0.48,8.732,0.98,1.00,
"(g2minmax100k) group-by grid, 2 keys, 100 000 groups, min + max",2000000,6.139,6.351,3,8.088,8.703,17.760,92.9,,yes,"GroupBy#1: rule: 2,000,000 input rows is below the 2,029,638-row crossover for group_by_multi:minmax at every group count measured (Benchmarks/results/polars_engine_crossover_2026-09-29-sort.csv)",0.76,0.73,3,5.463,5.677,13.355,4.4,GroupBy#1,yes,"GroupBy#1: 2,000,000 input rows is at or above the 802,938-row crossover for group_by_multi:minmax at an estimated 98,740 groups over (k1, k2), a Chao1 estimate from a 8,192-row sample, 89,058 to 110,673 (engine table, the 100,000-group bucket, Benchmarks/results/polars_engine_crossover_2026-09-30-groupby.csv)",1.12,1.12,4.619,1.48,1.53,
"(g2minmax10k) group-by grid, 2 keys, 10 000 groups, min + max",2000000,5.495,5.691,3,6.371,6.813,19.965,73.1,,yes,"GroupBy#1: rule: 2,000,000 input rows is below the 2,029,638-row crossover for group_by_multi:minmax at every group count measured (Benchmarks/results/polars_engine_crossover_2026-09-29-sort.csv)",0.86,0.84,3,4.658,5.234,11.496,4.2,GroupBy#1,yes,"GroupBy#1: 2,000,000 input rows is at or above the 1,171,750-row crossover for group_by_multi:minmax at an estimated 15,974 groups over (k1, k2), a Chao1 estimate from a 512-row sample, 8,598 to 72,939 (engine table, the 10,000-group bucket, Benchmarks/results/polars_engine_crossover_2026-09-30-groupby.csv)",1.18,1.09,4.277,1.37,1.30,
"(g2minmax1M) group-by grid, 2 keys, 1 000 000 groups, min + max",2000000,8.015,8.407,3,16.031,17.045,32.195,194.0,,yes,"GroupBy#1: rule: 2,000,000 input rows is below the 2,029,638-row crossover for group_by_multi:minmax at every group count measured (Benchmarks/results/polars_engine_crossover_2026-09-29-sort.csv)",0.50,0.49,3,16.526,17.425,31.123,197.3,,yes,"GroupBy#1: rule: estimated 1,048,064 groups over (k1, k2), a Chao1 estimate from a 2,048-row sample, 350,720 to 2,000,000: above the measured band for group_by_multi:minmax at 2,000,000 input rows (taken at 3,163 to 316,227 groups; no count in the estimate's range is; Benchmarks/results/polars_engine_crossover_2026-09-30-groupby.csv)",0.48,0.48,10.810,0.97,0.98,
"(g2minmax1k) group-by grid, 2 keys, 1 000 groups, min + max",2000000,2.666,2.817,3,5.875,6.081,17.841,64.6,,yes,"GroupBy#1: rule: 2,000,000 input rows is below the 2,029,638-row crossover for group_by_multi:minmax at every group count measured (Benchmarks/results/polars_engine_crossover_2026-09-29-sort.csv)",0.45,0.46,3,5.913,6.561,18.600,66.7,,yes,"GroupBy#1: rule: estimated 925 groups over (k1, k2), a Chao1 estimate from a 512-row sample, 821 to 1,083: below the measured band for group_by_multi:minmax at 2,000,000 input rows (taken at 3,163 to 316,227 groups; no count in the estimate's range is; Benchmarks/results/polars_engine_crossover_2026-09-30-groupby.csv)",0.45,0.43,4.326,0.99,0.93,
"(g2minmax200) group-by grid, 2 keys, 200 groups, min + max",2000000,2.421,2.534,3,2.735,3.065,7.325,31.8,,yes,"GroupBy#1: rule: 2,000,000 input rows is below the 2,029,638-row crossover for group_by_multi:minmax at every group count measured (Benchmarks/results/polars_engine_crossover_2026-09-29-sort.csv)",0.89,0.83,3,2.906,3.039,10.965,31.3,,yes,"GroupBy#1: rule: estimated 203 groups over (k1, k2), a Chao1 estimate from a 512-row sample, 198 to 210: below the measured band for group_by_multi:minmax at 2,000,000 input rows (taken at 3,163 to 316,227 groups; no count in the estimate's range is; Benchmarks/results/polars_engine_crossover_2026-09-30-groupby.csv)",0.83,0.83,3.363,0.94,1.01,
"(g2minmaxR2) group-by grid, 2 keys, rows/2 groups, min + max",2000000,8.059,8.433,3,15.686,17.302,33.979,196.6,,yes,"GroupBy#1: rule: 2,000,000 input rows is below the 2,029,638-row crossover for group_by_multi:minmax at every group count measured (Benchmarks/results/polars_engine_crossover_2026-09-29-sort.csv)",0.51,0.49,3,16.364,17.762,35.729,195.6,,yes,"GroupBy#1: rule: estimated 1,009,012 groups over (k1, k2), a Chao1 estimate from a 8,192-row sample, 721,299 to 1,604,779: above the measured band for group_by_multi:minmax at 2,000,000 input rows (taken at 3,163 to 316,227 groups; no count in the estimate's range is; Benchmarks/results/polars_engine_crossover_2026-09-30-groupby.csv)",0.49,0.47,6.465,0.96,0.97,
"(g2sum100k) group-by grid, 2 keys, 100 000 groups, sum",2000000,5.645,5.980,3,7.365,8.054,23.421,89.1,,yes,"GroupBy#1: rule: 2,000,000 input rows is below the 2,288,101-row crossover for group_by_multi:sum at every group count measured (Benchmarks/results/polars_engine_crossover_2026-09-29-sort.csv)",0.77,0.74,3,7.733,8.148,21.187,88.6,,yes,"GroupBy#1: rule: 2,000,000 input rows is below the 2,288,101-row crossover for group_by_multi:sum at every group count measured (Benchmarks/results/polars_engine_crossover_2026-09-30-groupby.csv)",0.73,0.73,3.801,0.95,0.99,
"(g2sum10k) group-by grid, 2 keys, 10 000 groups, sum",2000000,4.912,5.202,3,6.319,7.039,20.260,69.7,,yes,"GroupBy#1: rule: 2,000,000 input rows is below the 2,288,101-row crossover for group_by_multi:sum at every group count measured (Benchmarks/results/polars_engine_crossover_2026-09-29-sort.csv)",0.78,0.74,3,6.238,7.077,20.489,70.3,,yes,"GroupBy#1: rule: 2,000,000 input rows is below the 2,288,101-row crossover for group_by_multi:sum at every group count measured (Benchmarks/results/polars_engine_crossover_2026-09-30-groupby.csv)",0.79,0.74,4.318,1.01,0.99,
"(g2sum1M) group-by grid, 2 keys, 1 000 000 groups, sum",2000000,7.280,7.537,3,13.860,14.998,29.885,171.0,,yes,"GroupBy#1: rule: 2,000,000 input rows is below the 2,288,101-row crossover for group_by_multi:sum at every group count measured (Benchmarks/results/polars_engine_crossover_2026-09-29-sort.csv)",0.53,0.50,3,14.524,14.920,30.992,171.9,,yes,"GroupBy#1: rule: 2,000,000 input rows is below the 2,288,101-row crossover for group_by_multi:sum at every group count measured (Benchmarks/results/polars_engine_crossover_2026-09-30-groupby.csv)",0.50,0.51,10.025,0.95,1.01,
"(g2sum1k) group-by grid, 2 keys, 1 000 groups, sum",2000000,2.454,2.571,3,5.799,6.071,20.027,64.6,,yes,"GroupBy#1: rule: 2,000,000 input rows is below the 2,288,101-row crossover for group_by_multi:sum at every group count measured (Benchmarks/results/polars_engine_crossover_2026-09-29-sort.csv)",0.42,0.42,3,5.733,6.416,12.051,62.8,,yes,"GroupBy#1: rule: 2,000,000 input rows is below the 2,288,101-row crossover for group_by_multi:sum at every group count measured (Benchmarks/results/polars_engine_crossover_2026-09-30-groupby.csv)",0.43,0.40,3.816,1.01,0.95,
"(g2sum200) group-by grid, 2 keys, 200 groups, sum",2000000,2.188,2.347,3,2.644,2.849,6.759,30.4,,yes,"GroupBy#1: rule: 2,000,000 input rows is below the 2,288,101-row crossover for group_by_multi:sum at every group count measured (Benchmarks/results/polars_engine_crossover_2026-09-29-sort.csv)",0.83,0.82,3,2.591,2.875,7.921,30.2,,yes,"GroupBy#1: rule: 2,000,000 input rows is below the 2,288,101-row crossover for group_by_multi:sum at every group count measured (Benchmarks/results/polars_engine_crossover_2026-09-30-groupby.csv)",0.84,0.82,4.257,1.02,0.99,
"(g2sumR2) group-by grid, 2 keys, rows/2 groups, sum",2000000,7.194,7.604,3,13.958,15.619,31.607,171.0,,yes,"GroupBy#1: rule: 2,000,000 input rows is below the 2,288,101-row crossover for group_by_multi:sum at every group count measured (Benchmarks/results/polars_engine_crossover_2026-09-29-sort.csv)",0.52,0.49,3,14.152,15.193,28.474,173.0,,yes,"GroupBy#1: rule: 2,000,000 input rows is below the 2,288,101-row crossover for group_by_multi:sum at every group count measured (Benchmarks/results/polars_engine_crossover_2026-09-30-groupby.csv)",0.51,0.50,8.989,0.99,1.03,
"(i) group-by 1 key, 100 000 groups, sum",2000000,2.881,3.130,3,5.287,5.495,18.150,65.6,,yes,"GroupBy#1: rule: 2,000,000 input rows is below the 3,987,931-row crossover for group_by:sum at every group count measured (Benchmarks/results/polars_engine_crossover_2026-09-29-sort.csv)",0.54,0.57,3,5.103,5.490,9.516,63.2,,yes,"GroupBy#1: rule: 2,000,000 input rows is below the 5,252,956-row crossover for group_by:sum at every group count measured (Benchmarks/results/polars_engine_crossover_2026-09-30-groupby.csv)",0.56,0.57,3.565,1.04,1.00,
"(j) group-by (k1, k2), sum + count",2000000,7.227,7.649,3,14.502,16.669,32.029,185.8,,yes,"GroupBy#1: rule: 2,000,000 input rows is below the 2,288,101-row crossover for group_by_multi:sum at every group count measured (Benchmarks/results/polars_engine_crossover_2026-09-29-sort.csv)",0.50,0.46,3,15.140,16.302,31.609,177.0,,yes,"GroupBy#1: rule: 2,000,000 input rows is below the 2,288,101-row crossover for group_by_multi:sum at every group count measured (Benchmarks/results/polars_engine_crossover_2026-09-30-groupby.csv)",0.48,0.47,18.525,0.96,1.02,
"(l) group-by (region, sub), Float64 sum + mean",2000000,5.384,5.599,3,8.917,9.446,21.261,89.0,,yes,"GroupBy#2: rule: 2,000,000 input rows is below the 2,288,101-row crossover for group_by_multi:sum at every group count measured (Benchmarks/results/polars_engine_crossover_2026-09-29-sort.csv) | HStack#1: rule: rowwise was not measured ahead of Polars up to 50,000,000 input rows (Benchmarks/results/polars_engine_crossover_2026-09-29-sort.csv)",0.60,0.59,3,8.751,9.151,17.426,87.7,,yes,"GroupBy#2: rule: 2,000,000 input rows is below the 2,288,101-row crossover for group_by_multi:sum at every group count measured (Benchmarks/results/polars_engine_crossover_2026-09-30-groupby.csv) | HStack#1: rule: rowwise was not measured ahead of Polars up to 50,000,000 input rows (Benchmarks/results/polars_engine_crossover_2026-09-30-groupby.csv)",0.62,0.61,10.402,1.02,1.03,
"(t1) group-by 1 key, 200 groups, sum",2000000,0.992,1.099,3,1.389,3.730,15.069,14.6,,yes,"GroupBy#1: rule: 2,000,000 input rows is below the 3,987,931-row crossover for group_by:sum at every group count measured (Benchmarks/results/polars_engine_crossover_2026-09-29-sort.csv)",0.71,0.29,3,1.508,3.914,8.987,16.0,,yes,"GroupBy#1: rule: 2,000,000 input rows is below the 5,252,956-row crossover for group_by:sum at every group count measured (Benchmarks/results/polars_engine_crossover_2026-09-30-groupby.csv)",0.66,0.28,3.519,0.92,0.95,
"(t2) group-by 1 key, 200 groups, count",2000000,0.896,1.015,3,1.444,3.349,11.252,15.7,,yes,"GroupBy#1: rule: 2,000,000 input rows is below the 3,123,562-row crossover for group_by:count at every group count measured (Benchmarks/results/polars_engine_crossover_2026-09-29-sort.csv)",0.62,0.30,3,1.448,3.186,7.544,14.0,,yes,"GroupBy#1: rule: 2,000,000 input rows is below the 3,123,562-row crossover for group_by:count at every group count measured (Benchmarks/results/polars_engine_crossover_2026-09-30-groupby.csv)",0.62,0.32,3.077,1.00,1.05,
"(t3) group-by 1 key, 200 groups, mean",2000000,0.956,1.111,3,1.516,4.604,8.093,17.3,,yes,"GroupBy#1: rule: 2,000,000 input rows is below the 4,172,575-row crossover for group_by:mean at every group count measured (Benchmarks/results/polars_engine_crossover_2026-09-29-sort.csv)",0.63,0.24,3,1.456,4.327,16.351,14.1,,yes,"GroupBy#1: rule: 2,000,000 input rows is below the 2,436,520-row crossover for group_by:mean at every group count measured (Benchmarks/results/polars_engine_crossover_2026-09-30-groupby.csv)",0.66,0.26,5.073,1.04,1.06,
"(t4) group-by 1 key, 200 groups, min + max",2000000,1.234,1.313,3,1.637,3.843,15.444,17.1,,yes,"GroupBy#1: rule: 2,000,000 input rows is below the 2,583,360-row crossover for group_by:minmax at every group count measured (Benchmarks/results/polars_engine_crossover_2026-09-29-sort.csv)",0.75,0.34,3,1.731,4.296,10.907,17.2,,yes,"GroupBy#1: rule: 2,000,000 input rows is below the 2,184,147-row crossover for group_by:minmax at every group count measured (Benchmarks/results/polars_engine_crossover_2026-09-30-groupby.csv)",0.71,0.31,4.017,0.95,0.89,slower
"(t5) group-by 1 key, 100 000 groups, count",2000000,2.646,2.734,3,4.272,5.108,12.822,53.9,,yes,"GroupBy#1: rule: 2,000,000 input rows is below the 3,123,562-row crossover for group_by:count at every group count measured (Benchmarks/results/polars_engine_crossover_2026-09-29-sort.csv)",0.62,0.54,3,4.404,5.170,16.660,53.2,,yes,"GroupBy#1: rule: 2,000,000 input rows is below the 3,123,562-row crossover for group_by:count at every group count measured (Benchmarks/results/polars_engine_crossover_2026-09-30-groupby.csv)",0.60,0.53,2.998,0.97,0.99,
"(t6) group-by 1 key, 100 000 groups, mean",2000000,2.928,3.114,3,5.269,6.238,18.187,65.0,,yes,"GroupBy#1: rule: 2,000,000 input rows is below the 4,172,575-row crossover for group_by:mean at every group count measured (Benchmarks/results/polars_engine_crossover_2026-09-29-sort.csv)",0.56,0.50,3,5.424,5.734,19.649,64.7,,yes,"GroupBy#1: rule: 2,000,000 input rows is below the 2,436,520-row crossover for group_by:mean at every group count measured (Benchmarks/results/polars_engine_crossover_2026-09-30-groupby.csv)",0.54,0.54,7.082,0.97,1.09,
"(t7) group-by 1 key, 100 000 groups, min + max",2000000,3.405,3.572,3,5.426,5.994,18.486,66.0,,yes,"GroupBy#1: rule: 2,000,000 input rows is below the 2,583,360-row crossover for group_by:minmax at every group count measured (Benchmarks/results/polars_engine_crossover_2026-09-29-sort.csv)",0.63,0.60,3,5.826,6.244,18.717,66.7,,yes,"GroupBy#1: rule: 2,000,000 input rows is below the 2,184,147-row crossover for group_by:minmax at every group count measured (Benchmarks/results/polars_engine_crossover_2026-09-30-groupby.csv)",0.58,0.57,3.953,0.93,0.96,
"(v1) group-by (region, sub), sum",2000000,4.976,5.121,3,6.373,6.887,13.707,69.4,,yes,"GroupBy#1: rule: 2,000,000 input rows is below the 2,288,101-row crossover for group_by_multi:sum at every group count measured (Benchmarks/results/polars_engine_crossover_2026-09-29-sort.csv)",0.78,0.74,3,6.183,7.065,19.412,66.3,,yes,"GroupBy#1: rule: 2,000,000 input rows is below the 2,288,101-row crossover for group_by_multi:sum at every group count measured (Benchmarks/results/polars_engine_crossover_2026-09-30-groupby.csv)",0.80,0.72,3.722,1.03,0.97,
"(v2) group-by (region, sub), count",2000000,4.699,4.881,3,2.758,2.953,5.131,2.9,GroupBy#1,yes,"GroupBy#1: 2,000,000 input rows is at or above the 1,082,526-row crossover for group_by_multi:count at an estimated 6,828 groups over (region, sub), a Chao1 estimate from a 512-row sample, 4,531 to 13,518 (engine table, the 10,000-group bucket, Benchmarks/results/polars_engine_crossover_2026-09-29-sort.csv)",1.70,1.65,3,2.927,3.082,9.168,3.1,GroupBy#1,yes,"GroupBy#1: 2,000,000 input rows is at or above the 1,082,526-row crossover for group_by_multi:count at an estimated 6,828 groups over (region, sub), a Chao1 estimate from a 512-row sample, 4,531 to 13,518 (engine table, the 10,000-group bucket, Benchmarks/results/polars_engine_crossover_2026-09-30-groupby.csv)",1.61,1.58,2.944,0.94,0.96,
"(v3) group-by (k1, k2), mean",2000000,7.265,7.569,3,16.385,17.721,35.446,199.6,,yes,"GroupBy#1: rule: estimated 131,328 groups over (k1, k2), a Chao1 estimate from a 512-row sample, 44,117 to 2,000,000: above the measured band for group_by_multi:mean at 2,000,000 input rows (taken at 3,163 to 31,622 groups; no count in the estimate's range is; Benchmarks/results/polars_engine_crossover_2026-09-29-sort.csv)",0.44,0.43,3,17.126,18.117,35.233,196.5,,yes,"GroupBy#1: rule: estimated 2,000,000 groups over (k1, k2), a Chao1 estimate from a 2,048-row sample, 700,757 to 2,000,000: above the measured band for group_by_multi:mean at 2,000,000 input rows (taken at 3,163 to 316,227 groups; no count in the estimate's range is; Benchmarks/results/polars_engine_crossover_2026-09-30-groupby.csv)",0.42,0.42,11.171,0.96,0.98,
"(v4) group-by (k1, k2), min + max",2000000,7.763,8.030,3,17.024,19.374,36.490,209.5,,yes,"GroupBy#1: rule: 2,000,000 input rows is below the 2,029,638-row crossover for group_by_multi:minmax at every group count measured (Benchmarks/results/polars_engine_crossover_2026-09-29-sort.csv)",0.46,0.41,3,17.609,18.671,37.327,204.5,,yes,"GroupBy#1: rule: estimated 2,000,000 groups over (k1, k2), a Chao1 estimate from a 2,048-row sample, 700,757 to 2,000,000: above the measured band for group_by_multi:minmax at 2,000,000 input rows (taken at 3,163 to 316,227 groups; no count in the estimate's range is; Benchmarks/results/polars_engine_crossover_2026-09-30-groupby.csv)",0.44,0.43,20.230,0.97,1.04,
"(c) group-by (region, sub) mean + max",50000000,98.097,107.516,3,31.826,33.650,66.099,8.1,GroupBy#1,yes,"GroupBy#1: 50,000,000 input rows is at or above the 2,365,095-row crossover for group_by_multi:minmax at an estimated 6,444 groups over (region, sub), a Chao1 estimate from a 512-row sample, 4,328 to 12,376 (engine table, the 10,000-group bucket, Benchmarks/results/polars_engine_crossover_2026-09-29-sort.csv)",3.08,3.20,3,32.274,32.778,61.324,8.4,GroupBy#1,yes,"GroupBy#1: 50,000,000 input rows is at or above the 1,921,713-row crossover for group_by_multi:mean at an estimated 6,444 groups over (region, sub), a Chao1 estimate from a 512-row sample, 4,328 to 12,376 (engine table, the 10,000-group bucket, Benchmarks/results/polars_engine_crossover_2026-09-30-groupby.csv)",3.04,3.28,31.944,0.99,1.03,
"(g1count100k) group-by grid, 1 key, 100 000 groups, count",50000000,42.059,47.921,3,10.557,11.175,30.966,4.7,GroupBy#1,yes,"GroupBy#1: 50,000,000 input rows is at or above the 3,801,232-row crossover for group_by:count at an estimated 147,980 groups over (k), a Chao1 estimate from a 2,048-row sample, 90,063 to 354,992 (engine table, the 100,000-group bucket, Benchmarks/results/polars_engine_crossover_2026-09-29-sort.csv)",3.98,4.29,3,10.548,13.142,33.915,4.8,GroupBy#1,yes,"GroupBy#1: 50,000,000 input rows is at or above the 3,801,232-row crossover for group_by:count at an estimated 147,980 groups over (k), a Chao1 estimate from a 2,048-row sample, 90,063 to 354,992 (engine table, the 100,000-group bucket, Benchmarks/results/polars_engine_crossover_2026-09-30-groupby.csv)",3.99,3.65,11.186,1.00,0.85,
"(g1count10k) group-by grid, 1 key, 10 000 groups, count",50000000,49.078,52.347,3,9.465,10.388,26.514,4.7,GroupBy#1,yes,"GroupBy#1: 50,000,000 input rows is at or above the 3,123,562-row crossover for group_by:count at an estimated 9,200 groups over (k), a Chao1 estimate from a 2,048-row sample, 8,194 to 10,529 (engine table, the 10,000-group bucket, Benchmarks/results/polars_engine_crossover_2026-09-29-sort.csv)",5.19,5.04,3,11.056,12.388,27.801,5.3,GroupBy#1,yes,"GroupBy#1: 50,000,000 input rows is at or above the 3,123,562-row crossover for group_by:count at an estimated 9,200 groups over (k), a Chao1 estimate from a 2,048-row sample, 8,194 to 10,529 (engine table, the 10,000-group bucket, Benchmarks/results/polars_engine_crossover_2026-09-30-groupby.csv)",4.44,4.23,10.375,0.86,0.84,slower
"(g1count1M) group-by grid, 1 key, 1 000 000 groups, count",50000000,49.906,58.110,3,12.251,15.630,35.733,5.2,GroupBy#1,yes,"GroupBy#1: 50,000,000 input rows is at or above the 7,500,000-row crossover for group_by:count at an estimated 1,149,308 groups over (k), a Chao1 estimate from a 8,192-row sample, 803,998 to 1,908,215 (engine table, the 1,000,000-group bucket, Benchmarks/results/polars_engine_crossover_2026-09-29-sort.csv)",4.07,3.72,3,13.239,16.467,33.281,5.8,GroupBy#1,yes,"GroupBy#1: 50,000,000 input rows is at or above the 7,500,000-row crossover for group_by:count at an estimated 1,149,308 groups over (k), a Chao1 estimate from a 8,192-row sample, 803,998 to 1,908,215 (engine table, the 1,000,000-group bucket, Benchmarks/results/polars_engine_crossover_2026-09-30-groupby.csv)",3.77,3.53,13.734,0.93,0.95,slower
"(g1count1k) group-by grid, 1 key, 1 000 groups, count",50000000,9.739,10.318,3,53.689,58.259,67.414,777.9,,yes,"GroupBy#1: rule: estimated 940 groups over (k), a Chao1 estimate from a 512-row sample, 832 to 1,107: below the measured band for group_by:count at 50,000,000 input rows (taken at 3,163 to 3,162,277 groups; no count in the estimate's range is; Benchmarks/results/polars_engine_crossover_2026-09-29-sort.csv)",0.18,0.18,3,52.954,54.810,79.383,778.9,,yes,"GroupBy#1: rule: estimated 940 groups over (k), a Chao1 estimate from a 512-row sample, 832 to 1,107: below the measured band for group_by:count at 50,000,000 input rows (taken at 3,163 to 3,162,277 groups; no count in the estimate's range is; Benchmarks/results/polars_engine_crossover_2026-09-30-groupby.csv)",0.18,0.19,10.027,1.01,1.06,
"(g1count200) group-by grid, 1 key, 200 groups, count",50000000,10.387,10.922,3,10.509,11.306,24.669,155.2,,yes,"GroupBy#1: rule: estimated 193 groups over (k), a Chao1 estimate from a 512-row sample, 190 to 196: below the measured band for group_by:count at 50,000,000 input rows (taken at 3,163 to 3,162,277 groups; no count in the estimate's range is; Benchmarks/results/polars_engine_crossover_2026-09-29-sort.csv)",0.99,0.97,3,10.510,11.011,22.540,154.7,,yes,"GroupBy#1: rule: estimated 193 groups over (k), a Chao1 estimate from a 512-row sample, 190 to 196: below the measured band for group_by:count at 50,000,000 input rows (taken at 3,163 to 3,162,277 groups; no count in the estimate's range is; Benchmarks/results/polars_engine_crossover_2026-09-30-groupby.csv)",0.99,0.99,10.569,1.00,1.03,
"(g1countR2) group-by grid, 1 key, rows/2 groups, count",50000000,182.745,189.989,3,386.915,427.333,436.990,5036.7,,yes,"GroupBy#1: rule: estimated 11,180,716 groups over (k), a Chao1 estimate from a 8,192-row sample, 4,289,711 to 50,000,000: above the measured band for group_by:count at 50,000,000 input rows (taken at 3,163 to 3,162,277 groups; no count in the estimate's range is; Benchmarks/results/polars_engine_crossover_2026-09-29-sort.csv)",0.47,0.44,3,384.024,396.154,421.652,4847.4,,yes,"GroupBy#1: rule: estimated 11,180,716 groups over (k), a Chao1 estimate from a 8,192-row sample, 4,289,711 to 50,000,000: above the measured band for group_by:count at 50,000,000 input rows (taken at 3,163 to 3,162,277 groups; no count in the estimate's range is; Benchmarks/results/polars_engine_crossover_2026-09-30-groupby.csv)",0.48,0.48,166.786,1.01,1.08,
"(g1fsum100k) group-by grid, 1 key, 100 000 groups, Float64 sum",50000000,48.022,60.045,3,19.572,20.896,47.928,6.3,GroupBy#1,yes,"GroupBy#1: 50,000,000 input rows is at or above the 5,252,956-row crossover for group_by:sum at an estimated 147,980 groups over (k), a Chao1 estimate from a 2,048-row sample, 90,063 to 354,992 (engine table, the 100,000-group bucket, Benchmarks/results/polars_engine_crossover_2026-09-29-sort.csv)",2.45,2.87,3,19.919,20.179,51.154,6.5,GroupBy#1,yes,"GroupBy#1: 50,000,000 input rows is at or above the 5,252,956-row crossover for group_by:sum at an estimated 147,980 groups over (k), a Chao1 estimate from a 2,048-row sample, 90,063 to 354,992 (engine table, the 100,000-group bucket, Benchmarks/results/polars_engine_crossover_2026-09-30-groupby.csv)",2.41,2.98,19.401,0.98,1.04,
"(g1fsum10k) group-by grid, 1 key, 10 000 groups, Float64 sum",50000000,55.245,58.642,3,18.714,20.472,50.083,6.9,GroupBy#1,yes,"GroupBy#1: 50,000,000 input rows is at or above the 3,987,931-row crossover for group_by:sum at an estimated 9,200 groups over (k), a Chao1 estimate from a 2,048-row sample, 8,194 to 10,529 (engine table, the 10,000-group bucket, Benchmarks/results/polars_engine_crossover_2026-09-29-sort.csv)",2.95,2.86,3,18.839,20.442,51.348,6.6,GroupBy#1,yes,"GroupBy#1: 50,000,000 input rows is at or above the 6,041,361-row crossover for group_by:sum at an estimated 9,200 groups over (k), a Chao1 estimate from a 2,048-row sample, 8,194 to 10,529 (engine table, the 10,000-group bucket, Benchmarks/results/polars_engine_crossover_2026-09-30-groupby.csv)",2.93,2.87,18.671,0.99,1.00,
"(g1fsum1M) group-by grid, 1 key, 1 000 000 groups, Float64 sum",50000000,60.400,69.282,3,26.295,26.565,51.429,6.9,GroupBy#1,yes,"GroupBy#1: 50,000,000 input rows is at or above the 7,500,000-row crossover for group_by:sum at an estimated 1,149,308 groups over (k), a Chao1 estimate from a 8,192-row sample, 803,998 to 1,908,215 (engine table, the 1,000,000-group bucket, Benchmarks/results/polars_engine_crossover_2026-09-29-sort.csv)",2.30,2.61,3,26.186,27.021,56.512,7.3,GroupBy#1,yes,"GroupBy#1: 50,000,000 input rows is at or above the 7,500,000-row crossover for group_by:sum at an estimated 1,149,308 groups over (k), a Chao1 estimate from a 8,192-row sample, 803,998 to 1,908,215 (engine table, the 1,000,000-group bucket, Benchmarks/results/polars_engine_crossover_2026-09-30-groupby.csv)",2.31,2.56,26.020,1.00,0.98,
"(g1fsum1k) group-by grid, 1 key, 1 000 groups, Float64 sum",50000000,11.048,11.617,3,79.241,81.697,109.833,1150.8,,yes,"GroupBy#1: rule: estimated 940 groups over (k), a Chao1 estimate from a 512-row sample, 832 to 1,107: below the measured band for group_by:sum at 50,000,000 input rows (taken at 3,163 to 3,162,277 groups; no count in the estimate's range is; Benchmarks/results/polars_engine_crossover_2026-09-29-sort.csv)",0.14,0.14,3,77.896,81.307,98.132,1164.0,,yes,"GroupBy#1: rule: estimated 940 groups over (k), a Chao1 estimate from a 512-row sample, 832 to 1,107: below the measured band for group_by:sum at 50,000,000 input rows (taken at 3,163 to 3,162,277 groups; no count in the estimate's range is; Benchmarks/results/polars_engine_crossover_2026-09-30-groupby.csv)",0.14,0.14,12.388,1.02,1.00,
"(g1fsum200) group-by grid, 1 key, 200 groups, Float64 sum",50000000,10.906,11.305,3,11.109,11.529,27.357,166.2,,yes,"GroupBy#1: rule: estimated 193 groups over (k), a Chao1 estimate from a 512-row sample, 190 to 196: below the measured band for group_by:sum at 50,000,000 input rows (taken at 3,163 to 3,162,277 groups; no count in the estimate's range is; Benchmarks/results/polars_engine_crossover_2026-09-29-sort.csv)",0.98,0.98,3,10.987,11.492,27.421,165.7,,yes,"GroupBy#1: rule: estimated 193 groups over (k), a Chao1 estimate from a 512-row sample, 190 to 196: below the measured band for group_by:sum at 50,000,000 input rows (taken at 3,163 to 3,162,277 groups; no count in the estimate's range is; Benchmarks/results/polars_engine_crossover_2026-09-30-groupby.csv)",0.99,0.98,11.915,1.01,1.00,
"(g1fsumR2) group-by grid, 1 key, rows/2 groups, Float64 sum",50000000,188.253,203.404,3,445.853,463.278,468.884,6069.4,,yes,"GroupBy#1: rule: estimated 11,180,716 groups over (k), a Chao1 estimate from a 8,192-row sample, 4,289,711 to 50,000,000: above the measured band for group_by:sum at 50,000,000 input rows (taken at 3,163 to 3,162,277 groups; no count in the estimate's range is; Benchmarks/results/polars_engine_crossover_2026-09-29-sort.csv)",0.42,0.44,3,427.556,445.088,430.394,5953.8,,yes,"GroupBy#1: rule: estimated 11,180,716 groups over (k), a Chao1 estimate from a 8,192-row sample, 4,289,711 to 50,000,000: above the measured band for group_by:sum at 50,000,000 input rows (taken at 3,163 to 3,162,277 groups; no count in the estimate's range is; Benchmarks/results/polars_engine_crossover_2026-09-30-groupby.csv)",0.44,0.46,249.948,1.04,1.04,
"(g1mean100k) group-by grid, 1 key, 100 000 groups, mean",50000000,50.283,59.314,3,23.716,25.319,49.356,6.9,GroupBy#1,yes,"GroupBy#1: 50,000,000 input rows is at or above the 16,235,764-row crossover for group_by:mean at an estimated 101,274 groups over (k), a Chao1 estimate from a 8,192-row sample, 91,216 to 113,699 (engine table, the 100,000-group bucket, Benchmarks/results/polars_engine_crossover_2026-09-29-sort.csv)",2.12,2.34,3,23.613,23.843,51.325,6.1,GroupBy#1,yes,"GroupBy#1: 50,000,000 input rows is at or above the 2,524,249-row crossover for group_by:mean at an estimated 147,980 groups over (k), a Chao1 estimate from a 2,048-row sample, 90,063 to 354,992 (engine table, the 100,000-group bucket, Benchmarks/results/polars_engine_crossover_2026-09-30-groupby.csv)",2.13,2.49,23.439,1.00,1.06,
"(g1mean10k) group-by grid, 1 key, 10 000 groups, mean",50000000,57.060,60.104,3,22.661,23.234,52.534,6.1,GroupBy#1,yes,"GroupBy#1: 50,000,000 input rows is at or above the 4,172,575-row crossover for group_by:mean at an estimated 9,200 groups over (k), a Chao1 estimate from a 2,048-row sample, 8,194 to 10,529 (engine table, the 10,000-group bucket, Benchmarks/results/polars_engine_crossover_2026-09-29-sort.csv)",2.52,2.59,3,22.648,24.498,46.953,7.7,GroupBy#1,yes,"GroupBy#1: 50,000,000 input rows is at or above the 2,436,520-row crossover for group_by:mean at an estimated 9,200 groups over (k), a Chao1 estimate from a 2,048-row sample, 8,194 to 10,529 (engine table, the 10,000-group bucket, Benchmarks/results/polars_engine_crossover_2026-09-30-groupby.csv)",2.52,2.45,22.541,1.00,0.95,
"(g1mean1M) group-by grid, 1 key, 1 000 000 groups, mean",50000000,58.083,71.694,3,172.674,183.743,213.152,2582.3,,yes,"GroupBy#1: rule: estimated 1,149,308 groups over (k), a Chao1 estimate from a 8,192-row sample, 803,998 to 1,908,215: above the measured band for group_by:mean at 50,000,000 input rows (taken at 3,163 to 316,227 groups; no count in the estimate's range is; Benchmarks/results/polars_engine_crossover_2026-09-29-sort.csv)",0.34,0.39,3,31.133,31.534,60.577,7.0,GroupBy#1,yes,"GroupBy#1: 50,000,000 input rows is at or above the 7,500,000-row crossover for group_by:mean at an estimated 1,149,308 groups over (k), a Chao1 estimate from a 8,192-row sample, 803,998 to 1,908,215 (engine table, the 1,000,000-group bucket, Benchmarks/results/polars_engine_crossover_2026-09-30-groupby.csv)",1.87,2.27,30.704,5.55,5.83,
"(g1mean1k) group-by grid, 1 key, 1 000 groups, mean",50000000,11.464,12.309,3,81.065,84.723,105.707,1149.6,,yes,"GroupBy#1: rule: estimated 940 groups over (k), a Chao1 estimate from a 512-row sample, 832 to 1,107: below the measured band for group_by:mean at 50,000,000 input rows (taken at 3,163 to 316,227 groups; no count in the estimate's range is; Benchmarks/results/polars_engine_crossover_2026-09-29-sort.csv)",0.14,0.15,3,76.681,80.266,98.939,1168.9,,yes,"GroupBy#1: rule: estimated 940 groups over (k), a Chao1 estimate from a 512-row sample, 832 to 1,107: below the measured band for group_by:mean at 50,000,000 input rows (taken at 3,163 to 3,162,277 groups; no count in the estimate's range is; Benchmarks/results/polars_engine_crossover_2026-09-30-groupby.csv)",0.15,0.15,16.762,1.06,1.06,
"(g1mean200) group-by grid, 1 key, 200 groups, mean",50000000,12.170,12.610,3,12.575,13.005,28.009,185.1,,yes,"GroupBy#1: rule: estimated 193 groups over (k), a Chao1 estimate from a 512-row sample, 190 to 196: below the measured band for group_by:mean at 50,000,000 input rows (taken at 3,163 to 316,227 groups; no count in the estimate's range is; Benchmarks/results/polars_engine_crossover_2026-09-29-sort.csv)",0.97,0.97,3,11.896,12.815,27.991,186.0,,yes,"GroupBy#1: rule: estimated 193 groups over (k), a Chao1 estimate from a 512-row sample, 190 to 196: below the measured band for group_by:mean at 50,000,000 input rows (taken at 3,163 to 3,162,277 groups; no count in the estimate's range is; Benchmarks/results/polars_engine_crossover_2026-09-30-groupby.csv)",1.02,0.98,16.808,1.06,1.01,
"(g1meanR2) group-by grid, 1 key, rows/2 groups, mean",50000000,207.622,216.448,3,439.129,490.434,480.612,6987.6,,yes,"GroupBy#1: rule: estimated 2,098,176 groups over (k), a Chao1 estimate from a 2,048-row sample, 700,757 to 50,000,000: above the measured band for group_by:mean at 50,000,000 input rows (taken at 3,163 to 316,227 groups; no count in the estimate's range is; Benchmarks/results/polars_engine_crossover_2026-09-29-sort.csv)",0.47,0.44,3,425.134,439.018,453.494,6357.9,,yes,"GroupBy#1: rule: estimated 11,180,716 groups over (k), a Chao1 estimate from a 8,192-row sample, 4,289,711 to 50,000,000: above the measured band for group_by:mean at 50,000,000 input rows (taken at 3,163 to 3,162,277 groups; no count in the estimate's range is; Benchmarks/results/polars_engine_crossover_2026-09-30-groupby.csv)",0.49,0.49,254.378,1.03,1.12,
"(g1minmax100k) group-by grid, 1 key, 100 000 groups, min + max",50000000,57.451,68.160,3,17.058,18.357,44.783,6.5,GroupBy#1,yes,"GroupBy#1: 50,000,000 input rows is at or above the 2,961,043-row crossover for group_by:minmax at an estimated 147,980 groups over (k), a Chao1 estimate from a 2,048-row sample, 90,063 to 354,992 (engine table, the 100,000-group bucket, Benchmarks/results/polars_engine_crossover_2026-09-29-sort.csv)",3.37,3.71,3,16.851,19.516,41.280,7.4,GroupBy#1,yes,"GroupBy#1: 50,000,000 input rows is at or above the 2,184,147-row crossover for group_by:minmax at an estimated 147,980 groups over (k), a Chao1 estimate from a 2,048-row sample, 90,063 to 354,992 (engine table, the 100,000-group bucket, Benchmarks/results/polars_engine_crossover_2026-09-30-groupby.csv)",3.41,3.49,16.590,1.01,0.94,
"(g1minmax10k) group-by grid, 1 key, 10 000 groups, min + max",50000000,65.291,69.293,3,15.945,17.477,43.695,6.1,GroupBy#1,yes,"GroupBy#1: 50,000,000 input rows is at or above the 2,583,360-row crossover for group_by:minmax at an estimated 9,200 groups over (k), a Chao1 estimate from a 2,048-row sample, 8,194 to 10,529 (engine table, the 10,000-group bucket, Benchmarks/results/polars_engine_crossover_2026-09-29-sort.csv)",4.09,3.96,3,15.767,16.909,46.248,6.2,GroupBy#1,yes,"GroupBy#1: 50,000,000 input rows is at or above the 2,995,140-row crossover for group_by:minmax at an estimated 9,200 groups over (k), a Chao1 estimate from a 2,048-row sample, 8,194 to 10,529 (engine table, the 10,000-group bucket, Benchmarks/results/polars_engine_crossover_2026-09-30-groupby.csv)",4.14,4.10,15.816,1.01,1.03,
"(g1minmax1M) group-by grid, 1 key, 1 000 000 groups, min + max",50000000,71.898,83.928,3,18.736,20.030,42.141,6.8,GroupBy#1,yes,"GroupBy#1: 50,000,000 input rows is at or above the 7,500,000-row crossover for group_by:minmax at an estimated 1,149,308 groups over (k), a Chao1 estimate from a 8,192-row sample, 803,998 to 1,908,215 (engine table, the 1,000,000-group bucket, Benchmarks/results/polars_engine_crossover_2026-09-29-sort.csv)",3.84,4.19,3,18.897,20.008,49.562,6.9,GroupBy#1,yes,"GroupBy#1: 50,000,000 input rows is at or above the 7,500,000-row crossover for group_by:minmax at an estimated 1,149,308 groups over (k), a Chao1 estimate from a 8,192-row sample, 803,998 to 1,908,215 (engine table, the 1,000,000-group bucket, Benchmarks/results/polars_engine_crossover_2026-09-30-groupby.csv)",3.80,4.19,18.379,0.99,1.00,
"(g1minmax1k) group-by grid, 1 key, 1 000 groups, min + max",50000000,16.051,16.873,3,97.294,105.129,119.359,1463.8,,yes,"GroupBy#1: rule: estimated 940 groups over (k), a Chao1 estimate from a 512-row sample, 832 to 1,107: below the measured band for group_by:minmax at 50,000,000 input rows (taken at 3,163 to 3,162,277 groups; no count in the estimate's range is; Benchmarks/results/polars_engine_crossover_2026-09-29-sort.csv)",0.16,0.16,3,12.936,16.693,33.996,7.2,GroupBy#1,yes,"GroupBy#1: 50,000,000 input rows is at or above the 19,709,259-row crossover for group_by:minmax at an estimated 940 groups over (k), a Chao1 estimate from a 512-row sample, 832 to 1,107 (engine table, the 1,000-group bucket, Benchmarks/results/polars_engine_crossover_2026-09-30-groupby.csv)",1.24,1.01,11.324,7.52,6.30,
"(g1minmax200) group-by grid, 1 key, 200 groups, min + max",50000000,16.536,17.098,3,16.816,17.389,33.368,248.8,,yes,"GroupBy#1: rule: estimated 193 groups over (k), a Chao1 estimate from a 512-row sample, 190 to 196: below the measured band for group_by:minmax at 50,000,000 input rows (taken at 3,163 to 3,162,277 groups; no count in the estimate's range is; Benchmarks/results/polars_engine_crossover_2026-09-29-sort.csv)",0.98,0.98,3,12.334,15.635,32.690,7.3,GroupBy#1,yes,"GroupBy#1: 50,000,000 input rows is at or above the 19,740,807-row crossover for group_by:minmax at an estimated 193 groups over (k), a Chao1 estimate from a 512-row sample, 190 to 196 (engine table, the 200-group bucket, Benchmarks/results/polars_engine_crossover_2026-09-30-groupby.csv)",1.34,1.09,10.924,1.36,1.11,
"(g1minmaxR2) group-by grid, 1 key, rows/2 groups, min + max",50000000,239.924,253.075,3,517.901,552.218,518.966,7829.6,,yes,"GroupBy#1: rule: estimated 11,180,716 groups over (k), a Chao1 estimate from a 8,192-row sample, 4,289,711 to 50,000,000: above the measured band for group_by:minmax at 50,000,000 input rows (taken at 3,163 to 3,162,277 groups; no count in the estimate's range is; Benchmarks/results/polars_engine_crossover_2026-09-29-sort.csv)",0.46,0.46,3,510.698,526.425,502.688,7685.7,,yes,"GroupBy#1: rule: estimated 11,180,716 groups over (k), a Chao1 estimate from a 8,192-row sample, 4,289,711 to 50,000,000: above the measured band for group_by:minmax at 50,000,000 input rows (taken at 1 to 3,162,277 groups; no count in the estimate's range is; Benchmarks/results/polars_engine_crossover_2026-09-30-groupby.csv)",0.47,0.48,178.576,1.01,1.05,
"(g1sum100k) group-by grid, 1 key, 100 000 groups, sum",50000000,49.577,57.559,3,14.965,19.797,44.477,6.4,GroupBy#1,yes,"GroupBy#1: 50,000,000 input rows is at or above the 5,252,956-row crossover for group_by:sum at an estimated 147,980 groups over (k), a Chao1 estimate from a 2,048-row sample, 90,063 to 354,992 (engine table, the 100,000-group bucket, Benchmarks/results/polars_engine_crossover_2026-09-29-sort.csv)",3.31,2.91,3,14.867,17.800,37.664,6.4,GroupBy#1,yes,"GroupBy#1: 50,000,000 input rows is at or above the 5,252,956-row crossover for group_by:sum at an estimated 147,980 groups over (k), a Chao1 estimate from a 2,048-row sample, 90,063 to 354,992 (engine table, the 100,000-group bucket, Benchmarks/results/polars_engine_crossover_2026-09-30-groupby.csv)",3.33,3.23,14.682,1.01,1.11,
"(g1sum10k) group-by grid, 1 key, 10 000 groups, sum",50000000,53.987,56.877,3,13.933,17.000,39.049,6.3,GroupBy#1,yes,"GroupBy#1: 50,000,000 input rows is at or above the 3,987,931-row crossover for group_by:sum at an estimated 9,200 groups over (k), a Chao1 estimate from a 2,048-row sample, 8,194 to 10,529 (engine table, the 10,000-group bucket, Benchmarks/results/polars_engine_crossover_2026-09-29-sort.csv)",3.87,3.35,3,14.279,18.866,43.920,6.5,GroupBy#1,yes,"GroupBy#1: 50,000,000 input rows is at or above the 6,041,361-row crossover for group_by:sum at an estimated 9,200 groups over (k), a Chao1 estimate from a 2,048-row sample, 8,194 to 10,529 (engine table, the 10,000-group bucket, Benchmarks/results/polars_engine_crossover_2026-09-30-groupby.csv)",3.78,3.01,13.848,0.98,0.90,
"(g1sum1M) group-by grid, 1 key, 1 000 000 groups, sum",50000000,58.523,66.175,3,21.780,23.393,50.785,8.7,GroupBy#1,yes,"GroupBy#1: 50,000,000 input rows is at or above the 7,500,000-row crossover for group_by:sum at an estimated 1,149,308 groups over (k), a Chao1 estimate from a 8,192-row sample, 803,998 to 1,908,215 (engine table, the 1,000,000-group bucket, Benchmarks/results/polars_engine_crossover_2026-09-29-sort.csv)",2.69,2.83,3,21.828,22.671,52.101,9.3,GroupBy#1,yes,"GroupBy#1: 50,000,000 input rows is at or above the 7,500,000-row crossover for group_by:sum at an estimated 1,149,308 groups over (k), a Chao1 estimate from a 8,192-row sample, 803,998 to 1,908,215 (engine table, the 1,000,000-group bucket, Benchmarks/results/polars_engine_crossover_2026-09-30-groupby.csv)",2.68,2.92,21.294,1.00,1.03,
"(g1sum1k) group-by grid, 1 key, 1 000 groups, sum",50000000,10.766,11.437,3,77.284,86.970,104.063,1150.5,,yes,"GroupBy#1: rule: estimated 940 groups over (k), a Chao1 estimate from a 512-row sample, 832 to 1,107: below the measured band for group_by:sum at 50,000,000 input rows (taken at 3,163 to 3,162,277 groups; no count in the estimate's range is; Benchmarks/results/polars_engine_crossover_2026-09-29-sort.csv)",0.14,0.13,3,11.524,78.542,99.684,1140.7,,yes,"GroupBy#1: rule: estimated 940 groups over (k), a Chao1 estimate from a 512-row sample, 832 to 1,107: below the measured band for group_by:sum at 50,000,000 input rows (taken at 3,163 to 3,162,277 groups; no count in the estimate's range is; Benchmarks/results/polars_engine_crossover_2026-09-30-groupby.csv)",0.93,0.15,10.971,6.71,1.11,
"(g1sum200) group-by grid, 1 key, 200 groups, sum",50000000,12.564,13.290,3,12.860,13.396,28.184,186.8,,yes,"GroupBy#1: rule: estimated 193 groups over (k), a Chao1 estimate from a 512-row sample, 190 to 196: below the measured band for group_by:sum at 50,000,000 input rows (taken at 3,163 to 3,162,277 groups; no count in the estimate's range is; Benchmarks/results/polars_engine_crossover_2026-09-29-sort.csv)",0.98,0.99,3,12.639,13.184,23.000,184.9,,yes,"GroupBy#1: rule: estimated 193 groups over (k), a Chao1 estimate from a 512-row sample, 190 to 196: below the measured band for group_by:sum at 50,000,000 input rows (taken at 3,163 to 3,162,277 groups; no count in the estimate's range is; Benchmarks/results/polars_engine_crossover_2026-09-30-groupby.csv)",0.99,1.01,11.277,1.02,1.02,
"(g1sumR2) group-by grid, 1 key, rows/2 groups, sum",50000000,195.019,202.811,3,408.481,449.754,449.623,5742.8,,yes,"GroupBy#1: rule: estimated 11,180,716 groups over (k), a Chao1 estimate from a 8,192-row sample, 4,289,711 to 50,000,000: above the measured band for group_by:sum at 50,000,000 input rows (taken at 3,163 to 3,162,277 groups; no count in the estimate's range is; Benchmarks/results/polars_engine_crossover_2026-09-29-sort.csv)",0.48,0.45,3,406.295,416.507,430.093,5562.6,,yes,"GroupBy#1: rule: estimated 11,180,716 groups over (k), a Chao1 estimate from a 8,192-row sample, 4,289,711 to 50,000,000: above the measured band for group_by:sum at 50,000,000 input rows (taken at 3,163 to 3,162,277 groups; no count in the estimate's range is; Benchmarks/results/polars_engine_crossover_2026-09-30-groupby.csv)",0.48,0.49,233.702,1.01,1.08,
"(g2count100k) group-by grid, 2 keys, 100 000 groups, count",50000000,100.271,113.519,3,12.845,14.612,45.310,7.4,GroupBy#1,yes,"GroupBy#1: 50,000,000 input rows is at or above the 1,118,998-row crossover for group_by_multi:count at an estimated 92,887 groups over (k1, k2), a Chao1 estimate from a 2,048-row sample, 62,297 to 170,931 (engine table, the 100,000-group bucket, Benchmarks/results/polars_engine_crossover_2026-09-29-sort.csv)",7.81,7.77,3,12.208,14.844,37.815,6.8,GroupBy#1,yes,"GroupBy#1: 50,000,000 input rows is at or above the 1,118,998-row crossover for group_by_multi:count at an estimated 92,887 groups over (k1, k2), a Chao1 estimate from a 2,048-row sample, 62,297 to 170,931 (engine table, the 100,000-group bucket, Benchmarks/results/polars_engine_crossover_2026-09-30-groupby.csv)",8.21,7.65,12.619,1.05,0.98,
"(g2count10k) group-by grid, 2 keys, 10 000 groups, count",50000000,89.679,101.820,3,12.648,15.877,38.165,6.7,GroupBy#1,yes,"GroupBy#1: 50,000,000 input rows is at or above the 1,082,526-row crossover for group_by_multi:count at an estimated 9,641 groups over (k1, k2), a Chao1 estimate from a 512-row sample, 5,919 to 23,929 (engine table, the 10,000-group bucket, Benchmarks/results/polars_engine_crossover_2026-09-29-sort.csv)",7.09,6.41,3,12.783,14.757,35.517,6.7,GroupBy#1,yes,"GroupBy#1: 50,000,000 input rows is at or above the 1,082,526-row crossover for group_by_multi:count at an estimated 9,641 groups over (k1, k2), a Chao1 estimate from a 512-row sample, 5,919 to 23,929 (engine table, the 10,000-group bucket, Benchmarks/results/polars_engine_crossover_2026-09-30-groupby.csv)",7.02,6.90,12.825,0.99,1.08,
"(g2count1M) group-by grid, 2 keys, 1 000 000 groups, count",50000000,156.428,165.806,3,15.380,18.018,39.665,8.3,GroupBy#1,yes,"GroupBy#1: 50,000,000 input rows is at or above the 7,500,000-row crossover for group_by_multi:count at an estimated 875,179 groups over (k1, k2), a Chao1 estimate from a 8,192-row sample, 639,739 to 1,334,815 (engine table, the 1,000,000-group bucket, Benchmarks/results/polars_engine_crossover_2026-09-29-sort.csv)",10.17,9.20,3,14.632,18.281,41.444,7.6,GroupBy#1,yes,"GroupBy#1: 50,000,000 input rows is at or above the 7,500,000-row crossover for group_by_multi:count at an estimated 875,179 groups over (k1, k2), a Chao1 estimate from a 8,192-row sample, 639,739 to 1,334,815 (engine table, the 1,000,000-group bucket, Benchmarks/results/polars_engine_crossover_2026-09-30-groupby.csv)",10.69,9.07,13.778,1.05,0.99,
"(g2count1k) group-by grid, 2 keys, 1 000 groups, count",50000000,38.488,39.673,3,13.410,15.606,29.226,7.2,GroupBy#1,yes,"GroupBy#1: 50,000,000 input rows is at or above the 10,069,005-row crossover for group_by_multi:count at an estimated 912 groups over (k1, k2), a Chao1 estimate from a 512-row sample, 813 to 1,062 (engine table, the 1,000-group bucket, Benchmarks/results/polars_engine_crossover_2026-09-29-sort.csv)",2.87,2.54,3,12.855,14.542,29.244,7.4,GroupBy#1,yes,"GroupBy#1: 50,000,000 input rows is at or above the 10,069,005-row crossover for group_by_multi:count at an estimated 912 groups over (k1, k2), a Chao1 estimate from a 512-row sample, 813 to 1,062 (engine table, the 1,000-group bucket, Benchmarks/results/polars_engine_crossover_2026-09-30-groupby.csv)",2.99,2.73,10.605,1.04,1.07,
"(g2count200) group-by grid, 2 keys, 200 groups, count",50000000,38.220,39.600,3,13.207,14.424,27.965,7.4,GroupBy#1,yes,"GroupBy#1: 50,000,000 input rows is at or above the 5,580,594-row crossover for group_by_multi:count at an estimated 205 groups over (k1, k2), a Chao1 estimate from a 512-row sample, 200 to 213 (engine table, the 200-group bucket, Benchmarks/results/polars_engine_crossover_2026-09-29-sort.csv)",2.89,2.75,3,11.731,15.387,28.362,8.6,GroupBy#1,yes,"GroupBy#1: 50,000,000 input rows is at or above the 5,580,594-row crossover for group_by_multi:count at an estimated 205 groups over (k1, k2), a Chao1 estimate from a 512-row sample, 200 to 213 (engine table, the 200-group bucket, Benchmarks/results/polars_engine_crossover_2026-09-30-groupby.csv)",3.26,2.57,12.321,1.13,0.94,
"(g2countR2) group-by grid, 2 keys, rows/2 groups, count",50000000,388.783,418.442,3,647.020,703.303,659.299,8392.6,,yes,"GroupBy#1: rule: estimated 11,180,716 groups over (k1, k2), a Chao1 estimate from a 8,192-row sample, 4,289,711 to 50,000,000: above the measured band for group_by_multi:count at 50,000,000 input rows (taken at 1 to 3,162,277 groups; no count in the estimate's range is; Benchmarks/results/polars_engine_crossover_2026-09-29-sort.csv)",0.60,0.59,3,619.707,634.314,632.863,8057.7,,yes,"GroupBy#1: rule: estimated 11,180,716 groups over (k1, k2), a Chao1 estimate from a 8,192-row sample, 4,289,711 to 50,000,000: above the measured band for group_by_multi:count at 50,000,000 input rows (taken at 1 to 3,162,277 groups; no count in the estimate's range is; Benchmarks/results/polars_engine_crossover_2026-09-30-groupby.csv)",0.63,0.66,183.468,1.04,1.11,
"(g2fsum100k) group-by grid, 2 keys, 100 000 groups, Float64 sum",50000000,112.996,130.450,3,21.964,22.434,53.561,8.4,GroupBy#1,yes,"GroupBy#1: 50,000,000 input rows is at or above the 2,288,101-row crossover for group_by_multi:sum at an estimated 92,887 groups over (k1, k2), a Chao1 estimate from a 2,048-row sample, 62,297 to 170,931 (engine table, the 100,000-group bucket, Benchmarks/results/polars_engine_crossover_2026-09-29-sort.csv)",5.14,5.81,3,22.612,24.212,52.740,9.2,GroupBy#1,yes,"GroupBy#1: 50,000,000 input rows is at or above the 2,288,101-row crossover for group_by_multi:sum at an estimated 92,887 groups over (k1, k2), a Chao1 estimate from a 2,048-row sample, 62,297 to 170,931 (engine table, the 100,000-group bucket, Benchmarks/results/polars_engine_crossover_2026-09-30-groupby.csv)",5.00,5.39,21.735,0.97,0.93,
"(g2fsum10k) group-by grid, 2 keys, 10 000 groups, Float64 sum",50000000,96.073,107.306,3,21.121,21.546,52.327,8.0,GroupBy#1,yes,"GroupBy#1: 50,000,000 input rows is at or above the 2,453,179-row crossover for group_by_multi:sum at an estimated 9,641 groups over (k1, k2), a Chao1 estimate from a 512-row sample, 5,919 to 23,929 (engine table, the 10,000-group bucket, Benchmarks/results/polars_engine_crossover_2026-09-29-sort.csv)",4.55,4.98,3,21.719,23.120,49.884,8.9,GroupBy#1,yes,"GroupBy#1: 50,000,000 input rows is at or above the 2,777,623-row crossover for group_by_multi:sum at an estimated 9,641 groups over (k1, k2), a Chao1 estimate from a 512-row sample, 5,919 to 23,929 (engine table, the 10,000-group bucket, Benchmarks/results/polars_engine_crossover_2026-09-30-groupby.csv)",4.42,4.64,21.334,0.97,0.93,
"(g2fsum1M) group-by grid, 2 keys, 1 000 000 groups, Float64 sum",50000000,170.820,183.423,3,28.918,31.085,54.819,10.5,GroupBy#1,yes,"GroupBy#1: 50,000,000 input rows is at or above the 7,500,000-row crossover for group_by_multi:sum at an estimated 875,179 groups over (k1, k2), a Chao1 estimate from a 8,192-row sample, 639,739 to 1,334,815 (engine table, the 1,000,000-group bucket, Benchmarks/results/polars_engine_crossover_2026-09-29-sort.csv)",5.91,5.90,3,28.745,30.382,49.312,10.2,GroupBy#1,yes,"GroupBy#1: 50,000,000 input rows is at or above the 7,500,000-row crossover for group_by_multi:sum at an estimated 875,179 groups over (k1, k2), a Chao1 estimate from a 8,192-row sample, 639,739 to 1,334,815 (engine table, the 1,000,000-group bucket, Benchmarks/results/polars_engine_crossover_2026-09-30-groupby.csv)",5.94,6.04,28.553,1.01,1.02,
"(g2fsum1k) group-by grid, 2 keys, 1 000 groups, Float64 sum",50000000,40.367,41.340,3,14.786,16.919,47.385,8.2,GroupBy#1,yes,"GroupBy#1: 50,000,000 input rows is at or above the 6,201,868-row crossover for group_by_multi:sum at an estimated 912 groups over (k1, k2), a Chao1 estimate from a 512-row sample, 813 to 1,062 (engine table, the 1,000-group bucket, Benchmarks/results/polars_engine_crossover_2026-09-29-sort.csv)",2.73,2.44,3,14.968,19.758,46.955,8.3,GroupBy#1,yes,"GroupBy#1: 50,000,000 input rows is at or above the 11,993,616-row crossover for group_by_multi:sum at an estimated 912 groups over (k1, k2), a Chao1 estimate from a 512-row sample, 813 to 1,062 (engine table, the 1,000-group bucket, Benchmarks/results/polars_engine_crossover_2026-09-30-groupby.csv)",2.70,2.09,14.632,0.99,0.86,
"(g2fsum200) group-by grid, 2 keys, 200 groups, Float64 sum",50000000,37.245,38.103,3,37.809,38.636,56.567,572.7,,yes,"GroupBy#1: rule: estimated 205 groups over (k1, k2), a Chao1 estimate from a 512-row sample, 200 to 213: below the measured band for group_by_multi:sum at 50,000,000 input rows (taken at 448 to 3,162,277 groups; no count in the estimate's range is; Benchmarks/results/polars_engine_crossover_2026-09-29-sort.csv)",0.99,0.99,3,37.374,38.109,51.809,573.2,,yes,"GroupBy#1: rule: estimated 205 groups over (k1, k2), a Chao1 estimate from a 512-row sample, 200 to 213: below the measured band for group_by_multi:sum at 50,000,000 input rows (taken at 448 to 3,162,277 groups; no count in the estimate's range is; Benchmarks/results/polars_engine_crossover_2026-09-30-groupby.csv)",1.00,1.00,14.349,1.01,1.01,
"(g2fsumR2) group-by grid, 2 keys, rows/2 groups, Float64 sum",50000000,405.435,429.666,3,700.235,728.561,655.757,9393.6,,yes,"GroupBy#1: rule: estimated 11,180,716 groups over (k1, k2), a Chao1 estimate from a 8,192-row sample, 4,289,711 to 50,000,000: above the measured band for group_by_multi:sum at 50,000,000 input rows (taken at 448 to 3,162,277 groups; no count in the estimate's range is; Benchmarks/results/polars_engine_crossover_2026-09-29-sort.csv)",0.58,0.59,3,678.671,716.310,655.735,9480.5,,yes,"GroupBy#1: rule: estimated 11,180,716 groups over (k1, k2), a Chao1 estimate from a 8,192-row sample, 4,289,711 to 50,000,000: above the measured band for group_by_multi:sum at 50,000,000 input rows (taken at 448 to 3,162,277 groups; no count in the estimate's range is; Benchmarks/results/polars_engine_crossover_2026-09-30-groupby.csv)",0.60,0.60,266.575,1.03,1.02,
"(g2mean100k) group-by grid, 2 keys, 100 000 groups, mean",50000000,117.216,132.931,3,26.092,28.366,49.699,8.3,GroupBy#1,yes,"GroupBy#1: 50,000,000 input rows is at or above the 3,902,244-row crossover for group_by_multi:mean at an estimated 92,887 groups over (k1, k2), a Chao1 estimate from a 2,048-row sample, 62,297 to 170,931 (engine table, the 100,000-group bucket, Benchmarks/results/polars_engine_crossover_2026-09-29-sort.csv)",4.49,4.69,3,26.013,26.670,55.033,8.4,GroupBy#1,yes,"GroupBy#1: 50,000,000 input rows is at or above the 953,572-row crossover for group_by_multi:mean at an estimated 92,887 groups over (k1, k2), a Chao1 estimate from a 2,048-row sample, 62,297 to 170,931 (engine table, the 100,000-group bucket, Benchmarks/results/polars_engine_crossover_2026-09-30-groupby.csv)",4.51,4.98,25.914,1.00,1.06,
"(g2mean10k) group-by grid, 2 keys, 10 000 groups, mean",50000000,100.531,111.533,3,25.491,25.825,58.179,8.0,GroupBy#1,yes,"GroupBy#1: 50,000,000 input rows is at or above the 1,790,854-row crossover for group_by_multi:mean at an estimated 9,641 groups over (k1, k2), a Chao1 estimate from a 512-row sample, 5,919 to 23,929 (engine table, the 10,000-group bucket, Benchmarks/results/polars_engine_crossover_2026-09-29-sort.csv)",3.94,4.32,3,25.614,27.327,48.361,8.1,GroupBy#1,yes,"GroupBy#1: 50,000,000 input rows is at or above the 1,921,713-row crossover for group_by_multi:mean at an estimated 9,641 groups over (k1, k2), a Chao1 estimate from a 512-row sample, 5,919 to 23,929 (engine table, the 10,000-group bucket, Benchmarks/results/polars_engine_crossover_2026-09-30-groupby.csv)",3.92,4.08,25.521,1.00,0.95,
"(g2mean1M) group-by grid, 2 keys, 1 000 000 groups, mean",50000000,181.849,193.441,3,33.356,33.534,66.144,9.1,GroupBy#1,yes,"GroupBy#1: 50,000,000 input rows is at or above the 7,885,821-row crossover for group_by_multi:mean at an estimated 875,179 groups over (k1, k2), a Chao1 estimate from a 8,192-row sample, 639,739 to 1,334,815 (engine table, the 1,000,000-group bucket, Benchmarks/results/polars_engine_crossover_2026-09-29-sort.csv)",5.45,5.77,3,33.491,33.795,67.782,9.3,GroupBy#1,yes,"GroupBy#1: 50,000,000 input rows is at or above the 7,500,000-row crossover for group_by_multi:mean at an estimated 875,179 groups over (k1, k2), a Chao1 estimate from a 8,192-row sample, 639,739 to 1,334,815 (engine table, the 1,000,000-group bucket, Benchmarks/results/polars_engine_crossover_2026-09-30-groupby.csv)",5.43,5.72,32.672,1.00,0.99,
"(g2mean1k) group-by grid, 2 keys, 1 000 groups, mean",50000000,41.147,42.218,3,19.467,20.890,53.259,7.9,GroupBy#1,yes,"GroupBy#1: 50,000,000 input rows is at or above the 17,349,489-row crossover for group_by_multi:mean at an estimated 912 groups over (k1, k2), a Chao1 estimate from a 512-row sample, 813 to 1,062 (engine table, the 1,000-group bucket, Benchmarks/results/polars_engine_crossover_2026-09-29-sort.csv)",2.11,2.02,3,19.741,20.508,52.601,8.1,GroupBy#1,yes,"GroupBy#1: 50,000,000 input rows is at or above the 9,720,262-row crossover for group_by_multi:mean at an estimated 912 groups over (k1, k2), a Chao1 estimate from a 512-row sample, 813 to 1,062 (engine table, the 1,000-group bucket, Benchmarks/results/polars_engine_crossover_2026-09-30-groupby.csv)",2.08,2.06,19.563,0.99,1.02,
"(g2mean200) group-by grid, 2 keys, 200 groups, mean",50000000,39.250,40.837,3,40.498,41.392,56.725,611.7,,yes,"GroupBy#1: rule: estimated 205 groups over (k1, k2), a Chao1 estimate from a 512-row sample, 200 to 213: below the measured band for group_by_multi:mean at 50,000,000 input rows (taken at 448 to 3,162,277 groups; no count in the estimate's range is; Benchmarks/results/polars_engine_crossover_2026-09-29-sort.csv)",0.97,0.99,3,19.313,20.114,58.847,8.1,GroupBy#1,yes,"GroupBy#1: 50,000,000 input rows is at or above the 9,923,043-row crossover for group_by_multi:mean at an estimated 205 groups over (k1, k2), a Chao1 estimate from a 512-row sample, 200 to 213 (engine table, the 200-group bucket, Benchmarks/results/polars_engine_crossover_2026-09-30-groupby.csv)",2.03,2.03,19.567,2.10,2.06,
"(g2meanR2) group-by grid, 2 keys, rows/2 groups, mean",50000000,415.079,449.059,3,714.042,771.728,676.531,10358.5,,yes,"GroupBy#1: rule: estimated 11,180,716 groups over (k1, k2), a Chao1 estimate from a 8,192-row sample, 4,289,711 to 50,000,000: above the measured band for group_by_multi:mean at 50,000,000 input rows (taken at 448 to 3,162,277 groups; no count in the estimate's range is; Benchmarks/results/polars_engine_crossover_2026-09-29-sort.csv)",0.58,0.58,3,685.241,700.798,659.196,9834.3,,yes,"GroupBy#1: rule: estimated 11,180,716 groups over (k1, k2), a Chao1 estimate from a 8,192-row sample, 4,289,711 to 50,000,000: above the measured band for group_by_multi:mean at 50,000,000 input rows (taken at 1 to 3,162,277 groups; no count in the estimate's range is; Benchmarks/results/polars_engine_crossover_2026-09-30-groupby.csv)",0.61,0.64,273.260,1.04,1.10,
"(g2minmax100k) group-by grid, 2 keys, 100 000 groups, min + max",50000000,122.999,142.758,3,18.949,20.360,63.850,8.4,GroupBy#1,yes,"GroupBy#1: 50,000,000 input rows is at or above the 2,029,638-row crossover for group_by_multi:minmax at an estimated 92,887 groups over (k1, k2), a Chao1 estimate from a 2,048-row sample, 62,297 to 170,931 (engine table, the 100,000-group bucket, Benchmarks/results/polars_engine_crossover_2026-09-29-sort.csv)",6.49,7.01,3,18.781,20.534,51.068,8.3,GroupBy#1,yes,"GroupBy#1: 50,000,000 input rows is at or above the 802,938-row crossover for group_by_multi:minmax at an estimated 92,887 groups over (k1, k2), a Chao1 estimate from a 2,048-row sample, 62,297 to 170,931 (engine table, the 100,000-group bucket, Benchmarks/results/polars_engine_crossover_2026-09-30-groupby.csv)",6.55,6.95,19.127,1.01,0.99,
"(g2minmax10k) group-by grid, 2 keys, 10 000 groups, min + max",50000000,106.004,120.942,3,18.875,20.641,49.712,8.5,GroupBy#1,yes,"GroupBy#1: 50,000,000 input rows is at or above the 2,365,095-row crossover for group_by_multi:minmax at an estimated 9,641 groups over (k1, k2), a Chao1 estimate from a 512-row sample, 5,919 to 23,929 (engine table, the 10,000-group bucket, Benchmarks/results/polars_engine_crossover_2026-09-29-sort.csv)",5.62,5.86,3,19.269,22.167,42.307,8.8,GroupBy#1,yes,"GroupBy#1: 50,000,000 input rows is at or above the 1,171,750-row crossover for group_by_multi:minmax at an estimated 9,641 groups over (k1, k2), a Chao1 estimate from a 512-row sample, 5,919 to 23,929 (engine table, the 10,000-group bucket, Benchmarks/results/polars_engine_crossover_2026-09-30-groupby.csv)",5.50,5.46,19.119,0.98,0.93,
"(g2minmax1M) group-by grid, 2 keys, 1 000 000 groups, min + max",50000000,211.623,225.334,3,21.358,23.855,55.218,10.7,GroupBy#1,yes,"GroupBy#1: 50,000,000 input rows is at or above the 7,500,000-row crossover for group_by_multi:minmax at an estimated 875,179 groups over (k1, k2), a Chao1 estimate from a 8,192-row sample, 639,739 to 1,334,815 (engine table, the 1,000,000-group bucket, Benchmarks/results/polars_engine_crossover_2026-09-29-sort.csv)",9.91,9.45,3,21.357,22.315,49.615,9.2,GroupBy#1,yes,"GroupBy#1: 50,000,000 input rows is at or above the 7,500,000-row crossover for group_by_multi:minmax at an estimated 875,179 groups over (k1, k2), a Chao1 estimate from a 8,192-row sample, 639,739 to 1,334,815 (engine table, the 1,000,000-group bucket, Benchmarks/results/polars_engine_crossover_2026-09-30-groupby.csv)",9.91,10.10,20.803,1.00,1.07,
"(g2minmax1k) group-by grid, 2 keys, 1 000 groups, min + max",50000000,45.363,46.648,3,14.019,17.666,34.300,8.1,GroupBy#1,yes,"GroupBy#1: 50,000,000 input rows is at or above the 5,836,081-row crossover for group_by_multi:minmax at an estimated 912 groups over (k1, k2), a Chao1 estimate from a 512-row sample, 813 to 1,062 (engine table, the 1,000-group bucket, Benchmarks/results/polars_engine_crossover_2026-09-29-sort.csv)",3.24,2.64,3,14.120,18.685,29.057,8.3,GroupBy#1,yes,"GroupBy#1: 50,000,000 input rows is at or above the 8,162,302-row crossover for group_by_multi:minmax at an estimated 912 groups over (k1, k2), a Chao1 estimate from a 512-row sample, 813 to 1,062 (engine table, the 1,000-group bucket, Benchmarks/results/polars_engine_crossover_2026-09-30-groupby.csv)",3.21,2.50,13.712,0.99,0.95,
"(g2minmax200) group-by grid, 2 keys, 200 groups, min + max",50000000,43.135,44.513,3,13.598,16.952,39.276,8.2,GroupBy#1,yes,"GroupBy#1: 50,000,000 input rows is at or above the 6,185,532-row crossover for group_by_multi:minmax at an estimated 205 groups over (k1, k2), a Chao1 estimate from a 512-row sample, 200 to 213 (engine table, the 200-group bucket, Benchmarks/results/polars_engine_crossover_2026-09-29-sort.csv)",3.17,2.63,3,14.382,17.273,39.345,9.1,GroupBy#1,yes,"GroupBy#1: 50,000,000 input rows is at or above the 10,534,566-row crossover for group_by_multi:minmax at an estimated 205 groups over (k1, k2), a Chao1 estimate from a 512-row sample, 200 to 213 (engine table, the 200-group bucket, Benchmarks/results/polars_engine_crossover_2026-09-30-groupby.csv)",3.00,2.58,13.608,0.95,0.98,
"(g2minmaxR2) group-by grid, 2 keys, rows/2 groups, min + max",50000000,457.096,487.194,3,800.992,840.887,777.864,11182.1,,yes,"GroupBy#1: rule: estimated 11,180,716 groups over (k1, k2), a Chao1 estimate from a 8,192-row sample, 4,289,711 to 50,000,000: above the measured band for group_by_multi:minmax at 50,000,000 input rows (taken at 1 to 3,162,277 groups; no count in the estimate's range is; Benchmarks/results/polars_engine_crossover_2026-09-29-sort.csv)",0.57,0.58,3,777.041,796.421,718.455,11181.7,,yes,"GroupBy#1: rule: estimated 11,180,716 groups over (k1, k2), a Chao1 estimate from a 8,192-row sample, 4,289,711 to 50,000,000: above the measured band for group_by_multi:minmax at 50,000,000 input rows (taken at 1 to 3,162,277 groups; no count in the estimate's range is; Benchmarks/results/polars_engine_crossover_2026-09-30-groupby.csv)",0.59,0.61,196.006,1.03,1.06,
"(g2sum100k) group-by grid, 2 keys, 100 000 groups, sum",50000000,116.180,132.755,3,17.628,20.138,58.122,9.6,GroupBy#1,yes,"GroupBy#1: 50,000,000 input rows is at or above the 2,288,101-row crossover for group_by_multi:sum at an estimated 92,887 groups over (k1, k2), a Chao1 estimate from a 2,048-row sample, 62,297 to 170,931 (engine table, the 100,000-group bucket, Benchmarks/results/polars_engine_crossover_2026-09-29-sort.csv)",6.59,6.59,3,18.261,22.678,41.609,10.4,GroupBy#1,yes,"GroupBy#1: 50,000,000 input rows is at or above the 2,288,101-row crossover for group_by_multi:sum at an estimated 92,887 groups over (k1, k2), a Chao1 estimate from a 2,048-row sample, 62,297 to 170,931 (engine table, the 100,000-group bucket, Benchmarks/results/polars_engine_crossover_2026-09-30-groupby.csv)",6.36,5.85,17.180,0.97,0.89,
"(g2sum10k) group-by grid, 2 keys, 10 000 groups, sum",50000000,95.546,106.575,3,16.616,18.338,47.735,8.1,GroupBy#1,yes,"GroupBy#1: 50,000,000 input rows is at or above the 2,453,179-row crossover for group_by_multi:sum at an estimated 9,641 groups over (k1, k2), a Chao1 estimate from a 512-row sample, 5,919 to 23,929 (engine table, the 10,000-group bucket, Benchmarks/results/polars_engine_crossover_2026-09-29-sort.csv)",5.75,5.81,3,16.944,24.376,35.296,8.8,GroupBy#1,yes,"GroupBy#1: 50,000,000 input rows is at or above the 2,777,623-row crossover for group_by_multi:sum at an estimated 9,641 groups over (k1, k2), a Chao1 estimate from a 512-row sample, 5,919 to 23,929 (engine table, the 10,000-group bucket, Benchmarks/results/polars_engine_crossover_2026-09-30-groupby.csv)",5.64,4.37,16.394,0.98,0.75,
"(g2sum1M) group-by grid, 2 keys, 1 000 000 groups, sum",50000000,169.207,181.060,3,24.262,25.000,46.852,11.4,GroupBy#1,yes,"GroupBy#1: 50,000,000 input rows is at or above the 7,500,000-row crossover for group_by_multi:sum at an estimated 875,179 groups over (k1, k2), a Chao1 estimate from a 8,192-row sample, 639,739 to 1,334,815 (engine table, the 1,000,000-group bucket, Benchmarks/results/polars_engine_crossover_2026-09-29-sort.csv)",6.97,7.24,3,24.512,24.931,53.236,11.6,GroupBy#1,yes,"GroupBy#1: 50,000,000 input rows is at or above the 7,500,000-row crossover for group_by_multi:sum at an estimated 875,179 groups over (k1, k2), a Chao1 estimate from a 8,192-row sample, 639,739 to 1,334,815 (engine table, the 1,000,000-group bucket, Benchmarks/results/polars_engine_crossover_2026-09-30-groupby.csv)",6.90,7.26,24.022,0.99,1.00,
"(g2sum1k) group-by grid, 2 keys, 1 000 groups, sum",50000000,40.050,41.388,3,13.404,16.213,41.632,8.1,GroupBy#1,yes,"GroupBy#1: 50,000,000 input rows is at or above the 6,201,868-row crossover for group_by_multi:sum at an estimated 912 groups over (k1, k2), a Chao1 estimate from a 512-row sample, 813 to 1,062 (engine table, the 1,000-group bucket, Benchmarks/results/polars_engine_crossover_2026-09-29-sort.csv)",2.99,2.55,3,13.656,18.979,39.170,8.8,GroupBy#1,yes,"GroupBy#1: 50,000,000 input rows is at or above the 11,993,616-row crossover for group_by_multi:sum at an estimated 912 groups over (k1, k2), a Chao1 estimate from a 512-row sample, 813 to 1,062 (engine table, the 1,000-group bucket, Benchmarks/results/polars_engine_crossover_2026-09-30-groupby.csv)",2.93,2.18,13.213,0.98,0.85,
"(g2sum200) group-by grid, 2 keys, 200 groups, sum",50000000,42.597,43.785,3,41.334,43.159,53.318,634.9,,yes,"GroupBy#1: rule: estimated 205 groups over (k1, k2), a Chao1 estimate from a 512-row sample, 200 to 213: below the measured band for group_by_multi:sum at 50,000,000 input rows (taken at 448 to 3,162,277 groups; no count in the estimate's range is; Benchmarks/results/polars_engine_crossover_2026-09-29-sort.csv)",1.03,1.01,3,41.788,42.689,56.119,640.1,,yes,"GroupBy#1: rule: estimated 205 groups over (k1, k2), a Chao1 estimate from a 512-row sample, 200 to 213: below the measured band for group_by_multi:sum at 50,000,000 input rows (taken at 448 to 3,162,277 groups; no count in the estimate's range is; Benchmarks/results/polars_engine_crossover_2026-09-30-groupby.csv)",1.02,1.03,13.467,0.99,1.01,
"(g2sumR2) group-by grid, 2 keys, rows/2 groups, sum",50000000,408.858,430.283,3,633.388,716.412,664.273,9196.5,,yes,"GroupBy#1: rule: estimated 11,180,716 groups over (k1, k2), a Chao1 estimate from a 8,192-row sample, 4,289,711 to 50,000,000: above the measured band for group_by_multi:sum at 50,000,000 input rows (taken at 448 to 3,162,277 groups; no count in the estimate's range is; Benchmarks/results/polars_engine_crossover_2026-09-29-sort.csv)",0.65,0.60,3,628.919,647.712,642.484,8707.1,,yes,"GroupBy#1: rule: estimated 11,180,716 groups over (k1, k2), a Chao1 estimate from a 8,192-row sample, 4,289,711 to 50,000,000: above the measured band for group_by_multi:sum at 50,000,000 input rows (taken at 448 to 3,162,277 groups; no count in the estimate's range is; Benchmarks/results/polars_engine_crossover_2026-09-30-groupby.csv)",0.65,0.66,252.642,1.01,1.11,
"(i) group-by 1 key, 100 000 groups, sum",50000000,45.497,50.909,3,14.456,20.346,41.294,6.2,GroupBy#1,yes,"GroupBy#1: 50,000,000 input rows is at or above the 5,252,956-row crossover for group_by:sum at an estimated 102,981 groups over (k1), a Chao1 estimate from a 2,048-row sample, 67,758 to 198,392 (engine table, the 100,000-group bucket, Benchmarks/results/polars_engine_crossover_2026-09-29-sort.csv)",3.15,2.50,3,14.565,17.597,40.730,6.0,GroupBy#1,yes,"GroupBy#1: 50,000,000 input rows is at or above the 5,252,956-row crossover for group_by:sum at an estimated 102,981 groups over (k1), a Chao1 estimate from a 2,048-row sample, 67,758 to 198,392 (engine table, the 100,000-group bucket, Benchmarks/results/polars_engine_crossover_2026-09-30-groupby.csv)",3.12,2.89,14.301,0.99,1.16,
"(j) group-by (k1, k2), sum + count",50000000,396.316,409.502,3,656.550,669.531,682.689,7972.2,,yes,"GroupBy#1: rule: estimated 16,775,168 groups over (k1, k2), a Chao1 estimate from a 8,192-row sample, 5,597,184 to 50,000,000: above the measured band for group_by_multi:count at 50,000,000 input rows (taken at 1 to 3,162,277 groups; no count in the estimate's range is; Benchmarks/results/polars_engine_crossover_2026-09-29-sort.csv)",0.60,0.61,3,667.237,679.117,678.527,8070.3,,yes,"GroupBy#1: rule: estimated 16,775,168 groups over (k1, k2), a Chao1 estimate from a 8,192-row sample, 5,597,184 to 50,000,000: above the measured band for group_by_multi:count at 50,000,000 input rows (taken at 1 to 3,162,277 groups; no count in the estimate's range is; Benchmarks/results/polars_engine_crossover_2026-09-30-groupby.csv)",0.59,0.60,430.054,0.98,0.99,
"(l) group-by (region, sub), Float64 sum + mean",50000000,102.444,112.576,3,29.844,30.197,51.808,7.6,GroupBy#2,yes,"GroupBy#2: 50,000,000 input rows is at or above the 2,453,179-row crossover for group_by_multi:sum at an estimated 6,444 groups over (region, sub), a Chao1 estimate from a 512-row sample, 4,328 to 12,376 (engine table, the 10,000-group bucket, Benchmarks/results/polars_engine_crossover_2026-09-29-sort.csv)",3.43,3.73,3,30.056,30.480,55.545,7.5,GroupBy#2,yes,"GroupBy#2: 50,000,000 input rows is at or above the 2,777,623-row crossover for group_by_multi:sum at an estimated 6,444 groups over (region, sub), a Chao1 estimate from a 512-row sample, 4,328 to 12,376 (engine table, the 10,000-group bucket, Benchmarks/results/polars_engine_crossover_2026-09-30-groupby.csv)",3.41,3.69,29.890,0.99,0.99,
"(t1) group-by 1 key, 200 groups, sum",50000000,10.617,11.113,3,11.128,11.409,22.939,161.9,,yes,"GroupBy#1: rule: estimated 191 groups over (region), a Chao1 estimate from a 512-row sample, 189 to 196: below the measured band for group_by:sum at 50,000,000 input rows (taken at 3,163 to 3,162,277 groups; no count in the estimate's range is; Benchmarks/results/polars_engine_crossover_2026-09-29-sort.csv)",0.95,0.97,3,10.787,11.438,29.172,159.8,,yes,"GroupBy#1: rule: estimated 191 groups over (region), a Chao1 estimate from a 512-row sample, 189 to 196: below the measured band for group_by:sum at 50,000,000 input rows (taken at 3,163 to 3,162,277 groups; no count in the estimate's range is; Benchmarks/results/polars_engine_crossover_2026-09-30-groupby.csv)",0.98,0.97,10.569,1.03,1.00,
"(t2) group-by 1 key, 200 groups, count",50000000,9.415,9.795,3,9.530,9.883,25.962,141.0,,yes,"GroupBy#1: rule: estimated 191 groups over (region), a Chao1 estimate from a 512-row sample, 189 to 196: below the measured band for group_by:count at 50,000,000 input rows (taken at 3,163 to 3,162,277 groups; no count in the estimate's range is; Benchmarks/results/polars_engine_crossover_2026-09-29-sort.csv)",0.99,0.99,3,9.750,10.119,25.389,144.0,,yes,"GroupBy#1: rule: estimated 191 groups over (region), a Chao1 estimate from a 512-row sample, 189 to 196: below the measured band for group_by:count at 50,000,000 input rows (taken at 3,163 to 3,162,277 groups; no count in the estimate's range is; Benchmarks/results/polars_engine_crossover_2026-09-30-groupby.csv)",0.97,0.97,10.150,0.98,0.98,
"(t3) group-by 1 key, 200 groups, mean",50000000,11.331,11.780,3,11.744,12.085,19.746,171.9,,yes,"GroupBy#1: rule: estimated 191 groups over (region), a Chao1 estimate from a 512-row sample, 189 to 196: below the measured band for group_by:mean at 50,000,000 input rows (taken at 3,163 to 316,227 groups; no count in the estimate's range is; Benchmarks/results/polars_engine_crossover_2026-09-29-sort.csv)",0.96,0.97,3,11.591,12.078,25.952,171.4,,yes,"GroupBy#1: rule: estimated 191 groups over (region), a Chao1 estimate from a 512-row sample, 189 to 196: below the measured band for group_by:mean at 50,000,000 input rows (taken at 3,163 to 3,162,277 groups; no count in the estimate's range is; Benchmarks/results/polars_engine_crossover_2026-09-30-groupby.csv)",0.98,0.98,19.021,1.01,1.00,
"(t4) group-by 1 key, 200 groups, min + max",50000000,15.610,16.205,3,15.868,16.586,30.449,239.5,,yes,"GroupBy#1: rule: estimated 191 groups over (region), a Chao1 estimate from a 512-row sample, 189 to 196: below the measured band for group_by:minmax at 50,000,000 input rows (taken at 3,163 to 3,162,277 groups; no count in the estimate's range is; Benchmarks/results/polars_engine_crossover_2026-09-29-sort.csv)",0.98,0.98,3,12.020,14.308,26.904,6.8,GroupBy#1,yes,"GroupBy#1: 50,000,000 input rows is at or above the 19,740,807-row crossover for group_by:minmax at an estimated 191 groups over (region), a Chao1 estimate from a 512-row sample, 189 to 196 (engine table, the 200-group bucket, Benchmarks/results/polars_engine_crossover_2026-09-30-groupby.csv)",1.30,1.13,11.856,1.32,1.16,
"(t5) group-by 1 key, 100 000 groups, count",50000000,39.851,41.989,3,10.973,11.388,29.507,5.1,GroupBy#1,yes,"GroupBy#1: 50,000,000 input rows is at or above the 3,801,232-row crossover for group_by:count at an estimated 102,981 groups over (k1), a Chao1 estimate from a 2,048-row sample, 67,758 to 198,392 (engine table, the 100,000-group bucket, Benchmarks/results/polars_engine_crossover_2026-09-29-sort.csv)",3.63,3.69,3,11.418,12.800,24.276,5.2,GroupBy#1,yes,"GroupBy#1: 50,000,000 input rows is at or above the 3,801,232-row crossover for group_by:count at an estimated 102,981 groups over (k1), a Chao1 estimate from a 2,048-row sample, 67,758 to 198,392 (engine table, the 100,000-group bucket, Benchmarks/results/polars_engine_crossover_2026-09-30-groupby.csv)",3.49,3.28,11.293,0.96,0.89,
"(t6) group-by 1 key, 100 000 groups, mean",50000000,48.054,55.684,3,23.705,24.186,52.332,6.2,GroupBy#1,yes,"GroupBy#1: 50,000,000 input rows is at or above the 16,235,764-row crossover for group_by:mean at an estimated 102,981 groups over (k1), a Chao1 estimate from a 2,048-row sample, 67,758 to 198,392 (engine table, the 100,000-group bucket, Benchmarks/results/polars_engine_crossover_2026-09-29-sort.csv)",2.03,2.30,3,23.641,23.965,52.931,6.1,GroupBy#1,yes,"GroupBy#1: 50,000,000 input rows is at or above the 2,524,249-row crossover for group_by:mean at an estimated 102,981 groups over (k1), a Chao1 estimate from a 2,048-row sample, 67,758 to 198,392 (engine table, the 100,000-group bucket, Benchmarks/results/polars_engine_crossover_2026-09-30-groupby.csv)",2.03,2.32,23.511,1.00,1.01,
"(t7) group-by 1 key, 100 000 groups, min + max",50000000,55.048,62.249,3,16.681,18.190,47.930,6.3,GroupBy#1,yes,"GroupBy#1: 50,000,000 input rows is at or above the 2,961,043-row crossover for group_by:minmax at an estimated 102,981 groups over (k1), a Chao1 estimate from a 2,048-row sample, 67,758 to 198,392 (engine table, the 100,000-group bucket, Benchmarks/results/polars_engine_crossover_2026-09-29-sort.csv)",3.30,3.42,3,16.926,18.907,43.220,6.1,GroupBy#1,yes,"GroupBy#1: 50,000,000 input rows is at or above the 2,184,147-row crossover for group_by:minmax at an estimated 102,981 groups over (k1), a Chao1 estimate from a 2,048-row sample, 67,758 to 198,392 (engine table, the 100,000-group bucket, Benchmarks/results/polars_engine_crossover_2026-09-30-groupby.csv)",3.25,3.29,16.640,0.99,0.96,
"(v1) group-by (region, sub), sum",50000000,98.829,103.874,3,16.654,17.839,47.096,8.8,GroupBy#1,yes,"GroupBy#1: 50,000,000 input rows is at or above the 2,453,179-row crossover for group_by_multi:sum at an estimated 6,444 groups over (region, sub), a Chao1 estimate from a 512-row sample, 4,328 to 12,376 (engine table, the 10,000-group bucket, Benchmarks/results/polars_engine_crossover_2026-09-29-sort.csv)",5.93,5.82,3,16.523,18.277,45.102,8.3,GroupBy#1,yes,"GroupBy#1: 50,000,000 input rows is at or above the 2,777,623-row crossover for group_by_multi:sum at an estimated 6,444 groups over (region, sub), a Chao1 estimate from a 512-row sample, 4,328 to 12,376 (engine table, the 10,000-group bucket, Benchmarks/results/polars_engine_crossover_2026-09-30-groupby.csv)",5.98,5.68,16.463,1.01,0.98,
"(v2) group-by (region, sub), count",50000000,93.661,99.608,3,13.880,15.071,37.615,7.4,GroupBy#1,yes,"GroupBy#1: 50,000,000 input rows is at or above the 1,082,526-row crossover for group_by_multi:count at an estimated 6,444 groups over (region, sub), a Chao1 estimate from a 512-row sample, 4,328 to 12,376 (engine table, the 10,000-group bucket, Benchmarks/results/polars_engine_crossover_2026-09-29-sort.csv)",6.75,6.61,3,13.677,16.075,35.022,7.6,GroupBy#1,yes,"GroupBy#1: 50,000,000 input rows is at or above the 1,082,526-row crossover for group_by_multi:count at an estimated 6,444 groups over (region, sub), a Chao1 estimate from a 512-row sample, 4,328 to 12,376 (engine table, the 10,000-group bucket, Benchmarks/results/polars_engine_crossover_2026-09-30-groupby.csv)",6.85,6.20,12.264,1.01,0.94,
"(v3) group-by (k1, k2), mean",50000000,399.179,414.268,3,703.008,728.088,728.338,9690.8,,yes,"GroupBy#1: rule: estimated 16,775,168 groups over (k1, k2), a Chao1 estimate from a 8,192-row sample, 5,597,184 to 50,000,000: above the measured band for group_by_multi:mean at 50,000,000 input rows (taken at 448 to 3,162,277 groups; no count in the estimate's range is; Benchmarks/results/polars_engine_crossover_2026-09-29-sort.csv)",0.57,0.57,3,696.943,708.448,712.922,9546.6,,yes,"GroupBy#1: rule: estimated 16,775,168 groups over (k1, k2), a Chao1 estimate from a 8,192-row sample, 5,597,184 to 50,000,000: above the measured band for group_by_multi:mean at 50,000,000 input rows (taken at 1 to 3,162,277 groups; no count in the estimate's range is; Benchmarks/results/polars_engine_crossover_2026-09-30-groupby.csv)",0.57,0.58,347.693,1.01,1.03,
"(v4) group-by (k1, k2), min + max",50000000,434.624,451.172,3,765.338,784.921,762.092,10751.1,,yes,"GroupBy#1: rule: estimated 16,775,168 groups over (k1, k2), a Chao1 estimate from a 8,192-row sample, 5,597,184 to 50,000,000: above the measured band for group_by_multi:minmax at 50,000,000 input rows (taken at 1 to 3,162,277 groups; no count in the estimate's range is; Benchmarks/results/polars_engine_crossover_2026-09-29-sort.csv)",0.57,0.57,3,785.291,802.966,783.105,11031.4,,yes,"GroupBy#1: rule: estimated 16,775,168 groups over (k1, k2), a Chao1 estimate from a 8,192-row sample, 5,597,184 to 50,000,000: above the measured band for group_by_multi:minmax at 50,000,000 input rows (taken at 1 to 3,162,277 groups; no count in the estimate's range is; Benchmarks/results/polars_engine_crossover_2026-09-30-groupby.csv)",0.55,0.56,293.195,0.97,0.98,
