# ArrowMetal 0.4.0 on Apple M4 Max, polars 2.0.0 (16 threads), pyarrow 25.0.1, best of 5
rows,case,engine,wall_ms,cpu_ms,taken,fallbacks,equal_to_polars,vs_fastest_polars,vs_polars_in_memory,shape,input_rows,rule,groups,groups_estimate,probe_us
50000000,(a) filtered sum + count,polars in-memory,15.174,24.4,,,,,,,,,,,
50000000,(a) filtered sum + count,polars streaming,2.983,43.1,,,,,,,,,,,
50000000,(a) filtered sum + count,"MetalEngine all, cold",6.581,5.1,Select#3[Select>SimpleProjection>Filter>DataFrameScan],,True,0.45,2.31,aggregate:count+aggregate:sum|numeric|memory,50000000,,,,
50000000,(a) filtered sum + count,"MetalEngine all, warm",2.277,0.8,Select#3[Select>SimpleProjection>Filter>DataFrameScan],,True,1.31,6.66,aggregate:count+aggregate:sum|numeric|memory,50000000,,,,
50000000,(a) filtered sum + count,"MetalEngine default, cold",15.196,24.5,,,True,0.20,1.00,,,"Select#3: rule: aggregate:count was not measured ahead of Polars up to 50,000,000 input rows (Benchmarks/results/polars_engine_crossover_2026-09-30-groupby.csv) | SimpleProjection#6: rule: rowwise was not measured ahead of Polars up to 50,000,000 input rows (Benchmarks/results/polars_engine_crossover_2026-09-30-groupby.csv) | Filter#2: rule: rowwise was not measured ahead of Polars up to 50,000,000 input rows (Benchmarks/results/polars_engine_crossover_2026-09-30-groupby.csv)",,,
50000000,(b) filter + group-by 200 keys + sort desc + limit 10,polars in-memory,31.538,189.9,,,,,,,,,,,
50000000,(b) filter + group-by 200 keys + sort desc + limit 10,polars streaming,11.741,171.0,,,,,,,,,,,
50000000,(b) filter + group-by 200 keys + sort desc + limit 10,"MetalEngine all, cold",12.940,5.9,Sort#4[Sort>Filter>GroupBy>Filter>DataFrameScan],,True,0.91,2.44,group_by:count+group_by:sum+top_k|numeric|memory,50000000,,,,
50000000,(b) filter + group-by 200 keys + sort desc + limit 10,"MetalEngine all, warm",10.656,3.7,Sort#4[Sort>Filter>GroupBy>Filter>DataFrameScan],,True,1.10,2.96,group_by:count+group_by:sum+top_k|numeric|memory,50000000,,,,
50000000,(b) filter + group-by 200 keys + sort desc + limit 10,"MetalEngine default, cold",32.009,189.3,,,True,0.37,0.99,,,"Sort#4: rule: top_k was not measured ahead of Polars up to 50,000,000 input rows (Benchmarks/results/polars_engine_crossover_2026-09-30-groupby.csv) | Filter#5: rule: estimated 191 groups over (region), a Chao1 estimate from a 512-row sample, 189 to 196: below the measured band for group_by:count at 50,000,000 input rows (taken at 3,163 to 3,162,277 groups; no count in the estimate's range is; Benchmarks/results/polars_engine_crossover_2026-09-30-groupby.csv) | GroupBy#7: rule: estimated 191 groups over (region), a Chao1 estimate from a 512-row sample, 189 to 196: below the measured band for group_by:count at 50,000,000 input rows (taken at 3,163 to 3,162,277 groups; no count in the estimate's range is; Benchmarks/results/polars_engine_crossover_2026-09-30-groupby.csv) | Filter#1: rule: rowwise was not measured ahead of Polars up to 50,000,000 input rows (Benchmarks/results/polars_engine_crossover_2026-09-30-groupby.csv)",,191;191,831;36
50000000,"(c) group-by (region, sub) mean + max",polars in-memory,187.577,2472.4,,,,,,,,,,,
50000000,"(c) group-by (region, sub) mean + max",polars streaming,32.020,469.0,,,,,,,,,,,
50000000,"(c) group-by (region, sub) mean + max","MetalEngine all, cold",22.201,8.2,GroupBy#1[GroupBy>DataFrameScan],,True,1.44,8.45,group_by_multi:mean+group_by_multi:minmax|numeric|memory,50000000,,10000,,
50000000,"(c) group-by (region, sub) mean + max","MetalEngine all, warm",17.863,4.1,GroupBy#1[GroupBy>DataFrameScan],,True,1.79,10.50,group_by_multi:mean+group_by_multi:minmax|numeric|memory,50000000,,10000,,
50000000,"(c) group-by (region, sub) mean + max","MetalEngine default, cold",22.655,8.8,GroupBy#1,,True,1.41,8.28,,,"GroupBy#1: 50,000,000 input rows is at or above the 50,000,000-row crossover for group_by_multi:mean at an estimated 6,444 groups over (region, sub), a Chao1 estimate from a 512-row sample, 4,328 to 12,376 (engine table, the 10,000-group bucket, Benchmarks/results/polars_engine_crossover_2026-09-30-groupby.csv)",10000,6444,146
50000000,(d) projection chain then filter,polars in-memory,206.348,206.4,,,,,,,,,,,
50000000,(d) projection chain then filter,polars streaming,14.622,215.8,,,,,,,,,,,
50000000,(d) projection chain then filter,"MetalEngine all, cold",36.610,5.1,Filter#2[Filter>Select>HStack>DataFrameScan],,True,0.40,5.64,rowwise|numeric|memory,50000000,,,,
50000000,(d) projection chain then filter,"MetalEngine all, warm",32.476,1.0,Filter#2[Filter>Select>HStack>DataFrameScan],,True,0.45,6.35,rowwise|numeric|memory,50000000,,,,
50000000,(d) projection chain then filter,"MetalEngine default, cold",178.647,178.7,,,True,0.08,1.16,,,"Filter#2: rule: rowwise was not measured ahead of Polars up to 50,000,000 input rows (Benchmarks/results/polars_engine_crossover_2026-09-30-groupby.csv) | Select#3: rule: rowwise was not measured ahead of Polars up to 50,000,000 input rows (Benchmarks/results/polars_engine_crossover_2026-09-30-groupby.csv) | HStack#6: rule: rowwise was not measured ahead of Polars up to 50,000,000 input rows (Benchmarks/results/polars_engine_crossover_2026-09-30-groupby.csv)",,,
50000000,(e) inner join then sum,polars in-memory,21.730,213.3,,,,,,,,,,,
50000000,(e) inner join then sum,polars streaming,8.234,109.4,,,,,,,,,,,
50000000,(e) inner join then sum,"MetalEngine all, cold",5.838,1.9,Select#3[Select>SimpleProjection>Join>DataFrameScan>DataFrameScan],,True,1.41,3.72,aggregate:sum+join:inner|numeric|memory,11000000,,,,
50000000,(e) inner join then sum,"MetalEngine all, warm",5.131,1.1,Select#3[Select>SimpleProjection>Join>DataFrameScan>DataFrameScan],,True,1.60,4.23,aggregate:sum+join:inner|numeric|memory,11000000,,,,
50000000,(e) inner join then sum,"MetalEngine default, cold",6.059,5.6,SimpleProjection#5,,True,1.36,3.59,,,"SimpleProjection#5: 11,000,000 input rows is at or above the 2,029,827-row crossover for join:inner (engine table, Benchmarks/results/polars_engine_crossover_2026-09-30-groupby.csv) | Select#3: rule: aggregate:sum was not measured ahead of Polars up to 50,000,000 input rows (Benchmarks/results/polars_engine_crossover_2026-09-30-groupby.csv)",,,
50000000,(f) semi join,polars in-memory,2.135,23.5,,,,,,,,,,,
50000000,(f) semi join,polars streaming,3.109,40.0,,,,,,,,,,,
50000000,(f) semi join,"MetalEngine all, cold",2.933,2.2,Join#2[Join>DataFrameScan>DataFrameScan],,True,0.73,0.73,join:semi|numeric|memory,10001000,,,,
50000000,(f) semi join,"MetalEngine all, warm",2.158,1.2,Join#2[Join>DataFrameScan>DataFrameScan],,True,0.99,0.99,join:semi|numeric|memory,10001000,,,,
50000000,(f) semi join,"MetalEngine default, cold",2.398,26.5,,,True,0.89,0.89,,,"Join#2: rule: join:semi was not measured ahead of Polars up to 51,000,000 input rows (Benchmarks/results/polars_engine_crossover_2026-09-30-groupby.csv)",,,
50000000,(g) row_number over partitions,polars in-memory,91.418,620.5,,,,,,,,,,,
50000000,(g) row_number over partitions,polars streaming,64.787,934.7,,,,,,,,,,,
50000000,(g) row_number over partitions,"MetalEngine all, cold",93.143,619.8,,HStack#1: Expression Window has no ArrowMetal translation.,True,0.70,0.98,,,,,,
50000000,(g) row_number over partitions,"MetalEngine all, warm",93.489,619.8,,HStack#1: Expression Window has no ArrowMetal translation.,True,0.69,0.98,,,,,,
50000000,(g) row_number over partitions,"MetalEngine default, cold",95.731,649.5,,,True,0.68,0.95,,,,,,
50000000,(h) as-of join,polars in-memory,153.972,154.1,,,,,,,,,,,
50000000,(h) as-of join,polars streaming,9.875,134.1,,,,,,,,,,,
50000000,(h) as-of join,"MetalEngine all, cold",155.264,155.4,,"Join#2: A AsOf join is not translated (inner, left, semi and anti are taken).",True,0.06,0.99,,,,,,
50000000,(h) as-of join,"MetalEngine all, warm",153.136,153.3,,"Join#2: A AsOf join is not translated (inner, left, semi and anti are taken).",True,0.06,1.01,,,,,,
50000000,(h) as-of join,"MetalEngine default, cold",156.296,156.4,,,True,0.06,0.99,,,,,,
50000000,"(i) group-by 1 key, 100 000 groups, sum",polars in-memory,92.196,1316.4,,,,,,,,,,,
50000000,"(i) group-by 1 key, 100 000 groups, sum",polars streaming,39.559,547.3,,,,,,,,,,,
50000000,"(i) group-by 1 key, 100 000 groups, sum","MetalEngine all, cold",14.459,6.0,GroupBy#1[GroupBy>DataFrameScan],,True,2.74,6.38,group_by:sum|numeric|memory,50000000,,100000,,
50000000,"(i) group-by 1 key, 100 000 groups, sum","MetalEngine all, warm",11.304,2.8,GroupBy#1[GroupBy>DataFrameScan],,True,3.50,8.16,group_by:sum|numeric|memory,50000000,,100000,,
50000000,"(i) group-by 1 key, 100 000 groups, sum","MetalEngine default, cold",14.566,6.1,GroupBy#1,,True,2.72,6.33,,,"GroupBy#1: 50,000,000 input rows is at or above the 5,252,956-row crossover for group_by:sum at an estimated 102,981 groups over (k1), a Chao1 estimate from a 2,048-row sample, 67,758 to 198,392 (engine table, the 100,000-group bucket, Benchmarks/results/polars_engine_crossover_2026-09-30-groupby.csv)",100000,102981,175
50000000,"(j) group-by (k1, k2), sum + count",polars in-memory,677.056,7925.7,,,,,,,,,,,
50000000,"(j) group-by (k1, k2), sum + count",polars streaming,244.101,3385.0,,,,,,,,,,,
50000000,"(j) group-by (k1, k2), sum + count","MetalEngine all, cold",431.321,119.1,GroupBy#1[GroupBy>DataFrameScan],,True,0.57,1.57,group_by_multi:count+group_by_multi:sum|numeric|memory,50000000,,39350475,,
50000000,"(j) group-by (k1, k2), sum + count","MetalEngine all, warm",431.220,115.7,GroupBy#1[GroupBy>DataFrameScan],,True,0.57,1.57,group_by_multi:count+group_by_multi:sum|numeric|memory,50000000,,39350475,,
50000000,"(j) group-by (k1, k2), sum + count","MetalEngine default, cold",682.652,8235.7,,,True,0.36,0.99,,,"GroupBy#1: rule: estimated 16,775,168 groups over (k1, k2), a Chao1 estimate from a 8,192-row sample, 5,597,184 to 50,000,000: above the measured band for group_by_multi:count at 50,000,000 input rows (taken at 1 to 3,162,277 groups; no count in the estimate's range is; Benchmarks/results/polars_engine_crossover_2026-09-30-groupby.csv)",39350475,16775168,4746
50000000,"(k) group-by (String, int32), sum",polars in-memory,375.952,5305.1,,,,,,,,,,,
50000000,"(k) group-by (String, int32), sum",polars streaming,142.417,2081.4,,,,,,,,,,,
50000000,"(k) group-by (String, int32), sum","MetalEngine all, cold",50.325,22.5,GroupBy#1[GroupBy>DataFrameScan],,True,2.83,7.47,group_by_multi:sum|string|memory,50000000,,1000000,,
50000000,"(k) group-by (String, int32), sum","MetalEngine all, warm",46.060,18.1,GroupBy#1[GroupBy>DataFrameScan],,True,3.09,8.16,group_by_multi:sum|string|memory,50000000,,1000000,,
50000000,"(k) group-by (String, int32), sum","MetalEngine default, cold",50.984,23.2,GroupBy#1,,True,2.79,7.37,,,"GroupBy#1: 50,000,000 input rows is at or above the 9,744,372-row crossover for group_by_multi:sum with a String column at an estimated 1,009,012 groups over (name, k2), a Chao1 estimate from a 8,192-row sample, 721,299 to 1,604,779 (engine table, the 1,000,000-group bucket, Benchmarks/results/polars_engine_crossover_2026-09-30-groupby.csv)",1000000,1009012,3493
50000000,"(l) group-by (region, sub), Float64 sum + mean",polars in-memory,220.164,2544.7,,,,,,,,,,,
50000000,"(l) group-by (region, sub), Float64 sum + mean",polars streaming,34.429,498.2,,,,,,,,,,,
50000000,"(l) group-by (region, sub), Float64 sum + mean","MetalEngine all, cold",29.814,7.3,GroupBy#2[GroupBy>HStack>DataFrameScan],,True,1.15,7.38,group_by_multi:mean+group_by_multi:sum|numeric|memory,50000000,,10000,,
50000000,"(l) group-by (region, sub), Float64 sum + mean","MetalEngine all, warm",26.523,4.0,GroupBy#2[GroupBy>HStack>DataFrameScan],,True,1.30,8.30,group_by_multi:mean+group_by_multi:sum|numeric|memory,50000000,,10000,,
50000000,"(l) group-by (region, sub), Float64 sum + mean","MetalEngine default, cold",29.810,7.3,GroupBy#2,,True,1.15,7.39,,,"GroupBy#2: 50,000,000 input rows is at or above the 50,000,000-row crossover for group_by_multi:mean at an estimated 6,444 groups over (region, sub), a Chao1 estimate from a 512-row sample, 4,328 to 12,376 (engine table, the 10,000-group bucket, Benchmarks/results/polars_engine_crossover_2026-09-30-groupby.csv)",10000,6444,104
50000000,(m) sort 3 columns by an int64 key,polars in-memory,391.381,4711.1,,,,,,,,,,,
50000000,(m) sort 3 columns by an int64 key,polars streaming,154.365,2067.4,,,,,,,,,,,
50000000,(m) sort 3 columns by an int64 key,"MetalEngine all, cold",53.128,7.2,Sort#2[Sort>DataFrameScan],,True,2.91,7.37,sort|numeric|memory,50000000,,,,
50000000,(m) sort 3 columns by an int64 key,"MetalEngine all, warm",47.469,1.4,Sort#2[Sort>DataFrameScan],,True,3.25,8.25,sort|numeric|memory,50000000,,,,
50000000,(m) sort 3 columns by an int64 key,"MetalEngine default, cold",53.577,7.5,Sort#2,,True,2.88,7.31,,,"Sort#2: 50,000,000 input rows is at or above the 1,000,000-row crossover for sort (crossover sweep, argsort int64, argsort float64, lexsort (2 int32 keys), Benchmarks/results/router_2026-09-24.json)",,,
50000000,"(n) top 100 by Float64, descending",polars in-memory,382.484,382.8,,,,,,,,,,,
50000000,"(n) top 100 by Float64, descending",polars streaming,9.123,127.8,,,,,,,,,,,
50000000,"(n) top 100 by Float64, descending","MetalEngine all, cold",10.409,7.0,Sort#3[Sort>Filter>DataFrameScan],,True,0.88,36.74,top_k|numeric|memory,50000000,,,,
50000000,"(n) top 100 by Float64, descending","MetalEngine all, warm",5.690,2.1,Sort#3[Sort>Filter>DataFrameScan],,True,1.60,67.22,top_k|numeric|memory,50000000,,,,
50000000,"(n) top 100 by Float64, descending","MetalEngine default, cold",396.363,396.6,,,True,0.02,0.96,,,"Sort#3: rule: top_k was not measured ahead of Polars up to 50,000,000 input rows (Benchmarks/results/polars_engine_crossover_2026-09-30-groupby.csv)",,,
50000000,"(o) sort with a String column, by an int64 key",polars in-memory,408.289,4771.1,,,,,,,,,,,
50000000,"(o) sort with a String column, by an int64 key",polars streaming,217.884,2926.3,,,,,,,,,,,
50000000,"(o) sort with a String column, by an int64 key","MetalEngine all, cold",243.327,170.9,Sort#2[Sort>DataFrameScan],,True,0.90,1.68,sort|string|memory,50000000,,,,
50000000,"(o) sort with a String column, by an int64 key","MetalEngine all, warm",238.626,170.7,Sort#2[Sort>DataFrameScan],,True,0.91,1.71,sort|string|memory,50000000,,,,
50000000,"(o) sort with a String column, by an int64 key","MetalEngine default, cold",244.765,172.8,Sort#2,,True,0.89,1.67,,,"Sort#2: 50,000,000 input rows is at or above the 5,000,000-row crossover for sort with a String column (engine table, Benchmarks/results/polars_engine_crossover_2026-09-30-groupby.csv)",,,
50000000,"(p) filter, then sort by (int32 asc, nullable Float64 desc)",polars in-memory,1018.650,12583.9,,,,,,,,,,,
50000000,"(p) filter, then sort by (int32 asc, nullable Float64 desc)",polars streaming,874.336,12553.5,,,,,,,,,,,
50000000,"(p) filter, then sort by (int32 asc, nullable Float64 desc)","MetalEngine all, cold",328.400,174.3,Sort#3[Sort>HStack>Filter>DataFrameScan],,True,2.66,3.10,sort|string|memory,50000000,,,,
50000000,"(p) filter, then sort by (int32 asc, nullable Float64 desc)","MetalEngine all, warm",311.492,157.3,Sort#3[Sort>HStack>Filter>DataFrameScan],,True,2.81,3.27,sort|string|memory,50000000,,,,
50000000,"(p) filter, then sort by (int32 asc, nullable Float64 desc)","MetalEngine default, cold",317.715,169.2,Sort#3,,True,2.75,3.21,,,"Sort#3: 50,000,000 input rows is at or above the 5,000,000-row crossover for sort with a String column (engine table, Benchmarks/results/polars_engine_crossover_2026-09-30-groupby.csv)",,,
50000000,"(q) filter, then sort by (int32 asc, int64 desc)",polars in-memory,716.276,8854.5,,,,,,,,,,,
50000000,"(q) filter, then sort by (int32 asc, int64 desc)",polars streaming,719.127,10578.1,,,,,,,,,,,
50000000,"(q) filter, then sort by (int32 asc, int64 desc)","MetalEngine all, cold",90.828,10.7,Sort#3[Sort>Filter>DataFrameScan],,True,7.89,7.89,sort|numeric|memory,50000000,,,,
50000000,"(q) filter, then sort by (int32 asc, int64 desc)","MetalEngine all, warm",82.251,2.7,Sort#3[Sort>Filter>DataFrameScan],,True,8.71,8.71,sort|numeric|memory,50000000,,,,
50000000,"(q) filter, then sort by (int32 asc, int64 desc)","MetalEngine default, cold",90.860,10.5,Sort#3,,True,7.88,7.88,,,"Sort#3: 50,000,000 input rows is at or above the 1,000,000-row crossover for sort (crossover sweep, argsort int64, argsort float64, lexsort (2 int32 keys), Benchmarks/results/router_2026-09-24.json)",,,
50000000,"(r) unique over (region, sub), keep first",polars in-memory,145.001,1849.0,,,,,,,,,,,
50000000,"(r) unique over (region, sub), keep first",polars streaming,38.300,559.5,,,,,,,,,,,
50000000,"(r) unique over (region, sub), keep first","MetalEngine all, cold",15.604,11.0,Distinct#1[Distinct>DataFrameScan],,True,2.45,9.29,distinct|numeric|memory,50000000,,,,
50000000,"(r) unique over (region, sub), keep first","MetalEngine all, warm",7.805,3.1,Distinct#1[Distinct>DataFrameScan],,True,4.91,18.58,distinct|numeric|memory,50000000,,,,
50000000,"(r) unique over (region, sub), keep first","MetalEngine default, cold",15.110,10.3,Distinct#1,,True,2.53,9.60,,,"Distinct#1: 50,000,000 input rows is at or above the 5,494,090-row crossover for distinct (engine table, Benchmarks/results/polars_engine_crossover_2026-09-30-groupby.csv)",,,
50000000,"(r2) unique over (region, sub), keep any",polars in-memory,159.095,1941.4,,,,,,,,,,,
50000000,"(r2) unique over (region, sub), keep any",polars streaming,38.898,562.8,,,,,,,,,,,
50000000,"(r2) unique over (region, sub), keep any","MetalEngine all, cold",15.330,10.8,Distinct#1[Distinct>DataFrameScan],,True,2.54,10.38,distinct|numeric|memory,50000000,,,,
50000000,"(r2) unique over (region, sub), keep any","MetalEngine all, warm",7.875,3.1,Distinct#1[Distinct>DataFrameScan],,True,4.94,20.20,distinct|numeric|memory,50000000,,,,
50000000,"(r2) unique over (region, sub), keep any","MetalEngine default, cold",15.009,10.4,Distinct#1,,True,2.59,10.60,,,"Distinct#1: 50,000,000 input rows is at or above the 5,494,090-row crossover for distinct (engine table, Benchmarks/results/polars_engine_crossover_2026-09-30-groupby.csv)",,,
50000000,(a2) filtered min + max,polars in-memory,16.208,29.5,,,,,,,,,,,
50000000,(a2) filtered min + max,polars streaming,3.565,51.1,,,,,,,,,,,
50000000,(a2) filtered min + max,"MetalEngine all, cold",9.601,5.9,Select#3[Select>SimpleProjection>Filter>DataFrameScan],,True,0.37,1.69,aggregate:minmax|numeric|memory,50000000,,,,
50000000,(a2) filtered min + max,"MetalEngine all, warm",4.842,1.1,Select#3[Select>SimpleProjection>Filter>DataFrameScan],,True,0.74,3.35,aggregate:minmax|numeric|memory,50000000,,,,
50000000,(a2) filtered min + max,"MetalEngine default, cold",16.591,30.4,,,True,0.21,0.98,,,"Select#3: rule: aggregate:minmax was not measured ahead of Polars up to 50,000,000 input rows (Benchmarks/results/polars_engine_crossover_2026-09-30-groupby.csv) | SimpleProjection#6: rule: rowwise was not measured ahead of Polars up to 50,000,000 input rows (Benchmarks/results/polars_engine_crossover_2026-09-30-groupby.csv) | Filter#2: rule: rowwise was not measured ahead of Polars up to 50,000,000 input rows (Benchmarks/results/polars_engine_crossover_2026-09-30-groupby.csv)",,,
50000000,(a3) filtered mean,polars in-memory,16.048,26.3,,,,,,,,,,,
50000000,(a3) filtered mean,polars streaming,3.560,51.1,,,,,,,,,,,
50000000,(a3) filtered mean,"MetalEngine all, cold",15.759,5.9,Select#3[Select>SimpleProjection>Filter>DataFrameScan],,True,0.23,1.02,aggregate:mean|numeric|memory,50000000,,,,
50000000,(a3) filtered mean,"MetalEngine all, warm",10.717,0.8,Select#3[Select>SimpleProjection>Filter>DataFrameScan],,True,0.33,1.50,aggregate:mean|numeric|memory,50000000,,,,
50000000,(a3) filtered mean,"MetalEngine default, cold",16.419,26.6,,,True,0.22,0.98,,,"Select#3: rule: aggregate:mean was not measured ahead of Polars up to 50,000,000 input rows (Benchmarks/results/polars_engine_crossover_2026-09-30-groupby.csv) | SimpleProjection#6: rule: rowwise was not measured ahead of Polars up to 50,000,000 input rows (Benchmarks/results/polars_engine_crossover_2026-09-30-groupby.csv) | Filter#2: rule: rowwise was not measured ahead of Polars up to 50,000,000 input rows (Benchmarks/results/polars_engine_crossover_2026-09-30-groupby.csv)",,,
50000000,(a4) filtered count,polars in-memory,8.617,10.7,,,,,,,,,,,
50000000,(a4) filtered count,polars streaming,2.257,31.9,,,,,,,,,,,
50000000,(a4) filtered count,"MetalEngine all, cold",5.413,4.1,Select#3[Select>DataFrameScan],,True,0.42,1.59,aggregate:sum|numeric|memory,50000000,,,,
50000000,(a4) filtered count,"MetalEngine all, warm",1.833,0.8,Select#3[Select>DataFrameScan],,True,1.23,4.70,aggregate:sum|numeric|memory,50000000,,,,
50000000,(a4) filtered count,"MetalEngine default, cold",8.994,10.1,,,True,0.25,0.96,,,"Select#3: rule: aggregate:sum was not measured ahead of Polars up to 50,000,000 input rows (Benchmarks/results/polars_engine_crossover_2026-09-30-groupby.csv)",,,
50000000,"(t1) group-by 1 key, 200 groups, sum",polars in-memory,14.788,218.3,,,,,,,,,,,
50000000,"(t1) group-by 1 key, 200 groups, sum",polars streaming,14.427,216.2,,,,,,,,,,,
50000000,"(t1) group-by 1 key, 200 groups, sum","MetalEngine all, cold",12.541,7.1,GroupBy#1[GroupBy>DataFrameScan],,True,1.15,1.18,group_by:sum|numeric|memory,50000000,,200,,
50000000,"(t1) group-by 1 key, 200 groups, sum","MetalEngine all, warm",6.829,2.6,GroupBy#1[GroupBy>DataFrameScan],,True,2.11,2.17,group_by:sum|numeric|memory,50000000,,200,,
50000000,"(t1) group-by 1 key, 200 groups, sum","MetalEngine default, cold",13.609,197.0,,,True,1.06,1.09,,,"GroupBy#1: rule: estimated 191 groups over (region), a Chao1 estimate from a 512-row sample, 189 to 196: below the measured band for group_by:sum at 50,000,000 input rows (taken at 3,163 to 3,162,277 groups; no count in the estimate's range is; Benchmarks/results/polars_engine_crossover_2026-09-30-groupby.csv)",200,191,89
50000000,"(t2) group-by 1 key, 200 groups, count",polars in-memory,13.541,196.6,,,,,,,,,,,
50000000,"(t2) group-by 1 key, 200 groups, count",polars streaming,14.058,205.1,,,,,,,,,,,
50000000,"(t2) group-by 1 key, 200 groups, count","MetalEngine all, cold",6.985,3.8,GroupBy#1[GroupBy>DataFrameScan],,True,1.94,1.94,group_by:count|numeric|memory,50000000,,200,,
50000000,"(t2) group-by 1 key, 200 groups, count","MetalEngine all, warm",6.004,2.4,GroupBy#1[GroupBy>DataFrameScan],,True,2.26,2.26,group_by:count|numeric|memory,50000000,,200,,
50000000,"(t2) group-by 1 key, 200 groups, count","MetalEngine default, cold",12.122,176.8,,,True,1.12,1.12,,,"GroupBy#1: rule: estimated 191 groups over (region), a Chao1 estimate from a 512-row sample, 189 to 196: below the measured band for group_by:count at 50,000,000 input rows (taken at 3,163 to 3,162,277 groups; no count in the estimate's range is; Benchmarks/results/polars_engine_crossover_2026-09-30-groupby.csv)",200,191,80
50000000,"(t3) group-by 1 key, 200 groups, mean",polars in-memory,15.432,211.5,,,,,,,,,,,
50000000,"(t3) group-by 1 key, 200 groups, mean",polars streaming,15.633,233.8,,,,,,,,,,,
50000000,"(t3) group-by 1 key, 200 groups, mean","MetalEngine all, cold",11.729,7.0,GroupBy#1[GroupBy>DataFrameScan],,True,1.32,1.32,group_by:mean|numeric|memory,50000000,,200,,
50000000,"(t3) group-by 1 key, 200 groups, mean","MetalEngine all, warm",7.396,2.8,GroupBy#1[GroupBy>DataFrameScan],,True,2.09,2.09,group_by:mean|numeric|memory,50000000,,200,,
50000000,"(t3) group-by 1 key, 200 groups, mean","MetalEngine default, cold",13.556,194.0,,,True,1.14,1.14,,,"GroupBy#1: rule: estimated 191 groups over (region), a Chao1 estimate from a 512-row sample, 189 to 196: below the measured band for group_by:mean at 50,000,000 input rows (taken at 3,163 to 3,162,277 groups; no count in the estimate's range is; Benchmarks/results/polars_engine_crossover_2026-09-30-groupby.csv)",200,191,73
50000000,"(t4) group-by 1 key, 200 groups, min + max",polars in-memory,18.734,267.5,,,,,,,,,,,
50000000,"(t4) group-by 1 key, 200 groups, min + max",polars streaming,19.483,293.4,,,,,,,,,,,
50000000,"(t4) group-by 1 key, 200 groups, min + max","MetalEngine all, cold",11.785,7.0,GroupBy#1[GroupBy>DataFrameScan],,True,1.59,1.59,group_by:minmax|numeric|memory,50000000,,200,,
50000000,"(t4) group-by 1 key, 200 groups, min + max","MetalEngine all, warm",7.241,2.4,GroupBy#1[GroupBy>DataFrameScan],,True,2.59,2.59,group_by:minmax|numeric|memory,50000000,,200,,
50000000,"(t4) group-by 1 key, 200 groups, min + max","MetalEngine default, cold",11.481,6.6,GroupBy#1,,True,1.63,1.63,,,"GroupBy#1: 50,000,000 input rows is at or above the 19,740,807-row crossover for group_by:minmax at an estimated 191 groups over (region), a Chao1 estimate from a 512-row sample, 189 to 196 (engine table, the 200-group bucket, Benchmarks/results/polars_engine_crossover_2026-09-30-groupby.csv)",200,191,78
50000000,"(t5) group-by 1 key, 100 000 groups, count",polars in-memory,73.988,1065.1,,,,,,,,,,,
50000000,"(t5) group-by 1 key, 100 000 groups, count",polars streaming,39.080,543.4,,,,,,,,,,,
50000000,"(t5) group-by 1 key, 100 000 groups, count","MetalEngine all, cold",9.582,3.8,GroupBy#1[GroupBy>DataFrameScan],,True,4.08,7.72,group_by:count|numeric|memory,50000000,,100000,,
50000000,"(t5) group-by 1 key, 100 000 groups, count","MetalEngine all, warm",8.437,2.5,GroupBy#1[GroupBy>DataFrameScan],,True,4.63,8.77,group_by:count|numeric|memory,50000000,,100000,,
50000000,"(t5) group-by 1 key, 100 000 groups, count","MetalEngine default, cold",9.914,4.1,GroupBy#1,,True,3.94,7.46,,,"GroupBy#1: 50,000,000 input rows is at or above the 3,801,232-row crossover for group_by:count at an estimated 102,981 groups over (k1), a Chao1 estimate from a 2,048-row sample, 67,758 to 198,392 (engine table, the 100,000-group bucket, Benchmarks/results/polars_engine_crossover_2026-09-30-groupby.csv)",100000,102981,145
50000000,"(t6) group-by 1 key, 100 000 groups, mean",polars in-memory,100.729,1473.8,,,,,,,,,,,
50000000,"(t6) group-by 1 key, 100 000 groups, mean",polars streaming,49.829,680.4,,,,,,,,,,,
50000000,"(t6) group-by 1 key, 100 000 groups, mean","MetalEngine all, cold",16.175,7.0,GroupBy#1[GroupBy>DataFrameScan],,True,3.08,6.23,group_by:mean|numeric|memory,50000000,,100000,,
50000000,"(t6) group-by 1 key, 100 000 groups, mean","MetalEngine all, warm",12.068,2.8,GroupBy#1[GroupBy>DataFrameScan],,True,4.13,8.35,group_by:mean|numeric|memory,50000000,,100000,,
50000000,"(t6) group-by 1 key, 100 000 groups, mean","MetalEngine default, cold",16.005,6.8,GroupBy#1,,True,3.11,6.29,,,"GroupBy#1: 50,000,000 input rows is at or above the 2,524,249-row crossover for group_by:mean at an estimated 102,981 groups over (k1), a Chao1 estimate from a 2,048-row sample, 67,758 to 198,392 (engine table, the 100,000-group bucket, Benchmarks/results/polars_engine_crossover_2026-09-30-groupby.csv)",100000,102981,131
50000000,"(t7) group-by 1 key, 100 000 groups, min + max",polars in-memory,120.133,1780.5,,,,,,,,,,,
50000000,"(t7) group-by 1 key, 100 000 groups, min + max",polars streaming,60.367,825.5,,,,,,,,,,,
50000000,"(t7) group-by 1 key, 100 000 groups, min + max","MetalEngine all, cold",16.852,6.0,GroupBy#1[GroupBy>DataFrameScan],,True,3.58,7.13,group_by:minmax|numeric|memory,50000000,,100000,,
50000000,"(t7) group-by 1 key, 100 000 groups, min + max","MetalEngine all, warm",13.280,2.5,GroupBy#1[GroupBy>DataFrameScan],,True,4.55,9.05,group_by:minmax|numeric|memory,50000000,,100000,,
50000000,"(t7) group-by 1 key, 100 000 groups, min + max","MetalEngine default, cold",16.776,6.0,GroupBy#1,,True,3.60,7.16,,,"GroupBy#1: 50,000,000 input rows is at or above the 2,184,147-row crossover for group_by:minmax at an estimated 102,981 groups over (k1), a Chao1 estimate from a 2,048-row sample, 67,758 to 198,392 (engine table, the 100,000-group bucket, Benchmarks/results/polars_engine_crossover_2026-09-30-groupby.csv)",100000,102981,182
50000000,"(v1) group-by (region, sub), sum",polars in-memory,192.708,2558.4,,,,,,,,,,,
50000000,"(v1) group-by (region, sub), sum",polars streaming,31.671,444.5,,,,,,,,,,,
50000000,"(v1) group-by (region, sub), sum","MetalEngine all, cold",17.691,9.1,GroupBy#1[GroupBy>DataFrameScan],,True,1.79,10.89,group_by_multi:sum|numeric|memory,50000000,,10000,,
50000000,"(v1) group-by (region, sub), sum","MetalEngine all, warm",12.071,3.5,GroupBy#1[GroupBy>DataFrameScan],,True,2.62,15.96,group_by_multi:sum|numeric|memory,50000000,,10000,,
50000000,"(v1) group-by (region, sub), sum","MetalEngine default, cold",17.684,9.1,GroupBy#1,,True,1.79,10.90,,,"GroupBy#1: 50,000,000 input rows is at or above the 2,777,623-row crossover for group_by_multi:sum at an estimated 6,444 groups over (region, sub), a Chao1 estimate from a 512-row sample, 4,328 to 12,376 (engine table, the 10,000-group bucket, Benchmarks/results/polars_engine_crossover_2026-09-30-groupby.csv)",10000,6444,101
50000000,"(v2) group-by (region, sub), count",polars in-memory,168.669,2092.4,,,,,,,,,,,
50000000,"(v2) group-by (region, sub), count",polars streaming,32.945,447.5,,,,,,,,,,,
50000000,"(v2) group-by (region, sub), count","MetalEngine all, cold",11.967,6.0,GroupBy#1[GroupBy>DataFrameScan],,True,2.75,14.09,group_by_multi:count|numeric|memory,50000000,,10000,,
50000000,"(v2) group-by (region, sub), count","MetalEngine all, warm",9.233,3.3,GroupBy#1[GroupBy>DataFrameScan],,True,3.57,18.27,group_by_multi:count|numeric|memory,50000000,,10000,,
50000000,"(v2) group-by (region, sub), count","MetalEngine default, cold",11.890,6.0,GroupBy#1,,True,2.77,14.19,,,"GroupBy#1: 50,000,000 input rows is at or above the 1,082,526-row crossover for group_by_multi:count at an estimated 6,444 groups over (region, sub), a Chao1 estimate from a 512-row sample, 4,328 to 12,376 (engine table, the 10,000-group bucket, Benchmarks/results/polars_engine_crossover_2026-09-30-groupby.csv)",10000,6444,108
50000000,"(v3) group-by (k1, k2), mean",polars in-memory,691.601,8488.0,,,,,,,,,,,
50000000,"(v3) group-by (k1, k2), mean",polars streaming,250.403,3363.5,,,,,,,,,,,
50000000,"(v3) group-by (k1, k2), mean","MetalEngine all, cold",316.171,38.6,GroupBy#1[GroupBy>DataFrameScan],,True,0.79,2.19,group_by_multi:mean|numeric|memory,50000000,,39350475,,
50000000,"(v3) group-by (k1, k2), mean","MetalEngine all, warm",310.725,32.4,GroupBy#1[GroupBy>DataFrameScan],,True,0.81,2.23,group_by_multi:mean|numeric|memory,50000000,,39350475,,
50000000,"(v3) group-by (k1, k2), mean","MetalEngine default, cold",708.795,8502.2,,,True,0.35,0.98,,,"GroupBy#1: rule: estimated 16,775,168 groups over (k1, k2), a Chao1 estimate from a 8,192-row sample, 5,597,184 to 50,000,000: above the measured band for group_by_multi:mean at 50,000,000 input rows (taken at 1 to 3,162,277 groups; no count in the estimate's range is; Benchmarks/results/polars_engine_crossover_2026-09-30-groupby.csv)",39350475,16775168,9954
50000000,"(v4) group-by (k1, k2), min + max",polars in-memory,717.926,8930.3,,,,,,,,,,,
50000000,"(v4) group-by (k1, k2), min + max",polars streaming,278.378,3790.6,,,,,,,,,,,
50000000,"(v4) group-by (k1, k2), min + max","MetalEngine all, cold",295.024,36.2,GroupBy#1[GroupBy>DataFrameScan],,True,0.94,2.43,group_by_multi:minmax|numeric|memory,50000000,,39350475,,
50000000,"(v4) group-by (k1, k2), min + max","MetalEngine all, warm",288.412,29.3,GroupBy#1[GroupBy>DataFrameScan],,True,0.97,2.49,group_by_multi:minmax|numeric|memory,50000000,,39350475,,
50000000,"(v4) group-by (k1, k2), min + max","MetalEngine default, cold",714.458,8997.5,,,True,0.39,1.00,,,"GroupBy#1: rule: estimated 16,775,168 groups over (k1, k2), a Chao1 estimate from a 8,192-row sample, 5,597,184 to 50,000,000: above the measured band for group_by_multi:minmax at 50,000,000 input rows (taken at 1 to 3,162,277 groups; no count in the estimate's range is; Benchmarks/results/polars_engine_crossover_2026-09-30-groupby.csv)",39350475,16775168,9440
50000000,"(w1) inner join, 1M-row build side",polars in-memory,100.203,1080.2,,,,,,,,,,,
50000000,"(w1) inner join, 1M-row build side",polars streaming,56.374,812.9,,,,,,,,,,,
50000000,"(w1) inner join, 1M-row build side","MetalEngine all, cold",22.497,4.8,Join#2[Join>DataFrameScan>DataFrameScan],,True,2.51,4.45,join:inner|numeric|memory,51000000,,,,
50000000,"(w1) inner join, 1M-row build side","MetalEngine all, warm",18.797,1.0,Join#2[Join>DataFrameScan>DataFrameScan],,True,3.00,5.33,join:inner|numeric|memory,51000000,,,,
50000000,"(w1) inner join, 1M-row build side","MetalEngine default, cold",22.508,4.8,Join#2,,True,2.50,4.45,,,"Join#2: 51,000,000 input rows is at or above the 2,029,827-row crossover for join:inner (engine table, Benchmarks/results/polars_engine_crossover_2026-09-30-groupby.csv)",,,
50000000,"(w2) left join, 1M-row build side",polars in-memory,253.056,1359.9,,,,,,,,,,,
50000000,"(w2) left join, 1M-row build side",polars streaming,71.883,1065.8,,,,,,,,,,,
50000000,"(w2) left join, 1M-row build side","MetalEngine all, cold",25.962,6.2,Join#2[Join>DataFrameScan>DataFrameScan],,True,2.77,9.75,join:left|numeric|memory,51000000,,,,
50000000,"(w2) left join, 1M-row build side","MetalEngine all, warm",21.756,2.0,Join#2[Join>DataFrameScan>DataFrameScan],,True,3.30,11.63,join:left|numeric|memory,51000000,,,,
50000000,"(w2) left join, 1M-row build side","MetalEngine default, cold",25.951,6.1,Join#2,,True,2.77,9.75,,,"Join#2: 51,000,000 input rows is at or above the 1,875,000-row crossover for join:left (engine table, Benchmarks/results/polars_engine_crossover_2026-09-30-groupby.csv)",,,
50000000,"(w3) semi join, 1M-row build side",polars in-memory,68.317,827.7,,,,,,,,,,,
50000000,"(w3) semi join, 1M-row build side",polars streaming,43.693,609.9,,,,,,,,,,,
50000000,"(w3) semi join, 1M-row build side","MetalEngine all, cold",24.847,6.1,Join#2[Join>DataFrameScan>DataFrameScan],,True,1.76,2.75,join:semi|numeric|memory,51000000,,,,
50000000,"(w3) semi join, 1M-row build side","MetalEngine all, warm",21.112,2.4,Join#2[Join>DataFrameScan>DataFrameScan],,True,2.07,3.24,join:semi|numeric|memory,51000000,,,,
50000000,"(w3) semi join, 1M-row build side","MetalEngine default, cold",69.686,821.3,,,True,0.63,0.98,,,"Join#2: rule: join:semi was not measured ahead of Polars up to 51,000,000 input rows (Benchmarks/results/polars_engine_crossover_2026-09-30-groupby.csv)",,,
50000000,"(w4) anti join, 1M-row build side",polars in-memory,67.651,796.4,,,,,,,,,,,
50000000,"(w4) anti join, 1M-row build side",polars streaming,44.978,638.1,,,,,,,,,,,
50000000,"(w4) anti join, 1M-row build side","MetalEngine all, cold",25.006,6.1,Join#2[Join>DataFrameScan>DataFrameScan],,True,1.80,2.71,join:anti|numeric|memory,51000000,,,,
50000000,"(w4) anti join, 1M-row build side","MetalEngine all, warm",21.142,2.4,Join#2[Join>DataFrameScan>DataFrameScan],,True,2.13,3.20,join:anti|numeric|memory,51000000,,,,
50000000,"(w4) anti join, 1M-row build side","MetalEngine default, cold",25.521,6.8,Join#2,,True,1.76,2.65,,,"Join#2: 51,000,000 input rows is at or above the 3,727,959-row crossover for join:anti (engine table, Benchmarks/results/polars_engine_crossover_2026-09-30-groupby.csv)",,,
50000000,"(x1) unique over (k1, k2), keep first",polars in-memory,763.287,7611.8,,,,,,,,,,,
50000000,"(x1) unique over (k1, k2), keep first",polars streaming,367.476,5161.1,,,,,,,,,,,
50000000,"(x1) unique over (k1, k2), keep first","MetalEngine all, cold",241.713,37.0,Distinct#2[Distinct>DataFrameScan],,True,1.52,3.16,distinct|numeric|memory,50000000,,,,
50000000,"(x1) unique over (k1, k2), keep first","MetalEngine all, warm",234.882,30.3,Distinct#2[Distinct>DataFrameScan],,True,1.56,3.25,distinct|numeric|memory,50000000,,,,
50000000,"(x1) unique over (k1, k2), keep first","MetalEngine default, cold",241.567,36.7,Distinct#2,,True,1.52,3.16,,,"Distinct#2: 50,000,000 input rows is at or above the 5,494,090-row crossover for distinct (engine table, Benchmarks/results/polars_engine_crossover_2026-09-30-groupby.csv)",,,
50000000,"(x2) sort by a nullable Float64 key, descending",polars in-memory,550.980,6338.6,,,,,,,,,,,
50000000,"(x2) sort by a nullable Float64 key, descending",polars streaming,165.566,2143.3,,,,,,,,,,,
50000000,"(x2) sort by a nullable Float64 key, descending","MetalEngine all, cold",94.364,11.8,Sort#2[Sort>Select>DataFrameScan],,True,1.75,5.84,sort|numeric|memory,50000000,,,,
50000000,"(x2) sort by a nullable Float64 key, descending","MetalEngine all, warm",87.236,3.4,Sort#2[Sort>Select>DataFrameScan],,True,1.90,6.32,sort|numeric|memory,50000000,,,,
50000000,"(x2) sort by a nullable Float64 key, descending","MetalEngine default, cold",96.039,11.9,Sort#2,,True,1.72,5.74,,,"Sort#2: 50,000,000 input rows is at or above the 1,000,000-row crossover for sort (crossover sweep, argsort int64, argsort float64, lexsort (2 int32 keys), Benchmarks/results/router_2026-09-24.json)",,,
50000000,(x3) top 100 by an int64 key,polars in-memory,411.661,411.9,,,,,,,,,,,
50000000,(x3) top 100 by an int64 key,polars streaming,10.932,126.4,,,,,,,,,,,
50000000,(x3) top 100 by an int64 key,"MetalEngine all, cold",14.024,8.8,Sort#3[Sort>Filter>DataFrameScan],,True,0.78,29.35,top_k|numeric|memory,50000000,,,,
50000000,(x3) top 100 by an int64 key,"MetalEngine all, warm",8.554,3.2,Sort#3[Sort>Filter>DataFrameScan],,True,1.28,48.13,top_k|numeric|memory,50000000,,,,
50000000,(x3) top 100 by an int64 key,"MetalEngine default, cold",396.083,396.4,,,True,0.03,1.04,,,"Sort#3: rule: top_k was not measured ahead of Polars up to 50,000,000 input rows (Benchmarks/results/polars_engine_crossover_2026-09-30-groupby.csv)",,,
50000000,"(x4) top 100 by a nullable Float64 key, descending",polars in-memory,405.863,406.3,,,,,,,,,,,
50000000,"(x4) top 100 by a nullable Float64 key, descending",polars streaming,9.645,143.4,,,,,,,,,,,
50000000,"(x4) top 100 by a nullable Float64 key, descending","MetalEngine all, cold",10.295,8.3,Sort#3[Sort>Filter>Select>DataFrameScan],,True,0.94,39.42,top_k|numeric|memory,50000000,,,,
50000000,"(x4) top 100 by a nullable Float64 key, descending","MetalEngine all, warm",3.514,1.3,Sort#3[Sort>Filter>Select>DataFrameScan],,True,2.74,115.49,top_k|numeric|memory,50000000,,,,
50000000,"(x4) top 100 by a nullable Float64 key, descending","MetalEngine default, cold",397.986,398.2,,,True,0.02,1.02,,,"Sort#3: rule: top_k was not measured ahead of Polars up to 50,000,000 input rows (Benchmarks/results/polars_engine_crossover_2026-09-30-groupby.csv) | Filter#4: rule: rowwise was not measured ahead of Polars up to 50,000,000 input rows (Benchmarks/results/polars_engine_crossover_2026-09-30-groupby.csv) | Select#5: rule: rowwise was not measured ahead of Polars up to 50,000,000 input rows (Benchmarks/results/polars_engine_crossover_2026-09-30-groupby.csv)",,,
50000000,"(y1) group-by a String key (1000 values), sum",polars in-memory,168.701,1900.7,,,,,,,,,,,
50000000,"(y1) group-by a String key (1000 values), sum",polars streaming,28.651,433.6,,,,,,,,,,,
50000000,"(y1) group-by a String key (1000 values), sum","MetalEngine all, cold",30.213,15.0,GroupBy#1[GroupBy>DataFrameScan],,True,0.95,5.58,group_by:sum|string|memory,50000000,,1000,,
50000000,"(y1) group-by a String key (1000 values), sum","MetalEngine all, warm",26.381,11.1,GroupBy#1[GroupBy>DataFrameScan],,True,1.09,6.39,group_by:sum|string|memory,50000000,,1000,,
50000000,"(y1) group-by a String key (1000 values), sum","MetalEngine default, cold",175.268,1989.7,,,True,0.16,0.96,,,"GroupBy#1: rule: group_by:sum with a String column was not measured ahead of Polars at any group count (group_by:sum with a String column was not measured ahead of Polars up to 50,000,000 input rows (Benchmarks/results/polars_engine_crossover_2026-09-30-groupby.csv))",1000,,
50000000,(y2) filter by a String equality,polars in-memory,22.586,24.3,,,,,,,,,,,
50000000,(y2) filter by a String equality,polars streaming,3.334,32.3,,,,,,,,,,,
50000000,(y2) filter by a String equality,"MetalEngine all, cold",18.698,13.4,Filter#2[Filter>DataFrameScan],,True,0.18,1.21,rowwise|string|memory,50000000,,,,
50000000,(y2) filter by a String equality,"MetalEngine all, warm",15.875,10.0,Filter#2[Filter>DataFrameScan],,True,0.21,1.42,rowwise|string|memory,50000000,,,,
50000000,(y2) filter by a String equality,"MetalEngine default, cold",22.773,24.5,,,True,0.15,0.99,,,"Filter#2: rule: rowwise with a String column was not measured ahead of Polars up to 50,000,000 input rows (Benchmarks/results/polars_engine_crossover_2026-09-30-groupby.csv)",,,
50000000,"(y3) filter by a String prefix, then sum",polars in-memory,181.501,188.5,,,,,,,,,,,
50000000,"(y3) filter by a String prefix, then sum",polars streaming,15.276,205.4,,,,,,,,,,,
50000000,"(y3) filter by a String prefix, then sum","MetalEngine all, cold",15.664,10.0,Select#2[Select>SimpleProjection>Filter>DataFrameScan],,True,0.98,11.59,aggregate:sum|string|memory,50000000,,,,
50000000,"(y3) filter by a String prefix, then sum","MetalEngine all, warm",12.386,7.4,Select#2[Select>SimpleProjection>Filter>DataFrameScan],,True,1.23,14.65,aggregate:sum|string|memory,50000000,,,,
50000000,"(y3) filter by a String prefix, then sum","MetalEngine default, cold",188.592,195.8,,,True,0.08,0.96,,,"Select#2: rule: aggregate:sum with a String column was not measured ahead of Polars up to 50,000,000 input rows (Benchmarks/results/polars_engine_crossover_2026-09-30-groupby.csv) | SimpleProjection#5: rule: rowwise with a String column was not measured ahead of Polars up to 50,000,000 input rows (Benchmarks/results/polars_engine_crossover_2026-09-30-groupby.csv) | Filter#1: rule: rowwise with a String column was not measured ahead of Polars up to 50,000,000 input rows (Benchmarks/results/polars_engine_crossover_2026-09-30-groupby.csv)",,,
50000000,(y4) inner join on a String key,polars in-memory,120.771,1206.0,,,,,,,,,,,
50000000,(y4) inner join on a String key,polars streaming,65.112,909.0,,,,,,,,,,,
50000000,(y4) inner join on a String key,"MetalEngine all, cold",140.389,113.0,Join#3[Join>DataFrameScan>DataFrameScan],,True,0.46,0.86,join:inner|string|memory,50000500,,,,
50000000,(y4) inner join on a String key,"MetalEngine all, warm",135.969,107.1,Join#3[Join>DataFrameScan>DataFrameScan],,True,0.48,0.89,join:inner|string|memory,50000500,,,,
50000000,(y4) inner join on a String key,"MetalEngine default, cold",124.151,1199.7,,,True,0.52,0.97,,,"Join#3: rule: join:inner with a String column was not measured ahead of Polars up to 50,000,500 input rows (Benchmarks/results/polars_engine_crossover_2026-09-30-groupby.csv)",,,
50000000,"(y5) unique over (String, int32), keep first",polars in-memory,392.573,4857.7,,,,,,,,,,,
50000000,"(y5) unique over (String, int32), keep first",polars streaming,293.257,3816.1,,,,,,,,,,,
50000000,"(y5) unique over (String, int32), keep first","MetalEngine all, cold",43.170,22.7,Distinct#2[Distinct>DataFrameScan],,True,6.79,9.09,distinct|string|memory,50000000,,,,
50000000,"(y5) unique over (String, int32), keep first","MetalEngine all, warm",37.948,17.7,Distinct#2[Distinct>DataFrameScan],,True,7.73,10.35,distinct|string|memory,50000000,,,,
50000000,"(y5) unique over (String, int32), keep first","MetalEngine default, cold",42.881,22.5,Distinct#2,,True,6.84,9.15,,,"Distinct#2: 50,000,000 input rows is at or above the 5,000,000-row crossover for distinct with a String column (engine table, Benchmarks/results/polars_engine_crossover_2026-09-30-groupby.csv)",,,
50000000,(y6) top 100 by an int64 key with a String column,polars in-memory,396.293,396.6,,,,,,,,,,,
50000000,(y6) top 100 by an int64 key with a String column,polars streaming,9.416,111.6,,,,,,,,,,,
50000000,(y6) top 100 by an int64 key with a String column,"MetalEngine all, cold",23.143,13.6,Sort#3[Sort>Filter>DataFrameScan],,True,0.41,17.12,top_k|string|memory,50000000,,,,
50000000,(y6) top 100 by an int64 key with a String column,"MetalEngine all, warm",20.537,10.8,Sort#3[Sort>Filter>DataFrameScan],,True,0.46,19.30,top_k|string|memory,50000000,,,,
50000000,(y6) top 100 by an int64 key with a String column,"MetalEngine default, cold",393.843,394.2,,,True,0.02,1.01,,,"Sort#3: rule: top_k with a String column was not measured ahead of Polars up to 50,000,000 input rows (Benchmarks/results/polars_engine_crossover_2026-09-30-groupby.csv)",,,
50000000,"(g1sum200) group-by grid, 1 key, 200 groups, sum",polars in-memory,12.157,161.6,,,,,,,,,,,
50000000,"(g1sum200) group-by grid, 1 key, 200 groups, sum",polars streaming,13.838,169.5,,,,,,,,,,,
50000000,"(g1sum200) group-by grid, 1 key, 200 groups, sum","MetalEngine all, cold",9.966,6.0,GroupBy#1[GroupBy>DataFrameScan],,True,1.22,1.22,group_by:sum|numeric|memory,50000000,,200,,
50000000,"(g1sum200) group-by grid, 1 key, 200 groups, sum","MetalEngine all, warm",6.563,2.5,GroupBy#1[GroupBy>DataFrameScan],,True,1.85,1.85,group_by:sum|numeric|memory,50000000,,200,,
50000000,"(g1sum200) group-by grid, 1 key, 200 groups, sum","MetalEngine default, cold",13.485,155.8,,,True,0.90,0.90,,,"GroupBy#1: rule: estimated 193 groups over (k), a Chao1 estimate from a 512-row sample, 190 to 196: below the measured band for group_by:sum at 50,000,000 input rows (taken at 3,163 to 3,162,277 groups; no count in the estimate's range is; Benchmarks/results/polars_engine_crossover_2026-09-30-groupby.csv)",200,193,86
50000000,"(g2sum200) group-by grid, 2 keys, 200 groups, sum",polars in-memory,19.128,245.3,,,,,,,,,,,
50000000,"(g2sum200) group-by grid, 2 keys, 200 groups, sum",polars streaming,18.631,271.3,,,,,,,,,,,
50000000,"(g2sum200) group-by grid, 2 keys, 200 groups, sum","MetalEngine all, cold",13.812,9.0,GroupBy#1[GroupBy>DataFrameScan],,True,1.35,1.38,group_by_multi:sum|numeric|memory,50000000,,200,,
50000000,"(g2sum200) group-by grid, 2 keys, 200 groups, sum","MetalEngine all, warm",8.310,3.3,GroupBy#1[GroupBy>DataFrameScan],,True,2.24,2.30,group_by_multi:sum|numeric|memory,50000000,,200,,
50000000,"(g2sum200) group-by grid, 2 keys, 200 groups, sum","MetalEngine default, cold",18.234,238.3,,,True,1.02,1.05,,,"GroupBy#1: rule: estimated 205 groups over (k1, k2), a Chao1 estimate from a 512-row sample, 200 to 213: below the measured band for group_by_multi:sum at 50,000,000 input rows (taken at 448 to 3,162,277 groups; no count in the estimate's range is; Benchmarks/results/polars_engine_crossover_2026-09-30-groupby.csv)",200,205,373
50000000,"(g1count200) group-by grid, 1 key, 200 groups, count",polars in-memory,13.434,166.6,,,,,,,,,,,
50000000,"(g1count200) group-by grid, 1 key, 200 groups, count",polars streaming,12.541,175.5,,,,,,,,,,,
50000000,"(g1count200) group-by grid, 1 key, 200 groups, count","MetalEngine all, cold",6.844,3.7,GroupBy#1[GroupBy>DataFrameScan],,True,1.83,1.96,group_by:count|numeric|memory,50000000,,200,,
50000000,"(g1count200) group-by grid, 1 key, 200 groups, count","MetalEngine all, warm",5.611,2.4,GroupBy#1[GroupBy>DataFrameScan],,True,2.24,2.39,group_by:count|numeric|memory,50000000,,200,,
50000000,"(g1count200) group-by grid, 1 key, 200 groups, count","MetalEngine default, cold",11.651,151.7,,,True,1.08,1.15,,,"GroupBy#1: rule: estimated 193 groups over (k), a Chao1 estimate from a 512-row sample, 190 to 196: below the measured band for group_by:count at 50,000,000 input rows (taken at 3,163 to 3,162,277 groups; no count in the estimate's range is; Benchmarks/results/polars_engine_crossover_2026-09-30-groupby.csv)",200,193,67
50000000,"(g2count200) group-by grid, 2 keys, 200 groups, count",polars in-memory,16.750,248.8,,,,,,,,,,,
50000000,"(g2count200) group-by grid, 2 keys, 200 groups, count",polars streaming,17.560,257.2,,,,,,,,,,,
50000000,"(g2count200) group-by grid, 2 keys, 200 groups, count","MetalEngine all, cold",9.738,5.8,GroupBy#1[GroupBy>DataFrameScan],,True,1.72,1.72,group_by_multi:count|numeric|memory,50000000,,200,,
50000000,"(g2count200) group-by grid, 2 keys, 200 groups, count","MetalEngine all, warm",7.290,3.3,GroupBy#1[GroupBy>DataFrameScan],,True,2.30,2.30,group_by_multi:count|numeric|memory,50000000,,200,,
50000000,"(g2count200) group-by grid, 2 keys, 200 groups, count","MetalEngine default, cold",9.731,5.8,GroupBy#1,,True,1.72,1.72,,,"GroupBy#1: 50,000,000 input rows is at or above the 5,580,594-row crossover for group_by_multi:count at an estimated 205 groups over (k1, k2), a Chao1 estimate from a 512-row sample, 200 to 213 (engine table, the 200-group bucket, Benchmarks/results/polars_engine_crossover_2026-09-30-groupby.csv)",200,205,117
50000000,"(g1mean200) group-by grid, 1 key, 200 groups, mean",polars in-memory,13.335,184.5,,,,,,,,,,,
50000000,"(g1mean200) group-by grid, 1 key, 200 groups, mean",polars streaming,13.449,202.5,,,,,,,,,,,
50000000,"(g1mean200) group-by grid, 1 key, 200 groups, mean","MetalEngine all, cold",11.870,6.8,GroupBy#1[GroupBy>DataFrameScan],,True,1.12,1.12,group_by:mean|numeric|memory,50000000,,200,,
50000000,"(g1mean200) group-by grid, 1 key, 200 groups, mean","MetalEngine all, warm",7.402,2.9,GroupBy#1[GroupBy>DataFrameScan],,True,1.80,1.80,group_by:mean|numeric|memory,50000000,,200,,
50000000,"(g1mean200) group-by grid, 1 key, 200 groups, mean","MetalEngine default, cold",12.308,179.3,,,True,1.08,1.08,,,"GroupBy#1: rule: estimated 193 groups over (k), a Chao1 estimate from a 512-row sample, 190 to 196: below the measured band for group_by:mean at 50,000,000 input rows (taken at 3,163 to 3,162,277 groups; no count in the estimate's range is; Benchmarks/results/polars_engine_crossover_2026-09-30-groupby.csv)",200,193,80
50000000,"(g2mean200) group-by grid, 2 keys, 200 groups, mean",polars in-memory,18.047,266.7,,,,,,,,,,,
50000000,"(g2mean200) group-by grid, 2 keys, 200 groups, mean",polars streaming,18.998,289.4,,,,,,,,,,,
50000000,"(g2mean200) group-by grid, 2 keys, 200 groups, mean","MetalEngine all, cold",14.182,8.7,GroupBy#1[GroupBy>DataFrameScan],,True,1.27,1.27,group_by_multi:mean|numeric|memory,50000000,,200,,
50000000,"(g2mean200) group-by grid, 2 keys, 200 groups, mean","MetalEngine all, warm",8.911,3.6,GroupBy#1[GroupBy>DataFrameScan],,True,2.03,2.03,group_by_multi:mean|numeric|memory,50000000,,200,,
50000000,"(g2mean200) group-by grid, 2 keys, 200 groups, mean","MetalEngine default, cold",14.323,8.8,GroupBy#1,,True,1.26,1.26,,,"GroupBy#1: 50,000,000 input rows is at or above the 9,923,043-row crossover for group_by_multi:mean at an estimated 205 groups over (k1, k2), a Chao1 estimate from a 512-row sample, 200 to 213 (engine table, the 200-group bucket, Benchmarks/results/polars_engine_crossover_2026-09-30-groupby.csv)",200,205,107
50000000,"(g1minmax200) group-by grid, 1 key, 200 groups, min + max",polars in-memory,16.720,243.8,,,,,,,,,,,
50000000,"(g1minmax200) group-by grid, 1 key, 200 groups, min + max",polars streaming,16.799,252.8,,,,,,,,,,,
50000000,"(g1minmax200) group-by grid, 1 key, 200 groups, min + max","MetalEngine all, cold",10.974,6.1,GroupBy#1[GroupBy>DataFrameScan],,True,1.52,1.52,group_by:minmax|numeric|memory,50000000,,200,,
50000000,"(g1minmax200) group-by grid, 1 key, 200 groups, min + max","MetalEngine all, warm",7.166,2.3,GroupBy#1[GroupBy>DataFrameScan],,True,2.33,2.33,group_by:minmax|numeric|memory,50000000,,200,,
50000000,"(g1minmax200) group-by grid, 1 key, 200 groups, min + max","MetalEngine default, cold",10.735,5.9,GroupBy#1,,True,1.56,1.56,,,"GroupBy#1: 50,000,000 input rows is at or above the 19,740,807-row crossover for group_by:minmax at an estimated 193 groups over (k), a Chao1 estimate from a 512-row sample, 190 to 196 (engine table, the 200-group bucket, Benchmarks/results/polars_engine_crossover_2026-09-30-groupby.csv)",200,193,70
50000000,"(g2minmax200) group-by grid, 2 keys, 200 groups, min + max",polars in-memory,20.699,312.6,,,,,,,,,,,
50000000,"(g2minmax200) group-by grid, 2 keys, 200 groups, min + max",polars streaming,22.633,340.3,,,,,,,,,,,
50000000,"(g2minmax200) group-by grid, 2 keys, 200 groups, min + max","MetalEngine all, cold",14.095,8.5,GroupBy#1[GroupBy>DataFrameScan],,True,1.47,1.47,group_by_multi:minmax|numeric|memory,50000000,,200,,
50000000,"(g2minmax200) group-by grid, 2 keys, 200 groups, min + max","MetalEngine all, warm",8.821,3.1,GroupBy#1[GroupBy>DataFrameScan],,True,2.35,2.35,group_by_multi:minmax|numeric|memory,50000000,,200,,
50000000,"(g2minmax200) group-by grid, 2 keys, 200 groups, min + max","MetalEngine default, cold",14.006,8.3,GroupBy#1,,True,1.48,1.48,,,"GroupBy#1: 50,000,000 input rows is at or above the 10,534,566-row crossover for group_by_multi:minmax at an estimated 205 groups over (k1, k2), a Chao1 estimate from a 512-row sample, 200 to 213 (engine table, the 200-group bucket, Benchmarks/results/polars_engine_crossover_2026-09-30-groupby.csv)",200,205,96
50000000,"(g1fsum200) group-by grid, 1 key, 200 groups, Float64 sum",polars in-memory,12.230,178.5,,,,,,,,,,,
50000000,"(g1fsum200) group-by grid, 1 key, 200 groups, Float64 sum",polars streaming,12.855,193.7,,,,,,,,,,,
50000000,"(g1fsum200) group-by grid, 1 key, 200 groups, Float64 sum","MetalEngine all, cold",11.681,6.2,GroupBy#1[GroupBy>DataFrameScan],,True,1.05,1.05,group_by:sum|numeric|memory,50000000,,200,,
50000000,"(g1fsum200) group-by grid, 1 key, 200 groups, Float64 sum","MetalEngine all, warm",8.579,2.6,GroupBy#1[GroupBy>DataFrameScan],,True,1.43,1.43,group_by:sum|numeric|memory,50000000,,200,,
50000000,"(g1fsum200) group-by grid, 1 key, 200 groups, Float64 sum","MetalEngine default, cold",11.984,170.0,,,True,1.02,1.02,,,"GroupBy#1: rule: estimated 193 groups over (k), a Chao1 estimate from a 512-row sample, 190 to 196: below the measured band for group_by:sum at 50,000,000 input rows (taken at 3,163 to 3,162,277 groups; no count in the estimate's range is; Benchmarks/results/polars_engine_crossover_2026-09-30-groupby.csv)",200,193,84
50000000,"(g2fsum200) group-by grid, 2 keys, 200 groups, Float64 sum",polars in-memory,18.620,281.6,,,,,,,,,,,
50000000,"(g2fsum200) group-by grid, 2 keys, 200 groups, Float64 sum",polars streaming,18.494,278.0,,,,,,,,,,,
50000000,"(g2fsum200) group-by grid, 2 keys, 200 groups, Float64 sum","MetalEngine all, cold",14.860,8.5,GroupBy#1[GroupBy>DataFrameScan],,True,1.24,1.25,group_by_multi:sum|numeric|memory,50000000,,200,,
50000000,"(g2fsum200) group-by grid, 2 keys, 200 groups, Float64 sum","MetalEngine all, warm",9.760,3.4,GroupBy#1[GroupBy>DataFrameScan],,True,1.89,1.91,group_by_multi:sum|numeric|memory,50000000,,200,,
50000000,"(g2fsum200) group-by grid, 2 keys, 200 groups, Float64 sum","MetalEngine default, cold",17.588,256.4,,,True,1.05,1.06,,,"GroupBy#1: rule: estimated 205 groups over (k1, k2), a Chao1 estimate from a 512-row sample, 200 to 213: below the measured band for group_by_multi:sum at 50,000,000 input rows (taken at 448 to 3,162,277 groups; no count in the estimate's range is; Benchmarks/results/polars_engine_crossover_2026-09-30-groupby.csv)",200,205,100
50000000,"(g1sum1k) group-by grid, 1 key, 1 000 groups, sum",polars in-memory,89.690,1134.2,,,,,,,,,,,
50000000,"(g1sum1k) group-by grid, 1 key, 1 000 groups, sum",polars streaming,13.800,203.1,,,,,,,,,,,
50000000,"(g1sum1k) group-by grid, 1 key, 1 000 groups, sum","MetalEngine all, cold",10.304,6.0,GroupBy#1[GroupBy>DataFrameScan],,True,1.34,8.70,group_by:sum|numeric|memory,50000000,,1000,,
50000000,"(g1sum1k) group-by grid, 1 key, 1 000 groups, sum","MetalEngine all, warm",6.770,2.5,GroupBy#1[GroupBy>DataFrameScan],,True,2.04,13.25,group_by:sum|numeric|memory,50000000,,1000,,
50000000,"(g1sum1k) group-by grid, 1 key, 1 000 groups, sum","MetalEngine default, cold",89.314,1105.4,,,True,0.15,1.00,,,"GroupBy#1: rule: estimated 940 groups over (k), a Chao1 estimate from a 512-row sample, 832 to 1,107: below the measured band for group_by:sum at 50,000,000 input rows (taken at 3,163 to 3,162,277 groups; no count in the estimate's range is; Benchmarks/results/polars_engine_crossover_2026-09-30-groupby.csv)",1000,940,136
50000000,"(g2sum1k) group-by grid, 2 keys, 1 000 groups, sum",polars in-memory,190.311,2160.6,,,,,,,,,,,
50000000,"(g2sum1k) group-by grid, 2 keys, 1 000 groups, sum",polars streaming,19.497,293.1,,,,,,,,,,,
50000000,"(g2sum1k) group-by grid, 2 keys, 1 000 groups, sum","MetalEngine all, cold",13.652,8.4,GroupBy#1[GroupBy>DataFrameScan],,True,1.43,13.94,group_by_multi:sum|numeric|memory,50000000,,1000,,
50000000,"(g2sum1k) group-by grid, 2 keys, 1 000 groups, sum","MetalEngine all, warm",8.490,3.4,GroupBy#1[GroupBy>DataFrameScan],,True,2.30,22.42,group_by_multi:sum|numeric|memory,50000000,,1000,,
50000000,"(g2sum1k) group-by grid, 2 keys, 1 000 groups, sum","MetalEngine default, cold",13.722,8.6,GroupBy#1,,True,1.42,13.87,,,"GroupBy#1: 50,000,000 input rows is at or above the 11,993,616-row crossover for group_by_multi:sum at an estimated 912 groups over (k1, k2), a Chao1 estimate from a 512-row sample, 813 to 1,062 (engine table, the 1,000-group bucket, Benchmarks/results/polars_engine_crossover_2026-09-30-groupby.csv)",1000,912,426
50000000,"(g1count1k) group-by grid, 1 key, 1 000 groups, count",polars in-memory,67.394,799.8,,,,,,,,,,,
50000000,"(g1count1k) group-by grid, 1 key, 1 000 groups, count",polars streaming,13.071,194.2,,,,,,,,,,,
50000000,"(g1count1k) group-by grid, 1 key, 1 000 groups, count","MetalEngine all, cold",6.970,3.7,GroupBy#1[GroupBy>DataFrameScan],,True,1.88,9.67,group_by:count|numeric|memory,50000000,,1000,,
50000000,"(g1count1k) group-by grid, 1 key, 1 000 groups, count","MetalEngine all, warm",5.781,2.5,GroupBy#1[GroupBy>DataFrameScan],,True,2.26,11.66,group_by:count|numeric|memory,50000000,,1000,,
50000000,"(g1count1k) group-by grid, 1 key, 1 000 groups, count","MetalEngine default, cold",66.013,800.0,,,True,0.20,1.02,,,"GroupBy#1: rule: estimated 940 groups over (k), a Chao1 estimate from a 512-row sample, 832 to 1,107: below the measured band for group_by:count at 50,000,000 input rows (taken at 3,163 to 3,162,277 groups; no count in the estimate's range is; Benchmarks/results/polars_engine_crossover_2026-09-30-groupby.csv)",1000,940,68
50000000,"(g2count1k) group-by grid, 2 keys, 1 000 groups, count",polars in-memory,164.997,1793.2,,,,,,,,,,,
50000000,"(g2count1k) group-by grid, 2 keys, 1 000 groups, count",polars streaming,19.102,281.8,,,,,,,,,,,
50000000,"(g2count1k) group-by grid, 2 keys, 1 000 groups, count","MetalEngine all, cold",9.822,5.7,GroupBy#1[GroupBy>DataFrameScan],,True,1.94,16.80,group_by_multi:count|numeric|memory,50000000,,1000,,
50000000,"(g2count1k) group-by grid, 2 keys, 1 000 groups, count","MetalEngine all, warm",7.406,3.3,GroupBy#1[GroupBy>DataFrameScan],,True,2.58,22.28,group_by_multi:count|numeric|memory,50000000,,1000,,
50000000,"(g2count1k) group-by grid, 2 keys, 1 000 groups, count","MetalEngine default, cold",10.049,5.9,GroupBy#1,,True,1.90,16.42,,,"GroupBy#1: 50,000,000 input rows is at or above the 10,069,005-row crossover for group_by_multi:count at an estimated 912 groups over (k1, k2), a Chao1 estimate from a 512-row sample, 813 to 1,062 (engine table, the 1,000-group bucket, Benchmarks/results/polars_engine_crossover_2026-09-30-groupby.csv)",1000,912,328
50000000,"(g1mean1k) group-by grid, 1 key, 1 000 groups, mean",polars in-memory,90.492,1158.1,,,,,,,,,,,
50000000,"(g1mean1k) group-by grid, 1 key, 1 000 groups, mean",polars streaming,14.189,208.6,,,,,,,,,,,
50000000,"(g1mean1k) group-by grid, 1 key, 1 000 groups, mean","MetalEngine all, cold",11.830,7.0,GroupBy#1[GroupBy>DataFrameScan],,True,1.20,7.65,group_by:mean|numeric|memory,50000000,,1000,,
50000000,"(g1mean1k) group-by grid, 1 key, 1 000 groups, mean","MetalEngine all, warm",7.687,2.8,GroupBy#1[GroupBy>DataFrameScan],,True,1.85,11.77,group_by:mean|numeric|memory,50000000,,1000,,
50000000,"(g1mean1k) group-by grid, 1 key, 1 000 groups, mean","MetalEngine default, cold",90.702,1161.0,,,True,0.16,1.00,,,"GroupBy#1: rule: estimated 940 groups over (k), a Chao1 estimate from a 512-row sample, 832 to 1,107: below the measured band for group_by:mean at 50,000,000 input rows (taken at 3,163 to 3,162,277 groups; no count in the estimate's range is; Benchmarks/results/polars_engine_crossover_2026-09-30-groupby.csv)",1000,940,76
50000000,"(g2mean1k) group-by grid, 2 keys, 1 000 groups, mean",polars in-memory,189.468,2054.0,,,,,,,,,,,
50000000,"(g2mean1k) group-by grid, 2 keys, 1 000 groups, mean",polars streaming,20.858,309.3,,,,,,,,,,,
50000000,"(g2mean1k) group-by grid, 2 keys, 1 000 groups, mean","MetalEngine all, cold",14.711,9.1,GroupBy#1[GroupBy>DataFrameScan],,True,1.42,12.88,group_by_multi:mean|numeric|memory,50000000,,1000,,
50000000,"(g2mean1k) group-by grid, 2 keys, 1 000 groups, mean","MetalEngine all, warm",9.349,3.7,GroupBy#1[GroupBy>DataFrameScan],,True,2.23,20.27,group_by_multi:mean|numeric|memory,50000000,,1000,,
50000000,"(g2mean1k) group-by grid, 2 keys, 1 000 groups, mean","MetalEngine default, cold",14.824,9.2,GroupBy#1,,True,1.41,12.78,,,"GroupBy#1: 50,000,000 input rows is at or above the 9,720,262-row crossover for group_by_multi:mean at an estimated 912 groups over (k1, k2), a Chao1 estimate from a 512-row sample, 813 to 1,062 (engine table, the 1,000-group bucket, Benchmarks/results/polars_engine_crossover_2026-09-30-groupby.csv)",1000,912,113
50000000,"(g1minmax1k) group-by grid, 1 key, 1 000 groups, min + max",polars in-memory,108.939,1444.2,,,,,,,,,,,
50000000,"(g1minmax1k) group-by grid, 1 key, 1 000 groups, min + max",polars streaming,17.421,262.5,,,,,,,,,,,
50000000,"(g1minmax1k) group-by grid, 1 key, 1 000 groups, min + max","MetalEngine all, cold",11.716,6.6,GroupBy#1[GroupBy>DataFrameScan],,True,1.49,9.30,group_by:minmax|numeric|memory,50000000,,1000,,
50000000,"(g1minmax1k) group-by grid, 1 key, 1 000 groups, min + max","MetalEngine all, warm",7.422,2.4,GroupBy#1[GroupBy>DataFrameScan],,True,2.35,14.68,group_by:minmax|numeric|memory,50000000,,1000,,
50000000,"(g1minmax1k) group-by grid, 1 key, 1 000 groups, min + max","MetalEngine default, cold",11.485,6.4,GroupBy#1,,True,1.52,9.48,,,"GroupBy#1: 50,000,000 input rows is at or above the 19,709,259-row crossover for group_by:minmax at an estimated 940 groups over (k), a Chao1 estimate from a 512-row sample, 832 to 1,107 (engine table, the 1,000-group bucket, Benchmarks/results/polars_engine_crossover_2026-09-30-groupby.csv)",1000,940,89
50000000,"(g2minmax1k) group-by grid, 2 keys, 1 000 groups, min + max",polars in-memory,215.863,2616.3,,,,,,,,,,,
50000000,"(g2minmax1k) group-by grid, 2 keys, 1 000 groups, min + max",polars streaming,24.716,367.1,,,,,,,,,,,
50000000,"(g2minmax1k) group-by grid, 2 keys, 1 000 groups, min + max","MetalEngine all, cold",14.297,8.4,GroupBy#1[GroupBy>DataFrameScan],,True,1.73,15.10,group_by_multi:minmax|numeric|memory,50000000,,1000,,
50000000,"(g2minmax1k) group-by grid, 2 keys, 1 000 groups, min + max","MetalEngine all, warm",9.043,3.2,GroupBy#1[GroupBy>DataFrameScan],,True,2.73,23.87,group_by_multi:minmax|numeric|memory,50000000,,1000,,
50000000,"(g2minmax1k) group-by grid, 2 keys, 1 000 groups, min + max","MetalEngine default, cold",14.445,8.5,GroupBy#1,,True,1.71,14.94,,,"GroupBy#1: 50,000,000 input rows is at or above the 8,162,302-row crossover for group_by_multi:minmax at an estimated 912 groups over (k1, k2), a Chao1 estimate from a 512-row sample, 813 to 1,062 (engine table, the 1,000-group bucket, Benchmarks/results/polars_engine_crossover_2026-09-30-groupby.csv)",1000,912,177
50000000,"(g1fsum1k) group-by grid, 1 key, 1 000 groups, Float64 sum",polars in-memory,90.954,1170.5,,,,,,,,,,,
50000000,"(g1fsum1k) group-by grid, 1 key, 1 000 groups, Float64 sum",polars streaming,13.622,199.4,,,,,,,,,,,
50000000,"(g1fsum1k) group-by grid, 1 key, 1 000 groups, Float64 sum","MetalEngine all, cold",12.351,6.6,GroupBy#1[GroupBy>DataFrameScan],,True,1.10,7.36,group_by:sum|numeric|memory,50000000,,1000,,
50000000,"(g1fsum1k) group-by grid, 1 key, 1 000 groups, Float64 sum","MetalEngine all, warm",8.256,2.5,GroupBy#1[GroupBy>DataFrameScan],,True,1.65,11.02,group_by:sum|numeric|memory,50000000,,1000,,
50000000,"(g1fsum1k) group-by grid, 1 key, 1 000 groups, Float64 sum","MetalEngine default, cold",93.870,1183.5,,,True,0.15,0.97,,,"GroupBy#1: rule: estimated 940 groups over (k), a Chao1 estimate from a 512-row sample, 832 to 1,107: below the measured band for group_by:sum at 50,000,000 input rows (taken at 3,163 to 3,162,277 groups; no count in the estimate's range is; Benchmarks/results/polars_engine_crossover_2026-09-30-groupby.csv)",1000,940,69
50000000,"(g2fsum1k) group-by grid, 2 keys, 1 000 groups, Float64 sum",polars in-memory,186.994,2082.9,,,,,,,,,,,
50000000,"(g2fsum1k) group-by grid, 2 keys, 1 000 groups, Float64 sum",polars streaming,20.868,306.0,,,,,,,,,,,
50000000,"(g2fsum1k) group-by grid, 2 keys, 1 000 groups, Float64 sum","MetalEngine all, cold",15.712,9.1,GroupBy#1[GroupBy>DataFrameScan],,True,1.33,11.90,group_by_multi:sum|numeric|memory,50000000,,1000,,
50000000,"(g2fsum1k) group-by grid, 2 keys, 1 000 groups, Float64 sum","MetalEngine all, warm",10.096,3.5,GroupBy#1[GroupBy>DataFrameScan],,True,2.07,18.52,group_by_multi:sum|numeric|memory,50000000,,1000,,
50000000,"(g2fsum1k) group-by grid, 2 keys, 1 000 groups, Float64 sum","MetalEngine default, cold",15.190,8.6,GroupBy#1,,True,1.37,12.31,,,"GroupBy#1: 50,000,000 input rows is at or above the 11,993,616-row crossover for group_by_multi:sum at an estimated 912 groups over (k1, k2), a Chao1 estimate from a 512-row sample, 813 to 1,062 (engine table, the 1,000-group bucket, Benchmarks/results/polars_engine_crossover_2026-09-30-groupby.csv)",1000,912,115
50000000,"(g1sum10k) group-by grid, 1 key, 10 000 groups, sum",polars in-memory,88.015,1242.4,,,,,,,,,,,
50000000,"(g1sum10k) group-by grid, 1 key, 10 000 groups, sum",polars streaming,22.121,320.3,,,,,,,,,,,
50000000,"(g1sum10k) group-by grid, 1 key, 10 000 groups, sum","MetalEngine all, cold",14.500,6.7,GroupBy#1[GroupBy>DataFrameScan],,True,1.53,6.07,group_by:sum|numeric|memory,50000000,,10000,,
50000000,"(g1sum10k) group-by grid, 1 key, 10 000 groups, sum","MetalEngine all, warm",10.328,2.6,GroupBy#1[GroupBy>DataFrameScan],,True,2.14,8.52,group_by:sum|numeric|memory,50000000,,10000,,
50000000,"(g1sum10k) group-by grid, 1 key, 10 000 groups, sum","MetalEngine default, cold",14.451,6.7,GroupBy#1,,True,1.53,6.09,,,"GroupBy#1: 50,000,000 input rows is at or above the 6,041,361-row crossover for group_by:sum at an estimated 9,200 groups over (k), a Chao1 estimate from a 2,048-row sample, 8,194 to 10,529 (engine table, the 10,000-group bucket, Benchmarks/results/polars_engine_crossover_2026-09-30-groupby.csv)",10000,9200,118
50000000,"(g2sum10k) group-by grid, 2 keys, 10 000 groups, sum",polars in-memory,183.452,2273.7,,,,,,,,,,,
50000000,"(g2sum10k) group-by grid, 2 keys, 10 000 groups, sum",polars streaming,29.927,438.5,,,,,,,,,,,
50000000,"(g2sum10k) group-by grid, 2 keys, 10 000 groups, sum","MetalEngine all, cold",17.368,8.8,GroupBy#1[GroupBy>DataFrameScan],,True,1.72,10.56,group_by_multi:sum|numeric|memory,50000000,,10000,,
50000000,"(g2sum10k) group-by grid, 2 keys, 10 000 groups, sum","MetalEngine all, warm",11.948,3.4,GroupBy#1[GroupBy>DataFrameScan],,True,2.50,15.35,group_by_multi:sum|numeric|memory,50000000,,10000,,
50000000,"(g2sum10k) group-by grid, 2 keys, 10 000 groups, sum","MetalEngine default, cold",17.294,8.7,GroupBy#1,,True,1.73,10.61,,,"GroupBy#1: 50,000,000 input rows is at or above the 2,777,623-row crossover for group_by_multi:sum at an estimated 9,641 groups over (k1, k2), a Chao1 estimate from a 512-row sample, 5,919 to 23,929 (engine table, the 10,000-group bucket, Benchmarks/results/polars_engine_crossover_2026-09-30-groupby.csv)",10000,9641,368
50000000,"(g1count10k) group-by grid, 1 key, 10 000 groups, count",polars in-memory,62.659,905.8,,,,,,,,,,,
50000000,"(g1count10k) group-by grid, 1 key, 10 000 groups, count",polars streaming,20.621,285.8,,,,,,,,,,,
50000000,"(g1count10k) group-by grid, 1 key, 10 000 groups, count","MetalEngine all, cold",8.722,3.6,GroupBy#1[GroupBy>DataFrameScan],,True,2.36,7.18,group_by:count|numeric|memory,50000000,,10000,,
50000000,"(g1count10k) group-by grid, 1 key, 10 000 groups, count","MetalEngine all, warm",7.540,2.4,GroupBy#1[GroupBy>DataFrameScan],,True,2.73,8.31,group_by:count|numeric|memory,50000000,,10000,,
50000000,"(g1count10k) group-by grid, 1 key, 10 000 groups, count","MetalEngine default, cold",8.825,3.7,GroupBy#1,,True,2.34,7.10,,,"GroupBy#1: 50,000,000 input rows is at or above the 3,123,562-row crossover for group_by:count at an estimated 9,200 groups over (k), a Chao1 estimate from a 2,048-row sample, 8,194 to 10,529 (engine table, the 10,000-group bucket, Benchmarks/results/polars_engine_crossover_2026-09-30-groupby.csv)",10000,9200,128
50000000,"(g2count10k) group-by grid, 2 keys, 10 000 groups, count",polars in-memory,153.611,1886.3,,,,,,,,,,,
50000000,"(g2count10k) group-by grid, 2 keys, 10 000 groups, count",polars streaming,28.025,408.7,,,,,,,,,,,
50000000,"(g2count10k) group-by grid, 2 keys, 10 000 groups, count","MetalEngine all, cold",11.734,5.9,GroupBy#1[GroupBy>DataFrameScan],,True,2.39,13.09,group_by_multi:count|numeric|memory,50000000,,10000,,
50000000,"(g2count10k) group-by grid, 2 keys, 10 000 groups, count","MetalEngine all, warm",9.162,3.3,GroupBy#1[GroupBy>DataFrameScan],,True,3.06,16.77,group_by_multi:count|numeric|memory,50000000,,10000,,
50000000,"(g2count10k) group-by grid, 2 keys, 10 000 groups, count","MetalEngine default, cold",11.798,5.9,GroupBy#1,,True,2.38,13.02,,,"GroupBy#1: 50,000,000 input rows is at or above the 1,082,526-row crossover for group_by_multi:count at an estimated 9,641 groups over (k1, k2), a Chao1 estimate from a 512-row sample, 5,919 to 23,929 (engine table, the 10,000-group bucket, Benchmarks/results/polars_engine_crossover_2026-09-30-groupby.csv)",10000,9641,105
50000000,"(g1mean10k) group-by grid, 1 key, 10 000 groups, mean",polars in-memory,90.030,1294.2,,,,,,,,,,,
50000000,"(g1mean10k) group-by grid, 1 key, 10 000 groups, mean",polars streaming,24.887,359.6,,,,,,,,,,,
50000000,"(g1mean10k) group-by grid, 1 key, 10 000 groups, mean","MetalEngine all, cold",15.422,6.9,GroupBy#1[GroupBy>DataFrameScan],,True,1.61,5.84,group_by:mean|numeric|memory,50000000,,10000,,
50000000,"(g1mean10k) group-by grid, 1 key, 10 000 groups, mean","MetalEngine all, warm",11.278,2.8,GroupBy#1[GroupBy>DataFrameScan],,True,2.21,7.98,group_by:mean|numeric|memory,50000000,,10000,,
50000000,"(g1mean10k) group-by grid, 1 key, 10 000 groups, mean","MetalEngine default, cold",15.794,7.3,GroupBy#1,,True,1.58,5.70,,,"GroupBy#1: 50,000,000 input rows is at or above the 2,436,520-row crossover for group_by:mean at an estimated 9,200 groups over (k), a Chao1 estimate from a 2,048-row sample, 8,194 to 10,529 (engine table, the 10,000-group bucket, Benchmarks/results/polars_engine_crossover_2026-09-30-groupby.csv)",10000,9200,124
50000000,"(g2mean10k) group-by grid, 2 keys, 10 000 groups, mean",polars in-memory,175.231,2234.0,,,,,,,,,,,
50000000,"(g2mean10k) group-by grid, 2 keys, 10 000 groups, mean",polars streaming,34.618,480.8,,,,,,,,,,,
50000000,"(g2mean10k) group-by grid, 2 keys, 10 000 groups, mean","MetalEngine all, cold",18.250,9.0,GroupBy#1[GroupBy>DataFrameScan],,True,1.90,9.60,group_by_multi:mean|numeric|memory,50000000,,10000,,
50000000,"(g2mean10k) group-by grid, 2 keys, 10 000 groups, mean","MetalEngine all, warm",12.913,3.6,GroupBy#1[GroupBy>DataFrameScan],,True,2.68,13.57,group_by_multi:mean|numeric|memory,50000000,,10000,,
50000000,"(g2mean10k) group-by grid, 2 keys, 10 000 groups, mean","MetalEngine default, cold",18.398,9.2,GroupBy#1,,True,1.88,9.52,,,"GroupBy#1: 50,000,000 input rows is at or above the 50,000,000-row crossover for group_by_multi:mean at an estimated 9,641 groups over (k1, k2), a Chao1 estimate from a 512-row sample, 5,919 to 23,929 (engine table, the 10,000-group bucket, Benchmarks/results/polars_engine_crossover_2026-09-30-groupby.csv)",10000,9641,116
50000000,"(g1minmax10k) group-by grid, 1 key, 10 000 groups, min + max",polars in-memory,111.094,1585.5,,,,,,,,,,,
50000000,"(g1minmax10k) group-by grid, 1 key, 10 000 groups, min + max",polars streaming,29.043,430.7,,,,,,,,,,,
50000000,"(g1minmax10k) group-by grid, 1 key, 10 000 groups, min + max","MetalEngine all, cold",16.585,6.6,GroupBy#1[GroupBy>DataFrameScan],,True,1.75,6.70,group_by:minmax|numeric|memory,50000000,,10000,,
50000000,"(g1minmax10k) group-by grid, 1 key, 10 000 groups, min + max","MetalEngine all, warm",12.278,2.4,GroupBy#1[GroupBy>DataFrameScan],,True,2.37,9.05,group_by:minmax|numeric|memory,50000000,,10000,,
50000000,"(g1minmax10k) group-by grid, 1 key, 10 000 groups, min + max","MetalEngine default, cold",16.801,6.9,GroupBy#1,,True,1.73,6.61,,,"GroupBy#1: 50,000,000 input rows is at or above the 2,995,140-row crossover for group_by:minmax at an estimated 9,200 groups over (k), a Chao1 estimate from a 2,048-row sample, 8,194 to 10,529 (engine table, the 10,000-group bucket, Benchmarks/results/polars_engine_crossover_2026-09-30-groupby.csv)",10000,9200,124
50000000,"(g2minmax10k) group-by grid, 2 keys, 10 000 groups, min + max",polars in-memory,196.383,2579.7,,,,,,,,,,,
50000000,"(g2minmax10k) group-by grid, 2 keys, 10 000 groups, min + max",polars streaming,40.179,521.6,,,,,,,,,,,
50000000,"(g2minmax10k) group-by grid, 2 keys, 10 000 groups, min + max","MetalEngine all, cold",19.862,9.2,GroupBy#1[GroupBy>DataFrameScan],,True,2.02,9.89,group_by_multi:minmax|numeric|memory,50000000,,10000,,
50000000,"(g2minmax10k) group-by grid, 2 keys, 10 000 groups, min + max","MetalEngine all, warm",13.952,3.3,GroupBy#1[GroupBy>DataFrameScan],,True,2.88,14.08,group_by_multi:minmax|numeric|memory,50000000,,10000,,
50000000,"(g2minmax10k) group-by grid, 2 keys, 10 000 groups, min + max","MetalEngine default, cold",19.554,8.9,GroupBy#1,,True,2.05,10.04,,,"GroupBy#1: 50,000,000 input rows is at or above the 1,171,750-row crossover for group_by_multi:minmax at an estimated 9,641 groups over (k1, k2), a Chao1 estimate from a 512-row sample, 5,919 to 23,929 (engine table, the 10,000-group bucket, Benchmarks/results/polars_engine_crossover_2026-09-30-groupby.csv)",10000,9641,106
50000000,"(g1fsum10k) group-by grid, 1 key, 10 000 groups, Float64 sum",polars in-memory,88.741,1290.1,,,,,,,,,,,
50000000,"(g1fsum10k) group-by grid, 1 key, 10 000 groups, Float64 sum",polars streaming,22.664,315.1,,,,,,,,,,,
50000000,"(g1fsum10k) group-by grid, 1 key, 10 000 groups, Float64 sum","MetalEngine all, cold",19.181,6.7,GroupBy#1[GroupBy>DataFrameScan],,True,1.18,4.63,group_by:sum|numeric|memory,50000000,,10000,,
50000000,"(g1fsum10k) group-by grid, 1 key, 10 000 groups, Float64 sum","MetalEngine all, warm",14.945,2.4,GroupBy#1[GroupBy>DataFrameScan],,True,1.52,5.94,group_by:sum|numeric|memory,50000000,,10000,,
50000000,"(g1fsum10k) group-by grid, 1 key, 10 000 groups, Float64 sum","MetalEngine default, cold",19.196,6.6,GroupBy#1,,True,1.18,4.62,,,"GroupBy#1: 50,000,000 input rows is at or above the 6,041,361-row crossover for group_by:sum at an estimated 9,200 groups over (k), a Chao1 estimate from a 2,048-row sample, 8,194 to 10,529 (engine table, the 10,000-group bucket, Benchmarks/results/polars_engine_crossover_2026-09-30-groupby.csv)",10000,9200,128
50000000,"(g2fsum10k) group-by grid, 2 keys, 10 000 groups, Float64 sum",polars in-memory,173.985,2256.6,,,,,,,,,,,
50000000,"(g2fsum10k) group-by grid, 2 keys, 10 000 groups, Float64 sum",polars streaming,31.539,444.9,,,,,,,,,,,
50000000,"(g2fsum10k) group-by grid, 2 keys, 10 000 groups, Float64 sum","MetalEngine all, cold",22.323,8.9,GroupBy#1[GroupBy>DataFrameScan],,True,1.41,7.79,group_by_multi:sum|numeric|memory,50000000,,10000,,
50000000,"(g2fsum10k) group-by grid, 2 keys, 10 000 groups, Float64 sum","MetalEngine all, warm",16.723,3.3,GroupBy#1[GroupBy>DataFrameScan],,True,1.89,10.40,group_by_multi:sum|numeric|memory,50000000,,10000,,
50000000,"(g2fsum10k) group-by grid, 2 keys, 10 000 groups, Float64 sum","MetalEngine default, cold",22.172,8.8,GroupBy#1,,True,1.42,7.85,,,"GroupBy#1: 50,000,000 input rows is at or above the 2,777,623-row crossover for group_by_multi:sum at an estimated 9,641 groups over (k1, k2), a Chao1 estimate from a 512-row sample, 5,919 to 23,929 (engine table, the 10,000-group bucket, Benchmarks/results/polars_engine_crossover_2026-09-30-groupby.csv)",10000,9641,118
50000000,"(g1sum100k) group-by grid, 1 key, 100 000 groups, sum",polars in-memory,97.375,1426.2,,,,,,,,,,,
50000000,"(g1sum100k) group-by grid, 1 key, 100 000 groups, sum",polars streaming,46.600,629.9,,,,,,,,,,,
50000000,"(g1sum100k) group-by grid, 1 key, 100 000 groups, sum","MetalEngine all, cold",15.268,6.7,GroupBy#1[GroupBy>DataFrameScan],,True,3.05,6.38,group_by:sum|numeric|memory,50000000,,100000,,
50000000,"(g1sum100k) group-by grid, 1 key, 100 000 groups, sum","MetalEngine all, warm",11.062,2.6,GroupBy#1[GroupBy>DataFrameScan],,True,4.21,8.80,group_by:sum|numeric|memory,50000000,,100000,,
50000000,"(g1sum100k) group-by grid, 1 key, 100 000 groups, sum","MetalEngine default, cold",15.625,7.1,GroupBy#1,,True,2.98,6.23,,,"GroupBy#1: 50,000,000 input rows is at or above the 5,252,956-row crossover for group_by:sum at an estimated 147,980 groups over (k), a Chao1 estimate from a 2,048-row sample, 90,063 to 354,992 (engine table, the 100,000-group bucket, Benchmarks/results/polars_engine_crossover_2026-09-30-groupby.csv)",100000,147980,144
50000000,"(g2sum100k) group-by grid, 2 keys, 100 000 groups, sum",polars in-memory,199.619,2596.4,,,,,,,,,,,
50000000,"(g2sum100k) group-by grid, 2 keys, 100 000 groups, sum",polars streaming,86.377,1114.0,,,,,,,,,,,
50000000,"(g2sum100k) group-by grid, 2 keys, 100 000 groups, sum","MetalEngine all, cold",17.664,8.8,GroupBy#1[GroupBy>DataFrameScan],,True,4.89,11.30,group_by_multi:sum|numeric|memory,50000000,,100000,,
50000000,"(g2sum100k) group-by grid, 2 keys, 100 000 groups, sum","MetalEngine all, warm",12.521,3.6,GroupBy#1[GroupBy>DataFrameScan],,True,6.90,15.94,group_by_multi:sum|numeric|memory,50000000,,100000,,
50000000,"(g2sum100k) group-by grid, 2 keys, 100 000 groups, sum","MetalEngine default, cold",18.232,9.3,GroupBy#1,,True,4.74,10.95,,,"GroupBy#1: 50,000,000 input rows is at or above the 2,288,101-row crossover for group_by_multi:sum at an estimated 92,887 groups over (k1, k2), a Chao1 estimate from a 2,048-row sample, 62,297 to 170,931 (engine table, the 100,000-group bucket, Benchmarks/results/polars_engine_crossover_2026-09-30-groupby.csv)",100000,92887,1422
50000000,"(g1count100k) group-by grid, 1 key, 100 000 groups, count",polars in-memory,73.358,1082.4,,,,,,,,,,,
50000000,"(g1count100k) group-by grid, 1 key, 100 000 groups, count",polars streaming,43.070,526.3,,,,,,,,,,,
50000000,"(g1count100k) group-by grid, 1 key, 100 000 groups, count","MetalEngine all, cold",10.268,4.5,GroupBy#1[GroupBy>DataFrameScan],,True,4.19,7.14,group_by:count|numeric|memory,50000000,,100000,,
50000000,"(g1count100k) group-by grid, 1 key, 100 000 groups, count","MetalEngine all, warm",8.483,2.7,GroupBy#1[GroupBy>DataFrameScan],,True,5.08,8.65,group_by:count|numeric|memory,50000000,,100000,,
50000000,"(g1count100k) group-by grid, 1 key, 100 000 groups, count","MetalEngine default, cold",11.445,4.3,GroupBy#1,,True,3.76,6.41,,,"GroupBy#1: 50,000,000 input rows is at or above the 3,801,232-row crossover for group_by:count at an estimated 147,980 groups over (k), a Chao1 estimate from a 2,048-row sample, 90,063 to 354,992 (engine table, the 100,000-group bucket, Benchmarks/results/polars_engine_crossover_2026-09-30-groupby.csv)",100000,147980,124
50000000,"(g2count100k) group-by grid, 2 keys, 100 000 groups, count",polars in-memory,172.360,2280.4,,,,,,,,,,,
50000000,"(g2count100k) group-by grid, 2 keys, 100 000 groups, count",polars streaming,82.244,1086.3,,,,,,,,,,,
50000000,"(g2count100k) group-by grid, 2 keys, 100 000 groups, count","MetalEngine all, cold",12.182,5.9,GroupBy#1[GroupBy>DataFrameScan],,True,6.75,14.15,group_by_multi:count|numeric|memory,50000000,,100000,,
50000000,"(g2count100k) group-by grid, 2 keys, 100 000 groups, count","MetalEngine all, warm",9.627,3.4,GroupBy#1[GroupBy>DataFrameScan],,True,8.54,17.90,group_by_multi:count|numeric|memory,50000000,,100000,,
50000000,"(g2count100k) group-by grid, 2 keys, 100 000 groups, count","MetalEngine default, cold",12.223,6.1,GroupBy#1,,True,6.73,14.10,,,"GroupBy#1: 50,000,000 input rows is at or above the 1,118,998-row crossover for group_by_multi:count at an estimated 92,887 groups over (k1, k2), a Chao1 estimate from a 2,048-row sample, 62,297 to 170,931 (engine table, the 100,000-group bucket, Benchmarks/results/polars_engine_crossover_2026-09-30-groupby.csv)",100000,92887,189
50000000,"(g1mean100k) group-by grid, 1 key, 100 000 groups, mean",polars in-memory,100.769,1485.0,,,,,,,,,,,
50000000,"(g1mean100k) group-by grid, 1 key, 100 000 groups, mean",polars streaming,58.417,792.8,,,,,,,,,,,
50000000,"(g1mean100k) group-by grid, 1 key, 100 000 groups, mean","MetalEngine all, cold",17.684,8.5,GroupBy#1[GroupBy>DataFrameScan],,True,3.30,5.70,group_by:mean|numeric|memory,50000000,,100000,,
50000000,"(g1mean100k) group-by grid, 1 key, 100 000 groups, mean","MetalEngine all, warm",12.228,3.0,GroupBy#1[GroupBy>DataFrameScan],,True,4.78,8.24,group_by:mean|numeric|memory,50000000,,100000,,
50000000,"(g1mean100k) group-by grid, 1 key, 100 000 groups, mean","MetalEngine default, cold",16.685,7.4,GroupBy#1,,True,3.50,6.04,,,"GroupBy#1: 50,000,000 input rows is at or above the 2,524,249-row crossover for group_by:mean at an estimated 147,980 groups over (k), a Chao1 estimate from a 2,048-row sample, 90,063 to 354,992 (engine table, the 100,000-group bucket, Benchmarks/results/polars_engine_crossover_2026-09-30-groupby.csv)",100000,147980,120
50000000,"(g2mean100k) group-by grid, 2 keys, 100 000 groups, mean",polars in-memory,204.145,2637.0,,,,,,,,,,,
50000000,"(g2mean100k) group-by grid, 2 keys, 100 000 groups, mean",polars streaming,101.182,1384.4,,,,,,,,,,,
50000000,"(g2mean100k) group-by grid, 2 keys, 100 000 groups, mean","MetalEngine all, cold",19.469,9.9,GroupBy#1[GroupBy>DataFrameScan],,True,5.20,10.49,group_by_multi:mean|numeric|memory,50000000,,100000,,
50000000,"(g2mean100k) group-by grid, 2 keys, 100 000 groups, mean","MetalEngine all, warm",13.173,3.6,GroupBy#1[GroupBy>DataFrameScan],,True,7.68,15.50,group_by_multi:mean|numeric|memory,50000000,,100000,,
50000000,"(g2mean100k) group-by grid, 2 keys, 100 000 groups, mean","MetalEngine default, cold",18.937,9.3,GroupBy#1,,True,5.34,10.78,,,"GroupBy#1: 50,000,000 input rows is at or above the 50,000,000-row crossover for group_by_multi:mean at an estimated 92,887 groups over (k1, k2), a Chao1 estimate from a 2,048-row sample, 62,297 to 170,931 (engine table, the 100,000-group bucket, Benchmarks/results/polars_engine_crossover_2026-09-30-groupby.csv)",100000,92887,215
50000000,"(g1minmax100k) group-by grid, 1 key, 100 000 groups, min + max",polars in-memory,121.112,1770.3,,,,,,,,,,,
50000000,"(g1minmax100k) group-by grid, 1 key, 100 000 groups, min + max",polars streaming,59.853,777.3,,,,,,,,,,,
50000000,"(g1minmax100k) group-by grid, 1 key, 100 000 groups, min + max","MetalEngine all, cold",18.085,7.3,GroupBy#1[GroupBy>DataFrameScan],,True,3.31,6.70,group_by:minmax|numeric|memory,50000000,,100000,,
50000000,"(g1minmax100k) group-by grid, 1 key, 100 000 groups, min + max","MetalEngine all, warm",13.350,2.6,GroupBy#1[GroupBy>DataFrameScan],,True,4.48,9.07,group_by:minmax|numeric|memory,50000000,,100000,,
50000000,"(g1minmax100k) group-by grid, 1 key, 100 000 groups, min + max","MetalEngine default, cold",17.574,6.8,GroupBy#1,,True,3.41,6.89,,,"GroupBy#1: 50,000,000 input rows is at or above the 2,184,147-row crossover for group_by:minmax at an estimated 147,980 groups over (k), a Chao1 estimate from a 2,048-row sample, 90,063 to 354,992 (engine table, the 100,000-group bucket, Benchmarks/results/polars_engine_crossover_2026-09-30-groupby.csv)",100000,147980,138
50000000,"(g2minmax100k) group-by grid, 2 keys, 100 000 groups, min + max",polars in-memory,223.732,2995.1,,,,,,,,,,,
50000000,"(g2minmax100k) group-by grid, 2 keys, 100 000 groups, min + max",polars streaming,111.813,1587.0,,,,,,,,,,,
50000000,"(g2minmax100k) group-by grid, 2 keys, 100 000 groups, min + max","MetalEngine all, cold",20.844,9.6,GroupBy#1[GroupBy>DataFrameScan],,True,5.36,10.73,group_by_multi:minmax|numeric|memory,50000000,,100000,,
50000000,"(g2minmax100k) group-by grid, 2 keys, 100 000 groups, min + max","MetalEngine all, warm",14.480,3.4,GroupBy#1[GroupBy>DataFrameScan],,True,7.72,15.45,group_by_multi:minmax|numeric|memory,50000000,,100000,,
50000000,"(g2minmax100k) group-by grid, 2 keys, 100 000 groups, min + max","MetalEngine default, cold",20.408,9.3,GroupBy#1,,True,5.48,10.96,,,"GroupBy#1: 50,000,000 input rows is at or above the 802,938-row crossover for group_by_multi:minmax at an estimated 92,887 groups over (k1, k2), a Chao1 estimate from a 2,048-row sample, 62,297 to 170,931 (engine table, the 100,000-group bucket, Benchmarks/results/polars_engine_crossover_2026-09-30-groupby.csv)",100000,92887,207
50000000,"(g1fsum100k) group-by grid, 1 key, 100 000 groups, Float64 sum",polars in-memory,100.323,1472.0,,,,,,,,,,,
50000000,"(g1fsum100k) group-by grid, 1 key, 100 000 groups, Float64 sum",polars streaming,48.522,642.0,,,,,,,,,,,
50000000,"(g1fsum100k) group-by grid, 1 key, 100 000 groups, Float64 sum","MetalEngine all, cold",21.342,7.8,GroupBy#1[GroupBy>DataFrameScan],,True,2.27,4.70,group_by:sum|numeric|memory,50000000,,100000,,
50000000,"(g1fsum100k) group-by grid, 1 key, 100 000 groups, Float64 sum","MetalEngine all, warm",16.044,2.6,GroupBy#1[GroupBy>DataFrameScan],,True,3.02,6.25,group_by:sum|numeric|memory,50000000,,100000,,
50000000,"(g1fsum100k) group-by grid, 1 key, 100 000 groups, Float64 sum","MetalEngine default, cold",20.477,7.0,GroupBy#1,,True,2.37,4.90,,,"GroupBy#1: 50,000,000 input rows is at or above the 5,252,956-row crossover for group_by:sum at an estimated 147,980 groups over (k), a Chao1 estimate from a 2,048-row sample, 90,063 to 354,992 (engine table, the 100,000-group bucket, Benchmarks/results/polars_engine_crossover_2026-09-30-groupby.csv)",100000,147980,135
50000000,"(g2fsum100k) group-by grid, 2 keys, 100 000 groups, Float64 sum",polars in-memory,209.139,2726.8,,,,,,,,,,,
50000000,"(g2fsum100k) group-by grid, 2 keys, 100 000 groups, Float64 sum",polars streaming,101.853,1448.4,,,,,,,,,,,
50000000,"(g2fsum100k) group-by grid, 2 keys, 100 000 groups, Float64 sum","MetalEngine all, cold",23.534,9.7,GroupBy#1[GroupBy>DataFrameScan],,True,4.33,8.89,group_by_multi:sum|numeric|memory,50000000,,100000,,
50000000,"(g2fsum100k) group-by grid, 2 keys, 100 000 groups, Float64 sum","MetalEngine all, warm",17.367,3.4,GroupBy#1[GroupBy>DataFrameScan],,True,5.86,12.04,group_by_multi:sum|numeric|memory,50000000,,100000,,
50000000,"(g2fsum100k) group-by grid, 2 keys, 100 000 groups, Float64 sum","MetalEngine default, cold",23.109,9.3,GroupBy#1,,True,4.41,9.05,,,"GroupBy#1: 50,000,000 input rows is at or above the 2,288,101-row crossover for group_by_multi:sum at an estimated 92,887 groups over (k1, k2), a Chao1 estimate from a 2,048-row sample, 62,297 to 170,931 (engine table, the 100,000-group bucket, Benchmarks/results/polars_engine_crossover_2026-09-30-groupby.csv)",100000,92887,208
50000000,"(g1sum1M) group-by grid, 1 key, 1 000 000 groups, sum",polars in-memory,171.420,2550.5,,,,,,,,,,,
50000000,"(g1sum1M) group-by grid, 1 key, 1 000 000 groups, sum",polars streaming,53.602,739.3,,,,,,,,,,,
50000000,"(g1sum1M) group-by grid, 1 key, 1 000 000 groups, sum","MetalEngine all, cold",23.716,10.4,GroupBy#1[GroupBy>DataFrameScan],,True,2.26,7.23,group_by:sum|numeric|memory,50000000,,1000000,,
50000000,"(g1sum1M) group-by grid, 1 key, 1 000 000 groups, sum","MetalEngine all, warm",18.540,5.3,GroupBy#1[GroupBy>DataFrameScan],,True,2.89,9.25,group_by:sum|numeric|memory,50000000,,1000000,,
50000000,"(g1sum1M) group-by grid, 1 key, 1 000 000 groups, sum","MetalEngine default, cold",23.022,9.6,GroupBy#1,,True,2.33,7.45,,,"GroupBy#1: 50,000,000 input rows is at or above the 7,500,000-row crossover for group_by:sum at an estimated 1,149,308 groups over (k), a Chao1 estimate from a 8,192-row sample, 803,998 to 1,908,215 (engine table, the 1,000,000-group bucket, Benchmarks/results/polars_engine_crossover_2026-09-30-groupby.csv)",1000000,1149308,503
50000000,"(g2sum1M) group-by grid, 2 keys, 1 000 000 groups, sum",polars in-memory,394.447,5598.3,,,,,,,,,,,
50000000,"(g2sum1M) group-by grid, 2 keys, 1 000 000 groups, sum",polars streaming,122.856,1733.3,,,,,,,,,,,
50000000,"(g2sum1M) group-by grid, 2 keys, 1 000 000 groups, sum","MetalEngine all, cold",27.406,14.0,GroupBy#1[GroupBy>DataFrameScan],,True,4.48,14.39,group_by_multi:sum|numeric|memory,50000000,,1000000,,
50000000,"(g2sum1M) group-by grid, 2 keys, 1 000 000 groups, sum","MetalEngine all, warm",19.598,6.2,GroupBy#1[GroupBy>DataFrameScan],,True,6.27,20.13,group_by_multi:sum|numeric|memory,50000000,,1000000,,
50000000,"(g2sum1M) group-by grid, 2 keys, 1 000 000 groups, sum","MetalEngine default, cold",26.010,12.6,GroupBy#1,,True,4.72,15.17,,,"GroupBy#1: 50,000,000 input rows is at or above the 7,500,000-row crossover for group_by_multi:sum at an estimated 875,179 groups over (k1, k2), a Chao1 estimate from a 8,192-row sample, 639,739 to 1,334,815 (engine table, the 1,000,000-group bucket, Benchmarks/results/polars_engine_crossover_2026-09-30-groupby.csv)",1000000,875179,1530
50000000,"(g1count1M) group-by grid, 1 key, 1 000 000 groups, count",polars in-memory,150.338,2217.3,,,,,,,,,,,
50000000,"(g1count1M) group-by grid, 1 key, 1 000 000 groups, count",polars streaming,48.405,647.7,,,,,,,,,,,
50000000,"(g1count1M) group-by grid, 1 key, 1 000 000 groups, count","MetalEngine all, cold",12.667,5.8,GroupBy#1[GroupBy>DataFrameScan],,True,3.82,11.87,group_by:count|numeric|memory,50000000,,1000000,,
50000000,"(g1count1M) group-by grid, 1 key, 1 000 000 groups, count","MetalEngine all, warm",10.559,3.8,GroupBy#1[GroupBy>DataFrameScan],,True,4.58,14.24,group_by:count|numeric|memory,50000000,,1000000,,
50000000,"(g1count1M) group-by grid, 1 key, 1 000 000 groups, count","MetalEngine default, cold",12.555,5.8,GroupBy#1,,True,3.86,11.97,,,"GroupBy#1: 50,000,000 input rows is at or above the 7,500,000-row crossover for group_by:count at an estimated 1,149,308 groups over (k), a Chao1 estimate from a 8,192-row sample, 803,998 to 1,908,215 (engine table, the 1,000,000-group bucket, Benchmarks/results/polars_engine_crossover_2026-09-30-groupby.csv)",1000000,1149308,318
50000000,"(g2count1M) group-by grid, 2 keys, 1 000 000 groups, count",polars in-memory,359.790,5165.4,,,,,,,,,,,
50000000,"(g2count1M) group-by grid, 2 keys, 1 000 000 groups, count",polars streaming,105.266,1482.0,,,,,,,,,,,
50000000,"(g2count1M) group-by grid, 2 keys, 1 000 000 groups, count","MetalEngine all, cold",15.372,8.5,GroupBy#1[GroupBy>DataFrameScan],,True,6.85,23.41,group_by_multi:count|numeric|memory,50000000,,1000000,,
50000000,"(g2count1M) group-by grid, 2 keys, 1 000 000 groups, count","MetalEngine all, warm",11.566,4.7,GroupBy#1[GroupBy>DataFrameScan],,True,9.10,31.11,group_by_multi:count|numeric|memory,50000000,,1000000,,
50000000,"(g2count1M) group-by grid, 2 keys, 1 000 000 groups, count","MetalEngine default, cold",15.300,8.3,GroupBy#1,,True,6.88,23.52,,,"GroupBy#1: 50,000,000 input rows is at or above the 7,500,000-row crossover for group_by_multi:count at an estimated 875,179 groups over (k1, k2), a Chao1 estimate from a 8,192-row sample, 639,739 to 1,334,815 (engine table, the 1,000,000-group bucket, Benchmarks/results/polars_engine_crossover_2026-09-30-groupby.csv)",1000000,875179,536
50000000,"(g1mean1M) group-by grid, 1 key, 1 000 000 groups, mean",polars in-memory,182.246,2675.5,,,,,,,,,,,
50000000,"(g1mean1M) group-by grid, 1 key, 1 000 000 groups, mean",polars streaming,56.497,750.3,,,,,,,,,,,
50000000,"(g1mean1M) group-by grid, 1 key, 1 000 000 groups, mean","MetalEngine all, cold",22.391,8.5,GroupBy#1[GroupBy>DataFrameScan],,True,2.52,8.14,group_by:mean|numeric|memory,50000000,,1000000,,
50000000,"(g1mean1M) group-by grid, 1 key, 1 000 000 groups, mean","MetalEngine all, warm",17.394,3.5,GroupBy#1[GroupBy>DataFrameScan],,True,3.25,10.48,group_by:mean|numeric|memory,50000000,,1000000,,
50000000,"(g1mean1M) group-by grid, 1 key, 1 000 000 groups, mean","MetalEngine default, cold",22.074,8.2,GroupBy#1,,True,2.56,8.26,,,"GroupBy#1: 50,000,000 input rows is at or above the 7,500,000-row crossover for group_by:mean at an estimated 1,149,308 groups over (k), a Chao1 estimate from a 8,192-row sample, 803,998 to 1,908,215 (engine table, the 1,000,000-group bucket, Benchmarks/results/polars_engine_crossover_2026-09-30-groupby.csv)",1000000,1149308,294
50000000,"(g2mean1M) group-by grid, 2 keys, 1 000 000 groups, mean",polars in-memory,395.698,5772.9,,,,,,,,,,,
50000000,"(g2mean1M) group-by grid, 2 keys, 1 000 000 groups, mean",polars streaming,128.908,1789.9,,,,,,,,,,,
50000000,"(g2mean1M) group-by grid, 2 keys, 1 000 000 groups, mean","MetalEngine all, cold",25.839,11.8,GroupBy#1[GroupBy>DataFrameScan],,True,4.99,15.31,group_by_multi:mean|numeric|memory,50000000,,1000000,,
50000000,"(g2mean1M) group-by grid, 2 keys, 1 000 000 groups, mean","MetalEngine all, warm",18.481,4.5,GroupBy#1[GroupBy>DataFrameScan],,True,6.98,21.41,group_by_multi:mean|numeric|memory,50000000,,1000000,,
50000000,"(g2mean1M) group-by grid, 2 keys, 1 000 000 groups, mean","MetalEngine default, cold",25.509,11.5,GroupBy#1,,True,5.05,15.51,,,"GroupBy#1: 50,000,000 input rows is at or above the 7,500,000-row crossover for group_by_multi:mean at an estimated 875,179 groups over (k1, k2), a Chao1 estimate from a 8,192-row sample, 639,739 to 1,334,815 (engine table, the 1,000,000-group bucket, Benchmarks/results/polars_engine_crossover_2026-09-30-groupby.csv)",1000000,875179,509
50000000,"(g1minmax1M) group-by grid, 1 key, 1 000 000 groups, min + max",polars in-memory,203.112,2977.5,,,,,,,,,,,
50000000,"(g1minmax1M) group-by grid, 1 key, 1 000 000 groups, min + max",polars streaming,70.911,995.2,,,,,,,,,,,
50000000,"(g1minmax1M) group-by grid, 1 key, 1 000 000 groups, min + max","MetalEngine all, cold",20.700,8.7,GroupBy#1[GroupBy>DataFrameScan],,True,3.43,9.81,group_by:minmax|numeric|memory,50000000,,1000000,,
50000000,"(g1minmax1M) group-by grid, 1 key, 1 000 000 groups, min + max","MetalEngine all, warm",15.260,3.2,GroupBy#1[GroupBy>DataFrameScan],,True,4.65,13.31,group_by:minmax|numeric|memory,50000000,,1000000,,
50000000,"(g1minmax1M) group-by grid, 1 key, 1 000 000 groups, min + max","MetalEngine default, cold",20.144,8.1,GroupBy#1,,True,3.52,10.08,,,"GroupBy#1: 50,000,000 input rows is at or above the 7,500,000-row crossover for group_by:minmax at an estimated 1,149,308 groups over (k), a Chao1 estimate from a 8,192-row sample, 803,998 to 1,908,215 (engine table, the 1,000,000-group bucket, Benchmarks/results/polars_engine_crossover_2026-09-30-groupby.csv)",1000000,1149308,275
50000000,"(g2minmax1M) group-by grid, 2 keys, 1 000 000 groups, min + max",polars in-memory,417.331,5940.5,,,,,,,,,,,
50000000,"(g2minmax1M) group-by grid, 2 keys, 1 000 000 groups, min + max",polars streaming,147.508,2142.2,,,,,,,,,,,
50000000,"(g2minmax1M) group-by grid, 2 keys, 1 000 000 groups, min + max","MetalEngine all, cold",24.198,11.4,GroupBy#1[GroupBy>DataFrameScan],,True,6.10,17.25,group_by_multi:minmax|numeric|memory,50000000,,1000000,,
50000000,"(g2minmax1M) group-by grid, 2 keys, 1 000 000 groups, min + max","MetalEngine all, warm",16.048,4.0,GroupBy#1[GroupBy>DataFrameScan],,True,9.19,26.01,group_by_multi:minmax|numeric|memory,50000000,,1000000,,
50000000,"(g2minmax1M) group-by grid, 2 keys, 1 000 000 groups, min + max","MetalEngine default, cold",23.073,10.9,GroupBy#1,,True,6.39,18.09,,,"GroupBy#1: 50,000,000 input rows is at or above the 7,500,000-row crossover for group_by_multi:minmax at an estimated 875,179 groups over (k1, k2), a Chao1 estimate from a 8,192-row sample, 639,739 to 1,334,815 (engine table, the 1,000,000-group bucket, Benchmarks/results/polars_engine_crossover_2026-09-30-groupby.csv)",1000000,875179,521
50000000,"(g1fsum1M) group-by grid, 1 key, 1 000 000 groups, Float64 sum",polars in-memory,178.221,2638.3,,,,,,,,,,,
50000000,"(g1fsum1M) group-by grid, 1 key, 1 000 000 groups, Float64 sum",polars streaming,59.999,832.8,,,,,,,,,,,
50000000,"(g1fsum1M) group-by grid, 1 key, 1 000 000 groups, Float64 sum","MetalEngine all, cold",27.847,8.5,GroupBy#1[GroupBy>DataFrameScan],,True,2.15,6.40,group_by:sum|numeric|memory,50000000,,1000000,,
50000000,"(g1fsum1M) group-by grid, 1 key, 1 000 000 groups, Float64 sum","MetalEngine all, warm",22.682,3.3,GroupBy#1[GroupBy>DataFrameScan],,True,2.65,7.86,group_by:sum|numeric|memory,50000000,,1000000,,
50000000,"(g1fsum1M) group-by grid, 1 key, 1 000 000 groups, Float64 sum","MetalEngine default, cold",26.954,7.4,GroupBy#1,,True,2.23,6.61,,,"GroupBy#1: 50,000,000 input rows is at or above the 7,500,000-row crossover for group_by:sum at an estimated 1,149,308 groups over (k), a Chao1 estimate from a 8,192-row sample, 803,998 to 1,908,215 (engine table, the 1,000,000-group bucket, Benchmarks/results/polars_engine_crossover_2026-09-30-groupby.csv)",1000000,1149308,254
50000000,"(g2fsum1M) group-by grid, 2 keys, 1 000 000 groups, Float64 sum",polars in-memory,401.364,5696.2,,,,,,,,,,,
50000000,"(g2fsum1M) group-by grid, 2 keys, 1 000 000 groups, Float64 sum",polars streaming,125.876,1766.0,,,,,,,,,,,
50000000,"(g2fsum1M) group-by grid, 2 keys, 1 000 000 groups, Float64 sum","MetalEngine all, cold",31.230,11.8,GroupBy#1[GroupBy>DataFrameScan],,True,4.03,12.85,group_by_multi:sum|numeric|memory,50000000,,1000000,,
50000000,"(g2fsum1M) group-by grid, 2 keys, 1 000 000 groups, Float64 sum","MetalEngine all, warm",23.651,4.2,GroupBy#1[GroupBy>DataFrameScan],,True,5.32,16.97,group_by_multi:sum|numeric|memory,50000000,,1000000,,
50000000,"(g2fsum1M) group-by grid, 2 keys, 1 000 000 groups, Float64 sum","MetalEngine default, cold",30.022,10.3,GroupBy#1,,True,4.19,13.37,,,"GroupBy#1: 50,000,000 input rows is at or above the 7,500,000-row crossover for group_by_multi:sum at an estimated 875,179 groups over (k1, k2), a Chao1 estimate from a 8,192-row sample, 639,739 to 1,334,815 (engine table, the 1,000,000-group bucket, Benchmarks/results/polars_engine_crossover_2026-09-30-groupby.csv)",1000000,875179,486
50000000,"(g1sumR2) group-by grid, 1 key, rows/2 groups, sum",polars in-memory,426.180,5719.0,,,,,,,,,,,
50000000,"(g1sumR2) group-by grid, 1 key, rows/2 groups, sum",polars streaming,123.039,1725.2,,,,,,,,,,,
50000000,"(g1sumR2) group-by grid, 1 key, rows/2 groups, sum","MetalEngine all, cold",239.572,61.9,GroupBy#1[GroupBy>DataFrameScan],,True,0.51,1.78,group_by:sum|numeric|memory,50000000,,21618024,,
50000000,"(g1sumR2) group-by grid, 1 key, rows/2 groups, sum","MetalEngine all, warm",235.111,56.7,GroupBy#1[GroupBy>DataFrameScan],,True,0.52,1.81,group_by:sum|numeric|memory,50000000,,21618024,,
50000000,"(g1sumR2) group-by grid, 1 key, rows/2 groups, sum","MetalEngine default, cold",423.023,5761.7,,,True,0.29,1.01,,,"GroupBy#1: rule: estimated 11,180,716 groups over (k), a Chao1 estimate from a 8,192-row sample, 4,289,711 to 50,000,000: above the measured band for group_by:sum at 50,000,000 input rows (taken at 3,163 to 3,162,277 groups; no count in the estimate's range is; Benchmarks/results/polars_engine_crossover_2026-09-30-groupby.csv)",21618024,11180716,262
50000000,"(g2sumR2) group-by grid, 2 keys, rows/2 groups, sum",polars in-memory,658.301,8755.9,,,,,,,,,,,
50000000,"(g2sumR2) group-by grid, 2 keys, rows/2 groups, sum",polars streaming,236.512,3367.2,,,,,,,,,,,
50000000,"(g2sumR2) group-by grid, 2 keys, rows/2 groups, sum","MetalEngine all, cold",254.586,64.9,GroupBy#1[GroupBy>DataFrameScan],,True,0.93,2.59,group_by_multi:sum|numeric|memory,50000000,,21616154,,
50000000,"(g2sumR2) group-by grid, 2 keys, rows/2 groups, sum","MetalEngine all, warm",250.216,57.9,GroupBy#1[GroupBy>DataFrameScan],,True,0.95,2.63,group_by_multi:sum|numeric|memory,50000000,,21616154,,
50000000,"(g2sumR2) group-by grid, 2 keys, rows/2 groups, sum","MetalEngine default, cold",669.174,8926.4,,,True,0.35,0.98,,,"GroupBy#1: rule: estimated 11,180,716 groups over (k1, k2), a Chao1 estimate from a 8,192-row sample, 4,289,711 to 50,000,000: above the measured band for group_by_multi:sum at 50,000,000 input rows (taken at 448 to 3,162,277 groups; no count in the estimate's range is; Benchmarks/results/polars_engine_crossover_2026-09-30-groupby.csv)",21616154,11180716,3098
50000000,"(g1countR2) group-by grid, 1 key, rows/2 groups, count",polars in-memory,408.020,4962.7,,,,,,,,,,,
50000000,"(g1countR2) group-by grid, 1 key, rows/2 groups, count",polars streaming,109.652,1470.7,,,,,,,,,,,
50000000,"(g1countR2) group-by grid, 1 key, rows/2 groups, count","MetalEngine all, cold",169.751,28.8,GroupBy#1[GroupBy>DataFrameScan],,True,0.65,2.40,group_by:count|numeric|memory,50000000,,21618024,,
50000000,"(g1countR2) group-by grid, 1 key, rows/2 groups, count","MetalEngine all, warm",169.256,27.7,GroupBy#1[GroupBy>DataFrameScan],,True,0.65,2.41,group_by:count|numeric|memory,50000000,,21618024,,
50000000,"(g1countR2) group-by grid, 1 key, rows/2 groups, count","MetalEngine default, cold",420.024,5178.4,,,True,0.26,0.97,,,"GroupBy#1: rule: estimated 11,180,716 groups over (k), a Chao1 estimate from a 8,192-row sample, 4,289,711 to 50,000,000: above the measured band for group_by:count at 50,000,000 input rows (taken at 3,163 to 3,162,277 groups; no count in the estimate's range is; Benchmarks/results/polars_engine_crossover_2026-09-30-groupby.csv)",21618024,11180716,291
50000000,"(g2countR2) group-by grid, 2 keys, rows/2 groups, count",polars in-memory,645.556,7958.1,,,,,,,,,,,
50000000,"(g2countR2) group-by grid, 2 keys, rows/2 groups, count",polars streaming,222.674,3274.1,,,,,,,,,,,
50000000,"(g2countR2) group-by grid, 2 keys, rows/2 groups, count","MetalEngine all, cold",187.145,34.0,GroupBy#1[GroupBy>DataFrameScan],,True,1.19,3.45,group_by_multi:count|numeric|memory,50000000,,21616154,,
50000000,"(g2countR2) group-by grid, 2 keys, rows/2 groups, count","MetalEngine all, warm",186.384,29.8,GroupBy#1[GroupBy>DataFrameScan],,True,1.19,3.46,group_by_multi:count|numeric|memory,50000000,,21616154,,
50000000,"(g2countR2) group-by grid, 2 keys, rows/2 groups, count","MetalEngine default, cold",661.415,8182.8,,,True,0.34,0.98,,,"GroupBy#1: rule: estimated 11,180,716 groups over (k1, k2), a Chao1 estimate from a 8,192-row sample, 4,289,711 to 50,000,000: above the measured band for group_by_multi:count at 50,000,000 input rows (taken at 1 to 3,162,277 groups; no count in the estimate's range is; Benchmarks/results/polars_engine_crossover_2026-09-30-groupby.csv)",21616154,11180716,472
50000000,"(g1meanR2) group-by grid, 1 key, rows/2 groups, mean",polars in-memory,428.750,5938.8,,,,,,,,,,,
50000000,"(g1meanR2) group-by grid, 1 key, rows/2 groups, mean",polars streaming,138.099,1885.1,,,,,,,,,,,
50000000,"(g1meanR2) group-by grid, 1 key, rows/2 groups, mean","MetalEngine all, cold",210.846,25.0,GroupBy#1[GroupBy>DataFrameScan],,True,0.65,2.03,group_by:mean|numeric|memory,50000000,,21618024,,
50000000,"(g1meanR2) group-by grid, 1 key, rows/2 groups, mean","MetalEngine all, warm",211.578,19.6,GroupBy#1[GroupBy>DataFrameScan],,True,0.65,2.03,group_by:mean|numeric|memory,50000000,,21618024,,
50000000,"(g1meanR2) group-by grid, 1 key, rows/2 groups, mean","MetalEngine default, cold",444.881,6205.7,,,True,0.31,0.96,,,"GroupBy#1: rule: estimated 11,180,716 groups over (k), a Chao1 estimate from a 8,192-row sample, 4,289,711 to 50,000,000: above the measured band for group_by:mean at 50,000,000 input rows (taken at 3,163 to 3,162,277 groups; no count in the estimate's range is; Benchmarks/results/polars_engine_crossover_2026-09-30-groupby.csv)",21618024,11180716,269
50000000,"(g2meanR2) group-by grid, 2 keys, rows/2 groups, mean",polars in-memory,681.443,9157.6,,,,,,,,,,,
50000000,"(g2meanR2) group-by grid, 2 keys, rows/2 groups, mean",polars streaming,255.108,3569.1,,,,,,,,,,,
50000000,"(g2meanR2) group-by grid, 2 keys, rows/2 groups, mean","MetalEngine all, cold",227.667,29.6,GroupBy#1[GroupBy>DataFrameScan],,True,1.12,2.99,group_by_multi:mean|numeric|memory,50000000,,21616154,,
50000000,"(g2meanR2) group-by grid, 2 keys, rows/2 groups, mean","MetalEngine all, warm",231.625,21.9,GroupBy#1[GroupBy>DataFrameScan],,True,1.10,2.94,group_by_multi:mean|numeric|memory,50000000,,21616154,,
50000000,"(g2meanR2) group-by grid, 2 keys, rows/2 groups, mean","MetalEngine default, cold",696.736,9207.4,,,True,0.37,0.98,,,"GroupBy#1: rule: estimated 11,180,716 groups over (k1, k2), a Chao1 estimate from a 8,192-row sample, 4,289,711 to 50,000,000: above the measured band for group_by_multi:mean at 50,000,000 input rows (taken at 1 to 3,162,277 groups; no count in the estimate's range is; Benchmarks/results/polars_engine_crossover_2026-09-30-groupby.csv)",21616154,11180716,478
50000000,"(g1minmaxR2) group-by grid, 1 key, rows/2 groups, min + max",polars in-memory,458.924,6686.8,,,,,,,,,,,
50000000,"(g1minmaxR2) group-by grid, 1 key, rows/2 groups, min + max",polars streaming,176.170,2464.0,,,,,,,,,,,
50000000,"(g1minmaxR2) group-by grid, 1 key, rows/2 groups, min + max","MetalEngine all, cold",182.880,22.5,GroupBy#1[GroupBy>DataFrameScan],,True,0.96,2.51,group_by:minmax|numeric|memory,50000000,,21618024,,
50000000,"(g1minmaxR2) group-by grid, 1 key, rows/2 groups, min + max","MetalEngine all, warm",183.500,17.8,GroupBy#1[GroupBy>DataFrameScan],,True,0.96,2.50,group_by:minmax|numeric|memory,50000000,,21618024,,
50000000,"(g1minmaxR2) group-by grid, 1 key, rows/2 groups, min + max","MetalEngine default, cold",481.938,6882.9,,,True,0.37,0.95,,,"GroupBy#1: rule: estimated 11,180,716 groups over (k), a Chao1 estimate from a 8,192-row sample, 4,289,711 to 50,000,000: above the measured band for group_by:minmax at 50,000,000 input rows (taken at 1 to 3,162,277 groups; no count in the estimate's range is; Benchmarks/results/polars_engine_crossover_2026-09-30-groupby.csv)",21618024,11180716,5313
50000000,"(g2minmaxR2) group-by grid, 2 keys, rows/2 groups, min + max",polars in-memory,703.564,9795.3,,,,,,,,,,,
50000000,"(g2minmaxR2) group-by grid, 2 keys, rows/2 groups, min + max",polars streaming,307.110,4497.4,,,,,,,,,,,
50000000,"(g2minmaxR2) group-by grid, 2 keys, rows/2 groups, min + max","MetalEngine all, cold",201.204,27.8,GroupBy#1[GroupBy>DataFrameScan],,True,1.53,3.50,group_by_multi:minmax|numeric|memory,50000000,,21616154,,
50000000,"(g2minmaxR2) group-by grid, 2 keys, rows/2 groups, min + max","MetalEngine all, warm",200.113,20.1,GroupBy#1[GroupBy>DataFrameScan],,True,1.53,3.52,group_by_multi:minmax|numeric|memory,50000000,,21616154,,
50000000,"(g2minmaxR2) group-by grid, 2 keys, rows/2 groups, min + max","MetalEngine default, cold",719.903,9921.0,,,True,0.43,0.98,,,"GroupBy#1: rule: estimated 11,180,716 groups over (k1, k2), a Chao1 estimate from a 8,192-row sample, 4,289,711 to 50,000,000: above the measured band for group_by_multi:minmax at 50,000,000 input rows (taken at 1 to 3,162,277 groups; no count in the estimate's range is; Benchmarks/results/polars_engine_crossover_2026-09-30-groupby.csv)",21616154,11180716,10292
50000000,"(g1fsumR2) group-by grid, 1 key, rows/2 groups, Float64 sum",polars in-memory,439.934,5880.2,,,,,,,,,,,
50000000,"(g1fsumR2) group-by grid, 1 key, rows/2 groups, Float64 sum",polars streaming,126.762,1743.1,,,,,,,,,,,
50000000,"(g1fsumR2) group-by grid, 1 key, rows/2 groups, Float64 sum","MetalEngine all, cold",265.619,26.6,GroupBy#1[GroupBy>DataFrameScan],,True,0.48,1.66,group_by:sum|numeric|memory,50000000,,21618024,,
50000000,"(g1fsumR2) group-by grid, 1 key, rows/2 groups, Float64 sum","MetalEngine all, warm",272.255,18.0,GroupBy#1[GroupBy>DataFrameScan],,True,0.47,1.62,group_by:sum|numeric|memory,50000000,,21618024,,
50000000,"(g1fsumR2) group-by grid, 1 key, rows/2 groups, Float64 sum","MetalEngine default, cold",445.549,5843.6,,,True,0.28,0.99,,,"GroupBy#1: rule: estimated 11,180,716 groups over (k), a Chao1 estimate from a 8,192-row sample, 4,289,711 to 50,000,000: above the measured band for group_by:sum at 50,000,000 input rows (taken at 3,163 to 3,162,277 groups; no count in the estimate's range is; Benchmarks/results/polars_engine_crossover_2026-09-30-groupby.csv)",21618024,11180716,267
50000000,"(g2fsumR2) group-by grid, 2 keys, rows/2 groups, Float64 sum",polars in-memory,681.274,8966.6,,,,,,,,,,,
50000000,"(g2fsumR2) group-by grid, 2 keys, rows/2 groups, Float64 sum",polars streaming,247.499,3536.3,,,,,,,,,,,
50000000,"(g2fsumR2) group-by grid, 2 keys, rows/2 groups, Float64 sum","MetalEngine all, cold",277.588,30.8,GroupBy#1[GroupBy>DataFrameScan],,True,0.89,2.45,group_by_multi:sum|numeric|memory,50000000,,21616154,,
50000000,"(g2fsumR2) group-by grid, 2 keys, rows/2 groups, Float64 sum","MetalEngine all, warm",294.102,20.9,GroupBy#1[GroupBy>DataFrameScan],,True,0.84,2.32,group_by_multi:sum|numeric|memory,50000000,,21616154,,
50000000,"(g2fsumR2) group-by grid, 2 keys, rows/2 groups, Float64 sum","MetalEngine default, cold",699.856,9308.3,,,True,0.35,0.97,,,"GroupBy#1: rule: estimated 11,180,716 groups over (k1, k2), a Chao1 estimate from a 8,192-row sample, 4,289,711 to 50,000,000: above the measured band for group_by_multi:sum at 50,000,000 input rows (taken at 448 to 3,162,277 groups; no count in the estimate's range is; Benchmarks/results/polars_engine_crossover_2026-09-30-groupby.csv)",21616154,11180716,10048
