# ArrowMetal 0.2.0 on Apple M4 Max, polars 1.44.1 (16 threads), pyarrow 25.0.1, best of 7, crossover sweep
rows,case,engine,wall_ms,cpu_ms,taken,fallbacks,equal_to_polars,vs_fastest_polars,vs_polars_in_memory,shape,input_rows,rule,groups,groups_estimate,probe_us,row_groups_read_skipped
250000,(a) filtered sum + count,polars in-memory,0.163,0.8,,,,,,,,,,,,
250000,(a) filtered sum + count,polars streaming,0.151,0.4,,,,,,,,,,,,
250000,(a) filtered sum + count,"MetalEngine all, cold",0.727,0.8,Select#3[Select>SimpleProjection>Filter>DataFrameScan],,True,0.21,0.22,aggregate:count+aggregate:sum|numeric|memory,250000,,,,,
250000,(b) filter + group-by 200 keys + sort desc + limit 10,polars in-memory,1.029,11.1,,,,,,,,,,,,
250000,(b) filter + group-by 200 keys + sort desc + limit 10,polars streaming,1.129,9.1,,,,,,,,,,,,
250000,(b) filter + group-by 200 keys + sort desc + limit 10,"MetalEngine all, cold",2.644,3.2,Sort#4[Sort>Filter>GroupBy>Filter>DataFrameScan],,True,0.39,0.39,group_by:count+group_by:sum+top_k|numeric|memory,250000,,,,,
250000,"(c) group-by (region, sub) mean + max",polars in-memory,1.856,19.6,,,,,,,,,,,,
250000,"(c) group-by (region, sub) mean + max",polars streaming,1.487,13.8,,,,,,,,,,,,
250000,"(c) group-by (region, sub) mean + max","MetalEngine all, cold",4.184,3.3,GroupBy#1[GroupBy>DataFrameScan],,True,0.36,0.44,group_by_multi:mean+group_by_multi:minmax|numeric|memory,250000,,10000,,,
250000,(d) projection chain then filter,polars in-memory,0.363,0.4,,,,,,,,,,,,
250000,(d) projection chain then filter,polars streaming,0.194,0.9,,,,,,,,,,,,
250000,(d) projection chain then filter,"MetalEngine all, cold",1.619,1.1,Filter#2[Filter>Select>HStack>DataFrameScan],,True,0.12,0.22,rowwise|numeric|memory,250000,,,,,
250000,(e) inner join then sum,polars in-memory,2.985,24.3,,,,,,,,,,,,
250000,(e) inner join then sum,polars streaming,2.193,20.1,,,,,,,,,,,,
250000,(e) inner join then sum,"MetalEngine all, cold",2.315,1.4,Select#3[Select>SimpleProjection>Join>DataFrameScan>DataFrameScan],,True,0.95,1.29,aggregate:sum+join:inner|numeric|memory,1250000,,,,,
250000,(f) semi join,polars in-memory,0.471,5.6,,,,,,,,,,,,
250000,(f) semi join,polars streaming,0.273,1.2,,,,,,,,,,,,
250000,(f) semi join,"MetalEngine all, cold",1.034,1.2,Join#2[Join>DataFrameScan>DataFrameScan],,True,0.26,0.46,join:semi|numeric|memory,251000,,,,,
250000,(g) row_number over partitions,polars in-memory,1.983,18.2,,,,,,,,,,,,
250000,(g) row_number over partitions,polars streaming,16.466,88.2,,,,,,,,,,,,
250000,(g) row_number over partitions,"MetalEngine all, cold",2.013,18.2,,HStack#1: Expression Window has no ArrowMetal translation.,True,0.99,0.99,,,,,,,
250000,(h) as-of join,polars in-memory,1.717,3.6,,,,,,,,,,,,
250000,(h) as-of join,polars streaming,0.423,2.9,,,,,,,,,,,,
250000,(h) as-of join,"MetalEngine all, cold",1.676,4.3,,"Join#2: A AsOf join is not translated (inner, left, semi and anti are taken).",True,0.25,1.02,,,,,,,
250000,"(i) group-by 1 key, 100 000 groups, sum",polars in-memory,1.620,18.3,,,,,,,,,,,,
250000,"(i) group-by 1 key, 100 000 groups, sum",polars streaming,1.106,10.1,,,,,,,,,,,,
250000,"(i) group-by 1 key, 100 000 groups, sum","MetalEngine all, cold",2.006,2.3,GroupBy#1[GroupBy>DataFrameScan],,True,0.55,0.81,group_by:sum|numeric|memory,250000,,91867,,,
250000,"(j) group-by (k1, k2), sum + count",polars in-memory,2.304,25.7,,,,,,,,,,,,
250000,"(j) group-by (k1, k2), sum + count",polars streaming,1.726,16.0,,,,,,,,,,,,
250000,"(j) group-by (k1, k2), sum + count","MetalEngine all, cold",8.135,6.5,GroupBy#1[GroupBy>DataFrameScan],,True,0.21,0.28,group_by_multi:count+group_by_multi:sum|numeric|memory,250000,,249684,,,
250000,"(k) group-by (String, int32), sum",polars in-memory,2.202,27.7,,,,,,,,,,,,
250000,"(k) group-by (String, int32), sum",polars streaming,1.877,18.1,,,,,,,,,,,,
250000,"(k) group-by (String, int32), sum","MetalEngine all, cold",5.379,5.9,GroupBy#1[GroupBy>DataFrameScan],,True,0.35,0.41,group_by_multi:sum|string|memory,250000,,221070,,,
250000,"(l) group-by (region, sub), Float64 sum + mean",polars in-memory,1.854,21.1,,,,,,,,,,,,
250000,"(l) group-by (region, sub), Float64 sum + mean",polars streaming,1.563,13.0,,,,,,,,,,,,
250000,"(l) group-by (region, sub), Float64 sum + mean","MetalEngine all, cold",4.232,3.5,GroupBy#2[GroupBy>HStack>DataFrameScan],,True,0.37,0.44,group_by_multi:mean+group_by_multi:sum|numeric|memory,250000,,10000,,,
250000,(m) sort 3 columns by an int64 key,polars in-memory,1.316,18.9,,,,,,,,,,,,
250000,(m) sort 3 columns by an int64 key,polars streaming,1.710,20.9,,,,,,,,,,,,
250000,(m) sort 3 columns by an int64 key,"MetalEngine all, cold",2.532,1.0,Sort#2[Sort>DataFrameScan],,True,0.52,0.52,sort|numeric|memory,250000,,,,,
250000,"(n) top 100 by Float64, descending",polars in-memory,1.296,1.6,,,,,,,,,,,,
250000,"(n) top 100 by Float64, descending",polars streaming,0.839,5.7,,,,,,,,,,,,
250000,"(n) top 100 by Float64, descending","MetalEngine all, cold",2.132,1.6,Sort#3[Sort>Filter>DataFrameScan],,True,0.39,0.61,top_k|numeric|memory,250000,,,,,
250000,"(o) sort with a String column, by an int64 key",polars in-memory,1.391,18.4,,,,,,,,,,,,
250000,"(o) sort with a String column, by an int64 key",polars streaming,1.749,20.1,,,,,,,,,,,,
250000,"(o) sort with a String column, by an int64 key","MetalEngine all, cold",2.865,2.0,Sort#2[Sort>DataFrameScan],,True,0.49,0.49,sort|string|memory,250000,,,,,
250000,"(p) filter, then sort by (int32 asc, nullable Float64 desc)",polars in-memory,2.189,24.2,,,,,,,,,,,,
250000,"(p) filter, then sort by (int32 asc, nullable Float64 desc)",polars streaming,2.563,26.9,,,,,,,,,,,,
250000,"(p) filter, then sort by (int32 asc, nullable Float64 desc)","MetalEngine all, cold",4.479,4.8,Sort#3[Sort>HStack>Filter>DataFrameScan],,True,0.49,0.49,sort_helper_keys|string|memory,250000,,,,,
250000,"(q) filter, then sort by (int32 asc, int64 desc)",polars in-memory,1.636,16.7,,,,,,,,,,,,
250000,"(q) filter, then sort by (int32 asc, int64 desc)",polars streaming,1.817,17.5,,,,,,,,,,,,
250000,"(q) filter, then sort by (int32 asc, int64 desc)","MetalEngine all, cold",1.885,1.9,Sort#3[Sort>Filter>DataFrameScan],,True,0.87,0.87,sort|numeric|memory,250000,,,,,
250000,"(r) unique over (region, sub), keep first",polars in-memory,1.252,13.5,,,,,,,,,,,,
250000,"(r) unique over (region, sub), keep first",polars streaming,1.921,18.0,,,,,,,,,,,,
250000,"(r) unique over (region, sub), keep first","MetalEngine all, cold",1.959,2.3,Distinct#1[Distinct>DataFrameScan],,True,0.64,0.64,distinct|numeric|memory,250000,,,,,
250000,(a2) filtered min + max,polars in-memory,0.152,0.5,,,,,,,,,,,,
250000,(a2) filtered min + max,polars streaming,0.157,0.5,,,,,,,,,,,,
250000,(a2) filtered min + max,"MetalEngine all, cold",1.087,1.1,Select#3[Select>SimpleProjection>Filter>DataFrameScan],,True,0.14,0.14,aggregate:minmax|numeric|memory,250000,,,,,
250000,(a3) filtered mean,polars in-memory,0.136,0.5,,,,,,,,,,,,
250000,(a3) filtered mean,polars streaming,0.151,0.4,,,,,,,,,,,,
250000,(a3) filtered mean,"MetalEngine all, cold",1.179,0.9,Select#3[Select>SimpleProjection>Filter>DataFrameScan],,True,0.12,0.12,aggregate:mean|numeric|memory,250000,,,,,
250000,(a4) filtered count,polars in-memory,0.158,1.7,,,,,,,,,,,,
250000,(a4) filtered count,polars streaming,0.124,0.3,,,,,,,,,,,,
250000,(a4) filtered count,"MetalEngine all, cold",0.513,0.6,Select#3[Select>DataFrameScan],,True,0.24,0.31,aggregate:sum|numeric|memory,250000,,,,,
250000,"(t1) group-by 1 key, 200 groups, sum",polars in-memory,0.776,8.8,,,,,,,,,,,,
250000,"(t1) group-by 1 key, 200 groups, sum",polars streaming,0.571,4.6,,,,,,,,,,,,
250000,"(t1) group-by 1 key, 200 groups, sum","MetalEngine all, cold",1.443,1.7,GroupBy#1[GroupBy>DataFrameScan],,True,0.40,0.54,group_by:sum|numeric|memory,250000,,200,,,
250000,"(t2) group-by 1 key, 200 groups, count",polars in-memory,0.626,6.9,,,,,,,,,,,,
250000,"(t2) group-by 1 key, 200 groups, count",polars streaming,0.607,5.4,,,,,,,,,,,,
250000,"(t2) group-by 1 key, 200 groups, count","MetalEngine all, cold",1.274,1.5,GroupBy#1[GroupBy>DataFrameScan],,True,0.48,0.49,group_by:count|numeric|memory,250000,,200,,,
250000,"(t3) group-by 1 key, 200 groups, mean",polars in-memory,0.851,9.5,,,,,,,,,,,,
250000,"(t3) group-by 1 key, 200 groups, mean",polars streaming,0.622,5.5,,,,,,,,,,,,
250000,"(t3) group-by 1 key, 200 groups, mean","MetalEngine all, cold",3.280,2.5,GroupBy#1[GroupBy>DataFrameScan],,True,0.19,0.26,group_by:mean|numeric|memory,250000,,200,,,
250000,"(t4) group-by 1 key, 200 groups, min + max",polars in-memory,0.795,8.2,,,,,,,,,,,,
250000,"(t4) group-by 1 key, 200 groups, min + max",polars streaming,0.731,6.2,,,,,,,,,,,,
250000,"(t4) group-by 1 key, 200 groups, min + max","MetalEngine all, cold",1.514,1.8,GroupBy#1[GroupBy>DataFrameScan],,True,0.48,0.52,group_by:minmax|numeric|memory,250000,,200,,,
250000,"(t5) group-by 1 key, 100 000 groups, count",polars in-memory,1.108,13.0,,,,,,,,,,,,
250000,"(t5) group-by 1 key, 100 000 groups, count",polars streaming,1.158,11.6,,,,,,,,,,,,
250000,"(t5) group-by 1 key, 100 000 groups, count","MetalEngine all, cold",1.443,1.7,GroupBy#1[GroupBy>DataFrameScan],,True,0.77,0.77,group_by:count|numeric|memory,250000,,91867,,,
250000,"(t6) group-by 1 key, 100 000 groups, mean",polars in-memory,1.620,16.9,,,,,,,,,,,,
250000,"(t6) group-by 1 key, 100 000 groups, mean",polars streaming,1.140,8.3,,,,,,,,,,,,
250000,"(t6) group-by 1 key, 100 000 groups, mean","MetalEngine all, cold",3.759,2.3,GroupBy#1[GroupBy>DataFrameScan],,True,0.30,0.43,group_by:mean|numeric|memory,250000,,91867,,,
250000,"(t7) group-by 1 key, 100 000 groups, min + max",polars in-memory,1.671,18.2,,,,,,,,,,,,
250000,"(t7) group-by 1 key, 100 000 groups, min + max",polars streaming,1.171,9.0,,,,,,,,,,,,
250000,"(t7) group-by 1 key, 100 000 groups, min + max","MetalEngine all, cold",1.476,1.8,GroupBy#1[GroupBy>DataFrameScan],,True,0.79,1.13,group_by:minmax|numeric|memory,250000,,91867,,,
250000,"(v1) group-by (region, sub), sum",polars in-memory,1.620,19.2,,,,,,,,,,,,
250000,"(v1) group-by (region, sub), sum",polars streaming,1.467,14.1,,,,,,,,,,,,
250000,"(v1) group-by (region, sub), sum","MetalEngine all, cold",1.595,2.0,GroupBy#1[GroupBy>DataFrameScan],,True,0.92,1.02,group_by_multi:sum|numeric|memory,250000,,10000,,,
250000,"(v2) group-by (region, sub), count",polars in-memory,1.348,14.1,,,,,,,,,,,,
250000,"(v2) group-by (region, sub), count",polars streaming,1.497,14.4,,,,,,,,,,,,
250000,"(v2) group-by (region, sub), count","MetalEngine all, cold",1.674,2.0,GroupBy#1[GroupBy>DataFrameScan],,True,0.81,0.81,group_by_multi:count|numeric|memory,250000,,10000,,,
250000,"(v3) group-by (k1, k2), mean",polars in-memory,2.359,25.8,,,,,,,,,,,,
250000,"(v3) group-by (k1, k2), mean",polars streaming,1.687,15.7,,,,,,,,,,,,
250000,"(v3) group-by (k1, k2), mean","MetalEngine all, cold",8.714,5.7,GroupBy#1[GroupBy>DataFrameScan],,True,0.19,0.27,group_by_multi:mean|numeric|memory,250000,,249684,,,
250000,"(v4) group-by (k1, k2), min + max",polars in-memory,2.509,25.8,,,,,,,,,,,,
250000,"(v4) group-by (k1, k2), min + max",polars streaming,1.796,17.2,,,,,,,,,,,,
250000,"(v4) group-by (k1, k2), min + max","MetalEngine all, cold",5.688,5.7,GroupBy#1[GroupBy>DataFrameScan],,True,0.32,0.44,group_by_multi:minmax|numeric|memory,250000,,249684,,,
250000,"(w1) inner join, 1M-row build side",polars in-memory,2.291,21.1,,,,,,,,,,,,
250000,"(w1) inner join, 1M-row build side",polars streaming,1.919,17.8,,,,,,,,,,,,
250000,"(w1) inner join, 1M-row build side","MetalEngine all, cold",1.845,1.3,Join#2[Join>DataFrameScan>DataFrameScan],,True,1.04,1.24,join:inner|numeric|memory,1250000,,,,,
250000,"(w2) left join, 1M-row build side",polars in-memory,4.975,34.6,,,,,,,,,,,,
250000,"(w2) left join, 1M-row build side",polars streaming,3.431,16.8,,,,,,,,,,,,
250000,"(w2) left join, 1M-row build side","MetalEngine all, cold",2.132,1.6,Join#2[Join>DataFrameScan>DataFrameScan],,True,1.61,2.33,join:left|numeric|memory,1250000,,,,,
250000,"(w3) semi join, 1M-row build side",polars in-memory,3.616,40.5,,,,,,,,,,,,
250000,"(w3) semi join, 1M-row build side",polars streaming,1.736,15.0,,,,,,,,,,,,
250000,"(w3) semi join, 1M-row build side","MetalEngine all, cold",1.985,1.6,Join#2[Join>DataFrameScan>DataFrameScan],,True,0.87,1.82,join:semi|numeric|memory,1250000,,,,,
250000,"(w4) anti join, 1M-row build side",polars in-memory,3.559,41.6,,,,,,,,,,,,
250000,"(w4) anti join, 1M-row build side",polars streaming,1.760,14.8,,,,,,,,,,,,
250000,"(w4) anti join, 1M-row build side","MetalEngine all, cold",2.018,1.6,Join#2[Join>DataFrameScan>DataFrameScan],,True,0.87,1.76,join:anti|numeric|memory,1250000,,,,,
250000,"(x1) unique over (k1, k2), keep first",polars in-memory,1.903,16.3,,,,,,,,,,,,
250000,"(x1) unique over (k1, k2), keep first",polars streaming,1.946,16.9,,,,,,,,,,,,
250000,"(x1) unique over (k1, k2), keep first","MetalEngine all, cold",4.229,4.8,Distinct#2[Distinct>DataFrameScan],,True,0.45,0.45,distinct|numeric|memory,250000,,,,,
250000,"(x2) sort by a nullable Float64 key, descending",polars in-memory,2.076,25.7,,,,,,,,,,,,
250000,"(x2) sort by a nullable Float64 key, descending",polars streaming,2.312,26.8,,,,,,,,,,,,
250000,"(x2) sort by a nullable Float64 key, descending","MetalEngine all, cold",2.650,2.6,Sort#2[Sort>Select>DataFrameScan],,True,0.78,0.78,sort_helper_keys|numeric|memory,250000,,,,,
250000,(x3) top 100 by an int64 key,polars in-memory,1.417,1.6,,,,,,,,,,,,
250000,(x3) top 100 by an int64 key,polars streaming,0.832,5.6,,,,,,,,,,,,
250000,(x3) top 100 by an int64 key,"MetalEngine all, cold",1.507,1.1,Sort#3[Sort>Filter>DataFrameScan],,True,0.55,0.94,top_k|numeric|memory,250000,,,,,
250000,"(y1) group-by a String key (1000 values), sum",polars in-memory,1.382,17.0,,,,,,,,,,,,
250000,"(y1) group-by a String key (1000 values), sum",polars streaming,0.799,7.7,,,,,,,,,,,,
250000,"(y1) group-by a String key (1000 values), sum","MetalEngine all, cold",3.148,3.9,GroupBy#1[GroupBy>DataFrameScan],,True,0.25,0.44,group_by:sum|string|memory,250000,,1000,,,
250000,(y2) filter by a String equality,polars in-memory,0.140,0.2,,,,,,,,,,,,
250000,(y2) filter by a String equality,polars streaming,0.133,0.4,,,,,,,,,,,,
250000,(y2) filter by a String equality,"MetalEngine all, cold",1.055,1.1,Filter#2[Filter>DataFrameScan],,True,0.13,0.13,rowwise|string|memory,250000,,,,,
250000,"(y3) filter by a String prefix, then sum",polars in-memory,0.884,1.1,,,,,,,,,,,,
250000,"(y3) filter by a String prefix, then sum",polars streaming,0.255,1.4,,,,,,,,,,,,
250000,"(y3) filter by a String prefix, then sum","MetalEngine all, cold",0.816,0.8,Select#2[Select>SimpleProjection>Filter>DataFrameScan],,True,0.31,1.08,aggregate:sum|string|memory,250000,,,,,
250000,(y4) inner join on a String key,polars in-memory,0.927,11.5,,,,,,,,,,,,
250000,(y4) inner join on a String key,polars streaming,0.801,6.1,,,,,,,,,,,,
250000,(y4) inner join on a String key,"MetalEngine all, cold",4.604,5.3,Join#3[Join>DataFrameScan>DataFrameScan],,True,0.17,0.20,join:inner|string|memory,250500,,,,,
250000,"(y5) unique over (String, int32), keep first",polars in-memory,1.748,16.6,,,,,,,,,,,,
250000,"(y5) unique over (String, int32), keep first",polars streaming,2.097,18.4,,,,,,,,,,,,
250000,"(y5) unique over (String, int32), keep first","MetalEngine all, cold",5.720,5.6,Distinct#2[Distinct>DataFrameScan],,True,0.31,0.31,distinct|string|memory,250000,,,,,
250000,(y6) top 100 by an int64 key with a String column,polars in-memory,1.458,1.6,,,,,,,,,,,,
250000,(y6) top 100 by an int64 key with a String column,polars streaming,0.738,4.9,,,,,,,,,,,,
250000,(y6) top 100 by an int64 key with a String column,"MetalEngine all, cold",1.874,1.4,Sort#3[Sort>Filter>DataFrameScan],,True,0.39,0.78,top_k|string|memory,250000,,,,,
250000,"(g1sum200) group-by grid, 1 key, 200 groups, sum",polars in-memory,0.781,9.0,,,,,,,,,,,,
250000,"(g1sum200) group-by grid, 1 key, 200 groups, sum",polars streaming,0.664,4.6,,,,,,,,,,,,
250000,"(g1sum200) group-by grid, 1 key, 200 groups, sum","MetalEngine all, cold",1.360,1.6,GroupBy#1[GroupBy>DataFrameScan],,True,0.49,0.57,group_by:sum|numeric|memory,250000,,200,,,
250000,"(g2sum200) group-by grid, 2 keys, 200 groups, sum",polars in-memory,1.289,15.1,,,,,,,,,,,,
250000,"(g2sum200) group-by grid, 2 keys, 200 groups, sum",polars streaming,0.870,7.6,,,,,,,,,,,,
250000,"(g2sum200) group-by grid, 2 keys, 200 groups, sum","MetalEngine all, cold",1.748,2.1,GroupBy#1[GroupBy>DataFrameScan],,True,0.50,0.74,group_by_multi:sum|numeric|memory,250000,,200,,,
250000,"(g1count200) group-by grid, 1 key, 200 groups, count",polars in-memory,0.659,7.6,,,,,,,,,,,,
250000,"(g1count200) group-by grid, 1 key, 200 groups, count",polars streaming,0.698,5.4,,,,,,,,,,,,
250000,"(g1count200) group-by grid, 1 key, 200 groups, count","MetalEngine all, cold",1.269,1.5,GroupBy#1[GroupBy>DataFrameScan],,True,0.52,0.52,group_by:count|numeric|memory,250000,,200,,,
250000,"(g2count200) group-by grid, 2 keys, 200 groups, count",polars in-memory,1.126,14.2,,,,,,,,,,,,
250000,"(g2count200) group-by grid, 2 keys, 200 groups, count",polars streaming,0.870,7.7,,,,,,,,,,,,
250000,"(g2count200) group-by grid, 2 keys, 200 groups, count","MetalEngine all, cold",1.696,2.1,GroupBy#1[GroupBy>DataFrameScan],,True,0.51,0.66,group_by_multi:count|numeric|memory,250000,,200,,,
250000,"(g1mean200) group-by grid, 1 key, 200 groups, mean",polars in-memory,0.853,10.0,,,,,,,,,,,,
250000,"(g1mean200) group-by grid, 1 key, 200 groups, mean",polars streaming,0.640,5.8,,,,,,,,,,,,
250000,"(g1mean200) group-by grid, 1 key, 200 groups, mean","MetalEngine all, cold",3.069,2.5,GroupBy#1[GroupBy>DataFrameScan],,True,0.21,0.28,group_by:mean|numeric|memory,250000,,200,,,
250000,"(g2mean200) group-by grid, 2 keys, 200 groups, mean",polars in-memory,1.399,16.1,,,,,,,,,,,,
250000,"(g2mean200) group-by grid, 2 keys, 200 groups, mean",polars streaming,0.892,8.9,,,,,,,,,,,,
250000,"(g2mean200) group-by grid, 2 keys, 200 groups, mean","MetalEngine all, cold",3.459,3.0,GroupBy#1[GroupBy>DataFrameScan],,True,0.26,0.40,group_by_multi:mean|numeric|memory,250000,,200,,,
250000,"(g1minmax200) group-by grid, 1 key, 200 groups, min + max",polars in-memory,0.748,9.8,,,,,,,,,,,,
250000,"(g1minmax200) group-by grid, 1 key, 200 groups, min + max",polars streaming,0.683,6.0,,,,,,,,,,,,
250000,"(g1minmax200) group-by grid, 1 key, 200 groups, min + max","MetalEngine all, cold",1.574,1.9,GroupBy#1[GroupBy>DataFrameScan],,True,0.43,0.48,group_by:minmax|numeric|memory,250000,,200,,,
250000,"(g2minmax200) group-by grid, 2 keys, 200 groups, min + max",polars in-memory,1.457,17.0,,,,,,,,,,,,
250000,"(g2minmax200) group-by grid, 2 keys, 200 groups, min + max",polars streaming,0.963,8.9,,,,,,,,,,,,
250000,"(g2minmax200) group-by grid, 2 keys, 200 groups, min + max","MetalEngine all, cold",1.992,2.4,GroupBy#1[GroupBy>DataFrameScan],,True,0.48,0.73,group_by_multi:minmax|numeric|memory,250000,,200,,,
250000,"(g1sum1k) group-by grid, 1 key, 1 000 groups, sum",polars in-memory,0.906,9.5,,,,,,,,,,,,
250000,"(g1sum1k) group-by grid, 1 key, 1 000 groups, sum",polars streaming,0.787,6.6,,,,,,,,,,,,
250000,"(g1sum1k) group-by grid, 1 key, 1 000 groups, sum","MetalEngine all, cold",1.531,1.8,GroupBy#1[GroupBy>DataFrameScan],,True,0.51,0.59,group_by:sum|numeric|memory,250000,,1000,,,
250000,"(g2sum1k) group-by grid, 2 keys, 1 000 groups, sum",polars in-memory,1.687,18.1,,,,,,,,,,,,
250000,"(g2sum1k) group-by grid, 2 keys, 1 000 groups, sum",polars streaming,1.071,9.3,,,,,,,,,,,,
250000,"(g2sum1k) group-by grid, 2 keys, 1 000 groups, sum","MetalEngine all, cold",1.875,2.3,GroupBy#1[GroupBy>DataFrameScan],,True,0.57,0.90,group_by_multi:sum|numeric|memory,250000,,1000,,,
250000,"(g1count1k) group-by grid, 1 key, 1 000 groups, count",polars in-memory,0.681,7.8,,,,,,,,,,,,
250000,"(g1count1k) group-by grid, 1 key, 1 000 groups, count",polars streaming,0.757,7.1,,,,,,,,,,,,
250000,"(g1count1k) group-by grid, 1 key, 1 000 groups, count","MetalEngine all, cold",1.343,1.7,GroupBy#1[GroupBy>DataFrameScan],,True,0.51,0.51,group_by:count|numeric|memory,250000,,1000,,,
250000,"(g2count1k) group-by grid, 2 keys, 1 000 groups, count",polars in-memory,1.237,15.3,,,,,,,,,,,,
250000,"(g2count1k) group-by grid, 2 keys, 1 000 groups, count",polars streaming,1.001,9.3,,,,,,,,,,,,
250000,"(g2count1k) group-by grid, 2 keys, 1 000 groups, count","MetalEngine all, cold",1.681,2.0,GroupBy#1[GroupBy>DataFrameScan],,True,0.60,0.74,group_by_multi:count|numeric|memory,250000,,1000,,,
250000,"(g1mean1k) group-by grid, 1 key, 1 000 groups, mean",polars in-memory,1.038,10.9,,,,,,,,,,,,
250000,"(g1mean1k) group-by grid, 1 key, 1 000 groups, mean",polars streaming,0.708,7.3,,,,,,,,,,,,
250000,"(g1mean1k) group-by grid, 1 key, 1 000 groups, mean","MetalEngine all, cold",2.465,2.4,GroupBy#1[GroupBy>DataFrameScan],,True,0.29,0.42,group_by:mean|numeric|memory,250000,,1000,,,
250000,"(g2mean1k) group-by grid, 2 keys, 1 000 groups, mean",polars in-memory,1.497,18.4,,,,,,,,,,,,
250000,"(g2mean1k) group-by grid, 2 keys, 1 000 groups, mean",polars streaming,1.096,9.2,,,,,,,,,,,,
250000,"(g2mean1k) group-by grid, 2 keys, 1 000 groups, mean","MetalEngine all, cold",2.865,2.8,GroupBy#1[GroupBy>DataFrameScan],,True,0.38,0.52,group_by_multi:mean|numeric|memory,250000,,1000,,,
250000,"(g1minmax1k) group-by grid, 1 key, 1 000 groups, min + max",polars in-memory,0.895,9.5,,,,,,,,,,,,
250000,"(g1minmax1k) group-by grid, 1 key, 1 000 groups, min + max",polars streaming,0.756,6.7,,,,,,,,,,,,
250000,"(g1minmax1k) group-by grid, 1 key, 1 000 groups, min + max","MetalEngine all, cold",1.549,1.9,GroupBy#1[GroupBy>DataFrameScan],,True,0.49,0.58,group_by:minmax|numeric|memory,250000,,1000,,,
250000,"(g2minmax1k) group-by grid, 2 keys, 1 000 groups, min + max",polars in-memory,1.239,15.5,,,,,,,,,,,,
250000,"(g2minmax1k) group-by grid, 2 keys, 1 000 groups, min + max",polars streaming,1.072,9.0,,,,,,,,,,,,
250000,"(g2minmax1k) group-by grid, 2 keys, 1 000 groups, min + max","MetalEngine all, cold",2.007,2.4,GroupBy#1[GroupBy>DataFrameScan],,True,0.53,0.62,group_by_multi:minmax|numeric|memory,250000,,1000,,,
250000,"(g1sum10k) group-by grid, 1 key, 10 000 groups, sum",polars in-memory,1.299,12.4,,,,,,,,,,,,
250000,"(g1sum10k) group-by grid, 1 key, 10 000 groups, sum",polars streaming,1.063,9.6,,,,,,,,,,,,
250000,"(g1sum10k) group-by grid, 1 key, 10 000 groups, sum","MetalEngine all, cold",1.461,1.8,GroupBy#1[GroupBy>DataFrameScan],,True,0.73,0.89,group_by:sum|numeric|memory,250000,,10000,,,
250000,"(g2sum10k) group-by grid, 2 keys, 10 000 groups, sum",polars in-memory,1.789,20.7,,,,,,,,,,,,
250000,"(g2sum10k) group-by grid, 2 keys, 10 000 groups, sum",polars streaming,1.421,11.8,,,,,,,,,,,,
250000,"(g2sum10k) group-by grid, 2 keys, 10 000 groups, sum","MetalEngine all, cold",1.885,2.3,GroupBy#1[GroupBy>DataFrameScan],,True,0.75,0.95,group_by_multi:sum|numeric|memory,250000,,10000,,,
250000,"(g1count10k) group-by grid, 1 key, 10 000 groups, count",polars in-memory,0.883,9.3,,,,,,,,,,,,
250000,"(g1count10k) group-by grid, 1 key, 10 000 groups, count",polars streaming,1.031,9.9,,,,,,,,,,,,
250000,"(g1count10k) group-by grid, 1 key, 10 000 groups, count","MetalEngine all, cold",1.312,1.6,GroupBy#1[GroupBy>DataFrameScan],,True,0.67,0.67,group_by:count|numeric|memory,250000,,10000,,,
250000,"(g2count10k) group-by grid, 2 keys, 10 000 groups, count",polars in-memory,1.412,13.4,,,,,,,,,,,,
250000,"(g2count10k) group-by grid, 2 keys, 10 000 groups, count",polars streaming,1.455,13.5,,,,,,,,,,,,
250000,"(g2count10k) group-by grid, 2 keys, 10 000 groups, count","MetalEngine all, cold",1.676,2.0,GroupBy#1[GroupBy>DataFrameScan],,True,0.84,0.84,group_by_multi:count|numeric|memory,250000,,10000,,,
250000,"(g1mean10k) group-by grid, 1 key, 10 000 groups, mean",polars in-memory,1.205,12.2,,,,,,,,,,,,
250000,"(g1mean10k) group-by grid, 1 key, 10 000 groups, mean",polars streaming,1.105,9.6,,,,,,,,,,,,
250000,"(g1mean10k) group-by grid, 1 key, 10 000 groups, mean","MetalEngine all, cold",3.205,2.4,GroupBy#1[GroupBy>DataFrameScan],,True,0.34,0.38,group_by:mean|numeric|memory,250000,,10000,,,
250000,"(g2mean10k) group-by grid, 2 keys, 10 000 groups, mean",polars in-memory,1.635,18.4,,,,,,,,,,,,
250000,"(g2mean10k) group-by grid, 2 keys, 10 000 groups, mean",polars streaming,1.497,11.5,,,,,,,,,,,,
250000,"(g2mean10k) group-by grid, 2 keys, 10 000 groups, mean","MetalEngine all, cold",3.562,2.9,GroupBy#1[GroupBy>DataFrameScan],,True,0.42,0.46,group_by_multi:mean|numeric|memory,250000,,10000,,,
250000,"(g1minmax10k) group-by grid, 1 key, 10 000 groups, min + max",polars in-memory,1.218,11.6,,,,,,,,,,,,
250000,"(g1minmax10k) group-by grid, 1 key, 10 000 groups, min + max",polars streaming,1.069,9.0,,,,,,,,,,,,
250000,"(g1minmax10k) group-by grid, 1 key, 10 000 groups, min + max","MetalEngine all, cold",1.911,2.1,GroupBy#1[GroupBy>DataFrameScan],,True,0.56,0.64,group_by:minmax|numeric|memory,250000,,10000,,,
250000,"(g2minmax10k) group-by grid, 2 keys, 10 000 groups, min + max",polars in-memory,1.784,20.4,,,,,,,,,,,,
250000,"(g2minmax10k) group-by grid, 2 keys, 10 000 groups, min + max",polars streaming,1.541,14.1,,,,,,,,,,,,
250000,"(g2minmax10k) group-by grid, 2 keys, 10 000 groups, min + max","MetalEngine all, cold",2.259,2.5,GroupBy#1[GroupBy>DataFrameScan],,True,0.68,0.79,group_by_multi:minmax|numeric|memory,250000,,10000,,,
250000,"(g1sum100k) group-by grid, 1 key, 100 000 groups, sum",polars in-memory,1.574,18.8,,,,,,,,,,,,
250000,"(g1sum100k) group-by grid, 1 key, 100 000 groups, sum",polars streaming,1.110,10.5,,,,,,,,,,,,
250000,"(g1sum100k) group-by grid, 1 key, 100 000 groups, sum","MetalEngine all, cold",1.807,2.1,GroupBy#1[GroupBy>DataFrameScan],,True,0.61,0.87,group_by:sum|numeric|memory,250000,,91923,,,
250000,"(g2sum100k) group-by grid, 2 keys, 100 000 groups, sum",polars in-memory,1.962,25.5,,,,,,,,,,,,
250000,"(g2sum100k) group-by grid, 2 keys, 100 000 groups, sum",polars streaming,1.573,15.7,,,,,,,,,,,,
250000,"(g2sum100k) group-by grid, 2 keys, 100 000 groups, sum","MetalEngine all, cold",2.252,2.6,GroupBy#1[GroupBy>DataFrameScan],,True,0.70,0.87,group_by_multi:sum|numeric|memory,250000,,91833,,,
250000,"(g1count100k) group-by grid, 1 key, 100 000 groups, count",polars in-memory,1.139,12.6,,,,,,,,,,,,
250000,"(g1count100k) group-by grid, 1 key, 100 000 groups, count",polars streaming,1.088,9.9,,,,,,,,,,,,
250000,"(g1count100k) group-by grid, 1 key, 100 000 groups, count","MetalEngine all, cold",1.435,1.7,GroupBy#1[GroupBy>DataFrameScan],,True,0.76,0.79,group_by:count|numeric|memory,250000,,91923,,,
250000,"(g2count100k) group-by grid, 2 keys, 100 000 groups, count",polars in-memory,1.592,17.5,,,,,,,,,,,,
250000,"(g2count100k) group-by grid, 2 keys, 100 000 groups, count",polars streaming,1.596,15.7,,,,,,,,,,,,
250000,"(g2count100k) group-by grid, 2 keys, 100 000 groups, count","MetalEngine all, cold",1.822,2.2,GroupBy#1[GroupBy>DataFrameScan],,True,0.87,0.87,group_by_multi:count|numeric|memory,250000,,91833,,,
250000,"(g1mean100k) group-by grid, 1 key, 100 000 groups, mean",polars in-memory,1.648,15.9,,,,,,,,,,,,
250000,"(g1mean100k) group-by grid, 1 key, 100 000 groups, mean",polars streaming,1.132,10.9,,,,,,,,,,,,
250000,"(g1mean100k) group-by grid, 1 key, 100 000 groups, mean","MetalEngine all, cold",3.819,2.2,GroupBy#1[GroupBy>DataFrameScan],,True,0.30,0.43,group_by:mean|numeric|memory,250000,,91923,,,
250000,"(g2mean100k) group-by grid, 2 keys, 100 000 groups, mean",polars in-memory,1.971,22.3,,,,,,,,,,,,
250000,"(g2mean100k) group-by grid, 2 keys, 100 000 groups, mean",polars streaming,1.605,15.1,,,,,,,,,,,,
250000,"(g2mean100k) group-by grid, 2 keys, 100 000 groups, mean","MetalEngine all, cold",3.644,2.7,GroupBy#1[GroupBy>DataFrameScan],,True,0.44,0.54,group_by_multi:mean|numeric|memory,250000,,91833,,,
250000,"(g1minmax100k) group-by grid, 1 key, 100 000 groups, min + max",polars in-memory,1.735,17.7,,,,,,,,,,,,
250000,"(g1minmax100k) group-by grid, 1 key, 100 000 groups, min + max",polars streaming,1.324,11.8,,,,,,,,,,,,
250000,"(g1minmax100k) group-by grid, 1 key, 100 000 groups, min + max","MetalEngine all, cold",2.221,2.2,GroupBy#1[GroupBy>DataFrameScan],,True,0.60,0.78,group_by:minmax|numeric|memory,250000,,91923,,,
250000,"(g2minmax100k) group-by grid, 2 keys, 100 000 groups, min + max",polars in-memory,2.013,23.2,,,,,,,,,,,,
250000,"(g2minmax100k) group-by grid, 2 keys, 100 000 groups, min + max",polars streaming,1.711,16.0,,,,,,,,,,,,
250000,"(g2minmax100k) group-by grid, 2 keys, 100 000 groups, min + max","MetalEngine all, cold",2.583,2.6,GroupBy#1[GroupBy>DataFrameScan],,True,0.66,0.78,group_by_multi:minmax|numeric|memory,250000,,91833,,,
250000,"(g1sum1M) group-by grid, 1 key, 1 000 000 groups, sum",polars in-memory,1.569,17.8,,,,,,,,,,,,
250000,"(g1sum1M) group-by grid, 1 key, 1 000 000 groups, sum",polars streaming,1.150,11.3,,,,,,,,,,,,
250000,"(g1sum1M) group-by grid, 1 key, 1 000 000 groups, sum","MetalEngine all, cold",2.479,2.5,GroupBy#1[GroupBy>DataFrameScan],,True,0.46,0.63,group_by:sum|numeric|memory,250000,,221573,,,
250000,"(g2sum1M) group-by grid, 2 keys, 1 000 000 groups, sum",polars in-memory,1.960,25.1,,,,,,,,,,,,
250000,"(g2sum1M) group-by grid, 2 keys, 1 000 000 groups, sum",polars streaming,1.706,16.0,,,,,,,,,,,,
250000,"(g2sum1M) group-by grid, 2 keys, 1 000 000 groups, sum","MetalEngine all, cold",3.815,4.0,GroupBy#1[GroupBy>DataFrameScan],,True,0.45,0.51,group_by_multi:sum|numeric|memory,250000,,221491,,,
250000,"(g1count1M) group-by grid, 1 key, 1 000 000 groups, count",polars in-memory,1.132,11.3,,,,,,,,,,,,
250000,"(g1count1M) group-by grid, 1 key, 1 000 000 groups, count",polars streaming,1.130,9.8,,,,,,,,,,,,
250000,"(g1count1M) group-by grid, 1 key, 1 000 000 groups, count","MetalEngine all, cold",2.057,2.1,GroupBy#1[GroupBy>DataFrameScan],,True,0.55,0.55,group_by:count|numeric|memory,250000,,221573,,,
250000,"(g2count1M) group-by grid, 2 keys, 1 000 000 groups, count",polars in-memory,1.599,18.8,,,,,,,,,,,,
250000,"(g2count1M) group-by grid, 2 keys, 1 000 000 groups, count",polars streaming,1.697,15.3,,,,,,,,,,,,
250000,"(g2count1M) group-by grid, 2 keys, 1 000 000 groups, count","MetalEngine all, cold",3.455,3.7,GroupBy#1[GroupBy>DataFrameScan],,True,0.46,0.46,group_by_multi:count|numeric|memory,250000,,221491,,,
250000,"(g1mean1M) group-by grid, 1 key, 1 000 000 groups, mean",polars in-memory,1.730,18.1,,,,,,,,,,,,
250000,"(g1mean1M) group-by grid, 1 key, 1 000 000 groups, mean",polars streaming,1.202,10.3,,,,,,,,,,,,
250000,"(g1mean1M) group-by grid, 1 key, 1 000 000 groups, mean","MetalEngine all, cold",5.555,2.5,GroupBy#1[GroupBy>DataFrameScan],,True,0.22,0.31,group_by:mean|numeric|memory,250000,,221573,,,
250000,"(g2mean1M) group-by grid, 2 keys, 1 000 000 groups, mean",polars in-memory,2.256,25.6,,,,,,,,,,,,
250000,"(g2mean1M) group-by grid, 2 keys, 1 000 000 groups, mean",polars streaming,1.704,16.5,,,,,,,,,,,,
250000,"(g2mean1M) group-by grid, 2 keys, 1 000 000 groups, mean","MetalEngine all, cold",6.368,3.7,GroupBy#1[GroupBy>DataFrameScan],,True,0.27,0.35,group_by_multi:mean|numeric|memory,250000,,221491,,,
250000,"(g1minmax1M) group-by grid, 1 key, 1 000 000 groups, min + max",polars in-memory,1.956,21.4,,,,,,,,,,,,
250000,"(g1minmax1M) group-by grid, 1 key, 1 000 000 groups, min + max",polars streaming,1.281,11.1,,,,,,,,,,,,
250000,"(g1minmax1M) group-by grid, 1 key, 1 000 000 groups, min + max","MetalEngine all, cold",2.154,2.4,GroupBy#1[GroupBy>DataFrameScan],,True,0.59,0.91,group_by:minmax|numeric|memory,250000,,221573,,,
250000,"(g2minmax1M) group-by grid, 2 keys, 1 000 000 groups, min + max",polars in-memory,2.429,26.8,,,,,,,,,,,,
250000,"(g2minmax1M) group-by grid, 2 keys, 1 000 000 groups, min + max",polars streaming,1.798,16.6,,,,,,,,,,,,
250000,"(g2minmax1M) group-by grid, 2 keys, 1 000 000 groups, min + max","MetalEngine all, cold",4.100,4.0,GroupBy#1[GroupBy>DataFrameScan],,True,0.44,0.59,group_by_multi:minmax|numeric|memory,250000,,221491,,,
250000,"(g1sumR2) group-by grid, 1 key, rows/2 groups, sum",polars in-memory,1.601,18.3,,,,,,,,,,,,
250000,"(g1sumR2) group-by grid, 1 key, rows/2 groups, sum",polars streaming,1.091,10.8,,,,,,,,,,,,
250000,"(g1sumR2) group-by grid, 1 key, rows/2 groups, sum","MetalEngine all, cold",1.856,2.2,GroupBy#1[GroupBy>DataFrameScan],,True,0.59,0.86,group_by:sum|numeric|memory,250000,,108027,,,
250000,"(g2sumR2) group-by grid, 2 keys, rows/2 groups, sum",polars in-memory,2.092,25.1,,,,,,,,,,,,
250000,"(g2sumR2) group-by grid, 2 keys, rows/2 groups, sum",polars streaming,1.610,15.8,,,,,,,,,,,,
250000,"(g2sumR2) group-by grid, 2 keys, rows/2 groups, sum","MetalEngine all, cold",2.335,2.7,GroupBy#1[GroupBy>DataFrameScan],,True,0.69,0.90,group_by_multi:sum|numeric|memory,250000,,108220,,,
250000,"(g1countR2) group-by grid, 1 key, rows/2 groups, count",polars in-memory,1.184,12.8,,,,,,,,,,,,
250000,"(g1countR2) group-by grid, 1 key, rows/2 groups, count",polars streaming,1.110,10.7,,,,,,,,,,,,
250000,"(g1countR2) group-by grid, 1 key, rows/2 groups, count","MetalEngine all, cold",1.535,1.8,GroupBy#1[GroupBy>DataFrameScan],,True,0.72,0.77,group_by:count|numeric|memory,250000,,108027,,,
250000,"(g2countR2) group-by grid, 2 keys, rows/2 groups, count",polars in-memory,1.667,21.1,,,,,,,,,,,,
250000,"(g2countR2) group-by grid, 2 keys, rows/2 groups, count",polars streaming,1.567,15.4,,,,,,,,,,,,
250000,"(g2countR2) group-by grid, 2 keys, rows/2 groups, count","MetalEngine all, cold",1.973,2.4,GroupBy#1[GroupBy>DataFrameScan],,True,0.79,0.84,group_by_multi:count|numeric|memory,250000,,108220,,,
250000,"(g1meanR2) group-by grid, 1 key, rows/2 groups, mean",polars in-memory,1.599,15.7,,,,,,,,,,,,
250000,"(g1meanR2) group-by grid, 1 key, rows/2 groups, mean",polars streaming,1.122,10.4,,,,,,,,,,,,
250000,"(g1meanR2) group-by grid, 1 key, rows/2 groups, mean","MetalEngine all, cold",3.594,2.2,GroupBy#1[GroupBy>DataFrameScan],,True,0.31,0.44,group_by:mean|numeric|memory,250000,,108027,,,
250000,"(g2meanR2) group-by grid, 2 keys, rows/2 groups, mean",polars in-memory,2.296,23.7,,,,,,,,,,,,
250000,"(g2meanR2) group-by grid, 2 keys, rows/2 groups, mean",polars streaming,1.582,13.9,,,,,,,,,,,,
250000,"(g2meanR2) group-by grid, 2 keys, rows/2 groups, mean","MetalEngine all, cold",3.774,2.5,GroupBy#1[GroupBy>DataFrameScan],,True,0.42,0.61,group_by_multi:mean|numeric|memory,250000,,108220,,,
250000,"(g1minmaxR2) group-by grid, 1 key, rows/2 groups, min + max",polars in-memory,1.708,19.5,,,,,,,,,,,,
250000,"(g1minmaxR2) group-by grid, 1 key, rows/2 groups, min + max",polars streaming,1.232,9.9,,,,,,,,,,,,
250000,"(g1minmaxR2) group-by grid, 1 key, rows/2 groups, min + max","MetalEngine all, cold",2.307,2.3,GroupBy#1[GroupBy>DataFrameScan],,True,0.53,0.74,group_by:minmax|numeric|memory,250000,,108027,,,
250000,"(g2minmaxR2) group-by grid, 2 keys, rows/2 groups, min + max",polars in-memory,2.344,27.1,,,,,,,,,,,,
250000,"(g2minmaxR2) group-by grid, 2 keys, rows/2 groups, min + max",polars streaming,1.728,15.9,,,,,,,,,,,,
250000,"(g2minmaxR2) group-by grid, 2 keys, rows/2 groups, min + max","MetalEngine all, cold",2.707,2.7,GroupBy#1[GroupBy>DataFrameScan],,True,0.64,0.87,group_by_multi:minmax|numeric|memory,250000,,108220,,,
500000,(a) filtered sum + count,polars in-memory,0.201,0.6,,,,,,,,,,,,
500000,(a) filtered sum + count,polars streaming,0.150,0.4,,,,,,,,,,,,
500000,(a) filtered sum + count,"MetalEngine all, cold",0.804,0.9,Select#3[Select>SimpleProjection>Filter>DataFrameScan],,True,0.19,0.25,aggregate:count+aggregate:sum|numeric|memory,500000,,,,,
500000,(b) filter + group-by 200 keys + sort desc + limit 10,polars in-memory,1.328,14.0,,,,,,,,,,,,
500000,(b) filter + group-by 200 keys + sort desc + limit 10,polars streaming,1.173,10.0,,,,,,,,,,,,
500000,(b) filter + group-by 200 keys + sort desc + limit 10,"MetalEngine all, cold",2.897,3.4,Sort#4[Sort>Filter>GroupBy>Filter>DataFrameScan],,True,0.40,0.46,group_by:count+group_by:sum+top_k|numeric|memory,500000,,,,,
500000,"(c) group-by (region, sub) mean + max",polars in-memory,2.577,28.0,,,,,,,,,,,,
500000,"(c) group-by (region, sub) mean + max",polars streaming,2.287,22.7,,,,,,,,,,,,
500000,"(c) group-by (region, sub) mean + max","MetalEngine all, cold",3.338,3.6,GroupBy#1[GroupBy>DataFrameScan],,True,0.69,0.77,group_by_multi:mean+group_by_multi:minmax|numeric|memory,500000,,10000,,,
500000,(d) projection chain then filter,polars in-memory,0.682,0.7,,,,,,,,,,,,
500000,(d) projection chain then filter,polars streaming,0.265,1.4,,,,,,,,,,,,
500000,(d) projection chain then filter,"MetalEngine all, cold",3.425,1.1,Filter#2[Filter>Select>HStack>DataFrameScan],,True,0.08,0.20,rowwise|numeric|memory,500000,,,,,
500000,(e) inner join then sum,polars in-memory,5.612,41.0,,,,,,,,,,,,
500000,(e) inner join then sum,polars streaming,3.479,33.7,,,,,,,,,,,,
500000,(e) inner join then sum,"MetalEngine all, cold",2.656,1.6,Select#3[Select>SimpleProjection>Join>DataFrameScan>DataFrameScan],,True,1.31,2.11,aggregate:sum+join:inner|numeric|memory,1500000,,,,,
500000,(f) semi join,polars in-memory,0.564,6.9,,,,,,,,,,,,
500000,(f) semi join,polars streaming,0.339,1.9,,,,,,,,,,,,
500000,(f) semi join,"MetalEngine all, cold",0.911,1.1,Join#2[Join>DataFrameScan>DataFrameScan],,True,0.37,0.62,join:semi|numeric|memory,501000,,,,,
500000,(g) row_number over partitions,polars in-memory,3.345,30.9,,,,,,,,,,,,
500000,(g) row_number over partitions,polars streaming,23.008,75.2,,,,,,,,,,,,
500000,(g) row_number over partitions,"MetalEngine all, cold",3.340,31.9,,HStack#1: Expression Window has no ArrowMetal translation.,True,1.00,1.00,,,,,,,
500000,(h) as-of join,polars in-memory,3.075,5.5,,,,,,,,,,,,
500000,(h) as-of join,polars streaming,0.577,4.6,,,,,,,,,,,,
500000,(h) as-of join,"MetalEngine all, cold",3.039,4.4,,"Join#2: A AsOf join is not translated (inner, left, semi and anti are taken).",True,0.19,1.01,,,,,,,
500000,"(i) group-by 1 key, 100 000 groups, sum",polars in-memory,2.272,24.8,,,,,,,,,,,,
500000,"(i) group-by 1 key, 100 000 groups, sum",polars streaming,1.474,13.8,,,,,,,,,,,,
500000,"(i) group-by 1 key, 100 000 groups, sum","MetalEngine all, cold",2.352,2.5,GroupBy#1[GroupBy>DataFrameScan],,True,0.63,0.97,group_by:sum|numeric|memory,500000,,99327,,,
500000,"(j) group-by (k1, k2), sum + count",polars in-memory,4.089,47.0,,,,,,,,,,,,
500000,"(j) group-by (k1, k2), sum + count",polars streaming,2.791,25.7,,,,,,,,,,,,
500000,"(j) group-by (k1, k2), sum + count","MetalEngine all, cold",10.612,8.6,GroupBy#1[GroupBy>DataFrameScan],,True,0.26,0.39,group_by_multi:count+group_by_multi:sum|numeric|memory,500000,,498779,,,
500000,"(k) group-by (String, int32), sum",polars in-memory,3.930,42.8,,,,,,,,,,,,
500000,"(k) group-by (String, int32), sum",polars streaming,2.876,26.9,,,,,,,,,,,,
500000,"(k) group-by (String, int32), sum","MetalEngine all, cold",7.681,7.5,GroupBy#1[GroupBy>DataFrameScan],,True,0.37,0.51,group_by_multi:sum|string|memory,500000,,393300,,,
500000,"(l) group-by (region, sub), Float64 sum + mean",polars in-memory,2.885,32.5,,,,,,,,,,,,
500000,"(l) group-by (region, sub), Float64 sum + mean",polars streaming,2.190,22.2,,,,,,,,,,,,
500000,"(l) group-by (region, sub), Float64 sum + mean","MetalEngine all, cold",5.001,3.9,GroupBy#2[GroupBy>HStack>DataFrameScan],,True,0.44,0.58,group_by_multi:mean+group_by_multi:sum|numeric|memory,500000,,10000,,,
500000,(m) sort 3 columns by an int64 key,polars in-memory,3.071,36.6,,,,,,,,,,,,
500000,(m) sort 3 columns by an int64 key,polars streaming,3.366,36.2,,,,,,,,,,,,
500000,(m) sort 3 columns by an int64 key,"MetalEngine all, cold",2.461,1.6,Sort#2[Sort>DataFrameScan],,True,1.25,1.25,sort|numeric|memory,500000,,,,,
500000,"(n) top 100 by Float64, descending",polars in-memory,3.304,3.4,,,,,,,,,,,,
500000,"(n) top 100 by Float64, descending",polars streaming,0.799,5.3,,,,,,,,,,,,
500000,"(n) top 100 by Float64, descending","MetalEngine all, cold",1.842,1.8,Sort#3[Sort>Filter>DataFrameScan],,True,0.43,1.79,top_k|numeric|memory,500000,,,,,
500000,"(o) sort with a String column, by an int64 key",polars in-memory,3.020,35.9,,,,,,,,,,,,
500000,"(o) sort with a String column, by an int64 key",polars streaming,3.935,37.5,,,,,,,,,,,,
500000,"(o) sort with a String column, by an int64 key","MetalEngine all, cold",4.957,3.9,Sort#2[Sort>DataFrameScan],,True,0.61,0.61,sort|string|memory,500000,,,,,
500000,"(p) filter, then sort by (int32 asc, nullable Float64 desc)",polars in-memory,4.471,50.7,,,,,,,,,,,,
500000,"(p) filter, then sort by (int32 asc, nullable Float64 desc)",polars streaming,4.957,54.3,,,,,,,,,,,,
500000,"(p) filter, then sort by (int32 asc, nullable Float64 desc)","MetalEngine all, cold",6.340,6.8,Sort#3[Sort>HStack>Filter>DataFrameScan],,True,0.71,0.71,sort_helper_keys|string|memory,500000,,,,,
500000,"(q) filter, then sort by (int32 asc, int64 desc)",polars in-memory,2.904,31.4,,,,,,,,,,,,
500000,"(q) filter, then sort by (int32 asc, int64 desc)",polars streaming,3.219,34.3,,,,,,,,,,,,
500000,"(q) filter, then sort by (int32 asc, int64 desc)","MetalEngine all, cold",3.923,2.8,Sort#3[Sort>Filter>DataFrameScan],,True,0.74,0.74,sort|numeric|memory,500000,,,,,
500000,"(r) unique over (region, sub), keep first",polars in-memory,1.770,19.9,,,,,,,,,,,,
500000,"(r) unique over (region, sub), keep first",polars streaming,2.811,29.8,,,,,,,,,,,,
500000,"(r) unique over (region, sub), keep first","MetalEngine all, cold",2.369,2.7,Distinct#1[Distinct>DataFrameScan],,True,0.75,0.75,distinct|numeric|memory,500000,,,,,
500000,(a2) filtered min + max,polars in-memory,0.200,0.7,,,,,,,,,,,,
500000,(a2) filtered min + max,polars streaming,0.169,0.6,,,,,,,,,,,,
500000,(a2) filtered min + max,"MetalEngine all, cold",1.235,1.2,Select#3[Select>SimpleProjection>Filter>DataFrameScan],,True,0.14,0.16,aggregate:minmax|numeric|memory,500000,,,,,
500000,(a3) filtered mean,polars in-memory,0.192,0.7,,,,,,,,,,,,
500000,(a3) filtered mean,polars streaming,0.166,0.5,,,,,,,,,,,,
500000,(a3) filtered mean,"MetalEngine all, cold",1.534,1.0,Select#3[Select>SimpleProjection>Filter>DataFrameScan],,True,0.11,0.13,aggregate:mean|numeric|memory,500000,,,,,
500000,(a4) filtered count,polars in-memory,0.205,1.2,,,,,,,,,,,,
500000,(a4) filtered count,polars streaming,0.134,0.4,,,,,,,,,,,,
500000,(a4) filtered count,"MetalEngine all, cold",0.599,0.7,Select#3[Select>DataFrameScan],,True,0.22,0.34,aggregate:sum|numeric|memory,500000,,,,,
500000,"(t1) group-by 1 key, 200 groups, sum",polars in-memory,1.079,13.4,,,,,,,,,,,,
500000,"(t1) group-by 1 key, 200 groups, sum",polars streaming,0.733,6.8,,,,,,,,,,,,
500000,"(t1) group-by 1 key, 200 groups, sum","MetalEngine all, cold",1.837,2.1,GroupBy#1[GroupBy>DataFrameScan],,True,0.40,0.59,group_by:sum|numeric|memory,500000,,200,,,
500000,"(t2) group-by 1 key, 200 groups, count",polars in-memory,0.983,10.7,,,,,,,,,,,,
500000,"(t2) group-by 1 key, 200 groups, count",polars streaming,0.753,5.4,,,,,,,,,,,,
500000,"(t2) group-by 1 key, 200 groups, count","MetalEngine all, cold",1.608,1.8,GroupBy#1[GroupBy>DataFrameScan],,True,0.47,0.61,group_by:count|numeric|memory,500000,,200,,,
500000,"(t3) group-by 1 key, 200 groups, mean",polars in-memory,1.179,13.6,,,,,,,,,,,,
500000,"(t3) group-by 1 key, 200 groups, mean",polars streaming,0.718,6.9,,,,,,,,,,,,
500000,"(t3) group-by 1 key, 200 groups, mean","MetalEngine all, cold",3.592,3.1,GroupBy#1[GroupBy>DataFrameScan],,True,0.20,0.33,group_by:mean|numeric|memory,500000,,200,,,
500000,"(t4) group-by 1 key, 200 groups, min + max",polars in-memory,1.158,12.3,,,,,,,,,,,,
500000,"(t4) group-by 1 key, 200 groups, min + max",polars streaming,0.820,6.6,,,,,,,,,,,,
500000,"(t4) group-by 1 key, 200 groups, min + max","MetalEngine all, cold",1.956,2.3,GroupBy#1[GroupBy>DataFrameScan],,True,0.42,0.59,group_by:minmax|numeric|memory,500000,,200,,,
500000,"(t5) group-by 1 key, 100 000 groups, count",polars in-memory,1.743,18.4,,,,,,,,,,,,
500000,"(t5) group-by 1 key, 100 000 groups, count",polars streaming,1.349,12.6,,,,,,,,,,,,
500000,"(t5) group-by 1 key, 100 000 groups, count","MetalEngine all, cold",1.786,2.1,GroupBy#1[GroupBy>DataFrameScan],,True,0.76,0.98,group_by:count|numeric|memory,500000,,99327,,,
500000,"(t6) group-by 1 key, 100 000 groups, mean",polars in-memory,2.181,22.3,,,,,,,,,,,,
500000,"(t6) group-by 1 key, 100 000 groups, mean",polars streaming,1.487,13.7,,,,,,,,,,,,
500000,"(t6) group-by 1 key, 100 000 groups, mean","MetalEngine all, cold",5.007,2.7,GroupBy#1[GroupBy>DataFrameScan],,True,0.30,0.44,group_by:mean|numeric|memory,500000,,99327,,,
500000,"(t7) group-by 1 key, 100 000 groups, min + max",polars in-memory,2.457,24.7,,,,,,,,,,,,
500000,"(t7) group-by 1 key, 100 000 groups, min + max",polars streaming,1.614,15.8,,,,,,,,,,,,
500000,"(t7) group-by 1 key, 100 000 groups, min + max","MetalEngine all, cold",3.031,2.6,GroupBy#1[GroupBy>DataFrameScan],,True,0.53,0.81,group_by:minmax|numeric|memory,500000,,99327,,,
500000,"(v1) group-by (region, sub), sum",polars in-memory,2.627,28.7,,,,,,,,,,,,
500000,"(v1) group-by (region, sub), sum",polars streaming,2.184,21.5,,,,,,,,,,,,
500000,"(v1) group-by (region, sub), sum","MetalEngine all, cold",2.417,2.7,GroupBy#1[GroupBy>DataFrameScan],,True,0.90,1.09,group_by_multi:sum|numeric|memory,500000,,10000,,,
500000,"(v2) group-by (region, sub), count",polars in-memory,2.070,23.0,,,,,,,,,,,,
500000,"(v2) group-by (region, sub), count",polars streaming,2.099,20.6,,,,,,,,,,,,
500000,"(v2) group-by (region, sub), count","MetalEngine all, cold",2.056,2.5,GroupBy#1[GroupBy>DataFrameScan],,True,1.01,1.01,group_by_multi:count|numeric|memory,500000,,10000,,,
500000,"(v3) group-by (k1, k2), mean",polars in-memory,4.556,49.1,,,,,,,,,,,,
500000,"(v3) group-by (k1, k2), mean",polars streaming,2.616,25.9,,,,,,,,,,,,
500000,"(v3) group-by (k1, k2), mean","MetalEngine all, cold",13.183,6.8,GroupBy#1[GroupBy>DataFrameScan],,True,0.20,0.35,group_by_multi:mean|numeric|memory,500000,,498779,,,
500000,"(v4) group-by (k1, k2), min + max",polars in-memory,5.011,51.9,,,,,,,,,,,,
500000,"(v4) group-by (k1, k2), min + max",polars streaming,2.716,27.0,,,,,,,,,,,,
500000,"(v4) group-by (k1, k2), min + max","MetalEngine all, cold",5.622,6.5,GroupBy#1[GroupBy>DataFrameScan],,True,0.48,0.89,group_by_multi:minmax|numeric|memory,500000,,498779,,,
500000,"(w1) inner join, 1M-row build side",polars in-memory,4.208,28.2,,,,,,,,,,,,
500000,"(w1) inner join, 1M-row build side",polars streaming,2.838,26.9,,,,,,,,,,,,
500000,"(w1) inner join, 1M-row build side","MetalEngine all, cold",1.549,1.4,Join#2[Join>DataFrameScan>DataFrameScan],,True,1.83,2.72,join:inner|numeric|memory,1500000,,,,,
500000,"(w2) left join, 1M-row build side",polars in-memory,5.527,40.3,,,,,,,,,,,,
500000,"(w2) left join, 1M-row build side",polars streaming,6.373,27.7,,,,,,,,,,,,
500000,"(w2) left join, 1M-row build side","MetalEngine all, cold",2.595,1.8,Join#2[Join>DataFrameScan>DataFrameScan],,True,2.13,2.13,join:left|numeric|memory,1500000,,,,,
500000,"(w3) semi join, 1M-row build side",polars in-memory,3.991,47.1,,,,,,,,,,,,
500000,"(w3) semi join, 1M-row build side",polars streaming,2.144,19.1,,,,,,,,,,,,
500000,"(w3) semi join, 1M-row build side","MetalEngine all, cold",2.537,1.8,Join#2[Join>DataFrameScan>DataFrameScan],,True,0.84,1.57,join:semi|numeric|memory,1500000,,,,,
500000,"(w4) anti join, 1M-row build side",polars in-memory,4.128,46.7,,,,,,,,,,,,
500000,"(w4) anti join, 1M-row build side",polars streaming,2.095,18.8,,,,,,,,,,,,
500000,"(w4) anti join, 1M-row build side","MetalEngine all, cold",2.476,1.8,Join#2[Join>DataFrameScan>DataFrameScan],,True,0.85,1.67,join:anti|numeric|memory,1500000,,,,,
500000,"(x1) unique over (k1, k2), keep first",polars in-memory,3.816,37.2,,,,,,,,,,,,
500000,"(x1) unique over (k1, k2), keep first",polars streaming,3.202,31.2,,,,,,,,,,,,
500000,"(x1) unique over (k1, k2), keep first","MetalEngine all, cold",5.407,6.3,Distinct#2[Distinct>DataFrameScan],,True,0.59,0.71,distinct|numeric|memory,500000,,,,,
500000,"(x2) sort by a nullable Float64 key, descending",polars in-memory,4.270,51.0,,,,,,,,,,,,
500000,"(x2) sort by a nullable Float64 key, descending",polars streaming,4.498,49.8,,,,,,,,,,,,
500000,"(x2) sort by a nullable Float64 key, descending","MetalEngine all, cold",3.097,3.2,Sort#2[Sort>Select>DataFrameScan],,True,1.38,1.38,sort_helper_keys|numeric|memory,500000,,,,,
500000,(x3) top 100 by an int64 key,polars in-memory,3.390,3.5,,,,,,,,,,,,
500000,(x3) top 100 by an int64 key,polars streaming,0.941,6.1,,,,,,,,,,,,
500000,(x3) top 100 by an int64 key,"MetalEngine all, cold",1.568,1.2,Sort#3[Sort>Filter>DataFrameScan],,True,0.60,2.16,top_k|numeric|memory,500000,,,,,
500000,"(y1) group-by a String key (1000 values), sum",polars in-memory,2.128,22.4,,,,,,,,,,,,
500000,"(y1) group-by a String key (1000 values), sum",polars streaming,0.997,9.4,,,,,,,,,,,,
500000,"(y1) group-by a String key (1000 values), sum","MetalEngine all, cold",3.940,4.4,GroupBy#1[GroupBy>DataFrameScan],,True,0.25,0.54,group_by:sum|string|memory,500000,,1000,,,
500000,(y2) filter by a String equality,polars in-memory,0.249,0.4,,,,,,,,,,,,
500000,(y2) filter by a String equality,polars streaming,0.142,0.6,,,,,,,,,,,,
500000,(y2) filter by a String equality,"MetalEngine all, cold",1.274,1.3,Filter#2[Filter>DataFrameScan],,True,0.11,0.20,rowwise|string|memory,500000,,,,,
500000,"(y3) filter by a String prefix, then sum",polars in-memory,1.762,1.9,,,,,,,,,,,,
500000,"(y3) filter by a String prefix, then sum",polars streaming,0.362,2.4,,,,,,,,,,,,
500000,"(y3) filter by a String prefix, then sum","MetalEngine all, cold",0.986,1.0,Select#2[Select>SimpleProjection>Filter>DataFrameScan],,True,0.37,1.79,aggregate:sum|string|memory,500000,,,,,
500000,(y4) inner join on a String key,polars in-memory,1.329,16.7,,,,,,,,,,,,
500000,(y4) inner join on a String key,polars streaming,1.177,10.1,,,,,,,,,,,,
500000,(y4) inner join on a String key,"MetalEngine all, cold",5.820,6.4,Join#3[Join>DataFrameScan>DataFrameScan],,True,0.20,0.23,join:inner|string|memory,500500,,,,,
500000,"(y5) unique over (String, int32), keep first",polars in-memory,3.575,33.7,,,,,,,,,,,,
500000,"(y5) unique over (String, int32), keep first",polars streaming,3.570,36.8,,,,,,,,,,,,
500000,"(y5) unique over (String, int32), keep first","MetalEngine all, cold",7.861,7.5,Distinct#2[Distinct>DataFrameScan],,True,0.45,0.45,distinct|string|memory,500000,,,,,
500000,(y6) top 100 by an int64 key with a String column,polars in-memory,3.267,3.5,,,,,,,,,,,,
500000,(y6) top 100 by an int64 key with a String column,polars streaming,0.979,6.7,,,,,,,,,,,,
500000,(y6) top 100 by an int64 key with a String column,"MetalEngine all, cold",2.173,1.6,Sort#3[Sort>Filter>DataFrameScan],,True,0.45,1.50,top_k|string|memory,500000,,,,,
500000,"(g1sum200) group-by grid, 1 key, 200 groups, sum",polars in-memory,1.109,13.3,,,,,,,,,,,,
500000,"(g1sum200) group-by grid, 1 key, 200 groups, sum",polars streaming,0.742,6.6,,,,,,,,,,,,
500000,"(g1sum200) group-by grid, 1 key, 200 groups, sum","MetalEngine all, cold",1.973,2.2,GroupBy#1[GroupBy>DataFrameScan],,True,0.38,0.56,group_by:sum|numeric|memory,500000,,200,,,
500000,"(g2sum200) group-by grid, 2 keys, 200 groups, sum",polars in-memory,1.670,20.9,,,,,,,,,,,,
500000,"(g2sum200) group-by grid, 2 keys, 200 groups, sum",polars streaming,1.180,10.0,,,,,,,,,,,,
500000,"(g2sum200) group-by grid, 2 keys, 200 groups, sum","MetalEngine all, cold",2.462,2.8,GroupBy#1[GroupBy>DataFrameScan],,True,0.48,0.68,group_by_multi:sum|numeric|memory,500000,,200,,,
500000,"(g1count200) group-by grid, 1 key, 200 groups, count",polars in-memory,0.975,10.1,,,,,,,,,,,,
500000,"(g1count200) group-by grid, 1 key, 200 groups, count",polars streaming,0.627,5.2,,,,,,,,,,,,
500000,"(g1count200) group-by grid, 1 key, 200 groups, count","MetalEngine all, cold",1.657,1.9,GroupBy#1[GroupBy>DataFrameScan],,True,0.38,0.59,group_by:count|numeric|memory,500000,,200,,,
500000,"(g2count200) group-by grid, 2 keys, 200 groups, count",polars in-memory,1.801,20.3,,,,,,,,,,,,
500000,"(g2count200) group-by grid, 2 keys, 200 groups, count",polars streaming,1.172,10.8,,,,,,,,,,,,
500000,"(g2count200) group-by grid, 2 keys, 200 groups, count","MetalEngine all, cold",2.182,2.6,GroupBy#1[GroupBy>DataFrameScan],,True,0.54,0.83,group_by_multi:count|numeric|memory,500000,,200,,,
500000,"(g1mean200) group-by grid, 1 key, 200 groups, mean",polars in-memory,1.302,15.2,,,,,,,,,,,,
500000,"(g1mean200) group-by grid, 1 key, 200 groups, mean",polars streaming,0.742,6.5,,,,,,,,,,,,
500000,"(g1mean200) group-by grid, 1 key, 200 groups, mean","MetalEngine all, cold",3.306,3.0,GroupBy#1[GroupBy>DataFrameScan],,True,0.22,0.39,group_by:mean|numeric|memory,500000,,200,,,
500000,"(g2mean200) group-by grid, 2 keys, 200 groups, mean",polars in-memory,2.279,24.7,,,,,,,,,,,,
500000,"(g2mean200) group-by grid, 2 keys, 200 groups, mean",polars streaming,1.165,11.0,,,,,,,,,,,,
500000,"(g2mean200) group-by grid, 2 keys, 200 groups, mean","MetalEngine all, cold",3.815,3.6,GroupBy#1[GroupBy>DataFrameScan],,True,0.31,0.60,group_by_multi:mean|numeric|memory,500000,,200,,,
500000,"(g1minmax200) group-by grid, 1 key, 200 groups, min + max",polars in-memory,1.205,14.9,,,,,,,,,,,,
500000,"(g1minmax200) group-by grid, 1 key, 200 groups, min + max",polars streaming,0.923,7.2,,,,,,,,,,,,
500000,"(g1minmax200) group-by grid, 1 key, 200 groups, min + max","MetalEngine all, cold",1.926,2.3,GroupBy#1[GroupBy>DataFrameScan],,True,0.48,0.63,group_by:minmax|numeric|memory,500000,,200,,,
500000,"(g2minmax200) group-by grid, 2 keys, 200 groups, min + max",polars in-memory,2.142,23.5,,,,,,,,,,,,
500000,"(g2minmax200) group-by grid, 2 keys, 200 groups, min + max",polars streaming,1.206,10.8,,,,,,,,,,,,
500000,"(g2minmax200) group-by grid, 2 keys, 200 groups, min + max","MetalEngine all, cold",2.426,2.8,GroupBy#1[GroupBy>DataFrameScan],,True,0.50,0.88,group_by_multi:minmax|numeric|memory,500000,,200,,,
500000,"(g1sum1k) group-by grid, 1 key, 1 000 groups, sum",polars in-memory,1.260,12.9,,,,,,,,,,,,
500000,"(g1sum1k) group-by grid, 1 key, 1 000 groups, sum",polars streaming,0.753,6.0,,,,,,,,,,,,
500000,"(g1sum1k) group-by grid, 1 key, 1 000 groups, sum","MetalEngine all, cold",1.997,2.2,GroupBy#1[GroupBy>DataFrameScan],,True,0.38,0.63,group_by:sum|numeric|memory,500000,,1000,,,
500000,"(g2sum1k) group-by grid, 2 keys, 1 000 groups, sum",polars in-memory,2.107,24.5,,,,,,,,,,,,
500000,"(g2sum1k) group-by grid, 2 keys, 1 000 groups, sum",polars streaming,1.305,12.6,,,,,,,,,,,,
500000,"(g2sum1k) group-by grid, 2 keys, 1 000 groups, sum","MetalEngine all, cold",2.417,2.7,GroupBy#1[GroupBy>DataFrameScan],,True,0.54,0.87,group_by_multi:sum|numeric|memory,500000,,1000,,,
500000,"(g1count1k) group-by grid, 1 key, 1 000 groups, count",polars in-memory,1.085,11.0,,,,,,,,,,,,
500000,"(g1count1k) group-by grid, 1 key, 1 000 groups, count",polars streaming,0.767,7.0,,,,,,,,,,,,
500000,"(g1count1k) group-by grid, 1 key, 1 000 groups, count","MetalEngine all, cold",1.751,2.0,GroupBy#1[GroupBy>DataFrameScan],,True,0.44,0.62,group_by:count|numeric|memory,500000,,1000,,,
500000,"(g2count1k) group-by grid, 2 keys, 1 000 groups, count",polars in-memory,1.802,21.9,,,,,,,,,,,,
500000,"(g2count1k) group-by grid, 2 keys, 1 000 groups, count",polars streaming,1.305,13.0,,,,,,,,,,,,
500000,"(g2count1k) group-by grid, 2 keys, 1 000 groups, count","MetalEngine all, cold",2.213,2.5,GroupBy#1[GroupBy>DataFrameScan],,True,0.59,0.81,group_by_multi:count|numeric|memory,500000,,1000,,,
500000,"(g1mean1k) group-by grid, 1 key, 1 000 groups, mean",polars in-memory,1.387,15.4,,,,,,,,,,,,
500000,"(g1mean1k) group-by grid, 1 key, 1 000 groups, mean",polars streaming,0.813,6.7,,,,,,,,,,,,
500000,"(g1mean1k) group-by grid, 1 key, 1 000 groups, mean","MetalEngine all, cold",3.499,2.8,GroupBy#1[GroupBy>DataFrameScan],,True,0.23,0.40,group_by:mean|numeric|memory,500000,,1000,,,
500000,"(g2mean1k) group-by grid, 2 keys, 1 000 groups, mean",polars in-memory,2.202,24.9,,,,,,,,,,,,
500000,"(g2mean1k) group-by grid, 2 keys, 1 000 groups, mean",polars streaming,1.297,11.9,,,,,,,,,,,,
500000,"(g2mean1k) group-by grid, 2 keys, 1 000 groups, mean","MetalEngine all, cold",3.978,3.4,GroupBy#1[GroupBy>DataFrameScan],,True,0.33,0.55,group_by_multi:mean|numeric|memory,500000,,1000,,,
500000,"(g1minmax1k) group-by grid, 1 key, 1 000 groups, min + max",polars in-memory,1.286,12.8,,,,,,,,,,,,
500000,"(g1minmax1k) group-by grid, 1 key, 1 000 groups, min + max",polars streaming,1.003,8.3,,,,,,,,,,,,
500000,"(g1minmax1k) group-by grid, 1 key, 1 000 groups, min + max","MetalEngine all, cold",2.030,2.3,GroupBy#1[GroupBy>DataFrameScan],,True,0.49,0.63,group_by:minmax|numeric|memory,500000,,1000,,,
500000,"(g2minmax1k) group-by grid, 2 keys, 1 000 groups, min + max",polars in-memory,2.042,23.6,,,,,,,,,,,,
500000,"(g2minmax1k) group-by grid, 2 keys, 1 000 groups, min + max",polars streaming,1.417,14.1,,,,,,,,,,,,
500000,"(g2minmax1k) group-by grid, 2 keys, 1 000 groups, min + max","MetalEngine all, cold",2.546,2.9,GroupBy#1[GroupBy>DataFrameScan],,True,0.56,0.80,group_by_multi:minmax|numeric|memory,500000,,1000,,,
500000,"(g1sum10k) group-by grid, 1 key, 10 000 groups, sum",polars in-memory,1.570,16.3,,,,,,,,,,,,
500000,"(g1sum10k) group-by grid, 1 key, 10 000 groups, sum",polars streaming,1.486,13.8,,,,,,,,,,,,
500000,"(g1sum10k) group-by grid, 1 key, 10 000 groups, sum","MetalEngine all, cold",1.972,2.2,GroupBy#1[GroupBy>DataFrameScan],,True,0.75,0.80,group_by:sum|numeric|memory,500000,,10000,,,
500000,"(g2sum10k) group-by grid, 2 keys, 10 000 groups, sum",polars in-memory,2.330,28.3,,,,,,,,,,,,
500000,"(g2sum10k) group-by grid, 2 keys, 10 000 groups, sum",polars streaming,2.115,20.7,,,,,,,,,,,,
500000,"(g2sum10k) group-by grid, 2 keys, 10 000 groups, sum","MetalEngine all, cold",2.509,2.9,GroupBy#1[GroupBy>DataFrameScan],,True,0.84,0.93,group_by_multi:sum|numeric|memory,500000,,10000,,,
500000,"(g1count10k) group-by grid, 1 key, 10 000 groups, count",polars in-memory,1.192,13.7,,,,,,,,,,,,
500000,"(g1count10k) group-by grid, 1 key, 10 000 groups, count",polars streaming,1.463,13.3,,,,,,,,,,,,
500000,"(g1count10k) group-by grid, 1 key, 10 000 groups, count","MetalEngine all, cold",1.553,1.9,GroupBy#1[GroupBy>DataFrameScan],,True,0.77,0.77,group_by:count|numeric|memory,500000,,10000,,,
500000,"(g2count10k) group-by grid, 2 keys, 10 000 groups, count",polars in-memory,2.032,22.5,,,,,,,,,,,,
500000,"(g2count10k) group-by grid, 2 keys, 10 000 groups, count",polars streaming,2.066,19.0,,,,,,,,,,,,
500000,"(g2count10k) group-by grid, 2 keys, 10 000 groups, count","MetalEngine all, cold",2.020,2.4,GroupBy#1[GroupBy>DataFrameScan],,True,1.01,1.01,group_by_multi:count|numeric|memory,500000,,10000,,,
500000,"(g1mean10k) group-by grid, 1 key, 10 000 groups, mean",polars in-memory,1.727,17.0,,,,,,,,,,,,
500000,"(g1mean10k) group-by grid, 1 key, 10 000 groups, mean",polars streaming,1.482,13.3,,,,,,,,,,,,
500000,"(g1mean10k) group-by grid, 1 key, 10 000 groups, mean","MetalEngine all, cold",4.017,2.7,GroupBy#1[GroupBy>DataFrameScan],,True,0.37,0.43,group_by:mean|numeric|memory,500000,,10000,,,
500000,"(g2mean10k) group-by grid, 2 keys, 10 000 groups, mean",polars in-memory,2.646,27.5,,,,,,,,,,,,
500000,"(g2mean10k) group-by grid, 2 keys, 10 000 groups, mean",polars streaming,2.143,20.4,,,,,,,,,,,,
500000,"(g2mean10k) group-by grid, 2 keys, 10 000 groups, mean","MetalEngine all, cold",4.465,3.3,GroupBy#1[GroupBy>DataFrameScan],,True,0.48,0.59,group_by_multi:mean|numeric|memory,500000,,10000,,,
500000,"(g1minmax10k) group-by grid, 1 key, 10 000 groups, min + max",polars in-memory,1.879,16.1,,,,,,,,,,,,
500000,"(g1minmax10k) group-by grid, 1 key, 10 000 groups, min + max",polars streaming,1.588,15.5,,,,,,,,,,,,
500000,"(g1minmax10k) group-by grid, 1 key, 10 000 groups, min + max","MetalEngine all, cold",2.548,2.3,GroupBy#1[GroupBy>DataFrameScan],,True,0.62,0.74,group_by:minmax|numeric|memory,500000,,10000,,,
500000,"(g2minmax10k) group-by grid, 2 keys, 10 000 groups, min + max",polars in-memory,2.554,25.4,,,,,,,,,,,,
500000,"(g2minmax10k) group-by grid, 2 keys, 10 000 groups, min + max",polars streaming,2.256,20.2,,,,,,,,,,,,
500000,"(g2minmax10k) group-by grid, 2 keys, 10 000 groups, min + max","MetalEngine all, cold",3.100,3.0,GroupBy#1[GroupBy>DataFrameScan],,True,0.73,0.82,group_by_multi:minmax|numeric|memory,500000,,10000,,,
500000,"(g1sum100k) group-by grid, 1 key, 100 000 groups, sum",polars in-memory,2.109,22.7,,,,,,,,,,,,
500000,"(g1sum100k) group-by grid, 1 key, 100 000 groups, sum",polars streaming,1.449,11.9,,,,,,,,,,,,
500000,"(g1sum100k) group-by grid, 1 key, 100 000 groups, sum","MetalEngine all, cold",2.303,2.6,GroupBy#1[GroupBy>DataFrameScan],,True,0.63,0.92,group_by:sum|numeric|memory,500000,,99344,,,
500000,"(g2sum100k) group-by grid, 2 keys, 100 000 groups, sum",polars in-memory,3.216,29.6,,,,,,,,,,,,
500000,"(g2sum100k) group-by grid, 2 keys, 100 000 groups, sum",polars streaming,2.293,20.9,,,,,,,,,,,,
500000,"(g2sum100k) group-by grid, 2 keys, 100 000 groups, sum","MetalEngine all, cold",2.744,3.1,GroupBy#1[GroupBy>DataFrameScan],,True,0.84,1.17,group_by_multi:sum|numeric|memory,500000,,99292,,,
500000,"(g1count100k) group-by grid, 1 key, 100 000 groups, count",polars in-memory,1.768,17.6,,,,,,,,,,,,
500000,"(g1count100k) group-by grid, 1 key, 100 000 groups, count",polars streaming,1.324,11.0,,,,,,,,,,,,
500000,"(g1count100k) group-by grid, 1 key, 100 000 groups, count","MetalEngine all, cold",1.729,2.0,GroupBy#1[GroupBy>DataFrameScan],,True,0.77,1.02,group_by:count|numeric|memory,500000,,99344,,,
500000,"(g2count100k) group-by grid, 2 keys, 100 000 groups, count",polars in-memory,2.570,28.1,,,,,,,,,,,,
500000,"(g2count100k) group-by grid, 2 keys, 100 000 groups, count",polars streaming,2.259,21.0,,,,,,,,,,,,
500000,"(g2count100k) group-by grid, 2 keys, 100 000 groups, count","MetalEngine all, cold",2.277,2.6,GroupBy#1[GroupBy>DataFrameScan],,True,0.99,1.13,group_by_multi:count|numeric|memory,500000,,99292,,,
500000,"(g1mean100k) group-by grid, 1 key, 100 000 groups, mean",polars in-memory,2.340,23.5,,,,,,,,,,,,
500000,"(g1mean100k) group-by grid, 1 key, 100 000 groups, mean",polars streaming,1.493,13.4,,,,,,,,,,,,
500000,"(g1mean100k) group-by grid, 1 key, 100 000 groups, mean","MetalEngine all, cold",3.552,2.4,GroupBy#1[GroupBy>DataFrameScan],,True,0.42,0.66,group_by:mean|numeric|memory,500000,,99344,,,
500000,"(g2mean100k) group-by grid, 2 keys, 100 000 groups, mean",polars in-memory,3.011,34.8,,,,,,,,,,,,
500000,"(g2mean100k) group-by grid, 2 keys, 100 000 groups, mean",polars streaming,2.335,22.2,,,,,,,,,,,,
500000,"(g2mean100k) group-by grid, 2 keys, 100 000 groups, mean","MetalEngine all, cold",3.856,2.8,GroupBy#1[GroupBy>DataFrameScan],,True,0.61,0.78,group_by_multi:mean|numeric|memory,500000,,99292,,,
500000,"(g1minmax100k) group-by grid, 1 key, 100 000 groups, min + max",polars in-memory,2.302,25.2,,,,,,,,,,,,
500000,"(g1minmax100k) group-by grid, 1 key, 100 000 groups, min + max",polars streaming,1.535,13.5,,,,,,,,,,,,
500000,"(g1minmax100k) group-by grid, 1 key, 100 000 groups, min + max","MetalEngine all, cold",3.005,2.5,GroupBy#1[GroupBy>DataFrameScan],,True,0.51,0.77,group_by:minmax|numeric|memory,500000,,99344,,,
500000,"(g2minmax100k) group-by grid, 2 keys, 100 000 groups, min + max",polars in-memory,3.008,34.6,,,,,,,,,,,,
500000,"(g2minmax100k) group-by grid, 2 keys, 100 000 groups, min + max",polars streaming,2.531,24.4,,,,,,,,,,,,
500000,"(g2minmax100k) group-by grid, 2 keys, 100 000 groups, min + max","MetalEngine all, cold",3.545,3.1,GroupBy#1[GroupBy>DataFrameScan],,True,0.71,0.85,group_by_multi:minmax|numeric|memory,500000,,99292,,,
500000,"(g1sum1M) group-by grid, 1 key, 1 000 000 groups, sum",polars in-memory,2.882,31.7,,,,,,,,,,,,
500000,"(g1sum1M) group-by grid, 1 key, 1 000 000 groups, sum",polars streaming,1.624,15.4,,,,,,,,,,,,
500000,"(g1sum1M) group-by grid, 1 key, 1 000 000 groups, sum","MetalEngine all, cold",3.458,3.2,GroupBy#1[GroupBy>DataFrameScan],,True,0.47,0.83,group_by:sum|numeric|memory,500000,,393599,,,
500000,"(g2sum1M) group-by grid, 2 keys, 1 000 000 groups, sum",polars in-memory,3.553,45.2,,,,,,,,,,,,
500000,"(g2sum1M) group-by grid, 2 keys, 1 000 000 groups, sum",polars streaming,2.675,26.5,,,,,,,,,,,,
500000,"(g2sum1M) group-by grid, 2 keys, 1 000 000 groups, sum","MetalEngine all, cold",5.241,5.2,GroupBy#1[GroupBy>DataFrameScan],,True,0.51,0.68,group_by_multi:sum|numeric|memory,500000,,393534,,,
500000,"(g1count1M) group-by grid, 1 key, 1 000 000 groups, count",polars in-memory,2.296,22.8,,,,,,,,,,,,
500000,"(g1count1M) group-by grid, 1 key, 1 000 000 groups, count",polars streaming,1.654,16.6,,,,,,,,,,,,
500000,"(g1count1M) group-by grid, 1 key, 1 000 000 groups, count","MetalEngine all, cold",2.699,2.6,GroupBy#1[GroupBy>DataFrameScan],,True,0.61,0.85,group_by:count|numeric|memory,500000,,393599,,,
500000,"(g2count1M) group-by grid, 2 keys, 1 000 000 groups, count",polars in-memory,3.224,33.9,,,,,,,,,,,,
500000,"(g2count1M) group-by grid, 2 keys, 1 000 000 groups, count",polars streaming,2.536,25.3,,,,,,,,,,,,
500000,"(g2count1M) group-by grid, 2 keys, 1 000 000 groups, count","MetalEngine all, cold",4.416,4.4,GroupBy#1[GroupBy>DataFrameScan],,True,0.57,0.73,group_by_multi:count|numeric|memory,500000,,393534,,,
500000,"(g1mean1M) group-by grid, 1 key, 1 000 000 groups, mean",polars in-memory,3.174,32.7,,,,,,,,,,,,
500000,"(g1mean1M) group-by grid, 1 key, 1 000 000 groups, mean",polars streaming,1.731,17.3,,,,,,,,,,,,
500000,"(g1mean1M) group-by grid, 1 key, 1 000 000 groups, mean","MetalEngine all, cold",8.840,2.8,GroupBy#1[GroupBy>DataFrameScan],,True,0.20,0.36,group_by:mean|numeric|memory,500000,,393599,,,
500000,"(g2mean1M) group-by grid, 2 keys, 1 000 000 groups, mean",polars in-memory,4.158,46.9,,,,,,,,,,,,
500000,"(g2mean1M) group-by grid, 2 keys, 1 000 000 groups, mean",polars streaming,2.731,25.1,,,,,,,,,,,,
500000,"(g2mean1M) group-by grid, 2 keys, 1 000 000 groups, mean","MetalEngine all, cold",9.991,4.2,GroupBy#1[GroupBy>DataFrameScan],,True,0.27,0.42,group_by_multi:mean|numeric|memory,500000,,393534,,,
500000,"(g1minmax1M) group-by grid, 1 key, 1 000 000 groups, min + max",polars in-memory,3.300,36.5,,,,,,,,,,,,
500000,"(g1minmax1M) group-by grid, 1 key, 1 000 000 groups, min + max",polars streaming,1.826,15.8,,,,,,,,,,,,
500000,"(g1minmax1M) group-by grid, 1 key, 1 000 000 groups, min + max","MetalEngine all, cold",2.629,2.6,GroupBy#1[GroupBy>DataFrameScan],,True,0.69,1.26,group_by:minmax|numeric|memory,500000,,393599,,,
500000,"(g2minmax1M) group-by grid, 2 keys, 1 000 000 groups, min + max",polars in-memory,4.510,46.2,,,,,,,,,,,,
500000,"(g2minmax1M) group-by grid, 2 keys, 1 000 000 groups, min + max",polars streaming,2.798,28.0,,,,,,,,,,,,
500000,"(g2minmax1M) group-by grid, 2 keys, 1 000 000 groups, min + max","MetalEngine all, cold",5.729,4.9,GroupBy#1[GroupBy>DataFrameScan],,True,0.49,0.79,group_by_multi:minmax|numeric|memory,500000,,393534,,,
500000,"(g1sumR2) group-by grid, 1 key, rows/2 groups, sum",polars in-memory,2.675,28.5,,,,,,,,,,,,
500000,"(g1sumR2) group-by grid, 1 key, rows/2 groups, sum",polars streaming,1.562,14.8,,,,,,,,,,,,
500000,"(g1sumR2) group-by grid, 1 key, rows/2 groups, sum","MetalEngine all, cold",2.632,2.7,GroupBy#1[GroupBy>DataFrameScan],,True,0.59,1.02,group_by:sum|numeric|memory,500000,,216108,,,
500000,"(g2sumR2) group-by grid, 2 keys, rows/2 groups, sum",polars in-memory,3.469,41.6,,,,,,,,,,,,
500000,"(g2sumR2) group-by grid, 2 keys, rows/2 groups, sum",polars streaming,2.489,22.7,,,,,,,,,,,,
500000,"(g2sumR2) group-by grid, 2 keys, rows/2 groups, sum","MetalEngine all, cold",3.196,3.4,GroupBy#1[GroupBy>DataFrameScan],,True,0.78,1.09,group_by_multi:sum|numeric|memory,500000,,216486,,,
500000,"(g1countR2) group-by grid, 1 key, rows/2 groups, count",polars in-memory,2.205,22.9,,,,,,,,,,,,
500000,"(g1countR2) group-by grid, 1 key, rows/2 groups, count",polars streaming,1.535,15.1,,,,,,,,,,,,
500000,"(g1countR2) group-by grid, 1 key, rows/2 groups, count","MetalEngine all, cold",2.047,2.3,GroupBy#1[GroupBy>DataFrameScan],,True,0.75,1.08,group_by:count|numeric|memory,500000,,216108,,,
500000,"(g2countR2) group-by grid, 2 keys, rows/2 groups, count",polars in-memory,2.955,33.9,,,,,,,,,,,,
500000,"(g2countR2) group-by grid, 2 keys, rows/2 groups, count",polars streaming,2.292,21.8,,,,,,,,,,,,
500000,"(g2countR2) group-by grid, 2 keys, rows/2 groups, count","MetalEngine all, cold",2.554,2.9,GroupBy#1[GroupBy>DataFrameScan],,True,0.90,1.16,group_by_multi:count|numeric|memory,500000,,216486,,,
500000,"(g1meanR2) group-by grid, 1 key, rows/2 groups, mean",polars in-memory,2.842,30.6,,,,,,,,,,,,
500000,"(g1meanR2) group-by grid, 1 key, rows/2 groups, mean",polars streaming,1.688,13.5,,,,,,,,,,,,
500000,"(g1meanR2) group-by grid, 1 key, rows/2 groups, mean","MetalEngine all, cold",5.681,2.5,GroupBy#1[GroupBy>DataFrameScan],,True,0.30,0.50,group_by:mean|numeric|memory,500000,,216108,,,
500000,"(g2meanR2) group-by grid, 2 keys, rows/2 groups, mean",polars in-memory,3.800,39.1,,,,,,,,,,,,
500000,"(g2meanR2) group-by grid, 2 keys, rows/2 groups, mean",polars streaming,2.567,23.7,,,,,,,,,,,,
500000,"(g2meanR2) group-by grid, 2 keys, rows/2 groups, mean","MetalEngine all, cold",6.033,2.9,GroupBy#1[GroupBy>DataFrameScan],,True,0.43,0.63,group_by_multi:mean|numeric|memory,500000,,216486,,,
500000,"(g1minmaxR2) group-by grid, 1 key, rows/2 groups, min + max",polars in-memory,3.064,29.2,,,,,,,,,,,,
500000,"(g1minmaxR2) group-by grid, 1 key, rows/2 groups, min + max",polars streaming,1.876,15.5,,,,,,,,,,,,
500000,"(g1minmaxR2) group-by grid, 1 key, rows/2 groups, min + max","MetalEngine all, cold",2.445,2.5,GroupBy#1[GroupBy>DataFrameScan],,True,0.77,1.25,group_by:minmax|numeric|memory,500000,,216108,,,
500000,"(g2minmaxR2) group-by grid, 2 keys, rows/2 groups, min + max",polars in-memory,4.037,41.5,,,,,,,,,,,,
500000,"(g2minmaxR2) group-by grid, 2 keys, rows/2 groups, min + max",polars streaming,2.774,24.6,,,,,,,,,,,,
500000,"(g2minmaxR2) group-by grid, 2 keys, rows/2 groups, min + max","MetalEngine all, cold",3.794,3.3,GroupBy#1[GroupBy>DataFrameScan],,True,0.73,1.06,group_by_multi:minmax|numeric|memory,500000,,216486,,,
1000000,(a) filtered sum + count,polars in-memory,0.332,0.8,,,,,,,,,,,,
1000000,(a) filtered sum + count,polars streaming,0.191,0.7,,,,,,,,,,,,
1000000,(a) filtered sum + count,"MetalEngine all, cold",1.104,1.2,Select#3[Select>SimpleProjection>Filter>DataFrameScan],,True,0.17,0.30,aggregate:count+aggregate:sum|numeric|memory,1000000,,,,,
1000000,(b) filter + group-by 200 keys + sort desc + limit 10,polars in-memory,2.232,21.1,,,,,,,,,,,,
1000000,(b) filter + group-by 200 keys + sort desc + limit 10,polars streaming,1.393,9.1,,,,,,,,,,,,
1000000,(b) filter + group-by 200 keys + sort desc + limit 10,"MetalEngine all, cold",3.731,3.7,Sort#4[Sort>Filter>GroupBy>Filter>DataFrameScan],,True,0.37,0.60,group_by:count+group_by:sum+top_k|numeric|memory,1000000,,,,,
1000000,"(c) group-by (region, sub) mean + max",polars in-memory,4.100,47.2,,,,,,,,,,,,
1000000,"(c) group-by (region, sub) mean + max",polars streaming,3.741,37.3,,,,,,,,,,,,
1000000,"(c) group-by (region, sub) mean + max","MetalEngine all, cold",3.126,3.4,GroupBy#1[GroupBy>DataFrameScan],,True,1.20,1.31,group_by_multi:mean+group_by_multi:minmax|numeric|memory,1000000,,10000,,,
1000000,(d) projection chain then filter,polars in-memory,2.404,2.4,,,,,,,,,,,,
1000000,(d) projection chain then filter,polars streaming,0.495,3.6,,,,,,,,,,,,
1000000,(d) projection chain then filter,"MetalEngine all, cold",1.907,1.2,Filter#2[Filter>Select>HStack>DataFrameScan],,True,0.26,1.26,rowwise|numeric|memory,1000000,,,,,
1000000,(e) inner join then sum,polars in-memory,12.398,68.9,,,,,,,,,,,,
1000000,(e) inner join then sum,polars streaming,3.762,35.2,,,,,,,,,,,,
1000000,(e) inner join then sum,"MetalEngine all, cold",3.398,1.6,Select#3[Select>SimpleProjection>Join>DataFrameScan>DataFrameScan],,True,1.11,3.65,aggregate:sum+join:inner|numeric|memory,2000000,,,,,
1000000,(f) semi join,polars in-memory,0.791,10.3,,,,,,,,,,,,
1000000,(f) semi join,polars streaming,0.522,3.4,,,,,,,,,,,,
1000000,(f) semi join,"MetalEngine all, cold",1.125,1.3,Join#2[Join>DataFrameScan>DataFrameScan],,True,0.46,0.70,join:semi|numeric|memory,1001000,,,,,
1000000,(g) row_number over partitions,polars in-memory,6.962,56.3,,,,,,,,,,,,
1000000,(g) row_number over partitions,polars streaming,40.551,87.7,,,,,,,,,,,,
1000000,(g) row_number over partitions,"MetalEngine all, cold",7.015,55.6,,HStack#1: Expression Window has no ArrowMetal translation.,True,0.99,0.99,,,,,,,
1000000,(h) as-of join,polars in-memory,5.461,9.2,,,,,,,,,,,,
1000000,(h) as-of join,polars streaming,1.259,7.4,,,,,,,,,,,,
1000000,(h) as-of join,"MetalEngine all, cold",5.428,8.5,,"Join#2: A AsOf join is not translated (inner, left, semi and anti are taken).",True,0.23,1.01,,,,,,,
1000000,"(i) group-by 1 key, 100 000 groups, sum",polars in-memory,3.390,36.9,,,,,,,,,,,,
1000000,"(i) group-by 1 key, 100 000 groups, sum",polars streaming,1.957,18.0,,,,,,,,,,,,
1000000,"(i) group-by 1 key, 100 000 groups, sum","MetalEngine all, cold",2.869,2.7,GroupBy#1[GroupBy>DataFrameScan],,True,0.68,1.18,group_by:sum|numeric|memory,1000000,,99996,,,
1000000,"(j) group-by (k1, k2), sum + count",polars in-memory,7.399,90.2,,,,,,,,,,,,
1000000,"(j) group-by (k1, k2), sum + count",polars streaming,4.486,44.3,,,,,,,,,,,,
1000000,"(j) group-by (k1, k2), sum + count","MetalEngine all, cold",9.409,9.4,GroupBy#1[GroupBy>DataFrameScan],,True,0.48,0.79,group_by_multi:count+group_by_multi:sum|numeric|memory,1000000,,995006,,,
1000000,"(k) group-by (String, int32), sum",polars in-memory,8.500,95.9,,,,,,,,,,,,
1000000,"(k) group-by (String, int32), sum",polars streaming,4.950,51.2,,,,,,,,,,,,
1000000,"(k) group-by (String, int32), sum","MetalEngine all, cold",11.322,9.9,GroupBy#1[GroupBy>DataFrameScan],,True,0.44,0.75,group_by_multi:sum|string|memory,1000000,,632156,,,
1000000,"(l) group-by (region, sub), Float64 sum + mean",polars in-memory,5.060,52.7,,,,,,,,,,,,
1000000,"(l) group-by (region, sub), Float64 sum + mean",polars streaming,3.608,37.9,,,,,,,,,,,,
1000000,"(l) group-by (region, sub), Float64 sum + mean","MetalEngine all, cold",3.091,3.5,GroupBy#2[GroupBy>HStack>DataFrameScan],,True,1.17,1.64,group_by_multi:mean+group_by_multi:sum|numeric|memory,1000000,,10000,,,
1000000,(m) sort 3 columns by an int64 key,polars in-memory,6.206,72.0,,,,,,,,,,,,
1000000,(m) sort 3 columns by an int64 key,polars streaming,6.926,74.3,,,,,,,,,,,,
1000000,(m) sort 3 columns by an int64 key,"MetalEngine all, cold",3.521,1.9,Sort#2[Sort>DataFrameScan],,True,1.76,1.76,sort|numeric|memory,1000000,,,,,
1000000,"(n) top 100 by Float64, descending",polars in-memory,7.497,7.7,,,,,,,,,,,,
1000000,"(n) top 100 by Float64, descending",polars streaming,1.138,6.6,,,,,,,,,,,,
1000000,"(n) top 100 by Float64, descending","MetalEngine all, cold",2.562,2.2,Sort#3[Sort>Filter>DataFrameScan],,True,0.44,2.93,top_k|numeric|memory,1000000,,,,,
1000000,"(o) sort with a String column, by an int64 key",polars in-memory,6.281,70.7,,,,,,,,,,,,
1000000,"(o) sort with a String column, by an int64 key",polars streaming,7.952,74.4,,,,,,,,,,,,
1000000,"(o) sort with a String column, by an int64 key","MetalEngine all, cold",6.088,5.6,Sort#2[Sort>DataFrameScan],,True,1.03,1.03,sort|string|memory,1000000,,,,,
1000000,"(p) filter, then sort by (int32 asc, nullable Float64 desc)",polars in-memory,9.711,108.2,,,,,,,,,,,,
1000000,"(p) filter, then sort by (int32 asc, nullable Float64 desc)",polars streaming,10.926,116.2,,,,,,,,,,,,
1000000,"(p) filter, then sort by (int32 asc, nullable Float64 desc)","MetalEngine all, cold",10.250,9.8,Sort#3[Sort>HStack>Filter>DataFrameScan],,True,0.95,0.95,sort_helper_keys|string|memory,1000000,,,,,
1000000,"(q) filter, then sort by (int32 asc, int64 desc)",polars in-memory,5.903,65.0,,,,,,,,,,,,
1000000,"(q) filter, then sort by (int32 asc, int64 desc)",polars streaming,6.136,66.1,,,,,,,,,,,,
1000000,"(q) filter, then sort by (int32 asc, int64 desc)","MetalEngine all, cold",2.836,2.9,Sort#3[Sort>Filter>DataFrameScan],,True,2.08,2.08,sort|numeric|memory,1000000,,,,,
1000000,"(r) unique over (region, sub), keep first",polars in-memory,3.168,30.5,,,,,,,,,,,,
1000000,"(r) unique over (region, sub), keep first",polars streaming,4.811,51.8,,,,,,,,,,,,
1000000,"(r) unique over (region, sub), keep first","MetalEngine all, cold",2.959,3.3,Distinct#1[Distinct>DataFrameScan],,True,1.07,1.07,distinct|numeric|memory,1000000,,,,,
1000000,(a2) filtered min + max,polars in-memory,0.299,0.7,,,,,,,,,,,,
1000000,(a2) filtered min + max,polars streaming,0.201,0.8,,,,,,,,,,,,
1000000,(a2) filtered min + max,"MetalEngine all, cold",1.667,1.4,Select#3[Select>SimpleProjection>Filter>DataFrameScan],,True,0.12,0.18,aggregate:minmax|numeric|memory,1000000,,,,,
1000000,(a3) filtered mean,polars in-memory,0.281,0.7,,,,,,,,,,,,
1000000,(a3) filtered mean,polars streaming,0.192,0.7,,,,,,,,,,,,
1000000,(a3) filtered mean,"MetalEngine all, cold",1.402,1.1,Select#3[Select>SimpleProjection>Filter>DataFrameScan],,True,0.14,0.20,aggregate:mean|numeric|memory,1000000,,,,,
1000000,(a4) filtered count,polars in-memory,0.273,1.0,,,,,,,,,,,,
1000000,(a4) filtered count,polars streaming,0.165,0.6,,,,,,,,,,,,
1000000,(a4) filtered count,"MetalEngine all, cold",0.705,0.8,Select#3[Select>DataFrameScan],,True,0.23,0.39,aggregate:sum|numeric|memory,1000000,,,,,
1000000,"(t1) group-by 1 key, 200 groups, sum",polars in-memory,1.785,20.1,,,,,,,,,,,,
1000000,"(t1) group-by 1 key, 200 groups, sum",polars streaming,0.863,7.6,,,,,,,,,,,,
1000000,"(t1) group-by 1 key, 200 groups, sum","MetalEngine all, cold",1.740,2.1,GroupBy#1[GroupBy>DataFrameScan],,True,0.50,1.03,group_by:sum|numeric|memory,1000000,,200,,,
1000000,"(t2) group-by 1 key, 200 groups, count",polars in-memory,1.619,18.2,,,,,,,,,,,,
1000000,"(t2) group-by 1 key, 200 groups, count",polars streaming,0.827,6.8,,,,,,,,,,,,
1000000,"(t2) group-by 1 key, 200 groups, count","MetalEngine all, cold",1.538,1.9,GroupBy#1[GroupBy>DataFrameScan],,True,0.54,1.05,group_by:count|numeric|memory,1000000,,200,,,
1000000,"(t3) group-by 1 key, 200 groups, mean",polars in-memory,2.329,23.3,,,,,,,,,,,,
1000000,"(t3) group-by 1 key, 200 groups, mean",polars streaming,0.895,7.7,,,,,,,,,,,,
1000000,"(t3) group-by 1 key, 200 groups, mean","MetalEngine all, cold",2.140,2.1,GroupBy#1[GroupBy>DataFrameScan],,True,0.42,1.09,group_by:mean|numeric|memory,1000000,,200,,,
1000000,"(t4) group-by 1 key, 200 groups, min + max",polars in-memory,1.867,21.9,,,,,,,,,,,,
1000000,"(t4) group-by 1 key, 200 groups, min + max",polars streaming,1.016,9.0,,,,,,,,,,,,
1000000,"(t4) group-by 1 key, 200 groups, min + max","MetalEngine all, cold",2.699,2.7,GroupBy#1[GroupBy>DataFrameScan],,True,0.38,0.69,group_by:minmax|numeric|memory,1000000,,200,,,
1000000,"(t5) group-by 1 key, 100 000 groups, count",polars in-memory,2.733,29.8,,,,,,,,,,,,
1000000,"(t5) group-by 1 key, 100 000 groups, count",polars streaming,1.878,19.0,,,,,,,,,,,,
1000000,"(t5) group-by 1 key, 100 000 groups, count","MetalEngine all, cold",2.311,2.4,GroupBy#1[GroupBy>DataFrameScan],,True,0.81,1.18,group_by:count|numeric|memory,1000000,,99996,,,
1000000,"(t6) group-by 1 key, 100 000 groups, mean",polars in-memory,3.255,36.9,,,,,,,,,,,,
1000000,"(t6) group-by 1 key, 100 000 groups, mean",polars streaming,1.987,20.0,,,,,,,,,,,,
1000000,"(t6) group-by 1 key, 100 000 groups, mean","MetalEngine all, cold",3.885,2.6,GroupBy#1[GroupBy>DataFrameScan],,True,0.51,0.84,group_by:mean|numeric|memory,1000000,,99996,,,
1000000,"(t7) group-by 1 key, 100 000 groups, min + max",polars in-memory,3.478,40.2,,,,,,,,,,,,
1000000,"(t7) group-by 1 key, 100 000 groups, min + max",polars streaming,2.212,22.0,,,,,,,,,,,,
1000000,"(t7) group-by 1 key, 100 000 groups, min + max","MetalEngine all, cold",3.338,2.9,GroupBy#1[GroupBy>DataFrameScan],,True,0.66,1.04,group_by:minmax|numeric|memory,1000000,,99996,,,
1000000,"(v1) group-by (region, sub), sum",polars in-memory,3.752,41.8,,,,,,,,,,,,
1000000,"(v1) group-by (region, sub), sum",polars streaming,3.561,36.1,,,,,,,,,,,,
1000000,"(v1) group-by (region, sub), sum","MetalEngine all, cold",3.160,3.2,GroupBy#1[GroupBy>DataFrameScan],,True,1.13,1.19,group_by_multi:sum|numeric|memory,1000000,,10000,,,
1000000,"(v2) group-by (region, sub), count",polars in-memory,3.204,35.0,,,,,,,,,,,,
1000000,"(v2) group-by (region, sub), count",polars streaming,3.160,32.3,,,,,,,,,,,,
1000000,"(v2) group-by (region, sub), count","MetalEngine all, cold",2.466,2.8,GroupBy#1[GroupBy>DataFrameScan],,True,1.28,1.30,group_by_multi:count|numeric|memory,1000000,,10000,,,
1000000,"(v3) group-by (k1, k2), mean",polars in-memory,8.170,93.5,,,,,,,,,,,,
1000000,"(v3) group-by (k1, k2), mean",polars streaming,4.373,45.6,,,,,,,,,,,,
1000000,"(v3) group-by (k1, k2), mean","MetalEngine all, cold",23.195,8.1,GroupBy#1[GroupBy>DataFrameScan],,True,0.19,0.35,group_by_multi:mean|numeric|memory,1000000,,995006,,,
1000000,"(v4) group-by (k1, k2), min + max",polars in-memory,9.118,106.6,,,,,,,,,,,,
1000000,"(v4) group-by (k1, k2), min + max",polars streaming,4.794,46.1,,,,,,,,,,,,
1000000,"(v4) group-by (k1, k2), min + max","MetalEngine all, cold",7.637,7.5,GroupBy#1[GroupBy>DataFrameScan],,True,0.63,1.19,group_by_multi:minmax|numeric|memory,1000000,,995006,,,
1000000,"(w1) inner join, 1M-row build side",polars in-memory,9.439,55.6,,,,,,,,,,,,
1000000,"(w1) inner join, 1M-row build side",polars streaming,3.673,35.5,,,,,,,,,,,,
1000000,"(w1) inner join, 1M-row build side","MetalEngine all, cold",1.633,1.5,Join#2[Join>DataFrameScan>DataFrameScan],,True,2.25,5.78,join:inner|numeric|memory,2000000,,,,,
1000000,"(w2) left join, 1M-row build side",polars in-memory,6.967,52.1,,,,,,,,,,,,
1000000,"(w2) left join, 1M-row build side",polars streaming,4.034,39.8,,,,,,,,,,,,
1000000,"(w2) left join, 1M-row build side","MetalEngine all, cold",3.484,1.9,Join#2[Join>DataFrameScan>DataFrameScan],,True,1.16,2.00,join:left|numeric|memory,2000000,,,,,
1000000,"(w3) semi join, 1M-row build side",polars in-memory,4.704,53.5,,,,,,,,,,,,
1000000,"(w3) semi join, 1M-row build side",polars streaming,2.944,27.2,,,,,,,,,,,,
1000000,"(w3) semi join, 1M-row build side","MetalEngine all, cold",3.216,2.0,Join#2[Join>DataFrameScan>DataFrameScan],,True,0.92,1.46,join:semi|numeric|memory,2000000,,,,,
1000000,"(w4) anti join, 1M-row build side",polars in-memory,4.710,56.3,,,,,,,,,,,,
1000000,"(w4) anti join, 1M-row build side",polars streaming,2.861,27.1,,,,,,,,,,,,
1000000,"(w4) anti join, 1M-row build side","MetalEngine all, cold",3.347,2.0,Join#2[Join>DataFrameScan>DataFrameScan],,True,0.85,1.41,join:anti|numeric|memory,2000000,,,,,
1000000,"(x1) unique over (k1, k2), keep first",polars in-memory,7.724,71.7,,,,,,,,,,,,
1000000,"(x1) unique over (k1, k2), keep first",polars streaming,5.628,55.3,,,,,,,,,,,,
1000000,"(x1) unique over (k1, k2), keep first","MetalEngine all, cold",7.055,7.6,Distinct#2[Distinct>DataFrameScan],,True,0.80,1.09,distinct|numeric|memory,1000000,,,,,
1000000,"(x2) sort by a nullable Float64 key, descending",polars in-memory,9.091,101.8,,,,,,,,,,,,
1000000,"(x2) sort by a nullable Float64 key, descending",polars streaming,9.889,100.3,,,,,,,,,,,,
1000000,"(x2) sort by a nullable Float64 key, descending","MetalEngine all, cold",4.377,4.0,Sort#2[Sort>Select>DataFrameScan],,True,2.08,2.08,sort_helper_keys|numeric|memory,1000000,,,,,
1000000,(x3) top 100 by an int64 key,polars in-memory,7.834,8.1,,,,,,,,,,,,
1000000,(x3) top 100 by an int64 key,polars streaming,1.009,6.9,,,,,,,,,,,,
1000000,(x3) top 100 by an int64 key,"MetalEngine all, cold",3.764,3.2,Sort#3[Sort>Filter>DataFrameScan],,True,0.27,2.08,top_k|numeric|memory,1000000,,,,,
1000000,"(y1) group-by a String key (1000 values), sum",polars in-memory,3.219,35.7,,,,,,,,,,,,
1000000,"(y1) group-by a String key (1000 values), sum",polars streaming,1.337,13.0,,,,,,,,,,,,
1000000,"(y1) group-by a String key (1000 values), sum","MetalEngine all, cold",5.264,4.8,GroupBy#1[GroupBy>DataFrameScan],,True,0.25,0.61,group_by:sum|string|memory,1000000,,1000,,,
1000000,(y2) filter by a String equality,polars in-memory,0.480,0.6,,,,,,,,,,,,
1000000,(y2) filter by a String equality,polars streaming,0.178,0.9,,,,,,,,,,,,
1000000,(y2) filter by a String equality,"MetalEngine all, cold",1.525,1.6,Filter#2[Filter>DataFrameScan],,True,0.12,0.32,rowwise|string|memory,1000000,,,,,
1000000,"(y3) filter by a String prefix, then sum",polars in-memory,3.679,3.8,,,,,,,,,,,,
1000000,"(y3) filter by a String prefix, then sum",polars streaming,0.518,4.6,,,,,,,,,,,,
1000000,"(y3) filter by a String prefix, then sum","MetalEngine all, cold",1.430,1.4,Select#2[Select>SimpleProjection>Filter>DataFrameScan],,True,0.36,2.57,aggregate:sum|string|memory,1000000,,,,,
1000000,(y4) inner join on a String key,polars in-memory,2.454,26.0,,,,,,,,,,,,
1000000,(y4) inner join on a String key,polars streaming,1.941,17.5,,,,,,,,,,,,
1000000,(y4) inner join on a String key,"MetalEngine all, cold",8.872,8.9,Join#3[Join>DataFrameScan>DataFrameScan],,True,0.22,0.28,join:inner|string|memory,1000500,,,,,
1000000,"(y5) unique over (String, int32), keep first",polars in-memory,8.265,81.0,,,,,,,,,,,,
1000000,"(y5) unique over (String, int32), keep first",polars streaming,6.490,64.3,,,,,,,,,,,,
1000000,"(y5) unique over (String, int32), keep first","MetalEngine all, cold",11.100,9.6,Distinct#2[Distinct>DataFrameScan],,True,0.58,0.74,distinct|string|memory,1000000,,,,,
1000000,(y6) top 100 by an int64 key with a String column,polars in-memory,7.804,8.0,,,,,,,,,,,,
1000000,(y6) top 100 by an int64 key with a String column,polars streaming,1.050,8.0,,,,,,,,,,,,
1000000,(y6) top 100 by an int64 key with a String column,"MetalEngine all, cold",4.723,3.8,Sort#3[Sort>Filter>DataFrameScan],,True,0.22,1.65,top_k|string|memory,1000000,,,,,
1000000,"(g1sum200) group-by grid, 1 key, 200 groups, sum",polars in-memory,1.971,21.4,,,,,,,,,,,,
1000000,"(g1sum200) group-by grid, 1 key, 200 groups, sum",polars streaming,0.830,7.6,,,,,,,,,,,,
1000000,"(g1sum200) group-by grid, 1 key, 200 groups, sum","MetalEngine all, cold",2.660,2.5,GroupBy#1[GroupBy>DataFrameScan],,True,0.31,0.74,group_by:sum|numeric|memory,1000000,,200,,,
1000000,"(g2sum200) group-by grid, 2 keys, 200 groups, sum",polars in-memory,3.235,35.6,,,,,,,,,,,,
1000000,"(g2sum200) group-by grid, 2 keys, 200 groups, sum",polars streaming,1.670,15.4,,,,,,,,,,,,
1000000,"(g2sum200) group-by grid, 2 keys, 200 groups, sum","MetalEngine all, cold",3.248,3.2,GroupBy#1[GroupBy>DataFrameScan],,True,0.51,1.00,group_by_multi:sum|numeric|memory,1000000,,200,,,
1000000,"(g1count200) group-by grid, 1 key, 200 groups, count",polars in-memory,1.775,18.9,,,,,,,,,,,,
1000000,"(g1count200) group-by grid, 1 key, 200 groups, count",polars streaming,0.891,7.0,,,,,,,,,,,,
1000000,"(g1count200) group-by grid, 1 key, 200 groups, count","MetalEngine all, cold",2.206,2.2,GroupBy#1[GroupBy>DataFrameScan],,True,0.40,0.80,group_by:count|numeric|memory,1000000,,200,,,
1000000,"(g2count200) group-by grid, 2 keys, 200 groups, count",polars in-memory,2.766,32.9,,,,,,,,,,,,
1000000,"(g2count200) group-by grid, 2 keys, 200 groups, count",polars streaming,1.690,15.4,,,,,,,,,,,,
1000000,"(g2count200) group-by grid, 2 keys, 200 groups, count","MetalEngine all, cold",2.868,3.0,GroupBy#1[GroupBy>DataFrameScan],,True,0.59,0.96,group_by_multi:count|numeric|memory,1000000,,200,,,
1000000,"(g1mean200) group-by grid, 1 key, 200 groups, mean",polars in-memory,1.999,24.8,,,,,,,,,,,,
1000000,"(g1mean200) group-by grid, 1 key, 200 groups, mean",polars streaming,0.953,8.4,,,,,,,,,,,,
1000000,"(g1mean200) group-by grid, 1 key, 200 groups, mean","MetalEngine all, cold",2.270,2.3,GroupBy#1[GroupBy>DataFrameScan],,True,0.42,0.88,group_by:mean|numeric|memory,1000000,,200,,,
1000000,"(g2mean200) group-by grid, 2 keys, 200 groups, mean",polars in-memory,3.393,42.3,,,,,,,,,,,,
1000000,"(g2mean200) group-by grid, 2 keys, 200 groups, mean",polars streaming,1.787,15.1,,,,,,,,,,,,
1000000,"(g2mean200) group-by grid, 2 keys, 200 groups, mean","MetalEngine all, cold",3.418,3.2,GroupBy#1[GroupBy>DataFrameScan],,True,0.52,0.99,group_by_multi:mean|numeric|memory,1000000,,200,,,
1000000,"(g1minmax200) group-by grid, 1 key, 200 groups, min + max",polars in-memory,1.801,20.5,,,,,,,,,,,,
1000000,"(g1minmax200) group-by grid, 1 key, 200 groups, min + max",polars streaming,1.021,8.3,,,,,,,,,,,,
1000000,"(g1minmax200) group-by grid, 1 key, 200 groups, min + max","MetalEngine all, cold",2.685,2.7,GroupBy#1[GroupBy>DataFrameScan],,True,0.38,0.67,group_by:minmax|numeric|memory,1000000,,200,,,
1000000,"(g2minmax200) group-by grid, 2 keys, 200 groups, min + max",polars in-memory,3.288,38.8,,,,,,,,,,,,
1000000,"(g2minmax200) group-by grid, 2 keys, 200 groups, min + max",polars streaming,1.844,17.3,,,,,,,,,,,,
1000000,"(g2minmax200) group-by grid, 2 keys, 200 groups, min + max","MetalEngine all, cold",3.208,3.4,GroupBy#1[GroupBy>DataFrameScan],,True,0.57,1.02,group_by_multi:minmax|numeric|memory,1000000,,200,,,
1000000,"(g1sum1k) group-by grid, 1 key, 1 000 groups, sum",polars in-memory,2.141,24.2,,,,,,,,,,,,
1000000,"(g1sum1k) group-by grid, 1 key, 1 000 groups, sum",polars streaming,1.049,9.5,,,,,,,,,,,,
1000000,"(g1sum1k) group-by grid, 1 key, 1 000 groups, sum","MetalEngine all, cold",2.750,2.5,GroupBy#1[GroupBy>DataFrameScan],,True,0.38,0.78,group_by:sum|numeric|memory,1000000,,1000,,,
1000000,"(g2sum1k) group-by grid, 2 keys, 1 000 groups, sum",polars in-memory,3.141,35.4,,,,,,,,,,,,
1000000,"(g2sum1k) group-by grid, 2 keys, 1 000 groups, sum",polars streaming,1.989,19.1,,,,,,,,,,,,
1000000,"(g2sum1k) group-by grid, 2 keys, 1 000 groups, sum","MetalEngine all, cold",3.209,3.1,GroupBy#1[GroupBy>DataFrameScan],,True,0.62,0.98,group_by_multi:sum|numeric|memory,1000000,,1000,,,
1000000,"(g1count1k) group-by grid, 1 key, 1 000 groups, count",polars in-memory,1.963,18.3,,,,,,,,,,,,
1000000,"(g1count1k) group-by grid, 1 key, 1 000 groups, count",polars streaming,0.883,6.6,,,,,,,,,,,,
1000000,"(g1count1k) group-by grid, 1 key, 1 000 groups, count","MetalEngine all, cold",2.331,2.2,GroupBy#1[GroupBy>DataFrameScan],,True,0.38,0.84,group_by:count|numeric|memory,1000000,,1000,,,
1000000,"(g2count1k) group-by grid, 2 keys, 1 000 groups, count",polars in-memory,3.174,30.9,,,,,,,,,,,,
1000000,"(g2count1k) group-by grid, 2 keys, 1 000 groups, count",polars streaming,1.924,17.7,,,,,,,,,,,,
1000000,"(g2count1k) group-by grid, 2 keys, 1 000 groups, count","MetalEngine all, cold",2.860,2.9,GroupBy#1[GroupBy>DataFrameScan],,True,0.67,1.11,group_by_multi:count|numeric|memory,1000000,,1000,,,
1000000,"(g1mean1k) group-by grid, 1 key, 1 000 groups, mean",polars in-memory,2.272,27.5,,,,,,,,,,,,
1000000,"(g1mean1k) group-by grid, 1 key, 1 000 groups, mean",polars streaming,0.966,7.8,,,,,,,,,,,,
1000000,"(g1mean1k) group-by grid, 1 key, 1 000 groups, mean","MetalEngine all, cold",2.120,2.2,GroupBy#1[GroupBy>DataFrameScan],,True,0.46,1.07,group_by:mean|numeric|memory,1000000,,1000,,,
1000000,"(g2mean1k) group-by grid, 2 keys, 1 000 groups, mean",polars in-memory,3.733,39.7,,,,,,,,,,,,
1000000,"(g2mean1k) group-by grid, 2 keys, 1 000 groups, mean",polars streaming,1.972,17.4,,,,,,,,,,,,
1000000,"(g2mean1k) group-by grid, 2 keys, 1 000 groups, mean","MetalEngine all, cold",2.977,3.1,GroupBy#1[GroupBy>DataFrameScan],,True,0.66,1.25,group_by_multi:mean|numeric|memory,1000000,,1000,,,
1000000,"(g1minmax1k) group-by grid, 1 key, 1 000 groups, min + max",polars in-memory,2.131,23.4,,,,,,,,,,,,
1000000,"(g1minmax1k) group-by grid, 1 key, 1 000 groups, min + max",polars streaming,1.138,8.1,,,,,,,,,,,,
1000000,"(g1minmax1k) group-by grid, 1 key, 1 000 groups, min + max","MetalEngine all, cold",2.781,2.8,GroupBy#1[GroupBy>DataFrameScan],,True,0.41,0.77,group_by:minmax|numeric|memory,1000000,,1000,,,
1000000,"(g2minmax1k) group-by grid, 2 keys, 1 000 groups, min + max",polars in-memory,3.464,37.4,,,,,,,,,,,,
1000000,"(g2minmax1k) group-by grid, 2 keys, 1 000 groups, min + max",polars streaming,2.094,20.3,,,,,,,,,,,,
1000000,"(g2minmax1k) group-by grid, 2 keys, 1 000 groups, min + max","MetalEngine all, cold",3.314,3.4,GroupBy#1[GroupBy>DataFrameScan],,True,0.63,1.05,group_by_multi:minmax|numeric|memory,1000000,,1000,,,
1000000,"(g1sum10k) group-by grid, 1 key, 10 000 groups, sum",polars in-memory,2.543,29.3,,,,,,,,,,,,
1000000,"(g1sum10k) group-by grid, 1 key, 10 000 groups, sum",polars streaming,2.003,18.3,,,,,,,,,,,,
1000000,"(g1sum10k) group-by grid, 1 key, 10 000 groups, sum","MetalEngine all, cold",2.510,2.5,GroupBy#1[GroupBy>DataFrameScan],,True,0.80,1.01,group_by:sum|numeric|memory,1000000,,10000,,,
1000000,"(g2sum10k) group-by grid, 2 keys, 10 000 groups, sum",polars in-memory,3.606,40.7,,,,,,,,,,,,
1000000,"(g2sum10k) group-by grid, 2 keys, 10 000 groups, sum",polars streaming,3.362,35.5,,,,,,,,,,,,
1000000,"(g2sum10k) group-by grid, 2 keys, 10 000 groups, sum","MetalEngine all, cold",3.028,3.1,GroupBy#1[GroupBy>DataFrameScan],,True,1.11,1.19,group_by_multi:sum|numeric|memory,1000000,,10000,,,
1000000,"(g1count10k) group-by grid, 1 key, 10 000 groups, count",polars in-memory,2.188,21.5,,,,,,,,,,,,
1000000,"(g1count10k) group-by grid, 1 key, 10 000 groups, count",polars streaming,2.053,17.0,,,,,,,,,,,,
1000000,"(g1count10k) group-by grid, 1 key, 10 000 groups, count","MetalEngine all, cold",1.962,2.2,GroupBy#1[GroupBy>DataFrameScan],,True,1.05,1.12,group_by:count|numeric|memory,1000000,,10000,,,
1000000,"(g2count10k) group-by grid, 2 keys, 10 000 groups, count",polars in-memory,3.444,34.5,,,,,,,,,,,,
1000000,"(g2count10k) group-by grid, 2 keys, 10 000 groups, count",polars streaming,3.372,31.0,,,,,,,,,,,,
1000000,"(g2count10k) group-by grid, 2 keys, 10 000 groups, count","MetalEngine all, cold",2.600,2.9,GroupBy#1[GroupBy>DataFrameScan],,True,1.30,1.32,group_by_multi:count|numeric|memory,1000000,,10000,,,
1000000,"(g1mean10k) group-by grid, 1 key, 10 000 groups, mean",polars in-memory,2.909,30.3,,,,,,,,,,,,
1000000,"(g1mean10k) group-by grid, 1 key, 10 000 groups, mean",polars streaming,2.097,19.6,,,,,,,,,,,,
1000000,"(g1mean10k) group-by grid, 1 key, 10 000 groups, mean","MetalEngine all, cold",2.641,2.7,GroupBy#1[GroupBy>DataFrameScan],,True,0.79,1.10,group_by:mean|numeric|memory,1000000,,10000,,,
1000000,"(g2mean10k) group-by grid, 2 keys, 10 000 groups, mean",polars in-memory,4.092,43.6,,,,,,,,,,,,
1000000,"(g2mean10k) group-by grid, 2 keys, 10 000 groups, mean",polars streaming,3.481,36.5,,,,,,,,,,,,
1000000,"(g2mean10k) group-by grid, 2 keys, 10 000 groups, mean","MetalEngine all, cold",3.862,3.5,GroupBy#1[GroupBy>DataFrameScan],,True,0.90,1.06,group_by_multi:mean|numeric|memory,1000000,,10000,,,
1000000,"(g1minmax10k) group-by grid, 1 key, 10 000 groups, min + max",polars in-memory,2.435,26.4,,,,,,,,,,,,
1000000,"(g1minmax10k) group-by grid, 1 key, 10 000 groups, min + max",polars streaming,2.250,24.1,,,,,,,,,,,,
1000000,"(g1minmax10k) group-by grid, 1 key, 10 000 groups, min + max","MetalEngine all, cold",3.691,2.8,GroupBy#1[GroupBy>DataFrameScan],,True,0.61,0.66,group_by:minmax|numeric|memory,1000000,,10000,,,
1000000,"(g2minmax10k) group-by grid, 2 keys, 10 000 groups, min + max",polars in-memory,3.970,42.4,,,,,,,,,,,,
1000000,"(g2minmax10k) group-by grid, 2 keys, 10 000 groups, min + max",polars streaming,3.779,37.1,,,,,,,,,,,,
1000000,"(g2minmax10k) group-by grid, 2 keys, 10 000 groups, min + max","MetalEngine all, cold",4.125,3.3,GroupBy#1[GroupBy>DataFrameScan],,True,0.92,0.96,group_by_multi:minmax|numeric|memory,1000000,,10000,,,
1000000,"(g1sum100k) group-by grid, 1 key, 100 000 groups, sum",polars in-memory,3.545,32.4,,,,,,,,,,,,
1000000,"(g1sum100k) group-by grid, 1 key, 100 000 groups, sum",polars streaming,2.033,20.4,,,,,,,,,,,,
1000000,"(g1sum100k) group-by grid, 1 key, 100 000 groups, sum","MetalEngine all, cold",2.982,2.8,GroupBy#1[GroupBy>DataFrameScan],,True,0.68,1.19,group_by:sum|numeric|memory,1000000,,99995,,,
1000000,"(g2sum100k) group-by grid, 2 keys, 100 000 groups, sum",polars in-memory,4.513,53.5,,,,,,,,,,,,
1000000,"(g2sum100k) group-by grid, 2 keys, 100 000 groups, sum",polars streaming,3.804,39.2,,,,,,,,,,,,
1000000,"(g2sum100k) group-by grid, 2 keys, 100 000 groups, sum","MetalEngine all, cold",3.395,3.4,GroupBy#1[GroupBy>DataFrameScan],,True,1.12,1.33,group_by_multi:sum|numeric|memory,1000000,,99998,,,
1000000,"(g1count100k) group-by grid, 1 key, 100 000 groups, count",polars in-memory,2.632,29.3,,,,,,,,,,,,
1000000,"(g1count100k) group-by grid, 1 key, 100 000 groups, count",polars streaming,1.828,18.1,,,,,,,,,,,,
1000000,"(g1count100k) group-by grid, 1 key, 100 000 groups, count","MetalEngine all, cold",2.196,2.3,GroupBy#1[GroupBy>DataFrameScan],,True,0.83,1.20,group_by:count|numeric|memory,1000000,,99995,,,
1000000,"(g2count100k) group-by grid, 2 keys, 100 000 groups, count",polars in-memory,4.138,45.5,,,,,,,,,,,,
1000000,"(g2count100k) group-by grid, 2 keys, 100 000 groups, count",polars streaming,3.540,36.2,,,,,,,,,,,,
1000000,"(g2count100k) group-by grid, 2 keys, 100 000 groups, count","MetalEngine all, cold",2.909,3.2,GroupBy#1[GroupBy>DataFrameScan],,True,1.22,1.42,group_by_multi:count|numeric|memory,1000000,,99998,,,
1000000,"(g1mean100k) group-by grid, 1 key, 100 000 groups, mean",polars in-memory,3.392,37.6,,,,,,,,,,,,
1000000,"(g1mean100k) group-by grid, 1 key, 100 000 groups, mean",polars streaming,2.048,21.0,,,,,,,,,,,,
1000000,"(g1mean100k) group-by grid, 1 key, 100 000 groups, mean","MetalEngine all, cold",3.848,2.6,GroupBy#1[GroupBy>DataFrameScan],,True,0.53,0.88,group_by:mean|numeric|memory,1000000,,99995,,,
1000000,"(g2mean100k) group-by grid, 2 keys, 100 000 groups, mean",polars in-memory,4.805,54.1,,,,,,,,,,,,
1000000,"(g2mean100k) group-by grid, 2 keys, 100 000 groups, mean",polars streaming,3.888,38.7,,,,,,,,,,,,
1000000,"(g2mean100k) group-by grid, 2 keys, 100 000 groups, mean","MetalEngine all, cold",4.337,3.2,GroupBy#1[GroupBy>DataFrameScan],,True,0.90,1.11,group_by_multi:mean|numeric|memory,1000000,,99998,,,
1000000,"(g1minmax100k) group-by grid, 1 key, 100 000 groups, min + max",polars in-memory,3.351,36.7,,,,,,,,,,,,
1000000,"(g1minmax100k) group-by grid, 1 key, 100 000 groups, min + max",polars streaming,2.324,23.2,,,,,,,,,,,,
1000000,"(g1minmax100k) group-by grid, 1 key, 100 000 groups, min + max","MetalEngine all, cold",4.302,3.0,GroupBy#1[GroupBy>DataFrameScan],,True,0.54,0.78,group_by:minmax|numeric|memory,1000000,,99995,,,
1000000,"(g2minmax100k) group-by grid, 2 keys, 100 000 groups, min + max",polars in-memory,4.996,55.8,,,,,,,,,,,,
1000000,"(g2minmax100k) group-by grid, 2 keys, 100 000 groups, min + max",polars streaming,4.131,42.0,,,,,,,,,,,,
1000000,"(g2minmax100k) group-by grid, 2 keys, 100 000 groups, min + max","MetalEngine all, cold",3.312,3.7,GroupBy#1[GroupBy>DataFrameScan],,True,1.25,1.51,group_by_multi:minmax|numeric|memory,1000000,,99998,,,
1000000,"(g1sum1M) group-by grid, 1 key, 1 000 000 groups, sum",polars in-memory,6.089,67.0,,,,,,,,,,,,
1000000,"(g1sum1M) group-by grid, 1 key, 1 000 000 groups, sum",polars streaming,2.524,25.5,,,,,,,,,,,,
1000000,"(g1sum1M) group-by grid, 1 key, 1 000 000 groups, sum","MetalEngine all, cold",4.894,4.1,GroupBy#1[GroupBy>DataFrameScan],,True,0.52,1.24,group_by:sum|numeric|memory,1000000,,631834,,,
1000000,"(g2sum1M) group-by grid, 2 keys, 1 000 000 groups, sum",polars in-memory,7.890,92.1,,,,,,,,,,,,
1000000,"(g2sum1M) group-by grid, 2 keys, 1 000 000 groups, sum",polars streaming,4.551,45.4,,,,,,,,,,,,
1000000,"(g2sum1M) group-by grid, 2 keys, 1 000 000 groups, sum","MetalEngine all, cold",5.615,5.0,GroupBy#1[GroupBy>DataFrameScan],,True,0.81,1.41,group_by_multi:sum|numeric|memory,1000000,,632533,,,
1000000,"(g1count1M) group-by grid, 1 key, 1 000 000 groups, count",polars in-memory,5.124,52.2,,,,,,,,,,,,
1000000,"(g1count1M) group-by grid, 1 key, 1 000 000 groups, count",polars streaming,2.419,23.4,,,,,,,,,,,,
1000000,"(g1count1M) group-by grid, 1 key, 1 000 000 groups, count","MetalEngine all, cold",3.434,2.9,GroupBy#1[GroupBy>DataFrameScan],,True,0.70,1.49,group_by:count|numeric|memory,1000000,,631834,,,
1000000,"(g2count1M) group-by grid, 2 keys, 1 000 000 groups, count",polars in-memory,6.622,76.9,,,,,,,,,,,,
1000000,"(g2count1M) group-by grid, 2 keys, 1 000 000 groups, count",polars streaming,4.398,45.5,,,,,,,,,,,,
1000000,"(g2count1M) group-by grid, 2 keys, 1 000 000 groups, count","MetalEngine all, cold",4.156,3.8,GroupBy#1[GroupBy>DataFrameScan],,True,1.06,1.59,group_by_multi:count|numeric|memory,1000000,,632533,,,
1000000,"(g1mean1M) group-by grid, 1 key, 1 000 000 groups, mean",polars in-memory,6.469,70.6,,,,,,,,,,,,
1000000,"(g1mean1M) group-by grid, 1 key, 1 000 000 groups, mean",polars streaming,2.717,27.7,,,,,,,,,,,,
1000000,"(g1mean1M) group-by grid, 1 key, 1 000 000 groups, mean","MetalEngine all, cold",13.967,3.3,GroupBy#1[GroupBy>DataFrameScan],,True,0.19,0.46,group_by:mean|numeric|memory,1000000,,631834,,,
1000000,"(g2mean1M) group-by grid, 2 keys, 1 000 000 groups, mean",polars in-memory,8.183,99.1,,,,,,,,,,,,
1000000,"(g2mean1M) group-by grid, 2 keys, 1 000 000 groups, mean",polars streaming,4.723,47.6,,,,,,,,,,,,
1000000,"(g2mean1M) group-by grid, 2 keys, 1 000 000 groups, mean","MetalEngine all, cold",14.423,3.9,GroupBy#1[GroupBy>DataFrameScan],,True,0.33,0.57,group_by_multi:mean|numeric|memory,1000000,,632533,,,
1000000,"(g1minmax1M) group-by grid, 1 key, 1 000 000 groups, min + max",polars in-memory,6.992,77.5,,,,,,,,,,,,
1000000,"(g1minmax1M) group-by grid, 1 key, 1 000 000 groups, min + max",polars streaming,2.819,29.1,,,,,,,,,,,,
1000000,"(g1minmax1M) group-by grid, 1 key, 1 000 000 groups, min + max","MetalEngine all, cold",2.768,2.9,GroupBy#1[GroupBy>DataFrameScan],,True,1.02,2.53,group_by:minmax|numeric|memory,1000000,,631834,,,
1000000,"(g2minmax1M) group-by grid, 2 keys, 1 000 000 groups, min + max",polars in-memory,9.019,104.7,,,,,,,,,,,,
1000000,"(g2minmax1M) group-by grid, 2 keys, 1 000 000 groups, min + max",polars streaming,5.034,51.9,,,,,,,,,,,,
1000000,"(g2minmax1M) group-by grid, 2 keys, 1 000 000 groups, min + max","MetalEngine all, cold",3.511,3.6,GroupBy#1[GroupBy>DataFrameScan],,True,1.43,2.57,group_by_multi:minmax|numeric|memory,1000000,,632533,,,
1000000,"(g1sumR2) group-by grid, 1 key, rows/2 groups, sum",polars in-memory,4.794,58.0,,,,,,,,,,,,
1000000,"(g1sumR2) group-by grid, 1 key, rows/2 groups, sum",polars streaming,2.243,23.1,,,,,,,,,,,,
1000000,"(g1sumR2) group-by grid, 1 key, rows/2 groups, sum","MetalEngine all, cold",4.105,3.6,GroupBy#1[GroupBy>DataFrameScan],,True,0.55,1.17,group_by:sum|numeric|memory,1000000,,432120,,,
1000000,"(g2sumR2) group-by grid, 2 keys, rows/2 groups, sum",polars in-memory,6.812,74.3,,,,,,,,,,,,
1000000,"(g2sumR2) group-by grid, 2 keys, rows/2 groups, sum",polars streaming,4.232,43.1,,,,,,,,,,,,
1000000,"(g2sumR2) group-by grid, 2 keys, rows/2 groups, sum","MetalEngine all, cold",4.809,4.4,GroupBy#1[GroupBy>DataFrameScan],,True,0.88,1.42,group_by_multi:sum|numeric|memory,1000000,,432354,,,
1000000,"(g1countR2) group-by grid, 1 key, rows/2 groups, count",polars in-memory,4.393,42.8,,,,,,,,,,,,
1000000,"(g1countR2) group-by grid, 1 key, rows/2 groups, count",polars streaming,2.280,24.0,,,,,,,,,,,,
1000000,"(g1countR2) group-by grid, 1 key, rows/2 groups, count","MetalEngine all, cold",3.007,2.7,GroupBy#1[GroupBy>DataFrameScan],,True,0.76,1.46,group_by:count|numeric|memory,1000000,,432120,,,
1000000,"(g2countR2) group-by grid, 2 keys, rows/2 groups, count",polars in-memory,5.965,63.1,,,,,,,,,,,,
1000000,"(g2countR2) group-by grid, 2 keys, rows/2 groups, count",polars streaming,4.062,40.5,,,,,,,,,,,,
1000000,"(g2countR2) group-by grid, 2 keys, rows/2 groups, count","MetalEngine all, cold",3.686,3.6,GroupBy#1[GroupBy>DataFrameScan],,True,1.10,1.62,group_by_multi:count|numeric|memory,1000000,,432354,,,
1000000,"(g1meanR2) group-by grid, 1 key, rows/2 groups, mean",polars in-memory,5.613,58.2,,,,,,,,,,,,
1000000,"(g1meanR2) group-by grid, 1 key, rows/2 groups, mean",polars streaming,2.481,24.9,,,,,,,,,,,,
1000000,"(g1meanR2) group-by grid, 1 key, rows/2 groups, mean","MetalEngine all, cold",10.136,3.0,GroupBy#1[GroupBy>DataFrameScan],,True,0.24,0.55,group_by:mean|numeric|memory,1000000,,432120,,,
1000000,"(g2meanR2) group-by grid, 2 keys, rows/2 groups, mean",polars in-memory,7.218,82.1,,,,,,,,,,,,
1000000,"(g2meanR2) group-by grid, 2 keys, rows/2 groups, mean",polars streaming,4.358,46.5,,,,,,,,,,,,
1000000,"(g2meanR2) group-by grid, 2 keys, rows/2 groups, mean","MetalEngine all, cold",10.865,3.7,GroupBy#1[GroupBy>DataFrameScan],,True,0.40,0.66,group_by_multi:mean|numeric|memory,1000000,,432354,,,
1000000,"(g1minmaxR2) group-by grid, 1 key, rows/2 groups, min + max",polars in-memory,5.777,61.2,,,,,,,,,,,,
1000000,"(g1minmaxR2) group-by grid, 1 key, rows/2 groups, min + max",polars streaming,2.653,26.5,,,,,,,,,,,,
1000000,"(g1minmaxR2) group-by grid, 1 key, rows/2 groups, min + max","MetalEngine all, cold",2.460,2.6,GroupBy#1[GroupBy>DataFrameScan],,True,1.08,2.35,group_by:minmax|numeric|memory,1000000,,432120,,,
1000000,"(g2minmaxR2) group-by grid, 2 keys, rows/2 groups, min + max",polars in-memory,7.467,85.2,,,,,,,,,,,,
1000000,"(g2minmaxR2) group-by grid, 2 keys, rows/2 groups, min + max",polars streaming,4.743,49.6,,,,,,,,,,,,
1000000,"(g2minmaxR2) group-by grid, 2 keys, rows/2 groups, min + max","MetalEngine all, cold",3.182,3.5,GroupBy#1[GroupBy>DataFrameScan],,True,1.49,2.35,group_by_multi:minmax|numeric|memory,1000000,,432354,,,
2000000,(a) filtered sum + count,polars in-memory,0.604,1.2,,,,,,,,,,,,
2000000,(a) filtered sum + count,polars streaming,0.241,1.3,,,,,,,,,,,,
2000000,(a) filtered sum + count,"MetalEngine all, cold",1.581,1.6,Select#3[Select>SimpleProjection>Filter>DataFrameScan],,True,0.15,0.38,aggregate:count+aggregate:sum|numeric|memory,2000000,,,,,
2000000,(b) filter + group-by 200 keys + sort desc + limit 10,polars in-memory,3.822,39.8,,,,,,,,,,,,
2000000,(b) filter + group-by 200 keys + sort desc + limit 10,polars streaming,1.672,14.7,,,,,,,,,,,,
2000000,(b) filter + group-by 200 keys + sort desc + limit 10,"MetalEngine all, cold",5.059,4.3,Sort#4[Sort>Filter>GroupBy>Filter>DataFrameScan],,True,0.33,0.76,group_by:count+group_by:sum+top_k|numeric|memory,2000000,,,,,
2000000,"(c) group-by (region, sub) mean + max",polars in-memory,6.654,76.4,,,,,,,,,,,,
2000000,"(c) group-by (region, sub) mean + max",polars streaming,5.698,64.3,,,,,,,,,,,,
2000000,"(c) group-by (region, sub) mean + max","MetalEngine all, cold",4.444,4.2,GroupBy#1[GroupBy>DataFrameScan],,True,1.28,1.50,group_by_multi:mean+group_by_multi:minmax|numeric|memory,2000000,,10000,,,
2000000,(d) projection chain then filter,polars in-memory,6.692,6.7,,,,,,,,,,,,
2000000,(d) projection chain then filter,polars streaming,0.791,7.8,,,,,,,,,,,,
2000000,(d) projection chain then filter,"MetalEngine all, cold",2.877,1.5,Filter#2[Filter>Select>HStack>DataFrameScan],,True,0.28,2.33,rowwise|numeric|memory,2000000,,,,,
2000000,(e) inner join then sum,polars in-memory,8.135,70.0,,,,,,,,,,,,
2000000,(e) inner join then sum,polars streaming,5.138,58.0,,,,,,,,,,,,
2000000,(e) inner join then sum,"MetalEngine all, cold",2.696,1.9,Select#3[Select>SimpleProjection>Join>DataFrameScan>DataFrameScan],,True,1.91,3.02,aggregate:sum+join:inner|numeric|memory,3000000,,,,,
2000000,(f) semi join,polars in-memory,1.057,13.2,,,,,,,,,,,,
2000000,(f) semi join,polars streaming,0.695,6.3,,,,,,,,,,,,
2000000,(f) semi join,"MetalEngine all, cold",1.762,1.8,Join#2[Join>DataFrameScan>DataFrameScan],,True,0.39,0.60,join:semi|numeric|memory,2001000,,,,,
2000000,(g) row_number over partitions,polars in-memory,16.100,113.9,,,,,,,,,,,,
2000000,(g) row_number over partitions,polars streaming,79.249,184.5,,,,,,,,,,,,
2000000,(g) row_number over partitions,"MetalEngine all, cold",15.861,113.6,,HStack#1: Expression Window has no ArrowMetal translation.,True,1.02,1.02,,,,,,,
2000000,(h) as-of join,polars in-memory,7.310,11.3,,,,,,,,,,,,
2000000,(h) as-of join,polars streaming,1.310,10.1,,,,,,,,,,,,
2000000,(h) as-of join,"MetalEngine all, cold",7.376,10.3,,"Join#2: A AsOf join is not translated (inner, left, semi and anti are taken).",True,0.18,0.99,,,,,,,
2000000,"(i) group-by 1 key, 100 000 groups, sum",polars in-memory,5.295,63.4,,,,,,,,,,,,
2000000,"(i) group-by 1 key, 100 000 groups, sum",polars streaming,2.951,32.7,,,,,,,,,,,,
2000000,"(i) group-by 1 key, 100 000 groups, sum","MetalEngine all, cold",4.201,3.2,GroupBy#1[GroupBy>DataFrameScan],,True,0.70,1.26,group_by:sum|numeric|memory,2000000,,100000,,,
2000000,"(j) group-by (k1, k2), sum + count",polars in-memory,15.021,193.6,,,,,,,,,,,,
2000000,"(j) group-by (k1, k2), sum + count",polars streaming,8.188,87.3,,,,,,,,,,,,
2000000,"(j) group-by (k1, k2), sum + count","MetalEngine all, cold",16.235,13.5,GroupBy#1[GroupBy>DataFrameScan],,True,0.50,0.93,group_by_multi:count+group_by_multi:sum|numeric|memory,2000000,,1980193,,,
2000000,"(k) group-by (String, int32), sum",polars in-memory,16.045,191.7,,,,,,,,,,,,
2000000,"(k) group-by (String, int32), sum",polars streaming,8.714,91.1,,,,,,,,,,,,
2000000,"(k) group-by (String, int32), sum","MetalEngine all, cold",11.304,11.1,GroupBy#1[GroupBy>DataFrameScan],,True,0.77,1.42,group_by_multi:sum|string|memory,2000000,,864200,,,
2000000,"(l) group-by (region, sub), Float64 sum + mean",polars in-memory,8.694,91.6,,,,,,,,,,,,
2000000,"(l) group-by (region, sub), Float64 sum + mean",polars streaming,5.622,64.6,,,,,,,,,,,,
2000000,"(l) group-by (region, sub), Float64 sum + mean","MetalEngine all, cold",3.939,4.2,GroupBy#2[GroupBy>HStack>DataFrameScan],,True,1.43,2.21,group_by_multi:mean+group_by_multi:sum|numeric|memory,2000000,,10000,,,
2000000,(m) sort 3 columns by an int64 key,polars in-memory,12.501,139.7,,,,,,,,,,,,
2000000,(m) sort 3 columns by an int64 key,polars streaming,14.557,152.8,,,,,,,,,,,,
2000000,(m) sort 3 columns by an int64 key,"MetalEngine all, cold",2.906,2.4,Sort#2[Sort>DataFrameScan],,True,4.30,4.30,sort|numeric|memory,2000000,,,,,
2000000,"(n) top 100 by Float64, descending",polars in-memory,14.335,14.5,,,,,,,,,,,,
2000000,"(n) top 100 by Float64, descending",polars streaming,1.615,11.4,,,,,,,,,,,,
2000000,"(n) top 100 by Float64, descending","MetalEngine all, cold",4.322,2.8,Sort#3[Sort>Filter>DataFrameScan],,True,0.37,3.32,top_k|numeric|memory,2000000,,,,,
2000000,"(o) sort with a String column, by an int64 key",polars in-memory,13.124,139.9,,,,,,,,,,,,
2000000,"(o) sort with a String column, by an int64 key",polars streaming,17.100,141.5,,,,,,,,,,,,
2000000,"(o) sort with a String column, by an int64 key","MetalEngine all, cold",11.362,10.4,Sort#2[Sort>DataFrameScan],,True,1.16,1.16,sort|string|memory,2000000,,,,,
2000000,"(p) filter, then sort by (int32 asc, nullable Float64 desc)",polars in-memory,22.901,233.6,,,,,,,,,,,,
2000000,"(p) filter, then sort by (int32 asc, nullable Float64 desc)",polars streaming,25.453,259.9,,,,,,,,,,,,
2000000,"(p) filter, then sort by (int32 asc, nullable Float64 desc)","MetalEngine all, cold",17.835,15.3,Sort#3[Sort>HStack>Filter>DataFrameScan],,True,1.28,1.28,sort_helper_keys|string|memory,2000000,,,,,
2000000,"(q) filter, then sort by (int32 asc, int64 desc)",polars in-memory,14.912,149.2,,,,,,,,,,,,
2000000,"(q) filter, then sort by (int32 asc, int64 desc)",polars streaming,14.810,139.4,,,,,,,,,,,,
2000000,"(q) filter, then sort by (int32 asc, int64 desc)","MetalEngine all, cold",4.227,3.6,Sort#3[Sort>Filter>DataFrameScan],,True,3.50,3.53,sort|numeric|memory,2000000,,,,,
2000000,"(r) unique over (region, sub), keep first",polars in-memory,5.342,56.4,,,,,,,,,,,,
2000000,"(r) unique over (region, sub), keep first",polars streaming,7.507,85.2,,,,,,,,,,,,
2000000,"(r) unique over (region, sub), keep first","MetalEngine all, cold",3.867,3.9,Distinct#1[Distinct>DataFrameScan],,True,1.38,1.38,distinct|numeric|memory,2000000,,,,,
2000000,(a2) filtered min + max,polars in-memory,0.759,2.6,,,,,,,,,,,,
2000000,(a2) filtered min + max,polars streaming,0.271,1.3,,,,,,,,,,,,
2000000,(a2) filtered min + max,"MetalEngine all, cold",2.457,1.8,Select#3[Select>SimpleProjection>Filter>DataFrameScan],,True,0.11,0.31,aggregate:minmax|numeric|memory,2000000,,,,,
2000000,(a3) filtered mean,polars in-memory,0.593,1.2,,,,,,,,,,,,
2000000,(a3) filtered mean,polars streaming,0.266,1.4,,,,,,,,,,,,
2000000,(a3) filtered mean,"MetalEngine all, cold",1.752,1.5,Select#3[Select>SimpleProjection>Filter>DataFrameScan],,True,0.15,0.34,aggregate:mean|numeric|memory,2000000,,,,,
2000000,(a4) filtered count,polars in-memory,0.459,1.5,,,,,,,,,,,,
2000000,(a4) filtered count,polars streaming,0.190,1.0,,,,,,,,,,,,
2000000,(a4) filtered count,"MetalEngine all, cold",0.957,1.1,Select#3[Select>DataFrameScan],,True,0.20,0.48,aggregate:sum|numeric|memory,2000000,,,,,
2000000,"(t1) group-by 1 key, 200 groups, sum",polars in-memory,1.438,14.7,,,,,,,,,,,,
2000000,"(t1) group-by 1 key, 200 groups, sum",polars streaming,1.097,10.7,,,,,,,,,,,,
2000000,"(t1) group-by 1 key, 200 groups, sum","MetalEngine all, cold",4.092,2.9,GroupBy#1[GroupBy>DataFrameScan],,True,0.27,0.35,group_by:sum|numeric|memory,2000000,,200,,,
2000000,"(t2) group-by 1 key, 200 groups, count",polars in-memory,1.228,12.6,,,,,,,,,,,,
2000000,"(t2) group-by 1 key, 200 groups, count",polars streaming,0.886,9.0,,,,,,,,,,,,
2000000,"(t2) group-by 1 key, 200 groups, count","MetalEngine all, cold",3.268,2.5,GroupBy#1[GroupBy>DataFrameScan],,True,0.27,0.38,group_by:count|numeric|memory,2000000,,200,,,
2000000,"(t3) group-by 1 key, 200 groups, mean",polars in-memory,1.386,14.2,,,,,,,,,,,,
2000000,"(t3) group-by 1 key, 200 groups, mean",polars streaming,1.156,12.0,,,,,,,,,,,,
2000000,"(t3) group-by 1 key, 200 groups, mean","MetalEngine all, cold",3.001,2.7,GroupBy#1[GroupBy>DataFrameScan],,True,0.39,0.46,group_by:mean|numeric|memory,2000000,,200,,,
2000000,"(t4) group-by 1 key, 200 groups, min + max",polars in-memory,1.545,16.3,,,,,,,,,,,,
2000000,"(t4) group-by 1 key, 200 groups, min + max",polars streaming,1.298,13.6,,,,,,,,,,,,
2000000,"(t4) group-by 1 key, 200 groups, min + max","MetalEngine all, cold",4.053,3.3,GroupBy#1[GroupBy>DataFrameScan],,True,0.32,0.38,group_by:minmax|numeric|memory,2000000,,200,,,
2000000,"(t5) group-by 1 key, 100 000 groups, count",polars in-memory,4.233,51.1,,,,,,,,,,,,
2000000,"(t5) group-by 1 key, 100 000 groups, count",polars streaming,2.612,28.5,,,,,,,,,,,,
2000000,"(t5) group-by 1 key, 100 000 groups, count","MetalEngine all, cold",3.137,2.6,GroupBy#1[GroupBy>DataFrameScan],,True,0.83,1.35,group_by:count|numeric|memory,2000000,,100000,,,
2000000,"(t6) group-by 1 key, 100 000 groups, mean",polars in-memory,5.713,64.5,,,,,,,,,,,,
2000000,"(t6) group-by 1 key, 100 000 groups, mean",polars streaming,3.079,33.0,,,,,,,,,,,,
2000000,"(t6) group-by 1 key, 100 000 groups, mean","MetalEngine all, cold",6.289,3.4,GroupBy#1[GroupBy>DataFrameScan],,True,0.49,0.91,group_by:mean|numeric|memory,2000000,,100000,,,
2000000,"(t7) group-by 1 key, 100 000 groups, min + max",polars in-memory,5.651,66.2,,,,,,,,,,,,
2000000,"(t7) group-by 1 key, 100 000 groups, min + max",polars streaming,3.482,37.1,,,,,,,,,,,,
2000000,"(t7) group-by 1 key, 100 000 groups, min + max","MetalEngine all, cold",2.902,2.9,GroupBy#1[GroupBy>DataFrameScan],,True,1.20,1.95,group_by:minmax|numeric|memory,2000000,,100000,,,
2000000,"(v1) group-by (region, sub), sum",polars in-memory,6.525,72.1,,,,,,,,,,,,
2000000,"(v1) group-by (region, sub), sum",polars streaming,5.228,61.3,,,,,,,,,,,,
2000000,"(v1) group-by (region, sub), sum","MetalEngine all, cold",4.292,3.8,GroupBy#1[GroupBy>DataFrameScan],,True,1.22,1.52,group_by_multi:sum|numeric|memory,2000000,,10000,,,
2000000,"(v2) group-by (region, sub), count",polars in-memory,5.529,59.1,,,,,,,,,,,,
2000000,"(v2) group-by (region, sub), count",polars streaming,5.003,57.4,,,,,,,,,,,,
2000000,"(v2) group-by (region, sub), count","MetalEngine all, cold",3.450,3.4,GroupBy#1[GroupBy>DataFrameScan],,True,1.45,1.60,group_by_multi:count|numeric|memory,2000000,,10000,,,
2000000,"(v3) group-by (k1, k2), mean",polars in-memory,16.658,197.7,,,,,,,,,,,,
2000000,"(v3) group-by (k1, k2), mean",polars streaming,8.153,89.5,,,,,,,,,,,,
2000000,"(v3) group-by (k1, k2), mean","MetalEngine all, cold",42.794,10.0,GroupBy#1[GroupBy>DataFrameScan],,True,0.19,0.39,group_by_multi:mean|numeric|memory,2000000,,1980193,,,
2000000,"(v4) group-by (k1, k2), min + max",polars in-memory,17.675,207.6,,,,,,,,,,,,
2000000,"(v4) group-by (k1, k2), min + max",polars streaming,8.472,92.4,,,,,,,,,,,,
2000000,"(v4) group-by (k1, k2), min + max","MetalEngine all, cold",12.921,9.1,GroupBy#1[GroupBy>DataFrameScan],,True,0.66,1.37,group_by_multi:minmax|numeric|memory,2000000,,1980193,,,
2000000,"(w1) inner join, 1M-row build side",polars in-memory,7.360,57.2,,,,,,,,,,,,
2000000,"(w1) inner join, 1M-row build side",polars streaming,5.268,57.0,,,,,,,,,,,,
2000000,"(w1) inner join, 1M-row build side","MetalEngine all, cold",2.485,1.8,Join#2[Join>DataFrameScan>DataFrameScan],,True,2.12,2.96,join:inner|numeric|memory,3000000,,,,,
2000000,"(w2) left join, 1M-row build side",polars in-memory,10.261,83.1,,,,,,,,,,,,
2000000,"(w2) left join, 1M-row build side",polars streaming,6.119,71.8,,,,,,,,,,,,
2000000,"(w2) left join, 1M-row build side","MetalEngine all, cold",2.860,2.2,Join#2[Join>DataFrameScan>DataFrameScan],,True,2.14,3.59,join:left|numeric|memory,3000000,,,,,
2000000,"(w3) semi join, 1M-row build side",polars in-memory,7.353,70.9,,,,,,,,,,,,
2000000,"(w3) semi join, 1M-row build side",polars streaming,4.035,43.3,,,,,,,,,,,,
2000000,"(w3) semi join, 1M-row build side","MetalEngine all, cold",2.643,2.3,Join#2[Join>DataFrameScan>DataFrameScan],,True,1.53,2.78,join:semi|numeric|memory,3000000,,,,,
2000000,"(w4) anti join, 1M-row build side",polars in-memory,7.067,73.0,,,,,,,,,,,,
2000000,"(w4) anti join, 1M-row build side",polars streaming,4.003,43.0,,,,,,,,,,,,
2000000,"(w4) anti join, 1M-row build side","MetalEngine all, cold",2.673,2.3,Join#2[Join>DataFrameScan>DataFrameScan],,True,1.50,2.64,join:anti|numeric|memory,3000000,,,,,
2000000,"(x1) unique over (k1, k2), keep first",polars in-memory,17.324,149.1,,,,,,,,,,,,
2000000,"(x1) unique over (k1, k2), keep first",polars streaming,10.149,112.8,,,,,,,,,,,,
2000000,"(x1) unique over (k1, k2), keep first","MetalEngine all, cold",11.283,9.6,Distinct#2[Distinct>DataFrameScan],,True,0.90,1.54,distinct|numeric|memory,2000000,,,,,
2000000,"(x2) sort by a nullable Float64 key, descending",polars in-memory,18.412,199.2,,,,,,,,,,,,
2000000,"(x2) sort by a nullable Float64 key, descending",polars streaming,19.693,201.2,,,,,,,,,,,,
2000000,"(x2) sort by a nullable Float64 key, descending","MetalEngine all, cold",6.828,4.8,Sort#2[Sort>Select>DataFrameScan],,True,2.70,2.70,sort_helper_keys|numeric|memory,2000000,,,,,
2000000,(x3) top 100 by an int64 key,polars in-memory,15.252,15.3,,,,,,,,,,,,
2000000,(x3) top 100 by an int64 key,polars streaming,1.370,10.9,,,,,,,,,,,,
2000000,(x3) top 100 by an int64 key,"MetalEngine all, cold",3.788,3.5,Sort#3[Sort>Filter>DataFrameScan],,True,0.36,4.03,top_k|numeric|memory,2000000,,,,,
2000000,"(y1) group-by a String key (1000 values), sum",polars in-memory,5.823,59.6,,,,,,,,,,,,
2000000,"(y1) group-by a String key (1000 values), sum",polars streaming,1.798,18.9,,,,,,,,,,,,
2000000,"(y1) group-by a String key (1000 values), sum","MetalEngine all, cold",4.605,5.1,GroupBy#1[GroupBy>DataFrameScan],,True,0.39,1.26,group_by:sum|string|memory,2000000,,1000,,,
2000000,(y2) filter by a String equality,polars in-memory,0.912,1.0,,,,,,,,,,,,
2000000,(y2) filter by a String equality,polars streaming,0.278,1.8,,,,,,,,,,,,
2000000,(y2) filter by a String equality,"MetalEngine all, cold",2.624,2.5,Filter#2[Filter>DataFrameScan],,True,0.11,0.35,rowwise|string|memory,2000000,,,,,
2000000,"(y3) filter by a String prefix, then sum",polars in-memory,7.508,7.7,,,,,,,,,,,,
2000000,"(y3) filter by a String prefix, then sum",polars streaming,0.851,8.8,,,,,,,,,,,,
2000000,"(y3) filter by a String prefix, then sum","MetalEngine all, cold",2.023,1.8,Select#2[Select>SimpleProjection>Filter>DataFrameScan],,True,0.42,3.71,aggregate:sum|string|memory,2000000,,,,,
2000000,(y4) inner join on a String key,polars in-memory,3.776,42.1,,,,,,,,,,,,
2000000,(y4) inner join on a String key,polars streaming,2.985,32.5,,,,,,,,,,,,
2000000,(y4) inner join on a String key,"MetalEngine all, cold",13.603,11.7,Join#3[Join>DataFrameScan>DataFrameScan],,True,0.22,0.28,join:inner|string|memory,2000500,,,,,
2000000,"(y5) unique over (String, int32), keep first",polars in-memory,16.119,156.4,,,,,,,,,,,,
2000000,"(y5) unique over (String, int32), keep first",polars streaming,11.289,121.4,,,,,,,,,,,,
2000000,"(y5) unique over (String, int32), keep first","MetalEngine all, cold",10.171,10.8,Distinct#2[Distinct>DataFrameScan],,True,1.11,1.58,distinct|string|memory,2000000,,,,,
2000000,(y6) top 100 by an int64 key with a String column,polars in-memory,15.411,15.6,,,,,,,,,,,,
2000000,(y6) top 100 by an int64 key with a String column,polars streaming,1.580,11.9,,,,,,,,,,,,
2000000,(y6) top 100 by an int64 key with a String column,"MetalEngine all, cold",4.849,4.3,Sort#3[Sort>Filter>DataFrameScan],,True,0.33,3.18,top_k|string|memory,2000000,,,,,
2000000,"(g1sum200) group-by grid, 1 key, 200 groups, sum",polars in-memory,1.542,14.0,,,,,,,,,,,,
2000000,"(g1sum200) group-by grid, 1 key, 200 groups, sum",polars streaming,1.034,10.9,,,,,,,,,,,,
2000000,"(g1sum200) group-by grid, 1 key, 200 groups, sum","MetalEngine all, cold",4.159,3.0,GroupBy#1[GroupBy>DataFrameScan],,True,0.25,0.37,group_by:sum|numeric|memory,2000000,,200,,,
2000000,"(g2sum200) group-by grid, 2 keys, 200 groups, sum",polars in-memory,2.634,28.6,,,,,,,,,,,,
2000000,"(g2sum200) group-by grid, 2 keys, 200 groups, sum",polars streaming,2.281,25.3,,,,,,,,,,,,
2000000,"(g2sum200) group-by grid, 2 keys, 200 groups, sum","MetalEngine all, cold",4.756,3.8,GroupBy#1[GroupBy>DataFrameScan],,True,0.48,0.55,group_by_multi:sum|numeric|memory,2000000,,200,,,
2000000,"(g1count200) group-by grid, 1 key, 200 groups, count",polars in-memory,1.415,14.7,,,,,,,,,,,,
2000000,"(g1count200) group-by grid, 1 key, 200 groups, count",polars streaming,1.014,9.7,,,,,,,,,,,,
2000000,"(g1count200) group-by grid, 1 key, 200 groups, count","MetalEngine all, cold",3.260,2.5,GroupBy#1[GroupBy>DataFrameScan],,True,0.31,0.43,group_by:count|numeric|memory,2000000,,200,,,
2000000,"(g2count200) group-by grid, 2 keys, 200 groups, count",polars in-memory,2.533,25.3,,,,,,,,,,,,
2000000,"(g2count200) group-by grid, 2 keys, 200 groups, count",polars streaming,2.165,23.3,,,,,,,,,,,,
2000000,"(g2count200) group-by grid, 2 keys, 200 groups, count","MetalEngine all, cold",3.860,3.3,GroupBy#1[GroupBy>DataFrameScan],,True,0.56,0.66,group_by_multi:count|numeric|memory,2000000,,200,,,
2000000,"(g1mean200) group-by grid, 1 key, 200 groups, mean",polars in-memory,1.399,14.0,,,,,,,,,,,,
2000000,"(g1mean200) group-by grid, 1 key, 200 groups, mean",polars streaming,1.034,10.8,,,,,,,,,,,,
2000000,"(g1mean200) group-by grid, 1 key, 200 groups, mean","MetalEngine all, cold",2.860,2.6,GroupBy#1[GroupBy>DataFrameScan],,True,0.36,0.49,group_by:mean|numeric|memory,2000000,,200,,,
2000000,"(g2mean200) group-by grid, 2 keys, 200 groups, mean",polars in-memory,2.479,28.9,,,,,,,,,,,,
2000000,"(g2mean200) group-by grid, 2 keys, 200 groups, mean",polars streaming,2.332,26.6,,,,,,,,,,,,
2000000,"(g2mean200) group-by grid, 2 keys, 200 groups, mean","MetalEngine all, cold",3.531,3.4,GroupBy#1[GroupBy>DataFrameScan],,True,0.66,0.70,group_by_multi:mean|numeric|memory,2000000,,200,,,
2000000,"(g1minmax200) group-by grid, 1 key, 200 groups, min + max",polars in-memory,1.545,16.5,,,,,,,,,,,,
2000000,"(g1minmax200) group-by grid, 1 key, 200 groups, min + max",polars streaming,1.341,12.6,,,,,,,,,,,,
2000000,"(g1minmax200) group-by grid, 1 key, 200 groups, min + max","MetalEngine all, cold",3.892,3.1,GroupBy#1[GroupBy>DataFrameScan],,True,0.34,0.40,group_by:minmax|numeric|memory,2000000,,200,,,
2000000,"(g2minmax200) group-by grid, 2 keys, 200 groups, min + max",polars in-memory,2.924,33.6,,,,,,,,,,,,
2000000,"(g2minmax200) group-by grid, 2 keys, 200 groups, min + max",polars streaming,2.543,29.7,,,,,,,,,,,,
2000000,"(g2minmax200) group-by grid, 2 keys, 200 groups, min + max","MetalEngine all, cold",4.567,4.0,GroupBy#1[GroupBy>DataFrameScan],,True,0.56,0.64,group_by_multi:minmax|numeric|memory,2000000,,200,,,
2000000,"(g1sum1k) group-by grid, 1 key, 1 000 groups, sum",polars in-memory,3.762,40.5,,,,,,,,,,,,
2000000,"(g1sum1k) group-by grid, 1 key, 1 000 groups, sum",polars streaming,1.181,11.6,,,,,,,,,,,,
2000000,"(g1sum1k) group-by grid, 1 key, 1 000 groups, sum","MetalEngine all, cold",3.998,3.0,GroupBy#1[GroupBy>DataFrameScan],,True,0.30,0.94,group_by:sum|numeric|memory,2000000,,1000,,,
2000000,"(g2sum1k) group-by grid, 2 keys, 1 000 groups, sum",polars in-memory,5.830,66.0,,,,,,,,,,,,
2000000,"(g2sum1k) group-by grid, 2 keys, 1 000 groups, sum",polars streaming,2.555,29.6,,,,,,,,,,,,
2000000,"(g2sum1k) group-by grid, 2 keys, 1 000 groups, sum","MetalEngine all, cold",4.579,3.8,GroupBy#1[GroupBy>DataFrameScan],,True,0.56,1.27,group_by_multi:sum|numeric|memory,2000000,,1000,,,
2000000,"(g1count1k) group-by grid, 1 key, 1 000 groups, count",polars in-memory,3.073,35.7,,,,,,,,,,,,
2000000,"(g1count1k) group-by grid, 1 key, 1 000 groups, count",polars streaming,1.092,11.1,,,,,,,,,,,,
2000000,"(g1count1k) group-by grid, 1 key, 1 000 groups, count","MetalEngine all, cold",3.301,2.6,GroupBy#1[GroupBy>DataFrameScan],,True,0.33,0.93,group_by:count|numeric|memory,2000000,,1000,,,
2000000,"(g2count1k) group-by grid, 2 keys, 1 000 groups, count",polars in-memory,5.094,56.5,,,,,,,,,,,,
2000000,"(g2count1k) group-by grid, 2 keys, 1 000 groups, count",polars streaming,2.673,30.6,,,,,,,,,,,,
2000000,"(g2count1k) group-by grid, 2 keys, 1 000 groups, count","MetalEngine all, cold",4.064,3.5,GroupBy#1[GroupBy>DataFrameScan],,True,0.66,1.25,group_by_multi:count|numeric|memory,2000000,,1000,,,
2000000,"(g1mean1k) group-by grid, 1 key, 1 000 groups, mean",polars in-memory,4.238,48.8,,,,,,,,,,,,
2000000,"(g1mean1k) group-by grid, 1 key, 1 000 groups, mean",polars streaming,1.179,12.6,,,,,,,,,,,,
2000000,"(g1mean1k) group-by grid, 1 key, 1 000 groups, mean","MetalEngine all, cold",2.866,2.7,GroupBy#1[GroupBy>DataFrameScan],,True,0.41,1.48,group_by:mean|numeric|memory,2000000,,1000,,,
2000000,"(g2mean1k) group-by grid, 2 keys, 1 000 groups, mean",polars in-memory,6.514,69.5,,,,,,,,,,,,
2000000,"(g2mean1k) group-by grid, 2 keys, 1 000 groups, mean",polars streaming,2.550,30.3,,,,,,,,,,,,
2000000,"(g2mean1k) group-by grid, 2 keys, 1 000 groups, mean","MetalEngine all, cold",3.436,3.4,GroupBy#1[GroupBy>DataFrameScan],,True,0.74,1.90,group_by_multi:mean|numeric|memory,2000000,,1000,,,
2000000,"(g1minmax1k) group-by grid, 1 key, 1 000 groups, min + max",polars in-memory,3.745,42.5,,,,,,,,,,,,
2000000,"(g1minmax1k) group-by grid, 1 key, 1 000 groups, min + max",polars streaming,1.435,15.6,,,,,,,,,,,,
2000000,"(g1minmax1k) group-by grid, 1 key, 1 000 groups, min + max","MetalEngine all, cold",4.135,3.2,GroupBy#1[GroupBy>DataFrameScan],,True,0.35,0.91,group_by:minmax|numeric|memory,2000000,,1000,,,
2000000,"(g2minmax1k) group-by grid, 2 keys, 1 000 groups, min + max",polars in-memory,5.882,66.2,,,,,,,,,,,,
2000000,"(g2minmax1k) group-by grid, 2 keys, 1 000 groups, min + max",polars streaming,2.906,34.4,,,,,,,,,,,,
2000000,"(g2minmax1k) group-by grid, 2 keys, 1 000 groups, min + max","MetalEngine all, cold",4.600,4.0,GroupBy#1[GroupBy>DataFrameScan],,True,0.63,1.28,group_by_multi:minmax|numeric|memory,2000000,,1000,,,
2000000,"(g1sum10k) group-by grid, 1 key, 10 000 groups, sum",polars in-memory,4.249,49.1,,,,,,,,,,,,
2000000,"(g1sum10k) group-by grid, 1 key, 10 000 groups, sum",polars streaming,3.095,34.3,,,,,,,,,,,,
2000000,"(g1sum10k) group-by grid, 1 key, 10 000 groups, sum","MetalEngine all, cold",3.724,3.0,GroupBy#1[GroupBy>DataFrameScan],,True,0.83,1.14,group_by:sum|numeric|memory,2000000,,10000,,,
2000000,"(g2sum10k) group-by grid, 2 keys, 10 000 groups, sum",polars in-memory,6.857,70.5,,,,,,,,,,,,
2000000,"(g2sum10k) group-by grid, 2 keys, 10 000 groups, sum",polars streaming,5.283,58.5,,,,,,,,,,,,
2000000,"(g2sum10k) group-by grid, 2 keys, 10 000 groups, sum","MetalEngine all, cold",4.309,3.8,GroupBy#1[GroupBy>DataFrameScan],,True,1.23,1.59,group_by_multi:sum|numeric|memory,2000000,,10000,,,
2000000,"(g1count10k) group-by grid, 1 key, 10 000 groups, count",polars in-memory,3.512,39.1,,,,,,,,,,,,
2000000,"(g1count10k) group-by grid, 1 key, 10 000 groups, count",polars streaming,3.003,32.1,,,,,,,,,,,,
2000000,"(g1count10k) group-by grid, 1 key, 10 000 groups, count","MetalEngine all, cold",2.805,2.5,GroupBy#1[GroupBy>DataFrameScan],,True,1.07,1.25,group_by:count|numeric|memory,2000000,,10000,,,
2000000,"(g2count10k) group-by grid, 2 keys, 10 000 groups, count",polars in-memory,6.343,60.3,,,,,,,,,,,,
2000000,"(g2count10k) group-by grid, 2 keys, 10 000 groups, count",polars streaming,4.829,54.9,,,,,,,,,,,,
2000000,"(g2count10k) group-by grid, 2 keys, 10 000 groups, count","MetalEngine all, cold",3.410,3.3,GroupBy#1[GroupBy>DataFrameScan],,True,1.42,1.86,group_by_multi:count|numeric|memory,2000000,,10000,,,
2000000,"(g1mean10k) group-by grid, 1 key, 10 000 groups, mean",polars in-memory,4.475,51.9,,,,,,,,,,,,
2000000,"(g1mean10k) group-by grid, 1 key, 10 000 groups, mean",polars streaming,3.252,35.8,,,,,,,,,,,,
2000000,"(g1mean10k) group-by grid, 1 key, 10 000 groups, mean","MetalEngine all, cold",3.259,3.1,GroupBy#1[GroupBy>DataFrameScan],,True,1.00,1.37,group_by:mean|numeric|memory,2000000,,10000,,,
2000000,"(g2mean10k) group-by grid, 2 keys, 10 000 groups, mean",polars in-memory,6.809,75.6,,,,,,,,,,,,
2000000,"(g2mean10k) group-by grid, 2 keys, 10 000 groups, mean",polars streaming,5.260,60.0,,,,,,,,,,,,
2000000,"(g2mean10k) group-by grid, 2 keys, 10 000 groups, mean","MetalEngine all, cold",3.869,3.8,GroupBy#1[GroupBy>DataFrameScan],,True,1.36,1.76,group_by_multi:mean|numeric|memory,2000000,,10000,,,
2000000,"(g1minmax10k) group-by grid, 1 key, 10 000 groups, min + max",polars in-memory,4.354,50.3,,,,,,,,,,,,
2000000,"(g1minmax10k) group-by grid, 1 key, 10 000 groups, min + max",polars streaming,3.661,40.2,,,,,,,,,,,,
2000000,"(g1minmax10k) group-by grid, 1 key, 10 000 groups, min + max","MetalEngine all, cold",2.613,2.7,GroupBy#1[GroupBy>DataFrameScan],,True,1.40,1.67,group_by:minmax|numeric|memory,2000000,,10000,,,
2000000,"(g2minmax10k) group-by grid, 2 keys, 10 000 groups, min + max",polars in-memory,6.871,72.7,,,,,,,,,,,,
2000000,"(g2minmax10k) group-by grid, 2 keys, 10 000 groups, min + max",polars streaming,5.892,65.1,,,,,,,,,,,,
2000000,"(g2minmax10k) group-by grid, 2 keys, 10 000 groups, min + max","MetalEngine all, cold",5.405,3.8,GroupBy#1[GroupBy>DataFrameScan],,True,1.09,1.27,group_by_multi:minmax|numeric|memory,2000000,,10000,,,
2000000,"(g1sum100k) group-by grid, 1 key, 100 000 groups, sum",polars in-memory,5.298,63.1,,,,,,,,,,,,
2000000,"(g1sum100k) group-by grid, 1 key, 100 000 groups, sum",polars streaming,2.969,31.7,,,,,,,,,,,,
2000000,"(g1sum100k) group-by grid, 1 key, 100 000 groups, sum","MetalEngine all, cold",4.200,3.2,GroupBy#1[GroupBy>DataFrameScan],,True,0.71,1.26,group_by:sum|numeric|memory,2000000,,100000,,,
2000000,"(g2sum100k) group-by grid, 2 keys, 100 000 groups, sum",polars in-memory,7.678,90.4,,,,,,,,,,,,
2000000,"(g2sum100k) group-by grid, 2 keys, 100 000 groups, sum",polars streaming,6.080,66.9,,,,,,,,,,,,
2000000,"(g2sum100k) group-by grid, 2 keys, 100 000 groups, sum","MetalEngine all, cold",4.872,4.2,GroupBy#1[GroupBy>DataFrameScan],,True,1.25,1.58,group_by_multi:sum|numeric|memory,2000000,,100000,,,
2000000,"(g1count100k) group-by grid, 1 key, 100 000 groups, count",polars in-memory,4.486,52.4,,,,,,,,,,,,
2000000,"(g1count100k) group-by grid, 1 key, 100 000 groups, count",polars streaming,2.642,28.9,,,,,,,,,,,,
2000000,"(g1count100k) group-by grid, 1 key, 100 000 groups, count","MetalEngine all, cold",3.125,2.6,GroupBy#1[GroupBy>DataFrameScan],,True,0.85,1.44,group_by:count|numeric|memory,2000000,,100000,,,
2000000,"(g2count100k) group-by grid, 2 keys, 100 000 groups, count",polars in-memory,6.899,74.1,,,,,,,,,,,,
2000000,"(g2count100k) group-by grid, 2 keys, 100 000 groups, count",polars streaming,5.667,63.0,,,,,,,,,,,,
2000000,"(g2count100k) group-by grid, 2 keys, 100 000 groups, count","MetalEngine all, cold",3.887,3.6,GroupBy#1[GroupBy>DataFrameScan],,True,1.46,1.77,group_by_multi:count|numeric|memory,2000000,,100000,,,
2000000,"(g1mean100k) group-by grid, 1 key, 100 000 groups, mean",polars in-memory,5.641,66.0,,,,,,,,,,,,
2000000,"(g1mean100k) group-by grid, 1 key, 100 000 groups, mean",polars streaming,3.020,33.2,,,,,,,,,,,,
2000000,"(g1mean100k) group-by grid, 1 key, 100 000 groups, mean","MetalEngine all, cold",6.173,3.3,GroupBy#1[GroupBy>DataFrameScan],,True,0.49,0.91,group_by:mean|numeric|memory,2000000,,100000,,,
2000000,"(g2mean100k) group-by grid, 2 keys, 100 000 groups, mean",polars in-memory,8.445,90.2,,,,,,,,,,,,
2000000,"(g2mean100k) group-by grid, 2 keys, 100 000 groups, mean",polars streaming,6.016,67.0,,,,,,,,,,,,
2000000,"(g2mean100k) group-by grid, 2 keys, 100 000 groups, mean","MetalEngine all, cold",6.810,4.1,GroupBy#1[GroupBy>DataFrameScan],,True,0.88,1.24,group_by_multi:mean|numeric|memory,2000000,,100000,,,
2000000,"(g1minmax100k) group-by grid, 1 key, 100 000 groups, min + max",polars in-memory,5.645,65.5,,,,,,,,,,,,
2000000,"(g1minmax100k) group-by grid, 1 key, 100 000 groups, min + max",polars streaming,3.480,37.7,,,,,,,,,,,,
2000000,"(g1minmax100k) group-by grid, 1 key, 100 000 groups, min + max","MetalEngine all, cold",4.536,3.2,GroupBy#1[GroupBy>DataFrameScan],,True,0.77,1.24,group_by:minmax|numeric|memory,2000000,,100000,,,
2000000,"(g2minmax100k) group-by grid, 2 keys, 100 000 groups, min + max",polars in-memory,8.698,92.4,,,,,,,,,,,,
2000000,"(g2minmax100k) group-by grid, 2 keys, 100 000 groups, min + max",polars streaming,6.633,73.0,,,,,,,,,,,,
2000000,"(g2minmax100k) group-by grid, 2 keys, 100 000 groups, min + max","MetalEngine all, cold",3.842,3.7,GroupBy#1[GroupBy>DataFrameScan],,True,1.73,2.26,group_by_multi:minmax|numeric|memory,2000000,,100000,,,
2000000,"(g1sum1M) group-by grid, 1 key, 1 000 000 groups, sum",polars in-memory,9.686,120.1,,,,,,,,,,,,
2000000,"(g1sum1M) group-by grid, 1 key, 1 000 000 groups, sum",polars streaming,4.327,43.9,,,,,,,,,,,,
2000000,"(g1sum1M) group-by grid, 1 key, 1 000 000 groups, sum","MetalEngine all, cold",7.071,5.3,GroupBy#1[GroupBy>DataFrameScan],,True,0.61,1.37,group_by:sum|numeric|memory,2000000,,864804,,,
2000000,"(g2sum1M) group-by grid, 2 keys, 1 000 000 groups, sum",polars in-memory,14.960,168.0,,,,,,,,,,,,
2000000,"(g2sum1M) group-by grid, 2 keys, 1 000 000 groups, sum",polars streaming,7.851,86.4,,,,,,,,,,,,
2000000,"(g2sum1M) group-by grid, 2 keys, 1 000 000 groups, sum","MetalEngine all, cold",8.025,6.5,GroupBy#1[GroupBy>DataFrameScan],,True,0.98,1.86,group_by_multi:sum|numeric|memory,2000000,,864513,,,
2000000,"(g1count1M) group-by grid, 1 key, 1 000 000 groups, count",polars in-memory,8.538,92.8,,,,,,,,,,,,
2000000,"(g1count1M) group-by grid, 1 key, 1 000 000 groups, count",polars streaming,3.599,39.1,,,,,,,,,,,,
2000000,"(g1count1M) group-by grid, 1 key, 1 000 000 groups, count","MetalEngine all, cold",4.649,3.5,GroupBy#1[GroupBy>DataFrameScan],,True,0.77,1.84,group_by:count|numeric|memory,2000000,,864804,,,
2000000,"(g2count1M) group-by grid, 2 keys, 1 000 000 groups, count",polars in-memory,13.521,153.3,,,,,,,,,,,,
2000000,"(g2count1M) group-by grid, 2 keys, 1 000 000 groups, count",polars streaming,7.957,86.8,,,,,,,,,,,,
2000000,"(g2count1M) group-by grid, 2 keys, 1 000 000 groups, count","MetalEngine all, cold",5.674,4.5,GroupBy#1[GroupBy>DataFrameScan],,True,1.40,2.38,group_by_multi:count|numeric|memory,2000000,,864513,,,
2000000,"(g1mean1M) group-by grid, 1 key, 1 000 000 groups, mean",polars in-memory,11.328,128.7,,,,,,,,,,,,
2000000,"(g1mean1M) group-by grid, 1 key, 1 000 000 groups, mean",polars streaming,4.166,44.4,,,,,,,,,,,,
2000000,"(g1mean1M) group-by grid, 1 key, 1 000 000 groups, mean","MetalEngine all, cold",19.218,4.0,GroupBy#1[GroupBy>DataFrameScan],,True,0.22,0.59,group_by:mean|numeric|memory,2000000,,864804,,,
2000000,"(g2mean1M) group-by grid, 2 keys, 1 000 000 groups, mean",polars in-memory,16.036,189.1,,,,,,,,,,,,
2000000,"(g2mean1M) group-by grid, 2 keys, 1 000 000 groups, mean",polars streaming,8.007,87.4,,,,,,,,,,,,
2000000,"(g2mean1M) group-by grid, 2 keys, 1 000 000 groups, mean","MetalEngine all, cold",19.737,4.8,GroupBy#1[GroupBy>DataFrameScan],,True,0.41,0.81,group_by_multi:mean|numeric|memory,2000000,,864513,,,
2000000,"(g1minmax1M) group-by grid, 1 key, 1 000 000 groups, min + max",polars in-memory,11.864,146.9,,,,,,,,,,,,
2000000,"(g1minmax1M) group-by grid, 1 key, 1 000 000 groups, min + max",polars streaming,4.452,48.5,,,,,,,,,,,,
2000000,"(g1minmax1M) group-by grid, 1 key, 1 000 000 groups, min + max","MetalEngine all, cold",4.380,3.5,GroupBy#1[GroupBy>DataFrameScan],,True,1.02,2.71,group_by:minmax|numeric|memory,2000000,,864804,,,
2000000,"(g2minmax1M) group-by grid, 2 keys, 1 000 000 groups, min + max",polars in-memory,17.447,205.8,,,,,,,,,,,,
2000000,"(g2minmax1M) group-by grid, 2 keys, 1 000 000 groups, min + max",polars streaming,8.739,97.1,,,,,,,,,,,,
2000000,"(g2minmax1M) group-by grid, 2 keys, 1 000 000 groups, min + max","MetalEngine all, cold",4.930,4.3,GroupBy#1[GroupBy>DataFrameScan],,True,1.77,3.54,group_by_multi:minmax|numeric|memory,2000000,,864513,,,
2000000,"(g1sumR2) group-by grid, 1 key, rows/2 groups, sum",polars in-memory,9.797,121.1,,,,,,,,,,,,
2000000,"(g1sumR2) group-by grid, 1 key, rows/2 groups, sum",polars streaming,3.994,41.9,,,,,,,,,,,,
2000000,"(g1sumR2) group-by grid, 1 key, rows/2 groups, sum","MetalEngine all, cold",7.174,5.4,GroupBy#1[GroupBy>DataFrameScan],,True,0.56,1.37,group_by:sum|numeric|memory,2000000,,864739,,,
2000000,"(g2sumR2) group-by grid, 2 keys, rows/2 groups, sum",polars in-memory,15.927,167.8,,,,,,,,,,,,
2000000,"(g2sumR2) group-by grid, 2 keys, rows/2 groups, sum",polars streaming,7.789,84.1,,,,,,,,,,,,
2000000,"(g2sumR2) group-by grid, 2 keys, rows/2 groups, sum","MetalEngine all, cold",6.916,6.0,GroupBy#1[GroupBy>DataFrameScan],,True,1.13,2.30,group_by_multi:sum|numeric|memory,2000000,,865065,,,
2000000,"(g1countR2) group-by grid, 1 key, rows/2 groups, count",polars in-memory,8.566,93.4,,,,,,,,,,,,
2000000,"(g1countR2) group-by grid, 1 key, rows/2 groups, count",polars streaming,3.680,40.5,,,,,,,,,,,,
2000000,"(g1countR2) group-by grid, 1 key, rows/2 groups, count","MetalEngine all, cold",4.688,3.5,GroupBy#1[GroupBy>DataFrameScan],,True,0.79,1.83,group_by:count|numeric|memory,2000000,,864739,,,
2000000,"(g2countR2) group-by grid, 2 keys, rows/2 groups, count",polars in-memory,13.371,151.0,,,,,,,,,,,,
2000000,"(g2countR2) group-by grid, 2 keys, rows/2 groups, count",polars streaming,7.503,83.2,,,,,,,,,,,,
2000000,"(g2countR2) group-by grid, 2 keys, rows/2 groups, count","MetalEngine all, cold",5.715,4.6,GroupBy#1[GroupBy>DataFrameScan],,True,1.31,2.34,group_by_multi:count|numeric|memory,2000000,,865065,,,
2000000,"(g1meanR2) group-by grid, 1 key, rows/2 groups, mean",polars in-memory,10.974,135.6,,,,,,,,,,,,
2000000,"(g1meanR2) group-by grid, 1 key, rows/2 groups, mean",polars streaming,4.149,44.3,,,,,,,,,,,,
2000000,"(g1meanR2) group-by grid, 1 key, rows/2 groups, mean","MetalEngine all, cold",19.044,4.0,GroupBy#1[GroupBy>DataFrameScan],,True,0.22,0.58,group_by:mean|numeric|memory,2000000,,864739,,,
2000000,"(g2meanR2) group-by grid, 2 keys, rows/2 groups, mean",polars in-memory,15.771,188.9,,,,,,,,,,,,
2000000,"(g2meanR2) group-by grid, 2 keys, rows/2 groups, mean",polars streaming,8.045,89.5,,,,,,,,,,,,
2000000,"(g2meanR2) group-by grid, 2 keys, rows/2 groups, mean","MetalEngine all, cold",19.692,4.7,GroupBy#1[GroupBy>DataFrameScan],,True,0.41,0.80,group_by_multi:mean|numeric|memory,2000000,,865065,,,
2000000,"(g1minmaxR2) group-by grid, 1 key, rows/2 groups, min + max",polars in-memory,11.710,140.1,,,,,,,,,,,,
2000000,"(g1minmaxR2) group-by grid, 1 key, rows/2 groups, min + max",polars streaming,4.508,47.0,,,,,,,,,,,,
2000000,"(g1minmaxR2) group-by grid, 1 key, rows/2 groups, min + max","MetalEngine all, cold",4.248,3.5,GroupBy#1[GroupBy>DataFrameScan],,True,1.06,2.76,group_by:minmax|numeric|memory,2000000,,864739,,,
2000000,"(g2minmaxR2) group-by grid, 2 keys, rows/2 groups, min + max",polars in-memory,16.555,196.6,,,,,,,,,,,,
2000000,"(g2minmaxR2) group-by grid, 2 keys, rows/2 groups, min + max",polars streaming,8.824,97.9,,,,,,,,,,,,
2000000,"(g2minmaxR2) group-by grid, 2 keys, rows/2 groups, min + max","MetalEngine all, cold",5.218,4.4,GroupBy#1[GroupBy>DataFrameScan],,True,1.69,3.17,group_by_multi:minmax|numeric|memory,2000000,,865065,,,
5000000,(a) filtered sum + count,polars in-memory,1.499,2.6,,,,,,,,,,,,
5000000,(a) filtered sum + count,polars streaming,0.472,4.0,,,,,,,,,,,,
5000000,(a) filtered sum + count,"MetalEngine all, cold",2.861,2.5,Select#3[Select>SimpleProjection>Filter>DataFrameScan],,True,0.17,0.52,aggregate:count+aggregate:sum|numeric|memory,5000000,,,,,
5000000,(b) filter + group-by 200 keys + sort desc + limit 10,polars in-memory,4.492,28.2,,,,,,,,,,,,
5000000,(b) filter + group-by 200 keys + sort desc + limit 10,polars streaming,2.164,23.8,,,,,,,,,,,,
5000000,(b) filter + group-by 200 keys + sort desc + limit 10,"MetalEngine all, cold",4.240,4.3,Sort#4[Sort>Filter>GroupBy>Filter>DataFrameScan],,True,0.51,1.06,group_by:count+group_by:sum+top_k|numeric|memory,5000000,,,,,
5000000,"(c) group-by (region, sub) mean + max",polars in-memory,19.126,198.3,,,,,,,,,,,,
5000000,"(c) group-by (region, sub) mean + max",polars streaming,12.295,144.4,,,,,,,,,,,,
5000000,"(c) group-by (region, sub) mean + max","MetalEngine all, cold",8.156,5.7,GroupBy#1[GroupBy>DataFrameScan],,True,1.51,2.34,group_by_multi:mean+group_by_multi:minmax|numeric|memory,5000000,,10000,,,
5000000,(d) projection chain then filter,polars in-memory,21.065,21.1,,,,,,,,,,,,
5000000,(d) projection chain then filter,polars streaming,1.704,15.0,,,,,,,,,,,,
5000000,(d) projection chain then filter,"MetalEngine all, cold",5.844,2.6,Filter#2[Filter>Select>HStack>DataFrameScan],,True,0.29,3.60,rowwise|numeric|memory,5000000,,,,,
5000000,(e) inner join then sum,polars in-memory,12.931,110.9,,,,,,,,,,,,
5000000,(e) inner join then sum,polars streaming,9.703,120.0,,,,,,,,,,,,
5000000,(e) inner join then sum,"MetalEngine all, cold",5.145,2.7,Select#3[Select>SimpleProjection>Join>DataFrameScan>DataFrameScan],,True,1.89,2.51,aggregate:sum+join:inner|numeric|memory,6000000,,,,,
5000000,(f) semi join,polars in-memory,1.877,21.6,,,,,,,,,,,,
5000000,(f) semi join,polars streaming,1.405,15.1,,,,,,,,,,,,
5000000,(f) semi join,"MetalEngine all, cold",3.261,2.6,Join#2[Join>DataFrameScan>DataFrameScan],,True,0.43,0.58,join:semi|numeric|memory,5001000,,,,,
5000000,(g) row_number over partitions,polars in-memory,44.375,285.8,,,,,,,,,,,,
5000000,(g) row_number over partitions,polars streaming,139.524,538.3,,,,,,,,,,,,
5000000,(g) row_number over partitions,"MetalEngine all, cold",43.523,285.8,,HStack#1: Expression Window has no ArrowMetal translation.,True,1.02,1.02,,,,,,,
5000000,(h) as-of join,polars in-memory,10.999,17.0,,,,,,,,,,,,
5000000,(h) as-of join,polars streaming,1.457,14.6,,,,,,,,,,,,
5000000,(h) as-of join,"MetalEngine all, cold",10.981,15.8,,"Join#2: A AsOf join is not translated (inner, left, semi and anti are taken).",True,0.13,1.00,,,,,,,
5000000,"(i) group-by 1 key, 100 000 groups, sum",polars in-memory,12.096,138.6,,,,,,,,,,,,
5000000,"(i) group-by 1 key, 100 000 groups, sum",polars streaming,6.059,70.5,,,,,,,,,,,,
5000000,"(i) group-by 1 key, 100 000 groups, sum","MetalEngine all, cold",7.145,4.2,GroupBy#1[GroupBy>DataFrameScan],,True,0.85,1.69,group_by:sum|numeric|memory,5000000,,100000,,,
5000000,"(j) group-by (k1, k2), sum + count",polars in-memory,45.026,448.5,,,,,,,,,,,,
5000000,"(j) group-by (k1, k2), sum + count",polars streaming,22.384,256.0,,,,,,,,,,,,
5000000,"(j) group-by (k1, k2), sum + count","MetalEngine all, cold",40.758,23.3,GroupBy#1[GroupBy>DataFrameScan],,True,0.55,1.10,group_by_multi:count+group_by_multi:sum|numeric|memory,5000000,,4877339,,,
5000000,"(k) group-by (String, int32), sum",polars in-memory,41.143,499.5,,,,,,,,,,,,
5000000,"(k) group-by (String, int32), sum",polars streaming,19.647,226.8,,,,,,,,,,,,
5000000,"(k) group-by (String, int32), sum","MetalEngine all, cold",16.352,14.5,GroupBy#1[GroupBy>DataFrameScan],,True,1.20,2.52,group_by_multi:sum|string|memory,5000000,,993344,,,
5000000,"(l) group-by (region, sub), Float64 sum + mean",polars in-memory,21.821,214.4,,,,,,,,,,,,
5000000,"(l) group-by (region, sub), Float64 sum + mean",polars streaming,12.637,151.3,,,,,,,,,,,,
5000000,"(l) group-by (region, sub), Float64 sum + mean","MetalEngine all, cold",6.950,5.6,GroupBy#2[GroupBy>HStack>DataFrameScan],,True,1.82,3.14,group_by_multi:mean+group_by_multi:sum|numeric|memory,5000000,,10000,,,
5000000,(m) sort 3 columns by an int64 key,polars in-memory,37.901,423.5,,,,,,,,,,,,
5000000,(m) sort 3 columns by an int64 key,polars streaming,45.616,449.5,,,,,,,,,,,,
5000000,(m) sort 3 columns by an int64 key,"MetalEngine all, cold",6.653,3.6,Sort#2[Sort>DataFrameScan],,True,5.70,5.70,sort|numeric|memory,5000000,,,,,
5000000,"(n) top 100 by Float64, descending",polars in-memory,41.225,41.5,,,,,,,,,,,,
5000000,"(n) top 100 by Float64, descending",polars streaming,3.024,25.6,,,,,,,,,,,,
5000000,"(n) top 100 by Float64, descending","MetalEngine all, cold",9.849,3.9,Sort#3[Sort>Filter>DataFrameScan],,True,0.31,4.19,top_k|numeric|memory,5000000,,,,,
5000000,"(o) sort with a String column, by an int64 key",polars in-memory,38.503,428.8,,,,,,,,,,,,
5000000,"(o) sort with a String column, by an int64 key",polars streaming,47.259,433.8,,,,,,,,,,,,
5000000,"(o) sort with a String column, by an int64 key","MetalEngine all, cold",27.820,22.8,Sort#2[Sort>DataFrameScan],,True,1.38,1.38,sort|string|memory,5000000,,,,,
5000000,"(p) filter, then sort by (int32 asc, nullable Float64 desc)",polars in-memory,69.743,775.7,,,,,,,,,,,,
5000000,"(p) filter, then sort by (int32 asc, nullable Float64 desc)",polars streaming,75.130,800.8,,,,,,,,,,,,
5000000,"(p) filter, then sort by (int32 asc, nullable Float64 desc)","MetalEngine all, cold",39.123,27.6,Sort#3[Sort>HStack>Filter>DataFrameScan],,True,1.78,1.78,sort_helper_keys|string|memory,5000000,,,,,
5000000,"(q) filter, then sort by (int32 asc, int64 desc)",polars in-memory,46.800,506.6,,,,,,,,,,,,
5000000,"(q) filter, then sort by (int32 asc, int64 desc)",polars streaming,48.676,531.3,,,,,,,,,,,,
5000000,"(q) filter, then sort by (int32 asc, int64 desc)","MetalEngine all, cold",9.512,5.4,Sort#3[Sort>Filter>DataFrameScan],,True,4.92,4.92,sort|numeric|memory,5000000,,,,,
5000000,"(r) unique over (region, sub), keep first",polars in-memory,14.674,137.9,,,,,,,,,,,,
5000000,"(r) unique over (region, sub), keep first",polars streaming,18.864,208.7,,,,,,,,,,,,
5000000,"(r) unique over (region, sub), keep first","MetalEngine all, cold",6.888,5.5,Distinct#1[Distinct>DataFrameScan],,True,2.13,2.13,distinct|numeric|memory,5000000,,,,,
5000000,(a2) filtered min + max,polars in-memory,1.552,3.8,,,,,,,,,,,,
5000000,(a2) filtered min + max,polars streaming,0.507,3.8,,,,,,,,,,,,
5000000,(a2) filtered min + max,"MetalEngine all, cold",2.858,2.7,Select#3[Select>SimpleProjection>Filter>DataFrameScan],,True,0.18,0.54,aggregate:minmax|numeric|memory,5000000,,,,,
5000000,(a3) filtered mean,polars in-memory,1.376,2.5,,,,,,,,,,,,
5000000,(a3) filtered mean,polars streaming,0.537,3.7,,,,,,,,,,,,
5000000,(a3) filtered mean,"MetalEngine all, cold",3.188,2.4,Select#3[Select>SimpleProjection>Filter>DataFrameScan],,True,0.17,0.43,aggregate:mean|numeric|memory,5000000,,,,,
5000000,(a4) filtered count,polars in-memory,1.029,2.2,,,,,,,,,,,,
5000000,(a4) filtered count,polars streaming,0.344,2.2,,,,,,,,,,,,
5000000,(a4) filtered count,"MetalEngine all, cold",1.808,2.0,Select#3[Select>DataFrameScan],,True,0.19,0.57,aggregate:sum|numeric|memory,5000000,,,,,
5000000,"(t1) group-by 1 key, 200 groups, sum",polars in-memory,2.215,19.2,,,,,,,,,,,,
5000000,"(t1) group-by 1 key, 200 groups, sum",polars streaming,1.944,18.9,,,,,,,,,,,,
5000000,"(t1) group-by 1 key, 200 groups, sum","MetalEngine all, cold",3.833,3.5,GroupBy#1[GroupBy>DataFrameScan],,True,0.51,0.58,group_by:sum|numeric|memory,5000000,,200,,,
5000000,"(t2) group-by 1 key, 200 groups, count",polars in-memory,2.090,20.5,,,,,,,,,,,,
5000000,"(t2) group-by 1 key, 200 groups, count",polars streaming,1.696,16.0,,,,,,,,,,,,
5000000,"(t2) group-by 1 key, 200 groups, count","MetalEngine all, cold",2.845,2.7,GroupBy#1[GroupBy>DataFrameScan],,True,0.60,0.73,group_by:count|numeric|memory,5000000,,200,,,
5000000,"(t3) group-by 1 key, 200 groups, mean",polars in-memory,2.112,19.8,,,,,,,,,,,,
5000000,"(t3) group-by 1 key, 200 groups, mean",polars streaming,1.981,17.7,,,,,,,,,,,,
5000000,"(t3) group-by 1 key, 200 groups, mean","MetalEngine all, cold",4.989,3.8,GroupBy#1[GroupBy>DataFrameScan],,True,0.40,0.42,group_by:mean|numeric|memory,5000000,,200,,,
5000000,"(t4) group-by 1 key, 200 groups, min + max",polars in-memory,2.669,25.8,,,,,,,,,,,,
5000000,"(t4) group-by 1 key, 200 groups, min + max",polars streaming,2.485,26.2,,,,,,,,,,,,
5000000,"(t4) group-by 1 key, 200 groups, min + max","MetalEngine all, cold",3.841,3.7,GroupBy#1[GroupBy>DataFrameScan],,True,0.65,0.69,group_by:minmax|numeric|memory,5000000,,200,,,
5000000,"(t5) group-by 1 key, 100 000 groups, count",polars in-memory,9.789,108.7,,,,,,,,,,,,
5000000,"(t5) group-by 1 key, 100 000 groups, count",polars streaming,6.137,56.9,,,,,,,,,,,,
5000000,"(t5) group-by 1 key, 100 000 groups, count","MetalEngine all, cold",2.544,2.7,GroupBy#1[GroupBy>DataFrameScan],,True,2.41,3.85,group_by:count|numeric|memory,5000000,,100000,,,
5000000,"(t6) group-by 1 key, 100 000 groups, mean",polars in-memory,12.560,146.1,,,,,,,,,,,,
5000000,"(t6) group-by 1 key, 100 000 groups, mean",polars streaming,7.256,65.6,,,,,,,,,,,,
5000000,"(t6) group-by 1 key, 100 000 groups, mean","MetalEngine all, cold",8.157,4.4,GroupBy#1[GroupBy>DataFrameScan],,True,0.89,1.54,group_by:mean|numeric|memory,5000000,,100000,,,
5000000,"(t7) group-by 1 key, 100 000 groups, min + max",polars in-memory,14.044,168.1,,,,,,,,,,,,
5000000,"(t7) group-by 1 key, 100 000 groups, min + max",polars streaming,8.157,71.8,,,,,,,,,,,,
5000000,"(t7) group-by 1 key, 100 000 groups, min + max","MetalEngine all, cold",5.196,4.0,GroupBy#1[GroupBy>DataFrameScan],,True,1.57,2.70,group_by:minmax|numeric|memory,5000000,,100000,,,
5000000,"(v1) group-by (region, sub), sum",polars in-memory,16.534,165.6,,,,,,,,,,,,
5000000,"(v1) group-by (region, sub), sum",polars streaming,12.579,145.9,,,,,,,,,,,,
5000000,"(v1) group-by (region, sub), sum","MetalEngine all, cold",4.825,4.7,GroupBy#1[GroupBy>DataFrameScan],,True,2.61,3.43,group_by_multi:sum|numeric|memory,5000000,,10000,,,
5000000,"(v2) group-by (region, sub), count",polars in-memory,15.527,138.2,,,,,,,,,,,,
5000000,"(v2) group-by (region, sub), count",polars streaming,12.312,118.9,,,,,,,,,,,,
5000000,"(v2) group-by (region, sub), count","MetalEngine all, cold",3.084,3.6,GroupBy#1[GroupBy>DataFrameScan],,True,3.99,5.04,group_by_multi:count|numeric|memory,5000000,,10000,,,
5000000,"(v3) group-by (k1, k2), mean",polars in-memory,51.140,601.6,,,,,,,,,,,,
5000000,"(v3) group-by (k1, k2), mean",polars streaming,23.892,260.7,,,,,,,,,,,,
5000000,"(v3) group-by (k1, k2), mean","MetalEngine all, cold",109.688,13.5,GroupBy#1[GroupBy>DataFrameScan],,True,0.22,0.47,group_by_multi:mean|numeric|memory,5000000,,4877339,,,
5000000,"(v4) group-by (k1, k2), min + max",polars in-memory,51.969,622.3,,,,,,,,,,,,
5000000,"(v4) group-by (k1, k2), min + max",polars streaming,25.553,257.5,,,,,,,,,,,,
5000000,"(v4) group-by (k1, k2), min + max","MetalEngine all, cold",36.332,12.9,GroupBy#1[GroupBy>DataFrameScan],,True,0.70,1.43,group_by_multi:minmax|numeric|memory,5000000,,4877339,,,
5000000,"(w1) inner join, 1M-row build side",polars in-memory,12.984,108.1,,,,,,,,,,,,
5000000,"(w1) inner join, 1M-row build side",polars streaming,11.242,138.7,,,,,,,,,,,,
5000000,"(w1) inner join, 1M-row build side","MetalEngine all, cold",4.673,2.4,Join#2[Join>DataFrameScan>DataFrameScan],,True,2.41,2.78,join:inner|numeric|memory,6000000,,,,,
5000000,"(w2) left join, 1M-row build side",polars in-memory,20.120,167.4,,,,,,,,,,,,
5000000,"(w2) left join, 1M-row build side",polars streaming,13.057,145.2,,,,,,,,,,,,
5000000,"(w2) left join, 1M-row build side","MetalEngine all, cold",5.428,3.0,Join#2[Join>DataFrameScan>DataFrameScan],,True,2.41,3.71,join:left|numeric|memory,6000000,,,,,
5000000,"(w3) semi join, 1M-row build side",polars in-memory,12.533,123.6,,,,,,,,,,,,
5000000,"(w3) semi join, 1M-row build side",polars streaming,8.225,95.4,,,,,,,,,,,,
5000000,"(w3) semi join, 1M-row build side","MetalEngine all, cold",4.994,3.1,Join#2[Join>DataFrameScan>DataFrameScan],,True,1.65,2.51,join:semi|numeric|memory,6000000,,,,,
5000000,"(w4) anti join, 1M-row build side",polars in-memory,11.913,126.3,,,,,,,,,,,,
5000000,"(w4) anti join, 1M-row build side",polars streaming,8.327,98.4,,,,,,,,,,,,
5000000,"(w4) anti join, 1M-row build side","MetalEngine all, cold",5.014,3.1,Join#2[Join>DataFrameScan>DataFrameScan],,True,1.66,2.38,join:anti|numeric|memory,6000000,,,,,
5000000,"(x1) unique over (k1, k2), keep first",polars in-memory,50.196,486.5,,,,,,,,,,,,
5000000,"(x1) unique over (k1, k2), keep first",polars streaming,33.664,358.7,,,,,,,,,,,,
5000000,"(x1) unique over (k1, k2), keep first","MetalEngine all, cold",26.313,13.3,Distinct#2[Distinct>DataFrameScan],,True,1.28,1.91,distinct|numeric|memory,5000000,,,,,
5000000,"(x2) sort by a nullable Float64 key, descending",polars in-memory,51.258,562.8,,,,,,,,,,,,
5000000,"(x2) sort by a nullable Float64 key, descending",polars streaming,55.428,585.8,,,,,,,,,,,,
5000000,"(x2) sort by a nullable Float64 key, descending","MetalEngine all, cold",15.285,6.7,Sort#2[Sort>Select>DataFrameScan],,True,3.35,3.35,sort_helper_keys|numeric|memory,5000000,,,,,
5000000,(x3) top 100 by an int64 key,polars in-memory,40.749,41.0,,,,,,,,,,,,
5000000,(x3) top 100 by an int64 key,polars streaming,3.255,23.3,,,,,,,,,,,,
5000000,(x3) top 100 by an int64 key,"MetalEngine all, cold",3.807,4.4,Sort#3[Sort>Filter>DataFrameScan],,True,0.86,10.70,top_k|numeric|memory,5000000,,,,,
5000000,"(y1) group-by a String key (1000 values), sum",polars in-memory,15.600,160.9,,,,,,,,,,,,
5000000,"(y1) group-by a String key (1000 values), sum",polars streaming,4.108,44.5,,,,,,,,,,,,
5000000,"(y1) group-by a String key (1000 values), sum","MetalEngine all, cold",7.970,7.2,GroupBy#1[GroupBy>DataFrameScan],,True,0.52,1.96,group_by:sum|string|memory,5000000,,1000,,,
5000000,(y2) filter by a String equality,polars in-memory,2.227,2.4,,,,,,,,,,,,
5000000,(y2) filter by a String equality,polars streaming,0.469,3.1,,,,,,,,,,,,
5000000,(y2) filter by a String equality,"MetalEngine all, cold",5.330,4.4,Filter#2[Filter>DataFrameScan],,True,0.09,0.42,rowwise|string|memory,5000000,,,,,
5000000,"(y3) filter by a String prefix, then sum",polars in-memory,18.885,19.5,,,,,,,,,,,,
5000000,"(y3) filter by a String prefix, then sum",polars streaming,2.030,19.9,,,,,,,,,,,,
5000000,"(y3) filter by a String prefix, then sum","MetalEngine all, cold",5.270,3.8,Select#2[Select>SimpleProjection>Filter>DataFrameScan],,True,0.39,3.58,aggregate:sum|string|memory,5000000,,,,,
5000000,(y4) inner join on a String key,polars in-memory,12.584,124.4,,,,,,,,,,,,
5000000,(y4) inner join on a String key,polars streaming,7.810,79.4,,,,,,,,,,,,
5000000,(y4) inner join on a String key,"MetalEngine all, cold",19.756,18.9,Join#3[Join>DataFrameScan>DataFrameScan],,True,0.40,0.64,join:inner|string|memory,5000500,,,,,
5000000,"(y5) unique over (String, int32), keep first",polars in-memory,40.437,443.0,,,,,,,,,,,,
5000000,"(y5) unique over (String, int32), keep first",polars streaming,28.874,335.6,,,,,,,,,,,,
5000000,"(y5) unique over (String, int32), keep first","MetalEngine all, cold",15.965,15.2,Distinct#2[Distinct>DataFrameScan],,True,1.81,2.53,distinct|string|memory,5000000,,,,,
5000000,(y6) top 100 by an int64 key with a String column,polars in-memory,42.059,42.4,,,,,,,,,,,,
5000000,(y6) top 100 by an int64 key with a String column,polars streaming,3.378,24.9,,,,,,,,,,,,
5000000,(y6) top 100 by an int64 key with a String column,"MetalEngine all, cold",5.598,5.9,Sort#3[Sort>Filter>DataFrameScan],,True,0.60,7.51,top_k|string|memory,5000000,,,,,
5000000,"(g1sum200) group-by grid, 1 key, 200 groups, sum",polars in-memory,2.234,19.8,,,,,,,,,,,,
5000000,"(g1sum200) group-by grid, 1 key, 200 groups, sum",polars streaming,2.028,17.9,,,,,,,,,,,,
5000000,"(g1sum200) group-by grid, 1 key, 200 groups, sum","MetalEngine all, cold",3.877,3.5,GroupBy#1[GroupBy>DataFrameScan],,True,0.52,0.58,group_by:sum|numeric|memory,5000000,,200,,,
5000000,"(g2sum200) group-by grid, 2 keys, 200 groups, sum",polars in-memory,5.306,53.5,,,,,,,,,,,,
5000000,"(g2sum200) group-by grid, 2 keys, 200 groups, sum",polars streaming,5.029,63.0,,,,,,,,,,,,
5000000,"(g2sum200) group-by grid, 2 keys, 200 groups, sum","MetalEngine all, cold",4.743,4.7,GroupBy#1[GroupBy>DataFrameScan],,True,1.06,1.12,group_by_multi:sum|numeric|memory,5000000,,200,,,
5000000,"(g1count200) group-by grid, 1 key, 200 groups, count",polars in-memory,2.064,18.4,,,,,,,,,,,,
5000000,"(g1count200) group-by grid, 1 key, 200 groups, count",polars streaming,1.782,18.1,,,,,,,,,,,,
5000000,"(g1count200) group-by grid, 1 key, 200 groups, count","MetalEngine all, cold",2.807,2.7,GroupBy#1[GroupBy>DataFrameScan],,True,0.63,0.74,group_by:count|numeric|memory,5000000,,200,,,
5000000,"(g2count200) group-by grid, 2 keys, 200 groups, count",polars in-memory,5.930,59.6,,,,,,,,,,,,
5000000,"(g2count200) group-by grid, 2 keys, 200 groups, count",polars streaming,5.477,53.8,,,,,,,,,,,,
5000000,"(g2count200) group-by grid, 2 keys, 200 groups, count","MetalEngine all, cold",3.639,3.7,GroupBy#1[GroupBy>DataFrameScan],,True,1.51,1.63,group_by_multi:count|numeric|memory,5000000,,200,,,
5000000,"(g1mean200) group-by grid, 1 key, 200 groups, mean",polars in-memory,2.353,21.1,,,,,,,,,,,,
5000000,"(g1mean200) group-by grid, 1 key, 200 groups, mean",polars streaming,1.982,19.6,,,,,,,,,,,,
5000000,"(g1mean200) group-by grid, 1 key, 200 groups, mean","MetalEngine all, cold",4.633,3.6,GroupBy#1[GroupBy>DataFrameScan],,True,0.43,0.51,group_by:mean|numeric|memory,5000000,,200,,,
5000000,"(g2mean200) group-by grid, 2 keys, 200 groups, mean",polars in-memory,5.955,56.8,,,,,,,,,,,,
5000000,"(g2mean200) group-by grid, 2 keys, 200 groups, mean",polars streaming,5.552,60.6,,,,,,,,,,,,
5000000,"(g2mean200) group-by grid, 2 keys, 200 groups, mean","MetalEngine all, cold",5.598,4.9,GroupBy#1[GroupBy>DataFrameScan],,True,0.99,1.06,group_by_multi:mean|numeric|memory,5000000,,200,,,
5000000,"(g1minmax200) group-by grid, 1 key, 200 groups, min + max",polars in-memory,2.915,29.3,,,,,,,,,,,,
5000000,"(g1minmax200) group-by grid, 1 key, 200 groups, min + max",polars streaming,2.827,26.1,,,,,,,,,,,,
5000000,"(g1minmax200) group-by grid, 1 key, 200 groups, min + max","MetalEngine all, cold",3.917,3.8,GroupBy#1[GroupBy>DataFrameScan],,True,0.72,0.74,group_by:minmax|numeric|memory,5000000,,200,,,
5000000,"(g2minmax200) group-by grid, 2 keys, 200 groups, min + max",polars in-memory,6.429,70.3,,,,,,,,,,,,
5000000,"(g2minmax200) group-by grid, 2 keys, 200 groups, min + max",polars streaming,6.232,65.9,,,,,,,,,,,,
5000000,"(g2minmax200) group-by grid, 2 keys, 200 groups, min + max","MetalEngine all, cold",4.824,4.9,GroupBy#1[GroupBy>DataFrameScan],,True,1.29,1.33,group_by_multi:minmax|numeric|memory,5000000,,200,,,
5000000,"(g1sum1k) group-by grid, 1 key, 1 000 groups, sum",polars in-memory,9.793,111.5,,,,,,,,,,,,
5000000,"(g1sum1k) group-by grid, 1 key, 1 000 groups, sum",polars streaming,2.112,18.9,,,,,,,,,,,,
5000000,"(g1sum1k) group-by grid, 1 key, 1 000 groups, sum","MetalEngine all, cold",3.791,3.6,GroupBy#1[GroupBy>DataFrameScan],,True,0.56,2.58,group_by:sum|numeric|memory,5000000,,1000,,,
5000000,"(g2sum1k) group-by grid, 2 keys, 1 000 groups, sum",polars in-memory,16.125,169.6,,,,,,,,,,,,
5000000,"(g2sum1k) group-by grid, 2 keys, 1 000 groups, sum",polars streaming,6.025,64.7,,,,,,,,,,,,
5000000,"(g2sum1k) group-by grid, 2 keys, 1 000 groups, sum","MetalEngine all, cold",4.697,4.7,GroupBy#1[GroupBy>DataFrameScan],,True,1.28,3.43,group_by_multi:sum|numeric|memory,5000000,,1000,,,
5000000,"(g1count1k) group-by grid, 1 key, 1 000 groups, count",polars in-memory,7.406,86.4,,,,,,,,,,,,
5000000,"(g1count1k) group-by grid, 1 key, 1 000 groups, count",polars streaming,2.139,18.8,,,,,,,,,,,,
5000000,"(g1count1k) group-by grid, 1 key, 1 000 groups, count","MetalEngine all, cold",2.676,2.5,GroupBy#1[GroupBy>DataFrameScan],,True,0.80,2.77,group_by:count|numeric|memory,5000000,,1000,,,
5000000,"(g2count1k) group-by grid, 2 keys, 1 000 groups, count",polars in-memory,14.978,144.1,,,,,,,,,,,,
5000000,"(g2count1k) group-by grid, 2 keys, 1 000 groups, count",polars streaming,6.040,61.5,,,,,,,,,,,,
5000000,"(g2count1k) group-by grid, 2 keys, 1 000 groups, count","MetalEngine all, cold",3.595,3.7,GroupBy#1[GroupBy>DataFrameScan],,True,1.68,4.17,group_by_multi:count|numeric|memory,5000000,,1000,,,
5000000,"(g1mean1k) group-by grid, 1 key, 1 000 groups, mean",polars in-memory,10.060,115.7,,,,,,,,,,,,
5000000,"(g1mean1k) group-by grid, 1 key, 1 000 groups, mean",polars streaming,2.252,20.0,,,,,,,,,,,,
5000000,"(g1mean1k) group-by grid, 1 key, 1 000 groups, mean","MetalEngine all, cold",5.336,3.9,GroupBy#1[GroupBy>DataFrameScan],,True,0.42,1.89,group_by:mean|numeric|memory,5000000,,1000,,,
5000000,"(g2mean1k) group-by grid, 2 keys, 1 000 groups, mean",polars in-memory,16.602,170.6,,,,,,,,,,,,
5000000,"(g2mean1k) group-by grid, 2 keys, 1 000 groups, mean",polars streaming,6.433,72.1,,,,,,,,,,,,
5000000,"(g2mean1k) group-by grid, 2 keys, 1 000 groups, mean","MetalEngine all, cold",6.624,5.2,GroupBy#1[GroupBy>DataFrameScan],,True,0.97,2.51,group_by_multi:mean|numeric|memory,5000000,,1000,,,
5000000,"(g1minmax1k) group-by grid, 1 key, 1 000 groups, min + max",polars in-memory,11.320,139.5,,,,,,,,,,,,
5000000,"(g1minmax1k) group-by grid, 1 key, 1 000 groups, min + max",polars streaming,2.738,29.0,,,,,,,,,,,,
5000000,"(g1minmax1k) group-by grid, 1 key, 1 000 groups, min + max","MetalEngine all, cold",4.102,3.8,GroupBy#1[GroupBy>DataFrameScan],,True,0.67,2.76,group_by:minmax|numeric|memory,5000000,,1000,,,
5000000,"(g2minmax1k) group-by grid, 2 keys, 1 000 groups, min + max",polars in-memory,18.113,193.4,,,,,,,,,,,,
5000000,"(g2minmax1k) group-by grid, 2 keys, 1 000 groups, min + max",polars streaming,6.888,74.1,,,,,,,,,,,,
5000000,"(g2minmax1k) group-by grid, 2 keys, 1 000 groups, min + max","MetalEngine all, cold",5.788,5.8,GroupBy#1[GroupBy>DataFrameScan],,True,1.19,3.13,group_by_multi:minmax|numeric|memory,5000000,,1000,,,
5000000,"(g1sum10k) group-by grid, 1 key, 10 000 groups, sum",polars in-memory,10.210,119.6,,,,,,,,,,,,
5000000,"(g1sum10k) group-by grid, 1 key, 10 000 groups, sum",polars streaming,7.453,78.7,,,,,,,,,,,,
5000000,"(g1sum10k) group-by grid, 1 key, 10 000 groups, sum","MetalEngine all, cold",3.754,3.7,GroupBy#1[GroupBy>DataFrameScan],,True,1.99,2.72,group_by:sum|numeric|memory,5000000,,10000,,,
5000000,"(g2sum10k) group-by grid, 2 keys, 10 000 groups, sum",polars in-memory,18.144,183.8,,,,,,,,,,,,
5000000,"(g2sum10k) group-by grid, 2 keys, 10 000 groups, sum",polars streaming,13.387,129.3,,,,,,,,,,,,
5000000,"(g2sum10k) group-by grid, 2 keys, 10 000 groups, sum","MetalEngine all, cold",5.221,5.3,GroupBy#1[GroupBy>DataFrameScan],,True,2.56,3.48,group_by_multi:sum|numeric|memory,5000000,,10000,,,
5000000,"(g1count10k) group-by grid, 1 key, 10 000 groups, count",polars in-memory,8.635,88.2,,,,,,,,,,,,
5000000,"(g1count10k) group-by grid, 1 key, 10 000 groups, count",polars streaming,7.598,76.2,,,,,,,,,,,,
5000000,"(g1count10k) group-by grid, 1 key, 10 000 groups, count","MetalEngine all, cold",2.364,2.6,GroupBy#1[GroupBy>DataFrameScan],,True,3.21,3.65,group_by:count|numeric|memory,5000000,,10000,,,
5000000,"(g2count10k) group-by grid, 2 keys, 10 000 groups, count",polars in-memory,15.781,148.8,,,,,,,,,,,,
5000000,"(g2count10k) group-by grid, 2 keys, 10 000 groups, count",polars streaming,12.787,121.5,,,,,,,,,,,,
5000000,"(g2count10k) group-by grid, 2 keys, 10 000 groups, count","MetalEngine all, cold",3.223,3.7,GroupBy#1[GroupBy>DataFrameScan],,True,3.97,4.90,group_by_multi:count|numeric|memory,5000000,,10000,,,
5000000,"(g1mean10k) group-by grid, 1 key, 10 000 groups, mean",polars in-memory,11.109,123.3,,,,,,,,,,,,
5000000,"(g1mean10k) group-by grid, 1 key, 10 000 groups, mean",polars streaming,7.902,86.1,,,,,,,,,,,,
5000000,"(g1mean10k) group-by grid, 1 key, 10 000 groups, mean","MetalEngine all, cold",6.034,4.1,GroupBy#1[GroupBy>DataFrameScan],,True,1.31,1.84,group_by:mean|numeric|memory,5000000,,10000,,,
5000000,"(g2mean10k) group-by grid, 2 keys, 10 000 groups, mean",polars in-memory,18.817,183.2,,,,,,,,,,,,
5000000,"(g2mean10k) group-by grid, 2 keys, 10 000 groups, mean",polars streaming,14.028,132.6,,,,,,,,,,,,
5000000,"(g2mean10k) group-by grid, 2 keys, 10 000 groups, mean","MetalEngine all, cold",7.165,5.2,GroupBy#1[GroupBy>DataFrameScan],,True,1.96,2.63,group_by_multi:mean|numeric|memory,5000000,,10000,,,
5000000,"(g1minmax10k) group-by grid, 1 key, 10 000 groups, min + max",polars in-memory,12.420,141.0,,,,,,,,,,,,
5000000,"(g1minmax10k) group-by grid, 1 key, 10 000 groups, min + max",polars streaming,9.627,95.0,,,,,,,,,,,,
5000000,"(g1minmax10k) group-by grid, 1 key, 10 000 groups, min + max","MetalEngine all, cold",4.719,3.9,GroupBy#1[GroupBy>DataFrameScan],,True,2.04,2.63,group_by:minmax|numeric|memory,5000000,,10000,,,
5000000,"(g2minmax10k) group-by grid, 2 keys, 10 000 groups, min + max",polars in-memory,20.143,204.9,,,,,,,,,,,,
5000000,"(g2minmax10k) group-by grid, 2 keys, 10 000 groups, min + max",polars streaming,15.144,158.9,,,,,,,,,,,,
5000000,"(g2minmax10k) group-by grid, 2 keys, 10 000 groups, min + max","MetalEngine all, cold",5.941,5.1,GroupBy#1[GroupBy>DataFrameScan],,True,2.55,3.39,group_by_multi:minmax|numeric|memory,5000000,,10000,,,
5000000,"(g1sum100k) group-by grid, 1 key, 100 000 groups, sum",polars in-memory,12.443,146.9,,,,,,,,,,,,
5000000,"(g1sum100k) group-by grid, 1 key, 100 000 groups, sum",polars streaming,7.356,74.8,,,,,,,,,,,,
5000000,"(g1sum100k) group-by grid, 1 key, 100 000 groups, sum","MetalEngine all, cold",3.839,3.8,GroupBy#1[GroupBy>DataFrameScan],,True,1.92,3.24,group_by:sum|numeric|memory,5000000,,100000,,,
5000000,"(g2sum100k) group-by grid, 2 keys, 100 000 groups, sum",polars in-memory,19.340,202.0,,,,,,,,,,,,
5000000,"(g2sum100k) group-by grid, 2 keys, 100 000 groups, sum",polars streaming,15.705,143.8,,,,,,,,,,,,
5000000,"(g2sum100k) group-by grid, 2 keys, 100 000 groups, sum","MetalEngine all, cold",4.975,5.2,GroupBy#1[GroupBy>DataFrameScan],,True,3.16,3.89,group_by_multi:sum|numeric|memory,5000000,,100000,,,
5000000,"(g1count100k) group-by grid, 1 key, 100 000 groups, count",polars in-memory,9.979,107.6,,,,,,,,,,,,
5000000,"(g1count100k) group-by grid, 1 key, 100 000 groups, count",polars streaming,6.817,57.8,,,,,,,,,,,,
5000000,"(g1count100k) group-by grid, 1 key, 100 000 groups, count","MetalEngine all, cold",2.609,2.8,GroupBy#1[GroupBy>DataFrameScan],,True,2.61,3.82,group_by:count|numeric|memory,5000000,,100000,,,
5000000,"(g2count100k) group-by grid, 2 keys, 100 000 groups, count",polars in-memory,18.401,176.3,,,,,,,,,,,,
5000000,"(g2count100k) group-by grid, 2 keys, 100 000 groups, count",polars streaming,14.785,148.6,,,,,,,,,,,,
5000000,"(g2count100k) group-by grid, 2 keys, 100 000 groups, count","MetalEngine all, cold",3.323,3.8,GroupBy#1[GroupBy>DataFrameScan],,True,4.45,5.54,group_by_multi:count|numeric|memory,5000000,,100000,,,
5000000,"(g1mean100k) group-by grid, 1 key, 100 000 groups, mean",polars in-memory,13.174,150.1,,,,,,,,,,,,
5000000,"(g1mean100k) group-by grid, 1 key, 100 000 groups, mean",polars streaming,7.948,64.2,,,,,,,,,,,,
5000000,"(g1mean100k) group-by grid, 1 key, 100 000 groups, mean","MetalEngine all, cold",8.200,4.5,GroupBy#1[GroupBy>DataFrameScan],,True,0.97,1.61,group_by:mean|numeric|memory,5000000,,100000,,,
5000000,"(g2mean100k) group-by grid, 2 keys, 100 000 groups, mean",polars in-memory,21.041,217.3,,,,,,,,,,,,
5000000,"(g2mean100k) group-by grid, 2 keys, 100 000 groups, mean",polars streaming,16.313,150.2,,,,,,,,,,,,
5000000,"(g2mean100k) group-by grid, 2 keys, 100 000 groups, mean","MetalEngine all, cold",9.166,5.6,GroupBy#1[GroupBy>DataFrameScan],,True,1.78,2.30,group_by_multi:mean|numeric|memory,5000000,,100000,,,
5000000,"(g1minmax100k) group-by grid, 1 key, 100 000 groups, min + max",polars in-memory,14.075,162.7,,,,,,,,,,,,
5000000,"(g1minmax100k) group-by grid, 1 key, 100 000 groups, min + max",polars streaming,9.291,84.3,,,,,,,,,,,,
5000000,"(g1minmax100k) group-by grid, 1 key, 100 000 groups, min + max","MetalEngine all, cold",5.452,4.2,GroupBy#1[GroupBy>DataFrameScan],,True,1.70,2.58,group_by:minmax|numeric|memory,5000000,,100000,,,
5000000,"(g2minmax100k) group-by grid, 2 keys, 100 000 groups, min + max",polars in-memory,22.633,235.8,,,,,,,,,,,,
5000000,"(g2minmax100k) group-by grid, 2 keys, 100 000 groups, min + max",polars streaming,16.553,172.9,,,,,,,,,,,,
5000000,"(g2minmax100k) group-by grid, 2 keys, 100 000 groups, min + max","MetalEngine all, cold",6.584,5.4,GroupBy#1[GroupBy>DataFrameScan],,True,2.51,3.44,group_by_multi:minmax|numeric|memory,5000000,,100000,,,
5000000,"(g1sum1M) group-by grid, 1 key, 1 000 000 groups, sum",polars in-memory,23.159,274.6,,,,,,,,,,,,
5000000,"(g1sum1M) group-by grid, 1 key, 1 000 000 groups, sum",polars streaming,9.730,84.7,,,,,,,,,,,,
5000000,"(g1sum1M) group-by grid, 1 key, 1 000 000 groups, sum","MetalEngine all, cold",7.510,6.5,GroupBy#1[GroupBy>DataFrameScan],,True,1.30,3.08,group_by:sum|numeric|memory,5000000,,993237,,,
5000000,"(g2sum1M) group-by grid, 2 keys, 1 000 000 groups, sum",polars in-memory,40.662,493.9,,,,,,,,,,,,
5000000,"(g2sum1M) group-by grid, 2 keys, 1 000 000 groups, sum",polars streaming,20.620,209.6,,,,,,,,,,,,
5000000,"(g2sum1M) group-by grid, 2 keys, 1 000 000 groups, sum","MetalEngine all, cold",8.326,7.5,GroupBy#1[GroupBy>DataFrameScan],,True,2.48,4.88,group_by_multi:sum|numeric|memory,5000000,,993213,,,
5000000,"(g1count1M) group-by grid, 1 key, 1 000 000 groups, count",polars in-memory,20.419,227.1,,,,,,,,,,,,
5000000,"(g1count1M) group-by grid, 1 key, 1 000 000 groups, count",polars streaming,8.991,81.0,,,,,,,,,,,,
5000000,"(g1count1M) group-by grid, 1 key, 1 000 000 groups, count","MetalEngine all, cold",3.821,3.7,GroupBy#1[GroupBy>DataFrameScan],,True,2.35,5.34,group_by:count|numeric|memory,5000000,,993237,,,
5000000,"(g2count1M) group-by grid, 2 keys, 1 000 000 groups, count",polars in-memory,36.954,449.5,,,,,,,,,,,,
5000000,"(g2count1M) group-by grid, 2 keys, 1 000 000 groups, count",polars streaming,19.409,187.9,,,,,,,,,,,,
5000000,"(g2count1M) group-by grid, 2 keys, 1 000 000 groups, count","MetalEngine all, cold",4.670,4.8,GroupBy#1[GroupBy>DataFrameScan],,True,4.16,7.91,group_by_multi:count|numeric|memory,5000000,,993213,,,
5000000,"(g1mean1M) group-by grid, 1 key, 1 000 000 groups, mean",polars in-memory,24.716,296.1,,,,,,,,,,,,
5000000,"(g1mean1M) group-by grid, 1 key, 1 000 000 groups, mean",polars streaming,10.417,96.6,,,,,,,,,,,,
5000000,"(g1mean1M) group-by grid, 1 key, 1 000 000 groups, mean","MetalEngine all, cold",23.433,5.1,GroupBy#1[GroupBy>DataFrameScan],,True,0.44,1.05,group_by:mean|numeric|memory,5000000,,993237,,,
5000000,"(g2mean1M) group-by grid, 2 keys, 1 000 000 groups, mean",polars in-memory,40.084,509.8,,,,,,,,,,,,
5000000,"(g2mean1M) group-by grid, 2 keys, 1 000 000 groups, mean",polars streaming,22.850,228.3,,,,,,,,,,,,
5000000,"(g2mean1M) group-by grid, 2 keys, 1 000 000 groups, mean","MetalEngine all, cold",24.738,6.3,GroupBy#1[GroupBy>DataFrameScan],,True,0.92,1.62,group_by_multi:mean|numeric|memory,5000000,,993213,,,
5000000,"(g1minmax1M) group-by grid, 1 key, 1 000 000 groups, min + max",polars in-memory,26.247,317.9,,,,,,,,,,,,
5000000,"(g1minmax1M) group-by grid, 1 key, 1 000 000 groups, min + max",polars streaming,11.706,100.2,,,,,,,,,,,,
5000000,"(g1minmax1M) group-by grid, 1 key, 1 000 000 groups, min + max","MetalEngine all, cold",8.232,4.7,GroupBy#1[GroupBy>DataFrameScan],,True,1.42,3.19,group_by:minmax|numeric|memory,5000000,,993237,,,
5000000,"(g2minmax1M) group-by grid, 2 keys, 1 000 000 groups, min + max",polars in-memory,44.516,553.6,,,,,,,,,,,,
5000000,"(g2minmax1M) group-by grid, 2 keys, 1 000 000 groups, min + max",polars streaming,23.180,250.4,,,,,,,,,,,,
5000000,"(g2minmax1M) group-by grid, 2 keys, 1 000 000 groups, min + max","MetalEngine all, cold",9.192,6.0,GroupBy#1[GroupBy>DataFrameScan],,True,2.52,4.84,group_by_multi:minmax|numeric|memory,5000000,,993213,,,
5000000,"(g1sumR2) group-by grid, 1 key, rows/2 groups, sum",polars in-memory,33.634,409.2,,,,,,,,,,,,
5000000,"(g1sumR2) group-by grid, 1 key, rows/2 groups, sum",polars streaming,11.751,105.2,,,,,,,,,,,,
5000000,"(g1sumR2) group-by grid, 1 key, rows/2 groups, sum","MetalEngine all, cold",11.498,9.1,GroupBy#1[GroupBy>DataFrameScan],,True,1.02,2.93,group_by:sum|numeric|memory,5000000,,2161959,,,
5000000,"(g2sumR2) group-by grid, 2 keys, rows/2 groups, sum",polars in-memory,49.665,602.6,,,,,,,,,,,,
5000000,"(g2sumR2) group-by grid, 2 keys, rows/2 groups, sum",polars streaming,29.225,294.0,,,,,,,,,,,,
5000000,"(g2sumR2) group-by grid, 2 keys, rows/2 groups, sum","MetalEngine all, cold",13.241,10.6,GroupBy#1[GroupBy>DataFrameScan],,True,2.21,3.75,group_by_multi:sum|numeric|memory,5000000,,2161682,,,
5000000,"(g1countR2) group-by grid, 1 key, rows/2 groups, count",polars in-memory,31.108,337.6,,,,,,,,,,,,
5000000,"(g1countR2) group-by grid, 1 key, rows/2 groups, count",polars streaming,11.312,91.4,,,,,,,,,,,,
5000000,"(g1countR2) group-by grid, 1 key, rows/2 groups, count","MetalEngine all, cold",6.019,5.1,GroupBy#1[GroupBy>DataFrameScan],,True,1.88,5.17,group_by:count|numeric|memory,5000000,,2161959,,,
5000000,"(g2countR2) group-by grid, 2 keys, rows/2 groups, count",polars in-memory,46.059,529.7,,,,,,,,,,,,
5000000,"(g2countR2) group-by grid, 2 keys, rows/2 groups, count",polars streaming,27.214,303.4,,,,,,,,,,,,
5000000,"(g2countR2) group-by grid, 2 keys, rows/2 groups, count","MetalEngine all, cold",7.450,6.7,GroupBy#1[GroupBy>DataFrameScan],,True,3.65,6.18,group_by_multi:count|numeric|memory,5000000,,2161682,,,
5000000,"(g1meanR2) group-by grid, 1 key, rows/2 groups, mean",polars in-memory,37.001,450.6,,,,,,,,,,,,
5000000,"(g1meanR2) group-by grid, 1 key, rows/2 groups, mean",polars streaming,12.627,107.1,,,,,,,,,,,,
5000000,"(g1meanR2) group-by grid, 1 key, rows/2 groups, mean","MetalEngine all, cold",46.854,6.1,GroupBy#1[GroupBy>DataFrameScan],,True,0.27,0.79,group_by:mean|numeric|memory,5000000,,2161959,,,
5000000,"(g2meanR2) group-by grid, 2 keys, rows/2 groups, mean",polars in-memory,52.067,657.3,,,,,,,,,,,,
5000000,"(g2meanR2) group-by grid, 2 keys, rows/2 groups, mean",polars streaming,29.118,302.6,,,,,,,,,,,,
5000000,"(g2meanR2) group-by grid, 2 keys, rows/2 groups, mean","MetalEngine all, cold",48.604,7.3,GroupBy#1[GroupBy>DataFrameScan],,True,0.60,1.07,group_by_multi:mean|numeric|memory,5000000,,2161682,,,
5000000,"(g1minmaxR2) group-by grid, 1 key, rows/2 groups, min + max",polars in-memory,40.584,513.6,,,,,,,,,,,,
5000000,"(g1minmaxR2) group-by grid, 1 key, rows/2 groups, min + max",polars streaming,14.519,121.2,,,,,,,,,,,,
5000000,"(g1minmaxR2) group-by grid, 1 key, rows/2 groups, min + max","MetalEngine all, cold",12.325,5.5,GroupBy#1[GroupBy>DataFrameScan],,True,1.18,3.29,group_by:minmax|numeric|memory,5000000,,2161959,,,
5000000,"(g2minmaxR2) group-by grid, 2 keys, rows/2 groups, min + max",polars in-memory,58.130,715.4,,,,,,,,,,,,
5000000,"(g2minmaxR2) group-by grid, 2 keys, rows/2 groups, min + max",polars streaming,32.780,352.0,,,,,,,,,,,,
5000000,"(g2minmaxR2) group-by grid, 2 keys, rows/2 groups, min + max","MetalEngine all, cold",13.539,7.0,GroupBy#1[GroupBy>DataFrameScan],,True,2.42,4.29,group_by_multi:minmax|numeric|memory,5000000,,2161682,,,
10000000,(a) filtered sum + count,polars in-memory,2.882,4.8,,,,,,,,,,,,
10000000,(a) filtered sum + count,polars streaming,0.764,5.8,,,,,,,,,,,,
10000000,(a) filtered sum + count,"MetalEngine all, cold",5.329,4.2,Select#3[Select>SimpleProjection>Filter>DataFrameScan],,True,0.14,0.54,aggregate:count+aggregate:sum|numeric|memory,10000000,,,,,
10000000,(b) filter + group-by 200 keys + sort desc + limit 10,polars in-memory,8.315,38.8,,,,,,,,,,,,
10000000,(b) filter + group-by 200 keys + sort desc + limit 10,polars streaming,4.006,38.0,,,,,,,,,,,,
10000000,(b) filter + group-by 200 keys + sort desc + limit 10,"MetalEngine all, cold",6.096,5.3,Sort#4[Sort>Filter>GroupBy>Filter>DataFrameScan],,True,0.66,1.36,group_by:count+group_by:sum+top_k|numeric|memory,10000000,,,,,
10000000,"(c) group-by (region, sub) mean + max",polars in-memory,44.118,500.9,,,,,,,,,,,,
10000000,"(c) group-by (region, sub) mean + max",polars streaming,27.089,316.6,,,,,,,,,,,,
10000000,"(c) group-by (region, sub) mean + max","MetalEngine all, cold",15.272,8.2,GroupBy#1[GroupBy>DataFrameScan],,True,1.77,2.89,group_by_multi:mean+group_by_multi:minmax|numeric|memory,10000000,,10000,,,
10000000,(d) projection chain then filter,polars in-memory,43.608,43.7,,,,,,,,,,,,
10000000,(d) projection chain then filter,polars streaming,3.142,40.2,,,,,,,,,,,,
10000000,(d) projection chain then filter,"MetalEngine all, cold",10.789,4.3,Filter#2[Filter>Select>HStack>DataFrameScan],,True,0.29,4.04,rowwise|numeric|memory,10000000,,,,,
10000000,(e) inner join then sum,polars in-memory,23.703,228.6,,,,,,,,,,,,
10000000,(e) inner join then sum,polars streaming,18.135,248.3,,,,,,,,,,,,
10000000,(e) inner join then sum,"MetalEngine all, cold",9.510,4.2,Select#3[Select>SimpleProjection>Join>DataFrameScan>DataFrameScan],,True,1.91,2.49,aggregate:sum+join:inner|numeric|memory,11000000,,,,,
10000000,(f) semi join,polars in-memory,3.235,32.2,,,,,,,,,,,,
10000000,(f) semi join,polars streaming,3.001,39.1,,,,,,,,,,,,
10000000,(f) semi join,"MetalEngine all, cold",6.219,4.3,Join#2[Join>DataFrameScan>DataFrameScan],,True,0.48,0.52,join:semi|numeric|memory,10001000,,,,,
10000000,(g) row_number over partitions,polars in-memory,101.698,633.1,,,,,,,,,,,,
10000000,(g) row_number over partitions,polars streaming,335.599,1995.5,,,,,,,,,,,,
10000000,(g) row_number over partitions,"MetalEngine all, cold",96.465,623.8,,HStack#1: Expression Window has no ArrowMetal translation.,True,1.05,1.05,,,,,,,
10000000,(h) as-of join,polars in-memory,31.086,31.2,,,,,,,,,,,,
10000000,(h) as-of join,polars streaming,2.393,27.4,,,,,,,,,,,,
10000000,(h) as-of join,"MetalEngine all, cold",30.913,31.0,,"Join#2: A AsOf join is not translated (inner, left, semi and anti are taken).",True,0.08,1.01,,,,,,,
10000000,"(i) group-by 1 key, 100 000 groups, sum",polars in-memory,23.689,270.2,,,,,,,,,,,,
10000000,"(i) group-by 1 key, 100 000 groups, sum",polars streaming,12.653,142.6,,,,,,,,,,,,
10000000,"(i) group-by 1 key, 100 000 groups, sum","MetalEngine all, cold",6.599,5.2,GroupBy#1[GroupBy>DataFrameScan],,True,1.92,3.59,group_by:sum|numeric|memory,10000000,,100000,,,
10000000,"(j) group-by (k1, k2), sum + count",polars in-memory,118.574,1367.7,,,,,,,,,,,,
10000000,"(j) group-by (k1, k2), sum + count",polars streaming,59.980,725.5,,,,,,,,,,,,
10000000,"(j) group-by (k1, k2), sum + count","MetalEngine all, cold",83.565,37.6,GroupBy#1[GroupBy>DataFrameScan],,True,0.72,1.42,group_by_multi:count+group_by_multi:sum|numeric|memory,10000000,,9516514,,,
10000000,"(k) group-by (String, int32), sum",polars in-memory,82.960,1045.7,,,,,,,,,,,,
10000000,"(k) group-by (String, int32), sum",polars streaming,38.841,474.9,,,,,,,,,,,,
10000000,"(k) group-by (String, int32), sum","MetalEngine all, cold",26.519,20.5,GroupBy#1[GroupBy>DataFrameScan],,True,1.46,3.13,group_by_multi:sum|string|memory,10000000,,999949,,,
10000000,"(l) group-by (region, sub), Float64 sum + mean",polars in-memory,47.954,514.0,,,,,,,,,,,,
10000000,"(l) group-by (region, sub), Float64 sum + mean",polars streaming,27.119,342.4,,,,,,,,,,,,
10000000,"(l) group-by (region, sub), Float64 sum + mean","MetalEngine all, cold",13.083,7.6,GroupBy#2[GroupBy>HStack>DataFrameScan],,True,2.07,3.67,group_by_multi:mean+group_by_multi:sum|numeric|memory,10000000,,10000,,,
10000000,(m) sort 3 columns by an int64 key,polars in-memory,78.152,876.5,,,,,,,,,,,,
10000000,(m) sort 3 columns by an int64 key,polars streaming,88.524,910.7,,,,,,,,,,,,
10000000,(m) sort 3 columns by an int64 key,"MetalEngine all, cold",13.797,6.0,Sort#2[Sort>DataFrameScan],,True,5.66,5.66,sort|numeric|memory,10000000,,,,,
10000000,"(n) top 100 by Float64, descending",polars in-memory,88.304,88.6,,,,,,,,,,,,
10000000,"(n) top 100 by Float64, descending",polars streaming,5.063,44.6,,,,,,,,,,,,
10000000,"(n) top 100 by Float64, descending","MetalEngine all, cold",19.760,5.7,Sort#3[Sort>Filter>DataFrameScan],,True,0.26,4.47,top_k|numeric|memory,10000000,,,,,
10000000,"(o) sort with a String column, by an int64 key",polars in-memory,81.100,899.8,,,,,,,,,,,,
10000000,"(o) sort with a String column, by an int64 key",polars streaming,97.364,921.8,,,,,,,,,,,,
10000000,"(o) sort with a String column, by an int64 key","MetalEngine all, cold",53.699,42.5,Sort#2[Sort>DataFrameScan],,True,1.51,1.51,sort|string|memory,10000000,,,,,
10000000,"(p) filter, then sort by (int32 asc, nullable Float64 desc)",polars in-memory,167.238,1922.3,,,,,,,,,,,,
10000000,"(p) filter, then sort by (int32 asc, nullable Float64 desc)",polars streaming,175.913,1961.4,,,,,,,,,,,,
10000000,"(p) filter, then sort by (int32 asc, nullable Float64 desc)","MetalEngine all, cold",77.987,47.6,Sort#3[Sort>HStack>Filter>DataFrameScan],,True,2.14,2.14,sort_helper_keys|string|memory,10000000,,,,,
10000000,"(q) filter, then sort by (int32 asc, int64 desc)",polars in-memory,116.714,1298.8,,,,,,,,,,,,
10000000,"(q) filter, then sort by (int32 asc, int64 desc)",polars streaming,116.900,1303.7,,,,,,,,,,,,
10000000,"(q) filter, then sort by (int32 asc, int64 desc)","MetalEngine all, cold",20.061,8.2,Sort#3[Sort>Filter>DataFrameScan],,True,5.82,5.82,sort|numeric|memory,10000000,,,,,
10000000,"(r) unique over (region, sub), keep first",polars in-memory,33.334,367.4,,,,,,,,,,,,
10000000,"(r) unique over (region, sub), keep first",polars streaming,38.505,499.2,,,,,,,,,,,,
10000000,"(r) unique over (region, sub), keep first","MetalEngine all, cold",7.870,7.7,Distinct#1[Distinct>DataFrameScan],,True,4.24,4.24,distinct|numeric|memory,10000000,,,,,
10000000,(a2) filtered min + max,polars in-memory,2.949,6.0,,,,,,,,,,,,
10000000,(a2) filtered min + max,polars streaming,0.879,9.5,,,,,,,,,,,,
10000000,(a2) filtered min + max,"MetalEngine all, cold",4.918,4.4,Select#3[Select>SimpleProjection>Filter>DataFrameScan],,True,0.18,0.60,aggregate:minmax|numeric|memory,10000000,,,,,
10000000,(a3) filtered mean,polars in-memory,2.801,4.7,,,,,,,,,,,,
10000000,(a3) filtered mean,polars streaming,0.971,10.6,,,,,,,,,,,,
10000000,(a3) filtered mean,"MetalEngine all, cold",5.822,4.0,Select#3[Select>SimpleProjection>Filter>DataFrameScan],,True,0.17,0.48,aggregate:mean|numeric|memory,10000000,,,,,
10000000,(a4) filtered count,polars in-memory,1.868,2.9,,,,,,,,,,,,
10000000,(a4) filtered count,polars streaming,0.624,6.2,,,,,,,,,,,,
10000000,(a4) filtered count,"MetalEngine all, cold",3.198,3.2,Select#3[Select>DataFrameScan],,True,0.20,0.58,aggregate:sum|numeric|memory,10000000,,,,,
10000000,"(t1) group-by 1 key, 200 groups, sum",polars in-memory,3.225,37.8,,,,,,,,,,,,
10000000,"(t1) group-by 1 key, 200 groups, sum",polars streaming,3.251,38.4,,,,,,,,,,,,
10000000,"(t1) group-by 1 key, 200 groups, sum","MetalEngine all, cold",5.840,4.8,GroupBy#1[GroupBy>DataFrameScan],,True,0.55,0.55,group_by:sum|numeric|memory,10000000,,200,,,
10000000,"(t2) group-by 1 key, 200 groups, count",polars in-memory,2.782,33.5,,,,,,,,,,,,
10000000,"(t2) group-by 1 key, 200 groups, count",polars streaming,2.749,33.6,,,,,,,,,,,,
10000000,"(t2) group-by 1 key, 200 groups, count","MetalEngine all, cold",3.742,3.2,GroupBy#1[GroupBy>DataFrameScan],,True,0.73,0.74,group_by:count|numeric|memory,10000000,,200,,,
10000000,"(t3) group-by 1 key, 200 groups, mean",polars in-memory,3.381,40.5,,,,,,,,,,,,
10000000,"(t3) group-by 1 key, 200 groups, mean",polars streaming,3.494,42.4,,,,,,,,,,,,
10000000,"(t3) group-by 1 key, 200 groups, mean","MetalEngine all, cold",8.905,5.2,GroupBy#1[GroupBy>DataFrameScan],,True,0.38,0.38,group_by:mean|numeric|memory,10000000,,200,,,
10000000,"(t4) group-by 1 key, 200 groups, min + max",polars in-memory,4.541,53.5,,,,,,,,,,,,
10000000,"(t4) group-by 1 key, 200 groups, min + max",polars streaming,4.499,58.1,,,,,,,,,,,,
10000000,"(t4) group-by 1 key, 200 groups, min + max","MetalEngine all, cold",6.650,5.2,GroupBy#1[GroupBy>DataFrameScan],,True,0.68,0.68,group_by:minmax|numeric|memory,10000000,,200,,,
10000000,"(t5) group-by 1 key, 100 000 groups, count",polars in-memory,19.328,218.6,,,,,,,,,,,,
10000000,"(t5) group-by 1 key, 100 000 groups, count",polars streaming,11.857,125.2,,,,,,,,,,,,
10000000,"(t5) group-by 1 key, 100 000 groups, count","MetalEngine all, cold",3.875,3.3,GroupBy#1[GroupBy>DataFrameScan],,True,3.06,4.99,group_by:count|numeric|memory,10000000,,100000,,,
10000000,"(t6) group-by 1 key, 100 000 groups, mean",polars in-memory,25.128,303.7,,,,,,,,,,,,
10000000,"(t6) group-by 1 key, 100 000 groups, mean",polars streaming,13.232,151.2,,,,,,,,,,,,
10000000,"(t6) group-by 1 key, 100 000 groups, mean","MetalEngine all, cold",12.619,6.1,GroupBy#1[GroupBy>DataFrameScan],,True,1.05,1.99,group_by:mean|numeric|memory,10000000,,100000,,,
10000000,"(t7) group-by 1 key, 100 000 groups, min + max",polars in-memory,28.773,344.8,,,,,,,,,,,,
10000000,"(t7) group-by 1 key, 100 000 groups, min + max",polars streaming,16.884,173.5,,,,,,,,,,,,
10000000,"(t7) group-by 1 key, 100 000 groups, min + max","MetalEngine all, cold",9.599,6.0,GroupBy#1[GroupBy>DataFrameScan],,True,1.76,3.00,group_by:minmax|numeric|memory,10000000,,100000,,,
10000000,"(v1) group-by (region, sub), sum",polars in-memory,39.489,437.5,,,,,,,,,,,,
10000000,"(v1) group-by (region, sub), sum",polars streaming,24.001,297.5,,,,,,,,,,,,
10000000,"(v1) group-by (region, sub), sum","MetalEngine all, cold",8.206,7.4,GroupBy#1[GroupBy>DataFrameScan],,True,2.92,4.81,group_by_multi:sum|numeric|memory,10000000,,10000,,,
10000000,"(v2) group-by (region, sub), count",polars in-memory,35.949,349.8,,,,,,,,,,,,
10000000,"(v2) group-by (region, sub), count",polars streaming,23.826,299.6,,,,,,,,,,,,
10000000,"(v2) group-by (region, sub), count","MetalEngine all, cold",5.308,5.1,GroupBy#1[GroupBy>DataFrameScan],,True,4.49,6.77,group_by_multi:count|numeric|memory,10000000,,10000,,,
10000000,"(v3) group-by (k1, k2), mean",polars in-memory,132.180,1582.4,,,,,,,,,,,,
10000000,"(v3) group-by (k1, k2), mean",polars streaming,63.247,734.3,,,,,,,,,,,,
10000000,"(v3) group-by (k1, k2), mean","MetalEngine all, cold",217.339,18.9,GroupBy#1[GroupBy>DataFrameScan],,True,0.29,0.61,group_by_multi:mean|numeric|memory,10000000,,9516514,,,
10000000,"(v4) group-by (k1, k2), min + max",polars in-memory,144.073,1708.3,,,,,,,,,,,,
10000000,"(v4) group-by (k1, k2), min + max",polars streaming,66.761,745.9,,,,,,,,,,,,
10000000,"(v4) group-by (k1, k2), min + max","MetalEngine all, cold",88.364,19.1,GroupBy#1[GroupBy>DataFrameScan],,True,0.76,1.63,group_by_multi:minmax|numeric|memory,10000000,,9516514,,,
10000000,"(w1) inner join, 1M-row build side",polars in-memory,23.539,217.0,,,,,,,,,,,,
10000000,"(w1) inner join, 1M-row build side",polars streaming,23.007,281.8,,,,,,,,,,,,
10000000,"(w1) inner join, 1M-row build side","MetalEngine all, cold",8.803,4.1,Join#2[Join>DataFrameScan>DataFrameScan],,True,2.61,2.67,join:inner|numeric|memory,11000000,,,,,
10000000,"(w2) left join, 1M-row build side",polars in-memory,63.890,315.9,,,,,,,,,,,,
10000000,"(w2) left join, 1M-row build side",polars streaming,26.614,314.1,,,,,,,,,,,,
10000000,"(w2) left join, 1M-row build side","MetalEngine all, cold",10.459,4.6,Join#2[Join>DataFrameScan>DataFrameScan],,True,2.54,6.11,join:left|numeric|memory,11000000,,,,,
10000000,"(w3) semi join, 1M-row build side",polars in-memory,23.669,244.7,,,,,,,,,,,,
10000000,"(w3) semi join, 1M-row build side",polars streaming,17.267,201.0,,,,,,,,,,,,
10000000,"(w3) semi join, 1M-row build side","MetalEngine all, cold",11.181,5.1,Join#2[Join>DataFrameScan>DataFrameScan],,True,1.54,2.12,join:semi|numeric|memory,11000000,,,,,
10000000,"(w4) anti join, 1M-row build side",polars in-memory,22.535,241.5,,,,,,,,,,,,
10000000,"(w4) anti join, 1M-row build side",polars streaming,17.229,200.7,,,,,,,,,,,,
10000000,"(w4) anti join, 1M-row build side","MetalEngine all, cold",10.004,5.2,Join#2[Join>DataFrameScan>DataFrameScan],,True,1.72,2.25,join:anti|numeric|memory,11000000,,,,,
10000000,"(x1) unique over (k1, k2), keep first",polars in-memory,147.138,1284.6,,,,,,,,,,,,
10000000,"(x1) unique over (k1, k2), keep first",polars streaming,83.496,988.6,,,,,,,,,,,,
10000000,"(x1) unique over (k1, k2), keep first","MetalEngine all, cold",52.248,17.9,Distinct#2[Distinct>DataFrameScan],,True,1.60,2.82,distinct|numeric|memory,10000000,,,,,
10000000,"(x2) sort by a nullable Float64 key, descending",polars in-memory,116.473,1170.4,,,,,,,,,,,,
10000000,"(x2) sort by a nullable Float64 key, descending",polars streaming,129.178,1200.2,,,,,,,,,,,,
10000000,"(x2) sort by a nullable Float64 key, descending","MetalEngine all, cold",31.319,10.2,Sort#2[Sort>Select>DataFrameScan],,True,3.72,3.72,sort_helper_keys|numeric|memory,10000000,,,,,
10000000,(x3) top 100 by an int64 key,polars in-memory,85.465,85.6,,,,,,,,,,,,
10000000,(x3) top 100 by an int64 key,polars streaming,5.219,42.9,,,,,,,,,,,,
10000000,(x3) top 100 by an int64 key,"MetalEngine all, cold",11.322,7.2,Sort#3[Sort>Filter>DataFrameScan],,True,0.46,7.55,top_k|numeric|memory,10000000,,,,,
10000000,"(y1) group-by a String key (1000 values), sum",polars in-memory,37.014,396.7,,,,,,,,,,,,
10000000,"(y1) group-by a String key (1000 values), sum",polars streaming,8.802,85.1,,,,,,,,,,,,
10000000,"(y1) group-by a String key (1000 values), sum","MetalEngine all, cold",15.908,11.6,GroupBy#1[GroupBy>DataFrameScan],,True,0.55,2.33,group_by:sum|string|memory,10000000,,1000,,,
10000000,(y2) filter by a String equality,polars in-memory,4.812,5.3,,,,,,,,,,,,
10000000,(y2) filter by a String equality,polars streaming,0.756,6.6,,,,,,,,,,,,
10000000,(y2) filter by a String equality,"MetalEngine all, cold",9.225,8.2,Filter#2[Filter>DataFrameScan],,True,0.08,0.52,rowwise|string|memory,10000000,,,,,
10000000,"(y3) filter by a String prefix, then sum",polars in-memory,38.292,40.5,,,,,,,,,,,,
10000000,"(y3) filter by a String prefix, then sum",polars streaming,4.086,39.8,,,,,,,,,,,,
10000000,"(y3) filter by a String prefix, then sum","MetalEngine all, cold",8.920,7.1,Select#2[Select>SimpleProjection>Filter>DataFrameScan],,True,0.46,4.29,aggregate:sum|string|memory,10000000,,,,,
10000000,(y4) inner join on a String key,polars in-memory,30.409,247.3,,,,,,,,,,,,
10000000,(y4) inner join on a String key,polars streaming,15.989,171.9,,,,,,,,,,,,
10000000,(y4) inner join on a String key,"MetalEngine all, cold",39.317,32.7,Join#3[Join>DataFrameScan>DataFrameScan],,True,0.41,0.77,join:inner|string|memory,10000500,,,,,
10000000,"(y5) unique over (String, int32), keep first",polars in-memory,84.031,914.2,,,,,,,,,,,,
10000000,"(y5) unique over (String, int32), keep first",polars streaming,60.185,669.5,,,,,,,,,,,,
10000000,"(y5) unique over (String, int32), keep first","MetalEngine all, cold",23.657,18.1,Distinct#2[Distinct>DataFrameScan],,True,2.54,3.55,distinct|string|memory,10000000,,,,,
10000000,(y6) top 100 by an int64 key with a String column,polars in-memory,83.853,84.2,,,,,,,,,,,,
10000000,(y6) top 100 by an int64 key with a String column,polars streaming,5.161,47.1,,,,,,,,,,,,
10000000,(y6) top 100 by an int64 key with a String column,"MetalEngine all, cold",15.293,9.9,Sort#3[Sort>Filter>DataFrameScan],,True,0.34,5.48,top_k|string|memory,10000000,,,,,
10000000,"(g1sum200) group-by grid, 1 key, 200 groups, sum",polars in-memory,3.933,33.4,,,,,,,,,,,,
10000000,"(g1sum200) group-by grid, 1 key, 200 groups, sum",polars streaming,3.858,33.9,,,,,,,,,,,,
10000000,"(g1sum200) group-by grid, 1 key, 200 groups, sum","MetalEngine all, cold",10.989,5.8,GroupBy#1[GroupBy>DataFrameScan],,True,0.35,0.36,group_by:sum|numeric|memory,10000000,,200,,,
10000000,"(g2sum200) group-by grid, 2 keys, 200 groups, sum",polars in-memory,11.422,132.2,,,,,,,,,,,,
10000000,"(g2sum200) group-by grid, 2 keys, 200 groups, sum",polars streaming,11.641,116.1,,,,,,,,,,,,
10000000,"(g2sum200) group-by grid, 2 keys, 200 groups, sum","MetalEngine all, cold",12.447,7.1,GroupBy#1[GroupBy>DataFrameScan],,True,0.92,0.92,group_by_multi:sum|numeric|memory,10000000,,200,,,
10000000,"(g1count200) group-by grid, 1 key, 200 groups, count",polars in-memory,3.476,33.3,,,,,,,,,,,,
10000000,"(g1count200) group-by grid, 1 key, 200 groups, count",polars streaming,3.535,30.5,,,,,,,,,,,,
10000000,"(g1count200) group-by grid, 1 key, 200 groups, count","MetalEngine all, cold",7.684,3.5,GroupBy#1[GroupBy>DataFrameScan],,True,0.45,0.45,group_by:count|numeric|memory,10000000,,200,,,
10000000,"(g2count200) group-by grid, 2 keys, 200 groups, count",polars in-memory,11.509,127.0,,,,,,,,,,,,
10000000,"(g2count200) group-by grid, 2 keys, 200 groups, count",polars streaming,11.158,124.9,,,,,,,,,,,,
10000000,"(g2count200) group-by grid, 2 keys, 200 groups, count","MetalEngine all, cold",9.393,5.4,GroupBy#1[GroupBy>DataFrameScan],,True,1.19,1.23,group_by_multi:count|numeric|memory,10000000,,200,,,
10000000,"(g1mean200) group-by grid, 1 key, 200 groups, mean",polars in-memory,4.220,37.3,,,,,,,,,,,,
10000000,"(g1mean200) group-by grid, 1 key, 200 groups, mean",polars streaming,3.791,35.9,,,,,,,,,,,,
10000000,"(g1mean200) group-by grid, 1 key, 200 groups, mean","MetalEngine all, cold",13.363,6.2,GroupBy#1[GroupBy>DataFrameScan],,True,0.28,0.32,group_by:mean|numeric|memory,10000000,,200,,,
10000000,"(g2mean200) group-by grid, 2 keys, 200 groups, mean",polars in-memory,11.806,138.6,,,,,,,,,,,,
10000000,"(g2mean200) group-by grid, 2 keys, 200 groups, mean",polars streaming,12.087,117.3,,,,,,,,,,,,
10000000,"(g2mean200) group-by grid, 2 keys, 200 groups, mean","MetalEngine all, cold",11.869,7.5,GroupBy#1[GroupBy>DataFrameScan],,True,0.99,0.99,group_by_multi:mean|numeric|memory,10000000,,200,,,
10000000,"(g1minmax200) group-by grid, 1 key, 200 groups, min + max",polars in-memory,5.368,50.0,,,,,,,,,,,,
10000000,"(g1minmax200) group-by grid, 1 key, 200 groups, min + max",polars streaming,5.324,57.6,,,,,,,,,,,,
10000000,"(g1minmax200) group-by grid, 1 key, 200 groups, min + max","MetalEngine all, cold",11.223,5.9,GroupBy#1[GroupBy>DataFrameScan],,True,0.47,0.48,group_by:minmax|numeric|memory,10000000,,200,,,
10000000,"(g2minmax200) group-by grid, 2 keys, 200 groups, min + max",polars in-memory,12.526,151.9,,,,,,,,,,,,
10000000,"(g2minmax200) group-by grid, 2 keys, 200 groups, min + max",polars streaming,13.164,148.6,,,,,,,,,,,,
10000000,"(g2minmax200) group-by grid, 2 keys, 200 groups, min + max","MetalEngine all, cold",12.857,7.7,GroupBy#1[GroupBy>DataFrameScan],,True,0.97,0.97,group_by_multi:minmax|numeric|memory,10000000,,200,,,
10000000,"(g1sum1k) group-by grid, 1 key, 1 000 groups, sum",polars in-memory,22.441,234.7,,,,,,,,,,,,
10000000,"(g1sum1k) group-by grid, 1 key, 1 000 groups, sum",polars streaming,3.859,34.1,,,,,,,,,,,,
10000000,"(g1sum1k) group-by grid, 1 key, 1 000 groups, sum","MetalEngine all, cold",10.884,5.7,GroupBy#1[GroupBy>DataFrameScan],,True,0.35,2.06,group_by:sum|numeric|memory,10000000,,1000,,,
10000000,"(g2sum1k) group-by grid, 2 keys, 1 000 groups, sum",polars in-memory,36.730,366.5,,,,,,,,,,,,
10000000,"(g2sum1k) group-by grid, 2 keys, 1 000 groups, sum",polars streaming,12.165,146.6,,,,,,,,,,,,
10000000,"(g2sum1k) group-by grid, 2 keys, 1 000 groups, sum","MetalEngine all, cold",12.635,7.4,GroupBy#1[GroupBy>DataFrameScan],,True,0.96,2.91,group_by_multi:sum|numeric|memory,10000000,,1000,,,
10000000,"(g1count1k) group-by grid, 1 key, 1 000 groups, count",polars in-memory,17.128,177.8,,,,,,,,,,,,
10000000,"(g1count1k) group-by grid, 1 key, 1 000 groups, count",polars streaming,3.642,32.1,,,,,,,,,,,,
10000000,"(g1count1k) group-by grid, 1 key, 1 000 groups, count","MetalEngine all, cold",8.100,3.7,GroupBy#1[GroupBy>DataFrameScan],,True,0.45,2.11,group_by:count|numeric|memory,10000000,,1000,,,
10000000,"(g2count1k) group-by grid, 2 keys, 1 000 groups, count",polars in-memory,33.682,329.5,,,,,,,,,,,,
10000000,"(g2count1k) group-by grid, 2 keys, 1 000 groups, count",polars streaming,11.761,133.0,,,,,,,,,,,,
10000000,"(g2count1k) group-by grid, 2 keys, 1 000 groups, count","MetalEngine all, cold",9.601,5.2,GroupBy#1[GroupBy>DataFrameScan],,True,1.22,3.51,group_by_multi:count|numeric|memory,10000000,,1000,,,
10000000,"(g1mean1k) group-by grid, 1 key, 1 000 groups, mean",polars in-memory,22.110,247.8,,,,,,,,,,,,
10000000,"(g1mean1k) group-by grid, 1 key, 1 000 groups, mean",polars streaming,4.123,37.3,,,,,,,,,,,,
10000000,"(g1mean1k) group-by grid, 1 key, 1 000 groups, mean","MetalEngine all, cold",12.455,6.2,GroupBy#1[GroupBy>DataFrameScan],,True,0.33,1.78,group_by:mean|numeric|memory,10000000,,1000,,,
10000000,"(g2mean1k) group-by grid, 2 keys, 1 000 groups, mean",polars in-memory,37.865,409.2,,,,,,,,,,,,
10000000,"(g2mean1k) group-by grid, 2 keys, 1 000 groups, mean",polars streaming,13.091,142.1,,,,,,,,,,,,
10000000,"(g2mean1k) group-by grid, 2 keys, 1 000 groups, mean","MetalEngine all, cold",13.778,7.6,GroupBy#1[GroupBy>DataFrameScan],,True,0.95,2.75,group_by_multi:mean|numeric|memory,10000000,,1000,,,
10000000,"(g1minmax1k) group-by grid, 1 key, 1 000 groups, min + max",polars in-memory,25.087,290.5,,,,,,,,,,,,
10000000,"(g1minmax1k) group-by grid, 1 key, 1 000 groups, min + max",polars streaming,4.882,54.9,,,,,,,,,,,,
10000000,"(g1minmax1k) group-by grid, 1 key, 1 000 groups, min + max","MetalEngine all, cold",12.503,6.5,GroupBy#1[GroupBy>DataFrameScan],,True,0.39,2.01,group_by:minmax|numeric|memory,10000000,,1000,,,
10000000,"(g2minmax1k) group-by grid, 2 keys, 1 000 groups, min + max",polars in-memory,44.125,446.5,,,,,,,,,,,,
10000000,"(g2minmax1k) group-by grid, 2 keys, 1 000 groups, min + max",polars streaming,13.624,140.8,,,,,,,,,,,,
10000000,"(g2minmax1k) group-by grid, 2 keys, 1 000 groups, min + max","MetalEngine all, cold",13.862,8.0,GroupBy#1[GroupBy>DataFrameScan],,True,0.98,3.18,group_by_multi:minmax|numeric|memory,10000000,,1000,,,
10000000,"(g1sum10k) group-by grid, 1 key, 10 000 groups, sum",polars in-memory,22.224,259.1,,,,,,,,,,,,
10000000,"(g1sum10k) group-by grid, 1 key, 10 000 groups, sum",polars streaming,15.293,168.4,,,,,,,,,,,,
10000000,"(g1sum10k) group-by grid, 1 key, 10 000 groups, sum","MetalEngine all, cold",12.169,5.7,GroupBy#1[GroupBy>DataFrameScan],,True,1.26,1.83,group_by:sum|numeric|memory,10000000,,10000,,,
10000000,"(g2sum10k) group-by grid, 2 keys, 10 000 groups, sum",polars in-memory,39.189,400.7,,,,,,,,,,,,
10000000,"(g2sum10k) group-by grid, 2 keys, 10 000 groups, sum",polars streaming,26.462,282.8,,,,,,,,,,,,
10000000,"(g2sum10k) group-by grid, 2 keys, 10 000 groups, sum","MetalEngine all, cold",13.641,7.4,GroupBy#1[GroupBy>DataFrameScan],,True,1.94,2.87,group_by_multi:sum|numeric|memory,10000000,,10000,,,
10000000,"(g1count10k) group-by grid, 1 key, 10 000 groups, count",polars in-memory,16.844,179.5,,,,,,,,,,,,
10000000,"(g1count10k) group-by grid, 1 key, 10 000 groups, count",polars streaming,15.665,159.5,,,,,,,,,,,,
10000000,"(g1count10k) group-by grid, 1 key, 10 000 groups, count","MetalEngine all, cold",8.269,3.4,GroupBy#1[GroupBy>DataFrameScan],,True,1.89,2.04,group_by:count|numeric|memory,10000000,,10000,,,
10000000,"(g2count10k) group-by grid, 2 keys, 10 000 groups, count",polars in-memory,33.987,354.2,,,,,,,,,,,,
10000000,"(g2count10k) group-by grid, 2 keys, 10 000 groups, count",polars streaming,25.691,263.0,,,,,,,,,,,,
10000000,"(g2count10k) group-by grid, 2 keys, 10 000 groups, count","MetalEngine all, cold",9.974,5.3,GroupBy#1[GroupBy>DataFrameScan],,True,2.58,3.41,group_by_multi:count|numeric|memory,10000000,,10000,,,
10000000,"(g1mean10k) group-by grid, 1 key, 10 000 groups, mean",polars in-memory,23.440,243.4,,,,,,,,,,,,
10000000,"(g1mean10k) group-by grid, 1 key, 10 000 groups, mean",polars streaming,15.838,176.4,,,,,,,,,,,,
10000000,"(g1mean10k) group-by grid, 1 key, 10 000 groups, mean","MetalEngine all, cold",12.483,6.1,GroupBy#1[GroupBy>DataFrameScan],,True,1.27,1.88,group_by:mean|numeric|memory,10000000,,10000,,,
10000000,"(g2mean10k) group-by grid, 2 keys, 10 000 groups, mean",polars in-memory,40.907,408.0,,,,,,,,,,,,
10000000,"(g2mean10k) group-by grid, 2 keys, 10 000 groups, mean",polars streaming,26.715,280.8,,,,,,,,,,,,
10000000,"(g2mean10k) group-by grid, 2 keys, 10 000 groups, mean","MetalEngine all, cold",14.579,8.2,GroupBy#1[GroupBy>DataFrameScan],,True,1.83,2.81,group_by_multi:mean|numeric|memory,10000000,,10000,,,
10000000,"(g1minmax10k) group-by grid, 1 key, 10 000 groups, min + max",polars in-memory,25.396,292.3,,,,,,,,,,,,
10000000,"(g1minmax10k) group-by grid, 1 key, 10 000 groups, min + max",polars streaming,18.624,195.1,,,,,,,,,,,,
10000000,"(g1minmax10k) group-by grid, 1 key, 10 000 groups, min + max","MetalEngine all, cold",10.893,6.1,GroupBy#1[GroupBy>DataFrameScan],,True,1.71,2.33,group_by:minmax|numeric|memory,10000000,,10000,,,
10000000,"(g2minmax10k) group-by grid, 2 keys, 10 000 groups, min + max",polars in-memory,43.412,458.6,,,,,,,,,,,,
10000000,"(g2minmax10k) group-by grid, 2 keys, 10 000 groups, min + max",polars streaming,28.782,317.3,,,,,,,,,,,,
10000000,"(g2minmax10k) group-by grid, 2 keys, 10 000 groups, min + max","MetalEngine all, cold",12.474,8.0,GroupBy#1[GroupBy>DataFrameScan],,True,2.31,3.48,group_by_multi:minmax|numeric|memory,10000000,,10000,,,
10000000,"(g1sum100k) group-by grid, 1 key, 100 000 groups, sum",polars in-memory,25.662,289.5,,,,,,,,,,,,
10000000,"(g1sum100k) group-by grid, 1 key, 100 000 groups, sum",polars streaming,14.771,127.1,,,,,,,,,,,,
10000000,"(g1sum100k) group-by grid, 1 key, 100 000 groups, sum","MetalEngine all, cold",14.164,6.1,GroupBy#1[GroupBy>DataFrameScan],,True,1.04,1.81,group_by:sum|numeric|memory,10000000,,100000,,,
10000000,"(g2sum100k) group-by grid, 2 keys, 100 000 groups, sum",polars in-memory,43.250,462.0,,,,,,,,,,,,
10000000,"(g2sum100k) group-by grid, 2 keys, 100 000 groups, sum",polars streaming,31.086,303.7,,,,,,,,,,,,
10000000,"(g2sum100k) group-by grid, 2 keys, 100 000 groups, sum","MetalEngine all, cold",16.171,8.2,GroupBy#1[GroupBy>DataFrameScan],,True,1.92,2.67,group_by_multi:sum|numeric|memory,10000000,,100000,,,
10000000,"(g1count100k) group-by grid, 1 key, 100 000 groups, count",polars in-memory,19.079,213.8,,,,,,,,,,,,
10000000,"(g1count100k) group-by grid, 1 key, 100 000 groups, count",polars streaming,13.298,120.8,,,,,,,,,,,,
10000000,"(g1count100k) group-by grid, 1 key, 100 000 groups, count","MetalEngine all, cold",9.376,3.8,GroupBy#1[GroupBy>DataFrameScan],,True,1.42,2.03,group_by:count|numeric|memory,10000000,,100000,,,
10000000,"(g2count100k) group-by grid, 2 keys, 100 000 groups, count",polars in-memory,37.900,392.8,,,,,,,,,,,,
10000000,"(g2count100k) group-by grid, 2 keys, 100 000 groups, count",polars streaming,28.945,294.2,,,,,,,,,,,,
10000000,"(g2count100k) group-by grid, 2 keys, 100 000 groups, count","MetalEngine all, cold",11.313,5.9,GroupBy#1[GroupBy>DataFrameScan],,True,2.56,3.35,group_by_multi:count|numeric|memory,10000000,,100000,,,
10000000,"(g1mean100k) group-by grid, 1 key, 100 000 groups, mean",polars in-memory,28.529,325.6,,,,,,,,,,,,
10000000,"(g1mean100k) group-by grid, 1 key, 100 000 groups, mean",polars streaming,15.792,139.6,,,,,,,,,,,,
10000000,"(g1mean100k) group-by grid, 1 key, 100 000 groups, mean","MetalEngine all, cold",13.282,6.8,GroupBy#1[GroupBy>DataFrameScan],,True,1.19,2.15,group_by:mean|numeric|memory,10000000,,100000,,,
10000000,"(g2mean100k) group-by grid, 2 keys, 100 000 groups, mean",polars in-memory,48.037,493.4,,,,,,,,,,,,
10000000,"(g2mean100k) group-by grid, 2 keys, 100 000 groups, mean",polars streaming,34.931,378.6,,,,,,,,,,,,
10000000,"(g2mean100k) group-by grid, 2 keys, 100 000 groups, mean","MetalEngine all, cold",16.789,9.2,GroupBy#1[GroupBy>DataFrameScan],,True,2.08,2.86,group_by_multi:mean|numeric|memory,10000000,,100000,,,
10000000,"(g1minmax100k) group-by grid, 1 key, 100 000 groups, min + max",polars in-memory,31.034,379.0,,,,,,,,,,,,
10000000,"(g1minmax100k) group-by grid, 1 key, 100 000 groups, min + max",polars streaming,18.849,158.2,,,,,,,,,,,,
10000000,"(g1minmax100k) group-by grid, 1 key, 100 000 groups, min + max","MetalEngine all, cold",12.447,6.9,GroupBy#1[GroupBy>DataFrameScan],,True,1.51,2.49,group_by:minmax|numeric|memory,10000000,,100000,,,
10000000,"(g2minmax100k) group-by grid, 2 keys, 100 000 groups, min + max",polars in-memory,50.802,541.2,,,,,,,,,,,,
10000000,"(g2minmax100k) group-by grid, 2 keys, 100 000 groups, min + max",polars streaming,41.426,408.7,,,,,,,,,,,,
10000000,"(g2minmax100k) group-by grid, 2 keys, 100 000 groups, min + max","MetalEngine all, cold",14.406,10.8,GroupBy#1[GroupBy>DataFrameScan],,True,2.88,3.53,group_by_multi:minmax|numeric|memory,10000000,,100000,,,
10000000,"(g1sum1M) group-by grid, 1 key, 1 000 000 groups, sum",polars in-memory,63.768,711.1,,,,,,,,,,,,
10000000,"(g1sum1M) group-by grid, 1 key, 1 000 000 groups, sum",polars streaming,26.289,224.6,,,,,,,,,,,,
10000000,"(g1sum1M) group-by grid, 1 key, 1 000 000 groups, sum","MetalEngine all, cold",14.072,11.3,GroupBy#1[GroupBy>DataFrameScan],,True,1.87,4.53,group_by:sum|numeric|memory,10000000,,999947,,,
10000000,"(g2sum1M) group-by grid, 2 keys, 1 000 000 groups, sum",polars in-memory,107.149,1178.0,,,,,,,,,,,,
10000000,"(g2sum1M) group-by grid, 2 keys, 1 000 000 groups, sum",polars streaming,59.364,609.1,,,,,,,,,,,,
10000000,"(g2sum1M) group-by grid, 2 keys, 1 000 000 groups, sum","MetalEngine all, cold",22.406,14.1,GroupBy#1[GroupBy>DataFrameScan],,True,2.65,4.78,group_by_multi:sum|numeric|memory,10000000,,999955,,,
10000000,"(g1count1M) group-by grid, 1 key, 1 000 000 groups, count",polars in-memory,54.077,598.3,,,,,,,,,,,,
10000000,"(g1count1M) group-by grid, 1 key, 1 000 000 groups, count",polars streaming,22.286,182.6,,,,,,,,,,,,
10000000,"(g1count1M) group-by grid, 1 key, 1 000 000 groups, count","MetalEngine all, cold",7.973,6.5,GroupBy#1[GroupBy>DataFrameScan],,True,2.80,6.78,group_by:count|numeric|memory,10000000,,999947,,,
10000000,"(g2count1M) group-by grid, 2 keys, 1 000 000 groups, count",polars in-memory,106.595,1103.0,,,,,,,,,,,,
10000000,"(g2count1M) group-by grid, 2 keys, 1 000 000 groups, count",polars streaming,52.888,562.9,,,,,,,,,,,,
10000000,"(g2count1M) group-by grid, 2 keys, 1 000 000 groups, count","MetalEngine all, cold",12.578,9.0,GroupBy#1[GroupBy>DataFrameScan],,True,4.20,8.47,group_by_multi:count|numeric|memory,10000000,,999955,,,
10000000,"(g1mean1M) group-by grid, 1 key, 1 000 000 groups, mean",polars in-memory,65.870,755.9,,,,,,,,,,,,
10000000,"(g1mean1M) group-by grid, 1 key, 1 000 000 groups, mean",polars streaming,25.951,249.3,,,,,,,,,,,,
10000000,"(g1mean1M) group-by grid, 1 key, 1 000 000 groups, mean","MetalEngine all, cold",30.814,9.6,GroupBy#1[GroupBy>DataFrameScan],,True,0.84,2.14,group_by:mean|numeric|memory,10000000,,999947,,,
10000000,"(g2mean1M) group-by grid, 2 keys, 1 000 000 groups, mean",polars in-memory,101.827,1175.6,,,,,,,,,,,,
10000000,"(g2mean1M) group-by grid, 2 keys, 1 000 000 groups, mean",polars streaming,57.309,608.0,,,,,,,,,,,,
10000000,"(g2mean1M) group-by grid, 2 keys, 1 000 000 groups, mean","MetalEngine all, cold",32.006,11.4,GroupBy#1[GroupBy>DataFrameScan],,True,1.79,3.18,group_by_multi:mean|numeric|memory,10000000,,999955,,,
10000000,"(g1minmax1M) group-by grid, 1 key, 1 000 000 groups, min + max",polars in-memory,71.081,790.5,,,,,,,,,,,,
10000000,"(g1minmax1M) group-by grid, 1 key, 1 000 000 groups, min + max",polars streaming,33.048,320.4,,,,,,,,,,,,
10000000,"(g1minmax1M) group-by grid, 1 key, 1 000 000 groups, min + max","MetalEngine all, cold",20.005,12.1,GroupBy#1[GroupBy>DataFrameScan],,True,1.65,3.55,group_by:minmax|numeric|memory,10000000,,999947,,,
10000000,"(g2minmax1M) group-by grid, 2 keys, 1 000 000 groups, min + max",polars in-memory,122.203,1353.1,,,,,,,,,,,,
10000000,"(g2minmax1M) group-by grid, 2 keys, 1 000 000 groups, min + max",polars streaming,82.513,912.2,,,,,,,,,,,,
10000000,"(g2minmax1M) group-by grid, 2 keys, 1 000 000 groups, min + max","MetalEngine all, cold",23.427,15.5,GroupBy#1[GroupBy>DataFrameScan],,True,3.52,5.22,group_by_multi:minmax|numeric|memory,10000000,,999955,,,
10000000,"(g1sumR2) group-by grid, 1 key, rows/2 groups, sum",polars in-memory,117.953,1236.2,,,,,,,,,,,,
10000000,"(g1sumR2) group-by grid, 1 key, rows/2 groups, sum",polars streaming,43.682,414.9,,,,,,,,,,,,
10000000,"(g1sumR2) group-by grid, 1 key, rows/2 groups, sum","MetalEngine all, cold",32.045,22.6,GroupBy#1[GroupBy>DataFrameScan],,True,1.36,3.68,group_by:sum|numeric|memory,10000000,,4323191,,,
10000000,"(g2sumR2) group-by grid, 2 keys, rows/2 groups, sum",polars in-memory,151.969,1691.1,,,,,,,,,,,,
10000000,"(g2sumR2) group-by grid, 2 keys, rows/2 groups, sum",polars streaming,107.263,1231.1,,,,,,,,,,,,
10000000,"(g2sumR2) group-by grid, 2 keys, rows/2 groups, sum","MetalEngine all, cold",38.215,26.6,GroupBy#1[GroupBy>DataFrameScan],,True,2.81,3.98,group_by_multi:sum|numeric|memory,10000000,,4323171,,,
10000000,"(g1countR2) group-by grid, 1 key, rows/2 groups, count",polars in-memory,102.988,1016.3,,,,,,,,,,,,
10000000,"(g1countR2) group-by grid, 1 key, rows/2 groups, count",polars streaming,39.663,370.2,,,,,,,,,,,,
10000000,"(g1countR2) group-by grid, 1 key, rows/2 groups, count","MetalEngine all, cold",17.175,12.6,GroupBy#1[GroupBy>DataFrameScan],,True,2.31,6.00,group_by:count|numeric|memory,10000000,,4323191,,,
10000000,"(g2countR2) group-by grid, 2 keys, rows/2 groups, count",polars in-memory,154.565,1600.9,,,,,,,,,,,,
10000000,"(g2countR2) group-by grid, 2 keys, rows/2 groups, count",polars streaming,99.219,1094.6,,,,,,,,,,,,
10000000,"(g2countR2) group-by grid, 2 keys, rows/2 groups, count","MetalEngine all, cold",21.786,15.9,GroupBy#1[GroupBy>DataFrameScan],,True,4.55,7.09,group_by_multi:count|numeric|memory,10000000,,4323171,,,
10000000,"(g1meanR2) group-by grid, 1 key, rows/2 groups, mean",polars in-memory,115.999,1398.6,,,,,,,,,,,,
10000000,"(g1meanR2) group-by grid, 1 key, rows/2 groups, mean",polars streaming,53.202,485.4,,,,,,,,,,,,
10000000,"(g1meanR2) group-by grid, 1 key, rows/2 groups, mean","MetalEngine all, cold",98.522,13.3,GroupBy#1[GroupBy>DataFrameScan],,True,0.54,1.18,group_by:mean|numeric|memory,10000000,,4323191,,,
10000000,"(g2meanR2) group-by grid, 2 keys, rows/2 groups, mean",polars in-memory,150.721,1872.6,,,,,,,,,,,,
10000000,"(g2meanR2) group-by grid, 2 keys, rows/2 groups, mean",polars streaming,104.701,1243.9,,,,,,,,,,,,
10000000,"(g2meanR2) group-by grid, 2 keys, rows/2 groups, mean","MetalEngine all, cold",98.171,12.7,GroupBy#1[GroupBy>DataFrameScan],,True,1.07,1.54,group_by_multi:mean|numeric|memory,10000000,,4323171,,,
10000000,"(g1minmaxR2) group-by grid, 1 key, rows/2 groups, min + max",polars in-memory,108.989,1341.6,,,,,,,,,,,,
10000000,"(g1minmaxR2) group-by grid, 1 key, rows/2 groups, min + max",polars streaming,57.878,565.7,,,,,,,,,,,,
10000000,"(g1minmaxR2) group-by grid, 1 key, rows/2 groups, min + max","MetalEngine all, cold",36.582,13.6,GroupBy#1[GroupBy>DataFrameScan],,True,1.58,2.98,group_by:minmax|numeric|memory,10000000,,4323191,,,
10000000,"(g2minmaxR2) group-by grid, 2 keys, rows/2 groups, min + max",polars in-memory,157.230,1961.1,,,,,,,,,,,,
10000000,"(g2minmaxR2) group-by grid, 2 keys, rows/2 groups, min + max",polars streaming,109.483,1371.7,,,,,,,,,,,,
10000000,"(g2minmaxR2) group-by grid, 2 keys, rows/2 groups, min + max","MetalEngine all, cold",38.555,15.0,GroupBy#1[GroupBy>DataFrameScan],,True,2.84,4.08,group_by_multi:minmax|numeric|memory,10000000,,4323171,,,
20000000,(a) filtered sum + count,polars in-memory,6.484,10.1,,,,,,,,,,,,
20000000,(a) filtered sum + count,polars streaming,1.350,12.6,,,,,,,,,,,,
20000000,(a) filtered sum + count,"MetalEngine all, cold",8.378,7.9,Select#3[Select>SimpleProjection>Filter>DataFrameScan],,True,0.16,0.77,aggregate:count+aggregate:sum|numeric|memory,20000000,,,,,
20000000,(b) filter + group-by 200 keys + sort desc + limit 10,polars in-memory,15.025,68.6,,,,,,,,,,,,
20000000,(b) filter + group-by 200 keys + sort desc + limit 10,polars streaming,6.480,63.7,,,,,,,,,,,,
20000000,(b) filter + group-by 200 keys + sort desc + limit 10,"MetalEngine all, cold",11.060,7.7,Sort#4[Sort>Filter>GroupBy>Filter>DataFrameScan],,True,0.59,1.36,group_by:count+group_by:sum+top_k|numeric|memory,20000000,,,,,
20000000,"(c) group-by (region, sub) mean + max",polars in-memory,95.103,1022.7,,,,,,,,,,,,
20000000,"(c) group-by (region, sub) mean + max",polars streaming,108.557,1205.1,,,,,,,,,,,,
20000000,"(c) group-by (region, sub) mean + max","MetalEngine all, cold",36.376,21.1,GroupBy#1[GroupBy>DataFrameScan],,True,2.61,2.61,group_by_multi:mean+group_by_multi:minmax|numeric|memory,20000000,,10000,,,
20000000,(d) projection chain then filter,polars in-memory,88.462,88.5,,,,,,,,,,,,
20000000,(d) projection chain then filter,polars streaming,5.927,57.6,,,,,,,,,,,,
20000000,(d) projection chain then filter,"MetalEngine all, cold",22.296,9.4,Filter#2[Filter>Select>HStack>DataFrameScan],,True,0.27,3.97,rowwise|numeric|memory,20000000,,,,,
20000000,(e) inner join then sum,polars in-memory,24.249,221.5,,,,,,,,,,,,
20000000,(e) inner join then sum,polars streaming,20.460,232.8,,,,,,,,,,,,
20000000,(e) inner join then sum,"MetalEngine all, cold",11.415,5.4,Select#3[Select>SimpleProjection>Join>DataFrameScan>DataFrameScan],,True,1.79,2.12,aggregate:sum+join:inner|numeric|memory,11000000,,,,,
20000000,(f) semi join,polars in-memory,4.053,43.1,,,,,,,,,,,,
20000000,(f) semi join,polars streaming,3.774,35.5,,,,,,,,,,,,
20000000,(f) semi join,"MetalEngine all, cold",7.843,5.3,Join#2[Join>DataFrameScan>DataFrameScan],,True,0.48,0.52,join:semi|numeric|memory,10001000,,,,,
20000000,(g) row_number over partitions,polars in-memory,136.296,845.2,,,,,,,,,,,,
20000000,(g) row_number over partitions,polars streaming,375.404,2316.4,,,,,,,,,,,,
20000000,(g) row_number over partitions,"MetalEngine all, cold",116.583,703.7,,HStack#1: Expression Window has no ArrowMetal translation.,True,1.17,1.17,,,,,,,
20000000,(h) as-of join,polars in-memory,63.823,64.0,,,,,,,,,,,,
20000000,(h) as-of join,polars streaming,4.893,55.2,,,,,,,,,,,,
20000000,(h) as-of join,"MetalEngine all, cold",65.111,65.2,,"Join#2: A AsOf join is not translated (inner, left, semi and anti are taken).",True,0.08,0.98,,,,,,,
20000000,"(i) group-by 1 key, 100 000 groups, sum",polars in-memory,42.803,537.2,,,,,,,,,,,,
20000000,"(i) group-by 1 key, 100 000 groups, sum",polars streaming,32.826,323.9,,,,,,,,,,,,
20000000,"(i) group-by 1 key, 100 000 groups, sum","MetalEngine all, cold",21.634,16.4,GroupBy#1[GroupBy>DataFrameScan],,True,1.52,1.98,group_by:sum|numeric|memory,20000000,,100000,,,
20000000,"(j) group-by (k1, k2), sum + count",polars in-memory,400.068,4037.9,,,,,,,,,,,,
20000000,"(j) group-by (k1, k2), sum + count",polars streaming,238.788,2628.1,,,,,,,,,,,,
20000000,"(j) group-by (k1, k2), sum + count","MetalEngine all, cold",214.557,103.8,GroupBy#1[GroupBy>DataFrameScan],,True,1.11,1.86,group_by_multi:count+group_by_multi:sum|numeric|memory,20000000,,18126514,,,
20000000,"(k) group-by (String, int32), sum",polars in-memory,285.588,3094.8,,,,,,,,,,,,
20000000,"(k) group-by (String, int32), sum",polars streaming,163.044,1490.9,,,,,,,,,,,,
20000000,"(k) group-by (String, int32), sum","MetalEngine all, cold",61.532,38.4,GroupBy#1[GroupBy>DataFrameScan],,True,2.65,4.64,group_by_multi:sum|string|memory,20000000,,1000000,,,
20000000,"(l) group-by (region, sub), Float64 sum + mean",polars in-memory,156.856,1628.9,,,,,,,,,,,,
20000000,"(l) group-by (region, sub), Float64 sum + mean",polars streaming,123.316,1141.2,,,,,,,,,,,,
20000000,"(l) group-by (region, sub), Float64 sum + mean","MetalEngine all, cold",30.978,17.3,GroupBy#2[GroupBy>HStack>DataFrameScan],,True,3.98,5.06,group_by_multi:mean+group_by_multi:sum|numeric|memory,20000000,,10000,,,
20000000,(m) sort 3 columns by an int64 key,polars in-memory,241.074,2607.0,,,,,,,,,,,,
20000000,(m) sort 3 columns by an int64 key,polars streaming,275.380,2592.6,,,,,,,,,,,,
20000000,(m) sort 3 columns by an int64 key,"MetalEngine all, cold",30.975,13.6,Sort#2[Sort>DataFrameScan],,True,7.78,7.78,sort|numeric|memory,20000000,,,,,
20000000,"(n) top 100 by Float64, descending",polars in-memory,184.538,184.6,,,,,,,,,,,,
20000000,"(n) top 100 by Float64, descending",polars streaming,8.626,87.5,,,,,,,,,,,,
20000000,"(n) top 100 by Float64, descending","MetalEngine all, cold",40.265,10.8,Sort#3[Sort>Filter>DataFrameScan],,True,0.21,4.58,top_k|numeric|memory,20000000,,,,,
20000000,"(o) sort with a String column, by an int64 key",polars in-memory,283.451,2991.6,,,,,,,,,,,,
20000000,"(o) sort with a String column, by an int64 key",polars streaming,283.853,2460.7,,,,,,,,,,,,
20000000,"(o) sort with a String column, by an int64 key","MetalEngine all, cold",116.111,92.7,Sort#2[Sort>DataFrameScan],,True,2.44,2.44,sort|string|memory,20000000,,,,,
20000000,"(p) filter, then sort by (int32 asc, nullable Float64 desc)",polars in-memory,602.369,6413.1,,,,,,,,,,,,
20000000,"(p) filter, then sort by (int32 asc, nullable Float64 desc)",polars streaming,612.112,6432.4,,,,,,,,,,,,
20000000,"(p) filter, then sort by (int32 asc, nullable Float64 desc)","MetalEngine all, cold",169.770,98.5,Sort#3[Sort>HStack>Filter>DataFrameScan],,True,3.55,3.55,sort_helper_keys|string|memory,20000000,,,,,
20000000,"(q) filter, then sort by (int32 asc, int64 desc)",polars in-memory,376.518,4062.0,,,,,,,,,,,,
20000000,"(q) filter, then sort by (int32 asc, int64 desc)",polars streaming,377.226,4140.6,,,,,,,,,,,,
20000000,"(q) filter, then sort by (int32 asc, int64 desc)","MetalEngine all, cold",46.722,18.1,Sort#3[Sort>Filter>DataFrameScan],,True,8.06,8.06,sort|numeric|memory,20000000,,,,,
20000000,"(r) unique over (region, sub), keep first",polars in-memory,96.510,1057.5,,,,,,,,,,,,
20000000,"(r) unique over (region, sub), keep first",polars streaming,177.599,1612.3,,,,,,,,,,,,
20000000,"(r) unique over (region, sub), keep first","MetalEngine all, cold",32.456,24.0,Distinct#1[Distinct>DataFrameScan],,True,2.97,2.97,distinct|numeric|memory,20000000,,,,,
20000000,(a2) filtered min + max,polars in-memory,9.850,18.6,,,,,,,,,,,,
20000000,(a2) filtered min + max,polars streaming,2.285,19.8,,,,,,,,,,,,
20000000,(a2) filtered min + max,"MetalEngine all, cold",14.244,11.6,Select#3[Select>SimpleProjection>Filter>DataFrameScan],,True,0.16,0.69,aggregate:minmax|numeric|memory,20000000,,,,,
20000000,(a3) filtered mean,polars in-memory,7.678,12.6,,,,,,,,,,,,
20000000,(a3) filtered mean,polars streaming,1.709,16.3,,,,,,,,,,,,
20000000,(a3) filtered mean,"MetalEngine all, cold",15.745,9.9,Select#3[Select>SimpleProjection>Filter>DataFrameScan],,True,0.11,0.49,aggregate:mean|numeric|memory,20000000,,,,,
20000000,(a4) filtered count,polars in-memory,4.069,5.8,,,,,,,,,,,,
20000000,(a4) filtered count,polars streaming,1.045,9.6,,,,,,,,,,,,
20000000,(a4) filtered count,"MetalEngine all, cold",6.834,6.6,Select#3[Select>DataFrameScan],,True,0.15,0.60,aggregate:sum|numeric|memory,20000000,,,,,
20000000,"(t1) group-by 1 key, 200 groups, sum",polars in-memory,7.073,70.1,,,,,,,,,,,,
20000000,"(t1) group-by 1 key, 200 groups, sum",polars streaming,6.499,63.6,,,,,,,,,,,,
20000000,"(t1) group-by 1 key, 200 groups, sum","MetalEngine all, cold",17.629,9.3,GroupBy#1[GroupBy>DataFrameScan],,True,0.37,0.40,group_by:sum|numeric|memory,20000000,,200,,,
20000000,"(t2) group-by 1 key, 200 groups, count",polars in-memory,6.223,61.2,,,,,,,,,,,,
20000000,"(t2) group-by 1 key, 200 groups, count",polars streaming,5.876,57.5,,,,,,,,,,,,
20000000,"(t2) group-by 1 key, 200 groups, count","MetalEngine all, cold",7.210,4.9,GroupBy#1[GroupBy>DataFrameScan],,True,0.81,0.86,group_by:count|numeric|memory,20000000,,200,,,
20000000,"(t3) group-by 1 key, 200 groups, mean",polars in-memory,7.452,86.4,,,,,,,,,,,,
20000000,"(t3) group-by 1 key, 200 groups, mean",polars streaming,7.444,72.7,,,,,,,,,,,,
20000000,"(t3) group-by 1 key, 200 groups, mean","MetalEngine all, cold",18.367,10.4,GroupBy#1[GroupBy>DataFrameScan],,True,0.41,0.41,group_by:mean|numeric|memory,20000000,,200,,,
20000000,"(t4) group-by 1 key, 200 groups, min + max",polars in-memory,10.457,117.6,,,,,,,,,,,,
20000000,"(t4) group-by 1 key, 200 groups, min + max",polars streaming,10.337,127.8,,,,,,,,,,,,
20000000,"(t4) group-by 1 key, 200 groups, min + max","MetalEngine all, cold",20.951,11.4,GroupBy#1[GroupBy>DataFrameScan],,True,0.49,0.50,group_by:minmax|numeric|memory,20000000,,200,,,
20000000,"(t5) group-by 1 key, 100 000 groups, count",polars in-memory,47.963,589.3,,,,,,,,,,,,
20000000,"(t5) group-by 1 key, 100 000 groups, count",polars streaming,39.263,417.6,,,,,,,,,,,,
20000000,"(t5) group-by 1 key, 100 000 groups, count","MetalEngine all, cold",10.942,7.5,GroupBy#1[GroupBy>DataFrameScan],,True,3.59,4.38,group_by:count|numeric|memory,20000000,,100000,,,
20000000,"(t6) group-by 1 key, 100 000 groups, mean",polars in-memory,76.822,999.8,,,,,,,,,,,,
20000000,"(t6) group-by 1 key, 100 000 groups, mean",polars streaming,50.399,492.1,,,,,,,,,,,,
20000000,"(t6) group-by 1 key, 100 000 groups, mean","MetalEngine all, cold",27.198,14.3,GroupBy#1[GroupBy>DataFrameScan],,True,1.85,2.82,group_by:mean|numeric|memory,20000000,,100000,,,
20000000,"(t7) group-by 1 key, 100 000 groups, min + max",polars in-memory,74.840,979.5,,,,,,,,,,,,
20000000,"(t7) group-by 1 key, 100 000 groups, min + max",polars streaming,56.464,574.5,,,,,,,,,,,,
20000000,"(t7) group-by 1 key, 100 000 groups, min + max","MetalEngine all, cold",23.865,15.3,GroupBy#1[GroupBy>DataFrameScan],,True,2.37,3.14,group_by:minmax|numeric|memory,20000000,,100000,,,
20000000,"(v1) group-by (region, sub), sum",polars in-memory,132.888,1504.2,,,,,,,,,,,,
20000000,"(v1) group-by (region, sub), sum",polars streaming,104.900,989.8,,,,,,,,,,,,
20000000,"(v1) group-by (region, sub), sum","MetalEngine all, cold",24.514,19.8,GroupBy#1[GroupBy>DataFrameScan],,True,4.28,5.42,group_by_multi:sum|numeric|memory,20000000,,10000,,,
20000000,"(v2) group-by (region, sub), count",polars in-memory,103.901,1099.4,,,,,,,,,,,,
20000000,"(v2) group-by (region, sub), count",polars streaming,91.153,962.0,,,,,,,,,,,,
20000000,"(v2) group-by (region, sub), count","MetalEngine all, cold",14.818,11.7,GroupBy#1[GroupBy>DataFrameScan],,True,6.15,7.01,group_by_multi:count|numeric|memory,20000000,,10000,,,
20000000,"(v3) group-by (k1, k2), mean",polars in-memory,389.411,4503.7,,,,,,,,,,,,
20000000,"(v3) group-by (k1, k2), mean",polars streaming,224.761,2699.4,,,,,,,,,,,,
20000000,"(v3) group-by (k1, k2), mean","MetalEngine all, cold",278.961,40.3,GroupBy#1[GroupBy>DataFrameScan],,True,0.81,1.40,group_by_multi:mean|numeric|memory,20000000,,18126514,,,
20000000,"(v4) group-by (k1, k2), min + max",polars in-memory,459.376,5181.4,,,,,,,,,,,,
20000000,"(v4) group-by (k1, k2), min + max",polars streaming,235.862,2754.5,,,,,,,,,,,,
20000000,"(v4) group-by (k1, k2), min + max","MetalEngine all, cold",205.389,44.1,GroupBy#1[GroupBy>DataFrameScan],,True,1.15,2.24,group_by_multi:minmax|numeric|memory,20000000,,18126514,,,
20000000,"(w1) inner join, 1M-row build side",polars in-memory,56.869,479.1,,,,,,,,,,,,
20000000,"(w1) inner join, 1M-row build side",polars streaming,51.457,610.1,,,,,,,,,,,,
20000000,"(w1) inner join, 1M-row build side","MetalEngine all, cold",22.036,12.0,Join#2[Join>DataFrameScan>DataFrameScan],,True,2.34,2.58,join:inner|numeric|memory,21000000,,,,,
20000000,"(w2) left join, 1M-row build side",polars in-memory,134.830,617.5,,,,,,,,,,,,
20000000,"(w2) left join, 1M-row build side",polars streaming,51.688,615.3,,,,,,,,,,,,
20000000,"(w2) left join, 1M-row build side","MetalEngine all, cold",23.731,12.0,Join#2[Join>DataFrameScan>DataFrameScan],,True,2.18,5.68,join:left|numeric|memory,21000000,,,,,
20000000,"(w3) semi join, 1M-row build side",polars in-memory,51.153,554.9,,,,,,,,,,,,
20000000,"(w3) semi join, 1M-row build side",polars streaming,46.640,571.6,,,,,,,,,,,,
20000000,"(w3) semi join, 1M-row build side","MetalEngine all, cold",22.174,13.2,Join#2[Join>DataFrameScan>DataFrameScan],,True,2.10,2.31,join:semi|numeric|memory,21000000,,,,,
20000000,"(w4) anti join, 1M-row build side",polars in-memory,52.226,584.9,,,,,,,,,,,,
20000000,"(w4) anti join, 1M-row build side",polars streaming,45.088,592.2,,,,,,,,,,,,
20000000,"(w4) anti join, 1M-row build side","MetalEngine all, cold",24.478,14.9,Join#2[Join>DataFrameScan>DataFrameScan],,True,1.84,2.13,join:anti|numeric|memory,21000000,,,,,
20000000,"(x1) unique over (k1, k2), keep first",polars in-memory,366.379,3262.1,,,,,,,,,,,,
20000000,"(x1) unique over (k1, k2), keep first",polars streaming,217.703,2985.0,,,,,,,,,,,,
20000000,"(x1) unique over (k1, k2), keep first","MetalEngine all, cold",117.694,32.0,Distinct#2[Distinct>DataFrameScan],,True,1.85,3.11,distinct|numeric|memory,20000000,,,,,
20000000,"(x2) sort by a nullable Float64 key, descending",polars in-memory,272.523,2853.1,,,,,,,,,,,,
20000000,"(x2) sort by a nullable Float64 key, descending",polars streaming,281.476,2770.1,,,,,,,,,,,,
20000000,"(x2) sort by a nullable Float64 key, descending","MetalEngine all, cold",75.913,28.9,Sort#2[Sort>Select>DataFrameScan],,True,3.59,3.59,sort_helper_keys|numeric|memory,20000000,,,,,
20000000,(x3) top 100 by an int64 key,polars in-memory,181.537,181.3,,,,,,,,,,,,
20000000,(x3) top 100 by an int64 key,polars streaming,8.689,88.2,,,,,,,,,,,,
20000000,(x3) top 100 by an int64 key,"MetalEngine all, cold",13.131,10.4,Sort#3[Sort>Filter>DataFrameScan],,True,0.66,13.83,top_k|numeric|memory,20000000,,,,,
20000000,"(y1) group-by a String key (1000 values), sum",polars in-memory,74.091,862.7,,,,,,,,,,,,
20000000,"(y1) group-by a String key (1000 values), sum",polars streaming,53.607,282.9,,,,,,,,,,,,
20000000,"(y1) group-by a String key (1000 values), sum","MetalEngine all, cold",41.864,31.3,GroupBy#1[GroupBy>DataFrameScan],,True,1.28,1.77,group_by:sum|string|memory,20000000,,1000,,,
20000000,(y2) filter by a String equality,polars in-memory,17.315,18.5,,,,,,,,,,,,
20000000,(y2) filter by a String equality,polars streaming,2.253,20.3,,,,,,,,,,,,
20000000,(y2) filter by a String equality,"MetalEngine all, cold",22.172,20.2,Filter#2[Filter>DataFrameScan],,True,0.10,0.78,rowwise|string|memory,20000000,,,,,
20000000,"(y3) filter by a String prefix, then sum",polars in-memory,77.445,80.9,,,,,,,,,,,,
20000000,"(y3) filter by a String prefix, then sum",polars streaming,5.993,87.3,,,,,,,,,,,,
20000000,"(y3) filter by a String prefix, then sum","MetalEngine all, cold",14.636,12.8,Select#2[Select>SimpleProjection>Filter>DataFrameScan],,True,0.41,5.29,aggregate:sum|string|memory,20000000,,,,,
20000000,(y4) inner join on a String key,polars in-memory,56.174,570.8,,,,,,,,,,,,
20000000,(y4) inner join on a String key,polars streaming,31.787,448.1,,,,,,,,,,,,
20000000,(y4) inner join on a String key,"MetalEngine all, cold",89.482,68.1,Join#3[Join>DataFrameScan>DataFrameScan],,True,0.36,0.63,join:inner|string|memory,20000500,,,,,
20000000,"(y5) unique over (String, int32), keep first",polars in-memory,171.304,2174.9,,,,,,,,,,,,
20000000,"(y5) unique over (String, int32), keep first",polars streaming,203.302,2247.1,,,,,,,,,,,,
20000000,"(y5) unique over (String, int32), keep first","MetalEngine all, cold",56.572,42.7,Distinct#2[Distinct>DataFrameScan],,True,3.03,3.03,distinct|string|memory,20000000,,,,,
20000000,(y6) top 100 by an int64 key with a String column,polars in-memory,197.601,197.7,,,,,,,,,,,,
20000000,(y6) top 100 by an int64 key with a String column,polars streaming,8.832,90.9,,,,,,,,,,,,
20000000,(y6) top 100 by an int64 key with a String column,"MetalEngine all, cold",21.452,17.2,Sort#3[Sort>Filter>DataFrameScan],,True,0.41,9.21,top_k|string|memory,20000000,,,,,
20000000,"(g1sum200) group-by grid, 1 key, 200 groups, sum",polars in-memory,5.893,77.8,,,,,,,,,,,,
20000000,"(g1sum200) group-by grid, 1 key, 200 groups, sum",polars streaming,6.250,80.4,,,,,,,,,,,,
20000000,"(g1sum200) group-by grid, 1 key, 200 groups, sum","MetalEngine all, cold",11.245,9.1,GroupBy#1[GroupBy>DataFrameScan],,True,0.52,0.52,group_by:sum|numeric|memory,20000000,,200,,,
20000000,"(g2sum200) group-by grid, 2 keys, 200 groups, sum",polars in-memory,21.131,277.7,,,,,,,,,,,,
20000000,"(g2sum200) group-by grid, 2 keys, 200 groups, sum",polars streaming,26.300,353.4,,,,,,,,,,,,
20000000,"(g2sum200) group-by grid, 2 keys, 200 groups, sum","MetalEngine all, cold",27.080,22.6,GroupBy#1[GroupBy>DataFrameScan],,True,0.78,0.78,group_by_multi:sum|numeric|memory,20000000,,200,,,
20000000,"(g1count200) group-by grid, 1 key, 200 groups, count",polars in-memory,13.953,117.1,,,,,,,,,,,,
20000000,"(g1count200) group-by grid, 1 key, 200 groups, count",polars streaming,13.241,114.8,,,,,,,,,,,,
20000000,"(g1count200) group-by grid, 1 key, 200 groups, count","MetalEngine all, cold",8.810,7.1,GroupBy#1[GroupBy>DataFrameScan],,True,1.50,1.58,group_by:count|numeric|memory,20000000,,200,,,
20000000,"(g2count200) group-by grid, 2 keys, 200 groups, count",polars in-memory,40.949,405.7,,,,,,,,,,,,
20000000,"(g2count200) group-by grid, 2 keys, 200 groups, count",polars streaming,41.727,404.5,,,,,,,,,,,,
20000000,"(g2count200) group-by grid, 2 keys, 200 groups, count","MetalEngine all, cold",13.338,12.0,GroupBy#1[GroupBy>DataFrameScan],,True,3.07,3.07,group_by_multi:count|numeric|memory,20000000,,200,,,
20000000,"(g1mean200) group-by grid, 1 key, 200 groups, mean",polars in-memory,11.149,137.7,,,,,,,,,,,,
20000000,"(g1mean200) group-by grid, 1 key, 200 groups, mean",polars streaming,9.807,133.0,,,,,,,,,,,,
20000000,"(g1mean200) group-by grid, 1 key, 200 groups, mean","MetalEngine all, cold",19.993,12.9,GroupBy#1[GroupBy>DataFrameScan],,True,0.49,0.56,group_by:mean|numeric|memory,20000000,,200,,,
20000000,"(g2mean200) group-by grid, 2 keys, 200 groups, mean",polars in-memory,24.497,337.4,,,,,,,,,,,,
20000000,"(g2mean200) group-by grid, 2 keys, 200 groups, mean",polars streaming,29.717,407.7,,,,,,,,,,,,
20000000,"(g2mean200) group-by grid, 2 keys, 200 groups, mean","MetalEngine all, cold",26.516,19.8,GroupBy#1[GroupBy>DataFrameScan],,True,0.92,0.92,group_by_multi:mean|numeric|memory,20000000,,200,,,
20000000,"(g1minmax200) group-by grid, 1 key, 200 groups, min + max",polars in-memory,11.818,159.1,,,,,,,,,,,,
20000000,"(g1minmax200) group-by grid, 1 key, 200 groups, min + max",polars streaming,11.429,156.9,,,,,,,,,,,,
20000000,"(g1minmax200) group-by grid, 1 key, 200 groups, min + max","MetalEngine all, cold",17.285,13.2,GroupBy#1[GroupBy>DataFrameScan],,True,0.66,0.68,group_by:minmax|numeric|memory,20000000,,200,,,
20000000,"(g2minmax200) group-by grid, 2 keys, 200 groups, min + max",polars in-memory,29.600,401.6,,,,,,,,,,,,
20000000,"(g2minmax200) group-by grid, 2 keys, 200 groups, min + max",polars streaming,42.297,465.1,,,,,,,,,,,,
20000000,"(g2minmax200) group-by grid, 2 keys, 200 groups, min + max","MetalEngine all, cold",26.280,20.6,GroupBy#1[GroupBy>DataFrameScan],,True,1.13,1.13,group_by_multi:minmax|numeric|memory,20000000,,200,,,
20000000,"(g1sum1k) group-by grid, 1 key, 1 000 groups, sum",polars in-memory,55.353,758.5,,,,,,,,,,,,
20000000,"(g1sum1k) group-by grid, 1 key, 1 000 groups, sum",polars streaming,9.630,124.6,,,,,,,,,,,,
20000000,"(g1sum1k) group-by grid, 1 key, 1 000 groups, sum","MetalEngine all, cold",14.759,12.7,GroupBy#1[GroupBy>DataFrameScan],,True,0.65,3.75,group_by:sum|numeric|memory,20000000,,1000,,,
20000000,"(g2sum1k) group-by grid, 2 keys, 1 000 groups, sum",polars in-memory,95.363,1176.2,,,,,,,,,,,,
20000000,"(g2sum1k) group-by grid, 2 keys, 1 000 groups, sum",polars streaming,26.699,377.3,,,,,,,,,,,,
20000000,"(g2sum1k) group-by grid, 2 keys, 1 000 groups, sum","MetalEngine all, cold",20.670,18.0,GroupBy#1[GroupBy>DataFrameScan],,True,1.29,4.61,group_by_multi:sum|numeric|memory,20000000,,1000,,,
20000000,"(g1count1k) group-by grid, 1 key, 1 000 groups, count",polars in-memory,37.726,481.2,,,,,,,,,,,,
20000000,"(g1count1k) group-by grid, 1 key, 1 000 groups, count",polars streaming,7.801,98.2,,,,,,,,,,,,
20000000,"(g1count1k) group-by grid, 1 key, 1 000 groups, count","MetalEngine all, cold",7.440,5.8,GroupBy#1[GroupBy>DataFrameScan],,True,1.05,5.07,group_by:count|numeric|memory,20000000,,1000,,,
20000000,"(g2count1k) group-by grid, 2 keys, 1 000 groups, count",polars in-memory,88.229,1000.3,,,,,,,,,,,,
20000000,"(g2count1k) group-by grid, 2 keys, 1 000 groups, count",polars streaming,26.992,372.8,,,,,,,,,,,,
20000000,"(g2count1k) group-by grid, 2 keys, 1 000 groups, count","MetalEngine all, cold",11.988,10.5,GroupBy#1[GroupBy>DataFrameScan],,True,2.25,7.36,group_by_multi:count|numeric|memory,20000000,,1000,,,
20000000,"(g1mean1k) group-by grid, 1 key, 1 000 groups, mean",polars in-memory,51.941,682.8,,,,,,,,,,,,
20000000,"(g1mean1k) group-by grid, 1 key, 1 000 groups, mean",polars streaming,7.977,107.5,,,,,,,,,,,,
20000000,"(g1mean1k) group-by grid, 1 key, 1 000 groups, mean","MetalEngine all, cold",21.658,11.1,GroupBy#1[GroupBy>DataFrameScan],,True,0.37,2.40,group_by:mean|numeric|memory,20000000,,1000,,,
20000000,"(g2mean1k) group-by grid, 2 keys, 1 000 groups, mean",polars in-memory,98.884,1201.5,,,,,,,,,,,,
20000000,"(g2mean1k) group-by grid, 2 keys, 1 000 groups, mean",polars streaming,28.816,385.0,,,,,,,,,,,,
20000000,"(g2mean1k) group-by grid, 2 keys, 1 000 groups, mean","MetalEngine all, cold",29.288,19.0,GroupBy#1[GroupBy>DataFrameScan],,True,0.98,3.38,group_by_multi:mean|numeric|memory,20000000,,1000,,,
20000000,"(g1minmax1k) group-by grid, 1 key, 1 000 groups, min + max",polars in-memory,64.124,813.1,,,,,,,,,,,,
20000000,"(g1minmax1k) group-by grid, 1 key, 1 000 groups, min + max",polars streaming,14.046,175.8,,,,,,,,,,,,
20000000,"(g1minmax1k) group-by grid, 1 key, 1 000 groups, min + max","MetalEngine all, cold",18.916,15.7,GroupBy#1[GroupBy>DataFrameScan],,True,0.74,3.39,group_by:minmax|numeric|memory,20000000,,1000,,,
20000000,"(g2minmax1k) group-by grid, 2 keys, 1 000 groups, min + max",polars in-memory,135.652,1745.9,,,,,,,,,,,,
20000000,"(g2minmax1k) group-by grid, 2 keys, 1 000 groups, min + max",polars streaming,33.606,425.4,,,,,,,,,,,,
20000000,"(g2minmax1k) group-by grid, 2 keys, 1 000 groups, min + max","MetalEngine all, cold",21.462,17.7,GroupBy#1[GroupBy>DataFrameScan],,True,1.57,6.32,group_by_multi:minmax|numeric|memory,20000000,,1000,,,
20000000,"(g1sum10k) group-by grid, 1 key, 10 000 groups, sum",polars in-memory,51.248,721.4,,,,,,,,,,,,
20000000,"(g1sum10k) group-by grid, 1 key, 10 000 groups, sum",polars streaming,36.532,482.4,,,,,,,,,,,,
20000000,"(g1sum10k) group-by grid, 1 key, 10 000 groups, sum","MetalEngine all, cold",14.847,11.8,GroupBy#1[GroupBy>DataFrameScan],,True,2.46,3.45,group_by:sum|numeric|memory,20000000,,10000,,,
20000000,"(g2sum10k) group-by grid, 2 keys, 10 000 groups, sum",polars in-memory,99.824,1215.0,,,,,,,,,,,,
20000000,"(g2sum10k) group-by grid, 2 keys, 10 000 groups, sum",polars streaming,71.985,883.7,,,,,,,,,,,,
20000000,"(g2sum10k) group-by grid, 2 keys, 10 000 groups, sum","MetalEngine all, cold",20.110,17.2,GroupBy#1[GroupBy>DataFrameScan],,True,3.58,4.96,group_by_multi:sum|numeric|memory,20000000,,10000,,,
20000000,"(g1count10k) group-by grid, 1 key, 10 000 groups, count",polars in-memory,46.345,544.2,,,,,,,,,,,,
20000000,"(g1count10k) group-by grid, 1 key, 10 000 groups, count",polars streaming,34.152,447.3,,,,,,,,,,,,
20000000,"(g1count10k) group-by grid, 1 key, 10 000 groups, count","MetalEngine all, cold",7.947,6.0,GroupBy#1[GroupBy>DataFrameScan],,True,4.30,5.83,group_by:count|numeric|memory,20000000,,10000,,,
20000000,"(g2count10k) group-by grid, 2 keys, 10 000 groups, count",polars in-memory,92.102,1042.2,,,,,,,,,,,,
20000000,"(g2count10k) group-by grid, 2 keys, 10 000 groups, count",polars streaming,61.113,807.3,,,,,,,,,,,,
20000000,"(g2count10k) group-by grid, 2 keys, 10 000 groups, count","MetalEngine all, cold",13.366,11.6,GroupBy#1[GroupBy>DataFrameScan],,True,4.57,6.89,group_by_multi:count|numeric|memory,20000000,,10000,,,
20000000,"(g1mean10k) group-by grid, 1 key, 10 000 groups, mean",polars in-memory,54.748,711.1,,,,,,,,,,,,
20000000,"(g1mean10k) group-by grid, 1 key, 10 000 groups, mean",polars streaming,38.112,503.3,,,,,,,,,,,,
20000000,"(g1mean10k) group-by grid, 1 key, 10 000 groups, mean","MetalEngine all, cold",27.653,13.7,GroupBy#1[GroupBy>DataFrameScan],,True,1.38,1.98,group_by:mean|numeric|memory,20000000,,10000,,,
20000000,"(g2mean10k) group-by grid, 2 keys, 10 000 groups, mean",polars in-memory,135.058,1327.4,,,,,,,,,,,,
20000000,"(g2mean10k) group-by grid, 2 keys, 10 000 groups, mean",polars streaming,139.626,1045.7,,,,,,,,,,,,
20000000,"(g2mean10k) group-by grid, 2 keys, 10 000 groups, mean","MetalEngine all, cold",35.223,22.3,GroupBy#1[GroupBy>DataFrameScan],,True,3.83,3.83,group_by_multi:mean|numeric|memory,20000000,,10000,,,
20000000,"(g1minmax10k) group-by grid, 1 key, 10 000 groups, min + max",polars in-memory,92.079,934.8,,,,,,,,,,,,
20000000,"(g1minmax10k) group-by grid, 1 key, 10 000 groups, min + max",polars streaming,77.636,664.1,,,,,,,,,,,,
20000000,"(g1minmax10k) group-by grid, 1 key, 10 000 groups, min + max","MetalEngine all, cold",23.355,16.5,GroupBy#1[GroupBy>DataFrameScan],,True,3.32,3.94,group_by:minmax|numeric|memory,20000000,,10000,,,
20000000,"(g2minmax10k) group-by grid, 2 keys, 10 000 groups, min + max",polars in-memory,152.603,1569.1,,,,,,,,,,,,
20000000,"(g2minmax10k) group-by grid, 2 keys, 10 000 groups, min + max",polars streaming,136.396,1135.0,,,,,,,,,,,,
20000000,"(g2minmax10k) group-by grid, 2 keys, 10 000 groups, min + max","MetalEngine all, cold",29.325,22.1,GroupBy#1[GroupBy>DataFrameScan],,True,4.65,5.20,group_by_multi:minmax|numeric|memory,20000000,,10000,,,
20000000,"(g1sum100k) group-by grid, 1 key, 100 000 groups, sum",polars in-memory,80.342,950.3,,,,,,,,,,,,
20000000,"(g1sum100k) group-by grid, 1 key, 100 000 groups, sum",polars streaming,52.899,524.4,,,,,,,,,,,,
20000000,"(g1sum100k) group-by grid, 1 key, 100 000 groups, sum","MetalEngine all, cold",21.134,17.7,GroupBy#1[GroupBy>DataFrameScan],,True,2.50,3.80,group_by:sum|numeric|memory,20000000,,100000,,,
20000000,"(g2sum100k) group-by grid, 2 keys, 100 000 groups, sum",polars in-memory,152.496,1522.4,,,,,,,,,,,,
20000000,"(g2sum100k) group-by grid, 2 keys, 100 000 groups, sum",polars streaming,149.202,1184.3,,,,,,,,,,,,
20000000,"(g2sum100k) group-by grid, 2 keys, 100 000 groups, sum","MetalEngine all, cold",26.732,22.4,GroupBy#1[GroupBy>DataFrameScan],,True,5.58,5.70,group_by_multi:sum|numeric|memory,20000000,,100000,,,
20000000,"(g1count100k) group-by grid, 1 key, 100 000 groups, count",polars in-memory,61.964,754.2,,,,,,,,,,,,
20000000,"(g1count100k) group-by grid, 1 key, 100 000 groups, count",polars streaming,45.752,430.6,,,,,,,,,,,,
20000000,"(g1count100k) group-by grid, 1 key, 100 000 groups, count","MetalEngine all, cold",10.450,8.1,GroupBy#1[GroupBy>DataFrameScan],,True,4.38,5.93,group_by:count|numeric|memory,20000000,,100000,,,
20000000,"(g2count100k) group-by grid, 2 keys, 100 000 groups, count",polars in-memory,139.299,1459.5,,,,,,,,,,,,
20000000,"(g2count100k) group-by grid, 2 keys, 100 000 groups, count",polars streaming,109.778,1099.7,,,,,,,,,,,,
20000000,"(g2count100k) group-by grid, 2 keys, 100 000 groups, count","MetalEngine all, cold",16.613,14.2,GroupBy#1[GroupBy>DataFrameScan],,True,6.61,8.38,group_by_multi:count|numeric|memory,20000000,,100000,,,
20000000,"(g1mean100k) group-by grid, 1 key, 100 000 groups, mean",polars in-memory,85.642,1034.0,,,,,,,,,,,,
20000000,"(g1mean100k) group-by grid, 1 key, 100 000 groups, mean",polars streaming,50.127,513.7,,,,,,,,,,,,
20000000,"(g1mean100k) group-by grid, 1 key, 100 000 groups, mean","MetalEngine all, cold",30.388,16.9,GroupBy#1[GroupBy>DataFrameScan],,True,1.65,2.82,group_by:mean|numeric|memory,20000000,,100000,,,
20000000,"(g2mean100k) group-by grid, 2 keys, 100 000 groups, mean",polars in-memory,195.375,1731.6,,,,,,,,,,,,
20000000,"(g2mean100k) group-by grid, 2 keys, 100 000 groups, mean",polars streaming,141.007,1231.8,,,,,,,,,,,,
20000000,"(g2mean100k) group-by grid, 2 keys, 100 000 groups, mean","MetalEngine all, cold",35.569,22.5,GroupBy#1[GroupBy>DataFrameScan],,True,3.96,5.49,group_by_multi:mean|numeric|memory,20000000,,100000,,,
20000000,"(g1minmax100k) group-by grid, 1 key, 100 000 groups, min + max",polars in-memory,100.459,1139.3,,,,,,,,,,,,
20000000,"(g1minmax100k) group-by grid, 1 key, 100 000 groups, min + max",polars streaming,75.891,618.9,,,,,,,,,,,,
20000000,"(g1minmax100k) group-by grid, 1 key, 100 000 groups, min + max","MetalEngine all, cold",25.528,16.9,GroupBy#1[GroupBy>DataFrameScan],,True,2.97,3.94,group_by:minmax|numeric|memory,20000000,,100000,,,
20000000,"(g2minmax100k) group-by grid, 2 keys, 100 000 groups, min + max",polars in-memory,196.933,1813.7,,,,,,,,,,,,
20000000,"(g2minmax100k) group-by grid, 2 keys, 100 000 groups, min + max",polars streaming,152.956,1307.4,,,,,,,,,,,,
20000000,"(g2minmax100k) group-by grid, 2 keys, 100 000 groups, min + max","MetalEngine all, cold",30.527,22.2,GroupBy#1[GroupBy>DataFrameScan],,True,5.01,6.45,group_by_multi:minmax|numeric|memory,20000000,,100000,,,
20000000,"(g1sum1M) group-by grid, 1 key, 1 000 000 groups, sum",polars in-memory,139.826,1734.0,,,,,,,,,,,,
20000000,"(g1sum1M) group-by grid, 1 key, 1 000 000 groups, sum",polars streaming,64.697,638.4,,,,,,,,,,,,
20000000,"(g1sum1M) group-by grid, 1 key, 1 000 000 groups, sum","MetalEngine all, cold",24.575,19.2,GroupBy#1[GroupBy>DataFrameScan],,True,2.63,5.69,group_by:sum|numeric|memory,20000000,,1000000,,,
20000000,"(g2sum1M) group-by grid, 2 keys, 1 000 000 groups, sum",polars in-memory,254.439,2902.6,,,,,,,,,,,,
20000000,"(g2sum1M) group-by grid, 2 keys, 1 000 000 groups, sum",polars streaming,167.460,1731.3,,,,,,,,,,,,
20000000,"(g2sum1M) group-by grid, 2 keys, 1 000 000 groups, sum","MetalEngine all, cold",32.357,26.1,GroupBy#1[GroupBy>DataFrameScan],,True,5.18,7.86,group_by_multi:sum|numeric|memory,20000000,,1000000,,,
20000000,"(g1count1M) group-by grid, 1 key, 1 000 000 groups, count",polars in-memory,116.840,1377.2,,,,,,,,,,,,
20000000,"(g1count1M) group-by grid, 1 key, 1 000 000 groups, count",polars streaming,49.383,563.7,,,,,,,,,,,,
20000000,"(g1count1M) group-by grid, 1 key, 1 000 000 groups, count","MetalEngine all, cold",13.857,9.8,GroupBy#1[GroupBy>DataFrameScan],,True,3.56,8.43,group_by:count|numeric|memory,20000000,,1000000,,,
20000000,"(g2count1M) group-by grid, 2 keys, 1 000 000 groups, count",polars in-memory,249.378,2696.0,,,,,,,,,,,,
20000000,"(g2count1M) group-by grid, 2 keys, 1 000 000 groups, count",polars streaming,167.647,1451.6,,,,,,,,,,,,
20000000,"(g2count1M) group-by grid, 2 keys, 1 000 000 groups, count","MetalEngine all, cold",19.531,15.4,GroupBy#1[GroupBy>DataFrameScan],,True,8.58,12.77,group_by_multi:count|numeric|memory,20000000,,1000000,,,
20000000,"(g1mean1M) group-by grid, 1 key, 1 000 000 groups, mean",polars in-memory,143.116,1651.4,,,,,,,,,,,,
20000000,"(g1mean1M) group-by grid, 1 key, 1 000 000 groups, mean",polars streaming,72.871,637.4,,,,,,,,,,,,
20000000,"(g1mean1M) group-by grid, 1 key, 1 000 000 groups, mean","MetalEngine all, cold",59.950,16.7,GroupBy#1[GroupBy>DataFrameScan],,True,1.22,2.39,group_by:mean|numeric|memory,20000000,,1000000,,,
20000000,"(g2mean1M) group-by grid, 2 keys, 1 000 000 groups, mean",polars in-memory,298.388,3236.4,,,,,,,,,,,,
20000000,"(g2mean1M) group-by grid, 2 keys, 1 000 000 groups, mean",polars streaming,179.121,1733.2,,,,,,,,,,,,
20000000,"(g2mean1M) group-by grid, 2 keys, 1 000 000 groups, mean","MetalEngine all, cold",64.468,21.0,GroupBy#1[GroupBy>DataFrameScan],,True,2.78,4.63,group_by_multi:mean|numeric|memory,20000000,,1000000,,,
20000000,"(g1minmax1M) group-by grid, 1 key, 1 000 000 groups, min + max",polars in-memory,204.938,1940.5,,,,,,,,,,,,
20000000,"(g1minmax1M) group-by grid, 1 key, 1 000 000 groups, min + max",polars streaming,89.379,783.8,,,,,,,,,,,,
20000000,"(g1minmax1M) group-by grid, 1 key, 1 000 000 groups, min + max","MetalEngine all, cold",34.924,17.9,GroupBy#1[GroupBy>DataFrameScan],,True,2.56,5.87,group_by:minmax|numeric|memory,20000000,,1000000,,,
20000000,"(g2minmax1M) group-by grid, 2 keys, 1 000 000 groups, min + max",polars in-memory,320.353,3364.6,,,,,,,,,,,,
20000000,"(g2minmax1M) group-by grid, 2 keys, 1 000 000 groups, min + max",polars streaming,193.245,1952.6,,,,,,,,,,,,
20000000,"(g2minmax1M) group-by grid, 2 keys, 1 000 000 groups, min + max","MetalEngine all, cold",39.940,23.2,GroupBy#1[GroupBy>DataFrameScan],,True,4.84,8.02,group_by_multi:minmax|numeric|memory,20000000,,1000000,,,
20000000,"(g1sumR2) group-by grid, 1 key, rows/2 groups, sum",polars in-memory,280.300,3228.7,,,,,,,,,,,,
20000000,"(g1sumR2) group-by grid, 1 key, rows/2 groups, sum",polars streaming,105.275,1214.8,,,,,,,,,,,,
20000000,"(g1sumR2) group-by grid, 1 key, rows/2 groups, sum","MetalEngine all, cold",79.764,47.5,GroupBy#1[GroupBy>DataFrameScan],,True,1.32,3.51,group_by:sum|numeric|memory,20000000,,8645706,,,
20000000,"(g2sumR2) group-by grid, 2 keys, rows/2 groups, sum",polars in-memory,447.485,4844.6,,,,,,,,,,,,
20000000,"(g2sumR2) group-by grid, 2 keys, rows/2 groups, sum",polars streaming,248.168,2964.8,,,,,,,,,,,,
20000000,"(g2sumR2) group-by grid, 2 keys, rows/2 groups, sum","MetalEngine all, cold",78.472,46.5,GroupBy#1[GroupBy>DataFrameScan],,True,3.16,5.70,group_by_multi:sum|numeric|memory,20000000,,8646231,,,
20000000,"(g1countR2) group-by grid, 1 key, rows/2 groups, count",polars in-memory,211.390,2520.4,,,,,,,,,,,,
20000000,"(g1countR2) group-by grid, 1 key, rows/2 groups, count",polars streaming,78.128,937.2,,,,,,,,,,,,
20000000,"(g1countR2) group-by grid, 1 key, rows/2 groups, count","MetalEngine all, cold",33.704,17.7,GroupBy#1[GroupBy>DataFrameScan],,True,2.32,6.27,group_by:count|numeric|memory,20000000,,8645706,,,
20000000,"(g2countR2) group-by grid, 2 keys, rows/2 groups, count",polars in-memory,303.913,3415.4,,,,,,,,,,,,
20000000,"(g2countR2) group-by grid, 2 keys, rows/2 groups, count",polars streaming,204.045,2638.3,,,,,,,,,,,,
20000000,"(g2countR2) group-by grid, 2 keys, rows/2 groups, count","MetalEngine all, cold",40.084,21.4,GroupBy#1[GroupBy>DataFrameScan],,True,5.09,7.58,group_by_multi:count|numeric|memory,20000000,,8646231,,,
20000000,"(g1meanR2) group-by grid, 1 key, rows/2 groups, mean",polars in-memory,235.922,2979.1,,,,,,,,,,,,
20000000,"(g1meanR2) group-by grid, 1 key, rows/2 groups, mean",polars streaming,94.882,1094.4,,,,,,,,,,,,
20000000,"(g1meanR2) group-by grid, 1 key, rows/2 groups, mean","MetalEngine all, cold",207.484,17.9,GroupBy#1[GroupBy>DataFrameScan],,True,0.46,1.14,group_by:mean|numeric|memory,20000000,,8645706,,,
20000000,"(g2meanR2) group-by grid, 2 keys, rows/2 groups, mean",polars in-memory,366.065,4581.3,,,,,,,,,,,,
20000000,"(g2meanR2) group-by grid, 2 keys, rows/2 groups, mean",polars streaming,212.265,2758.4,,,,,,,,,,,,
20000000,"(g2meanR2) group-by grid, 2 keys, rows/2 groups, mean","MetalEngine all, cold",213.523,24.1,GroupBy#1[GroupBy>DataFrameScan],,True,0.99,1.71,group_by_multi:mean|numeric|memory,20000000,,8646231,,,
20000000,"(g1minmaxR2) group-by grid, 1 key, rows/2 groups, min + max",polars in-memory,275.516,3580.5,,,,,,,,,,,,
20000000,"(g1minmaxR2) group-by grid, 1 key, rows/2 groups, min + max",polars streaming,115.205,1416.5,,,,,,,,,,,,
20000000,"(g1minmaxR2) group-by grid, 1 key, rows/2 groups, min + max","MetalEngine all, cold",93.845,17.6,GroupBy#1[GroupBy>DataFrameScan],,True,1.23,2.94,group_by:minmax|numeric|memory,20000000,,8645706,,,
20000000,"(g2minmaxR2) group-by grid, 2 keys, rows/2 groups, min + max",polars in-memory,383.761,4802.6,,,,,,,,,,,,
20000000,"(g2minmaxR2) group-by grid, 2 keys, rows/2 groups, min + max",polars streaming,226.843,2972.7,,,,,,,,,,,,
20000000,"(g2minmaxR2) group-by grid, 2 keys, rows/2 groups, min + max","MetalEngine all, cold",100.074,22.2,GroupBy#1[GroupBy>DataFrameScan],,True,2.27,3.83,group_by_multi:minmax|numeric|memory,20000000,,8646231,,,
50000000,(a) filtered sum + count,polars in-memory,15.936,25.9,,,,,,,,,,,,
50000000,(a) filtered sum + count,polars streaming,3.114,31.6,,,,,,,,,,,,
50000000,(a) filtered sum + count,"MetalEngine all, cold",26.778,21.8,Select#3[Select>SimpleProjection>Filter>DataFrameScan],,True,0.12,0.60,aggregate:count+aggregate:sum|numeric|memory,50000000,,,,,
50000000,(b) filter + group-by 200 keys + sort desc + limit 10,polars in-memory,36.522,159.2,,,,,,,,,,,,
50000000,(b) filter + group-by 200 keys + sort desc + limit 10,polars streaming,12.684,160.8,,,,,,,,,,,,
50000000,(b) filter + group-by 200 keys + sort desc + limit 10,"MetalEngine all, cold",23.193,14.3,Sort#4[Sort>Filter>GroupBy>Filter>DataFrameScan],,True,0.55,1.57,group_by:count+group_by:sum+top_k|numeric|memory,50000000,,,,,
50000000,"(c) group-by (region, sub) mean + max",polars in-memory,256.920,2821.3,,,,,,,,,,,,
50000000,"(c) group-by (region, sub) mean + max",polars streaming,256.982,2896.9,,,,,,,,,,,,
50000000,"(c) group-by (region, sub) mean + max","MetalEngine all, cold",73.731,30.9,GroupBy#1[GroupBy>DataFrameScan],,True,3.48,3.48,group_by_multi:mean+group_by_multi:minmax|numeric|memory,50000000,,10000,,,
50000000,(d) projection chain then filter,polars in-memory,251.303,251.3,,,,,,,,,,,,
50000000,(d) projection chain then filter,polars streaming,13.924,151.5,,,,,,,,,,,,
50000000,(d) projection chain then filter,"MetalEngine all, cold",52.985,21.1,Filter#2[Filter>Select>HStack>DataFrameScan],,True,0.26,4.74,rowwise|numeric|memory,50000000,,,,,
50000000,(e) inner join then sum,polars in-memory,24.688,219.3,,,,,,,,,,,,
50000000,(e) inner join then sum,polars streaming,19.576,230.8,,,,,,,,,,,,
50000000,(e) inner join then sum,"MetalEngine all, cold",10.288,4.8,Select#3[Select>SimpleProjection>Join>DataFrameScan>DataFrameScan],,True,1.90,2.40,aggregate:sum+join:inner|numeric|memory,11000000,,,,,
50000000,(f) semi join,polars in-memory,4.104,40.1,,,,,,,,,,,,
50000000,(f) semi join,polars streaming,3.252,28.9,,,,,,,,,,,,
50000000,(f) semi join,"MetalEngine all, cold",11.295,5.1,Join#2[Join>DataFrameScan>DataFrameScan],,True,0.29,0.36,join:semi|numeric|memory,10001000,,,,,
50000000,(g) row_number over partitions,polars in-memory,137.636,841.5,,,,,,,,,,,,
50000000,(g) row_number over partitions,polars streaming,360.714,2216.7,,,,,,,,,,,,
50000000,(g) row_number over partitions,"MetalEngine all, cold",111.123,652.6,,HStack#1: Expression Window has no ArrowMetal translation.,True,1.24,1.24,,,,,,,
50000000,(h) as-of join,polars in-memory,167.496,167.6,,,,,,,,,,,,
50000000,(h) as-of join,polars streaming,10.342,133.4,,,,,,,,,,,,
50000000,(h) as-of join,"MetalEngine all, cold",165.115,165.2,,"Join#2: A AsOf join is not translated (inner, left, semi and anti are taken).",True,0.06,1.01,,,,,,,
50000000,"(i) group-by 1 key, 100 000 groups, sum",polars in-memory,102.837,1290.7,,,,,,,,,,,,
50000000,"(i) group-by 1 key, 100 000 groups, sum",polars streaming,86.827,983.6,,,,,,,,,,,,
50000000,"(i) group-by 1 key, 100 000 groups, sum","MetalEngine all, cold",37.823,22.0,GroupBy#1[GroupBy>DataFrameScan],,True,2.30,2.72,group_by:sum|numeric|memory,50000000,,100000,,,
50000000,"(j) group-by (k1, k2), sum + count",polars in-memory,1016.794,10365.5,,,,,,,,,,,,
50000000,"(j) group-by (k1, k2), sum + count",polars streaming,591.262,7485.5,,,,,,,,,,,,
50000000,"(j) group-by (k1, k2), sum + count","MetalEngine all, cold",488.167,149.4,GroupBy#1[GroupBy>DataFrameScan],,True,1.21,2.08,group_by_multi:count+group_by_multi:sum|numeric|memory,50000000,,39350475,,,
50000000,"(k) group-by (String, int32), sum",polars in-memory,565.800,7113.3,,,,,,,,,,,,
50000000,"(k) group-by (String, int32), sum",polars streaming,347.453,4064.9,,,,,,,,,,,,
50000000,"(k) group-by (String, int32), sum","MetalEngine all, cold",89.393,55.7,GroupBy#1[GroupBy>DataFrameScan],,True,3.89,6.33,group_by_multi:sum|string|memory,50000000,,1000000,,,
50000000,"(l) group-by (region, sub), Float64 sum + mean",polars in-memory,392.952,4204.0,,,,,,,,,,,,
50000000,"(l) group-by (region, sub), Float64 sum + mean",polars streaming,220.429,2879.5,,,,,,,,,,,,
50000000,"(l) group-by (region, sub), Float64 sum + mean","MetalEngine all, cold",67.136,27.0,GroupBy#2[GroupBy>HStack>DataFrameScan],,True,3.28,5.85,group_by_multi:mean+group_by_multi:sum|numeric|memory,50000000,,10000,,,
50000000,(m) sort 3 columns by an int64 key,polars in-memory,560.351,6008.6,,,,,,,,,,,,
50000000,(m) sort 3 columns by an int64 key,polars streaming,602.075,5813.9,,,,,,,,,,,,
50000000,(m) sort 3 columns by an int64 key,"MetalEngine all, cold",83.531,36.2,Sort#2[Sort>DataFrameScan],,True,6.71,6.71,sort|numeric|memory,50000000,,,,,
50000000,"(n) top 100 by Float64, descending",polars in-memory,449.251,448.9,,,,,,,,,,,,
50000000,"(n) top 100 by Float64, descending",polars streaming,19.389,204.4,,,,,,,,,,,,
50000000,"(n) top 100 by Float64, descending","MetalEngine all, cold",110.021,26.9,Sort#3[Sort>Filter>DataFrameScan],,True,0.18,4.08,top_k|numeric|memory,50000000,,,,,
50000000,"(o) sort with a String column, by an int64 key",polars in-memory,484.386,4964.2,,,,,,,,,,,,
50000000,"(o) sort with a String column, by an int64 key",polars streaming,663.650,5840.2,,,,,,,,,,,,
50000000,"(o) sort with a String column, by an int64 key","MetalEngine all, cold",301.924,231.8,Sort#2[Sort>DataFrameScan],,True,1.60,1.60,sort|string|memory,50000000,,,,,
50000000,"(p) filter, then sort by (int32 asc, nullable Float64 desc)",polars in-memory,1368.155,15099.1,,,,,,,,,,,,
50000000,"(p) filter, then sort by (int32 asc, nullable Float64 desc)",polars streaming,1412.012,15916.0,,,,,,,,,,,,
50000000,"(p) filter, then sort by (int32 asc, nullable Float64 desc)","MetalEngine all, cold",411.243,208.4,Sort#3[Sort>HStack>Filter>DataFrameScan],,True,3.33,3.33,sort_helper_keys|string|memory,50000000,,,,,
50000000,"(q) filter, then sort by (int32 asc, int64 desc)",polars in-memory,923.353,10200.1,,,,,,,,,,,,
50000000,"(q) filter, then sort by (int32 asc, int64 desc)",polars streaming,911.860,10568.6,,,,,,,,,,,,
50000000,"(q) filter, then sort by (int32 asc, int64 desc)","MetalEngine all, cold",123.081,42.9,Sort#3[Sort>Filter>DataFrameScan],,True,7.41,7.50,sort|numeric|memory,50000000,,,,,
50000000,"(r) unique over (region, sub), keep first",polars in-memory,216.753,2271.3,,,,,,,,,,,,
50000000,"(r) unique over (region, sub), keep first",polars streaming,296.038,4225.3,,,,,,,,,,,,
50000000,"(r) unique over (region, sub), keep first","MetalEngine all, cold",38.694,31.5,Distinct#1[Distinct>DataFrameScan],,True,5.60,5.60,distinct|numeric|memory,50000000,,,,,
50000000,(a2) filtered min + max,polars in-memory,17.929,31.5,,,,,,,,,,,,
50000000,(a2) filtered min + max,polars streaming,3.671,50.8,,,,,,,,,,,,
50000000,(a2) filtered min + max,"MetalEngine all, cold",23.013,19.2,Select#3[Select>SimpleProjection>Filter>DataFrameScan],,True,0.16,0.78,aggregate:minmax|numeric|memory,50000000,,,,,
50000000,(a3) filtered mean,polars in-memory,16.735,27.1,,,,,,,,,,,,
50000000,(a3) filtered mean,polars streaming,3.626,50.1,,,,,,,,,,,,
50000000,(a3) filtered mean,"MetalEngine all, cold",28.621,18.6,Select#3[Select>SimpleProjection>Filter>DataFrameScan],,True,0.13,0.58,aggregate:mean|numeric|memory,50000000,,,,,
50000000,(a4) filtered count,polars in-memory,8.982,10.7,,,,,,,,,,,,
50000000,(a4) filtered count,polars streaming,2.269,31.8,,,,,,,,,,,,
50000000,(a4) filtered count,"MetalEngine all, cold",15.343,14.3,Select#3[Select>DataFrameScan],,True,0.15,0.59,aggregate:sum|numeric|memory,50000000,,,,,
50000000,"(t1) group-by 1 key, 200 groups, sum",polars in-memory,11.134,152.8,,,,,,,,,,,,
50000000,"(t1) group-by 1 key, 200 groups, sum",polars streaming,11.086,154.3,,,,,,,,,,,,
50000000,"(t1) group-by 1 key, 200 groups, sum","MetalEngine all, cold",23.608,17.6,GroupBy#1[GroupBy>DataFrameScan],,True,0.47,0.47,group_by:sum|numeric|memory,50000000,,200,,,
50000000,"(t2) group-by 1 key, 200 groups, count",polars in-memory,9.984,139.5,,,,,,,,,,,,
50000000,"(t2) group-by 1 key, 200 groups, count",polars streaming,10.055,146.1,,,,,,,,,,,,
50000000,"(t2) group-by 1 key, 200 groups, count","MetalEngine all, cold",14.036,8.1,GroupBy#1[GroupBy>DataFrameScan],,True,0.71,0.71,group_by:count|numeric|memory,50000000,,200,,,
50000000,"(t3) group-by 1 key, 200 groups, mean",polars in-memory,13.044,183.9,,,,,,,,,,,,
50000000,"(t3) group-by 1 key, 200 groups, mean",polars streaming,13.969,196.5,,,,,,,,,,,,
50000000,"(t3) group-by 1 key, 200 groups, mean","MetalEngine all, cold",42.599,21.3,GroupBy#1[GroupBy>DataFrameScan],,True,0.31,0.31,group_by:mean|numeric|memory,50000000,,200,,,
50000000,"(t4) group-by 1 key, 200 groups, min + max",polars in-memory,19.456,280.4,,,,,,,,,,,,
50000000,"(t4) group-by 1 key, 200 groups, min + max",polars streaming,22.447,311.7,,,,,,,,,,,,
50000000,"(t4) group-by 1 key, 200 groups, min + max","MetalEngine all, cold",38.954,26.7,GroupBy#1[GroupBy>DataFrameScan],,True,0.50,0.50,group_by:minmax|numeric|memory,50000000,,200,,,
50000000,"(t5) group-by 1 key, 100 000 groups, count",polars in-memory,107.307,1434.0,,,,,,,,,,,,
50000000,"(t5) group-by 1 key, 100 000 groups, count",polars streaming,85.427,1051.2,,,,,,,,,,,,
50000000,"(t5) group-by 1 key, 100 000 groups, count","MetalEngine all, cold",20.831,13.3,GroupBy#1[GroupBy>DataFrameScan],,True,4.10,5.15,group_by:count|numeric|memory,50000000,,100000,,,
50000000,"(t6) group-by 1 key, 100 000 groups, mean",polars in-memory,200.060,2350.7,,,,,,,,,,,,
50000000,"(t6) group-by 1 key, 100 000 groups, mean",polars streaming,122.411,1363.9,,,,,,,,,,,,
50000000,"(t6) group-by 1 key, 100 000 groups, mean","MetalEngine all, cold",70.127,32.3,GroupBy#1[GroupBy>DataFrameScan],,True,1.75,2.85,group_by:mean|numeric|memory,50000000,,100000,,,
50000000,"(t7) group-by 1 key, 100 000 groups, min + max",polars in-memory,221.941,2782.8,,,,,,,,,,,,
50000000,"(t7) group-by 1 key, 100 000 groups, min + max",polars streaming,124.173,1510.2,,,,,,,,,,,,
50000000,"(t7) group-by 1 key, 100 000 groups, min + max","MetalEngine all, cold",49.198,25.4,GroupBy#1[GroupBy>DataFrameScan],,True,2.52,4.51,group_by:minmax|numeric|memory,50000000,,100000,,,
50000000,"(v1) group-by (region, sub), sum",polars in-memory,349.878,3857.7,,,,,,,,,,,,
50000000,"(v1) group-by (region, sub), sum",polars streaming,207.780,2729.0,,,,,,,,,,,,
50000000,"(v1) group-by (region, sub), sum","MetalEngine all, cold",41.950,29.1,GroupBy#1[GroupBy>DataFrameScan],,True,4.95,8.34,group_by_multi:sum|numeric|memory,50000000,,10000,,,
50000000,"(v2) group-by (region, sub), count",polars in-memory,223.039,2654.1,,,,,,,,,,,,
50000000,"(v2) group-by (region, sub), count",polars streaming,182.084,2428.0,,,,,,,,,,,,
50000000,"(v2) group-by (region, sub), count","MetalEngine all, cold",25.852,18.9,GroupBy#1[GroupBy>DataFrameScan],,True,7.04,8.63,group_by_multi:count|numeric|memory,50000000,,10000,,,
50000000,"(v3) group-by (k1, k2), mean",polars in-memory,970.571,11211.2,,,,,,,,,,,,
50000000,"(v3) group-by (k1, k2), mean",polars streaming,552.221,7582.2,,,,,,,,,,,,
50000000,"(v3) group-by (k1, k2), mean","MetalEngine all, cold",725.464,61.2,GroupBy#1[GroupBy>DataFrameScan],,True,0.76,1.34,group_by_multi:mean|numeric|memory,50000000,,39350475,,,
50000000,"(v4) group-by (k1, k2), min + max",polars in-memory,1044.916,13314.4,,,,,,,,,,,,
50000000,"(v4) group-by (k1, k2), min + max",polars streaming,569.800,7702.5,,,,,,,,,,,,
50000000,"(v4) group-by (k1, k2), min + max","MetalEngine all, cold",570.335,74.6,GroupBy#1[GroupBy>DataFrameScan],,True,1.00,1.83,group_by_multi:minmax|numeric|memory,50000000,,39350475,,,
50000000,"(w1) inner join, 1M-row build side",polars in-memory,111.714,1038.2,,,,,,,,,,,,
50000000,"(w1) inner join, 1M-row build side",polars streaming,105.301,1431.5,,,,,,,,,,,,
50000000,"(w1) inner join, 1M-row build side","MetalEngine all, cold",42.367,20.2,Join#2[Join>DataFrameScan>DataFrameScan],,True,2.49,2.64,join:inner|numeric|memory,51000000,,,,,
50000000,"(w2) left join, 1M-row build side",polars in-memory,277.160,1389.2,,,,,,,,,,,,
50000000,"(w2) left join, 1M-row build side",polars streaming,103.200,1474.6,,,,,,,,,,,,
50000000,"(w2) left join, 1M-row build side","MetalEngine all, cold",47.912,20.8,Join#2[Join>DataFrameScan>DataFrameScan],,True,2.15,5.78,join:left|numeric|memory,51000000,,,,,
50000000,"(w3) semi join, 1M-row build side",polars in-memory,90.063,1040.6,,,,,,,,,,,,
50000000,"(w3) semi join, 1M-row build side",polars streaming,98.965,1428.8,,,,,,,,,,,,
50000000,"(w3) semi join, 1M-row build side","MetalEngine all, cold",44.976,21.7,Join#2[Join>DataFrameScan>DataFrameScan],,True,2.00,2.00,join:semi|numeric|memory,51000000,,,,,
50000000,"(w4) anti join, 1M-row build side",polars in-memory,89.469,1075.5,,,,,,,,,,,,
50000000,"(w4) anti join, 1M-row build side",polars streaming,99.529,1453.7,,,,,,,,,,,,
50000000,"(w4) anti join, 1M-row build side","MetalEngine all, cold",45.498,22.1,Join#2[Join>DataFrameScan>DataFrameScan],,True,1.97,1.97,join:anti|numeric|memory,51000000,,,,,
50000000,"(x1) unique over (k1, k2), keep first",polars in-memory,1070.570,9758.4,,,,,,,,,,,,
50000000,"(x1) unique over (k1, k2), keep first",polars streaming,698.681,8753.4,,,,,,,,,,,,
50000000,"(x1) unique over (k1, k2), keep first","MetalEngine all, cold",302.867,73.2,Distinct#2[Distinct>DataFrameScan],,True,2.31,3.53,distinct|numeric|memory,50000000,,,,,
50000000,"(x2) sort by a nullable Float64 key, descending",polars in-memory,717.361,7536.4,,,,,,,,,,,,
50000000,"(x2) sort by a nullable Float64 key, descending",polars streaming,762.547,7506.1,,,,,,,,,,,,
50000000,"(x2) sort by a nullable Float64 key, descending","MetalEngine all, cold",179.982,35.4,Sort#2[Sort>Select>DataFrameScan],,True,3.99,3.99,sort_helper_keys|numeric|memory,50000000,,,,,
50000000,(x3) top 100 by an int64 key,polars in-memory,459.458,459.5,,,,,,,,,,,,
50000000,(x3) top 100 by an int64 key,polars streaming,18.230,194.3,,,,,,,,,,,,
50000000,(x3) top 100 by an int64 key,"MetalEngine all, cold",32.625,27.0,Sort#3[Sort>Filter>DataFrameScan],,True,0.56,14.08,top_k|numeric|memory,50000000,,,,,
50000000,"(y1) group-by a String key (1000 values), sum",polars in-memory,188.712,1898.6,,,,,,,,,,,,
50000000,"(y1) group-by a String key (1000 values), sum",polars streaming,63.660,671.2,,,,,,,,,,,,
50000000,"(y1) group-by a String key (1000 values), sum","MetalEngine all, cold",76.537,56.9,GroupBy#1[GroupBy>DataFrameScan],,True,0.83,2.47,group_by:sum|string|memory,50000000,,1000,,,
50000000,(y2) filter by a String equality,polars in-memory,28.692,30.9,,,,,,,,,,,,
50000000,(y2) filter by a String equality,polars streaming,3.963,34.9,,,,,,,,,,,,
50000000,(y2) filter by a String equality,"MetalEngine all, cold",50.635,44.5,Filter#2[Filter>DataFrameScan],,True,0.08,0.57,rowwise|string|memory,50000000,,,,,
50000000,"(y3) filter by a String prefix, then sum",polars in-memory,195.565,201.4,,,,,,,,,,,,
50000000,"(y3) filter by a String prefix, then sum",polars streaming,17.283,220.0,,,,,,,,,,,,
50000000,"(y3) filter by a String prefix, then sum","MetalEngine all, cold",44.327,39.0,Select#2[Select>SimpleProjection>Filter>DataFrameScan],,True,0.39,4.41,aggregate:sum|string|memory,50000000,,,,,
50000000,(y4) inner join on a String key,polars in-memory,162.339,1266.7,,,,,,,,,,,,
50000000,(y4) inner join on a String key,polars streaming,111.991,1318.3,,,,,,,,,,,,
50000000,(y4) inner join on a String key,"MetalEngine all, cold",181.334,144.4,Join#3[Join>DataFrameScan>DataFrameScan],,True,0.62,0.90,join:inner|string|memory,50000500,,,,,
50000000,"(y5) unique over (String, int32), keep first",polars in-memory,548.238,6051.7,,,,,,,,,,,,
50000000,"(y5) unique over (String, int32), keep first",polars streaming,457.350,5901.4,,,,,,,,,,,,
50000000,"(y5) unique over (String, int32), keep first","MetalEngine all, cold",81.509,55.5,Distinct#2[Distinct>DataFrameScan],,True,5.61,6.73,distinct|string|memory,50000000,,,,,
50000000,(y6) top 100 by an int64 key with a String column,polars in-memory,443.497,443.7,,,,,,,,,,,,
50000000,(y6) top 100 by an int64 key with a String column,polars streaming,17.602,191.7,,,,,,,,,,,,
50000000,(y6) top 100 by an int64 key with a String column,"MetalEngine all, cold",49.662,38.0,Sort#3[Sort>Filter>DataFrameScan],,True,0.35,8.93,top_k|string|memory,50000000,,,,,
50000000,"(g1sum200) group-by grid, 1 key, 200 groups, sum",polars in-memory,11.927,132.2,,,,,,,,,,,,
50000000,"(g1sum200) group-by grid, 1 key, 200 groups, sum",polars streaming,11.841,168.0,,,,,,,,,,,,
50000000,"(g1sum200) group-by grid, 1 key, 200 groups, sum","MetalEngine all, cold",23.189,16.8,GroupBy#1[GroupBy>DataFrameScan],,True,0.51,0.51,group_by:sum|numeric|memory,50000000,,200,,,
50000000,"(g2sum200) group-by grid, 2 keys, 200 groups, sum",polars in-memory,39.050,551.7,,,,,,,,,,,,
50000000,"(g2sum200) group-by grid, 2 keys, 200 groups, sum",polars streaming,40.011,567.0,,,,,,,,,,,,
50000000,"(g2sum200) group-by grid, 2 keys, 200 groups, sum","MetalEngine all, cold",36.939,25.6,GroupBy#1[GroupBy>DataFrameScan],,True,1.06,1.06,group_by_multi:sum|numeric|memory,50000000,,200,,,
50000000,"(g1count200) group-by grid, 1 key, 200 groups, count",polars in-memory,10.566,138.3,,,,,,,,,,,,
50000000,"(g1count200) group-by grid, 1 key, 200 groups, count",polars streaming,9.797,143.8,,,,,,,,,,,,
50000000,"(g1count200) group-by grid, 1 key, 200 groups, count","MetalEngine all, cold",12.435,7.5,GroupBy#1[GroupBy>DataFrameScan],,True,0.79,0.85,group_by:count|numeric|memory,50000000,,200,,,
50000000,"(g2count200) group-by grid, 2 keys, 200 groups, count",polars in-memory,37.199,535.4,,,,,,,,,,,,
50000000,"(g2count200) group-by grid, 2 keys, 200 groups, count",polars streaming,56.392,822.0,,,,,,,,,,,,
50000000,"(g2count200) group-by grid, 2 keys, 200 groups, count","MetalEngine all, cold",24.932,19.1,GroupBy#1[GroupBy>DataFrameScan],,True,1.49,1.49,group_by_multi:count|numeric|memory,50000000,,200,,,
50000000,"(g1mean200) group-by grid, 1 key, 200 groups, mean",polars in-memory,14.916,218.4,,,,,,,,,,,,
50000000,"(g1mean200) group-by grid, 1 key, 200 groups, mean",polars streaming,14.858,214.3,,,,,,,,,,,,
50000000,"(g1mean200) group-by grid, 1 key, 200 groups, mean","MetalEngine all, cold",38.198,19.6,GroupBy#1[GroupBy>DataFrameScan],,True,0.39,0.39,group_by:mean|numeric|memory,50000000,,200,,,
50000000,"(g2mean200) group-by grid, 2 keys, 200 groups, mean",polars in-memory,40.799,589.7,,,,,,,,,,,,
50000000,"(g2mean200) group-by grid, 2 keys, 200 groups, mean",polars streaming,94.348,1021.2,,,,,,,,,,,,
50000000,"(g2mean200) group-by grid, 2 keys, 200 groups, mean","MetalEngine all, cold",48.704,30.0,GroupBy#1[GroupBy>DataFrameScan],,True,0.84,0.84,group_by_multi:mean|numeric|memory,50000000,,200,,,
50000000,"(g1minmax200) group-by grid, 1 key, 200 groups, min + max",polars in-memory,18.993,268.4,,,,,,,,,,,,
50000000,"(g1minmax200) group-by grid, 1 key, 200 groups, min + max",polars streaming,21.076,312.6,,,,,,,,,,,,
50000000,"(g1minmax200) group-by grid, 1 key, 200 groups, min + max","MetalEngine all, cold",35.319,24.2,GroupBy#1[GroupBy>DataFrameScan],,True,0.54,0.54,group_by:minmax|numeric|memory,50000000,,200,,,
50000000,"(g2minmax200) group-by grid, 2 keys, 200 groups, min + max",polars in-memory,62.282,884.0,,,,,,,,,,,,
50000000,"(g2minmax200) group-by grid, 2 keys, 200 groups, min + max",polars streaming,86.311,1113.7,,,,,,,,,,,,
50000000,"(g2minmax200) group-by grid, 2 keys, 200 groups, min + max","MetalEngine all, cold",41.828,31.6,GroupBy#1[GroupBy>DataFrameScan],,True,1.49,1.49,group_by_multi:minmax|numeric|memory,50000000,,200,,,
50000000,"(g1sum1k) group-by grid, 1 key, 1 000 groups, sum",polars in-memory,108.489,1319.9,,,,,,,,,,,,
50000000,"(g1sum1k) group-by grid, 1 key, 1 000 groups, sum",polars streaming,18.868,261.8,,,,,,,,,,,,
50000000,"(g1sum1k) group-by grid, 1 key, 1 000 groups, sum","MetalEngine all, cold",33.964,22.8,GroupBy#1[GroupBy>DataFrameScan],,True,0.56,3.19,group_by:sum|numeric|memory,50000000,,1000,,,
50000000,"(g2sum1k) group-by grid, 2 keys, 1 000 groups, sum",polars in-memory,276.448,2920.9,,,,,,,,,,,,
50000000,"(g2sum1k) group-by grid, 2 keys, 1 000 groups, sum",polars streaming,67.437,911.1,,,,,,,,,,,,
50000000,"(g2sum1k) group-by grid, 2 keys, 1 000 groups, sum","MetalEngine all, cold",46.307,36.1,GroupBy#1[GroupBy>DataFrameScan],,True,1.46,5.97,group_by_multi:sum|numeric|memory,50000000,,1000,,,
50000000,"(g1count1k) group-by grid, 1 key, 1 000 groups, count",polars in-memory,30.043,186.9,,,,,,,,,,,,
50000000,"(g1count1k) group-by grid, 1 key, 1 000 groups, count",polars streaming,15.347,212.2,,,,,,,,,,,,
50000000,"(g1count1k) group-by grid, 1 key, 1 000 groups, count","MetalEngine all, cold",17.351,11.2,GroupBy#1[GroupBy>DataFrameScan],,True,0.88,1.73,group_by:count|numeric|memory,50000000,,1000,,,
50000000,"(g2count1k) group-by grid, 2 keys, 1 000 groups, count",polars in-memory,223.104,2359.8,,,,,,,,,,,,
50000000,"(g2count1k) group-by grid, 2 keys, 1 000 groups, count",polars streaming,63.818,890.4,,,,,,,,,,,,
50000000,"(g2count1k) group-by grid, 2 keys, 1 000 groups, count","MetalEngine all, cold",28.707,21.4,GroupBy#1[GroupBy>DataFrameScan],,True,2.22,7.77,group_by_multi:count|numeric|memory,50000000,,1000,,,
50000000,"(g1mean1k) group-by grid, 1 key, 1 000 groups, mean",polars in-memory,121.123,1541.4,,,,,,,,,,,,
50000000,"(g1mean1k) group-by grid, 1 key, 1 000 groups, mean",polars streaming,18.331,259.7,,,,,,,,,,,,
50000000,"(g1mean1k) group-by grid, 1 key, 1 000 groups, mean","MetalEngine all, cold",50.886,22.0,GroupBy#1[GroupBy>DataFrameScan],,True,0.36,2.38,group_by:mean|numeric|memory,50000000,,1000,,,
50000000,"(g2mean1k) group-by grid, 2 keys, 1 000 groups, mean",polars in-memory,311.033,3458.0,,,,,,,,,,,,
50000000,"(g2mean1k) group-by grid, 2 keys, 1 000 groups, mean",polars streaming,65.958,954.6,,,,,,,,,,,,
50000000,"(g2mean1k) group-by grid, 2 keys, 1 000 groups, mean","MetalEngine all, cold",60.081,31.6,GroupBy#1[GroupBy>DataFrameScan],,True,1.10,5.18,group_by_multi:mean|numeric|memory,50000000,,1000,,,
50000000,"(g1minmax1k) group-by grid, 1 key, 1 000 groups, min + max",polars in-memory,162.291,1837.4,,,,,,,,,,,,
50000000,"(g1minmax1k) group-by grid, 1 key, 1 000 groups, min + max",polars streaming,30.910,398.1,,,,,,,,,,,,
50000000,"(g1minmax1k) group-by grid, 1 key, 1 000 groups, min + max","MetalEngine all, cold",36.485,25.5,GroupBy#1[GroupBy>DataFrameScan],,True,0.85,4.45,group_by:minmax|numeric|memory,50000000,,1000,,,
50000000,"(g2minmax1k) group-by grid, 2 keys, 1 000 groups, min + max",polars in-memory,310.584,3568.0,,,,,,,,,,,,
50000000,"(g2minmax1k) group-by grid, 2 keys, 1 000 groups, min + max",polars streaming,73.348,1047.1,,,,,,,,,,,,
50000000,"(g2minmax1k) group-by grid, 2 keys, 1 000 groups, min + max","MetalEngine all, cold",46.648,33.3,GroupBy#1[GroupBy>DataFrameScan],,True,1.57,6.66,group_by_multi:minmax|numeric|memory,50000000,,1000,,,
50000000,"(g1sum10k) group-by grid, 1 key, 10 000 groups, sum",polars in-memory,130.452,1341.2,,,,,,,,,,,,
50000000,"(g1sum10k) group-by grid, 1 key, 10 000 groups, sum",polars streaming,98.380,1177.6,,,,,,,,,,,,
50000000,"(g1sum10k) group-by grid, 1 key, 10 000 groups, sum","MetalEngine all, cold",34.916,23.9,GroupBy#1[GroupBy>DataFrameScan],,True,2.82,3.74,group_by:sum|numeric|memory,50000000,,10000,,,
50000000,"(g2sum10k) group-by grid, 2 keys, 10 000 groups, sum",polars in-memory,289.899,3119.1,,,,,,,,,,,,
50000000,"(g2sum10k) group-by grid, 2 keys, 10 000 groups, sum",polars streaming,198.306,2444.3,,,,,,,,,,,,
50000000,"(g2sum10k) group-by grid, 2 keys, 10 000 groups, sum","MetalEngine all, cold",44.705,31.4,GroupBy#1[GroupBy>DataFrameScan],,True,4.44,6.48,group_by_multi:sum|numeric|memory,50000000,,10000,,,
50000000,"(g1count10k) group-by grid, 1 key, 10 000 groups, count",polars in-memory,107.747,1020.4,,,,,,,,,,,,
50000000,"(g1count10k) group-by grid, 1 key, 10 000 groups, count",polars streaming,89.654,1107.4,,,,,,,,,,,,
50000000,"(g1count10k) group-by grid, 1 key, 10 000 groups, count","MetalEngine all, cold",17.783,10.4,GroupBy#1[GroupBy>DataFrameScan],,True,5.04,6.06,group_by:count|numeric|memory,50000000,,10000,,,
50000000,"(g2count10k) group-by grid, 2 keys, 10 000 groups, count",polars in-memory,266.202,2823.6,,,,,,,,,,,,
50000000,"(g2count10k) group-by grid, 2 keys, 10 000 groups, count",polars streaming,188.886,2219.6,,,,,,,,,,,,
50000000,"(g2count10k) group-by grid, 2 keys, 10 000 groups, count","MetalEngine all, cold",27.184,20.2,GroupBy#1[GroupBy>DataFrameScan],,True,6.95,9.79,group_by_multi:count|numeric|memory,50000000,,10000,,,
50000000,"(g1mean10k) group-by grid, 1 key, 10 000 groups, mean",polars in-memory,134.664,1676.9,,,,,,,,,,,,
50000000,"(g1mean10k) group-by grid, 1 key, 10 000 groups, mean",polars streaming,101.738,1208.6,,,,,,,,,,,,
50000000,"(g1mean10k) group-by grid, 1 key, 10 000 groups, mean","MetalEngine all, cold",56.658,22.2,GroupBy#1[GroupBy>DataFrameScan],,True,1.80,2.38,group_by:mean|numeric|memory,50000000,,10000,,,
50000000,"(g2mean10k) group-by grid, 2 keys, 10 000 groups, mean",polars in-memory,331.739,3573.8,,,,,,,,,,,,
50000000,"(g2mean10k) group-by grid, 2 keys, 10 000 groups, mean",polars streaming,209.613,2708.1,,,,,,,,,,,,
50000000,"(g2mean10k) group-by grid, 2 keys, 10 000 groups, mean","MetalEngine all, cold",64.793,30.1,GroupBy#1[GroupBy>DataFrameScan],,True,3.24,5.12,group_by_multi:mean|numeric|memory,50000000,,10000,,,
50000000,"(g1minmax10k) group-by grid, 1 key, 10 000 groups, min + max",polars in-memory,152.761,1868.2,,,,,,,,,,,,
50000000,"(g1minmax10k) group-by grid, 1 key, 10 000 groups, min + max",polars streaming,132.018,1619.7,,,,,,,,,,,,
50000000,"(g1minmax10k) group-by grid, 1 key, 10 000 groups, min + max","MetalEngine all, cold",44.187,24.8,GroupBy#1[GroupBy>DataFrameScan],,True,2.99,3.46,group_by:minmax|numeric|memory,50000000,,10000,,,
50000000,"(g2minmax10k) group-by grid, 2 keys, 10 000 groups, min + max",polars in-memory,347.771,3816.9,,,,,,,,,,,,
50000000,"(g2minmax10k) group-by grid, 2 keys, 10 000 groups, min + max",polars streaming,215.640,2646.6,,,,,,,,,,,,
50000000,"(g2minmax10k) group-by grid, 2 keys, 10 000 groups, min + max","MetalEngine all, cold",51.091,31.7,GroupBy#1[GroupBy>DataFrameScan],,True,4.22,6.81,group_by_multi:minmax|numeric|memory,50000000,,10000,,,
50000000,"(g1sum100k) group-by grid, 1 key, 100 000 groups, sum",polars in-memory,143.028,1648.5,,,,,,,,,,,,
50000000,"(g1sum100k) group-by grid, 1 key, 100 000 groups, sum",polars streaming,100.651,1218.2,,,,,,,,,,,,
50000000,"(g1sum100k) group-by grid, 1 key, 100 000 groups, sum","MetalEngine all, cold",35.459,24.0,GroupBy#1[GroupBy>DataFrameScan],,True,2.84,4.03,group_by:sum|numeric|memory,50000000,,100000,,,
50000000,"(g2sum100k) group-by grid, 2 keys, 100 000 groups, sum",polars in-memory,299.278,3357.2,,,,,,,,,,,,
50000000,"(g2sum100k) group-by grid, 2 keys, 100 000 groups, sum",polars streaming,253.839,3176.3,,,,,,,,,,,,
50000000,"(g2sum100k) group-by grid, 2 keys, 100 000 groups, sum","MetalEngine all, cold",43.222,31.5,GroupBy#1[GroupBy>DataFrameScan],,True,5.87,6.92,group_by_multi:sum|numeric|memory,50000000,,100000,,,
50000000,"(g1count100k) group-by grid, 1 key, 100 000 groups, count",polars in-memory,108.490,1256.1,,,,,,,,,,,,
50000000,"(g1count100k) group-by grid, 1 key, 100 000 groups, count",polars streaming,74.705,904.4,,,,,,,,,,,,
50000000,"(g1count100k) group-by grid, 1 key, 100 000 groups, count","MetalEngine all, cold",19.682,11.1,GroupBy#1[GroupBy>DataFrameScan],,True,3.80,5.51,group_by:count|numeric|memory,50000000,,100000,,,
50000000,"(g2count100k) group-by grid, 2 keys, 100 000 groups, count",polars in-memory,283.707,3023.1,,,,,,,,,,,,
50000000,"(g2count100k) group-by grid, 2 keys, 100 000 groups, count",polars streaming,204.627,2543.8,,,,,,,,,,,,
50000000,"(g2count100k) group-by grid, 2 keys, 100 000 groups, count","MetalEngine all, cold",28.888,20.5,GroupBy#1[GroupBy>DataFrameScan],,True,7.08,9.82,group_by_multi:count|numeric|memory,50000000,,100000,,,
50000000,"(g1mean100k) group-by grid, 1 key, 100 000 groups, mean",polars in-memory,143.778,1878.6,,,,,,,,,,,,
50000000,"(g1mean100k) group-by grid, 1 key, 100 000 groups, mean",polars streaming,110.609,1287.0,,,,,,,,,,,,
50000000,"(g1mean100k) group-by grid, 1 key, 100 000 groups, mean","MetalEngine all, cold",59.773,23.5,GroupBy#1[GroupBy>DataFrameScan],,True,1.85,2.41,group_by:mean|numeric|memory,50000000,,100000,,,
50000000,"(g2mean100k) group-by grid, 2 keys, 100 000 groups, mean",polars in-memory,363.267,3833.7,,,,,,,,,,,,
50000000,"(g2mean100k) group-by grid, 2 keys, 100 000 groups, mean",polars streaming,236.005,3097.9,,,,,,,,,,,,
50000000,"(g2mean100k) group-by grid, 2 keys, 100 000 groups, mean","MetalEngine all, cold",68.530,32.1,GroupBy#1[GroupBy>DataFrameScan],,True,3.44,5.30,group_by_multi:mean|numeric|memory,50000000,,100000,,,
50000000,"(g1minmax100k) group-by grid, 1 key, 100 000 groups, min + max",polars in-memory,187.865,2351.5,,,,,,,,,,,,
50000000,"(g1minmax100k) group-by grid, 1 key, 100 000 groups, min + max",polars streaming,121.510,1427.4,,,,,,,,,,,,
50000000,"(g1minmax100k) group-by grid, 1 key, 100 000 groups, min + max","MetalEngine all, cold",47.410,24.4,GroupBy#1[GroupBy>DataFrameScan],,True,2.56,3.96,group_by:minmax|numeric|memory,50000000,,100000,,,
50000000,"(g2minmax100k) group-by grid, 2 keys, 100 000 groups, min + max",polars in-memory,383.749,4229.8,,,,,,,,,,,,
50000000,"(g2minmax100k) group-by grid, 2 keys, 100 000 groups, min + max",polars streaming,256.906,3395.0,,,,,,,,,,,,
50000000,"(g2minmax100k) group-by grid, 2 keys, 100 000 groups, min + max","MetalEngine all, cold",54.121,31.2,GroupBy#1[GroupBy>DataFrameScan],,True,4.75,7.09,group_by_multi:minmax|numeric|memory,50000000,,100000,,,
50000000,"(g1sum1M) group-by grid, 1 key, 1 000 000 groups, sum",polars in-memory,255.703,2935.5,,,,,,,,,,,,
50000000,"(g1sum1M) group-by grid, 1 key, 1 000 000 groups, sum",polars streaming,110.401,1271.5,,,,,,,,,,,,
50000000,"(g1sum1M) group-by grid, 1 key, 1 000 000 groups, sum","MetalEngine all, cold",42.473,26.6,GroupBy#1[GroupBy>DataFrameScan],,True,2.60,6.02,group_by:sum|numeric|memory,50000000,,1000000,,,
50000000,"(g2sum1M) group-by grid, 2 keys, 1 000 000 groups, sum",polars in-memory,567.569,6150.3,,,,,,,,,,,,
50000000,"(g2sum1M) group-by grid, 2 keys, 1 000 000 groups, sum",polars streaming,319.783,3963.0,,,,,,,,,,,,
50000000,"(g2sum1M) group-by grid, 2 keys, 1 000 000 groups, sum","MetalEngine all, cold",49.921,35.3,GroupBy#1[GroupBy>DataFrameScan],,True,6.41,11.37,group_by_multi:sum|numeric|memory,50000000,,1000000,,,
50000000,"(g1count1M) group-by grid, 1 key, 1 000 000 groups, count",polars in-memory,233.413,2747.0,,,,,,,,,,,,
50000000,"(g1count1M) group-by grid, 1 key, 1 000 000 groups, count",polars streaming,94.171,1142.7,,,,,,,,,,,,
50000000,"(g1count1M) group-by grid, 1 key, 1 000 000 groups, count","MetalEngine all, cold",21.365,12.5,GroupBy#1[GroupBy>DataFrameScan],,True,4.41,10.93,group_by:count|numeric|memory,50000000,,1000000,,,
50000000,"(g2count1M) group-by grid, 2 keys, 1 000 000 groups, count",polars in-memory,524.076,5460.9,,,,,,,,,,,,
50000000,"(g2count1M) group-by grid, 2 keys, 1 000 000 groups, count",polars streaming,286.949,3540.4,,,,,,,,,,,,
50000000,"(g2count1M) group-by grid, 2 keys, 1 000 000 groups, count","MetalEngine all, cold",32.657,21.5,GroupBy#1[GroupBy>DataFrameScan],,True,8.79,16.05,group_by_multi:count|numeric|memory,50000000,,1000000,,,
50000000,"(g1mean1M) group-by grid, 1 key, 1 000 000 groups, mean",polars in-memory,255.263,2948.9,,,,,,,,,,,,
50000000,"(g1mean1M) group-by grid, 1 key, 1 000 000 groups, mean",polars streaming,114.706,1335.5,,,,,,,,,,,,
50000000,"(g1mean1M) group-by grid, 1 key, 1 000 000 groups, mean","MetalEngine all, cold",85.014,27.1,GroupBy#1[GroupBy>DataFrameScan],,True,1.35,3.00,group_by:mean|numeric|memory,50000000,,1000000,,,
50000000,"(g2mean1M) group-by grid, 2 keys, 1 000 000 groups, mean",polars in-memory,577.168,6474.5,,,,,,,,,,,,
50000000,"(g2mean1M) group-by grid, 2 keys, 1 000 000 groups, mean",polars streaming,336.377,4294.3,,,,,,,,,,,,
50000000,"(g2mean1M) group-by grid, 2 keys, 1 000 000 groups, mean","MetalEngine all, cold",91.403,33.6,GroupBy#1[GroupBy>DataFrameScan],,True,3.68,6.31,group_by_multi:mean|numeric|memory,50000000,,1000000,,,
50000000,"(g1minmax1M) group-by grid, 1 key, 1 000 000 groups, min + max",polars in-memory,298.098,3670.4,,,,,,,,,,,,
50000000,"(g1minmax1M) group-by grid, 1 key, 1 000 000 groups, min + max",polars streaming,132.340,1593.8,,,,,,,,,,,,
50000000,"(g1minmax1M) group-by grid, 1 key, 1 000 000 groups, min + max","MetalEngine all, cold",67.534,25.3,GroupBy#1[GroupBy>DataFrameScan],,True,1.96,4.41,group_by:minmax|numeric|memory,50000000,,1000000,,,
50000000,"(g2minmax1M) group-by grid, 2 keys, 1 000 000 groups, min + max",polars in-memory,598.437,6705.0,,,,,,,,,,,,
50000000,"(g2minmax1M) group-by grid, 2 keys, 1 000 000 groups, min + max",polars streaming,389.523,4714.6,,,,,,,,,,,,
50000000,"(g2minmax1M) group-by grid, 2 keys, 1 000 000 groups, min + max","MetalEngine all, cold",76.358,33.9,GroupBy#1[GroupBy>DataFrameScan],,True,5.10,7.84,group_by_multi:minmax|numeric|memory,50000000,,1000000,,,
50000000,"(g1sumR2) group-by grid, 1 key, rows/2 groups, sum",polars in-memory,577.096,6649.3,,,,,,,,,,,,
50000000,"(g1sumR2) group-by grid, 1 key, rows/2 groups, sum",polars streaming,255.473,3264.0,,,,,,,,,,,,
50000000,"(g1sumR2) group-by grid, 1 key, rows/2 groups, sum","MetalEngine all, cold",275.869,84.2,GroupBy#1[GroupBy>DataFrameScan],,True,0.93,2.09,group_by:sum|numeric|memory,50000000,,21618024,,,
50000000,"(g2sumR2) group-by grid, 2 keys, rows/2 groups, sum",polars in-memory,933.878,10435.4,,,,,,,,,,,,
50000000,"(g2sumR2) group-by grid, 2 keys, rows/2 groups, sum",polars streaming,561.155,7196.8,,,,,,,,,,,,
50000000,"(g2sumR2) group-by grid, 2 keys, rows/2 groups, sum","MetalEngine all, cold",296.204,92.9,GroupBy#1[GroupBy>DataFrameScan],,True,1.89,3.15,group_by_multi:sum|numeric|memory,50000000,,21616154,,,
50000000,"(g1countR2) group-by grid, 1 key, rows/2 groups, count",polars in-memory,490.547,5133.2,,,,,,,,,,,,
50000000,"(g1countR2) group-by grid, 1 key, rows/2 groups, count",polars streaming,230.642,2838.5,,,,,,,,,,,,
50000000,"(g1countR2) group-by grid, 1 key, rows/2 groups, count","MetalEngine all, cold",191.437,37.7,GroupBy#1[GroupBy>DataFrameScan],,True,1.20,2.56,group_by:count|numeric|memory,50000000,,21618024,,,
50000000,"(g2countR2) group-by grid, 2 keys, rows/2 groups, count",polars in-memory,876.201,9114.0,,,,,,,,,,,,
50000000,"(g2countR2) group-by grid, 2 keys, rows/2 groups, count",polars streaming,517.280,6777.8,,,,,,,,,,,,
50000000,"(g2countR2) group-by grid, 2 keys, rows/2 groups, count","MetalEngine all, cold",217.064,50.4,GroupBy#1[GroupBy>DataFrameScan],,True,2.38,4.04,group_by_multi:count|numeric|memory,50000000,,21616154,,,
50000000,"(g1meanR2) group-by grid, 1 key, rows/2 groups, mean",polars in-memory,574.526,7723.3,,,,,,,,,,,,
50000000,"(g1meanR2) group-by grid, 1 key, rows/2 groups, mean",polars streaming,269.043,3425.9,,,,,,,,,,,,
50000000,"(g1meanR2) group-by grid, 1 key, rows/2 groups, mean","MetalEngine all, cold",419.264,46.4,GroupBy#1[GroupBy>DataFrameScan],,True,0.64,1.37,group_by:mean|numeric|memory,50000000,,21618024,,,
50000000,"(g2meanR2) group-by grid, 2 keys, rows/2 groups, mean",polars in-memory,935.591,11131.8,,,,,,,,,,,,
50000000,"(g2meanR2) group-by grid, 2 keys, rows/2 groups, mean",polars streaming,568.288,7433.9,,,,,,,,,,,,
50000000,"(g2meanR2) group-by grid, 2 keys, rows/2 groups, mean","MetalEngine all, cold",460.459,61.7,GroupBy#1[GroupBy>DataFrameScan],,True,1.23,2.03,group_by_multi:mean|numeric|memory,50000000,,21616154,,,
50000000,"(g1minmaxR2) group-by grid, 1 key, rows/2 groups, min + max",polars in-memory,647.761,8188.7,,,,,,,,,,,,
50000000,"(g1minmaxR2) group-by grid, 1 key, rows/2 groups, min + max",polars streaming,319.607,3986.9,,,,,,,,,,,,
50000000,"(g1minmaxR2) group-by grid, 1 key, rows/2 groups, min + max","MetalEngine all, cold",390.781,51.2,GroupBy#1[GroupBy>DataFrameScan],,True,0.82,1.66,group_by:minmax|numeric|memory,50000000,,21618024,,,
50000000,"(g2minmaxR2) group-by grid, 2 keys, rows/2 groups, min + max",polars in-memory,995.422,12212.5,,,,,,,,,,,,
50000000,"(g2minmaxR2) group-by grid, 2 keys, rows/2 groups, min + max",polars streaming,597.379,7560.8,,,,,,,,,,,,
50000000,"(g2minmaxR2) group-by grid, 2 keys, rows/2 groups, min + max","MetalEngine all, cold",426.475,78.2,GroupBy#1[GroupBy>DataFrameScan],,True,1.40,2.33,group_by_multi:minmax|numeric|memory,50000000,,21616154,,,
1000000,"(s1) scan, filter, group-by 1000 keys, sum + count [snappy]",polars in-memory,8.205,27.8,,,,,,,,,,,,
1000000,"(s1) scan, filter, group-by 1000 keys, sum + count [snappy]",polars streaming,8.933,16.2,,,,,,,,,,,,
1000000,"(s1) scan, filter, group-by 1000 keys, sum + count [snappy]","MetalEngine all, cold",19.710,5.6,GroupBy#2[GroupBy>SimpleProjection>Scan],,True,0.42,0.42,group_by:count+group_by:sum|numeric|parquet,1000000,,1000,,,1/0
1000000,"(s2) scan, filter on id (row groups skipped), group-by, sum [snappy]",polars in-memory,13.179,39.5,,,,,,,,,,,,
1000000,"(s2) scan, filter on id (row groups skipped), group-by, sum [snappy]",polars streaming,12.002,20.7,,,,,,,,,,,,
1000000,"(s2) scan, filter on id (row groups skipped), group-by, sum [snappy]","MetalEngine all, cold",33.671,5.5,GroupBy#2[GroupBy>SimpleProjection>Scan],,True,0.36,0.39,group_by:sum|numeric|parquet,1000000,,1000,,,1/0
1000000,"(s3) scan, filter, sum + count [snappy]",polars in-memory,1.510,1.9,,,,,,,,,,,,
1000000,"(s3) scan, filter, sum + count [snappy]",polars streaming,1.528,2.1,,,,,,,,,,,,
1000000,"(s3) scan, filter, sum + count [snappy]","MetalEngine all, cold",2.855,2.9,Select#3[Select>SimpleProjection>Scan],,True,0.53,0.53,aggregate:count+aggregate:sum|numeric|parquet,1000000,,,,,1/0
1000000,"(s4) scan, sort 2 columns by a float64 key [snappy]",polars in-memory,15.738,111.5,,,,,,,,,,,,
1000000,"(s4) scan, sort 2 columns by a float64 key [snappy]",polars streaming,17.760,116.3,,,,,,,,,,,,
1000000,"(s4) scan, sort 2 columns by a float64 key [snappy]","MetalEngine all, cold",18.693,3.4,Sort#2[Sort>Scan],,True,0.84,0.84,sort|numeric|parquet,1000000,,,,,1/0
1000000,"(s1) scan, filter, group-by 1000 keys, sum + count [none]",polars in-memory,5.049,22.2,,,,,,,,,,,,
1000000,"(s1) scan, filter, group-by 1000 keys, sum + count [none]",polars streaming,3.462,11.7,,,,,,,,,,,,
1000000,"(s1) scan, filter, group-by 1000 keys, sum + count [none]","MetalEngine all, cold",3.855,4.9,GroupBy#2[GroupBy>SimpleProjection>Scan],,True,0.90,1.31,group_by:count+group_by:sum|numeric|parquet,1000000,,1000,,,1/0
1000000,"(s2) scan, filter on id (row groups skipped), group-by, sum [none]",polars in-memory,5.798,32.7,,,,,,,,,,,,
1000000,"(s2) scan, filter on id (row groups skipped), group-by, sum [none]",polars streaming,3.819,12.1,,,,,,,,,,,,
1000000,"(s2) scan, filter on id (row groups skipped), group-by, sum [none]","MetalEngine all, cold",3.833,4.6,GroupBy#2[GroupBy>SimpleProjection>Scan],,True,1.00,1.51,group_by:sum|numeric|parquet,1000000,,1000,,,1/0
1000000,"(s3) scan, filter, sum + count [none]",polars in-memory,1.465,1.9,,,,,,,,,,,,
1000000,"(s3) scan, filter, sum + count [none]",polars streaming,1.538,2.1,,,,,,,,,,,,
1000000,"(s3) scan, filter, sum + count [none]","MetalEngine all, cold",1.630,2.2,Select#3[Select>SimpleProjection>Scan],,True,0.90,0.90,aggregate:count+aggregate:sum|numeric|parquet,1000000,,,,,1/0
1000000,"(s4) scan, sort 2 columns by a float64 key [none]",polars in-memory,12.671,112.1,,,,,,,,,,,,
1000000,"(s4) scan, sort 2 columns by a float64 key [none]",polars streaming,13.068,120.1,,,,,,,,,,,,
1000000,"(s4) scan, sort 2 columns by a float64 key [none]","MetalEngine all, cold",6.399,2.9,Sort#2[Sort>Scan],,True,1.98,1.98,sort|numeric|parquet,1000000,,,,,1/0
2000000,"(s1) scan, filter, group-by 1000 keys, sum + count [snappy]",polars in-memory,11.486,49.2,,,,,,,,,,,,
2000000,"(s1) scan, filter, group-by 1000 keys, sum + count [snappy]",polars streaming,8.828,25.2,,,,,,,,,,,,
2000000,"(s1) scan, filter, group-by 1000 keys, sum + count [snappy]","MetalEngine all, cold",16.563,6.9,GroupBy#2[GroupBy>SimpleProjection>Scan],,True,0.53,0.69,group_by:count+group_by:sum|numeric|parquet,2000000,,1000,,,2/0
2000000,"(s2) scan, filter on id (row groups skipped), group-by, sum [snappy]",polars in-memory,18.884,79.5,,,,,,,,,,,,
2000000,"(s2) scan, filter on id (row groups skipped), group-by, sum [snappy]",polars streaming,12.286,33.7,,,,,,,,,,,,
2000000,"(s2) scan, filter on id (row groups skipped), group-by, sum [snappy]","MetalEngine all, cold",30.615,6.7,GroupBy#2[GroupBy>SimpleProjection>Scan],,True,0.40,0.62,group_by:sum|numeric|parquet,2000000,,1000,,,2/0
2000000,"(s3) scan, filter, sum + count [snappy]",polars in-memory,1.750,3.8,,,,,,,,,,,,
2000000,"(s3) scan, filter, sum + count [snappy]",polars streaming,1.703,3.8,,,,,,,,,,,,
2000000,"(s3) scan, filter, sum + count [snappy]","MetalEngine all, cold",3.112,3.3,Select#3[Select>SimpleProjection>Scan],,True,0.55,0.56,aggregate:count+aggregate:sum|numeric|parquet,2000000,,,,,2/0
2000000,"(s4) scan, sort 2 columns by a float64 key [snappy]",polars in-memory,27.953,224.6,,,,,,,,,,,,
2000000,"(s4) scan, sort 2 columns by a float64 key [snappy]",polars streaming,28.062,235.9,,,,,,,,,,,,
2000000,"(s4) scan, sort 2 columns by a float64 key [snappy]","MetalEngine all, cold",19.056,3.9,Sort#2[Sort>Scan],,True,1.47,1.47,sort|numeric|parquet,2000000,,,,,2/0
2000000,"(s1) scan, filter, group-by 1000 keys, sum + count [none]",polars in-memory,7.335,39.1,,,,,,,,,,,,
2000000,"(s1) scan, filter, group-by 1000 keys, sum + count [none]",polars streaming,4.282,15.5,,,,,,,,,,,,
2000000,"(s1) scan, filter, group-by 1000 keys, sum + count [none]","MetalEngine all, cold",4.796,5.9,GroupBy#2[GroupBy>SimpleProjection>Scan],,True,0.89,1.53,group_by:count+group_by:sum|numeric|parquet,2000000,,1000,,,2/0
2000000,"(s2) scan, filter on id (row groups skipped), group-by, sum [none]",polars in-memory,10.386,56.5,,,,,,,,,,,,
2000000,"(s2) scan, filter on id (row groups skipped), group-by, sum [none]",polars streaming,4.400,17.0,,,,,,,,,,,,
2000000,"(s2) scan, filter on id (row groups skipped), group-by, sum [none]","MetalEngine all, cold",6.339,6.3,GroupBy#2[GroupBy>SimpleProjection>Scan],,True,0.69,1.64,group_by:sum|numeric|parquet,2000000,,1000,,,2/0
2000000,"(s3) scan, filter, sum + count [none]",polars in-memory,1.538,3.2,,,,,,,,,,,,
2000000,"(s3) scan, filter, sum + count [none]",polars streaming,1.607,3.5,,,,,,,,,,,,
2000000,"(s3) scan, filter, sum + count [none]","MetalEngine all, cold",2.864,3.1,Select#3[Select>SimpleProjection>Scan],,True,0.54,0.54,aggregate:count+aggregate:sum|numeric|parquet,2000000,,,,,2/0
2000000,"(s4) scan, sort 2 columns by a float64 key [none]",polars in-memory,24.165,222.9,,,,,,,,,,,,
2000000,"(s4) scan, sort 2 columns by a float64 key [none]",polars streaming,25.063,227.5,,,,,,,,,,,,
2000000,"(s4) scan, sort 2 columns by a float64 key [none]","MetalEngine all, cold",8.657,3.9,Sort#2[Sort>Scan],,True,2.79,2.79,sort|numeric|parquet,2000000,,,,,2/0
5000000,"(s1) scan, filter, group-by 1000 keys, sum + count [snappy]",polars in-memory,16.641,113.4,,,,,,,,,,,,
5000000,"(s1) scan, filter, group-by 1000 keys, sum + count [snappy]",polars streaming,9.673,54.2,,,,,,,,,,,,
5000000,"(s1) scan, filter, group-by 1000 keys, sum + count [snappy]","MetalEngine all, cold",19.448,10.6,GroupBy#2[GroupBy>SimpleProjection>Scan],,True,0.50,0.86,group_by:count+group_by:sum|numeric|parquet,5000000,,1000,,,5/0
5000000,"(s2) scan, filter on id (row groups skipped), group-by, sum [snappy]",polars in-memory,29.252,197.8,,,,,,,,,,,,
5000000,"(s2) scan, filter on id (row groups skipped), group-by, sum [snappy]",polars streaming,13.726,79.3,,,,,,,,,,,,
5000000,"(s2) scan, filter on id (row groups skipped), group-by, sum [snappy]","MetalEngine all, cold",34.927,10.4,GroupBy#2[GroupBy>SimpleProjection>Scan],,True,0.39,0.84,group_by:sum|numeric|parquet,5000000,,1000,,,5/0
5000000,"(s3) scan, filter, sum + count [snappy]",polars in-memory,1.945,8.9,,,,,,,,,,,,
5000000,"(s3) scan, filter, sum + count [snappy]",polars streaming,1.933,9.0,,,,,,,,,,,,
5000000,"(s3) scan, filter, sum + count [snappy]","MetalEngine all, cold",4.177,5.7,Select#3[Select>SimpleProjection>Scan],,True,0.46,0.47,aggregate:count+aggregate:sum|numeric|parquet,5000000,,,,,5/0
5000000,"(s4) scan, sort 2 columns by a float64 key [snappy]",polars in-memory,67.829,660.5,,,,,,,,,,,,
5000000,"(s4) scan, sort 2 columns by a float64 key [snappy]",polars streaming,75.888,739.5,,,,,,,,,,,,
5000000,"(s4) scan, sort 2 columns by a float64 key [snappy]","MetalEngine all, cold",23.931,6.7,Sort#2[Sort>Scan],,True,2.83,2.83,sort|numeric|parquet,5000000,,,,,5/0
5000000,"(s1) scan, filter, group-by 1000 keys, sum + count [none]",polars in-memory,15.228,104.7,,,,,,,,,,,,
5000000,"(s1) scan, filter, group-by 1000 keys, sum + count [none]",polars streaming,6.674,40.4,,,,,,,,,,,,
5000000,"(s1) scan, filter, group-by 1000 keys, sum + count [none]","MetalEngine all, cold",7.674,10.6,GroupBy#2[GroupBy>SimpleProjection>Scan],,True,0.87,1.98,group_by:count+group_by:sum|numeric|parquet,5000000,,1000,,,5/0
5000000,"(s2) scan, filter on id (row groups skipped), group-by, sum [none]",polars in-memory,22.402,169.1,,,,,,,,,,,,
5000000,"(s2) scan, filter on id (row groups skipped), group-by, sum [none]",polars streaming,7.281,48.1,,,,,,,,,,,,
5000000,"(s2) scan, filter on id (row groups skipped), group-by, sum [none]","MetalEngine all, cold",10.086,11.2,GroupBy#2[GroupBy>SimpleProjection>Scan],,True,0.72,2.22,group_by:sum|numeric|parquet,5000000,,1000,,,5/0
5000000,"(s3) scan, filter, sum + count [none]",polars in-memory,2.248,9.6,,,,,,,,,,,,
5000000,"(s3) scan, filter, sum + count [none]",polars streaming,2.069,9.7,,,,,,,,,,,,
5000000,"(s3) scan, filter, sum + count [none]","MetalEngine all, cold",3.388,5.9,Select#3[Select>SimpleProjection>Scan],,True,0.61,0.66,aggregate:count+aggregate:sum|numeric|parquet,5000000,,,,,5/0
5000000,"(s4) scan, sort 2 columns by a float64 key [none]",polars in-memory,66.980,661.4,,,,,,,,,,,,
5000000,"(s4) scan, sort 2 columns by a float64 key [none]",polars streaming,65.083,623.8,,,,,,,,,,,,
5000000,"(s4) scan, sort 2 columns by a float64 key [none]","MetalEngine all, cold",10.363,5.8,Sort#2[Sort>Scan],,True,6.28,6.46,sort|numeric|parquet,5000000,,,,,5/0
10000000,"(s1) scan, filter, group-by 1000 keys, sum + count [snappy]",polars in-memory,28.634,228.0,,,,,,,,,,,,
10000000,"(s1) scan, filter, group-by 1000 keys, sum + count [snappy]",polars streaming,13.151,122.6,,,,,,,,,,,,
10000000,"(s1) scan, filter, group-by 1000 keys, sum + count [snappy]","MetalEngine all, cold",29.608,16.0,GroupBy#2[GroupBy>SimpleProjection>Scan],,True,0.44,0.97,group_by:count+group_by:sum|numeric|parquet,10000000,,1000,,,10/0
10000000,"(s2) scan, filter on id (row groups skipped), group-by, sum [snappy]",polars in-memory,47.679,176.8,,,,,,,,,,,,
10000000,"(s2) scan, filter on id (row groups skipped), group-by, sum [snappy]",polars streaming,14.421,77.7,,,,,,,,,,,,
10000000,"(s2) scan, filter on id (row groups skipped), group-by, sum [snappy]","MetalEngine all, cold",34.776,10.6,GroupBy#2[GroupBy>SimpleProjection>Scan],,True,0.41,1.37,group_by:sum|numeric|parquet,10000000,,1000,,,5/5
10000000,"(s3) scan, filter, sum + count [snappy]",polars in-memory,3.392,28.5,,,,,,,,,,,,
10000000,"(s3) scan, filter, sum + count [snappy]",polars streaming,3.303,29.0,,,,,,,,,,,,
10000000,"(s3) scan, filter, sum + count [snappy]","MetalEngine all, cold",6.472,8.7,Select#3[Select>SimpleProjection>Scan],,True,0.51,0.52,aggregate:count+aggregate:sum|numeric|parquet,10000000,,,,,10/0
10000000,"(s4) scan, sort 2 columns by a float64 key [snappy]",polars in-memory,135.772,1378.1,,,,,,,,,,,,
10000000,"(s4) scan, sort 2 columns by a float64 key [snappy]",polars streaming,134.838,1401.9,,,,,,,,,,,,
10000000,"(s4) scan, sort 2 columns by a float64 key [snappy]","MetalEngine all, cold",34.501,10.1,Sort#2[Sort>Scan],,True,3.91,3.94,sort|numeric|parquet,10000000,,,,,10/0
10000000,"(s1) scan, filter, group-by 1000 keys, sum + count [none]",polars in-memory,23.948,207.9,,,,,,,,,,,,
10000000,"(s1) scan, filter, group-by 1000 keys, sum + count [none]",polars streaming,10.370,93.5,,,,,,,,,,,,
10000000,"(s1) scan, filter, group-by 1000 keys, sum + count [none]","MetalEngine all, cold",13.395,15.8,GroupBy#2[GroupBy>SimpleProjection>Scan],,True,0.77,1.79,group_by:count+group_by:sum|numeric|parquet,10000000,,1000,,,10/0
10000000,"(s2) scan, filter on id (row groups skipped), group-by, sum [none]",polars in-memory,23.363,179.5,,,,,,,,,,,,
10000000,"(s2) scan, filter on id (row groups skipped), group-by, sum [none]",polars streaming,6.798,44.6,,,,,,,,,,,,
10000000,"(s2) scan, filter on id (row groups skipped), group-by, sum [none]","MetalEngine all, cold",16.276,11.6,GroupBy#2[GroupBy>SimpleProjection>Scan],,True,0.42,1.44,group_by:sum|numeric|parquet,10000000,,1000,,,5/5
10000000,"(s3) scan, filter, sum + count [none]",polars in-memory,3.611,31.0,,,,,,,,,,,,
10000000,"(s3) scan, filter, sum + count [none]",polars streaming,3.598,31.8,,,,,,,,,,,,
10000000,"(s3) scan, filter, sum + count [none]","MetalEngine all, cold",6.307,9.3,Select#3[Select>SimpleProjection>Scan],,True,0.57,0.57,aggregate:count+aggregate:sum|numeric|parquet,10000000,,,,,10/0
10000000,"(s4) scan, sort 2 columns by a float64 key [none]",polars in-memory,126.045,1344.2,,,,,,,,,,,,
10000000,"(s4) scan, sort 2 columns by a float64 key [none]",polars streaming,128.771,1377.8,,,,,,,,,,,,
10000000,"(s4) scan, sort 2 columns by a float64 key [none]","MetalEngine all, cold",16.699,10.3,Sort#2[Sort>Scan],,True,7.55,7.55,sort|numeric|parquet,10000000,,,,,10/0
20000000,"(s1) scan, filter, group-by 1000 keys, sum + count [snappy]",polars in-memory,58.011,506.1,,,,,,,,,,,,
20000000,"(s1) scan, filter, group-by 1000 keys, sum + count [snappy]",polars streaming,25.411,296.5,,,,,,,,,,,,
20000000,"(s1) scan, filter, group-by 1000 keys, sum + count [snappy]","MetalEngine all, cold",47.426,28.9,GroupBy#2[GroupBy>SimpleProjection>Scan],,True,0.54,1.22,group_by:count+group_by:sum|numeric|parquet,20000000,,1000,,,20/0
20000000,"(s2) scan, filter on id (row groups skipped), group-by, sum [snappy]",polars in-memory,33.143,206.0,,,,,,,,,,,,
20000000,"(s2) scan, filter on id (row groups skipped), group-by, sum [snappy]",polars streaming,15.629,84.1,,,,,,,,,,,,
20000000,"(s2) scan, filter on id (row groups skipped), group-by, sum [snappy]","MetalEngine all, cold",35.713,11.1,GroupBy#2[GroupBy>SimpleProjection>Scan],,True,0.44,0.93,group_by:sum|numeric|parquet,20000000,,1000,,,5/15
20000000,"(s3) scan, filter, sum + count [snappy]",polars in-memory,6.914,73.1,,,,,,,,,,,,
20000000,"(s3) scan, filter, sum + count [snappy]",polars streaming,7.021,71.2,,,,,,,,,,,,
20000000,"(s3) scan, filter, sum + count [snappy]","MetalEngine all, cold",11.402,18.1,Select#3[Select>SimpleProjection>Scan],,True,0.61,0.61,aggregate:count+aggregate:sum|numeric|parquet,20000000,,,,,20/0
20000000,"(s4) scan, sort 2 columns by a float64 key [snappy]",polars in-memory,289.163,2996.3,,,,,,,,,,,,
20000000,"(s4) scan, sort 2 columns by a float64 key [snappy]",polars streaming,283.814,2912.4,,,,,,,,,,,,
20000000,"(s4) scan, sort 2 columns by a float64 key [snappy]","MetalEngine all, cold",63.868,18.1,Sort#2[Sort>Scan],,True,4.44,4.53,sort|numeric|parquet,20000000,,,,,20/0
20000000,"(s1) scan, filter, group-by 1000 keys, sum + count [none]",polars in-memory,48.550,437.4,,,,,,,,,,,,
20000000,"(s1) scan, filter, group-by 1000 keys, sum + count [none]",polars streaming,18.832,208.2,,,,,,,,,,,,
20000000,"(s1) scan, filter, group-by 1000 keys, sum + count [none]","MetalEngine all, cold",26.679,29.7,GroupBy#2[GroupBy>SimpleProjection>Scan],,True,0.71,1.82,group_by:count+group_by:sum|numeric|parquet,20000000,,1000,,,20/0
20000000,"(s2) scan, filter on id (row groups skipped), group-by, sum [none]",polars in-memory,29.091,209.2,,,,,,,,,,,,
20000000,"(s2) scan, filter on id (row groups skipped), group-by, sum [none]",polars streaming,8.076,56.8,,,,,,,,,,,,
20000000,"(s2) scan, filter on id (row groups skipped), group-by, sum [none]","MetalEngine all, cold",10.736,12.6,GroupBy#2[GroupBy>SimpleProjection>Scan],,True,0.75,2.71,group_by:sum|numeric|parquet,20000000,,1000,,,5/15
20000000,"(s3) scan, filter, sum + count [none]",polars in-memory,8.306,90.5,,,,,,,,,,,,
20000000,"(s3) scan, filter, sum + count [none]",polars streaming,8.259,89.9,,,,,,,,,,,,
20000000,"(s3) scan, filter, sum + count [none]","MetalEngine all, cold",11.195,20.7,Select#3[Select>SimpleProjection>Scan],,True,0.74,0.74,aggregate:count+aggregate:sum|numeric|parquet,20000000,,,,,20/0
20000000,"(s4) scan, sort 2 columns by a float64 key [none]",polars in-memory,275.843,2757.2,,,,,,,,,,,,
20000000,"(s4) scan, sort 2 columns by a float64 key [none]",polars streaming,285.415,2849.5,,,,,,,,,,,,
20000000,"(s4) scan, sort 2 columns by a float64 key [none]","MetalEngine all, cold",32.652,16.9,Sort#2[Sort>Scan],,True,8.45,8.45,sort|numeric|parquet,20000000,,,,,20/0
50000000,"(s1) scan, filter, group-by 1000 keys, sum + count [snappy]",polars in-memory,135.309,1275.2,,,,,,,,,,,,
50000000,"(s1) scan, filter, group-by 1000 keys, sum + count [snappy]",polars streaming,70.276,922.6,,,,,,,,,,,,
50000000,"(s1) scan, filter, group-by 1000 keys, sum + count [snappy]","MetalEngine all, cold",111.257,62.0,GroupBy#2[GroupBy>SimpleProjection>Scan],,True,0.63,1.22,group_by:count+group_by:sum|numeric|parquet,50000000,,1000,,,50/0
50000000,"(s2) scan, filter on id (row groups skipped), group-by, sum [snappy]",polars in-memory,27.954,187.5,,,,,,,,,,,,
50000000,"(s2) scan, filter on id (row groups skipped), group-by, sum [snappy]",polars streaming,14.196,76.5,,,,,,,,,,,,
50000000,"(s2) scan, filter on id (row groups skipped), group-by, sum [snappy]","MetalEngine all, cold",36.893,11.7,GroupBy#2[GroupBy>SimpleProjection>Scan],,True,0.38,0.76,group_by:sum|numeric|parquet,50000000,,1000,,,5/45
50000000,"(s3) scan, filter, sum + count [snappy]",polars in-memory,16.004,180.0,,,,,,,,,,,,
50000000,"(s3) scan, filter, sum + count [snappy]",polars streaming,14.660,179.0,,,,,,,,,,,,
50000000,"(s3) scan, filter, sum + count [snappy]","MetalEngine all, cold",26.563,40.7,Select#3[Select>SimpleProjection>Scan],,True,0.55,0.60,aggregate:count+aggregate:sum|numeric|parquet,50000000,,,,,50/0
50000000,"(s4) scan, sort 2 columns by a float64 key [snappy]",polars in-memory,717.807,7756.9,,,,,,,,,,,,
50000000,"(s4) scan, sort 2 columns by a float64 key [snappy]",polars streaming,661.263,7700.5,,,,,,,,,,,,
50000000,"(s4) scan, sort 2 columns by a float64 key [snappy]","MetalEngine all, cold",129.473,30.0,Sort#2[Sort>Scan],,True,5.11,5.54,sort|numeric|parquet,50000000,,,,,50/0
50000000,"(s1) scan, filter, group-by 1000 keys, sum + count [none]",polars in-memory,97.730,1057.2,,,,,,,,,,,,
50000000,"(s1) scan, filter, group-by 1000 keys, sum + count [none]",polars streaming,64.376,840.8,,,,,,,,,,,,
50000000,"(s1) scan, filter, group-by 1000 keys, sum + count [none]","MetalEngine all, cold",55.655,65.6,GroupBy#2[GroupBy>SimpleProjection>Scan],,True,1.16,1.76,group_by:count+group_by:sum|numeric|parquet,50000000,,1000,,,50/0
50000000,"(s2) scan, filter on id (row groups skipped), group-by, sum [none]",polars in-memory,25.353,200.4,,,,,,,,,,,,
50000000,"(s2) scan, filter on id (row groups skipped), group-by, sum [none]",polars streaming,7.828,57.2,,,,,,,,,,,,
50000000,"(s2) scan, filter on id (row groups skipped), group-by, sum [none]","MetalEngine all, cold",9.308,11.7,GroupBy#2[GroupBy>SimpleProjection>Scan],,True,0.84,2.72,group_by:sum|numeric|parquet,50000000,,1000,,,5/45
50000000,"(s3) scan, filter, sum + count [none]",polars in-memory,16.492,188.8,,,,,,,,,,,,
50000000,"(s3) scan, filter, sum + count [none]",polars streaming,15.863,205.3,,,,,,,,,,,,
50000000,"(s3) scan, filter, sum + count [none]","MetalEngine all, cold",16.191,40.5,Select#3[Select>SimpleProjection>Scan],,True,0.98,1.02,aggregate:count+aggregate:sum|numeric|parquet,50000000,,,,,50/0
50000000,"(s4) scan, sort 2 columns by a float64 key [none]",polars in-memory,614.512,6874.0,,,,,,,,,,,,
50000000,"(s4) scan, sort 2 columns by a float64 key [none]",polars streaming,669.542,7518.1,,,,,,,,,,,,
50000000,"(s4) scan, sort 2 columns by a float64 key [none]","MetalEngine all, cold",77.169,37.4,Sort#2[Sort>Scan],,True,7.96,7.96,sort|numeric|parquet,50000000,,,,,50/0
