size,layout,family,case,label,sql,off_ms,on_ms,ratio,off_cpu_ms,on_cpu_ms,iters_off,iters_on,equal,max_rel_dev,nodes_taken,rule_on,rule_default,runtime_fallbacks,metal_nodes,input_ms,concat_ms,import_ms,kernel_ms,export_ms,input_batches,out_rows,block_load_start,block_load_end
1000000,b8192,sort,srt_i64,"sort 3 columns by an int64 key","SELECT q, k1, x FROM extra ORDER BY q",29.00,3.94,7.361,71.2,2.7,5,5,"yes",0.000e0,1,"TAKEN SortPreservingMergeExec (input rows 1000000 (exact) vs min_rows 0; projection kept above it)","TAKEN SortPreservingMergeExec (input rows 1000000 (exact) vs min_rows 1000000; projection kept above it)",0,1,0.11,0.33,0.31,2.92,0.00,123,1000000,3.38,3.38
1000000,b8192,sort,srt_f64,"sort 3 columns by a Float64 key","SELECT q, k1, x FROM extra ORDER BY x",31.47,3.02,10.413,78.1,2.8,5,5,"yes",0.000e0,1,"TAKEN SortPreservingMergeExec (input rows 1000000 (exact) vs min_rows 0; projection kept above it)","TAKEN SortPreservingMergeExec (input rows 1000000 (exact) vs min_rows 1000000; projection kept above it)",0,1,0.09,0.32,0.29,2.09,0.00,123,1000000,3.38,3.38
1000000,b8192,sort,srt_str,"sort 3 columns by a String key (1000 values)","SELECT name, q, k1 FROM extra ORDER BY name",37.47,4.11,9.108,105.5,3.2,5,5,"yes",0.000e0,1,"TAKEN SortPreservingMergeExec (input rows 1000000 (exact) vs min_rows 0; projection kept above it)","TAKEN SortPreservingMergeExec (input rows 1000000 (exact) vs min_rows 1000000; projection kept above it)",0,1,0.15,0.33,0.30,3.08,0.00,123,1000000,3.38,3.38
1000000,b8192,sort,top_i64,"top 100 by an int64 key (control)","SELECT q, k1, x FROM extra ORDER BY q LIMIT 100",0.57,4.40,0.129,4.0,4.1,5,5,"yes",0.000e0,1,"TAKEN SortPreservingMergeExec (input rows 1000000 (exact) vs min_rows 0; projection kept above it)","TAKEN SortPreservingMergeExec (input rows 1000000 (exact) vs min_rows 1000000; projection kept above it)",0,1,0.10,0.37,0.31,3.41,0.00,123,100,3.38,3.38
1000000,b8192,sort,top_f64,"top 100 by Float64, descending (control)","SELECT q, k1, x FROM extra ORDER BY x DESC LIMIT 100",0.57,3.81,0.149,4.5,3.7,5,5,"yes",0.000e0,1,"TAKEN SortPreservingMergeExec (input rows 1000000 (exact) vs min_rows 0; projection kept above it)","TAKEN SortPreservingMergeExec (input rows 1000000 (exact) vs min_rows 1000000; projection kept above it)",0,1,0.12,0.35,0.33,2.80,0.00,123,100,3.38,3.38
1000000,b8192,join,j_inner_10k,"inner join, 10k-row build, count + sum over the whole result","SELECT count(*) AS n, sum(b.w) AS s FROM probe p JOIN build b ON p.k = b.k",1.10,1.09,1.005,7.4,7.3,5,5,"yes",2.333e-16,0,"LEFT AggregateExec (no GROUP BY keys (a whole-table aggregate)) | LEFT AggregateExec (Partial aggregate whose Final was not replaced)","LEFT AggregateExec (no GROUP BY keys (a whole-table aggregate)) | LEFT AggregateExec (Partial aggregate whose Final was not replaced)",0,0,0.00,0.00,0.00,0.00,0.00,0,1,3.38,3.38
1000000,b8192,join,jg_inner_10k,"inner join, 10k-row build, then group by the probe key: count + sum","SELECT p.k, count(*) AS n, sum(p.v) AS s FROM probe p JOIN build b ON p.k = b.k GROUP BY p.k",2.11,5.03,0.420,16.6,10.6,5,5,"yes",5.977e-16,1,"TAKEN AggregateExec (input rows ~10000 (inexact, accepted) vs min_rows 0; output kept at one partition (only projections above it))","LEFT AggregateExec (input rows ~10000 are an estimate (accept_inexact is off)) | LEFT AggregateExec (Partial aggregate whose Final was not replaced)",0,1,0.80,0.15,0.13,3.53,0.01,88,10000,3.38,3.38
1000000,b8192,join,j_left_10k,"left join, 10k-row build, count + sum over the whole result","SELECT count(*) AS n, sum(b.w) AS s FROM probe p LEFT JOIN build b ON p.k = b.k",1.61,1.55,1.037,12.5,12.2,5,5,"yes",0.000e0,0,"LEFT AggregateExec (no GROUP BY keys (a whole-table aggregate)) | LEFT AggregateExec (Partial aggregate whose Final was not replaced)","LEFT AggregateExec (no GROUP BY keys (a whole-table aggregate)) | LEFT AggregateExec (Partial aggregate whose Final was not replaced)",0,0,0.00,0.00,0.00,0.00,0.00,0,1,3.38,3.38
1000000,b8192,join,jg_left_10k,"left join, 10k-row build, then group by the probe key: count + sum","SELECT p.k, count(*) AS n, sum(p.v) AS s FROM probe p LEFT JOIN build b ON p.k = b.k GROUP BY p.k",3.25,5.18,0.627,28.5,14.7,5,5,"yes",5.880e-16,1,"TAKEN AggregateExec (input rows ~1000000 (inexact, accepted) vs min_rows 0; output kept at one partition (only projections above it))","LEFT AggregateExec (input rows ~1000000 are an estimate (accept_inexact is off)) | LEFT AggregateExec (Partial aggregate whose Final was not replaced)",0,1,1.22,0.22,0.25,3.04,0.00,123,20000,3.38,3.38
1000000,b8192,join,j_inner_1M,"inner join, 1M-row build, count + sum over the whole result","SELECT count(*) AS n, sum(b.w) AS s FROM probe p JOIN build b ON p.k = b.k",3.50,3.51,0.996,37.0,38.0,5,5,"yes",1.163e-16,0,"LEFT AggregateExec (no GROUP BY keys (a whole-table aggregate)) | LEFT AggregateExec (Partial aggregate whose Final was not replaced)","LEFT AggregateExec (no GROUP BY keys (a whole-table aggregate)) | LEFT AggregateExec (Partial aggregate whose Final was not replaced)",0,0,0.00,0.00,0.00,0.00,0.00,0,1,3.38,3.38
1000000,b8192,join,jg_inner_1M,"inner join, 1M-row build, then group by the probe key: count + sum","SELECT p.k, count(*) AS n, sum(p.v) AS s FROM probe p JOIN build b ON p.k = b.k GROUP BY p.k",4.01,8.26,0.485,40.1,35.3,5,5,"yes",3.122e-16,1,"TAKEN AggregateExec (input rows ~1000000 (inexact, accepted) vs min_rows 0; output kept at one partition (only projections above it))","LEFT AggregateExec (input rows ~1000000 are an estimate (accept_inexact is off))",0,1,2.76,0.14,0.18,4.53,0.01,86,393542,3.38,3.38
1000000,b8192,join,j_left_1M,"left join, 1M-row build, count + sum over the whole result","SELECT count(*) AS n, sum(b.w) AS s FROM probe p LEFT JOIN build b ON p.k = b.k",3.79,3.74,1.013,43.0,42.3,5,5,"yes",1.163e-16,0,"LEFT AggregateExec (no GROUP BY keys (a whole-table aggregate)) | LEFT AggregateExec (Partial aggregate whose Final was not replaced)","LEFT AggregateExec (no GROUP BY keys (a whole-table aggregate)) | LEFT AggregateExec (Partial aggregate whose Final was not replaced)",0,0,0.00,0.00,0.00,0.00,0.00,0,1,3.38,3.38
1000000,b8192,join,jg_left_1M,"left join, 1M-row build, then group by the probe key: count + sum","SELECT p.k, count(*) AS n, sum(p.v) AS s FROM probe p LEFT JOIN build b ON p.k = b.k GROUP BY p.k",5.10,12.10,0.422,54.9,40.8,5,5,"yes",3.650e-16,1,"TAKEN AggregateExec (input rows ~1000000 (inexact, accepted) vs min_rows 0; output kept at one partition (only projections above it))","LEFT AggregateExec (input rows ~1000000 are an estimate (accept_inexact is off))",0,1,3.08,0.27,0.31,7.75,0.01,128,786930,3.38,3.38
1000000,b8192,join,j_inner_10M,"inner join, 10M-row build, count + sum over the whole result","SELECT count(*) AS n, sum(b.w) AS s FROM probe p JOIN build b ON p.k = b.k",11.07,10.69,1.035,133.8,122.4,5,5,"yes",1.165e-16,0,"LEFT AggregateExec (no GROUP BY keys (a whole-table aggregate)) | LEFT AggregateExec (Partial aggregate whose Final was not replaced)","LEFT AggregateExec (no GROUP BY keys (a whole-table aggregate)) | LEFT AggregateExec (Partial aggregate whose Final was not replaced)",0,0,0.00,0.00,0.00,0.00,0.00,0,1,3.38,3.38
1000000,b8192,join,jg_inner_10M,"inner join, 10M-row build, then group by the probe key: count + sum","SELECT p.k, count(*) AS n, sum(p.v) AS s FROM probe p JOIN build b ON p.k = b.k GROUP BY p.k",10.36,17.11,0.606,128.3,126.0,5,5,"yes",2.550e-16,1,"TAKEN AggregateExec (input rows ~1000000 (inexact, accepted) vs min_rows 0; output kept at one partition (only projections above it))","LEFT AggregateExec (input rows ~1000000 are an estimate (accept_inexact is off))",0,1,8.99,0.17,0.18,7.01,0.01,64,487271,3.38,3.38
1000000,b8192,join,j_left_10M,"left join, 10M-row build, count + sum over the whole result","SELECT count(*) AS n, sum(b.w) AS s FROM probe p LEFT JOIN build b ON p.k = b.k",11.42,11.63,0.982,142.3,143.2,5,5,"yes",2.330e-16,0,"LEFT AggregateExec (no GROUP BY keys (a whole-table aggregate)) | LEFT AggregateExec (Partial aggregate whose Final was not replaced)","LEFT AggregateExec (no GROUP BY keys (a whole-table aggregate)) | LEFT AggregateExec (Partial aggregate whose Final was not replaced)",0,0,0.00,0.00,0.00,0.00,0.00,0,1,3.38,3.38
1000000,b8192,join,jg_left_10M,"left join, 10M-row build, then group by the probe key: count + sum","SELECT p.k, count(*) AS n, sum(p.v) AS s FROM probe p LEFT JOIN build b ON p.k = b.k GROUP BY p.k",11.52,21.47,0.537,142.5,132.7,5,5,"yes",2.156e-16,1,"TAKEN AggregateExec (input rows ~1000000 (inexact, accepted) vs min_rows 0; output kept at one partition (only projections above it))","LEFT AggregateExec (input rows ~1000000 are an estimate (accept_inexact is off))",0,1,9.22,0.29,0.29,10.87,0.01,80,975496,3.38,3.38
1000000,b8192,groupby,g1count200,"group-by 1 int32 key, 200 groups, count(*) AS n","SELECT k, count(*) AS n FROM grid GROUP BY k",0.79,1.37,0.575,5.5,1.9,5,5,"yes",0.000e0,1,"TAKEN AggregateExec (input rows 1000000 (exact) vs min_rows 0; output kept at one partition (only projections above it))","TAKEN AggregateExec (input rows 1000000 (exact) vs min_rows 1000000; output kept at one partition (only projections above it))",0,1,0.11,0.08,0.07,0.94,0.00,123,200,3.38,3.38
1000000,b8192,groupby,g2count200,"group-by 2 int32 keys, 200 groups, count(*) AS n","SELECT k1, k2, count(*) AS n FROM grid GROUP BY k1, k2",1.26,1.95,0.648,11.5,2.7,5,5,"yes",0.000e0,1,"TAKEN AggregateExec (input rows 1000000 (exact) vs min_rows 0; output kept at one partition (only projections above it))","TAKEN AggregateExec (input rows 1000000 (exact) vs min_rows 1000000; output kept at one partition (only projections above it))",0,1,0.13,0.15,0.14,1.33,0.00,123,200,3.38,3.38
1000000,b8192,groupby,g1sum200,"group-by 1 int32 key, 200 groups, sum(x) AS s","SELECT k, sum(x) AS s FROM grid GROUP BY k",0.83,2.82,0.294,5.2,2.8,5,5,"yes",5.584e-16,1,"TAKEN AggregateExec (input rows 1000000 (exact) vs min_rows 0; output kept at one partition (only projections above it))","TAKEN AggregateExec (input rows 1000000 (exact) vs min_rows 1000000; output kept at one partition (only projections above it))",0,1,0.12,0.18,0.18,2.16,0.00,123,200,3.38,3.38
1000000,b8192,groupby,g2sum200,"group-by 2 int32 keys, 200 groups, sum(x) AS s","SELECT k1, k2, sum(x) AS s FROM grid GROUP BY k1, k2",1.35,3.50,0.387,10.8,3.6,5,5,"yes",5.527e-16,1,"TAKEN AggregateExec (input rows 1000000 (exact) vs min_rows 0; output kept at one partition (only projections above it))","TAKEN AggregateExec (input rows 1000000 (exact) vs min_rows 1000000; output kept at one partition (only projections above it))",0,1,0.15,0.27,0.25,2.60,0.00,123,200,3.38,3.38
1000000,b8192,groupby,g1mean200,"group-by 1 int32 key, 200 groups, avg(x) AS m","SELECT k, avg(x) AS m FROM grid GROUP BY k",0.86,2.94,0.292,5.4,2.9,5,5,"yes",2.776e-16,1,"TAKEN AggregateExec (input rows 1000000 (exact) vs min_rows 0; output kept at one partition (only projections above it))","TAKEN AggregateExec (input rows 1000000 (exact) vs min_rows 1000000; output kept at one partition (only projections above it))",0,1,0.14,0.20,0.18,2.24,0.00,123,200,3.38,3.38
1000000,b8192,groupby,g2mean200,"group-by 2 int32 keys, 200 groups, avg(x) AS m","SELECT k1, k2, avg(x) AS m FROM grid GROUP BY k1, k2",1.33,2.87,0.465,11.7,3.6,5,5,"yes",4.441e-16,1,"TAKEN AggregateExec (input rows 1000000 (exact) vs min_rows 0; output kept at one partition (only projections above it))","TAKEN AggregateExec (input rows 1000000 (exact) vs min_rows 1000000; output kept at one partition (only projections above it))",0,1,0.13,0.30,0.26,1.97,0.00,123,200,3.38,3.38
1000000,b8192,groupby,g1minmax200,"group-by 1 int32 key, 200 groups, min(x) AS lo, max(x) AS hi","SELECT k, min(x) AS lo, max(x) AS hi FROM grid GROUP BY k",0.85,4.56,0.186,6.2,5.3,5,5,"yes",0.000e0,1,"TAKEN AggregateExec (input rows 1000000 (exact) vs min_rows 0; output kept at one partition (only projections above it))","TAKEN AggregateExec (input rows 1000000 (exact) vs min_rows 1000000; output kept at one partition (only projections above it))",0,1,0.09,0.19,0.19,3.89,0.01,123,200,3.38,3.38
1000000,b8192,groupby,g2minmax200,"group-by 2 int32 keys, 200 groups, min(x) AS lo, max(x) AS hi","SELECT k1, k2, min(x) AS lo, max(x) AS hi FROM grid GROUP BY k1, k2",1.45,5.62,0.257,12.3,6.4,5,5,"yes",0.000e0,1,"TAKEN AggregateExec (input rows 1000000 (exact) vs min_rows 0; output kept at one partition (only projections above it))","TAKEN AggregateExec (input rows 1000000 (exact) vs min_rows 1000000; output kept at one partition (only projections above it))",0,1,0.14,0.26,0.24,4.65,0.01,123,200,3.38,3.38
1000000,b8192,groupby,g1count10k,"group-by 1 int32 key, 10k groups, count(*) AS n","SELECT k, count(*) AS n FROM grid GROUP BY k",1.27,1.81,0.700,10.7,2.3,5,5,"yes",0.000e0,1,"TAKEN AggregateExec (input rows 1000000 (exact) vs min_rows 0; output kept at one partition (only projections above it))","TAKEN AggregateExec (input rows 1000000 (exact) vs min_rows 1000000; output kept at one partition (only projections above it))",0,1,0.14,0.07,0.07,1.35,0.00,123,10000,3.38,3.38
1000000,b8192,groupby,g2count10k,"group-by 2 int32 keys, 10k groups, count(*) AS n","SELECT k1, k2, count(*) AS n FROM grid GROUP BY k1, k2",1.85,2.30,0.808,17.3,2.9,5,5,"yes",0.000e0,1,"TAKEN AggregateExec (input rows 1000000 (exact) vs min_rows 0; output kept at one partition (only projections above it))","TAKEN AggregateExec (input rows 1000000 (exact) vs min_rows 1000000; output kept at one partition (only projections above it))",0,1,0.11,0.15,0.13,1.72,0.00,123,10000,3.38,3.38
1000000,b8192,groupby,g1sum10k,"group-by 1 int32 key, 10k groups, sum(x) AS s","SELECT k, sum(x) AS s FROM grid GROUP BY k",1.25,4.64,0.269,10.7,3.4,5,5,"yes",5.077e-16,1,"TAKEN AggregateExec (input rows 1000000 (exact) vs min_rows 0; output kept at one partition (only projections above it))","TAKEN AggregateExec (input rows 1000000 (exact) vs min_rows 1000000; output kept at one partition (only projections above it))",0,1,0.14,0.19,0.19,3.90,0.00,123,10000,3.38,3.38
1000000,b8192,groupby,g2sum10k,"group-by 2 int32 keys, 10k groups, sum(x) AS s","SELECT k1, k2, sum(x) AS s FROM grid GROUP BY k1, k2",1.80,2.90,0.621,17.5,3.4,5,5,"yes",5.287e-16,1,"TAKEN AggregateExec (input rows 1000000 (exact) vs min_rows 0; output kept at one partition (only projections above it))","TAKEN AggregateExec (input rows 1000000 (exact) vs min_rows 1000000; output kept at one partition (only projections above it))",0,1,0.13,0.27,0.24,2.06,0.00,123,10000,3.38,3.38
1000000,b8192,groupby,g1mean10k,"group-by 1 int32 key, 10k groups, avg(x) AS m","SELECT k, avg(x) AS m FROM grid GROUP BY k",1.30,3.81,0.342,12.0,3.4,5,5,"yes",2.220e-16,1,"TAKEN AggregateExec (input rows 1000000 (exact) vs min_rows 0; output kept at one partition (only projections above it))","TAKEN AggregateExec (input rows 1000000 (exact) vs min_rows 1000000; output kept at one partition (only projections above it))",0,1,0.15,0.17,0.21,3.08,0.00,123,10000,3.38,3.38
1000000,b8192,groupby,g2mean10k,"group-by 2 int32 keys, 10k groups, avg(x) AS m","SELECT k1, k2, avg(x) AS m FROM grid GROUP BY k1, k2",1.98,3.28,0.606,18.4,3.5,5,5,"yes",3.331e-16,1,"TAKEN AggregateExec (input rows 1000000 (exact) vs min_rows 0; output kept at one partition (only projections above it))","TAKEN AggregateExec (input rows 1000000 (exact) vs min_rows 1000000; output kept at one partition (only projections above it))",0,1,0.13,0.24,0.25,2.45,0.00,123,10000,3.38,3.38
1000000,b8192,groupby,g1minmax10k,"group-by 1 int32 key, 10k groups, min(x) AS lo, max(x) AS hi","SELECT k, min(x) AS lo, max(x) AS hi FROM grid GROUP BY k",1.83,5.71,0.320,17.3,6.0,5,5,"yes",0.000e0,1,"TAKEN AggregateExec (input rows 1000000 (exact) vs min_rows 0; output kept at one partition (only projections above it))","TAKEN AggregateExec (input rows 1000000 (exact) vs min_rows 1000000; output kept at one partition (only projections above it))",0,1,0.12,0.21,0.18,4.94,0.01,123,10000,3.38,3.38
1000000,b8192,groupby,g2minmax10k,"group-by 2 int32 keys, 10k groups, min(x) AS lo, max(x) AS hi","SELECT k1, k2, min(x) AS lo, max(x) AS hi FROM grid GROUP BY k1, k2",2.36,10.69,0.221,24.0,7.2,5,5,"yes",0.000e0,1,"TAKEN AggregateExec (input rows 1000000 (exact) vs min_rows 0; output kept at one partition (only projections above it))","TAKEN AggregateExec (input rows 1000000 (exact) vs min_rows 1000000; output kept at one partition (only projections above it))",0,1,0.12,0.29,0.26,9.70,0.01,123,10000,3.38,3.38
1000000,b8192,groupby,g1count100k,"group-by 1 int32 key, 100k groups, count(*) AS n","SELECT k, count(*) AS n FROM grid GROUP BY k",2.54,2.10,1.209,28.8,2.3,5,5,"yes",0.000e0,1,"TAKEN AggregateExec (input rows 1000000 (exact) vs min_rows 0; output kept at one partition (only projections above it))","TAKEN AggregateExec (input rows 1000000 (exact) vs min_rows 1000000; output kept at one partition (only projections above it))",0,1,0.04,0.06,0.08,1.74,0.00,123,99995,3.38,3.38
1000000,b8192,groupby,g2count100k,"group-by 2 int32 keys, 100k groups, count(*) AS n","SELECT k1, k2, count(*) AS n FROM grid GROUP BY k1, k2",2.95,2.68,1.099,35.3,3.1,5,5,"yes",0.000e0,1,"TAKEN AggregateExec (input rows 1000000 (exact) vs min_rows 0; output kept at one partition (only projections above it))","TAKEN AggregateExec (input rows 1000000 (exact) vs min_rows 1000000; output kept at one partition (only projections above it))",0,1,0.05,0.15,0.13,2.05,0.01,123,99998,3.38,3.38
1000000,b8192,groupby,g1sum100k,"group-by 1 int32 key, 100k groups, sum(x) AS s","SELECT k, sum(x) AS s FROM grid GROUP BY k",2.55,3.32,0.767,28.8,3.2,5,5,"yes",4.755e-16,1,"TAKEN AggregateExec (input rows 1000000 (exact) vs min_rows 0; output kept at one partition (only projections above it))","TAKEN AggregateExec (input rows 1000000 (exact) vs min_rows 1000000; output kept at one partition (only projections above it))",0,1,0.08,0.18,0.19,2.66,0.00,123,99995,3.38,3.38
1000000,b8192,groupby,g2sum100k,"group-by 2 int32 keys, 100k groups, sum(x) AS s","SELECT k1, k2, sum(x) AS s FROM grid GROUP BY k1, k2",2.91,4.74,0.614,37.2,4.4,5,5,"yes",4.453e-16,1,"TAKEN AggregateExec (input rows 1000000 (exact) vs min_rows 0; output kept at one partition (only projections above it))","TAKEN AggregateExec (input rows 1000000 (exact) vs min_rows 1000000; output kept at one partition (only projections above it))",0,1,0.15,0.32,0.28,3.69,0.01,123,99998,3.38,3.38
1000000,b8192,groupby,g1mean100k,"group-by 1 int32 key, 100k groups, avg(x) AS m","SELECT k, avg(x) AS m FROM grid GROUP BY k",2.67,3.63,0.735,32.7,3.5,5,5,"yes",3.331e-16,1,"TAKEN AggregateExec (input rows 1000000 (exact) vs min_rows 0; output kept at one partition (only projections above it))","TAKEN AggregateExec (input rows 1000000 (exact) vs min_rows 1000000; output kept at one partition (only projections above it))",0,1,0.13,0.18,0.19,2.88,0.00,123,99995,3.38,3.38
1000000,b8192,groupby,g2mean100k,"group-by 2 int32 keys, 100k groups, avg(x) AS m","SELECT k1, k2, avg(x) AS m FROM grid GROUP BY k1, k2",3.17,3.60,0.881,39.3,3.6,5,5,"yes",3.331e-16,1,"TAKEN AggregateExec (input rows 1000000 (exact) vs min_rows 0; output kept at one partition (only projections above it))","TAKEN AggregateExec (input rows 1000000 (exact) vs min_rows 1000000; output kept at one partition (only projections above it))",0,1,0.12,0.29,0.24,2.68,0.00,123,99998,3.38,3.38
1000000,b8192,groupby,g1minmax100k,"group-by 1 int32 key, 100k groups, min(x) AS lo, max(x) AS hi","SELECT k, min(x) AS lo, max(x) AS hi FROM grid GROUP BY k",3.11,5.45,0.571,38.9,6.2,5,5,"yes",0.000e0,1,"TAKEN AggregateExec (input rows 1000000 (exact) vs min_rows 0; output kept at one partition (only projections above it))","TAKEN AggregateExec (input rows 1000000 (exact) vs min_rows 1000000; output kept at one partition (only projections above it))",0,1,0.13,0.19,0.21,4.16,0.01,123,99995,3.38,3.38
1000000,b8192,groupby,g2minmax100k,"group-by 2 int32 keys, 100k groups, min(x) AS lo, max(x) AS hi","SELECT k1, k2, min(x) AS lo, max(x) AS hi FROM grid GROUP BY k1, k2",3.51,6.06,0.579,46.2,6.9,5,5,"yes",0.000e0,1,"TAKEN AggregateExec (input rows 1000000 (exact) vs min_rows 0; output kept at one partition (only projections above it))","TAKEN AggregateExec (input rows 1000000 (exact) vs min_rows 1000000; output kept at one partition (only projections above it))",0,1,0.16,0.27,0.25,4.60,0.01,123,99998,3.38,3.38
1000000,b8192,groupby,g1count1M,"group-by 1 int32 key, 1M groups, count(*) AS n","SELECT k, count(*) AS n FROM grid GROUP BY k",3.56,2.99,1.188,42.0,2.9,5,5,"yes",0.000e0,1,"TAKEN AggregateExec (input rows 1000000 (exact) vs min_rows 0; output kept at one partition (only projections above it))","TAKEN AggregateExec (input rows 1000000 (exact) vs min_rows 1000000; output kept at one partition (only projections above it))",0,1,0.09,0.08,0.08,2.55,0.00,123,631988,3.38,3.27
1000000,b8192,groupby,g2count1M,"group-by 2 int32 keys, 1M groups, count(*) AS n","SELECT k1, k2, count(*) AS n FROM grid GROUP BY k1, k2",4.07,3.69,1.102,50.7,3.8,5,5,"yes",0.000e0,1,"TAKEN AggregateExec (input rows 1000000 (exact) vs min_rows 0; output kept at one partition (only projections above it))","TAKEN AggregateExec (input rows 1000000 (exact) vs min_rows 1000000; output kept at one partition (only projections above it))",0,1,0.15,0.16,0.13,2.99,0.00,123,632071,3.38,3.27
1000000,b8192,groupby,g1sum1M,"group-by 1 int32 key, 1M groups, sum(x) AS s","SELECT k, sum(x) AS s FROM grid GROUP BY k",3.52,6.25,0.563,43.1,3.2,5,5,"yes",4.251e-16,1,"TAKEN AggregateExec (input rows 1000000 (exact) vs min_rows 0; output kept at one partition (only projections above it))","TAKEN AggregateExec (input rows 1000000 (exact) vs min_rows 1000000; output kept at one partition (only projections above it))",0,1,0.08,0.19,0.19,5.56,0.00,123,631988,3.38,3.27
1000000,b8192,groupby,g2sum1M,"group-by 2 int32 keys, 1M groups, sum(x) AS s","SELECT k1, k2, sum(x) AS s FROM grid GROUP BY k1, k2",3.90,6.99,0.558,50.6,4.3,5,5,"yes",3.816e-16,1,"TAKEN AggregateExec (input rows 1000000 (exact) vs min_rows 0; output kept at one partition (only projections above it))","TAKEN AggregateExec (input rows 1000000 (exact) vs min_rows 1000000; output kept at one partition (only projections above it))",0,1,0.13,0.29,0.25,6.01,0.00,123,632071,3.38,3.27
1000000,b8192,groupby,g1mean1M,"group-by 1 int32 key, 1M groups, avg(x) AS m","SELECT k, avg(x) AS m FROM grid GROUP BY k",3.77,6.56,0.575,45.6,3.5,5,5,"yes",2.220e-16,1,"TAKEN AggregateExec (input rows 1000000 (exact) vs min_rows 0; output kept at one partition (only projections above it))","TAKEN AggregateExec (input rows 1000000 (exact) vs min_rows 1000000; output kept at one partition (only projections above it))",0,1,0.10,0.21,0.19,5.83,0.00,123,631988,3.38,3.27
1000000,b8192,groupby,g2mean1M,"group-by 2 int32 keys, 1M groups, avg(x) AS m","SELECT k1, k2, avg(x) AS m FROM grid GROUP BY k1, k2",4.23,7.04,0.601,54.3,4.4,5,5,"yes",2.220e-16,1,"TAKEN AggregateExec (input rows 1000000 (exact) vs min_rows 0; output kept at one partition (only projections above it))","TAKEN AggregateExec (input rows 1000000 (exact) vs min_rows 1000000; output kept at one partition (only projections above it))",0,1,0.11,0.29,0.26,6.08,0.01,123,632071,3.38,3.27
1000000,b8192,groupby,g1minmax1M,"group-by 1 int32 key, 1M groups, min(x) AS lo, max(x) AS hi","SELECT k, min(x) AS lo, max(x) AS hi FROM grid GROUP BY k",4.20,10.42,0.404,50.3,10.6,5,5,"yes",0.000e0,1,"TAKEN AggregateExec (input rows 1000000 (exact) vs min_rows 0; output kept at one partition (only projections above it))","TAKEN AggregateExec (input rows 1000000 (exact) vs min_rows 1000000; output kept at one partition (only projections above it))",0,1,0.11,0.23,0.19,6.03,0.01,123,631988,3.38,3.27
1000000,b8192,groupby,g2minmax1M,"group-by 2 int32 keys, 1M groups, min(x) AS lo, max(x) AS hi","SELECT k1, k2, min(x) AS lo, max(x) AS hi FROM grid GROUP BY k1, k2",4.63,9.79,0.473,58.2,10.3,5,5,"yes",0.000e0,1,"TAKEN AggregateExec (input rows 1000000 (exact) vs min_rows 0; output kept at one partition (only projections above it))","TAKEN AggregateExec (input rows 1000000 (exact) vs min_rows 1000000; output kept at one partition (only projections above it))",0,1,0.14,0.27,0.28,5.87,0.01,123,632071,3.38,3.27
1000000,b8192,groupby,g1countR2,"group-by 1 int32 key, R2 groups, count(*) AS n","SELECT k, count(*) AS n FROM grid GROUP BY k",3.27,2.77,1.180,39.3,2.8,5,5,"yes",0.000e0,1,"TAKEN AggregateExec (input rows 1000000 (exact) vs min_rows 0; output kept at one partition (only projections above it))","TAKEN AggregateExec (input rows 1000000 (exact) vs min_rows 1000000; output kept at one partition (only projections above it))",0,1,0.13,0.07,0.08,2.32,0.00,123,432472,3.27,3.27
1000000,b8192,groupby,g2countR2,"group-by 2 int32 keys, R2 groups, count(*) AS n","SELECT k1, k2, count(*) AS n FROM grid GROUP BY k1, k2",3.71,3.31,1.119,46.6,3.6,5,5,"yes",0.000e0,1,"TAKEN AggregateExec (input rows 1000000 (exact) vs min_rows 0; output kept at one partition (only projections above it))","TAKEN AggregateExec (input rows 1000000 (exact) vs min_rows 1000000; output kept at one partition (only projections above it))",0,1,0.10,0.15,0.15,2.72,0.00,123,432084,3.27,3.27
1000000,b8192,groupby,g1sumR2,"group-by 1 int32 key, R2 groups, sum(x) AS s","SELECT k, sum(x) AS s FROM grid GROUP BY k",3.18,5.25,0.605,38.5,3.7,5,5,"yes",4.417e-16,1,"TAKEN AggregateExec (input rows 1000000 (exact) vs min_rows 0; output kept at one partition (only projections above it))","TAKEN AggregateExec (input rows 1000000 (exact) vs min_rows 1000000; output kept at one partition (only projections above it))",0,1,0.21,0.20,0.21,4.43,0.00,123,432472,3.27,3.27
1000000,b8192,groupby,g2sumR2,"group-by 2 int32 keys, R2 groups, sum(x) AS s","SELECT k1, k2, sum(x) AS s FROM grid GROUP BY k1, k2",3.73,5.54,0.673,47.2,3.8,5,5,"yes",4.361e-16,1,"TAKEN AggregateExec (input rows 1000000 (exact) vs min_rows 0; output kept at one partition (only projections above it))","TAKEN AggregateExec (input rows 1000000 (exact) vs min_rows 1000000; output kept at one partition (only projections above it))",0,1,0.12,0.25,0.25,4.70,0.00,123,432084,3.27,3.27
1000000,b8192,groupby,g1meanR2,"group-by 1 int32 key, R2 groups, avg(x) AS m","SELECT k, avg(x) AS m FROM grid GROUP BY k",3.59,5.12,0.702,40.6,3.2,5,5,"yes",3.331e-16,1,"TAKEN AggregateExec (input rows 1000000 (exact) vs min_rows 0; output kept at one partition (only projections above it))","TAKEN AggregateExec (input rows 1000000 (exact) vs min_rows 1000000; output kept at one partition (only projections above it))",0,1,0.13,0.18,0.19,4.40,0.00,123,432472,3.27,3.27
1000000,b8192,groupby,g2meanR2,"group-by 2 int32 keys, R2 groups, avg(x) AS m","SELECT k1, k2, avg(x) AS m FROM grid GROUP BY k1, k2",4.06,5.58,0.728,48.7,3.8,5,5,"yes",3.331e-16,1,"TAKEN AggregateExec (input rows 1000000 (exact) vs min_rows 0; output kept at one partition (only projections above it))","TAKEN AggregateExec (input rows 1000000 (exact) vs min_rows 1000000; output kept at one partition (only projections above it))",0,1,0.12,0.30,0.25,4.63,0.00,123,432084,3.27,3.27
1000000,b8192,groupby,g1minmaxR2,"group-by 1 int32 key, R2 groups, min(x) AS lo, max(x) AS hi","SELECT k, min(x) AS lo, max(x) AS hi FROM grid GROUP BY k",4.02,8.44,0.476,49.4,8.4,5,5,"yes",0.000e0,1,"TAKEN AggregateExec (input rows 1000000 (exact) vs min_rows 0; output kept at one partition (only projections above it))","TAKEN AggregateExec (input rows 1000000 (exact) vs min_rows 1000000; output kept at one partition (only projections above it))",0,1,0.14,0.20,0.19,6.00,0.01,123,432472,3.27,3.27
1000000,b8192,groupby,g2minmaxR2,"group-by 2 int32 keys, R2 groups, min(x) AS lo, max(x) AS hi","SELECT k1, k2, min(x) AS lo, max(x) AS hi FROM grid GROUP BY k1, k2",4.55,8.81,0.516,55.6,9.6,5,5,"yes",0.000e0,1,"TAKEN AggregateExec (input rows 1000000 (exact) vs min_rows 0; output kept at one partition (only projections above it))","TAKEN AggregateExec (input rows 1000000 (exact) vs min_rows 1000000; output kept at one partition (only projections above it))",0,1,0.17,0.28,0.26,5.40,0.01,123,432084,3.27,3.27
1000000,b8192,distinct,u_small,"distinct (int32, int32), 10k groups","SELECT DISTINCT region, sub FROM fact",1.87,2.38,0.786,16.5,3.0,5,5,"yes",0.000e0,1,"TAKEN AggregateExec (input rows 1000000 (exact) vs min_rows 0; output kept at one partition (only projections above it))","TAKEN AggregateExec (input rows 1000000 (exact) vs min_rows 1000000; output kept at one partition (only projections above it))",0,1,0.15,0.16,0.14,1.77,0.00,123,10000,3.27,3.27
1000000,b8192,filter,a_sumcnt,"filtered sum + count over the whole table (control)","SELECT sum(amount) AS total, count(*) AS n FROM fact WHERE region < 20 AND qty > 10",0.75,1.63,0.463,3.9,2.3,5,5,"yes",1.273e-16,1,"LEFT AggregateExec (no GROUP BY keys (a whole-table aggregate)) | LEFT AggregateExec (Partial aggregate whose Final was not replaced) | TAKEN FilterExec (input rows 1000000 (exact) vs min_rows 0; re-partitioned)","LEFT AggregateExec (no GROUP BY keys (a whole-table aggregate)) | LEFT AggregateExec (Partial aggregate whose Final was not replaced) | TAKEN FilterExec (input rows 1000000 (exact) vs min_rows 1000000; re-partitioned)",0,1,0.10,0.33,0.31,0.50,0.00,123,1,3.27,3.27
1000000,part1,sort,srt_i64,"sort 3 columns by an int64 key","SELECT q, k1, x FROM extra ORDER BY q",29.79,3.73,7.979,73.1,2.5,5,5,"yes",0.000e0,1,"TAKEN SortPreservingMergeExec (input rows 1000000 (exact) vs min_rows 0; projection kept above it)","TAKEN SortPreservingMergeExec (input rows 1000000 (exact) vs min_rows 1000000; projection kept above it)",0,1,0.12,0.27,0.32,2.79,0.00,128,1000000,3.27,3.27
1000000,part1,sort,srt_f64,"sort 3 columns by a Float64 key","SELECT q, k1, x FROM extra ORDER BY x",32.35,3.36,9.621,78.8,3.3,5,5,"yes",0.000e0,1,"TAKEN SortPreservingMergeExec (input rows 1000000 (exact) vs min_rows 0; projection kept above it)","TAKEN SortPreservingMergeExec (input rows 1000000 (exact) vs min_rows 1000000; projection kept above it)",0,1,0.13,0.32,0.35,2.14,0.01,128,1000000,3.27,3.27
1000000,part1,sort,srt_str,"sort 3 columns by a String key (1000 values)","SELECT name, q, k1 FROM extra ORDER BY name",38.47,4.83,7.972,106.7,3.3,5,5,"yes",0.000e0,1,"TAKEN SortPreservingMergeExec (input rows 1000000 (exact) vs min_rows 0; projection kept above it)","TAKEN SortPreservingMergeExec (input rows 1000000 (exact) vs min_rows 1000000; projection kept above it)",0,1,0.16,0.30,0.30,3.77,0.00,128,1000000,3.27,3.27
1000000,part1,sort,top_i64,"top 100 by an int64 key (control)","SELECT q, k1, x FROM extra ORDER BY q LIMIT 100",0.49,2.30,0.211,3.8,3.1,5,5,"yes",0.000e0,1,"TAKEN SortPreservingMergeExec (input rows 1000000 (exact) vs min_rows 0; projection kept above it)","TAKEN SortPreservingMergeExec (input rows 1000000 (exact) vs min_rows 1000000; projection kept above it)",0,1,0.14,0.29,0.30,1.36,0.00,128,100,3.27,3.27
1000000,part1,sort,top_f64,"top 100 by Float64, descending (control)","SELECT q, k1, x FROM extra ORDER BY x DESC LIMIT 100",0.56,4.12,0.137,4.2,3.7,5,5,"yes",0.000e0,1,"TAKEN SortPreservingMergeExec (input rows 1000000 (exact) vs min_rows 0; projection kept above it)","TAKEN SortPreservingMergeExec (input rows 1000000 (exact) vs min_rows 1000000; projection kept above it)",0,1,0.15,0.28,0.33,3.17,0.00,128,100,3.27,3.27
1000000,part1,join,j_inner_10k,"inner join, 10k-row build, count + sum over the whole result","SELECT count(*) AS n, sum(b.w) AS s FROM probe p JOIN build b ON p.k = b.k",1.84,1.84,0.996,17.2,16.7,5,5,"yes",1.167e-16,0,"LEFT AggregateExec (no GROUP BY keys (a whole-table aggregate)) | LEFT AggregateExec (Partial aggregate whose Final was not replaced)","LEFT AggregateExec (no GROUP BY keys (a whole-table aggregate)) | LEFT AggregateExec (Partial aggregate whose Final was not replaced)",0,0,0.00,0.00,0.00,0.00,0.00,0,1,3.27,3.27
1000000,part1,join,jg_inner_10k,"inner join, 10k-row build, then group by the probe key: count + sum","SELECT p.k, count(*) AS n, sum(p.v) AS s FROM probe p JOIN build b ON p.k = b.k GROUP BY p.k",2.26,5.48,0.413,22.7,23.0,5,5,"yes",8.645e-16,1,"TAKEN AggregateExec (input rows ~10000 (inexact, accepted) vs min_rows 0; output kept at one partition (only projections above it))","LEFT AggregateExec (input rows ~10000 are an estimate (accept_inexact is off))",0,1,1.90,0.14,0.17,2.75,0.01,91,10000,3.27,3.27
1000000,part1,join,j_left_10k,"left join, 10k-row build, count + sum over the whole result","SELECT count(*) AS n, sum(b.w) AS s FROM probe p LEFT JOIN build b ON p.k = b.k",2.06,2.12,0.969,22.2,22.5,5,5,"yes",1.167e-16,0,"LEFT AggregateExec (no GROUP BY keys (a whole-table aggregate)) | LEFT AggregateExec (Partial aggregate whose Final was not replaced)","LEFT AggregateExec (no GROUP BY keys (a whole-table aggregate)) | LEFT AggregateExec (Partial aggregate whose Final was not replaced)",0,0,0.00,0.00,0.00,0.00,0.00,0,1,3.27,3.27
1000000,part1,join,jg_left_10k,"left join, 10k-row build, then group by the probe key: count + sum","SELECT p.k, count(*) AS n, sum(p.v) AS s FROM probe p LEFT JOIN build b ON p.k = b.k GROUP BY p.k",2.76,5.82,0.474,29.4,25.6,5,5,"yes",8.978e-16,1,"TAKEN AggregateExec (input rows ~1000000 (inexact, accepted) vs min_rows 0; output kept at one partition (only projections above it))","LEFT AggregateExec (input rows ~1000000 are an estimate (accept_inexact is off))",0,1,1.93,0.28,0.29,2.80,0.01,128,20000,3.27,3.27
1000000,part1,join,j_inner_1M,"inner join, 1M-row build, count + sum over the whole result","SELECT count(*) AS n, sum(b.w) AS s FROM probe p JOIN build b ON p.k = b.k",3.32,3.42,0.973,37.7,36.7,5,5,"yes",2.326e-16,0,"LEFT AggregateExec (no GROUP BY keys (a whole-table aggregate)) | LEFT AggregateExec (Partial aggregate whose Final was not replaced)","LEFT AggregateExec (no GROUP BY keys (a whole-table aggregate)) | LEFT AggregateExec (Partial aggregate whose Final was not replaced)",0,0,0.00,0.00,0.00,0.00,0.00,0,1,3.27,3.27
1000000,part1,join,jg_inner_1M,"inner join, 1M-row build, then group by the probe key: count + sum","SELECT p.k, count(*) AS n, sum(p.v) AS s FROM probe p JOIN build b ON p.k = b.k GROUP BY p.k",4.05,8.62,0.470,41.0,35.5,5,5,"yes",3.152e-16,1,"TAKEN AggregateExec (input rows ~1000000 (inexact, accepted) vs min_rows 0; output kept at one partition (only projections above it))","LEFT AggregateExec (input rows ~1000000 are an estimate (accept_inexact is off))",0,1,2.78,0.16,0.19,4.78,0.01,88,393542,3.27,3.27
1000000,part1,join,j_left_1M,"left join, 1M-row build, count + sum over the whole result","SELECT count(*) AS n, sum(b.w) AS s FROM probe p LEFT JOIN build b ON p.k = b.k",3.75,3.86,0.972,42.9,42.6,5,5,"yes",3.489e-16,0,"LEFT AggregateExec (no GROUP BY keys (a whole-table aggregate)) | LEFT AggregateExec (Partial aggregate whose Final was not replaced)","LEFT AggregateExec (no GROUP BY keys (a whole-table aggregate)) | LEFT AggregateExec (Partial aggregate whose Final was not replaced)",0,0,0.00,0.00,0.00,0.00,0.00,0,1,3.27,3.27
1000000,part1,join,jg_left_1M,"left join, 1M-row build, then group by the probe key: count + sum","SELECT p.k, count(*) AS n, sum(p.v) AS s FROM probe p LEFT JOIN build b ON p.k = b.k GROUP BY p.k",4.81,11.40,0.421,56.1,40.1,5,5,"yes",3.636e-16,1,"TAKEN AggregateExec (input rows ~1000000 (inexact, accepted) vs min_rows 0; output kept at one partition (only projections above it))","LEFT AggregateExec (input rows ~1000000 are an estimate (accept_inexact is off))",0,1,2.93,0.26,0.30,7.32,0.01,128,786930,3.27,3.27
1000000,part1,join,j_inner_10M,"inner join, 10M-row build, count + sum over the whole result","SELECT count(*) AS n, sum(b.w) AS s FROM probe p JOIN build b ON p.k = b.k",11.03,10.82,1.019,138.9,138.4,5,5,"yes",1.165e-16,0,"LEFT AggregateExec (no GROUP BY keys (a whole-table aggregate)) | LEFT AggregateExec (Partial aggregate whose Final was not replaced)","LEFT AggregateExec (no GROUP BY keys (a whole-table aggregate)) | LEFT AggregateExec (Partial aggregate whose Final was not replaced)",0,0,0.00,0.00,0.00,0.00,0.00,0,1,3.27,3.27
1000000,part1,join,jg_inner_10M,"inner join, 10M-row build, then group by the probe key: count + sum","SELECT p.k, count(*) AS n, sum(p.v) AS s FROM probe p JOIN build b ON p.k = b.k GROUP BY p.k",10.14,16.62,0.610,130.4,129.7,5,5,"yes",2.156e-16,1,"TAKEN AggregateExec (input rows ~1000000 (inexact, accepted) vs min_rows 0; output kept at one partition (only projections above it))","LEFT AggregateExec (input rows ~1000000 are an estimate (accept_inexact is off))",0,1,8.98,0.18,0.18,6.64,0.01,64,487271,3.27,3.27
1000000,part1,join,j_left_10M,"left join, 10M-row build, count + sum over the whole result","SELECT count(*) AS n, sum(b.w) AS s FROM probe p LEFT JOIN build b ON p.k = b.k",11.52,11.67,0.987,145.2,145.5,5,5,"yes",1.165e-16,0,"LEFT AggregateExec (no GROUP BY keys (a whole-table aggregate)) | LEFT AggregateExec (Partial aggregate whose Final was not replaced)","LEFT AggregateExec (no GROUP BY keys (a whole-table aggregate)) | LEFT AggregateExec (Partial aggregate whose Final was not replaced)",0,0,0.00,0.00,0.00,0.00,0.00,0,1,3.27,3.27
1000000,part1,join,jg_left_10M,"left join, 10M-row build, then group by the probe key: count + sum","SELECT p.k, count(*) AS n, sum(p.v) AS s FROM probe p LEFT JOIN build b ON p.k = b.k GROUP BY p.k",11.46,21.42,0.535,149.3,138.0,5,5,"yes",3.216e-16,1,"TAKEN AggregateExec (input rows ~1000000 (inexact, accepted) vs min_rows 0; output kept at one partition (only projections above it))","LEFT AggregateExec (input rows ~1000000 are an estimate (accept_inexact is off))",0,1,9.48,0.29,0.30,10.69,0.01,80,975496,3.27,3.27
1000000,part1,groupby,g1count200,"group-by 1 int32 key, 200 groups, count(*) AS n","SELECT k, count(*) AS n FROM grid GROUP BY k",0.84,2.04,0.414,5.4,2.2,5,5,"yes",0.000e0,1,"TAKEN AggregateExec (input rows 1000000 (exact) vs min_rows 0; output kept at one partition (only projections above it))","TAKEN AggregateExec (input rows 1000000 (exact) vs min_rows 1000000; output kept at one partition (only projections above it))",0,1,0.12,0.06,0.07,1.60,0.00,128,200,3.27,3.27
1000000,part1,groupby,g2count200,"group-by 2 int32 keys, 200 groups, count(*) AS n","SELECT k1, k2, count(*) AS n FROM grid GROUP BY k1, k2",1.29,2.60,0.495,11.1,2.9,5,5,"yes",0.000e0,1,"TAKEN AggregateExec (input rows 1000000 (exact) vs min_rows 0; output kept at one partition (only projections above it))","TAKEN AggregateExec (input rows 1000000 (exact) vs min_rows 1000000; output kept at one partition (only projections above it))",0,1,0.11,0.12,0.13,2.04,0.01,128,200,3.27,3.27
1000000,part1,groupby,g1sum200,"group-by 1 int32 key, 200 groups, sum(x) AS s","SELECT k, sum(x) AS s FROM grid GROUP BY k",0.80,2.89,0.277,5.1,2.9,5,5,"yes",5.555e-16,1,"TAKEN AggregateExec (input rows 1000000 (exact) vs min_rows 0; output kept at one partition (only projections above it))","TAKEN AggregateExec (input rows 1000000 (exact) vs min_rows 1000000; output kept at one partition (only projections above it))",0,1,0.14,0.18,0.19,2.21,0.00,128,200,3.27,3.27
1000000,part1,groupby,g2sum200,"group-by 2 int32 keys, 200 groups, sum(x) AS s","SELECT k1, k2, sum(x) AS s FROM grid GROUP BY k1, k2",1.33,3.33,0.398,10.9,3.9,5,5,"yes",5.505e-16,1,"TAKEN AggregateExec (input rows 1000000 (exact) vs min_rows 0; output kept at one partition (only projections above it))","TAKEN AggregateExec (input rows 1000000 (exact) vs min_rows 1000000; output kept at one partition (only projections above it))",0,1,0.16,0.22,0.26,2.29,0.00,128,200,3.27,3.27
1000000,part1,groupby,g1mean200,"group-by 1 int32 key, 200 groups, avg(x) AS m","SELECT k, avg(x) AS m FROM grid GROUP BY k",0.81,2.14,0.376,5.2,2.6,5,5,"yes",2.776e-16,1,"TAKEN AggregateExec (input rows 1000000 (exact) vs min_rows 0; output kept at one partition (only projections above it))","TAKEN AggregateExec (input rows 1000000 (exact) vs min_rows 1000000; output kept at one partition (only projections above it))",0,1,0.14,0.17,0.19,1.48,0.00,128,200,3.27,3.27
1000000,part1,groupby,g2mean200,"group-by 2 int32 keys, 200 groups, avg(x) AS m","SELECT k1, k2, avg(x) AS m FROM grid GROUP BY k1, k2",1.32,3.08,0.429,11.3,3.5,5,5,"yes",3.331e-16,1,"TAKEN AggregateExec (input rows 1000000 (exact) vs min_rows 0; output kept at one partition (only projections above it))","TAKEN AggregateExec (input rows 1000000 (exact) vs min_rows 1000000; output kept at one partition (only projections above it))",0,1,0.15,0.23,0.25,2.23,0.00,128,200,3.27,3.27
1000000,part1,groupby,g1minmax200,"group-by 1 int32 key, 200 groups, min(x) AS lo, max(x) AS hi","SELECT k, min(x) AS lo, max(x) AS hi FROM grid GROUP BY k",0.89,5.65,0.158,5.5,5.9,5,5,"yes",0.000e0,1,"TAKEN AggregateExec (input rows 1000000 (exact) vs min_rows 0; output kept at one partition (only projections above it))","TAKEN AggregateExec (input rows 1000000 (exact) vs min_rows 1000000; output kept at one partition (only projections above it))",0,1,0.11,0.17,0.20,4.96,0.01,128,200,3.27,3.27
1000000,part1,groupby,g2minmax200,"group-by 2 int32 keys, 200 groups, min(x) AS lo, max(x) AS hi","SELECT k1, k2, min(x) AS lo, max(x) AS hi FROM grid GROUP BY k1, k2",1.37,7.28,0.188,11.5,7.0,5,5,"yes",0.000e0,1,"TAKEN AggregateExec (input rows 1000000 (exact) vs min_rows 0; output kept at one partition (only projections above it))","TAKEN AggregateExec (input rows 1000000 (exact) vs min_rows 1000000; output kept at one partition (only projections above it))",0,1,0.17,0.24,0.29,6.29,0.02,128,200,3.27,3.27
1000000,part1,groupby,g1count10k,"group-by 1 int32 key, 10k groups, count(*) AS n","SELECT k, count(*) AS n FROM grid GROUP BY k",1.25,1.83,0.681,10.4,2.2,5,5,"yes",0.000e0,1,"TAKEN AggregateExec (input rows 1000000 (exact) vs min_rows 0; output kept at one partition (only projections above it))","TAKEN AggregateExec (input rows 1000000 (exact) vs min_rows 1000000; output kept at one partition (only projections above it))",0,1,0.11,0.06,0.08,1.41,0.00,128,10000,3.09,3.09
1000000,part1,groupby,g2count10k,"group-by 2 int32 keys, 10k groups, count(*) AS n","SELECT k1, k2, count(*) AS n FROM grid GROUP BY k1, k2",1.82,2.31,0.788,17.4,2.8,5,5,"yes",0.000e0,1,"TAKEN AggregateExec (input rows 1000000 (exact) vs min_rows 0; output kept at one partition (only projections above it))","TAKEN AggregateExec (input rows 1000000 (exact) vs min_rows 1000000; output kept at one partition (only projections above it))",0,1,0.13,0.11,0.14,1.72,0.01,128,10000,3.09,3.09
1000000,part1,groupby,g1sum10k,"group-by 1 int32 key, 10k groups, sum(x) AS s","SELECT k, sum(x) AS s FROM grid GROUP BY k",1.17,2.49,0.470,10.1,3.0,5,5,"yes",5.212e-16,1,"TAKEN AggregateExec (input rows 1000000 (exact) vs min_rows 0; output kept at one partition (only projections above it))","TAKEN AggregateExec (input rows 1000000 (exact) vs min_rows 1000000; output kept at one partition (only projections above it))",0,1,0.15,0.17,0.19,1.80,0.00,128,10000,3.09,3.09
1000000,part1,groupby,g2sum10k,"group-by 2 int32 keys, 10k groups, sum(x) AS s","SELECT k1, k2, sum(x) AS s FROM grid GROUP BY k1, k2",1.77,3.89,0.456,16.8,3.8,5,5,"yes",5.833e-16,1,"TAKEN AggregateExec (input rows 1000000 (exact) vs min_rows 0; output kept at one partition (only projections above it))","TAKEN AggregateExec (input rows 1000000 (exact) vs min_rows 1000000; output kept at one partition (only projections above it))",0,1,0.14,0.22,0.26,3.04,0.00,128,10000,3.09,3.09
1000000,part1,groupby,g1mean10k,"group-by 1 int32 key, 10k groups, avg(x) AS m","SELECT k, avg(x) AS m FROM grid GROUP BY k",1.27,3.42,0.371,11.7,3.2,5,5,"yes",2.220e-16,1,"TAKEN AggregateExec (input rows 1000000 (exact) vs min_rows 0; output kept at one partition (only projections above it))","TAKEN AggregateExec (input rows 1000000 (exact) vs min_rows 1000000; output kept at one partition (only projections above it))",0,1,0.13,0.17,0.19,2.71,0.00,128,10000,3.09,3.09
1000000,part1,groupby,g2mean10k,"group-by 2 int32 keys, 10k groups, avg(x) AS m","SELECT k1, k2, avg(x) AS m FROM grid GROUP BY k1, k2",1.90,4.11,0.463,18.6,4.0,5,5,"yes",3.331e-16,1,"TAKEN AggregateExec (input rows 1000000 (exact) vs min_rows 0; output kept at one partition (only projections above it))","TAKEN AggregateExec (input rows 1000000 (exact) vs min_rows 1000000; output kept at one partition (only projections above it))",0,1,0.16,0.22,0.25,3.30,0.00,128,10000,3.09,3.09
1000000,part1,groupby,g1minmax10k,"group-by 1 int32 key, 10k groups, min(x) AS lo, max(x) AS hi","SELECT k, min(x) AS lo, max(x) AS hi FROM grid GROUP BY k",1.74,7.41,0.235,16.8,6.5,5,5,"yes",0.000e0,1,"TAKEN AggregateExec (input rows 1000000 (exact) vs min_rows 0; output kept at one partition (only projections above it))","TAKEN AggregateExec (input rows 1000000 (exact) vs min_rows 1000000; output kept at one partition (only projections above it))",0,1,0.13,0.17,0.21,6.59,0.01,128,10000,3.09,3.09
1000000,part1,groupby,g2minmax10k,"group-by 2 int32 keys, 10k groups, min(x) AS lo, max(x) AS hi","SELECT k1, k2, min(x) AS lo, max(x) AS hi FROM grid GROUP BY k1, k2",2.31,10.79,0.214,23.5,7.4,5,5,"yes",0.000e0,1,"TAKEN AggregateExec (input rows 1000000 (exact) vs min_rows 0; output kept at one partition (only projections above it))","TAKEN AggregateExec (input rows 1000000 (exact) vs min_rows 1000000; output kept at one partition (only projections above it))",0,1,0.16,0.24,0.28,9.77,0.01,128,10000,3.09,3.09
1000000,part1,groupby,g1count100k,"group-by 1 int32 key, 100k groups, count(*) AS n","SELECT k, count(*) AS n FROM grid GROUP BY k",2.33,2.02,1.153,28.1,2.3,5,5,"yes",0.000e0,1,"TAKEN AggregateExec (input rows 1000000 (exact) vs min_rows 0; output kept at one partition (only projections above it))","TAKEN AggregateExec (input rows 1000000 (exact) vs min_rows 1000000; output kept at one partition (only projections above it))",0,1,0.10,0.07,0.07,1.60,0.00,128,99995,3.09,3.09
1000000,part1,groupby,g2count100k,"group-by 2 int32 keys, 100k groups, count(*) AS n","SELECT k1, k2, count(*) AS n FROM grid GROUP BY k1, k2",2.86,2.61,1.097,36.5,3.2,5,5,"yes",0.000e0,1,"TAKEN AggregateExec (input rows 1000000 (exact) vs min_rows 0; output kept at one partition (only projections above it))","TAKEN AggregateExec (input rows 1000000 (exact) vs min_rows 1000000; output kept at one partition (only projections above it))",0,1,0.14,0.11,0.14,2.02,0.00,128,99998,3.09,3.09
1000000,part1,groupby,g1sum100k,"group-by 1 int32 key, 100k groups, sum(x) AS s","SELECT k, sum(x) AS s FROM grid GROUP BY k",2.27,3.15,0.720,28.2,3.2,5,5,"yes",5.061e-16,1,"TAKEN AggregateExec (input rows 1000000 (exact) vs min_rows 0; output kept at one partition (only projections above it))","TAKEN AggregateExec (input rows 1000000 (exact) vs min_rows 1000000; output kept at one partition (only projections above it))",0,1,0.15,0.16,0.20,2.44,0.00,128,99995,3.09,3.09
1000000,part1,groupby,g2sum100k,"group-by 2 int32 keys, 100k groups, sum(x) AS s","SELECT k1, k2, sum(x) AS s FROM grid GROUP BY k1, k2",2.95,4.02,0.733,34.7,4.0,5,5,"yes",4.767e-16,1,"TAKEN AggregateExec (input rows 1000000 (exact) vs min_rows 0; output kept at one partition (only projections above it))","TAKEN AggregateExec (input rows 1000000 (exact) vs min_rows 1000000; output kept at one partition (only projections above it))",0,1,0.17,0.22,0.26,3.12,0.00,128,99998,3.09,3.09
1000000,part1,groupby,g1mean100k,"group-by 1 int32 key, 100k groups, avg(x) AS m","SELECT k, avg(x) AS m FROM grid GROUP BY k",2.67,3.01,0.886,31.0,3.0,5,5,"yes",3.331e-16,1,"TAKEN AggregateExec (input rows 1000000 (exact) vs min_rows 0; output kept at one partition (only projections above it))","TAKEN AggregateExec (input rows 1000000 (exact) vs min_rows 1000000; output kept at one partition (only projections above it))",0,1,0.14,0.17,0.19,2.34,0.00,128,99995,3.09,3.09
1000000,part1,groupby,g2mean100k,"group-by 2 int32 keys, 100k groups, avg(x) AS m","SELECT k1, k2, avg(x) AS m FROM grid GROUP BY k1, k2",3.17,3.86,0.821,39.2,3.7,5,5,"yes",3.331e-16,1,"TAKEN AggregateExec (input rows 1000000 (exact) vs min_rows 0; output kept at one partition (only projections above it))","TAKEN AggregateExec (input rows 1000000 (exact) vs min_rows 1000000; output kept at one partition (only projections above it))",0,1,0.13,0.23,0.24,3.03,0.00,128,99998,3.09,3.09
1000000,part1,groupby,g1minmax100k,"group-by 1 int32 key, 100k groups, min(x) AS lo, max(x) AS hi","SELECT k, min(x) AS lo, max(x) AS hi FROM grid GROUP BY k",3.02,5.84,0.517,36.4,6.4,5,5,"yes",0.000e0,1,"TAKEN AggregateExec (input rows 1000000 (exact) vs min_rows 0; output kept at one partition (only projections above it))","TAKEN AggregateExec (input rows 1000000 (exact) vs min_rows 1000000; output kept at one partition (only projections above it))",0,1,0.13,0.18,0.19,4.57,0.01,128,99995,3.09,3.09
1000000,part1,groupby,g2minmax100k,"group-by 2 int32 keys, 100k groups, min(x) AS lo, max(x) AS hi","SELECT k1, k2, min(x) AS lo, max(x) AS hi FROM grid GROUP BY k1, k2",3.53,6.36,0.555,44.6,7.1,5,5,"yes",0.000e0,1,"TAKEN AggregateExec (input rows 1000000 (exact) vs min_rows 0; output kept at one partition (only projections above it))","TAKEN AggregateExec (input rows 1000000 (exact) vs min_rows 1000000; output kept at one partition (only projections above it))",0,1,0.17,0.24,0.25,4.89,0.01,128,99998,3.09,3.09
1000000,part1,groupby,g1count1M,"group-by 1 int32 key, 1M groups, count(*) AS n","SELECT k, count(*) AS n FROM grid GROUP BY k",3.78,3.08,1.229,45.5,3.0,5,5,"yes",0.000e0,1,"TAKEN AggregateExec (input rows 1000000 (exact) vs min_rows 0; output kept at one partition (only projections above it))","TAKEN AggregateExec (input rows 1000000 (exact) vs min_rows 1000000; output kept at one partition (only projections above it))",0,1,0.12,0.06,0.07,2.61,0.00,128,631988,3.09,3.09
1000000,part1,groupby,g2count1M,"group-by 2 int32 keys, 1M groups, count(*) AS n","SELECT k1, k2, count(*) AS n FROM grid GROUP BY k1, k2",4.23,3.70,1.142,52.9,3.9,5,5,"yes",0.000e0,1,"TAKEN AggregateExec (input rows 1000000 (exact) vs min_rows 0; output kept at one partition (only projections above it))","TAKEN AggregateExec (input rows 1000000 (exact) vs min_rows 1000000; output kept at one partition (only projections above it))",0,1,0.12,0.12,0.15,3.09,0.00,128,632071,3.09,3.09
1000000,part1,groupby,g1sum1M,"group-by 1 int32 key, 1M groups, sum(x) AS s","SELECT k, sum(x) AS s FROM grid GROUP BY k",3.61,6.31,0.572,46.2,3.4,5,5,"yes",4.153e-16,1,"TAKEN AggregateExec (input rows 1000000 (exact) vs min_rows 0; output kept at one partition (only projections above it))","TAKEN AggregateExec (input rows 1000000 (exact) vs min_rows 1000000; output kept at one partition (only projections above it))",0,1,0.12,0.17,0.19,5.61,0.00,128,631988,3.09,3.09
1000000,part1,groupby,g2sum1M,"group-by 2 int32 keys, 1M groups, sum(x) AS s","SELECT k1, k2, sum(x) AS s FROM grid GROUP BY k1, k2",4.02,6.87,0.585,52.7,4.2,5,5,"yes",4.101e-16,1,"TAKEN AggregateExec (input rows 1000000 (exact) vs min_rows 0; output kept at one partition (only projections above it))","TAKEN AggregateExec (input rows 1000000 (exact) vs min_rows 1000000; output kept at one partition (only projections above it))",0,1,0.13,0.23,0.26,5.99,0.00,128,632071,3.09,3.09
1000000,part1,groupby,g1mean1M,"group-by 1 int32 key, 1M groups, avg(x) AS m","SELECT k, avg(x) AS m FROM grid GROUP BY k",3.80,6.48,0.586,49.1,3.5,5,5,"yes",2.220e-16,1,"TAKEN AggregateExec (input rows 1000000 (exact) vs min_rows 0; output kept at one partition (only projections above it))","TAKEN AggregateExec (input rows 1000000 (exact) vs min_rows 1000000; output kept at one partition (only projections above it))",0,1,0.12,0.17,0.20,5.79,0.00,128,631988,3.09,3.09
1000000,part1,groupby,g2mean1M,"group-by 2 int32 keys, 1M groups, avg(x) AS m","SELECT k1, k2, avg(x) AS m FROM grid GROUP BY k1, k2",4.48,6.90,0.649,55.2,4.1,5,5,"yes",2.220e-16,1,"TAKEN AggregateExec (input rows 1000000 (exact) vs min_rows 0; output kept at one partition (only projections above it))","TAKEN AggregateExec (input rows 1000000 (exact) vs min_rows 1000000; output kept at one partition (only projections above it))",0,1,0.15,0.23,0.24,6.03,0.01,128,632071,3.09,3.09
1000000,part1,groupby,g1minmax1M,"group-by 1 int32 key, 1M groups, min(x) AS lo, max(x) AS hi","SELECT k, min(x) AS lo, max(x) AS hi FROM grid GROUP BY k",4.30,9.26,0.465,52.0,9.6,5,5,"yes",0.000e0,1,"TAKEN AggregateExec (input rows 1000000 (exact) vs min_rows 0; output kept at one partition (only projections above it))","TAKEN AggregateExec (input rows 1000000 (exact) vs min_rows 1000000; output kept at one partition (only projections above it))",0,1,0.14,0.17,0.20,5.96,0.02,128,631988,3.09,3.09
1000000,part1,groupby,g2minmax1M,"group-by 2 int32 keys, 1M groups, min(x) AS lo, max(x) AS hi","SELECT k1, k2, min(x) AS lo, max(x) AS hi FROM grid GROUP BY k1, k2",4.72,11.40,0.414,59.5,11.3,5,5,"yes",0.000e0,1,"TAKEN AggregateExec (input rows 1000000 (exact) vs min_rows 0; output kept at one partition (only projections above it))","TAKEN AggregateExec (input rows 1000000 (exact) vs min_rows 1000000; output kept at one partition (only projections above it))",0,1,0.12,0.24,0.28,6.82,0.01,128,632071,3.09,3.09
1000000,part1,groupby,g1countR2,"group-by 1 int32 key, R2 groups, count(*) AS n","SELECT k, count(*) AS n FROM grid GROUP BY k",3.26,2.90,1.126,40.4,2.9,5,5,"yes",0.000e0,1,"TAKEN AggregateExec (input rows 1000000 (exact) vs min_rows 0; output kept at one partition (only projections above it))","TAKEN AggregateExec (input rows 1000000 (exact) vs min_rows 1000000; output kept at one partition (only projections above it))",0,1,0.08,0.07,0.09,2.37,0.00,128,432472,3.09,3.09
1000000,part1,groupby,g2countR2,"group-by 2 int32 keys, R2 groups, count(*) AS n","SELECT k1, k2, count(*) AS n FROM grid GROUP BY k1, k2",3.83,3.49,1.096,49.8,3.8,5,5,"yes",0.000e0,1,"TAKEN AggregateExec (input rows 1000000 (exact) vs min_rows 0; output kept at one partition (only projections above it))","TAKEN AggregateExec (input rows 1000000 (exact) vs min_rows 1000000; output kept at one partition (only projections above it))",0,1,0.14,0.12,0.14,2.84,0.00,128,432084,3.09,3.09
1000000,part1,groupby,g1sumR2,"group-by 1 int32 key, R2 groups, sum(x) AS s","SELECT k, sum(x) AS s FROM grid GROUP BY k",3.22,5.41,0.596,41.2,3.5,5,5,"yes",4.322e-16,1,"TAKEN AggregateExec (input rows 1000000 (exact) vs min_rows 0; output kept at one partition (only projections above it))","TAKEN AggregateExec (input rows 1000000 (exact) vs min_rows 1000000; output kept at one partition (only projections above it))",0,1,0.14,0.17,0.20,4.69,0.00,128,432472,3.09,3.09
1000000,part1,groupby,g2sumR2,"group-by 2 int32 keys, R2 groups, sum(x) AS s","SELECT k1, k2, sum(x) AS s FROM grid GROUP BY k1, k2",3.87,5.56,0.695,48.2,4.0,5,5,"yes",4.195e-16,1,"TAKEN AggregateExec (input rows 1000000 (exact) vs min_rows 0; output kept at one partition (only projections above it))","TAKEN AggregateExec (input rows 1000000 (exact) vs min_rows 1000000; output kept at one partition (only projections above it))",0,1,0.16,0.23,0.27,4.68,0.00,128,432084,3.09,3.09
1000000,part1,groupby,g1meanR2,"group-by 1 int32 key, R2 groups, avg(x) AS m","SELECT k, avg(x) AS m FROM grid GROUP BY k",3.54,5.58,0.635,44.4,3.5,5,5,"yes",2.220e-16,1,"TAKEN AggregateExec (input rows 1000000 (exact) vs min_rows 0; output kept at one partition (only projections above it))","TAKEN AggregateExec (input rows 1000000 (exact) vs min_rows 1000000; output kept at one partition (only projections above it))",0,1,0.13,0.17,0.19,4.88,0.00,128,432472,3.09,3.09
1000000,part1,groupby,g2meanR2,"group-by 2 int32 keys, R2 groups, avg(x) AS m","SELECT k1, k2, avg(x) AS m FROM grid GROUP BY k1, k2",4.11,5.53,0.742,52.7,3.7,5,5,"yes",3.331e-16,1,"TAKEN AggregateExec (input rows 1000000 (exact) vs min_rows 0; output kept at one partition (only projections above it))","TAKEN AggregateExec (input rows 1000000 (exact) vs min_rows 1000000; output kept at one partition (only projections above it))",0,1,0.13,0.22,0.24,4.74,0.00,128,432084,3.09,3.09
1000000,part1,groupby,g1minmaxR2,"group-by 1 int32 key, R2 groups, min(x) AS lo, max(x) AS hi","SELECT k, min(x) AS lo, max(x) AS hi FROM grid GROUP BY k",4.13,9.80,0.421,49.9,9.4,5,5,"yes",0.000e0,1,"TAKEN AggregateExec (input rows 1000000 (exact) vs min_rows 0; output kept at one partition (only projections above it))","TAKEN AggregateExec (input rows 1000000 (exact) vs min_rows 1000000; output kept at one partition (only projections above it))",0,1,0.23,0.19,0.25,6.98,0.02,128,432472,3.09,3.09
1000000,part1,groupby,g2minmaxR2,"group-by 2 int32 keys, R2 groups, min(x) AS lo, max(x) AS hi","SELECT k1, k2, min(x) AS lo, max(x) AS hi FROM grid GROUP BY k1, k2",4.57,9.46,0.482,57.7,9.7,5,5,"yes",0.000e0,1,"TAKEN AggregateExec (input rows 1000000 (exact) vs min_rows 0; output kept at one partition (only projections above it))","TAKEN AggregateExec (input rows 1000000 (exact) vs min_rows 1000000; output kept at one partition (only projections above it))",0,1,0.16,0.24,0.26,6.04,0.01,128,432084,3.09,3.09
1000000,part1,distinct,u_small,"distinct (int32, int32), 10k groups","SELECT DISTINCT region, sub FROM fact",1.67,2.29,0.728,16.0,2.9,5,5,"yes",0.000e0,1,"TAKEN AggregateExec (input rows 1000000 (exact) vs min_rows 0; output kept at one partition (only projections above it))","TAKEN AggregateExec (input rows 1000000 (exact) vs min_rows 1000000; output kept at one partition (only projections above it))",0,1,0.13,0.12,0.14,1.75,0.00,128,10000,3.09,3.09
1000000,part1,filter,a_sumcnt,"filtered sum + count over the whole table (control)","SELECT sum(amount) AS total, count(*) AS n FROM fact WHERE region < 20 AND qty > 10",0.64,1.58,0.403,3.7,2.2,5,5,"yes",3.819e-16,1,"LEFT AggregateExec (no GROUP BY keys (a whole-table aggregate)) | LEFT AggregateExec (Partial aggregate whose Final was not replaced) | TAKEN FilterExec (input rows 1000000 (exact) vs min_rows 0; re-partitioned)","LEFT AggregateExec (no GROUP BY keys (a whole-table aggregate)) | LEFT AggregateExec (Partial aggregate whose Final was not replaced) | TAKEN FilterExec (input rows 1000000 (exact) vs min_rows 1000000; re-partitioned)",0,1,0.13,0.27,0.31,0.52,0.00,128,1,3.09,3.09
10000000,b8192,sort,srt_i64,"sort 3 columns by an int64 key","SELECT q, k1, x FROM extra ORDER BY q",307.35,19.17,16.032,976.6,14.6,5,5,"yes",0.000e0,1,"TAKEN SortPreservingMergeExec (input rows 10000000 (exact) vs min_rows 0; projection kept above it)","TAKEN SortPreservingMergeExec (input rows 10000000 (exact) vs min_rows 1000000; projection kept above it)",0,1,1.45,3.85,2.94,10.04,0.01,1221,10000000,3.09,3.01
10000000,b8192,sort,srt_f64,"sort 3 columns by a Float64 key","SELECT q, k1, x FROM extra ORDER BY x",329.47,26.82,12.285,1044.0,15.2,5,5,"yes",0.000e0,1,"TAKEN SortPreservingMergeExec (input rows 10000000 (exact) vs min_rows 0; projection kept above it)","TAKEN SortPreservingMergeExec (input rows 10000000 (exact) vs min_rows 1000000; projection kept above it)",0,1,1.35,4.02,2.95,17.54,0.01,1221,10000000,3.09,3.01
10000000,b8192,sort,srt_str,"sort 3 columns by a String key (1000 values)","SELECT name, q, k1 FROM extra ORDER BY name",369.90,22.59,16.374,1325.3,16.6,5,5,"yes",0.000e0,1,"TAKEN SortPreservingMergeExec (input rows 10000000 (exact) vs min_rows 0; projection kept above it)","TAKEN SortPreservingMergeExec (input rows 10000000 (exact) vs min_rows 1000000; projection kept above it)",0,1,1.52,4.31,2.73,13.02,0.02,1221,10000000,3.09,3.01
10000000,b8192,sort,top_i64,"top 100 by an int64 key (control)","SELECT q, k1, x FROM extra ORDER BY q LIMIT 100",1.76,13.72,0.128,17.9,15.7,5,5,"yes",0.000e0,1,"TAKEN SortPreservingMergeExec (input rows 10000000 (exact) vs min_rows 0; projection kept above it)","TAKEN SortPreservingMergeExec (input rows 10000000 (exact) vs min_rows 1000000; projection kept above it)",0,1,1.34,3.97,2.88,4.99,0.01,1221,100,3.09,3.01
10000000,b8192,sort,top_f64,"top 100 by Float64, descending (control)","SELECT q, k1, x FROM extra ORDER BY x DESC LIMIT 100",2.00,32.56,0.062,20.3,16.0,5,5,"yes",0.000e0,1,"TAKEN SortPreservingMergeExec (input rows 10000000 (exact) vs min_rows 0; projection kept above it)","TAKEN SortPreservingMergeExec (input rows 10000000 (exact) vs min_rows 1000000; projection kept above it)",0,1,1.37,3.81,2.90,23.97,0.01,1221,100,3.09,3.01
10000000,b8192,join,j_inner_10k,"inner join, 10k-row build, count + sum over the whole result","SELECT count(*) AS n, sum(b.w) AS s FROM probe p JOIN build b ON p.k = b.k",7.26,7.39,0.983,63.2,63.9,5,5,"yes",1.858e-16,0,"LEFT AggregateExec (no GROUP BY keys (a whole-table aggregate)) | LEFT AggregateExec (Partial aggregate whose Final was not replaced)","LEFT AggregateExec (no GROUP BY keys (a whole-table aggregate)) | LEFT AggregateExec (Partial aggregate whose Final was not replaced)",0,0,0.00,0.00,0.00,0.00,0.00,0,1,3.01,3.01
10000000,b8192,join,jg_inner_10k,"inner join, 10k-row build, then group by the probe key: count + sum","SELECT p.k, count(*) AS n, sum(p.v) AS s FROM probe p JOIN build b ON p.k = b.k GROUP BY p.k",11.33,14.65,0.774,97.7,73.2,5,5,"yes",5.907e-16,1,"TAKEN AggregateExec (input rows ~10000 (inexact, accepted) vs min_rows 0; output kept at one partition (only projections above it))","LEFT AggregateExec (input rows ~10000 are an estimate (accept_inexact is off)) | LEFT AggregateExec (Partial aggregate whose Final was not replaced)",0,1,5.38,1.92,1.32,4.94,0.01,825,10000,3.01,3.01
10000000,b8192,join,j_left_10k,"left join, 10k-row build, count + sum over the whole result","SELECT count(*) AS n, sum(b.w) AS s FROM probe p LEFT JOIN build b ON p.k = b.k",13.20,13.06,1.011,114.7,114.6,5,5,"yes",1.858e-16,0,"LEFT AggregateExec (no GROUP BY keys (a whole-table aggregate)) | LEFT AggregateExec (Partial aggregate whose Final was not replaced)","LEFT AggregateExec (no GROUP BY keys (a whole-table aggregate)) | LEFT AggregateExec (Partial aggregate whose Final was not replaced)",0,0,0.00,0.00,0.00,0.00,0.00,0,1,3.01,3.01
10000000,b8192,join,jg_left_10k,"left join, 10k-row build, then group by the probe key: count + sum","SELECT p.k, count(*) AS n, sum(p.v) AS s FROM probe p LEFT JOIN build b ON p.k = b.k GROUP BY p.k",18.89,23.71,0.797,169.9,117.4,5,5,"yes",6.040e-16,1,"TAKEN AggregateExec (input rows ~10000000 (inexact, accepted) vs min_rows 0; output kept at one partition (only projections above it))","LEFT AggregateExec (input rows ~10000000 are an estimate (accept_inexact is off)) | LEFT AggregateExec (Partial aggregate whose Final was not replaced)",0,1,7.98,3.06,2.49,9.06,0.01,1221,20000,3.01,3.01
10000000,b8192,join,j_inner_1M,"inner join, 1M-row build, count + sum over the whole result","SELECT count(*) AS n, sum(b.w) AS s FROM probe p JOIN build b ON p.k = b.k",12.61,12.28,1.027,170.4,168.2,5,5,"yes",1.864e-16,0,"LEFT AggregateExec (no GROUP BY keys (a whole-table aggregate)) | LEFT AggregateExec (Partial aggregate whose Final was not replaced)","LEFT AggregateExec (no GROUP BY keys (a whole-table aggregate)) | LEFT AggregateExec (Partial aggregate whose Final was not replaced)",0,0,0.00,0.00,0.00,0.00,0.00,0,1,3.01,3.01
10000000,b8192,join,jg_inner_1M,"inner join, 1M-row build, then group by the probe key: count + sum","SELECT p.k, count(*) AS n, sum(p.v) AS s FROM probe p JOIN build b ON p.k = b.k GROUP BY p.k",21.36,30.37,0.703,297.7,201.7,5,5,"yes",5.019e-16,1,"TAKEN AggregateExec (input rows ~1000000 (inexact, accepted) vs min_rows 0; output kept at one partition (only projections above it))","LEFT AggregateExec (input rows ~1000000 are an estimate (accept_inexact is off))",0,1,13.76,1.96,1.33,12.27,0.01,836,993373,3.01,3.01
10000000,b8192,join,j_left_1M,"left join, 1M-row build, count + sum over the whole result","SELECT count(*) AS n, sum(b.w) AS s FROM probe p LEFT JOIN build b ON p.k = b.k",15.51,15.33,1.012,218.4,217.7,5,5,"yes",1.864e-16,0,"LEFT AggregateExec (no GROUP BY keys (a whole-table aggregate)) | LEFT AggregateExec (Partial aggregate whose Final was not replaced)","LEFT AggregateExec (no GROUP BY keys (a whole-table aggregate)) | LEFT AggregateExec (Partial aggregate whose Final was not replaced)",0,0,0.00,0.00,0.00,0.00,0.00,0,1,3.01,3.01
10000000,b8192,join,jg_left_1M,"left join, 1M-row build, then group by the probe key: count + sum","SELECT p.k, count(*) AS n, sum(p.v) AS s FROM probe p LEFT JOIN build b ON p.k = b.k GROUP BY p.k",35.10,46.96,0.748,512.2,247.0,5,5,"yes",5.378e-16,1,"TAKEN AggregateExec (input rows ~10000000 (inexact, accepted) vs min_rows 0; output kept at one partition (only projections above it))","LEFT AggregateExec (input rows ~10000000 are an estimate (accept_inexact is off))",0,1,16.34,3.31,2.52,23.64,0.01,1232,1986527,3.01,3.01
10000000,b8192,join,j_inner_10M,"inner join, 10M-row build, count + sum over the whole result","SELECT count(*) AS n, sum(b.w) AS s FROM probe p JOIN build b ON p.k = b.k",36.70,36.89,0.995,529.7,527.4,5,5,"yes",3.727e-16,0,"LEFT AggregateExec (no GROUP BY keys (a whole-table aggregate)) | LEFT AggregateExec (Partial aggregate whose Final was not replaced)","LEFT AggregateExec (no GROUP BY keys (a whole-table aggregate)) | LEFT AggregateExec (Partial aggregate whose Final was not replaced)",0,0,0.00,0.00,0.00,0.00,0.00,0,1,3.01,4.13
10000000,b8192,join,jg_inner_10M,"inner join, 10M-row build, then group by the probe key: count + sum","SELECT p.k, count(*) AS n, sum(p.v) AS s FROM probe p JOIN build b ON p.k = b.k GROUP BY p.k",46.01,78.55,0.586,636.8,448.7,5,5,"yes",3.913e-16,1,"TAKEN AggregateExec (input rows ~10000000 (inexact, accepted) vs min_rows 0; output kept at one partition (only projections above it))","LEFT AggregateExec (input rows ~10000000 are an estimate (accept_inexact is off))",0,1,30.21,1.97,1.36,43.59,0.01,825,3933544,3.01,4.13
10000000,b8192,join,j_left_10M,"left join, 10M-row build, count + sum over the whole result","SELECT count(*) AS n, sum(b.w) AS s FROM probe p LEFT JOIN build b ON p.k = b.k",42.85,42.90,0.999,595.1,585.0,5,5,"yes",1.863e-16,0,"LEFT AggregateExec (no GROUP BY keys (a whole-table aggregate)) | LEFT AggregateExec (Partial aggregate whose Final was not replaced)","LEFT AggregateExec (no GROUP BY keys (a whole-table aggregate)) | LEFT AggregateExec (Partial aggregate whose Final was not replaced)",0,0,0.00,0.00,0.00,0.00,0.00,0,1,3.01,4.13
10000000,b8192,join,jg_left_10M,"left join, 10M-row build, then group by the probe key: count + sum","SELECT p.k, count(*) AS n, sum(p.v) AS s FROM probe p LEFT JOIN build b ON p.k = b.k GROUP BY p.k",67.75,136.90,0.495,948.5,484.7,5,5,"yes",4.341e-16,1,"TAKEN AggregateExec (input rows ~10000000 (inexact, accepted) vs min_rows 0; output kept at one partition (only projections above it))","LEFT AggregateExec (input rows ~10000000 are an estimate (accept_inexact is off))",0,1,31.97,4.35,2.61,96.41,0.01,1232,7869694,3.01,4.13
10000000,b8192,groupby,g1count200,"group-by 1 int32 key, 200 groups, count(*) AS n","SELECT k, count(*) AS n FROM grid GROUP BY k",3.95,9.27,0.426,39.3,8.2,5,5,"yes",0.000e0,1,"TAKEN AggregateExec (input rows 10000000 (exact) vs min_rows 0; output kept at one partition (only projections above it))","TAKEN AggregateExec (input rows 10000000 (exact) vs min_rows 1000000; output kept at one partition (only projections above it))",0,1,1.29,0.75,0.64,6.22,0.01,1221,200,3.45,3.45
10000000,b8192,groupby,g2count200,"group-by 2 int32 keys, 200 groups, count(*) AS n","SELECT k1, k2, count(*) AS n FROM grid GROUP BY k1, k2",8.61,8.80,0.979,91.3,11.4,5,5,"yes",0.000e0,1,"TAKEN AggregateExec (input rows 10000000 (exact) vs min_rows 0; output kept at one partition (only projections above it))","TAKEN AggregateExec (input rows 10000000 (exact) vs min_rows 1000000; output kept at one partition (only projections above it))",0,1,1.35,1.94,1.23,3.78,0.01,1221,200,3.45,3.45
10000000,b8192,groupby,g1sum200,"group-by 1 int32 key, 200 groups, sum(x) AS s","SELECT k, sum(x) AS s FROM grid GROUP BY k",4.02,10.53,0.381,38.1,11.8,5,5,"yes",1.459e-15,1,"TAKEN AggregateExec (input rows 10000000 (exact) vs min_rows 0; output kept at one partition (only projections above it))","TAKEN AggregateExec (input rows 10000000 (exact) vs min_rows 1000000; output kept at one partition (only projections above it))",0,1,1.35,2.50,1.73,4.52,0.01,1221,200,3.45,3.45
10000000,b8192,groupby,g2sum200,"group-by 2 int32 keys, 200 groups, sum(x) AS s","SELECT k1, k2, sum(x) AS s FROM grid GROUP BY k1, k2",8.50,14.60,0.582,90.9,16.7,5,5,"yes",1.299e-15,1,"TAKEN AggregateExec (input rows 10000000 (exact) vs min_rows 0; output kept at one partition (only projections above it))","TAKEN AggregateExec (input rows 10000000 (exact) vs min_rows 1000000; output kept at one partition (only projections above it))",0,1,1.58,4.38,2.21,5.82,0.01,1221,200,3.45,3.45
10000000,b8192,groupby,g1mean200,"group-by 1 int32 key, 200 groups, avg(x) AS m","SELECT k, avg(x) AS m FROM grid GROUP BY k",4.05,10.56,0.384,40.4,11.5,5,5,"yes",6.661e-16,1,"TAKEN AggregateExec (input rows 10000000 (exact) vs min_rows 0; output kept at one partition (only projections above it))","TAKEN AggregateExec (input rows 10000000 (exact) vs min_rows 1000000; output kept at one partition (only projections above it))",0,1,1.35,2.41,1.72,4.68,0.00,1221,200,3.45,3.45
10000000,b8192,groupby,g2mean200,"group-by 2 int32 keys, 200 groups, avg(x) AS m","SELECT k1, k2, avg(x) AS m FROM grid GROUP BY k1, k2",8.52,14.50,0.588,93.2,15.9,5,5,"yes",6.661e-16,1,"TAKEN AggregateExec (input rows 10000000 (exact) vs min_rows 0; output kept at one partition (only projections above it))","TAKEN AggregateExec (input rows 10000000 (exact) vs min_rows 1000000; output kept at one partition (only projections above it))",0,1,1.41,4.40,2.20,6.05,0.01,1221,200,3.45,3.45
10000000,b8192,groupby,g1minmax200,"group-by 1 int32 key, 200 groups, min(x) AS lo, max(x) AS hi","SELECT k, min(x) AS lo, max(x) AS hi FROM grid GROUP BY k",4.30,20.16,0.213,41.9,15.2,5,5,"yes",0.000e0,1,"TAKEN AggregateExec (input rows 10000000 (exact) vs min_rows 0; output kept at one partition (only projections above it))","TAKEN AggregateExec (input rows 10000000 (exact) vs min_rows 1000000; output kept at one partition (only projections above it))",0,1,1.27,2.50,1.75,14.15,0.01,1221,200,3.45,3.45
10000000,b8192,groupby,g2minmax200,"group-by 2 int32 keys, 200 groups, min(x) AS lo, max(x) AS hi","SELECT k1, k2, min(x) AS lo, max(x) AS hi FROM grid GROUP BY k1, k2",8.84,22.92,0.386,95.5,19.0,5,5,"yes",0.000e0,1,"TAKEN AggregateExec (input rows 10000000 (exact) vs min_rows 0; output kept at one partition (only projections above it))","TAKEN AggregateExec (input rows 10000000 (exact) vs min_rows 1000000; output kept at one partition (only projections above it))",0,1,1.53,3.46,2.44,14.92,0.01,1221,200,3.45,3.45
10000000,b8192,groupby,g1count10k,"group-by 1 int32 key, 10k groups, count(*) AS n","SELECT k, count(*) AS n FROM grid GROUP BY k",4.65,5.63,0.825,47.5,7.4,5,5,"yes",0.000e0,1,"TAKEN AggregateExec (input rows 10000000 (exact) vs min_rows 0; output kept at one partition (only projections above it))","TAKEN AggregateExec (input rows 10000000 (exact) vs min_rows 1000000; output kept at one partition (only projections above it))",0,1,1.14,1.00,0.64,2.52,0.01,1221,10000,3.45,3.45
10000000,b8192,groupby,g2count10k,"group-by 2 int32 keys, 10k groups, count(*) AS n","SELECT k1, k2, count(*) AS n FROM grid GROUP BY k1, k2",9.37,8.12,1.155,101.6,11.5,5,5,"yes",0.000e0,1,"TAKEN AggregateExec (input rows 10000000 (exact) vs min_rows 0; output kept at one partition (only projections above it))","TAKEN AggregateExec (input rows 10000000 (exact) vs min_rows 1000000; output kept at one partition (only projections above it))",0,1,1.49,1.83,1.10,3.29,0.01,1221,10000,3.45,3.45
10000000,b8192,groupby,g1sum10k,"group-by 1 int32 key, 10k groups, sum(x) AS s","SELECT k, sum(x) AS s FROM grid GROUP BY k",4.63,13.54,0.342,46.1,12.3,5,5,"yes",4.886e-16,1,"TAKEN AggregateExec (input rows 10000000 (exact) vs min_rows 0; output kept at one partition (only projections above it))","TAKEN AggregateExec (input rows 10000000 (exact) vs min_rows 1000000; output kept at one partition (only projections above it))",0,1,1.42,2.46,1.83,7.44,0.01,1221,10000,3.45,3.45
10000000,b8192,groupby,g2sum10k,"group-by 2 int32 keys, 10k groups, sum(x) AS s","SELECT k1, k2, sum(x) AS s FROM grid GROUP BY k1, k2",9.17,16.03,0.572,99.9,15.0,5,5,"yes",4.942e-16,1,"TAKEN AggregateExec (input rows 10000000 (exact) vs min_rows 0; output kept at one partition (only projections above it))","TAKEN AggregateExec (input rows 10000000 (exact) vs min_rows 1000000; output kept at one partition (only projections above it))",0,1,1.38,3.40,2.38,8.44,0.01,1221,10000,3.45,3.45
10000000,b8192,groupby,g1mean10k,"group-by 1 int32 key, 10k groups, avg(x) AS m","SELECT k, avg(x) AS m FROM grid GROUP BY k",5.28,13.80,0.382,55.2,12.6,5,5,"yes",3.331e-16,1,"TAKEN AggregateExec (input rows 10000000 (exact) vs min_rows 0; output kept at one partition (only projections above it))","TAKEN AggregateExec (input rows 10000000 (exact) vs min_rows 1000000; output kept at one partition (only projections above it))",0,1,1.32,2.56,1.77,7.75,0.01,1221,10000,3.45,3.45
10000000,b8192,groupby,g2mean10k,"group-by 2 int32 keys, 10k groups, avg(x) AS m","SELECT k1, k2, avg(x) AS m FROM grid GROUP BY k1, k2",9.96,15.87,0.627,108.3,14.8,5,5,"yes",2.220e-16,1,"TAKEN AggregateExec (input rows 10000000 (exact) vs min_rows 0; output kept at one partition (only projections above it))","TAKEN AggregateExec (input rows 10000000 (exact) vs min_rows 1000000; output kept at one partition (only projections above it))",0,1,1.34,3.51,2.26,8.36,0.01,1221,10000,3.45,3.45
10000000,b8192,groupby,g1minmax10k,"group-by 1 int32 key, 10k groups, min(x) AS lo, max(x) AS hi","SELECT k, min(x) AS lo, max(x) AS hi FROM grid GROUP BY k",6.18,23.42,0.264,63.1,16.1,5,5,"yes",0.000e0,1,"TAKEN AggregateExec (input rows 10000000 (exact) vs min_rows 0; output kept at one partition (only projections above it))","TAKEN AggregateExec (input rows 10000000 (exact) vs min_rows 1000000; output kept at one partition (only projections above it))",0,1,1.45,2.49,1.71,17.16,0.01,1221,10000,3.45,3.45
10000000,b8192,groupby,g2minmax10k,"group-by 2 int32 keys, 10k groups, min(x) AS lo, max(x) AS hi","SELECT k1, k2, min(x) AS lo, max(x) AS hi FROM grid GROUP BY k1, k2",10.92,25.92,0.421,117.5,18.8,5,5,"yes",0.000e0,1,"TAKEN AggregateExec (input rows 10000000 (exact) vs min_rows 0; output kept at one partition (only projections above it))","TAKEN AggregateExec (input rows 10000000 (exact) vs min_rows 1000000; output kept at one partition (only projections above it))",0,1,1.44,3.52,2.41,17.97,0.02,1221,10000,3.45,3.45
10000000,b8192,groupby,g1count100k,"group-by 1 int32 key, 100k groups, count(*) AS n","SELECT k, count(*) AS n FROM grid GROUP BY k",10.28,11.14,0.923,125.7,8.6,5,5,"yes",0.000e0,1,"TAKEN AggregateExec (input rows 10000000 (exact) vs min_rows 0; output kept at one partition (only projections above it))","TAKEN AggregateExec (input rows 10000000 (exact) vs min_rows 1000000; output kept at one partition (only projections above it))",0,1,1.22,0.94,0.60,8.00,0.01,1221,100000,3.08,3.08
10000000,b8192,groupby,g2count100k,"group-by 2 int32 keys, 100k groups, count(*) AS n","SELECT k1, k2, count(*) AS n FROM grid GROUP BY k1, k2",14.97,8.68,1.726,179.2,11.2,5,5,"yes",0.000e0,1,"TAKEN AggregateExec (input rows 10000000 (exact) vs min_rows 0; output kept at one partition (only projections above it))","TAKEN AggregateExec (input rows 10000000 (exact) vs min_rows 1000000; output kept at one partition (only projections above it))",0,1,1.34,1.89,1.23,3.75,0.01,1221,100000,3.08,3.08
10000000,b8192,groupby,g1sum100k,"group-by 1 int32 key, 100k groups, sum(x) AS s","SELECT k, sum(x) AS s FROM grid GROUP BY k",10.18,14.55,0.700,121.1,12.5,5,5,"yes",5.738e-16,1,"TAKEN AggregateExec (input rows 10000000 (exact) vs min_rows 0; output kept at one partition (only projections above it))","TAKEN AggregateExec (input rows 10000000 (exact) vs min_rows 1000000; output kept at one partition (only projections above it))",0,1,1.43,2.43,1.73,8.55,0.01,1221,100000,3.08,3.08
10000000,b8192,groupby,g2sum100k,"group-by 2 int32 keys, 100k groups, sum(x) AS s","SELECT k1, k2, sum(x) AS s FROM grid GROUP BY k1, k2",15.19,16.85,0.901,181.5,15.2,5,5,"yes",5.816e-16,1,"TAKEN AggregateExec (input rows 10000000 (exact) vs min_rows 0; output kept at one partition (only projections above it))","TAKEN AggregateExec (input rows 10000000 (exact) vs min_rows 1000000; output kept at one partition (only projections above it))",0,1,1.38,3.23,2.42,9.30,0.01,1221,100000,3.08,3.08
10000000,b8192,groupby,g1mean100k,"group-by 1 int32 key, 100k groups, avg(x) AS m","SELECT k, avg(x) AS m FROM grid GROUP BY k",12.06,14.65,0.823,144.7,12.3,5,5,"yes",3.331e-16,1,"TAKEN AggregateExec (input rows 10000000 (exact) vs min_rows 0; output kept at one partition (only projections above it))","TAKEN AggregateExec (input rows 10000000 (exact) vs min_rows 1000000; output kept at one partition (only projections above it))",0,1,1.27,2.50,1.76,8.62,0.01,1221,100000,3.08,3.08
10000000,b8192,groupby,g2mean100k,"group-by 2 int32 keys, 100k groups, avg(x) AS m","SELECT k1, k2, avg(x) AS m FROM grid GROUP BY k1, k2",17.28,16.77,1.031,213.3,15.1,5,5,"yes",3.331e-16,1,"TAKEN AggregateExec (input rows 10000000 (exact) vs min_rows 0; output kept at one partition (only projections above it))","TAKEN AggregateExec (input rows 10000000 (exact) vs min_rows 1000000; output kept at one partition (only projections above it))",0,1,1.35,3.26,2.33,9.33,0.01,1221,100000,3.08,3.08
10000000,b8192,groupby,g1minmax100k,"group-by 1 int32 key, 100k groups, min(x) AS lo, max(x) AS hi","SELECT k, min(x) AS lo, max(x) AS hi FROM grid GROUP BY k",16.13,24.26,0.665,198.1,15.8,5,5,"yes",0.000e0,1,"TAKEN AggregateExec (input rows 10000000 (exact) vs min_rows 0; output kept at one partition (only projections above it))","TAKEN AggregateExec (input rows 10000000 (exact) vs min_rows 1000000; output kept at one partition (only projections above it))",0,1,1.29,2.42,1.79,17.69,0.01,1221,100000,3.08,3.08
10000000,b8192,groupby,g2minmax100k,"group-by 2 int32 keys, 100k groups, min(x) AS lo, max(x) AS hi","SELECT k1, k2, min(x) AS lo, max(x) AS hi FROM grid GROUP BY k1, k2",21.08,26.93,0.783,261.7,19.0,5,5,"yes",0.000e0,1,"TAKEN AggregateExec (input rows 10000000 (exact) vs min_rows 0; output kept at one partition (only projections above it))","TAKEN AggregateExec (input rows 10000000 (exact) vs min_rows 1000000; output kept at one partition (only projections above it))",0,1,1.35,3.38,2.27,18.94,0.01,1221,100000,3.08,3.08
10000000,b8192,groupby,g1count1M,"group-by 1 int32 key, 1M groups, count(*) AS n","SELECT k, count(*) AS n FROM grid GROUP BY k",13.74,7.04,1.952,195.3,8.6,5,5,"yes",0.000e0,1,"TAKEN AggregateExec (input rows 10000000 (exact) vs min_rows 0; output kept at one partition (only projections above it))","TAKEN AggregateExec (input rows 10000000 (exact) vs min_rows 1000000; output kept at one partition (only projections above it))",0,1,1.23,0.91,0.58,3.94,0.00,1221,999951,3.08,3.08
10000000,b8192,groupby,g2count1M,"group-by 2 int32 keys, 1M groups, count(*) AS n","SELECT k1, k2, count(*) AS n FROM grid GROUP BY k1, k2",18.06,10.74,1.681,256.0,12.4,5,5,"yes",0.000e0,1,"TAKEN AggregateExec (input rows 10000000 (exact) vs min_rows 0; output kept at one partition (only projections above it))","TAKEN AggregateExec (input rows 10000000 (exact) vs min_rows 1000000; output kept at one partition (only projections above it))",0,1,1.39,1.93,1.32,5.55,0.01,1221,999943,3.08,3.08
10000000,b8192,groupby,g1sum1M,"group-by 1 int32 key, 1M groups, sum(x) AS s","SELECT k, sum(x) AS s FROM grid GROUP BY k",14.06,20.05,0.701,193.8,12.4,5,5,"yes",6.015e-16,1,"TAKEN AggregateExec (input rows 10000000 (exact) vs min_rows 0; output kept at one partition (only projections above it))","TAKEN AggregateExec (input rows 10000000 (exact) vs min_rows 1000000; output kept at one partition (only projections above it))",0,1,1.30,2.40,1.71,14.11,0.01,1221,999951,3.08,3.08
10000000,b8192,groupby,g2sum1M,"group-by 2 int32 keys, 1M groups, sum(x) AS s","SELECT k1, k2, sum(x) AS s FROM grid GROUP BY k1, k2",18.30,22.64,0.808,259.2,15.4,5,5,"yes",6.170e-16,1,"TAKEN AggregateExec (input rows 10000000 (exact) vs min_rows 0; output kept at one partition (only projections above it))","TAKEN AggregateExec (input rows 10000000 (exact) vs min_rows 1000000; output kept at one partition (only projections above it))",0,1,1.34,3.33,2.29,15.14,0.01,1221,999943,3.08,3.08
10000000,b8192,groupby,g1mean1M,"group-by 1 int32 key, 1M groups, avg(x) AS m","SELECT k, avg(x) AS m FROM grid GROUP BY k",16.77,20.46,0.820,237.0,12.7,5,5,"yes",3.331e-16,1,"TAKEN AggregateExec (input rows 10000000 (exact) vs min_rows 0; output kept at one partition (only projections above it))","TAKEN AggregateExec (input rows 10000000 (exact) vs min_rows 1000000; output kept at one partition (only projections above it))",0,1,1.19,2.50,1.75,14.50,0.01,1221,999951,3.08,3.08
10000000,b8192,groupby,g2mean1M,"group-by 2 int32 keys, 1M groups, avg(x) AS m","SELECT k1, k2, avg(x) AS m FROM grid GROUP BY k1, k2",21.17,23.40,0.905,302.1,16.4,5,5,"yes",3.331e-16,1,"TAKEN AggregateExec (input rows 10000000 (exact) vs min_rows 0; output kept at one partition (only projections above it))","TAKEN AggregateExec (input rows 10000000 (exact) vs min_rows 1000000; output kept at one partition (only projections above it))",0,1,1.47,3.52,2.34,15.41,0.01,1221,999943,3.08,3.08
10000000,b8192,groupby,g1minmax1M,"group-by 1 int32 key, 1M groups, min(x) AS lo, max(x) AS hi","SELECT k, min(x) AS lo, max(x) AS hi FROM grid GROUP BY k",19.62,38.44,0.510,277.0,21.3,5,5,"yes",0.000e0,1,"TAKEN AggregateExec (input rows 10000000 (exact) vs min_rows 0; output kept at one partition (only projections above it))","TAKEN AggregateExec (input rows 10000000 (exact) vs min_rows 1000000; output kept at one partition (only projections above it))",0,1,1.38,2.44,1.72,27.52,0.01,1221,999951,3.08,3.08
10000000,b8192,groupby,g2minmax1M,"group-by 2 int32 keys, 1M groups, min(x) AS lo, max(x) AS hi","SELECT k1, k2, min(x) AS lo, max(x) AS hi FROM grid GROUP BY k1, k2",24.18,41.43,0.584,331.6,24.7,5,5,"yes",0.000e0,1,"TAKEN AggregateExec (input rows 10000000 (exact) vs min_rows 0; output kept at one partition (only projections above it))","TAKEN AggregateExec (input rows 10000000 (exact) vs min_rows 1000000; output kept at one partition (only projections above it))",0,1,1.46,3.41,2.50,28.27,0.02,1221,999943,3.08,3.08
10000000,b8192,groupby,g1countR2,"group-by 1 int32 key, R2 groups, count(*) AS n","SELECT k, count(*) AS n FROM grid GROUP BY k",24.82,14.45,1.718,339.9,12.1,5,5,"yes",0.000e0,1,"TAKEN AggregateExec (input rows 10000000 (exact) vs min_rows 0; output kept at one partition (only projections above it))","TAKEN AggregateExec (input rows 10000000 (exact) vs min_rows 1000000; output kept at one partition (only projections above it))",0,1,1.29,0.97,0.61,11.04,0.01,1221,4323738,3.08,2.91
10000000,b8192,groupby,g2countR2,"group-by 2 int32 keys, R2 groups, count(*) AS n","SELECT k1, k2, count(*) AS n FROM grid GROUP BY k1, k2",28.42,17.64,1.611,408.5,15.4,5,5,"yes",0.000e0,1,"TAKEN AggregateExec (input rows 10000000 (exact) vs min_rows 0; output kept at one partition (only projections above it))","TAKEN AggregateExec (input rows 10000000 (exact) vs min_rows 1000000; output kept at one partition (only projections above it))",0,1,1.33,1.87,1.19,12.47,0.01,1221,4321209,3.08,2.91
10000000,b8192,groupby,g1sumR2,"group-by 1 int32 key, R2 groups, sum(x) AS s","SELECT k, sum(x) AS s FROM grid GROUP BY k",24.12,47.32,0.510,342.1,15.0,5,5,"yes",4.405e-16,1,"TAKEN AggregateExec (input rows 10000000 (exact) vs min_rows 0; output kept at one partition (only projections above it))","TAKEN AggregateExec (input rows 10000000 (exact) vs min_rows 1000000; output kept at one partition (only projections above it))",0,1,1.38,2.38,1.69,41.20,0.01,1221,4323738,3.08,2.91
10000000,b8192,groupby,g2sumR2,"group-by 2 int32 keys, R2 groups, sum(x) AS s","SELECT k1, k2, sum(x) AS s FROM grid GROUP BY k1, k2",27.74,48.35,0.574,399.6,17.5,5,5,"yes",4.485e-16,1,"TAKEN AggregateExec (input rows 10000000 (exact) vs min_rows 0; output kept at one partition (only projections above it))","TAKEN AggregateExec (input rows 10000000 (exact) vs min_rows 1000000; output kept at one partition (only projections above it))",0,1,1.40,3.39,2.26,40.54,0.01,1221,4321209,3.08,2.91
10000000,b8192,groupby,g1meanR2,"group-by 1 int32 key, R2 groups, avg(x) AS m","SELECT k, avg(x) AS m FROM grid GROUP BY k",27.97,48.25,0.580,404.9,16.1,5,5,"yes",3.331e-16,1,"TAKEN AggregateExec (input rows 10000000 (exact) vs min_rows 0; output kept at one partition (only projections above it))","TAKEN AggregateExec (input rows 10000000 (exact) vs min_rows 1000000; output kept at one partition (only projections above it))",0,1,1.49,2.79,1.66,41.67,0.01,1221,4323738,3.08,2.91
10000000,b8192,groupby,g2meanR2,"group-by 2 int32 keys, R2 groups, avg(x) AS m","SELECT k1, k2, avg(x) AS m FROM grid GROUP BY k1, k2",32.58,48.93,0.666,471.6,17.9,5,5,"yes",3.331e-16,1,"TAKEN AggregateExec (input rows 10000000 (exact) vs min_rows 0; output kept at one partition (only projections above it))","TAKEN AggregateExec (input rows 10000000 (exact) vs min_rows 1000000; output kept at one partition (only projections above it))",0,1,1.35,3.48,2.29,41.11,0.01,1221,4321209,3.08,2.91
10000000,b8192,groupby,g1minmaxR2,"group-by 1 int32 key, R2 groups, min(x) AS lo, max(x) AS hi","SELECT k, min(x) AS lo, max(x) AS hi FROM grid GROUP BY k",32.39,90.01,0.360,470.1,41.0,5,5,"yes",0.000e0,1,"TAKEN AggregateExec (input rows 10000000 (exact) vs min_rows 0; output kept at one partition (only projections above it))","TAKEN AggregateExec (input rows 10000000 (exact) vs min_rows 1000000; output kept at one partition (only projections above it))",0,1,1.37,2.52,1.88,63.68,0.01,1221,4323738,3.08,2.91
10000000,b8192,groupby,g2minmaxR2,"group-by 2 int32 keys, R2 groups, min(x) AS lo, max(x) AS hi","SELECT k1, k2, min(x) AS lo, max(x) AS hi FROM grid GROUP BY k1, k2",37.11,90.58,0.410,532.2,40.9,5,5,"yes",0.000e0,1,"TAKEN AggregateExec (input rows 10000000 (exact) vs min_rows 0; output kept at one partition (only projections above it))","TAKEN AggregateExec (input rows 10000000 (exact) vs min_rows 1000000; output kept at one partition (only projections above it))",0,1,1.29,3.38,2.44,65.07,0.02,1221,4321209,3.08,2.91
10000000,b8192,distinct,u_small,"distinct (int32, int32), 10k groups","SELECT DISTINCT region, sub FROM fact",8.92,8.47,1.052,92.5,11.0,5,5,"yes",0.000e0,1,"TAKEN AggregateExec (input rows 10000000 (exact) vs min_rows 0; output kept at one partition (only projections above it))","TAKEN AggregateExec (input rows 10000000 (exact) vs min_rows 1000000; output kept at one partition (only projections above it))",0,1,1.38,1.88,1.26,3.64,0.01,1221,10000,2.91,2.91
10000000,b8192,filter,a_sumcnt,"filtered sum + count over the whole table (control)","SELECT sum(amount) AS total, count(*) AS n FROM fact WHERE region < 20 AND qty > 10",3.63,13.30,0.273,34.4,16.5,5,5,"yes",2.053e-16,1,"LEFT AggregateExec (no GROUP BY keys (a whole-table aggregate)) | LEFT AggregateExec (Partial aggregate whose Final was not replaced) | TAKEN FilterExec (input rows 10000000 (exact) vs min_rows 0; re-partitioned)","LEFT AggregateExec (no GROUP BY keys (a whole-table aggregate)) | LEFT AggregateExec (Partial aggregate whose Final was not replaced) | TAKEN FilterExec (input rows 10000000 (exact) vs min_rows 1000000; re-partitioned)",0,1,1.38,4.08,3.12,3.90,0.01,1221,1,2.91,2.91
10000000,part1,sort,srt_i64,"sort 3 columns by an int64 key","SELECT q, k1, x FROM extra ORDER BY q",306.92,18.67,16.438,1006.8,13.7,5,5,"yes",0.000e0,1,"TAKEN SortPreservingMergeExec (input rows 10000000 (exact) vs min_rows 0; projection kept above it)","TAKEN SortPreservingMergeExec (input rows 10000000 (exact) vs min_rows 1000000; projection kept above it)",0,1,1.45,2.96,3.05,10.32,0.02,1232,10000000,2.91,2.77
10000000,part1,sort,srt_f64,"sort 3 columns by a Float64 key","SELECT q, k1, x FROM extra ORDER BY x",328.08,25.78,12.725,1076.2,14.1,5,5,"yes",0.000e0,1,"TAKEN SortPreservingMergeExec (input rows 10000000 (exact) vs min_rows 0; projection kept above it)","TAKEN SortPreservingMergeExec (input rows 10000000 (exact) vs min_rows 1000000; projection kept above it)",0,1,1.37,2.90,2.97,17.76,0.01,1232,10000000,2.91,2.77
10000000,part1,sort,srt_str,"sort 3 columns by a String key (1000 values)","SELECT name, q, k1 FROM extra ORDER BY name",374.23,21.59,17.336,1350.6,14.8,5,5,"yes",0.000e0,1,"TAKEN SortPreservingMergeExec (input rows 10000000 (exact) vs min_rows 0; projection kept above it)","TAKEN SortPreservingMergeExec (input rows 10000000 (exact) vs min_rows 1000000; projection kept above it)",0,1,1.41,3.22,2.95,13.02,0.02,1232,10000000,2.91,2.77
10000000,part1,sort,top_i64,"top 100 by an int64 key (control)","SELECT q, k1, x FROM extra ORDER BY q LIMIT 100",1.53,12.48,0.122,16.7,14.7,5,5,"yes",0.000e0,1,"TAKEN SortPreservingMergeExec (input rows 10000000 (exact) vs min_rows 0; projection kept above it)","TAKEN SortPreservingMergeExec (input rows 10000000 (exact) vs min_rows 1000000; projection kept above it)",0,1,1.45,2.93,2.98,4.84,0.01,1232,100,2.91,2.77
10000000,part1,sort,top_f64,"top 100 by Float64, descending (control)","SELECT q, k1, x FROM extra ORDER BY x DESC LIMIT 100",1.84,31.37,0.059,21.4,15.1,5,5,"yes",0.000e0,1,"TAKEN SortPreservingMergeExec (input rows 10000000 (exact) vs min_rows 0; projection kept above it)","TAKEN SortPreservingMergeExec (input rows 10000000 (exact) vs min_rows 1000000; projection kept above it)",0,1,1.42,2.91,2.95,23.77,0.01,1232,100,2.91,2.77
10000000,part1,join,j_inner_10k,"inner join, 10k-row build, count + sum over the whole result","SELECT count(*) AS n, sum(b.w) AS s FROM probe p JOIN build b ON p.k = b.k",10.26,10.22,1.004,141.5,141.6,5,5,"yes",3.716e-16,0,"LEFT AggregateExec (no GROUP BY keys (a whole-table aggregate)) | LEFT AggregateExec (Partial aggregate whose Final was not replaced)","LEFT AggregateExec (no GROUP BY keys (a whole-table aggregate)) | LEFT AggregateExec (Partial aggregate whose Final was not replaced)",0,0,0.00,0.00,0.00,0.00,0.00,0,1,2.77,2.71
10000000,part1,join,jg_inner_10k,"inner join, 10k-row build, then group by the probe key: count + sum","SELECT p.k, count(*) AS n, sum(p.v) AS s FROM probe p JOIN build b ON p.k = b.k GROUP BY p.k",13.95,21.95,0.635,189.7,174.8,5,5,"yes",2.555e-15,1,"TAKEN AggregateExec (input rows ~10000 (inexact, accepted) vs min_rows 0; output kept at one partition (only projections above it))","LEFT AggregateExec (input rows ~10000 are an estimate (accept_inexact is off))",0,1,11.99,1.97,1.40,5.64,0.01,832,10000,2.77,2.71
10000000,part1,join,j_left_10k,"left join, 10k-row build, count + sum over the whole result","SELECT count(*) AS n, sum(b.w) AS s FROM probe p LEFT JOIN build b ON p.k = b.k",13.34,13.60,0.981,189.2,190.7,5,5,"yes",1.858e-16,0,"LEFT AggregateExec (no GROUP BY keys (a whole-table aggregate)) | LEFT AggregateExec (Partial aggregate whose Final was not replaced)","LEFT AggregateExec (no GROUP BY keys (a whole-table aggregate)) | LEFT AggregateExec (Partial aggregate whose Final was not replaced)",0,0,0.00,0.00,0.00,0.00,0.00,0,1,2.77,2.71
10000000,part1,join,jg_left_10k,"left join, 10k-row build, then group by the probe key: count + sum","SELECT p.k, count(*) AS n, sum(p.v) AS s FROM probe p LEFT JOIN build b ON p.k = b.k GROUP BY p.k",17.73,30.27,0.586,236.2,211.8,5,5,"yes",2.735e-15,1,"TAKEN AggregateExec (input rows ~10000000 (inexact, accepted) vs min_rows 0; output kept at one partition (only projections above it))","LEFT AggregateExec (input rows ~10000000 are an estimate (accept_inexact is off))",0,1,14.32,3.41,2.63,8.97,0.01,1232,20000,2.77,2.71
10000000,part1,join,j_inner_1M,"inner join, 1M-row build, count + sum over the whole result","SELECT count(*) AS n, sum(b.w) AS s FROM probe p JOIN build b ON p.k = b.k",12.67,12.66,1.001,164.1,159.8,5,5,"yes",1.864e-16,0,"LEFT AggregateExec (no GROUP BY keys (a whole-table aggregate)) | LEFT AggregateExec (Partial aggregate whose Final was not replaced)","LEFT AggregateExec (no GROUP BY keys (a whole-table aggregate)) | LEFT AggregateExec (Partial aggregate whose Final was not replaced)",0,0,0.00,0.00,0.00,0.00,0.00,0,1,2.71,2.71
10000000,part1,join,jg_inner_1M,"inner join, 1M-row build, then group by the probe key: count + sum","SELECT p.k, count(*) AS n, sum(p.v) AS s FROM probe p JOIN build b ON p.k = b.k GROUP BY p.k",20.84,30.25,0.689,297.7,200.8,5,5,"yes",5.983e-16,1,"TAKEN AggregateExec (input rows ~1000000 (inexact, accepted) vs min_rows 0; output kept at one partition (only projections above it))","LEFT AggregateExec (input rows ~1000000 are an estimate (accept_inexact is off))",0,1,13.62,2.02,1.34,12.31,0.01,822,993373,2.71,2.71
10000000,part1,join,j_left_1M,"left join, 1M-row build, count + sum over the whole result","SELECT count(*) AS n, sum(b.w) AS s FROM probe p LEFT JOIN build b ON p.k = b.k",15.40,15.45,0.996,216.7,216.4,5,5,"yes",0.000e0,0,"LEFT AggregateExec (no GROUP BY keys (a whole-table aggregate)) | LEFT AggregateExec (Partial aggregate whose Final was not replaced)","LEFT AggregateExec (no GROUP BY keys (a whole-table aggregate)) | LEFT AggregateExec (Partial aggregate whose Final was not replaced)",0,0,0.00,0.00,0.00,0.00,0.00,0,1,2.71,2.71
10000000,part1,join,jg_left_1M,"left join, 1M-row build, then group by the probe key: count + sum","SELECT p.k, count(*) AS n, sum(p.v) AS s FROM probe p LEFT JOIN build b ON p.k = b.k GROUP BY p.k",34.49,46.94,0.735,501.6,241.5,5,5,"yes",5.356e-16,1,"TAKEN AggregateExec (input rows ~10000000 (inexact, accepted) vs min_rows 0; output kept at one partition (only projections above it))","LEFT AggregateExec (input rows ~10000000 are an estimate (accept_inexact is off))",0,1,15.74,3.35,2.67,24.00,0.01,1232,1986527,2.71,2.71
10000000,part1,join,j_inner_10M,"inner join, 10M-row build, count + sum over the whole result","SELECT count(*) AS n, sum(b.w) AS s FROM probe p JOIN build b ON p.k = b.k",36.71,35.96,1.021,524.1,522.8,5,5,"yes",3.727e-16,0,"LEFT AggregateExec (no GROUP BY keys (a whole-table aggregate)) | LEFT AggregateExec (Partial aggregate whose Final was not replaced)","LEFT AggregateExec (no GROUP BY keys (a whole-table aggregate)) | LEFT AggregateExec (Partial aggregate whose Final was not replaced)",0,0,0.00,0.00,0.00,0.00,0.00,0,1,2.71,2.57
10000000,part1,join,jg_inner_10M,"inner join, 10M-row build, then group by the probe key: count + sum","SELECT p.k, count(*) AS n, sum(p.v) AS s FROM probe p JOIN build b ON p.k = b.k GROUP BY p.k",44.84,77.87,0.576,637.4,434.1,5,5,"yes",3.795e-16,1,"TAKEN AggregateExec (input rows ~10000000 (inexact, accepted) vs min_rows 0; output kept at one partition (only projections above it))","LEFT AggregateExec (input rows ~10000000 are an estimate (accept_inexact is off))",0,1,28.48,3.17,1.28,43.71,0.01,807,3933544,2.71,2.57
10000000,part1,join,j_left_10M,"left join, 10M-row build, count + sum over the whole result","SELECT count(*) AS n, sum(b.w) AS s FROM probe p LEFT JOIN build b ON p.k = b.k",41.59,41.14,1.011,591.3,587.3,5,5,"yes",0.000e0,0,"LEFT AggregateExec (no GROUP BY keys (a whole-table aggregate)) | LEFT AggregateExec (Partial aggregate whose Final was not replaced)","LEFT AggregateExec (no GROUP BY keys (a whole-table aggregate)) | LEFT AggregateExec (Partial aggregate whose Final was not replaced)",0,0,0.00,0.00,0.00,0.00,0.00,0,1,2.71,2.57
10000000,part1,join,jg_left_10M,"left join, 10M-row build, then group by the probe key: count + sum","SELECT p.k, count(*) AS n, sum(p.v) AS s FROM probe p LEFT JOIN build b ON p.k = b.k GROUP BY p.k",65.97,134.10,0.492,937.5,476.2,5,5,"yes",4.045e-16,1,"TAKEN AggregateExec (input rows ~10000000 (inexact, accepted) vs min_rows 0; output kept at one partition (only projections above it))","LEFT AggregateExec (input rows ~10000000 are an estimate (accept_inexact is off))",0,1,31.37,3.53,2.70,95.05,0.01,1232,7869694,2.71,2.57
10000000,part1,groupby,g1count200,"group-by 1 int32 key, 200 groups, count(*) AS n","SELECT k, count(*) AS n FROM grid GROUP BY k",3.62,5.32,0.679,38.7,6.9,5,5,"yes",0.000e0,1,"TAKEN AggregateExec (input rows 10000000 (exact) vs min_rows 0; output kept at one partition (only projections above it))","TAKEN AggregateExec (input rows 10000000 (exact) vs min_rows 1000000; output kept at one partition (only projections above it))",0,1,1.26,0.58,0.65,2.63,0.00,1232,200,2.57,2.57
10000000,part1,groupby,g2count200,"group-by 2 int32 keys, 200 groups, count(*) AS n","SELECT k1, k2, count(*) AS n FROM grid GROUP BY k1, k2",8.13,7.74,1.050,90.5,9.8,5,5,"yes",0.000e0,1,"TAKEN AggregateExec (input rows 10000000 (exact) vs min_rows 0; output kept at one partition (only projections above it))","TAKEN AggregateExec (input rows 10000000 (exact) vs min_rows 1000000; output kept at one partition (only projections above it))",0,1,1.38,1.16,1.30,3.55,0.00,1232,200,2.57,2.57
10000000,part1,groupby,g1sum200,"group-by 1 int32 key, 200 groups, sum(x) AS s","SELECT k, sum(x) AS s FROM grid GROUP BY k",4.30,10.35,0.415,35.1,11.5,5,5,"yes",1.023e-15,1,"TAKEN AggregateExec (input rows 10000000 (exact) vs min_rows 0; output kept at one partition (only projections above it))","TAKEN AggregateExec (input rows 10000000 (exact) vs min_rows 1000000; output kept at one partition (only projections above it))",0,1,1.33,1.93,1.86,4.76,0.01,1232,200,2.57,2.57
10000000,part1,groupby,g2sum200,"group-by 2 int32 keys, 200 groups, sum(x) AS s","SELECT k1, k2, sum(x) AS s FROM grid GROUP BY k1, k2",8.78,12.54,0.700,88.9,14.1,5,5,"yes",1.300e-15,1,"TAKEN AggregateExec (input rows 10000000 (exact) vs min_rows 0; output kept at one partition (only projections above it))","TAKEN AggregateExec (input rows 10000000 (exact) vs min_rows 1000000; output kept at one partition (only projections above it))",0,1,1.42,2.45,2.69,5.49,0.01,1232,200,2.57,2.57
10000000,part1,groupby,g1mean200,"group-by 1 int32 key, 200 groups, avg(x) AS m","SELECT k, avg(x) AS m FROM grid GROUP BY k",3.90,10.14,0.385,39.7,12.0,5,5,"yes",4.996e-16,1,"TAKEN AggregateExec (input rows 10000000 (exact) vs min_rows 0; output kept at one partition (only projections above it))","TAKEN AggregateExec (input rows 10000000 (exact) vs min_rows 1000000; output kept at one partition (only projections above it))",0,1,1.39,1.87,1.95,4.66,0.00,1232,200,2.57,2.57
10000000,part1,groupby,g2mean200,"group-by 2 int32 keys, 200 groups, avg(x) AS m","SELECT k1, k2, avg(x) AS m FROM grid GROUP BY k1, k2",8.66,12.42,0.697,91.9,14.1,5,5,"yes",7.772e-16,1,"TAKEN AggregateExec (input rows 10000000 (exact) vs min_rows 0; output kept at one partition (only projections above it))","TAKEN AggregateExec (input rows 10000000 (exact) vs min_rows 1000000; output kept at one partition (only projections above it))",0,1,1.53,2.41,2.67,5.48,0.00,1232,200,2.57,2.57
10000000,part1,groupby,g1minmax200,"group-by 1 int32 key, 200 groups, min(x) AS lo, max(x) AS hi","SELECT k, min(x) AS lo, max(x) AS hi FROM grid GROUP BY k",4.09,19.23,0.213,41.1,14.3,5,5,"yes",0.000e0,1,"TAKEN AggregateExec (input rows 10000000 (exact) vs min_rows 0; output kept at one partition (only projections above it))","TAKEN AggregateExec (input rows 10000000 (exact) vs min_rows 1000000; output kept at one partition (only projections above it))",0,1,1.25,1.91,1.84,13.76,0.02,1232,200,2.57,2.57
10000000,part1,groupby,g2minmax200,"group-by 2 int32 keys, 200 groups, min(x) AS lo, max(x) AS hi","SELECT k1, k2, min(x) AS lo, max(x) AS hi FROM grid GROUP BY k1, k2",8.56,22.23,0.385,93.8,17.6,5,5,"yes",0.000e0,1,"TAKEN AggregateExec (input rows 10000000 (exact) vs min_rows 0; output kept at one partition (only projections above it))","TAKEN AggregateExec (input rows 10000000 (exact) vs min_rows 1000000; output kept at one partition (only projections above it))",0,1,1.45,2.53,2.54,15.29,0.01,1232,200,2.57,2.57
10000000,part1,groupby,g1count10k,"group-by 1 int32 key, 10k groups, count(*) AS n","SELECT k, count(*) AS n FROM grid GROUP BY k",4.42,5.46,0.808,46.4,6.7,5,5,"yes",0.000e0,1,"TAKEN AggregateExec (input rows 10000000 (exact) vs min_rows 0; output kept at one partition (only projections above it))","TAKEN AggregateExec (input rows 10000000 (exact) vs min_rows 1000000; output kept at one partition (only projections above it))",0,1,1.22,0.56,0.71,2.74,0.01,1232,10000,2.57,2.57
10000000,part1,groupby,g2count10k,"group-by 2 int32 keys, 10k groups, count(*) AS n","SELECT k1, k2, count(*) AS n FROM grid GROUP BY k1, k2",9.06,8.11,1.118,100.6,9.8,5,5,"yes",0.000e0,1,"TAKEN AggregateExec (input rows 10000000 (exact) vs min_rows 0; output kept at one partition (only projections above it))","TAKEN AggregateExec (input rows 10000000 (exact) vs min_rows 1000000; output kept at one partition (only projections above it))",0,1,1.34,1.15,1.31,4.03,0.01,1232,10000,2.57,2.57
10000000,part1,groupby,g1sum10k,"group-by 1 int32 key, 10k groups, sum(x) AS s","SELECT k, sum(x) AS s FROM grid GROUP BY k",4.36,14.39,0.303,45.0,13.4,5,5,"yes",4.779e-16,1,"TAKEN AggregateExec (input rows 10000000 (exact) vs min_rows 0; output kept at one partition (only projections above it))","TAKEN AggregateExec (input rows 10000000 (exact) vs min_rows 1000000; output kept at one partition (only projections above it))",0,1,1.45,3.04,1.82,7.81,0.00,1232,10000,2.57,2.57
10000000,part1,groupby,g2sum10k,"group-by 2 int32 keys, 10k groups, sum(x) AS s","SELECT k1, k2, sum(x) AS s FROM grid GROUP BY k1, k2",9.00,16.32,0.551,99.0,15.1,5,5,"yes",4.627e-16,1,"TAKEN AggregateExec (input rows 10000000 (exact) vs min_rows 0; output kept at one partition (only projections above it))","TAKEN AggregateExec (input rows 10000000 (exact) vs min_rows 1000000; output kept at one partition (only projections above it))",0,1,1.35,3.28,2.51,8.84,0.00,1232,10000,2.57,2.57
10000000,part1,groupby,g1mean10k,"group-by 1 int32 key, 10k groups, avg(x) AS m","SELECT k, avg(x) AS m FROM grid GROUP BY k",5.21,14.48,0.360,52.4,12.6,5,5,"yes",2.220e-16,1,"TAKEN AggregateExec (input rows 10000000 (exact) vs min_rows 0; output kept at one partition (only projections above it))","TAKEN AggregateExec (input rows 10000000 (exact) vs min_rows 1000000; output kept at one partition (only projections above it))",0,1,1.35,2.74,1.86,8.19,0.00,1232,10000,2.57,2.57
10000000,part1,groupby,g2mean10k,"group-by 2 int32 keys, 10k groups, avg(x) AS m","SELECT k1, k2, avg(x) AS m FROM grid GROUP BY k1, k2",10.13,16.25,0.624,108.3,15.4,5,5,"yes",2.220e-16,1,"TAKEN AggregateExec (input rows 10000000 (exact) vs min_rows 0; output kept at one partition (only projections above it))","TAKEN AggregateExec (input rows 10000000 (exact) vs min_rows 1000000; output kept at one partition (only projections above it))",0,1,1.47,3.02,2.51,8.88,0.00,1232,10000,2.57,2.57
10000000,part1,groupby,g1minmax10k,"group-by 1 int32 key, 10k groups, min(x) AS lo, max(x) AS hi","SELECT k, min(x) AS lo, max(x) AS hi FROM grid GROUP BY k",5.87,23.59,0.249,62.2,16.1,5,5,"yes",0.000e0,1,"TAKEN AggregateExec (input rows 10000000 (exact) vs min_rows 0; output kept at one partition (only projections above it))","TAKEN AggregateExec (input rows 10000000 (exact) vs min_rows 1000000; output kept at one partition (only projections above it))",0,1,1.38,2.53,1.84,17.44,0.01,1232,10000,2.57,2.57
10000000,part1,groupby,g2minmax10k,"group-by 2 int32 keys, 10k groups, min(x) AS lo, max(x) AS hi","SELECT k1, k2, min(x) AS lo, max(x) AS hi FROM grid GROUP BY k1, k2",10.37,26.13,0.397,115.7,18.5,5,5,"yes",0.000e0,1,"TAKEN AggregateExec (input rows 10000000 (exact) vs min_rows 0; output kept at one partition (only projections above it))","TAKEN AggregateExec (input rows 10000000 (exact) vs min_rows 1000000; output kept at one partition (only projections above it))",0,1,1.42,3.37,2.42,18.50,0.01,1232,10000,2.57,2.57
10000000,part1,groupby,g1count100k,"group-by 1 int32 key, 100k groups, count(*) AS n","SELECT k, count(*) AS n FROM grid GROUP BY k",9.90,5.67,1.745,116.6,6.9,5,5,"yes",0.000e0,1,"TAKEN AggregateExec (input rows 10000000 (exact) vs min_rows 0; output kept at one partition (only projections above it))","TAKEN AggregateExec (input rows 10000000 (exact) vs min_rows 1000000; output kept at one partition (only projections above it))",0,1,1.20,0.58,0.66,2.96,0.00,1232,100000,2.57,2.69
10000000,part1,groupby,g2count100k,"group-by 2 int32 keys, 100k groups, count(*) AS n","SELECT k1, k2, count(*) AS n FROM grid GROUP BY k1, k2",14.97,7.78,1.924,182.5,9.8,5,5,"yes",0.000e0,1,"TAKEN AggregateExec (input rows 10000000 (exact) vs min_rows 0; output kept at one partition (only projections above it))","TAKEN AggregateExec (input rows 10000000 (exact) vs min_rows 1000000; output kept at one partition (only projections above it))",0,1,1.29,1.17,1.26,3.72,0.00,1232,100000,2.57,2.69
10000000,part1,groupby,g1sum100k,"group-by 1 int32 key, 100k groups, sum(x) AS s","SELECT k, sum(x) AS s FROM grid GROUP BY k",9.25,15.32,0.604,114.7,13.1,5,5,"yes",5.989e-16,1,"TAKEN AggregateExec (input rows 10000000 (exact) vs min_rows 0; output kept at one partition (only projections above it))","TAKEN AggregateExec (input rows 10000000 (exact) vs min_rows 1000000; output kept at one partition (only projections above it))",0,1,1.33,2.94,1.91,8.84,0.01,1232,100000,2.57,2.69
10000000,part1,groupby,g2sum100k,"group-by 2 int32 keys, 100k groups, sum(x) AS s","SELECT k1, k2, sum(x) AS s FROM grid GROUP BY k1, k2",14.97,16.89,0.886,183.6,15.2,5,5,"yes",5.781e-16,1,"TAKEN AggregateExec (input rows 10000000 (exact) vs min_rows 0; output kept at one partition (only projections above it))","TAKEN AggregateExec (input rows 10000000 (exact) vs min_rows 1000000; output kept at one partition (only projections above it))",0,1,1.44,2.96,2.55,9.57,0.00,1232,100000,2.57,2.69
10000000,part1,groupby,g1mean100k,"group-by 1 int32 key, 100k groups, avg(x) AS m","SELECT k, avg(x) AS m FROM grid GROUP BY k",11.30,15.23,0.742,138.6,12.5,5,5,"yes",3.331e-16,1,"TAKEN AggregateExec (input rows 10000000 (exact) vs min_rows 0; output kept at one partition (only projections above it))","TAKEN AggregateExec (input rows 10000000 (exact) vs min_rows 1000000; output kept at one partition (only projections above it))",0,1,1.31,2.99,1.80,8.85,0.00,1232,100000,2.57,2.69
10000000,part1,groupby,g2mean100k,"group-by 2 int32 keys, 100k groups, avg(x) AS m","SELECT k1, k2, avg(x) AS m FROM grid GROUP BY k1, k2",17.08,17.86,0.956,214.2,15.9,5,5,"yes",3.331e-16,1,"TAKEN AggregateExec (input rows 10000000 (exact) vs min_rows 0; output kept at one partition (only projections above it))","TAKEN AggregateExec (input rows 10000000 (exact) vs min_rows 1000000; output kept at one partition (only projections above it))",0,1,1.38,3.81,2.60,9.68,0.01,1232,100000,2.57,2.69
10000000,part1,groupby,g1minmax100k,"group-by 1 int32 key, 100k groups, min(x) AS lo, max(x) AS hi","SELECT k, min(x) AS lo, max(x) AS hi FROM grid GROUP BY k",15.60,24.37,0.640,191.8,16.0,5,5,"yes",0.000e0,1,"TAKEN AggregateExec (input rows 10000000 (exact) vs min_rows 0; output kept at one partition (only projections above it))","TAKEN AggregateExec (input rows 10000000 (exact) vs min_rows 1000000; output kept at one partition (only projections above it))",0,1,1.44,1.88,1.93,18.18,0.02,1232,100000,2.57,2.69
10000000,part1,groupby,g2minmax100k,"group-by 2 int32 keys, 100k groups, min(x) AS lo, max(x) AS hi","SELECT k1, k2, min(x) AS lo, max(x) AS hi FROM grid GROUP BY k1, k2",20.79,27.69,0.751,261.5,19.7,5,5,"yes",0.000e0,1,"TAKEN AggregateExec (input rows 10000000 (exact) vs min_rows 0; output kept at one partition (only projections above it))","TAKEN AggregateExec (input rows 10000000 (exact) vs min_rows 1000000; output kept at one partition (only projections above it))",0,1,1.51,3.13,2.48,19.59,0.01,1232,100000,2.57,2.69
10000000,part1,groupby,g1count1M,"group-by 1 int32 key, 1M groups, count(*) AS n","SELECT k, count(*) AS n FROM grid GROUP BY k",13.51,6.94,1.945,189.5,7.9,5,5,"yes",0.000e0,1,"TAKEN AggregateExec (input rows 10000000 (exact) vs min_rows 0; output kept at one partition (only projections above it))","TAKEN AggregateExec (input rows 10000000 (exact) vs min_rows 1000000; output kept at one partition (only projections above it))",0,1,1.20,0.57,0.67,4.15,0.01,1232,999951,2.69,2.69
10000000,part1,groupby,g2count1M,"group-by 2 int32 keys, 1M groups, count(*) AS n","SELECT k1, k2, count(*) AS n FROM grid GROUP BY k1, k2",17.85,9.54,1.872,255.4,11.2,5,5,"yes",0.000e0,1,"TAKEN AggregateExec (input rows 10000000 (exact) vs min_rows 0; output kept at one partition (only projections above it))","TAKEN AggregateExec (input rows 10000000 (exact) vs min_rows 1000000; output kept at one partition (only projections above it))",0,1,1.39,1.14,1.30,5.33,0.00,1232,999943,2.69,2.69
10000000,part1,groupby,g1sum1M,"group-by 1 int32 key, 1M groups, sum(x) AS s","SELECT k, sum(x) AS s FROM grid GROUP BY k",13.85,21.23,0.652,194.1,13.9,5,5,"yes",6.337e-16,1,"TAKEN AggregateExec (input rows 10000000 (exact) vs min_rows 0; output kept at one partition (only projections above it))","TAKEN AggregateExec (input rows 10000000 (exact) vs min_rows 1000000; output kept at one partition (only projections above it))",0,1,1.34,2.95,1.82,14.65,0.01,1232,999951,2.69,2.69
10000000,part1,groupby,g2sum1M,"group-by 2 int32 keys, 1M groups, sum(x) AS s","SELECT k1, k2, sum(x) AS s FROM grid GROUP BY k1, k2",17.86,23.41,0.763,255.6,17.1,5,5,"yes",6.302e-16,1,"TAKEN AggregateExec (input rows 10000000 (exact) vs min_rows 0; output kept at one partition (only projections above it))","TAKEN AggregateExec (input rows 10000000 (exact) vs min_rows 1000000; output kept at one partition (only projections above it))",0,1,1.48,3.74,2.42,15.35,0.01,1232,999943,2.69,2.69
10000000,part1,groupby,g1mean1M,"group-by 1 int32 key, 1M groups, avg(x) AS m","SELECT k, avg(x) AS m FROM grid GROUP BY k",16.65,19.82,0.840,230.4,12.1,5,5,"yes",3.331e-16,1,"TAKEN AggregateExec (input rows 10000000 (exact) vs min_rows 0; output kept at one partition (only projections above it))","TAKEN AggregateExec (input rows 10000000 (exact) vs min_rows 1000000; output kept at one partition (only projections above it))",0,1,1.27,1.84,1.84,14.30,0.01,1232,999951,2.69,2.69
10000000,part1,groupby,g2mean1M,"group-by 2 int32 keys, 1M groups, avg(x) AS m","SELECT k1, k2, avg(x) AS m FROM grid GROUP BY k1, k2",21.58,22.68,0.952,297.0,15.6,5,5,"yes",3.331e-16,1,"TAKEN AggregateExec (input rows 10000000 (exact) vs min_rows 0; output kept at one partition (only projections above it))","TAKEN AggregateExec (input rows 10000000 (exact) vs min_rows 1000000; output kept at one partition (only projections above it))",0,1,1.45,2.73,2.44,15.53,0.01,1232,999943,2.69,2.69
10000000,part1,groupby,g1minmax1M,"group-by 1 int32 key, 1M groups, min(x) AS lo, max(x) AS hi","SELECT k, min(x) AS lo, max(x) AS hi FROM grid GROUP BY k",19.07,38.42,0.496,273.4,21.7,5,5,"yes",0.000e0,1,"TAKEN AggregateExec (input rows 10000000 (exact) vs min_rows 0; output kept at one partition (only projections above it))","TAKEN AggregateExec (input rows 10000000 (exact) vs min_rows 1000000; output kept at one partition (only projections above it))",0,1,1.44,1.84,1.89,27.79,0.01,1232,999951,2.69,2.69
10000000,part1,groupby,g2minmax1M,"group-by 2 int32 keys, 1M groups, min(x) AS lo, max(x) AS hi","SELECT k1, k2, min(x) AS lo, max(x) AS hi FROM grid GROUP BY k1, k2",23.80,40.98,0.581,339.4,24.7,5,5,"yes",0.000e0,1,"TAKEN AggregateExec (input rows 10000000 (exact) vs min_rows 0; output kept at one partition (only projections above it))","TAKEN AggregateExec (input rows 10000000 (exact) vs min_rows 1000000; output kept at one partition (only projections above it))",0,1,1.48,2.67,2.53,28.68,0.01,1232,999943,2.69,2.69
10000000,part1,groupby,g1countR2,"group-by 1 int32 key, R2 groups, count(*) AS n","SELECT k, count(*) AS n FROM grid GROUP BY k",22.64,14.34,1.579,329.0,11.1,5,5,"yes",0.000e0,1,"TAKEN AggregateExec (input rows 10000000 (exact) vs min_rows 0; output kept at one partition (only projections above it))","TAKEN AggregateExec (input rows 10000000 (exact) vs min_rows 1000000; output kept at one partition (only projections above it))",0,1,1.13,0.57,0.67,11.45,0.01,1232,4323738,2.69,4.65
10000000,part1,groupby,g2countR2,"group-by 2 int32 keys, R2 groups, count(*) AS n","SELECT k1, k2, count(*) AS n FROM grid GROUP BY k1, k2",27.74,17.07,1.625,403.0,14.7,5,5,"yes",0.000e0,1,"TAKEN AggregateExec (input rows 10000000 (exact) vs min_rows 0; output kept at one partition (only projections above it))","TAKEN AggregateExec (input rows 10000000 (exact) vs min_rows 1000000; output kept at one partition (only projections above it))",0,1,1.30,1.15,1.39,12.62,0.01,1232,4321209,2.69,4.65
10000000,part1,groupby,g1sumR2,"group-by 1 int32 key, R2 groups, sum(x) AS s","SELECT k, sum(x) AS s FROM grid GROUP BY k",23.75,47.14,0.504,333.1,14.8,5,5,"yes",4.418e-16,1,"TAKEN AggregateExec (input rows 10000000 (exact) vs min_rows 0; output kept at one partition (only projections above it))","TAKEN AggregateExec (input rows 10000000 (exact) vs min_rows 1000000; output kept at one partition (only projections above it))",0,1,1.32,2.12,1.95,41.23,0.00,1232,4323738,2.69,4.65
10000000,part1,groupby,g2sumR2,"group-by 2 int32 keys, R2 groups, sum(x) AS s","SELECT k1, k2, sum(x) AS s FROM grid GROUP BY k1, k2",27.92,48.31,0.578,401.3,18.1,5,5,"yes",4.421e-16,1,"TAKEN AggregateExec (input rows 10000000 (exact) vs min_rows 0; output kept at one partition (only projections above it))","TAKEN AggregateExec (input rows 10000000 (exact) vs min_rows 1000000; output kept at one partition (only projections above it))",0,1,1.51,2.55,2.58,40.87,0.01,1232,4321209,2.69,4.65
10000000,part1,groupby,g1meanR2,"group-by 1 int32 key, R2 groups, avg(x) AS m","SELECT k, avg(x) AS m FROM grid GROUP BY k",27.31,48.00,0.569,391.7,15.2,5,5,"yes",3.331e-16,1,"TAKEN AggregateExec (input rows 10000000 (exact) vs min_rows 0; output kept at one partition (only projections above it))","TAKEN AggregateExec (input rows 10000000 (exact) vs min_rows 1000000; output kept at one partition (only projections above it))",0,1,1.35,2.29,2.00,41.78,0.01,1232,4323738,2.69,4.65
10000000,part1,groupby,g2meanR2,"group-by 2 int32 keys, R2 groups, avg(x) AS m","SELECT k1, k2, avg(x) AS m FROM grid GROUP BY k1, k2",31.91,48.74,0.655,464.4,17.3,5,5,"yes",3.331e-16,1,"TAKEN AggregateExec (input rows 10000000 (exact) vs min_rows 0; output kept at one partition (only projections above it))","TAKEN AggregateExec (input rows 10000000 (exact) vs min_rows 1000000; output kept at one partition (only projections above it))",0,1,1.40,2.74,2.49,41.38,0.01,1232,4321209,2.69,4.65
10000000,part1,groupby,g1minmaxR2,"group-by 1 int32 key, R2 groups, min(x) AS lo, max(x) AS hi","SELECT k, min(x) AS lo, max(x) AS hi FROM grid GROUP BY k",31.87,90.40,0.352,451.3,40.8,5,5,"yes",0.000e0,1,"TAKEN AggregateExec (input rows 10000000 (exact) vs min_rows 0; output kept at one partition (only projections above it))","TAKEN AggregateExec (input rows 10000000 (exact) vs min_rows 1000000; output kept at one partition (only projections above it))",0,1,1.38,1.86,1.93,64.16,0.02,1232,4323738,2.69,4.65
10000000,part1,groupby,g2minmaxR2,"group-by 2 int32 keys, R2 groups, min(x) AS lo, max(x) AS hi","SELECT k1, k2, min(x) AS lo, max(x) AS hi FROM grid GROUP BY k1, k2",36.56,91.98,0.397,531.7,43.0,5,5,"yes",0.000e0,1,"TAKEN AggregateExec (input rows 10000000 (exact) vs min_rows 0; output kept at one partition (only projections above it))","TAKEN AggregateExec (input rows 10000000 (exact) vs min_rows 1000000; output kept at one partition (only projections above it))",0,1,1.34,2.48,2.55,65.14,0.01,1232,4321209,2.69,4.65
10000000,part1,distinct,u_small,"distinct (int32, int32), 10k groups","SELECT DISTINCT region, sub FROM fact",8.38,11.65,0.720,92.8,9.7,5,5,"yes",0.000e0,1,"TAKEN AggregateExec (input rows 10000000 (exact) vs min_rows 0; output kept at one partition (only projections above it))","TAKEN AggregateExec (input rows 10000000 (exact) vs min_rows 1000000; output kept at one partition (only projections above it))",0,1,1.30,1.13,1.23,7.77,0.01,1232,10000,3.01,3.01
10000000,part1,filter,a_sumcnt,"filtered sum + count over the whole table (control)","SELECT sum(amount) AS total, count(*) AS n FROM fact WHERE region < 20 AND qty > 10",3.41,11.35,0.301,33.4,13.8,5,5,"yes",0.000e0,1,"LEFT AggregateExec (no GROUP BY keys (a whole-table aggregate)) | LEFT AggregateExec (Partial aggregate whose Final was not replaced) | TAKEN FilterExec (input rows 10000000 (exact) vs min_rows 0; re-partitioned)","LEFT AggregateExec (no GROUP BY keys (a whole-table aggregate)) | LEFT AggregateExec (Partial aggregate whose Final was not replaced) | TAKEN FilterExec (input rows 10000000 (exact) vs min_rows 1000000; re-partitioned)",0,1,1.24,2.84,2.86,3.70,0.01,1232,1,3.01,3.01
10000000,parquet-snappy,parquet,p_sort,"Parquet scan, sort 2 columns by a Float64 key (s4)","SELECT id, price FROM f ORDER BY price",292.25,29.88,9.782,925.2,75.8,5,5,"yes",0.000e0,1,"TAKEN SortPreservingMergeExec (input rows 10000000 (exact) vs min_rows 0)","TAKEN SortPreservingMergeExec (input rows 10000000 (exact) vs min_rows 1000000)",0,1,6.93,3.08,2.43,16.58,0.01,1225,10000000,3.01,3.09
10000000,parquet-snappy,parquet,p_group,"Parquet scan, group-by int32 code (100k groups), sum + count","SELECT code, sum(price) AS p, count(*) AS n FROM f GROUP BY code",16.66,16.43,1.014,179.2,46.6,5,5,"yes",1.296e-15,1,"TAKEN AggregateExec (input rows 10000000 (exact) vs min_rows 0; output kept at one partition (only projections above it))","TAKEN AggregateExec (input rows 10000000 (exact) vs min_rows 1000000; output kept at one partition (only projections above it))",0,1,3.95,2.11,1.82,7.61,0.01,1225,100000,3.01,3.09
10000000,parquet-snappy,parquet,p_filtgroup,"Parquet scan, filter, group-by qty (1000 keys), sum + count (s1)","SELECT qty, sum(weight) AS w, count(*) AS n FROM f WHERE price > 500.0 GROUP BY qty",13.90,34.39,0.404,125.0,109.1,5,5,"yes",8.681e-16,2,"TAKEN AggregateExec (input rows ~418154 (inexact, accepted) vs min_rows 0; output kept at one partition (only projections above it)) | TAKEN FilterExec (input rows ~10000000 (inexact, accepted) vs min_rows 0; re-partitioned)","LEFT AggregateExec (input rows ~418154 are an estimate (accept_inexact is off)) | LEFT AggregateExec (Partial aggregate whose Final was not replaced) | LEFT FilterExec (input rows ~10000000 are an estimate (accept_inexact is off))",0,2,36.12,6.11,4.77,10.36,0.01,1836,1000,3.01,3.09
10000000,parquet-zstd,parquet,p_sort,"Parquet scan, sort 2 columns by a Float64 key (s4)","SELECT id, price FROM f ORDER BY price",289.49,36.37,7.959,967.6,129.7,5,5,"yes",0.000e0,1,"TAKEN SortPreservingMergeExec (input rows 10000000 (exact) vs min_rows 0)","TAKEN SortPreservingMergeExec (input rows 10000000 (exact) vs min_rows 1000000)",0,1,12.78,3.13,2.54,17.03,0.01,1225,10000000,3.09,2.92
10000000,parquet-zstd,parquet,p_group,"Parquet scan, group-by int32 code (100k groups), sum + count","SELECT code, sum(price) AS p, count(*) AS n FROM f GROUP BY code",21.05,23.58,0.893,234.1,105.5,5,5,"yes",1.239e-15,1,"TAKEN AggregateExec (input rows 10000000 (exact) vs min_rows 0; output kept at one partition (only projections above it))","TAKEN AggregateExec (input rows 10000000 (exact) vs min_rows 1000000; output kept at one partition (only projections above it))",0,1,10.43,2.31,1.96,7.84,0.01,1225,100000,3.09,2.92
10000000,parquet-zstd,parquet,p_filtgroup,"Parquet scan, filter, group-by qty (1000 keys), sum + count (s1)","SELECT qty, sum(weight) AS w, count(*) AS n FROM f WHERE price > 500.0 GROUP BY qty",25.77,56.42,0.457,236.0,227.3,5,5,"yes",8.639e-16,2,"TAKEN AggregateExec (input rows ~418154 (inexact, accepted) vs min_rows 0; output kept at one partition (only projections above it)) | TAKEN FilterExec (input rows ~10000000 (inexact, accepted) vs min_rows 0; re-partitioned)","LEFT AggregateExec (input rows ~418154 are an estimate (accept_inexact is off)) | LEFT AggregateExec (Partial aggregate whose Final was not replaced) | LEFT FilterExec (input rows ~10000000 are an estimate (accept_inexact is off))",0,2,71.19,6.20,4.96,15.26,0.02,1836,1000,3.09,2.92
50000000,b8192,sort,srt_i64,"sort 3 columns by an int64 key","SELECT q, k1, x FROM extra ORDER BY q",1553.08,105.04,14.785,6000.9,69.9,5,5,"yes",0.000e0,1,"TAKEN SortPreservingMergeExec (input rows 50000000 (exact) vs min_rows 0; projection kept above it)","TAKEN SortPreservingMergeExec (input rows 50000000 (exact) vs min_rows 1000000; projection kept above it)",0,1,7.29,20.92,14.13,59.07,0.01,6104,50000000,2.92,3.07
50000000,b8192,sort,srt_f64,"sort 3 columns by a Float64 key","SELECT q, k1, x FROM extra ORDER BY x",1656.71,148.00,11.194,6367.2,75.6,5,5,"yes",0.000e0,1,"TAKEN SortPreservingMergeExec (input rows 50000000 (exact) vs min_rows 0; projection kept above it)","TAKEN SortPreservingMergeExec (input rows 50000000 (exact) vs min_rows 1000000; projection kept above it)",0,1,7.73,21.58,15.32,99.34,0.01,6104,50000000,2.92,3.07
50000000,b8192,sort,srt_str,"sort 3 columns by a String key (1000 values)","SELECT name, q, k1 FROM extra ORDER BY name",1869.73,128.23,14.581,8256.6,76.3,5,5,"yes",0.000e0,1,"TAKEN SortPreservingMergeExec (input rows 50000000 (exact) vs min_rows 0; projection kept above it)","TAKEN SortPreservingMergeExec (input rows 50000000 (exact) vs min_rows 1000000; projection kept above it)",0,1,7.60,23.45,14.65,78.49,0.01,6104,50000000,2.92,3.07
50000000,b8192,sort,top_i64,"top 100 by an int64 key (control)","SELECT q, k1, x FROM extra ORDER BY q LIMIT 100",4.77,65.25,0.073,55.9,70.1,5,5,"yes",0.000e0,1,"TAKEN SortPreservingMergeExec (input rows 50000000 (exact) vs min_rows 0; projection kept above it)","TAKEN SortPreservingMergeExec (input rows 50000000 (exact) vs min_rows 1000000; projection kept above it)",0,1,7.16,22.04,15.11,19.69,0.01,6104,100,2.92,3.07
50000000,b8192,sort,top_f64,"top 100 by Float64, descending (control)","SELECT q, k1, x FROM extra ORDER BY x DESC LIMIT 100",6.04,190.79,0.032,69.3,74.6,5,5,"yes",0.000e0,1,"TAKEN SortPreservingMergeExec (input rows 50000000 (exact) vs min_rows 0; projection kept above it)","TAKEN SortPreservingMergeExec (input rows 50000000 (exact) vs min_rows 1000000; projection kept above it)",0,1,7.36,21.04,15.54,145.60,0.01,6104,100,2.92,3.07
50000000,b8192,join,j_inner_10k,"inner join, 10k-row build, count + sum over the whole result","SELECT count(*) AS n, sum(b.w) AS s FROM probe p JOIN build b ON p.k = b.k",25.79,25.25,1.021,320.7,318.6,5,5,"yes",1.483e-16,0,"LEFT AggregateExec (no GROUP BY keys (a whole-table aggregate)) | LEFT AggregateExec (Partial aggregate whose Final was not replaced)","LEFT AggregateExec (no GROUP BY keys (a whole-table aggregate)) | LEFT AggregateExec (Partial aggregate whose Final was not replaced)",0,0,0.00,0.00,0.00,0.00,0.00,0,1,3.07,3.31
50000000,b8192,join,jg_inner_10k,"inner join, 10k-row build, then group by the probe key: count + sum","SELECT p.k, count(*) AS n, sum(p.v) AS s FROM probe p JOIN build b ON p.k = b.k GROUP BY p.k",37.70,65.14,0.579,450.8,358.5,5,5,"yes",5.802e-16,1,"TAKEN AggregateExec (input rows ~10000 (inexact, accepted) vs min_rows 0; output kept at one partition (only projections above it))","LEFT AggregateExec (input rows ~10000 are an estimate (accept_inexact is off)) | LEFT AggregateExec (Partial aggregate whose Final was not replaced)",0,1,25.07,9.58,6.55,21.76,0.01,4068,10000,3.07,3.31
50000000,b8192,join,j_left_10k,"left join, 10k-row build, count + sum over the whole result","SELECT count(*) AS n, sum(b.w) AS s FROM probe p LEFT JOIN build b ON p.k = b.k",42.72,45.92,0.930,589.3,576.4,5,5,"yes",1.483e-16,0,"LEFT AggregateExec (no GROUP BY keys (a whole-table aggregate)) | LEFT AggregateExec (Partial aggregate whose Final was not replaced)","LEFT AggregateExec (no GROUP BY keys (a whole-table aggregate)) | LEFT AggregateExec (Partial aggregate whose Final was not replaced)",0,0,0.00,0.00,0.00,0.00,0.00,0,1,3.07,3.31
50000000,b8192,join,jg_left_10k,"left join, 10k-row build, then group by the probe key: count + sum","SELECT p.k, count(*) AS n, sum(p.v) AS s FROM probe p LEFT JOIN build b ON p.k = b.k GROUP BY p.k",62.41,118.95,0.525,791.1,566.5,5,5,"yes",5.853e-16,1,"TAKEN AggregateExec (input rows ~50000000 (inexact, accepted) vs min_rows 0; output kept at one partition (only projections above it))","LEFT AggregateExec (input rows ~50000000 are an estimate (accept_inexact is off)) | LEFT AggregateExec (Partial aggregate whose Final was not replaced)",0,1,37.12,16.15,12.59,50.38,0.01,6104,20000,3.07,3.31
50000000,b8192,join,j_inner_1M,"inner join, 1M-row build, count + sum over the whole result","SELECT count(*) AS n, sum(b.w) AS s FROM probe p JOIN build b ON p.k = b.k",51.39,51.82,0.992,760.0,765.7,5,5,"yes",4.471e-16,0,"LEFT AggregateExec (no GROUP BY keys (a whole-table aggregate)) | LEFT AggregateExec (Partial aggregate whose Final was not replaced)","LEFT AggregateExec (no GROUP BY keys (a whole-table aggregate)) | LEFT AggregateExec (Partial aggregate whose Final was not replaced)",0,0,0.00,0.00,0.00,0.00,0.00,0,1,3.31,4.40
50000000,b8192,join,jg_inner_1M,"inner join, 1M-row build, then group by the probe key: count + sum","SELECT p.k, count(*) AS n, sum(p.v) AS s FROM probe p JOIN build b ON p.k = b.k GROUP BY p.k",97.19,119.14,0.816,1427.0,937.3,5,5,"yes",8.142e-16,1,"TAKEN AggregateExec (input rows ~1000000 (inexact, accepted) vs min_rows 0; output kept at one partition (only projections above it))","LEFT AggregateExec (input rows ~1000000 are an estimate (accept_inexact is off))",0,1,62.30,9.43,6.28,38.70,0.01,4098,1000000,3.31,4.40
50000000,b8192,join,j_left_1M,"left join, 1M-row build, count + sum over the whole result","SELECT count(*) AS n, sum(b.w) AS s FROM probe p LEFT JOIN build b ON p.k = b.k",66.72,67.64,0.986,1002.9,1024.9,5,5,"yes",0.000e0,0,"LEFT AggregateExec (no GROUP BY keys (a whole-table aggregate)) | LEFT AggregateExec (Partial aggregate whose Final was not replaced)","LEFT AggregateExec (no GROUP BY keys (a whole-table aggregate)) | LEFT AggregateExec (Partial aggregate whose Final was not replaced)",0,0,0.00,0.00,0.00,0.00,0.00,0,1,3.31,4.40
50000000,b8192,join,jg_left_1M,"left join, 1M-row build, then group by the probe key: count + sum","SELECT p.k, count(*) AS n, sum(p.v) AS s FROM probe p LEFT JOIN build b ON p.k = b.k GROUP BY p.k",165.07,190.84,0.865,2529.9,1141.7,5,5,"yes",8.129e-16,1,"TAKEN AggregateExec (input rows ~50000000 (inexact, accepted) vs min_rows 0; output kept at one partition (only projections above it))","LEFT AggregateExec (input rows ~50000000 are an estimate (accept_inexact is off))",0,1,72.69,16.35,12.72,86.32,0.01,6112,2000000,3.31,4.40
50000000,b8192,join,j_inner_10M,"inner join, 10M-row build, count + sum over the whole result","SELECT count(*) AS n, sum(b.w) AS s FROM probe p JOIN build b ON p.k = b.k",97.76,98.38,0.994,1424.8,1367.9,5,5,"yes",0.000e0,0,"LEFT AggregateExec (no GROUP BY keys (a whole-table aggregate)) | LEFT AggregateExec (Partial aggregate whose Final was not replaced)","LEFT AggregateExec (no GROUP BY keys (a whole-table aggregate)) | LEFT AggregateExec (Partial aggregate whose Final was not replaced)",0,0,0.00,0.00,0.00,0.00,0.00,0,1,3.09,4.12
50000000,b8192,join,jg_inner_10M,"inner join, 10M-row build, then group by the probe key: count + sum","SELECT p.k, count(*) AS n, sum(p.v) AS s FROM probe p JOIN build b ON p.k = b.k GROUP BY p.k",178.58,256.38,0.697,2669.9,1441.9,5,5,"yes",4.433e-16,1,"TAKEN AggregateExec (input rows ~10000000 (inexact, accepted) vs min_rows 0; output kept at one partition (only projections above it))","LEFT AggregateExec (input rows ~10000000 are an estimate (accept_inexact is off))",0,1,93.57,9.67,6.64,143.41,0.01,4067,9179637,3.09,4.12
50000000,b8192,join,j_left_10M,"left join, 10M-row build, count + sum over the whole result","SELECT count(*) AS n, sum(b.w) AS s FROM probe p LEFT JOIN build b ON p.k = b.k",111.20,111.51,0.997,1650.6,1653.7,5,5,"yes",1.490e-16,0,"LEFT AggregateExec (no GROUP BY keys (a whole-table aggregate)) | LEFT AggregateExec (Partial aggregate whose Final was not replaced)","LEFT AggregateExec (no GROUP BY keys (a whole-table aggregate)) | LEFT AggregateExec (Partial aggregate whose Final was not replaced)",0,0,0.00,0.00,0.00,0.00,0.00,0,1,3.09,4.12
50000000,b8192,join,jg_left_10M,"left join, 10M-row build, then group by the probe key: count + sum","SELECT p.k, count(*) AS n, sum(p.v) AS s FROM probe p LEFT JOIN build b ON p.k = b.k GROUP BY p.k",283.38,477.01,0.594,4242.0,1663.9,5,5,"yes",4.898e-16,1,"TAKEN AggregateExec (input rows ~50000000 (inexact, accepted) vs min_rows 0; output kept at one partition (only projections above it))","LEFT AggregateExec (input rows ~50000000 are an estimate (accept_inexact is off))",0,1,106.92,16.86,12.53,336.84,0.01,6112,18360008,3.09,4.12
50000000,b8192,groupby,g1count200,"group-by 1 int32 key, 200 groups, count(*) AS n","SELECT k, count(*) AS n FROM grid GROUP BY k",17.17,24.11,0.712,186.4,36.9,5,5,"yes",0.000e0,1,"TAKEN AggregateExec (input rows 50000000 (exact) vs min_rows 0; output kept at one partition (only projections above it))","TAKEN AggregateExec (input rows 50000000 (exact) vs min_rows 1000000; output kept at one partition (only projections above it))",0,1,7.04,5.19,3.02,8.00,0.01,6104,200,3.37,3.26
50000000,b8192,groupby,g2count200,"group-by 2 int32 keys, 200 groups, count(*) AS n","SELECT k1, k2, count(*) AS n FROM grid GROUP BY k1, k2",32.42,37.11,0.874,450.0,48.4,5,5,"yes",0.000e0,1,"TAKEN AggregateExec (input rows 50000000 (exact) vs min_rows 0; output kept at one partition (only projections above it))","TAKEN AggregateExec (input rows 50000000 (exact) vs min_rows 1000000; output kept at one partition (only projections above it))",0,1,7.05,10.65,6.29,11.96,0.01,6104,200,3.37,3.26
50000000,b8192,groupby,g1sum200,"group-by 1 int32 key, 200 groups, sum(x) AS s","SELECT k, sum(x) AS s FROM grid GROUP BY k",16.89,51.53,0.328,176.3,58.0,5,5,"yes",2.327e-15,1,"TAKEN AggregateExec (input rows 50000000 (exact) vs min_rows 0; output kept at one partition (only projections above it))","TAKEN AggregateExec (input rows 50000000 (exact) vs min_rows 1000000; output kept at one partition (only projections above it))",0,1,7.68,13.32,9.22,20.09,0.01,6104,200,3.37,3.26
50000000,b8192,groupby,g2sum200,"group-by 2 int32 keys, 200 groups, sum(x) AS s","SELECT k1, k2, sum(x) AS s FROM grid GROUP BY k1, k2",32.36,64.39,0.503,447.2,68.5,5,5,"yes",1.979e-15,1,"TAKEN AggregateExec (input rows 50000000 (exact) vs min_rows 0; output kept at one partition (only projections above it))","TAKEN AggregateExec (input rows 50000000 (exact) vs min_rows 1000000; output kept at one partition (only projections above it))",0,1,7.53,18.10,11.71,24.98,0.01,6104,200,3.37,3.26
50000000,b8192,groupby,g1mean200,"group-by 1 int32 key, 200 groups, avg(x) AS m","SELECT k, avg(x) AS m FROM grid GROUP BY k",17.89,52.66,0.340,193.3,58.7,5,5,"yes",1.110e-15,1,"TAKEN AggregateExec (input rows 50000000 (exact) vs min_rows 0; output kept at one partition (only projections above it))","TAKEN AggregateExec (input rows 50000000 (exact) vs min_rows 1000000; output kept at one partition (only projections above it))",0,1,7.73,13.29,9.60,20.44,0.01,6104,200,3.37,3.26
50000000,b8192,groupby,g2mean200,"group-by 2 int32 keys, 200 groups, avg(x) AS m","SELECT k1, k2, avg(x) AS m FROM grid GROUP BY k1, k2",32.41,64.79,0.500,458.8,67.4,5,5,"yes",9.992e-16,1,"TAKEN AggregateExec (input rows 50000000 (exact) vs min_rows 0; output kept at one partition (only projections above it))","TAKEN AggregateExec (input rows 50000000 (exact) vs min_rows 1000000; output kept at one partition (only projections above it))",0,1,7.52,19.01,12.83,24.19,0.01,6104,200,3.37,3.26
50000000,b8192,groupby,g1minmax200,"group-by 1 int32 key, 200 groups, min(x) AS lo, max(x) AS hi","SELECT k, min(x) AS lo, max(x) AS hi FROM grid GROUP BY k",18.25,79.00,0.231,198.7,59.9,5,5,"yes",0.000e0,1,"TAKEN AggregateExec (input rows 50000000 (exact) vs min_rows 0; output kept at one partition (only projections above it))","TAKEN AggregateExec (input rows 50000000 (exact) vs min_rows 1000000; output kept at one partition (only projections above it))",0,1,7.51,13.54,9.38,47.36,0.01,6104,200,3.37,3.26
50000000,b8192,groupby,g2minmax200,"group-by 2 int32 keys, 200 groups, min(x) AS lo, max(x) AS hi","SELECT k1, k2, min(x) AS lo, max(x) AS hi FROM grid GROUP BY k1, k2",36.70,91.78,0.400,466.4,69.0,5,5,"yes",0.000e0,1,"TAKEN AggregateExec (input rows 50000000 (exact) vs min_rows 0; output kept at one partition (only projections above it))","TAKEN AggregateExec (input rows 50000000 (exact) vs min_rows 1000000; output kept at one partition (only projections above it))",0,1,7.56,18.13,12.51,52.22,0.02,6104,200,3.37,3.26
50000000,b8192,groupby,g1count10k,"group-by 1 int32 key, 10k groups, count(*) AS n","SELECT k, count(*) AS n FROM grid GROUP BY k",18.94,26.48,0.715,208.1,38.1,5,5,"yes",0.000e0,1,"TAKEN AggregateExec (input rows 50000000 (exact) vs min_rows 0; output kept at one partition (only projections above it))","TAKEN AggregateExec (input rows 50000000 (exact) vs min_rows 1000000; output kept at one partition (only projections above it))",0,1,6.98,5.46,3.41,9.31,0.01,6104,10000,3.26,3.00
50000000,b8192,groupby,g2count10k,"group-by 2 int32 keys, 10k groups, count(*) AS n","SELECT k1, k2, count(*) AS n FROM grid GROUP BY k1, k2",35.95,39.46,0.911,474.5,51.6,5,5,"yes",0.000e0,1,"TAKEN AggregateExec (input rows 50000000 (exact) vs min_rows 0; output kept at one partition (only projections above it))","TAKEN AggregateExec (input rows 50000000 (exact) vs min_rows 1000000; output kept at one partition (only projections above it))",0,1,7.54,10.88,6.22,13.04,0.01,6104,10000,3.26,3.00
50000000,b8192,groupby,g1sum10k,"group-by 1 int32 key, 10k groups, sum(x) AS s","SELECT k, sum(x) AS s FROM grid GROUP BY k",18.67,70.90,0.263,199.2,57.4,5,5,"yes",7.222e-16,1,"TAKEN AggregateExec (input rows 50000000 (exact) vs min_rows 0; output kept at one partition (only projections above it))","TAKEN AggregateExec (input rows 50000000 (exact) vs min_rows 1000000; output kept at one partition (only projections above it))",0,1,7.12,16.32,9.63,36.78,0.01,6104,10000,3.26,3.00
50000000,b8192,groupby,g2sum10k,"group-by 2 int32 keys, 10k groups, sum(x) AS s","SELECT k1, k2, sum(x) AS s FROM grid GROUP BY k1, k2",33.11,91.44,0.362,466.9,75.6,5,5,"yes",7.423e-16,1,"TAKEN AggregateExec (input rows 50000000 (exact) vs min_rows 0; output kept at one partition (only projections above it))","TAKEN AggregateExec (input rows 50000000 (exact) vs min_rows 1000000; output kept at one partition (only projections above it))",0,1,7.64,23.34,12.51,46.70,0.01,6104,10000,3.26,3.00
50000000,b8192,groupby,g1mean10k,"group-by 1 int32 key, 10k groups, avg(x) AS m","SELECT k, avg(x) AS m FROM grid GROUP BY k",20.36,71.80,0.284,237.0,58.0,5,5,"yes",4.441e-16,1,"TAKEN AggregateExec (input rows 50000000 (exact) vs min_rows 0; output kept at one partition (only projections above it))","TAKEN AggregateExec (input rows 50000000 (exact) vs min_rows 1000000; output kept at one partition (only projections above it))",0,1,7.16,16.94,9.08,37.57,0.01,6104,10000,3.26,3.00
50000000,b8192,groupby,g2mean10k,"group-by 2 int32 keys, 10k groups, avg(x) AS m","SELECT k1, k2, avg(x) AS m FROM grid GROUP BY k1, k2",39.36,83.86,0.469,509.6,70.5,5,5,"yes",4.441e-16,1,"TAKEN AggregateExec (input rows 50000000 (exact) vs min_rows 0; output kept at one partition (only projections above it))","TAKEN AggregateExec (input rows 50000000 (exact) vs min_rows 1000000; output kept at one partition (only projections above it))",0,1,7.46,22.87,12.28,39.99,0.01,6104,10000,3.26,3.00
50000000,b8192,groupby,g1minmax10k,"group-by 1 int32 key, 10k groups, min(x) AS lo, max(x) AS hi","SELECT k, min(x) AS lo, max(x) AS hi FROM grid GROUP BY k",20.56,109.65,0.188,243.2,62.2,5,5,"yes",0.000e0,1,"TAKEN AggregateExec (input rows 50000000 (exact) vs min_rows 0; output kept at one partition (only projections above it))","TAKEN AggregateExec (input rows 50000000 (exact) vs min_rows 1000000; output kept at one partition (only projections above it))",0,1,7.30,16.87,9.10,75.23,0.02,6104,10000,3.26,3.00
50000000,b8192,groupby,g2minmax10k,"group-by 2 int32 keys, 10k groups, min(x) AS lo, max(x) AS hi","SELECT k1, k2, min(x) AS lo, max(x) AS hi FROM grid GROUP BY k1, k2",35.67,124.54,0.286,513.1,75.7,5,5,"yes",0.000e0,1,"TAKEN AggregateExec (input rows 50000000 (exact) vs min_rows 0; output kept at one partition (only projections above it))","TAKEN AggregateExec (input rows 50000000 (exact) vs min_rows 1000000; output kept at one partition (only projections above it))",0,1,7.50,22.58,12.57,80.49,0.01,6104,10000,3.26,3.00
50000000,b8192,groupby,g1count100k,"group-by 1 int32 key, 100k groups, count(*) AS n","SELECT k, count(*) AS n FROM grid GROUP BY k",31.22,27.02,1.155,413.3,36.7,5,5,"yes",0.000e0,1,"TAKEN AggregateExec (input rows 50000000 (exact) vs min_rows 0; output kept at one partition (only projections above it))","TAKEN AggregateExec (input rows 50000000 (exact) vs min_rows 1000000; output kept at one partition (only projections above it))",0,1,6.80,5.23,3.42,10.67,0.01,6104,100000,3.00,4.12
50000000,b8192,groupby,g2count100k,"group-by 2 int32 keys, 100k groups, count(*) AS n","SELECT k1, k2, count(*) AS n FROM grid GROUP BY k1, k2",49.93,40.45,1.234,755.3,50.4,5,5,"yes",0.000e0,1,"TAKEN AggregateExec (input rows 50000000 (exact) vs min_rows 0; output kept at one partition (only projections above it))","TAKEN AggregateExec (input rows 50000000 (exact) vs min_rows 1000000; output kept at one partition (only projections above it))",0,1,7.44,11.44,6.29,13.80,0.01,6104,100000,3.00,4.12
50000000,b8192,groupby,g1sum100k,"group-by 1 int32 key, 100k groups, sum(x) AS s","SELECT k, sum(x) AS s FROM grid GROUP BY k",30.66,75.80,0.404,412.3,60.9,5,5,"yes",6.573e-16,1,"TAKEN AggregateExec (input rows 50000000 (exact) vs min_rows 0; output kept at one partition (only projections above it))","TAKEN AggregateExec (input rows 50000000 (exact) vs min_rows 1000000; output kept at one partition (only projections above it))",0,1,7.33,18.00,9.18,40.25,0.01,6104,100000,3.00,4.12
50000000,b8192,groupby,g2sum100k,"group-by 2 int32 keys, 100k groups, sum(x) AS s","SELECT k1, k2, sum(x) AS s FROM grid GROUP BY k1, k2",57.76,84.01,0.688,729.4,71.1,5,5,"yes",4.876e-16,1,"TAKEN AggregateExec (input rows 50000000 (exact) vs min_rows 0; output kept at one partition (only projections above it))","TAKEN AggregateExec (input rows 50000000 (exact) vs min_rows 1000000; output kept at one partition (only projections above it))",0,1,7.51,21.56,12.31,41.31,0.01,6104,100000,3.00,4.12
50000000,b8192,groupby,g1mean100k,"group-by 1 int32 key, 100k groups, avg(x) AS m","SELECT k, avg(x) AS m FROM grid GROUP BY k",39.62,74.93,0.529,564.8,60.0,5,5,"yes",3.331e-16,1,"TAKEN AggregateExec (input rows 50000000 (exact) vs min_rows 0; output kept at one partition (only projections above it))","TAKEN AggregateExec (input rows 50000000 (exact) vs min_rows 1000000; output kept at one partition (only projections above it))",0,1,7.01,17.18,9.67,39.95,0.01,6104,100000,3.00,4.12
50000000,b8192,groupby,g2mean100k,"group-by 2 int32 keys, 100k groups, avg(x) AS m","SELECT k1, k2, avg(x) AS m FROM grid GROUP BY k1, k2",65.09,84.85,0.767,935.0,69.7,5,5,"yes",3.331e-16,1,"TAKEN AggregateExec (input rows 50000000 (exact) vs min_rows 0; output kept at one partition (only projections above it))","TAKEN AggregateExec (input rows 50000000 (exact) vs min_rows 1000000; output kept at one partition (only projections above it))",0,1,7.17,21.09,12.70,42.56,0.01,6104,100000,3.00,4.12
50000000,b8192,groupby,g1minmax100k,"group-by 1 int32 key, 100k groups, min(x) AS lo, max(x) AS hi","SELECT k, min(x) AS lo, max(x) AS hi FROM grid GROUP BY k",44.49,115.52,0.385,670.5,64.1,5,5,"yes",0.000e0,1,"TAKEN AggregateExec (input rows 50000000 (exact) vs min_rows 0; output kept at one partition (only projections above it))","TAKEN AggregateExec (input rows 50000000 (exact) vs min_rows 1000000; output kept at one partition (only projections above it))",0,1,7.25,18.10,8.96,79.50,0.01,6104,100000,3.00,4.12
50000000,b8192,groupby,g2minmax100k,"group-by 2 int32 keys, 100k groups, min(x) AS lo, max(x) AS hi","SELECT k1, k2, min(x) AS lo, max(x) AS hi FROM grid GROUP BY k1, k2",68.15,129.02,0.528,1017.5,79.9,5,5,"yes",0.000e0,1,"TAKEN AggregateExec (input rows 50000000 (exact) vs min_rows 0; output kept at one partition (only projections above it))","TAKEN AggregateExec (input rows 50000000 (exact) vs min_rows 1000000; output kept at one partition (only projections above it))",0,1,7.79,23.63,12.74,83.04,0.01,6104,100000,3.00,4.12
50000000,b8192,groupby,g1count1M,"group-by 1 int32 key, 1M groups, count(*) AS n","SELECT k, count(*) AS n FROM grid GROUP BY k",52.35,29.33,1.785,765.5,40.5,5,5,"yes",0.000e0,1,"TAKEN AggregateExec (input rows 50000000 (exact) vs min_rows 0; output kept at one partition (only projections above it))","TAKEN AggregateExec (input rows 50000000 (exact) vs min_rows 1000000; output kept at one partition (only projections above it))",0,1,7.28,5.54,3.19,12.00,0.01,6104,1000000,3.49,3.21
50000000,b8192,groupby,g2count1M,"group-by 2 int32 keys, 1M groups, count(*) AS n","SELECT k1, k2, count(*) AS n FROM grid GROUP BY k1, k2",73.11,41.67,1.755,1095.2,49.4,5,5,"yes",0.000e0,1,"TAKEN AggregateExec (input rows 50000000 (exact) vs min_rows 0; output kept at one partition (only projections above it))","TAKEN AggregateExec (input rows 50000000 (exact) vs min_rows 1000000; output kept at one partition (only projections above it))",0,1,7.03,10.53,6.43,16.47,0.01,6104,1000000,3.49,3.21
50000000,b8192,groupby,g1sum1M,"group-by 1 int32 key, 1M groups, sum(x) AS s","SELECT k, sum(x) AS s FROM grid GROUP BY k",53.37,91.05,0.586,786.1,60.7,5,5,"yes",1.124e-15,1,"TAKEN AggregateExec (input rows 50000000 (exact) vs min_rows 0; output kept at one partition (only projections above it))","TAKEN AggregateExec (input rows 50000000 (exact) vs min_rows 1000000; output kept at one partition (only projections above it))",0,1,7.13,17.81,9.39,55.55,0.01,6104,1000000,3.49,3.21
50000000,b8192,groupby,g2sum1M,"group-by 2 int32 keys, 1M groups, sum(x) AS s","SELECT k1, k2, sum(x) AS s FROM grid GROUP BY k1, k2",74.88,99.72,0.751,1127.0,70.4,5,5,"yes",1.087e-15,1,"TAKEN AggregateExec (input rows 50000000 (exact) vs min_rows 0; output kept at one partition (only projections above it))","TAKEN AggregateExec (input rows 50000000 (exact) vs min_rows 1000000; output kept at one partition (only projections above it))",0,1,7.54,20.81,12.65,57.26,0.01,6104,1000000,3.49,3.21
50000000,b8192,groupby,g1mean1M,"group-by 1 int32 key, 1M groups, avg(x) AS m","SELECT k, avg(x) AS m FROM grid GROUP BY k",68.60,93.20,0.736,1003.1,66.4,5,5,"yes",5.551e-16,1,"TAKEN AggregateExec (input rows 50000000 (exact) vs min_rows 0; output kept at one partition (only projections above it))","TAKEN AggregateExec (input rows 50000000 (exact) vs min_rows 1000000; output kept at one partition (only projections above it))",0,1,7.54,19.00,9.08,55.62,0.01,6104,1000000,3.49,3.21
50000000,b8192,groupby,g2mean1M,"group-by 2 int32 keys, 1M groups, avg(x) AS m","SELECT k1, k2, avg(x) AS m FROM grid GROUP BY k1, k2",88.87,99.48,0.893,1328.6,71.8,5,5,"yes",5.551e-16,1,"TAKEN AggregateExec (input rows 50000000 (exact) vs min_rows 0; output kept at one partition (only projections above it))","TAKEN AggregateExec (input rows 50000000 (exact) vs min_rows 1000000; output kept at one partition (only projections above it))",0,1,7.46,20.54,12.41,57.69,0.01,6104,1000000,3.49,3.21
50000000,b8192,groupby,g1minmax1M,"group-by 1 int32 key, 1M groups, min(x) AS lo, max(x) AS hi","SELECT k, min(x) AS lo, max(x) AS hi FROM grid GROUP BY k",74.91,158.45,0.473,1075.9,70.0,5,5,"yes",0.000e0,1,"TAKEN AggregateExec (input rows 50000000 (exact) vs min_rows 0; output kept at one partition (only projections above it))","TAKEN AggregateExec (input rows 50000000 (exact) vs min_rows 1000000; output kept at one partition (only projections above it))",0,1,7.23,17.73,9.29,118.62,0.02,6104,1000000,3.49,3.21
50000000,b8192,groupby,g2minmax1M,"group-by 2 int32 keys, 1M groups, min(x) AS lo, max(x) AS hi","SELECT k1, k2, min(x) AS lo, max(x) AS hi FROM grid GROUP BY k1, k2",93.99,173.76,0.541,1416.3,82.5,5,5,"yes",0.000e0,1,"TAKEN AggregateExec (input rows 50000000 (exact) vs min_rows 0; output kept at one partition (only projections above it))","TAKEN AggregateExec (input rows 50000000 (exact) vs min_rows 1000000; output kept at one partition (only projections above it))",0,1,7.15,23.26,12.34,123.51,0.01,6104,1000000,3.49,3.21
50000000,b8192,groupby,g1countR2,"group-by 1 int32 key, R2 groups, count(*) AS n","SELECT k, count(*) AS n FROM grid GROUP BY k",155.47,181.14,0.858,2377.6,60.4,5,5,"yes",0.000e0,1,"TAKEN AggregateExec (input rows 50000000 (exact) vs min_rows 0; output kept at one partition (only projections above it))","TAKEN AggregateExec (input rows 50000000 (exact) vs min_rows 1000000; output kept at one partition (only projections above it))",0,1,6.77,5.31,3.20,163.97,0.01,6104,21618695,3.19,2.05
50000000,b8192,groupby,g2countR2,"group-by 2 int32 keys, R2 groups, count(*) AS n","SELECT k1, k2, count(*) AS n FROM grid GROUP BY k1, k2",169.60,207.55,0.817,2528.2,72.7,5,5,"yes",0.000e0,1,"TAKEN AggregateExec (input rows 50000000 (exact) vs min_rows 0; output kept at one partition (only projections above it))","TAKEN AggregateExec (input rows 50000000 (exact) vs min_rows 1000000; output kept at one partition (only projections above it))",0,1,7.10,10.16,6.37,181.65,0.01,6104,21616057,3.19,2.05
50000000,b8192,groupby,g1sumR2,"group-by 1 int32 key, R2 groups, sum(x) AS s","SELECT k, sum(x) AS s FROM grid GROUP BY k",149.34,379.52,0.393,2259.8,70.7,5,5,"yes",4.432e-16,1,"TAKEN AggregateExec (input rows 50000000 (exact) vs min_rows 0; output kept at one partition (only projections above it))","TAKEN AggregateExec (input rows 50000000 (exact) vs min_rows 1000000; output kept at one partition (only projections above it))",0,1,7.12,13.17,9.97,347.15,0.01,6104,21618695,3.19,2.05
50000000,b8192,groupby,g2sumR2,"group-by 2 int32 keys, R2 groups, sum(x) AS s","SELECT k1, k2, sum(x) AS s FROM grid GROUP BY k1, k2",171.20,392.03,0.437,2567.1,84.7,5,5,"yes",4.424e-16,1,"TAKEN AggregateExec (input rows 50000000 (exact) vs min_rows 0; output kept at one partition (only projections above it))","TAKEN AggregateExec (input rows 50000000 (exact) vs min_rows 1000000; output kept at one partition (only projections above it))",0,1,7.55,18.10,12.39,351.19,0.01,6104,21616057,3.19,2.05
50000000,b8192,groupby,g1meanR2,"group-by 1 int32 key, R2 groups, avg(x) AS m","SELECT k, avg(x) AS m FROM grid GROUP BY k",183.61,380.42,0.483,2745.1,69.0,5,5,"yes",3.331e-16,1,"TAKEN AggregateExec (input rows 50000000 (exact) vs min_rows 0; output kept at one partition (only projections above it))","TAKEN AggregateExec (input rows 50000000 (exact) vs min_rows 1000000; output kept at one partition (only projections above it))",0,1,7.25,13.19,10.27,347.61,0.01,6104,21618695,3.19,2.05
50000000,b8192,groupby,g2meanR2,"group-by 2 int32 keys, R2 groups, avg(x) AS m","SELECT k1, k2, avg(x) AS m FROM grid GROUP BY k1, k2",195.61,393.08,0.498,2993.2,81.6,5,5,"yes",3.331e-16,1,"TAKEN AggregateExec (input rows 50000000 (exact) vs min_rows 0; output kept at one partition (only projections above it))","TAKEN AggregateExec (input rows 50000000 (exact) vs min_rows 1000000; output kept at one partition (only projections above it))",0,1,7.07,18.16,12.38,353.07,0.01,6104,21616057,3.19,2.05
50000000,b8192,groupby,g1minmaxR2,"group-by 1 int32 key, R2 groups, min(x) AS lo, max(x) AS hi","SELECT k, min(x) AS lo, max(x) AS hi FROM grid GROUP BY k",202.94,862.93,0.235,3111.3,188.6,5,5,"yes",0.000e0,1,"TAKEN AggregateExec (input rows 50000000 (exact) vs min_rows 0; output kept at one partition (only projections above it))","TAKEN AggregateExec (input rows 50000000 (exact) vs min_rows 1000000; output kept at one partition (only projections above it))",0,1,7.28,13.81,9.74,732.65,0.02,6104,21618695,3.19,2.05
50000000,b8192,groupby,g2minmaxR2,"group-by 2 int32 keys, R2 groups, min(x) AS lo, max(x) AS hi","SELECT k1, k2, min(x) AS lo, max(x) AS hi FROM grid GROUP BY k1, k2",213.82,900.13,0.238,3234.6,205.7,5,5,"yes",0.000e0,1,"TAKEN AggregateExec (input rows 50000000 (exact) vs min_rows 0; output kept at one partition (only projections above it))","TAKEN AggregateExec (input rows 50000000 (exact) vs min_rows 1000000; output kept at one partition (only projections above it))",0,1,7.33,19.30,12.65,758.43,0.02,6104,21616057,3.19,2.05
50000000,b8192,distinct,u_small,"distinct (int32, int32), 10k groups","SELECT DISTINCT region, sub FROM fact",33.18,39.75,0.835,437.4,48.8,5,5,"yes",0.000e0,1,"TAKEN AggregateExec (input rows 50000000 (exact) vs min_rows 0; output kept at one partition (only projections above it))","TAKEN AggregateExec (input rows 50000000 (exact) vs min_rows 1000000; output kept at one partition (only projections above it))",0,1,7.61,10.45,6.05,14.13,0.01,6104,10000,1.97,1.97
50000000,b8192,filter,a_sumcnt,"filtered sum + count over the whole table (control)","SELECT sum(amount) AS total, count(*) AS n FROM fact WHERE region < 20 AND qty > 10",15.22,58.61,0.260,168.4,78.0,5,5,"yes",1.646e-16,1,"LEFT AggregateExec (no GROUP BY keys (a whole-table aggregate)) | LEFT AggregateExec (Partial aggregate whose Final was not replaced) | TAKEN FilterExec (input rows 50000000 (exact) vs min_rows 0; re-partitioned)","LEFT AggregateExec (no GROUP BY keys (a whole-table aggregate)) | LEFT AggregateExec (Partial aggregate whose Final was not replaced) | TAKEN FilterExec (input rows 50000000 (exact) vs min_rows 1000000; re-partitioned)",0,1,6.80,22.62,15.52,11.23,0.01,6104,1,1.97,1.97
50000000,part1,sort,srt_i64,"sort 3 columns by an int64 key","SELECT q, k1, x FROM extra ORDER BY q",1546.34,96.16,16.081,6175.7,62.1,5,5,"yes",0.000e0,1,"TAKEN SortPreservingMergeExec (input rows 50000000 (exact) vs min_rows 0; projection kept above it)","TAKEN SortPreservingMergeExec (input rows 50000000 (exact) vs min_rows 1000000; projection kept above it)",0,1,7.05,15.07,15.85,54.99,0.01,6112,50000000,1.89,2.12
50000000,part1,sort,srt_f64,"sort 3 columns by a Float64 key","SELECT q, k1, x FROM extra ORDER BY x",1653.09,139.75,11.829,6786.5,63.9,5,5,"yes",0.000e0,1,"TAKEN SortPreservingMergeExec (input rows 50000000 (exact) vs min_rows 0; projection kept above it)","TAKEN SortPreservingMergeExec (input rows 50000000 (exact) vs min_rows 1000000; projection kept above it)",0,1,6.86,14.88,15.43,99.35,0.01,6112,50000000,1.89,2.12
50000000,part1,sort,srt_str,"sort 3 columns by a String key (1000 values)","SELECT name, q, k1 FROM extra ORDER BY name",1841.80,114.71,16.057,8252.9,67.1,5,5,"yes",0.000e0,1,"TAKEN SortPreservingMergeExec (input rows 50000000 (exact) vs min_rows 0; projection kept above it)","TAKEN SortPreservingMergeExec (input rows 50000000 (exact) vs min_rows 1000000; projection kept above it)",0,1,7.43,16.85,14.66,72.29,0.01,6112,50000000,1.89,2.12
50000000,part1,sort,top_i64,"top 100 by an int64 key (control)","SELECT q, k1, x FROM extra ORDER BY q LIMIT 100",4.11,58.77,0.070,51.6,62.5,5,5,"yes",0.000e0,1,"TAKEN SortPreservingMergeExec (input rows 50000000 (exact) vs min_rows 0; projection kept above it)","TAKEN SortPreservingMergeExec (input rows 50000000 (exact) vs min_rows 1000000; projection kept above it)",0,1,7.16,15.69,15.38,19.90,0.01,6112,100,1.89,2.12
50000000,part1,sort,top_f64,"top 100 by Float64, descending (control)","SELECT q, k1, x FROM extra ORDER BY x DESC LIMIT 100",5.58,178.66,0.031,67.9,64.2,5,5,"yes",0.000e0,1,"TAKEN SortPreservingMergeExec (input rows 50000000 (exact) vs min_rows 0; projection kept above it)","TAKEN SortPreservingMergeExec (input rows 50000000 (exact) vs min_rows 1000000; projection kept above it)",0,1,7.20,15.14,15.22,140.41,0.01,6112,100,1.89,2.12
50000000,part1,join,j_inner_10k,"inner join, 10k-row build, count + sum over the whole result","SELECT count(*) AS n, sum(b.w) AS s FROM probe p JOIN build b ON p.k = b.k",45.96,45.97,1.000,684.7,691.7,5,5,"yes",2.965e-16,0,"LEFT AggregateExec (no GROUP BY keys (a whole-table aggregate)) | LEFT AggregateExec (Partial aggregate whose Final was not replaced)","LEFT AggregateExec (no GROUP BY keys (a whole-table aggregate)) | LEFT AggregateExec (Partial aggregate whose Final was not replaced)",0,0,0.00,0.00,0.00,0.00,0.00,0,1,2.03,2.03
50000000,part1,join,jg_inner_10k,"inner join, 10k-row build, then group by the probe key: count + sum","SELECT p.k, count(*) AS n, sum(p.v) AS s FROM probe p JOIN build b ON p.k = b.k GROUP BY p.k",66.93,100.43,0.666,968.6,854.9,5,5,"yes",5.304e-15,1,"TAKEN AggregateExec (input rows ~10000 (inexact, accepted) vs min_rows 0; output kept at one partition (only projections above it))","LEFT AggregateExec (input rows ~10000 are an estimate (accept_inexact is off))",0,1,57.86,9.56,6.59,24.69,0.01,4098,10000,2.03,2.03
50000000,part1,join,j_left_10k,"left join, 10k-row build, count + sum over the whole result","SELECT count(*) AS n, sum(b.w) AS s FROM probe p LEFT JOIN build b ON p.k = b.k",62.67,62.79,0.998,946.2,952.6,5,5,"yes",1.483e-16,0,"LEFT AggregateExec (no GROUP BY keys (a whole-table aggregate)) | LEFT AggregateExec (Partial aggregate whose Final was not replaced)","LEFT AggregateExec (no GROUP BY keys (a whole-table aggregate)) | LEFT AggregateExec (Partial aggregate whose Final was not replaced)",0,0,0.00,0.00,0.00,0.00,0.00,0,1,2.03,2.03
50000000,part1,join,jg_left_10k,"left join, 10k-row build, then group by the probe key: count + sum","SELECT p.k, count(*) AS n, sum(p.v) AS s FROM probe p LEFT JOIN build b ON p.k = b.k GROUP BY p.k",83.96,148.78,0.564,1225.9,1077.2,5,5,"yes",4.694e-15,1,"TAKEN AggregateExec (input rows ~50000000 (inexact, accepted) vs min_rows 0; output kept at one partition (only projections above it))","LEFT AggregateExec (input rows ~50000000 are an estimate (accept_inexact is off))",0,1,69.70,16.42,12.69,47.98,0.01,6111,20000,2.03,2.03
50000000,part1,join,j_inner_1M,"inner join, 1M-row build, count + sum over the whole result","SELECT count(*) AS n, sum(b.w) AS s FROM probe p JOIN build b ON p.k = b.k",52.29,53.66,0.974,780.9,800.2,5,5,"yes",1.490e-16,0,"LEFT AggregateExec (no GROUP BY keys (a whole-table aggregate)) | LEFT AggregateExec (Partial aggregate whose Final was not replaced)","LEFT AggregateExec (no GROUP BY keys (a whole-table aggregate)) | LEFT AggregateExec (Partial aggregate whose Final was not replaced)",0,0,0.00,0.00,0.00,0.00,0.00,0,1,2.03,2.99
50000000,part1,join,jg_inner_1M,"inner join, 1M-row build, then group by the probe key: count + sum","SELECT p.k, count(*) AS n, sum(p.v) AS s FROM probe p JOIN build b ON p.k = b.k GROUP BY p.k",93.43,123.65,0.756,1425.5,927.8,5,5,"yes",8.312e-16,1,"TAKEN AggregateExec (input rows ~1000000 (inexact, accepted) vs min_rows 0; output kept at one partition (only projections above it))","LEFT AggregateExec (input rows ~1000000 are an estimate (accept_inexact is off))",0,1,61.35,9.47,6.34,44.75,0.01,4133,1000000,2.03,2.99
50000000,part1,join,j_left_1M,"left join, 1M-row build, count + sum over the whole result","SELECT count(*) AS n, sum(b.w) AS s FROM probe p LEFT JOIN build b ON p.k = b.k",69.76,68.94,1.012,1051.6,1060.1,5,5,"yes",1.490e-16,0,"LEFT AggregateExec (no GROUP BY keys (a whole-table aggregate)) | LEFT AggregateExec (Partial aggregate whose Final was not replaced)","LEFT AggregateExec (no GROUP BY keys (a whole-table aggregate)) | LEFT AggregateExec (Partial aggregate whose Final was not replaced)",0,0,0.00,0.00,0.00,0.00,0.00,0,1,2.03,2.99
50000000,part1,join,jg_left_1M,"left join, 1M-row build, then group by the probe key: count + sum","SELECT p.k, count(*) AS n, sum(p.v) AS s FROM probe p LEFT JOIN build b ON p.k = b.k GROUP BY p.k",163.40,185.89,0.879,2522.4,1122.2,5,5,"yes",8.385e-16,1,"TAKEN AggregateExec (input rows ~50000000 (inexact, accepted) vs min_rows 0; output kept at one partition (only projections above it))","LEFT AggregateExec (input rows ~50000000 are an estimate (accept_inexact is off))",0,1,71.28,16.30,12.58,83.58,0.01,6112,2000000,2.03,2.99
50000000,part1,join,j_inner_10M,"inner join, 10M-row build, count + sum over the whole result","SELECT count(*) AS n, sum(b.w) AS s FROM probe p JOIN build b ON p.k = b.k",98.55,98.76,0.998,1474.7,1492.7,5,5,"yes",0.000e0,0,"LEFT AggregateExec (no GROUP BY keys (a whole-table aggregate)) | LEFT AggregateExec (Partial aggregate whose Final was not replaced)","LEFT AggregateExec (no GROUP BY keys (a whole-table aggregate)) | LEFT AggregateExec (Partial aggregate whose Final was not replaced)",0,0,0.00,0.00,0.00,0.00,0.00,0,1,2.83,4.85
50000000,part1,join,jg_inner_10M,"inner join, 10M-row build, then group by the probe key: count + sum","SELECT p.k, count(*) AS n, sum(p.v) AS s FROM probe p JOIN build b ON p.k = b.k GROUP BY p.k",181.19,257.79,0.703,2761.4,1460.5,5,5,"yes",4.669e-16,1,"TAKEN AggregateExec (input rows ~10000000 (inexact, accepted) vs min_rows 0; output kept at one partition (only projections above it))","LEFT AggregateExec (input rows ~10000000 are an estimate (accept_inexact is off))",0,1,94.29,9.47,6.25,145.51,0.01,4086,9179637,2.83,4.85
50000000,part1,join,j_left_10M,"left join, 10M-row build, count + sum over the whole result","SELECT count(*) AS n, sum(b.w) AS s FROM probe p LEFT JOIN build b ON p.k = b.k",115.58,115.55,1.000,1752.8,1756.9,5,5,"yes",2.980e-16,0,"LEFT AggregateExec (no GROUP BY keys (a whole-table aggregate)) | LEFT AggregateExec (Partial aggregate whose Final was not replaced)","LEFT AggregateExec (no GROUP BY keys (a whole-table aggregate)) | LEFT AggregateExec (Partial aggregate whose Final was not replaced)",0,0,0.00,0.00,0.00,0.00,0.00,0,1,2.83,4.85
50000000,part1,join,jg_left_10M,"left join, 10M-row build, then group by the probe key: count + sum","SELECT p.k, count(*) AS n, sum(p.v) AS s FROM probe p LEFT JOIN build b ON p.k = b.k GROUP BY p.k",292.82,476.80,0.614,4396.3,1649.2,5,5,"yes",5.070e-16,1,"TAKEN AggregateExec (input rows ~50000000 (inexact, accepted) vs min_rows 0; output kept at one partition (only projections above it))","LEFT AggregateExec (input rows ~50000000 are an estimate (accept_inexact is off))",0,1,107.71,16.89,12.56,336.59,0.01,6112,18360008,2.83,4.85
50000000,part1,groupby,g1count200,"group-by 1 int32 key, 200 groups, count(*) AS n","SELECT k, count(*) AS n FROM grid GROUP BY k",16.32,19.36,0.843,182.2,26.0,5,5,"yes",0.000e0,1,"TAKEN AggregateExec (input rows 50000000 (exact) vs min_rows 0; output kept at one partition (only projections above it))","TAKEN AggregateExec (input rows 50000000 (exact) vs min_rows 1000000; output kept at one partition (only projections above it))",0,1,5.99,2.77,3.12,7.06,0.01,6112,200,3.20,4.31
50000000,part1,groupby,g2count200,"group-by 2 int32 keys, 200 groups, count(*) AS n","SELECT k1, k2, count(*) AS n FROM grid GROUP BY k1, k2",32.99,31.02,1.064,446.5,39.7,5,5,"yes",0.000e0,1,"TAKEN AggregateExec (input rows 50000000 (exact) vs min_rows 0; output kept at one partition (only projections above it))","TAKEN AggregateExec (input rows 50000000 (exact) vs min_rows 1000000; output kept at one partition (only projections above it))",0,1,6.95,5.58,6.58,11.43,0.01,6112,200,3.20,4.31
50000000,part1,groupby,g1sum200,"group-by 1 int32 key, 200 groups, sum(x) AS s","SELECT k, sum(x) AS s FROM grid GROUP BY k",15.80,45.60,0.347,175.2,45.9,5,5,"yes",2.209e-15,1,"TAKEN AggregateExec (input rows 50000000 (exact) vs min_rows 0; output kept at one partition (only projections above it))","TAKEN AggregateExec (input rows 50000000 (exact) vs min_rows 1000000; output kept at one partition (only projections above it))",0,1,6.81,9.30,8.92,19.98,0.01,6112,200,3.20,4.31
50000000,part1,groupby,g2sum200,"group-by 2 int32 keys, 200 groups, sum(x) AS s","SELECT k1, k2, sum(x) AS s FROM grid GROUP BY k1, k2",30.78,59.22,0.520,442.8,58.4,5,5,"yes",1.980e-15,1,"TAKEN AggregateExec (input rows 50000000 (exact) vs min_rows 0; output kept at one partition (only projections above it))","TAKEN AggregateExec (input rows 50000000 (exact) vs min_rows 1000000; output kept at one partition (only projections above it))",0,1,7.12,14.74,11.99,24.61,0.01,6112,200,3.20,4.31
50000000,part1,groupby,g1mean200,"group-by 1 int32 key, 200 groups, avg(x) AS m","SELECT k, avg(x) AS m FROM grid GROUP BY k",17.02,46.16,0.369,187.2,46.9,5,5,"yes",1.221e-15,1,"TAKEN AggregateExec (input rows 50000000 (exact) vs min_rows 0; output kept at one partition (only projections above it))","TAKEN AggregateExec (input rows 50000000 (exact) vs min_rows 1000000; output kept at one partition (only projections above it))",0,1,6.91,9.33,9.29,19.94,0.01,6112,200,3.20,4.31
50000000,part1,groupby,g2mean200,"group-by 2 int32 keys, 200 groups, avg(x) AS m","SELECT k1, k2, avg(x) AS m FROM grid GROUP BY k1, k2",31.56,64.23,0.491,452.7,61.2,5,5,"yes",1.110e-15,1,"TAKEN AggregateExec (input rows 50000000 (exact) vs min_rows 0; output kept at one partition (only projections above it))","TAKEN AggregateExec (input rows 50000000 (exact) vs min_rows 1000000; output kept at one partition (only projections above it))",0,1,7.09,16.27,12.22,27.93,0.01,6112,200,3.20,4.31
50000000,part1,groupby,g1minmax200,"group-by 1 int32 key, 200 groups, min(x) AS lo, max(x) AS hi","SELECT k, min(x) AS lo, max(x) AS hi FROM grid GROUP BY k",17.50,71.80,0.244,192.3,48.0,5,5,"yes",0.000e0,1,"TAKEN AggregateExec (input rows 50000000 (exact) vs min_rows 0; output kept at one partition (only projections above it))","TAKEN AggregateExec (input rows 50000000 (exact) vs min_rows 1000000; output kept at one partition (only projections above it))",0,1,6.81,9.28,9.10,45.94,0.01,6112,200,3.20,4.31
50000000,part1,groupby,g2minmax200,"group-by 2 int32 keys, 200 groups, min(x) AS lo, max(x) AS hi","SELECT k1, k2, min(x) AS lo, max(x) AS hi FROM grid GROUP BY k1, k2",34.21,83.70,0.409,458.5,60.5,5,5,"yes",0.000e0,1,"TAKEN AggregateExec (input rows 50000000 (exact) vs min_rows 0; output kept at one partition (only projections above it))","TAKEN AggregateExec (input rows 50000000 (exact) vs min_rows 1000000; output kept at one partition (only projections above it))",0,1,7.31,12.22,12.11,51.31,0.01,6112,200,3.20,4.31
50000000,part1,groupby,g1count10k,"group-by 1 int32 key, 10k groups, count(*) AS n","SELECT k, count(*) AS n FROM grid GROUP BY k",18.35,21.80,0.842,204.1,25.9,5,5,"yes",0.000e0,1,"TAKEN AggregateExec (input rows 50000000 (exact) vs min_rows 0; output kept at one partition (only projections above it))","TAKEN AggregateExec (input rows 50000000 (exact) vs min_rows 1000000; output kept at one partition (only projections above it))",0,1,6.27,2.74,2.86,9.37,0.01,6112,10000,3.41,3.22
50000000,part1,groupby,g2count10k,"group-by 2 int32 keys, 10k groups, count(*) AS n","SELECT k1, k2, count(*) AS n FROM grid GROUP BY k1, k2",36.23,33.29,1.088,468.2,38.6,5,5,"yes",0.000e0,1,"TAKEN AggregateExec (input rows 50000000 (exact) vs min_rows 0; output kept at one partition (only projections above it))","TAKEN AggregateExec (input rows 50000000 (exact) vs min_rows 1000000; output kept at one partition (only projections above it))",0,1,6.84,5.65,6.25,13.84,0.01,6112,10000,3.41,3.22
50000000,part1,groupby,g1sum10k,"group-by 1 int32 key, 10k groups, sum(x) AS s","SELECT k, sum(x) AS s FROM grid GROUP BY k",18.45,60.60,0.304,194.1,44.9,5,5,"yes",7.466e-16,1,"TAKEN AggregateExec (input rows 50000000 (exact) vs min_rows 0; output kept at one partition (only projections above it))","TAKEN AggregateExec (input rows 50000000 (exact) vs min_rows 1000000; output kept at one partition (only projections above it))",0,1,6.77,9.11,8.68,35.37,0.01,6112,10000,3.41,3.22
50000000,part1,groupby,g2sum10k,"group-by 2 int32 keys, 10k groups, sum(x) AS s","SELECT k1, k2, sum(x) AS s FROM grid GROUP BY k1, k2",33.93,70.18,0.484,463.2,55.3,5,5,"yes",7.299e-16,1,"TAKEN AggregateExec (input rows 50000000 (exact) vs min_rows 0; output kept at one partition (only projections above it))","TAKEN AggregateExec (input rows 50000000 (exact) vs min_rows 1000000; output kept at one partition (only projections above it))",0,1,7.08,12.33,11.95,38.05,0.01,6112,10000,3.41,3.22
50000000,part1,groupby,g1mean10k,"group-by 1 int32 key, 10k groups, avg(x) AS m","SELECT k, avg(x) AS m FROM grid GROUP BY k",20.09,60.32,0.333,222.9,45.0,5,5,"yes",4.441e-16,1,"TAKEN AggregateExec (input rows 50000000 (exact) vs min_rows 0; output kept at one partition (only projections above it))","TAKEN AggregateExec (input rows 50000000 (exact) vs min_rows 1000000; output kept at one partition (only projections above it))",0,1,6.78,9.27,9.37,34.26,0.01,6112,10000,3.41,3.22
50000000,part1,groupby,g2mean10k,"group-by 2 int32 keys, 10k groups, avg(x) AS m","SELECT k1, k2, avg(x) AS m FROM grid GROUP BY k1, k2",40.42,69.48,0.582,510.1,54.7,5,5,"yes",4.441e-16,1,"TAKEN AggregateExec (input rows 50000000 (exact) vs min_rows 0; output kept at one partition (only projections above it))","TAKEN AggregateExec (input rows 50000000 (exact) vs min_rows 1000000; output kept at one partition (only projections above it))",0,1,7.24,12.13,12.52,36.78,0.01,6112,10000,3.41,3.22
50000000,part1,groupby,g1minmax10k,"group-by 1 int32 key, 10k groups, min(x) AS lo, max(x) AS hi","SELECT k, min(x) AS lo, max(x) AS hi FROM grid GROUP BY k",20.87,99.72,0.209,236.6,49.2,5,5,"yes",0.000e0,1,"TAKEN AggregateExec (input rows 50000000 (exact) vs min_rows 0; output kept at one partition (only projections above it))","TAKEN AggregateExec (input rows 50000000 (exact) vs min_rows 1000000; output kept at one partition (only projections above it))",0,1,6.68,9.35,8.69,74.23,0.02,6112,10000,3.41,3.22
50000000,part1,groupby,g2minmax10k,"group-by 2 int32 keys, 10k groups, min(x) AS lo, max(x) AS hi","SELECT k1, k2, min(x) AS lo, max(x) AS hi FROM grid GROUP BY k1, k2",37.16,109.03,0.341,509.1,58.8,5,5,"yes",0.000e0,1,"TAKEN AggregateExec (input rows 50000000 (exact) vs min_rows 0; output kept at one partition (only projections above it))","TAKEN AggregateExec (input rows 50000000 (exact) vs min_rows 1000000; output kept at one partition (only projections above it))",0,1,6.86,12.41,11.71,77.25,0.02,6112,10000,3.41,3.22
50000000,part1,groupby,g1count100k,"group-by 1 int32 key, 100k groups, count(*) AS n","SELECT k, count(*) AS n FROM grid GROUP BY k",30.83,22.13,1.393,416.5,25.2,5,5,"yes",0.000e0,1,"TAKEN AggregateExec (input rows 50000000 (exact) vs min_rows 0; output kept at one partition (only projections above it))","TAKEN AggregateExec (input rows 50000000 (exact) vs min_rows 1000000; output kept at one partition (only projections above it))",0,1,5.92,2.81,2.99,9.91,0.01,6112,100000,3.12,3.19
50000000,part1,groupby,g2count100k,"group-by 2 int32 keys, 100k groups, count(*) AS n","SELECT k1, k2, count(*) AS n FROM grid GROUP BY k1, k2",52.91,32.39,1.633,736.7,37.2,5,5,"yes",0.000e0,1,"TAKEN AggregateExec (input rows 50000000 (exact) vs min_rows 0; output kept at one partition (only projections above it))","TAKEN AggregateExec (input rows 50000000 (exact) vs min_rows 1000000; output kept at one partition (only projections above it))",0,1,6.55,5.67,6.62,12.93,0.01,6112,100000,3.12,3.19
50000000,part1,groupby,g1sum100k,"group-by 1 int32 key, 100k groups, sum(x) AS s","SELECT k, sum(x) AS s FROM grid GROUP BY k",32.48,63.09,0.515,408.8,46.7,5,5,"yes",6.617e-16,1,"TAKEN AggregateExec (input rows 50000000 (exact) vs min_rows 0; output kept at one partition (only projections above it))","TAKEN AggregateExec (input rows 50000000 (exact) vs min_rows 1000000; output kept at one partition (only projections above it))",0,1,6.45,9.55,9.51,36.88,0.01,6112,100000,3.12,3.19
50000000,part1,groupby,g2sum100k,"group-by 2 int32 keys, 100k groups, sum(x) AS s","SELECT k1, k2, sum(x) AS s FROM grid GROUP BY k1, k2",55.85,75.57,0.739,728.2,60.9,5,5,"yes",6.541e-16,1,"TAKEN AggregateExec (input rows 50000000 (exact) vs min_rows 0; output kept at one partition (only projections above it))","TAKEN AggregateExec (input rows 50000000 (exact) vs min_rows 1000000; output kept at one partition (only projections above it))",0,1,7.52,14.59,12.33,40.34,0.01,6112,100000,3.12,3.19
50000000,part1,groupby,g1mean100k,"group-by 1 int32 key, 100k groups, avg(x) AS m","SELECT k, avg(x) AS m FROM grid GROUP BY k",42.72,64.93,0.658,551.4,49.0,5,5,"yes",3.331e-16,1,"TAKEN AggregateExec (input rows 50000000 (exact) vs min_rows 0; output kept at one partition (only projections above it))","TAKEN AggregateExec (input rows 50000000 (exact) vs min_rows 1000000; output kept at one partition (only projections above it))",0,1,6.92,10.14,9.87,37.27,0.01,6112,100000,3.12,3.19
50000000,part1,groupby,g2mean100k,"group-by 2 int32 keys, 100k groups, avg(x) AS m","SELECT k1, k2, avg(x) AS m FROM grid GROUP BY k1, k2",67.58,73.18,0.923,921.1,58.2,5,5,"yes",3.331e-16,1,"TAKEN AggregateExec (input rows 50000000 (exact) vs min_rows 0; output kept at one partition (only projections above it))","TAKEN AggregateExec (input rows 50000000 (exact) vs min_rows 1000000; output kept at one partition (only projections above it))",0,1,7.14,12.25,13.03,39.99,0.01,6112,100000,3.12,3.19
50000000,part1,groupby,g1minmax100k,"group-by 1 int32 key, 100k groups, min(x) AS lo, max(x) AS hi","SELECT k, min(x) AS lo, max(x) AS hi FROM grid GROUP BY k",46.93,110.87,0.423,626.7,56.7,5,5,"yes",0.000e0,1,"TAKEN AggregateExec (input rows 50000000 (exact) vs min_rows 0; output kept at one partition (only projections above it))","TAKEN AggregateExec (input rows 50000000 (exact) vs min_rows 1000000; output kept at one partition (only projections above it))",0,1,6.69,14.88,9.47,78.64,0.02,6112,100000,3.12,3.19
50000000,part1,groupby,g2minmax100k,"group-by 2 int32 keys, 100k groups, min(x) AS lo, max(x) AS hi","SELECT k1, k2, min(x) AS lo, max(x) AS hi FROM grid GROUP BY k1, k2",71.09,114.76,0.619,995.4,62.1,5,5,"yes",0.000e0,1,"TAKEN AggregateExec (input rows 50000000 (exact) vs min_rows 0; output kept at one partition (only projections above it))","TAKEN AggregateExec (input rows 50000000 (exact) vs min_rows 1000000; output kept at one partition (only projections above it))",0,1,7.36,12.01,13.09,80.87,0.02,6112,100000,3.12,3.19
50000000,part1,groupby,g1count1M,"group-by 1 int32 key, 1M groups, count(*) AS n","SELECT k, count(*) AS n FROM grid GROUP BY k",52.31,24.46,2.138,763.4,28.1,5,5,"yes",0.000e0,1,"TAKEN AggregateExec (input rows 50000000 (exact) vs min_rows 0; output kept at one partition (only projections above it))","TAKEN AggregateExec (input rows 50000000 (exact) vs min_rows 1000000; output kept at one partition (only projections above it))",0,1,6.19,2.80,3.09,11.76,0.01,6112,1000000,3.19,4.51
50000000,part1,groupby,g2count1M,"group-by 2 int32 keys, 1M groups, count(*) AS n","SELECT k1, k2, count(*) AS n FROM grid GROUP BY k1, k2",74.21,36.63,2.026,1098.9,39.1,5,5,"yes",0.000e0,1,"TAKEN AggregateExec (input rows 50000000 (exact) vs min_rows 0; output kept at one partition (only projections above it))","TAKEN AggregateExec (input rows 50000000 (exact) vs min_rows 1000000; output kept at one partition (only projections above it))",0,1,6.67,5.71,6.13,17.40,0.01,6112,1000000,3.19,4.51
50000000,part1,groupby,g1sum1M,"group-by 1 int32 key, 1M groups, sum(x) AS s","SELECT k, sum(x) AS s FROM grid GROUP BY k",53.37,86.21,0.619,787.2,53.2,5,5,"yes",1.021e-15,1,"TAKEN AggregateExec (input rows 50000000 (exact) vs min_rows 0; output kept at one partition (only projections above it))","TAKEN AggregateExec (input rows 50000000 (exact) vs min_rows 1000000; output kept at one partition (only projections above it))",0,1,6.46,15.04,9.12,54.79,0.01,6112,1000000,3.19,4.51
50000000,part1,groupby,g2sum1M,"group-by 2 int32 keys, 1M groups, sum(x) AS s","SELECT k1, k2, sum(x) AS s FROM grid GROUP BY k1, k2",75.38,87.24,0.864,1116.0,54.9,5,5,"yes",1.062e-15,1,"TAKEN AggregateExec (input rows 50000000 (exact) vs min_rows 0; output kept at one partition (only projections above it))","TAKEN AggregateExec (input rows 50000000 (exact) vs min_rows 1000000; output kept at one partition (only projections above it))",0,1,7.06,12.23,11.96,55.16,0.01,6112,1000000,3.19,4.51
50000000,part1,groupby,g1mean1M,"group-by 1 int32 key, 1M groups, avg(x) AS m","SELECT k, avg(x) AS m FROM grid GROUP BY k",68.04,84.65,0.804,991.1,51.0,5,5,"yes",5.551e-16,1,"TAKEN AggregateExec (input rows 50000000 (exact) vs min_rows 0; output kept at one partition (only projections above it))","TAKEN AggregateExec (input rows 50000000 (exact) vs min_rows 1000000; output kept at one partition (only projections above it))",0,1,6.56,14.15,9.46,53.83,0.01,6112,1000000,3.19,4.51
50000000,part1,groupby,g2mean1M,"group-by 2 int32 keys, 1M groups, avg(x) AS m","SELECT k1, k2, avg(x) AS m FROM grid GROUP BY k1, k2",88.81,87.60,1.014,1315.7,56.7,5,5,"yes",5.551e-16,1,"TAKEN AggregateExec (input rows 50000000 (exact) vs min_rows 0; output kept at one partition (only projections above it))","TAKEN AggregateExec (input rows 50000000 (exact) vs min_rows 1000000; output kept at one partition (only projections above it))",0,1,7.10,12.17,12.18,55.34,0.01,6112,1000000,3.19,4.51
50000000,part1,groupby,g1minmax1M,"group-by 1 int32 key, 1M groups, min(x) AS lo, max(x) AS hi","SELECT k, min(x) AS lo, max(x) AS hi FROM grid GROUP BY k",73.66,153.92,0.479,1074.7,60.8,5,5,"yes",0.000e0,1,"TAKEN AggregateExec (input rows 50000000 (exact) vs min_rows 0; output kept at one partition (only projections above it))","TAKEN AggregateExec (input rows 50000000 (exact) vs min_rows 1000000; output kept at one partition (only projections above it))",0,1,6.63,13.06,9.61,118.69,0.02,6112,1000000,3.19,4.51
50000000,part1,groupby,g2minmax1M,"group-by 2 int32 keys, 1M groups, min(x) AS lo, max(x) AS hi","SELECT k1, k2, min(x) AS lo, max(x) AS hi FROM grid GROUP BY k1, k2",93.91,157.30,0.597,1379.2,66.0,5,5,"yes",0.000e0,1,"TAKEN AggregateExec (input rows 50000000 (exact) vs min_rows 0; output kept at one partition (only projections above it))","TAKEN AggregateExec (input rows 50000000 (exact) vs min_rows 1000000; output kept at one partition (only projections above it))",0,1,6.92,12.77,12.41,118.30,0.01,6112,1000000,3.19,4.51
50000000,part1,groupby,g1countR2,"group-by 1 int32 key, R2 groups, count(*) AS n","SELECT k, count(*) AS n FROM grid GROUP BY k",150.21,176.85,0.849,2242.7,51.7,5,5,"yes",0.000e0,1,"TAKEN AggregateExec (input rows 50000000 (exact) vs min_rows 0; output kept at one partition (only projections above it))","TAKEN AggregateExec (input rows 50000000 (exact) vs min_rows 1000000; output kept at one partition (only projections above it))",0,1,5.61,2.85,2.94,164.00,0.01,6112,21618695,2.97,2.84
50000000,part1,groupby,g2countR2,"group-by 2 int32 keys, R2 groups, count(*) AS n","SELECT k1, k2, count(*) AS n FROM grid GROUP BY k1, k2",172.20,201.32,0.855,2577.3,64.2,5,5,"yes",0.000e0,1,"TAKEN AggregateExec (input rows 50000000 (exact) vs min_rows 0; output kept at one partition (only projections above it))","TAKEN AggregateExec (input rows 50000000 (exact) vs min_rows 1000000; output kept at one partition (only projections above it))",0,1,6.67,5.68,6.19,181.00,0.01,6112,21616057,2.97,2.84
50000000,part1,groupby,g1sumR2,"group-by 1 int32 key, R2 groups, sum(x) AS s","SELECT k, sum(x) AS s FROM grid GROUP BY k",154.49,375.74,0.411,2223.7,63.4,5,5,"yes",4.671e-16,1,"TAKEN AggregateExec (input rows 50000000 (exact) vs min_rows 0; output kept at one partition (only projections above it))","TAKEN AggregateExec (input rows 50000000 (exact) vs min_rows 1000000; output kept at one partition (only projections above it))",0,1,6.68,10.07,9.21,348.33,0.01,6112,21618695,2.97,2.84
50000000,part1,groupby,g2sumR2,"group-by 2 int32 keys, R2 groups, sum(x) AS s","SELECT k1, k2, sum(x) AS s FROM grid GROUP BY k1, k2",173.32,387.42,0.447,2543.4,75.3,5,5,"yes",4.766e-16,1,"TAKEN AggregateExec (input rows 50000000 (exact) vs min_rows 0; output kept at one partition (only projections above it))","TAKEN AggregateExec (input rows 50000000 (exact) vs min_rows 1000000; output kept at one partition (only projections above it))",0,1,7.26,12.22,12.41,353.66,0.01,6112,21616057,2.97,2.84
50000000,part1,groupby,g1meanR2,"group-by 1 int32 key, R2 groups, avg(x) AS m","SELECT k, avg(x) AS m FROM grid GROUP BY k",182.52,379.82,0.481,2754.0,65.5,5,5,"yes",3.331e-16,1,"TAKEN AggregateExec (input rows 50000000 (exact) vs min_rows 0; output kept at one partition (only projections above it))","TAKEN AggregateExec (input rows 50000000 (exact) vs min_rows 1000000; output kept at one partition (only projections above it))",0,1,6.80,10.43,9.32,351.75,0.01,6112,21618695,2.97,2.84
50000000,part1,groupby,g2meanR2,"group-by 2 int32 keys, R2 groups, avg(x) AS m","SELECT k1, k2, avg(x) AS m FROM grid GROUP BY k1, k2",197.47,386.17,0.511,2944.8,73.8,5,5,"yes",3.331e-16,1,"TAKEN AggregateExec (input rows 50000000 (exact) vs min_rows 0; output kept at one partition (only projections above it))","TAKEN AggregateExec (input rows 50000000 (exact) vs min_rows 1000000; output kept at one partition (only projections above it))",0,1,6.97,12.34,12.79,352.15,0.01,6112,21616057,2.97,2.84
50000000,part1,groupby,g1minmaxR2,"group-by 1 int32 key, R2 groups, min(x) AS lo, max(x) AS hi","SELECT k, min(x) AS lo, max(x) AS hi FROM grid GROUP BY k",201.55,869.48,0.232,2964.2,193.6,5,5,"yes",0.000e0,1,"TAKEN AggregateExec (input rows 50000000 (exact) vs min_rows 0; output kept at one partition (only projections above it))","TAKEN AggregateExec (input rows 50000000 (exact) vs min_rows 1000000; output kept at one partition (only projections above it))",0,1,6.72,12.25,9.44,736.88,0.02,6112,21618695,2.97,2.84
50000000,part1,groupby,g2minmaxR2,"group-by 2 int32 keys, R2 groups, min(x) AS lo, max(x) AS hi","SELECT k1, k2, min(x) AS lo, max(x) AS hi FROM grid GROUP BY k1, k2",217.38,884.81,0.246,3187.7,192.4,5,5,"yes",0.000e0,1,"TAKEN AggregateExec (input rows 50000000 (exact) vs min_rows 0; output kept at one partition (only projections above it))","TAKEN AggregateExec (input rows 50000000 (exact) vs min_rows 1000000; output kept at one partition (only projections above it))",0,1,7.22,12.21,12.52,752.54,0.02,6112,21616057,2.97,2.84
50000000,part1,distinct,u_small,"distinct (int32, int32), 10k groups","SELECT DISTINCT region, sub FROM fact",32.12,31.27,1.027,440.2,36.0,5,5,"yes",0.000e0,1,"TAKEN AggregateExec (input rows 50000000 (exact) vs min_rows 0; output kept at one partition (only projections above it))","TAKEN AggregateExec (input rows 50000000 (exact) vs min_rows 1000000; output kept at one partition (only projections above it))",0,1,6.57,5.62,6.26,12.29,0.01,6112,10000,2.84,2.84
50000000,part1,filter,a_sumcnt,"filtered sum + count over the whole table (control)","SELECT sum(amount) AS total, count(*) AS n FROM fact WHERE region < 20 AND qty > 10",14.75,51.61,0.286,162.7,66.5,5,5,"yes",1.646e-16,1,"LEFT AggregateExec (no GROUP BY keys (a whole-table aggregate)) | LEFT AggregateExec (Partial aggregate whose Final was not replaced) | TAKEN FilterExec (input rows 50000000 (exact) vs min_rows 0; re-partitioned)","LEFT AggregateExec (no GROUP BY keys (a whole-table aggregate)) | LEFT AggregateExec (Partial aggregate whose Final was not replaced) | TAKEN FilterExec (input rows 50000000 (exact) vs min_rows 1000000; re-partitioned)",0,1,6.72,14.79,15.77,12.80,0.01,6112,1,2.84,2.84
50000000,parquet-snappy,parquet,p_sort,"Parquet scan, sort 2 columns by a Float64 key (s4)","SELECT id, price FROM f ORDER BY price",1647.27,160.70,10.250,5505.5,420.3,5,5,"yes",0.000e0,1,"TAKEN SortPreservingMergeExec (input rows 50000000 (exact) vs min_rows 0)","TAKEN SortPreservingMergeExec (input rows 50000000 (exact) vs min_rows 1000000)",0,1,31.00,16.41,12.84,98.40,0.01,6125,50000000,2.84,2.51
50000000,parquet-snappy,parquet,p_group,"Parquet scan, group-by int32 code (100k groups), sum + count","SELECT code, sum(price) AS p, count(*) AS n FROM f GROUP BY code",74.25,70.26,1.057,888.8,269.0,5,5,"yes",2.524e-15,1,"TAKEN AggregateExec (input rows 50000000 (exact) vs min_rows 0; output kept at one partition (only projections above it))","TAKEN AggregateExec (input rows 50000000 (exact) vs min_rows 1000000; output kept at one partition (only projections above it))",0,1,19.26,11.77,9.50,27.53,0.01,6125,100000,2.84,2.51
50000000,parquet-snappy,parquet,p_filtgroup,"Parquet scan, filter, group-by qty (1000 keys), sum + count (s1)","SELECT qty, sum(weight) AS w, count(*) AS n FROM f WHERE price > 500.0 GROUP BY qty",59.34,151.88,0.391,730.3,539.3,5,5,"yes",9.453e-16,2,"TAKEN AggregateExec (input rows ~2009282 (inexact, accepted) vs min_rows 0; output kept at one partition (only projections above it)) | TAKEN FilterExec (input rows ~50000000 (inexact, accepted) vs min_rows 0; re-partitioned)","LEFT AggregateExec (input rows ~2009282 are an estimate (accept_inexact is off)) | LEFT AggregateExec (Partial aggregate whose Final was not replaced) | LEFT FilterExec (input rows ~50000000 are an estimate (accept_inexact is off))",0,2,167.38,31.88,25.56,39.62,0.02,9177,1000,2.84,2.51
50000000,parquet-zstd,parquet,p_sort,"Parquet scan, sort 2 columns by a Float64 key (s4)","SELECT id, price FROM f ORDER BY price",1670.46,185.20,9.020,5746.0,666.6,5,5,"yes",0.000e0,1,"TAKEN SortPreservingMergeExec (input rows 50000000 (exact) vs min_rows 0)","TAKEN SortPreservingMergeExec (input rows 50000000 (exact) vs min_rows 1000000)",0,1,56.05,16.47,12.26,98.38,0.01,6125,50000000,2.51,2.67
50000000,parquet-zstd,parquet,p_group,"Parquet scan, group-by int32 code (100k groups), sum + count","SELECT code, sum(price) AS p, count(*) AS n FROM f GROUP BY code",91.88,99.54,0.923,1177.2,523.0,5,5,"yes",2.367e-15,1,"TAKEN AggregateExec (input rows 50000000 (exact) vs min_rows 0; output kept at one partition (only projections above it))","TAKEN AggregateExec (input rows 50000000 (exact) vs min_rows 1000000; output kept at one partition (only projections above it))",0,1,48.25,12.05,9.98,27.16,0.01,6125,100000,2.51,2.67
50000000,parquet-zstd,parquet,p_filtgroup,"Parquet scan, filter, group-by qty (1000 keys), sum + count (s1)","SELECT qty, sum(weight) AS w, count(*) AS n FROM f WHERE price > 500.0 GROUP BY qty",103.80,228.76,0.454,1292.9,1125.8,5,5,"yes",9.335e-16,2,"TAKEN AggregateExec (input rows ~2009282 (inexact, accepted) vs min_rows 0; output kept at one partition (only projections above it)) | TAKEN FilterExec (input rows ~50000000 (inexact, accepted) vs min_rows 0; re-partitioned)","LEFT AggregateExec (input rows ~2009282 are an estimate (accept_inexact is off)) | LEFT AggregateExec (Partial aggregate whose Final was not replaced) | LEFT FilterExec (input rows ~50000000 are an estimate (accept_inexact is off))",0,2,320.80,31.47,25.64,39.69,0.02,9177,1000,2.51,2.67
10000000,b8192,groupby_i64,gi1sum200,"group-by 1 int32 key, 200 groups, sum(q) AS s (int64 values)","SELECT k, sum(q) AS s FROM grid GROUP BY k",3.87,10.40,0.372,37.9,12.0,5,5,"yes",0.000e0,1,"TAKEN AggregateExec (input rows 10000000 (exact) vs min_rows 0; output kept at one partition (only projections above it))","TAKEN AggregateExec (input rows 10000000 (exact) vs min_rows 1000000; output kept at one partition (only projections above it))",0,1,1.44,2.63,1.86,4.01,0.00,1221,200,3.23,3.23
10000000,b8192,groupby_i64,gi2sum200,"group-by 2 int32 keys, 200 groups, sum(q) AS s (int64 values)","SELECT k1, k2, sum(q) AS s FROM grid GROUP BY k1, k2",8.70,11.89,0.732,91.1,14.0,5,5,"yes",0.000e0,1,"TAKEN AggregateExec (input rows 10000000 (exact) vs min_rows 0; output kept at one partition (only projections above it))","TAKEN AggregateExec (input rows 10000000 (exact) vs min_rows 1000000; output kept at one partition (only projections above it))",0,1,1.40,3.27,2.30,4.48,0.01,1221,200,3.23,3.23
10000000,b8192,groupby_i64,gi1mean200,"group-by 1 int32 key, 200 groups, avg(q) AS m (int64 values)","SELECT k, avg(q) AS m FROM grid GROUP BY k",4.49,9.63,0.466,45.7,11.6,5,5,"yes",0.000e0,1,"TAKEN AggregateExec (input rows 10000000 (exact) vs min_rows 0; output kept at one partition (only projections above it))","TAKEN AggregateExec (input rows 10000000 (exact) vs min_rows 1000000; output kept at one partition (only projections above it))",0,1,1.39,2.47,1.67,3.63,0.00,1221,200,3.23,3.23
10000000,b8192,groupby_i64,gi2mean200,"group-by 2 int32 keys, 200 groups, avg(q) AS m (int64 values)","SELECT k1, k2, avg(q) AS m FROM grid GROUP BY k1, k2",8.96,12.29,0.729,99.2,14.4,5,5,"yes",0.000e0,1,"TAKEN AggregateExec (input rows 10000000 (exact) vs min_rows 0; output kept at one partition (only projections above it))","TAKEN AggregateExec (input rows 10000000 (exact) vs min_rows 1000000; output kept at one partition (only projections above it))",0,1,1.36,3.45,2.32,4.60,0.01,1221,200,3.23,3.23
10000000,b8192,groupby_i64,gi1minmax200,"group-by 1 int32 key, 200 groups, min(q) AS lo, max(q) AS hi (int64 values)","SELECT k, min(q) AS lo, max(q) AS hi FROM grid GROUP BY k",4.25,10.52,0.404,41.5,12.0,5,5,"yes",0.000e0,1,"TAKEN AggregateExec (input rows 10000000 (exact) vs min_rows 0; output kept at one partition (only projections above it))","TAKEN AggregateExec (input rows 10000000 (exact) vs min_rows 1000000; output kept at one partition (only projections above it))",0,1,1.33,2.52,1.70,4.43,0.01,1221,200,3.23,3.23
10000000,b8192,groupby_i64,gi2minmax200,"group-by 2 int32 keys, 200 groups, min(q) AS lo, max(q) AS hi (int64 values)","SELECT k1, k2, min(q) AS lo, max(q) AS hi FROM grid GROUP BY k1, k2",8.63,13.18,0.655,95.6,15.3,5,5,"yes",0.000e0,1,"TAKEN AggregateExec (input rows 10000000 (exact) vs min_rows 0; output kept at one partition (only projections above it))","TAKEN AggregateExec (input rows 10000000 (exact) vs min_rows 1000000; output kept at one partition (only projections above it))",0,1,1.56,3.43,2.32,5.39,0.01,1221,200,3.23,3.23
10000000,b8192,groupby_i64,gi1sum10k,"group-by 1 int32 key, 10k groups, sum(q) AS s (int64 values)","SELECT k, sum(q) AS s FROM grid GROUP BY k",4.61,10.80,0.427,46.4,11.8,5,5,"yes",0.000e0,1,"TAKEN AggregateExec (input rows 10000000 (exact) vs min_rows 0; output kept at one partition (only projections above it))","TAKEN AggregateExec (input rows 10000000 (exact) vs min_rows 1000000; output kept at one partition (only projections above it))",0,1,1.43,2.52,1.71,4.65,0.01,1221,10000,3.23,3.23
10000000,b8192,groupby_i64,gi2sum10k,"group-by 2 int32 keys, 10k groups, sum(q) AS s (int64 values)","SELECT k1, k2, sum(q) AS s FROM grid GROUP BY k1, k2",9.05,13.08,0.692,100.9,14.6,5,5,"yes",0.000e0,1,"TAKEN AggregateExec (input rows 10000000 (exact) vs min_rows 0; output kept at one partition (only projections above it))","TAKEN AggregateExec (input rows 10000000 (exact) vs min_rows 1000000; output kept at one partition (only projections above it))",0,1,1.40,3.32,2.30,5.52,0.01,1221,10000,3.23,3.23
10000000,b8192,groupby_i64,gi1mean10k,"group-by 1 int32 key, 10k groups, avg(q) AS m (int64 values)","SELECT k, avg(q) AS m FROM grid GROUP BY k",5.69,9.89,0.576,58.5,11.4,5,5,"yes",0.000e0,1,"TAKEN AggregateExec (input rows 10000000 (exact) vs min_rows 0; output kept at one partition (only projections above it))","TAKEN AggregateExec (input rows 10000000 (exact) vs min_rows 1000000; output kept at one partition (only projections above it))",0,1,1.35,2.36,1.73,4.04,0.00,1221,10000,3.23,3.23
10000000,b8192,groupby_i64,gi2mean10k,"group-by 2 int32 keys, 10k groups, avg(q) AS m (int64 values)","SELECT k1, k2, avg(q) AS m FROM grid GROUP BY k1, k2",10.25,12.27,0.836,112.6,14.3,5,5,"yes",0.000e0,1,"TAKEN AggregateExec (input rows 10000000 (exact) vs min_rows 0; output kept at one partition (only projections above it))","TAKEN AggregateExec (input rows 10000000 (exact) vs min_rows 1000000; output kept at one partition (only projections above it))",0,1,1.44,3.34,2.38,4.57,0.01,1221,10000,3.23,3.23
10000000,b8192,groupby_i64,gi1minmax10k,"group-by 1 int32 key, 10k groups, min(q) AS lo, max(q) AS hi (int64 values)","SELECT k, min(q) AS lo, max(q) AS hi FROM grid GROUP BY k",5.57,12.10,0.460,59.5,12.1,5,5,"yes",0.000e0,1,"TAKEN AggregateExec (input rows 10000000 (exact) vs min_rows 0; output kept at one partition (only projections above it))","TAKEN AggregateExec (input rows 10000000 (exact) vs min_rows 1000000; output kept at one partition (only projections above it))",0,1,1.42,2.38,1.74,6.15,0.01,1221,10000,3.23,3.23
10000000,b8192,groupby_i64,gi2minmax10k,"group-by 2 int32 keys, 10k groups, min(q) AS lo, max(q) AS hi (int64 values)","SELECT k1, k2, min(q) AS lo, max(q) AS hi FROM grid GROUP BY k1, k2",10.60,14.94,0.709,113.3,15.3,5,5,"yes",0.000e0,1,"TAKEN AggregateExec (input rows 10000000 (exact) vs min_rows 0; output kept at one partition (only projections above it))","TAKEN AggregateExec (input rows 10000000 (exact) vs min_rows 1000000; output kept at one partition (only projections above it))",0,1,1.34,3.49,2.56,6.96,0.01,1221,10000,3.23,3.23
10000000,b8192,groupby_i64,gi1sum100k,"group-by 1 int32 key, 100k groups, sum(q) AS s (int64 values)","SELECT k, sum(q) AS s FROM grid GROUP BY k",9.96,10.25,0.971,115.8,12.2,5,5,"yes",0.000e0,1,"TAKEN AggregateExec (input rows 10000000 (exact) vs min_rows 0; output kept at one partition (only projections above it))","TAKEN AggregateExec (input rows 10000000 (exact) vs min_rows 1000000; output kept at one partition (only projections above it))",0,1,1.46,2.45,1.82,4.10,0.01,1221,100000,3.23,3.23
10000000,b8192,groupby_i64,gi2sum100k,"group-by 2 int32 keys, 100k groups, sum(q) AS s (int64 values)","SELECT k1, k2, sum(q) AS s FROM grid GROUP BY k1, k2",15.07,13.84,1.089,180.7,15.1,5,5,"yes",0.000e0,1,"TAKEN AggregateExec (input rows 10000000 (exact) vs min_rows 0; output kept at one partition (only projections above it))","TAKEN AggregateExec (input rows 10000000 (exact) vs min_rows 1000000; output kept at one partition (only projections above it))",0,1,1.41,3.40,2.45,6.11,0.01,1221,100000,3.23,3.23
10000000,b8192,groupby_i64,gi1mean100k,"group-by 1 int32 key, 100k groups, avg(q) AS m (int64 values)","SELECT k, avg(q) AS m FROM grid GROUP BY k",12.08,10.06,1.201,145.0,12.0,5,5,"yes",0.000e0,1,"TAKEN AggregateExec (input rows 10000000 (exact) vs min_rows 0; output kept at one partition (only projections above it))","TAKEN AggregateExec (input rows 10000000 (exact) vs min_rows 1000000; output kept at one partition (only projections above it))",0,1,1.29,2.36,1.74,4.22,0.01,1221,100000,3.23,3.23
10000000,b8192,groupby_i64,gi2mean100k,"group-by 2 int32 keys, 100k groups, avg(q) AS m (int64 values)","SELECT k1, k2, avg(q) AS m FROM grid GROUP BY k1, k2",17.75,13.21,1.344,218.4,14.9,5,5,"yes",0.000e0,1,"TAKEN AggregateExec (input rows 10000000 (exact) vs min_rows 0; output kept at one partition (only projections above it))","TAKEN AggregateExec (input rows 10000000 (exact) vs min_rows 1000000; output kept at one partition (only projections above it))",0,1,1.43,3.29,2.24,5.70,0.01,1221,100000,3.23,3.23
10000000,b8192,groupby_i64,gi1minmax100k,"group-by 1 int32 key, 100k groups, min(q) AS lo, max(q) AS hi (int64 values)","SELECT k, min(q) AS lo, max(q) AS hi FROM grid GROUP BY k",15.34,12.79,1.199,189.8,12.2,5,5,"yes",0.000e0,1,"TAKEN AggregateExec (input rows 10000000 (exact) vs min_rows 0; output kept at one partition (only projections above it))","TAKEN AggregateExec (input rows 10000000 (exact) vs min_rows 1000000; output kept at one partition (only projections above it))",0,1,1.37,2.39,1.76,6.88,0.01,1221,100000,3.23,3.23
10000000,b8192,groupby_i64,gi2minmax100k,"group-by 2 int32 keys, 100k groups, min(q) AS lo, max(q) AS hi (int64 values)","SELECT k1, k2, min(q) AS lo, max(q) AS hi FROM grid GROUP BY k1, k2",20.62,15.32,1.346,252.7,14.8,5,5,"yes",0.000e0,1,"TAKEN AggregateExec (input rows 10000000 (exact) vs min_rows 0; output kept at one partition (only projections above it))","TAKEN AggregateExec (input rows 10000000 (exact) vs min_rows 1000000; output kept at one partition (only projections above it))",0,1,1.45,3.33,2.29,7.71,0.01,1221,100000,3.23,3.23
10000000,b8192,groupby_i64,gi1sum1M,"group-by 1 int32 key, 1M groups, sum(q) AS s (int64 values)","SELECT k, sum(q) AS s FROM grid GROUP BY k",13.97,13.24,1.055,195.3,13.5,5,5,"yes",0.000e0,1,"TAKEN AggregateExec (input rows 10000000 (exact) vs min_rows 0; output kept at one partition (only projections above it))","TAKEN AggregateExec (input rows 10000000 (exact) vs min_rows 1000000; output kept at one partition (only projections above it))",0,1,1.32,2.37,1.75,7.26,0.01,1221,999951,3.23,3.05
10000000,b8192,groupby_i64,gi2sum1M,"group-by 2 int32 keys, 1M groups, sum(q) AS s (int64 values)","SELECT k1, k2, sum(q) AS s FROM grid GROUP BY k1, k2",18.57,15.88,1.169,261.6,16.8,5,5,"yes",0.000e0,1,"TAKEN AggregateExec (input rows 10000000 (exact) vs min_rows 0; output kept at one partition (only projections above it))","TAKEN AggregateExec (input rows 10000000 (exact) vs min_rows 1000000; output kept at one partition (only projections above it))",0,1,1.52,3.32,2.43,8.01,0.01,1221,999943,3.23,3.05
10000000,b8192,groupby_i64,gi1mean1M,"group-by 1 int32 key, 1M groups, avg(q) AS m (int64 values)","SELECT k, avg(q) AS m FROM grid GROUP BY k",17.58,13.69,1.284,246.3,14.5,5,5,"yes",0.000e0,1,"TAKEN AggregateExec (input rows 10000000 (exact) vs min_rows 0; output kept at one partition (only projections above it))","TAKEN AggregateExec (input rows 10000000 (exact) vs min_rows 1000000; output kept at one partition (only projections above it))",0,1,1.46,2.38,1.76,7.51,0.01,1221,999951,3.23,3.05
10000000,b8192,groupby_i64,gi2mean1M,"group-by 2 int32 keys, 1M groups, avg(q) AS m (int64 values)","SELECT k1, k2, avg(q) AS m FROM grid GROUP BY k1, k2",21.76,16.05,1.355,310.4,16.8,5,5,"yes",0.000e0,1,"TAKEN AggregateExec (input rows 10000000 (exact) vs min_rows 0; output kept at one partition (only projections above it))","TAKEN AggregateExec (input rows 10000000 (exact) vs min_rows 1000000; output kept at one partition (only projections above it))",0,1,1.26,3.40,2.42,8.31,0.01,1221,999943,3.23,3.05
10000000,b8192,groupby_i64,gi1minmax1M,"group-by 1 int32 key, 1M groups, min(q) AS lo, max(q) AS hi (int64 values)","SELECT k, min(q) AS lo, max(q) AS hi FROM grid GROUP BY k",18.94,17.60,1.076,271.3,12.9,5,5,"yes",0.000e0,1,"TAKEN AggregateExec (input rows 10000000 (exact) vs min_rows 0; output kept at one partition (only projections above it))","TAKEN AggregateExec (input rows 10000000 (exact) vs min_rows 1000000; output kept at one partition (only projections above it))",0,1,1.34,2.45,1.74,11.60,0.01,1221,999951,3.23,3.05
10000000,b8192,groupby_i64,gi2minmax1M,"group-by 2 int32 keys, 1M groups, min(q) AS lo, max(q) AS hi (int64 values)","SELECT k1, k2, min(q) AS lo, max(q) AS hi FROM grid GROUP BY k1, k2",23.40,20.05,1.167,333.0,15.0,5,5,"yes",0.000e0,1,"TAKEN AggregateExec (input rows 10000000 (exact) vs min_rows 0; output kept at one partition (only projections above it))","TAKEN AggregateExec (input rows 10000000 (exact) vs min_rows 1000000; output kept at one partition (only projections above it))",0,1,1.34,3.43,2.32,12.41,0.01,1221,999943,3.23,3.05
10000000,b8192,groupby_i64,gi1sumR2,"group-by 1 int32 key, R2 groups, sum(q) AS s (int64 values)","SELECT k, sum(q) AS s FROM grid GROUP BY k",24.50,25.66,0.955,332.5,21.3,5,5,"yes",0.000e0,1,"TAKEN AggregateExec (input rows 10000000 (exact) vs min_rows 0; output kept at one partition (only projections above it))","TAKEN AggregateExec (input rows 10000000 (exact) vs min_rows 1000000; output kept at one partition (only projections above it))",0,1,1.31,2.48,1.74,19.37,0.01,1221,4323738,3.05,2.97
10000000,b8192,groupby_i64,gi2sumR2,"group-by 2 int32 keys, R2 groups, sum(q) AS s (int64 values)","SELECT k1, k2, sum(q) AS s FROM grid GROUP BY k1, k2",27.71,28.81,0.962,404.6,23.2,5,5,"yes",0.000e0,1,"TAKEN AggregateExec (input rows 10000000 (exact) vs min_rows 0; output kept at one partition (only projections above it))","TAKEN AggregateExec (input rows 10000000 (exact) vs min_rows 1000000; output kept at one partition (only projections above it))",0,1,1.34,3.27,2.27,21.14,0.01,1221,4321209,3.05,2.97
10000000,b8192,groupby_i64,gi1meanR2,"group-by 1 int32 key, R2 groups, avg(q) AS m (int64 values)","SELECT k, avg(q) AS m FROM grid GROUP BY k",28.27,28.24,1.001,404.3,22.9,5,5,"yes",0.000e0,1,"TAKEN AggregateExec (input rows 10000000 (exact) vs min_rows 0; output kept at one partition (only projections above it))","TAKEN AggregateExec (input rows 10000000 (exact) vs min_rows 1000000; output kept at one partition (only projections above it))",0,1,1.36,2.48,1.68,21.97,0.01,1221,4323738,3.05,2.97
10000000,b8192,groupby_i64,gi2meanR2,"group-by 2 int32 keys, R2 groups, avg(q) AS m (int64 values)","SELECT k1, k2, avg(q) AS m FROM grid GROUP BY k1, k2",33.64,30.65,1.097,478.5,25.8,5,5,"yes",0.000e0,1,"TAKEN AggregateExec (input rows 10000000 (exact) vs min_rows 0; output kept at one partition (only projections above it))","TAKEN AggregateExec (input rows 10000000 (exact) vs min_rows 1000000; output kept at one partition (only projections above it))",0,1,1.50,3.35,2.50,22.43,0.01,1221,4321209,3.05,2.97
10000000,b8192,groupby_i64,gi1minmaxR2,"group-by 1 int32 key, R2 groups, min(q) AS lo, max(q) AS hi (int64 values)","SELECT k, min(q) AS lo, max(q) AS hi FROM grid GROUP BY k",30.79,33.04,0.932,453.7,15.4,5,5,"yes",0.000e0,1,"TAKEN AggregateExec (input rows 10000000 (exact) vs min_rows 0; output kept at one partition (only projections above it))","TAKEN AggregateExec (input rows 10000000 (exact) vs min_rows 1000000; output kept at one partition (only projections above it))",0,1,1.43,2.40,1.75,26.69,0.01,1221,4323738,3.05,2.97
10000000,b8192,groupby_i64,gi2minmaxR2,"group-by 2 int32 keys, R2 groups, min(q) AS lo, max(q) AS hi (int64 values)","SELECT k1, k2, min(q) AS lo, max(q) AS hi FROM grid GROUP BY k1, k2",36.10,35.70,1.011,525.7,17.8,5,5,"yes",0.000e0,1,"TAKEN AggregateExec (input rows 10000000 (exact) vs min_rows 0; output kept at one partition (only projections above it))","TAKEN AggregateExec (input rows 10000000 (exact) vs min_rows 1000000; output kept at one partition (only projections above it))",0,1,1.46,3.31,2.32,27.84,0.01,1221,4321209,3.05,2.97
50000000,b8192,groupby_i64,gi1sum200,"group-by 1 int32 key, 200 groups, sum(q) AS s (int64 values)","SELECT k, sum(q) AS s FROM grid GROUP BY k",17.20,45.89,0.375,181.6,55.1,5,5,"yes",0.000e0,1,"TAKEN AggregateExec (input rows 50000000 (exact) vs min_rows 0; output kept at one partition (only projections above it))","TAKEN AggregateExec (input rows 50000000 (exact) vs min_rows 1000000; output kept at one partition (only projections above it))",0,1,7.33,13.24,8.64,14.70,0.01,6104,200,2.97,2.81
50000000,b8192,groupby_i64,gi2sum200,"group-by 2 int32 keys, 200 groups, sum(q) AS s (int64 values)","SELECT k1, k2, sum(q) AS s FROM grid GROUP BY k1, k2",33.00,59.24,0.557,446.8,68.8,5,5,"yes",0.000e0,1,"TAKEN AggregateExec (input rows 50000000 (exact) vs min_rows 0; output kept at one partition (only projections above it))","TAKEN AggregateExec (input rows 50000000 (exact) vs min_rows 1000000; output kept at one partition (only projections above it))",0,1,7.80,19.18,12.26,17.67,0.01,6104,200,2.97,2.81
50000000,b8192,groupby_i64,gi1mean200,"group-by 1 int32 key, 200 groups, avg(q) AS m (int64 values)","SELECT k, avg(q) AS m FROM grid GROUP BY k",20.24,47.01,0.431,215.6,57.1,5,5,"yes",0.000e0,1,"TAKEN AggregateExec (input rows 50000000 (exact) vs min_rows 0; output kept at one partition (only projections above it))","TAKEN AggregateExec (input rows 50000000 (exact) vs min_rows 1000000; output kept at one partition (only projections above it))",0,1,7.42,13.83,8.83,14.94,0.01,6104,200,2.97,2.81
50000000,b8192,groupby_i64,gi2mean200,"group-by 2 int32 keys, 200 groups, avg(q) AS m (int64 values)","SELECT k1, k2, avg(q) AS m FROM grid GROUP BY k1, k2",39.79,60.75,0.655,477.8,67.4,5,5,"yes",0.000e0,1,"TAKEN AggregateExec (input rows 50000000 (exact) vs min_rows 0; output kept at one partition (only projections above it))","TAKEN AggregateExec (input rows 50000000 (exact) vs min_rows 1000000; output kept at one partition (only projections above it))",0,1,7.42,19.11,12.49,20.34,0.01,6104,200,2.97,2.81
50000000,b8192,groupby_i64,gi1minmax200,"group-by 1 int32 key, 200 groups, min(q) AS lo, max(q) AS hi (int64 values)","SELECT k, min(q) AS lo, max(q) AS hi FROM grid GROUP BY k",18.33,46.92,0.391,197.9,56.2,5,5,"yes",0.000e0,1,"TAKEN AggregateExec (input rows 50000000 (exact) vs min_rows 0; output kept at one partition (only projections above it))","TAKEN AggregateExec (input rows 50000000 (exact) vs min_rows 1000000; output kept at one partition (only projections above it))",0,1,7.40,13.06,8.57,15.91,0.01,6104,200,2.97,2.81
50000000,b8192,groupby_i64,gi2minmax200,"group-by 2 int32 keys, 200 groups, min(q) AS lo, max(q) AS hi (int64 values)","SELECT k1, k2, min(q) AS lo, max(q) AS hi FROM grid GROUP BY k1, k2",34.34,61.44,0.559,462.9,68.9,5,5,"yes",0.000e0,1,"TAKEN AggregateExec (input rows 50000000 (exact) vs min_rows 0; output kept at one partition (only projections above it))","TAKEN AggregateExec (input rows 50000000 (exact) vs min_rows 1000000; output kept at one partition (only projections above it))",0,1,7.43,19.41,12.05,20.50,0.01,6104,200,2.97,2.81
50000000,b8192,groupby_i64,gi1sum10k,"group-by 1 int32 key, 10k groups, sum(q) AS s (int64 values)","SELECT k, sum(q) AS s FROM grid GROUP BY k",18.88,48.48,0.389,198.0,54.8,5,5,"yes",0.000e0,1,"TAKEN AggregateExec (input rows 50000000 (exact) vs min_rows 0; output kept at one partition (only projections above it))","TAKEN AggregateExec (input rows 50000000 (exact) vs min_rows 1000000; output kept at one partition (only projections above it))",0,1,7.44,13.09,8.82,18.11,0.01,6104,10000,2.81,2.81
50000000,b8192,groupby_i64,gi2sum10k,"group-by 2 int32 keys, 10k groups, sum(q) AS s (int64 values)","SELECT k1, k2, sum(q) AS s FROM grid GROUP BY k1, k2",36.53,63.82,0.572,464.9,67.8,5,5,"yes",0.000e0,1,"TAKEN AggregateExec (input rows 50000000 (exact) vs min_rows 0; output kept at one partition (only projections above it))","TAKEN AggregateExec (input rows 50000000 (exact) vs min_rows 1000000; output kept at one partition (only projections above it))",0,1,7.47,18.36,11.90,23.89,0.01,6104,10000,2.81,2.81
50000000,b8192,groupby_i64,gi1mean10k,"group-by 1 int32 key, 10k groups, avg(q) AS m (int64 values)","SELECT k, avg(q) AS m FROM grid GROUP BY k",20.89,49.79,0.420,259.4,56.5,5,5,"yes",0.000e0,1,"TAKEN AggregateExec (input rows 50000000 (exact) vs min_rows 0; output kept at one partition (only projections above it))","TAKEN AggregateExec (input rows 50000000 (exact) vs min_rows 1000000; output kept at one partition (only projections above it))",0,1,7.09,13.78,8.85,18.02,0.01,6104,10000,2.81,2.81
50000000,b8192,groupby_i64,gi2mean10k,"group-by 2 int32 keys, 10k groups, avg(q) AS m (int64 values)","SELECT k1, k2, avg(q) AS m FROM grid GROUP BY k1, k2",37.98,62.55,0.607,526.9,67.3,5,5,"yes",0.000e0,1,"TAKEN AggregateExec (input rows 50000000 (exact) vs min_rows 0; output kept at one partition (only projections above it))","TAKEN AggregateExec (input rows 50000000 (exact) vs min_rows 1000000; output kept at one partition (only projections above it))",0,1,7.58,18.97,12.05,22.09,0.01,6104,10000,2.81,2.81
50000000,b8192,groupby_i64,gi1minmax10k,"group-by 1 int32 key, 10k groups, min(q) AS lo, max(q) AS hi (int64 values)","SELECT k, min(q) AS lo, max(q) AS hi FROM grid GROUP BY k",21.46,56.29,0.381,229.9,56.3,5,5,"yes",0.000e0,1,"TAKEN AggregateExec (input rows 50000000 (exact) vs min_rows 0; output kept at one partition (only projections above it))","TAKEN AggregateExec (input rows 50000000 (exact) vs min_rows 1000000; output kept at one partition (only projections above it))",0,1,7.35,13.56,8.62,25.01,0.01,6104,10000,2.81,2.81
50000000,b8192,groupby_i64,gi2minmax10k,"group-by 2 int32 keys, 10k groups, min(q) AS lo, max(q) AS hi (int64 values)","SELECT k1, k2, min(q) AS lo, max(q) AS hi FROM grid GROUP BY k1, k2",39.53,69.09,0.572,495.9,66.5,5,5,"yes",0.000e0,1,"TAKEN AggregateExec (input rows 50000000 (exact) vs min_rows 0; output kept at one partition (only projections above it))","TAKEN AggregateExec (input rows 50000000 (exact) vs min_rows 1000000; output kept at one partition (only projections above it))",0,1,7.46,19.01,11.77,28.75,0.01,6104,10000,2.81,2.81
50000000,b8192,groupby_i64,gi1sum100k,"group-by 1 int32 key, 100k groups, sum(q) AS s (int64 values)","SELECT k, sum(q) AS s FROM grid GROUP BY k",32.29,52.05,0.620,413.5,55.7,5,5,"yes",0.000e0,1,"TAKEN AggregateExec (input rows 50000000 (exact) vs min_rows 0; output kept at one partition (only projections above it))","TAKEN AggregateExec (input rows 50000000 (exact) vs min_rows 1000000; output kept at one partition (only projections above it))",0,1,7.03,13.68,9.29,20.21,0.01,6104,100000,2.67,4.05
50000000,b8192,groupby_i64,gi2sum100k,"group-by 2 int32 keys, 100k groups, sum(q) AS s (int64 values)","SELECT k1, k2, sum(q) AS s FROM grid GROUP BY k1, k2",54.17,62.51,0.867,747.9,66.9,5,5,"yes",0.000e0,1,"TAKEN AggregateExec (input rows 50000000 (exact) vs min_rows 0; output kept at one partition (only projections above it))","TAKEN AggregateExec (input rows 50000000 (exact) vs min_rows 1000000; output kept at one partition (only projections above it))",0,1,7.12,18.95,12.49,22.64,0.01,6104,100000,2.67,4.05
50000000,b8192,groupby_i64,gi1mean100k,"group-by 1 int32 key, 100k groups, avg(q) AS m (int64 values)","SELECT k, avg(q) AS m FROM grid GROUP BY k",43.80,52.20,0.839,559.6,58.3,5,5,"yes",0.000e0,1,"TAKEN AggregateExec (input rows 50000000 (exact) vs min_rows 0; output kept at one partition (only projections above it))","TAKEN AggregateExec (input rows 50000000 (exact) vs min_rows 1000000; output kept at one partition (only projections above it))",0,1,7.56,13.76,9.30,19.62,0.01,6104,100000,2.67,4.05
50000000,b8192,groupby_i64,gi2mean100k,"group-by 2 int32 keys, 100k groups, avg(q) AS m (int64 values)","SELECT k1, k2, avg(q) AS m FROM grid GROUP BY k1, k2",68.48,63.93,1.071,947.3,65.9,5,5,"yes",0.000e0,1,"TAKEN AggregateExec (input rows 50000000 (exact) vs min_rows 0; output kept at one partition (only projections above it))","TAKEN AggregateExec (input rows 50000000 (exact) vs min_rows 1000000; output kept at one partition (only projections above it))",0,1,7.54,18.64,11.69,24.64,0.01,6104,100000,2.67,4.05
50000000,b8192,groupby_i64,gi1minmax100k,"group-by 1 int32 key, 100k groups, min(q) AS lo, max(q) AS hi (int64 values)","SELECT k, min(q) AS lo, max(q) AS hi FROM grid GROUP BY k",44.70,61.04,0.732,607.6,53.2,5,5,"yes",0.000e0,1,"TAKEN AggregateExec (input rows 50000000 (exact) vs min_rows 0; output kept at one partition (only projections above it))","TAKEN AggregateExec (input rows 50000000 (exact) vs min_rows 1000000; output kept at one partition (only projections above it))",0,1,6.97,13.21,9.02,30.64,0.01,6104,100000,2.67,4.05
50000000,b8192,groupby_i64,gi2minmax100k,"group-by 2 int32 keys, 100k groups, min(q) AS lo, max(q) AS hi (int64 values)","SELECT k1, k2, min(q) AS lo, max(q) AS hi FROM grid GROUP BY k1, k2",68.81,72.33,0.951,997.7,64.1,5,5,"yes",0.000e0,1,"TAKEN AggregateExec (input rows 50000000 (exact) vs min_rows 0; output kept at one partition (only projections above it))","TAKEN AggregateExec (input rows 50000000 (exact) vs min_rows 1000000; output kept at one partition (only projections above it))",0,1,7.17,19.24,12.38,32.24,0.01,6104,100000,2.67,4.05
50000000,b8192,groupby_i64,gi1sum1M,"group-by 1 int32 key, 1M groups, sum(q) AS s (int64 values)","SELECT k, sum(q) AS s FROM grid GROUP BY k",55.34,53.42,1.036,784.4,54.9,5,5,"yes",0.000e0,1,"TAKEN AggregateExec (input rows 50000000 (exact) vs min_rows 0; output kept at one partition (only projections above it))","TAKEN AggregateExec (input rows 50000000 (exact) vs min_rows 1000000; output kept at one partition (only projections above it))",0,1,7.17,13.02,8.52,23.69,0.01,6104,1000000,3.45,3.58
50000000,b8192,groupby_i64,gi2sum1M,"group-by 2 int32 keys, 1M groups, sum(q) AS s (int64 values)","SELECT k1, k2, sum(q) AS s FROM grid GROUP BY k1, k2",77.77,65.21,1.193,1122.8,67.0,5,5,"yes",0.000e0,1,"TAKEN AggregateExec (input rows 50000000 (exact) vs min_rows 0; output kept at one partition (only projections above it))","TAKEN AggregateExec (input rows 50000000 (exact) vs min_rows 1000000; output kept at one partition (only projections above it))",0,1,7.69,18.18,11.83,26.23,0.01,6104,1000000,3.45,3.58
50000000,b8192,groupby_i64,gi1mean1M,"group-by 1 int32 key, 1M groups, avg(q) AS m (int64 values)","SELECT k, avg(q) AS m FROM grid GROUP BY k",73.94,56.54,1.308,1074.0,61.1,5,5,"yes",0.000e0,1,"TAKEN AggregateExec (input rows 50000000 (exact) vs min_rows 0; output kept at one partition (only projections above it))","TAKEN AggregateExec (input rows 50000000 (exact) vs min_rows 1000000; output kept at one partition (only projections above it))",0,1,7.68,13.47,9.22,24.29,0.01,6104,1000000,3.45,3.58
50000000,b8192,groupby_i64,gi2mean1M,"group-by 2 int32 keys, 1M groups, avg(q) AS m (int64 values)","SELECT k1, k2, avg(q) AS m FROM grid GROUP BY k1, k2",94.02,67.32,1.397,1380.6,69.8,5,5,"yes",0.000e0,1,"TAKEN AggregateExec (input rows 50000000 (exact) vs min_rows 0; output kept at one partition (only projections above it))","TAKEN AggregateExec (input rows 50000000 (exact) vs min_rows 1000000; output kept at one partition (only projections above it))",0,1,7.69,18.74,12.28,27.30,0.01,6104,1000000,3.45,3.58
50000000,b8192,groupby_i64,gi1minmax1M,"group-by 1 int32 key, 1M groups, min(q) AS lo, max(q) AS hi (int64 values)","SELECT k, min(q) AS lo, max(q) AS hi FROM grid GROUP BY k",75.69,80.93,0.935,1102.2,55.5,5,5,"yes",0.000e0,1,"TAKEN AggregateExec (input rows 50000000 (exact) vs min_rows 0; output kept at one partition (only projections above it))","TAKEN AggregateExec (input rows 50000000 (exact) vs min_rows 1000000; output kept at one partition (only projections above it))",0,1,7.39,13.14,9.25,50.06,0.01,6104,1000000,3.45,3.58
50000000,b8192,groupby_i64,gi2minmax1M,"group-by 2 int32 keys, 1M groups, min(q) AS lo, max(q) AS hi (int64 values)","SELECT k1, k2, min(q) AS lo, max(q) AS hi FROM grid GROUP BY k1, k2",95.03,92.92,1.023,1420.7,66.3,5,5,"yes",0.000e0,1,"TAKEN AggregateExec (input rows 50000000 (exact) vs min_rows 0; output kept at one partition (only projections above it))","TAKEN AggregateExec (input rows 50000000 (exact) vs min_rows 1000000; output kept at one partition (only projections above it))",0,1,7.27,18.25,12.77,53.22,0.01,6104,1000000,3.45,3.58
50000000,b8192,groupby_i64,gi1sumR2,"group-by 1 int32 key, R2 groups, sum(q) AS s (int64 values)","SELECT k, sum(q) AS s FROM grid GROUP BY k",152.33,266.35,0.572,2295.9,104.1,5,5,"yes",0.000e0,1,"TAKEN AggregateExec (input rows 50000000 (exact) vs min_rows 0; output kept at one partition (only projections above it))","TAKEN AggregateExec (input rows 50000000 (exact) vs min_rows 1000000; output kept at one partition (only projections above it))",0,1,7.35,12.89,8.53,235.58,0.01,6104,21618695,3.17,4.62
50000000,b8192,groupby_i64,gi2sumR2,"group-by 2 int32 keys, R2 groups, sum(q) AS s (int64 values)","SELECT k1, k2, sum(q) AS s FROM grid GROUP BY k1, k2",171.17,293.39,0.583,2603.4,121.1,5,5,"yes",0.000e0,1,"TAKEN AggregateExec (input rows 50000000 (exact) vs min_rows 0; output kept at one partition (only projections above it))","TAKEN AggregateExec (input rows 50000000 (exact) vs min_rows 1000000; output kept at one partition (only projections above it))",0,1,7.74,18.26,12.11,252.77,0.01,6104,21616057,3.17,4.62
50000000,b8192,groupby_i64,gi1meanR2,"group-by 1 int32 key, R2 groups, avg(q) AS m (int64 values)","SELECT k, avg(q) AS m FROM grid GROUP BY k",183.34,275.20,0.666,2718.9,114.4,5,5,"yes",0.000e0,1,"TAKEN AggregateExec (input rows 50000000 (exact) vs min_rows 0; output kept at one partition (only projections above it))","TAKEN AggregateExec (input rows 50000000 (exact) vs min_rows 1000000; output kept at one partition (only projections above it))",0,1,7.38,13.27,9.62,242.94,0.01,6104,21618695,3.17,4.62
50000000,b8192,groupby_i64,gi2meanR2,"group-by 2 int32 keys, R2 groups, avg(q) AS m (int64 values)","SELECT k1, k2, avg(q) AS m FROM grid GROUP BY k1, k2",196.99,301.22,0.654,3005.9,126.4,5,5,"yes",0.000e0,1,"TAKEN AggregateExec (input rows 50000000 (exact) vs min_rows 0; output kept at one partition (only projections above it))","TAKEN AggregateExec (input rows 50000000 (exact) vs min_rows 1000000; output kept at one partition (only projections above it))",0,1,7.45,18.84,12.59,259.90,0.01,6104,21616057,3.17,4.62
50000000,b8192,groupby_i64,gi1minmaxR2,"group-by 1 int32 key, R2 groups, min(q) AS lo, max(q) AS hi (int64 values)","SELECT k, min(q) AS lo, max(q) AS hi FROM grid GROUP BY k",193.73,368.98,0.525,2928.1,69.7,5,5,"yes",0.000e0,1,"TAKEN AggregateExec (input rows 50000000 (exact) vs min_rows 0; output kept at one partition (only projections above it))","TAKEN AggregateExec (input rows 50000000 (exact) vs min_rows 1000000; output kept at one partition (only projections above it))",0,1,7.32,13.22,9.30,336.79,0.01,6104,21618695,3.17,4.62
50000000,b8192,groupby_i64,gi2minmaxR2,"group-by 2 int32 keys, R2 groups, min(q) AS lo, max(q) AS hi (int64 values)","SELECT k1, k2, min(q) AS lo, max(q) AS hi FROM grid GROUP BY k1, k2",208.25,398.55,0.523,3152.7,86.4,5,5,"yes",0.000e0,1,"TAKEN AggregateExec (input rows 50000000 (exact) vs min_rows 0; output kept at one partition (only projections above it))","TAKEN AggregateExec (input rows 50000000 (exact) vs min_rows 1000000; output kept at one partition (only projections above it))",0,1,7.48,19.13,12.53,356.02,0.01,6104,21616057,3.17,4.62
100000,b8192,sort,srt_i64,"sort 3 columns by an int64 key","SELECT q, k1, x FROM extra ORDER BY q",3.01,2.01,1.495,4.6,1.2,5,5,"yes",0.000e0,1,"TAKEN SortPreservingMergeExec (input rows 100000 (exact) vs min_rows 0; projection kept above it)","LEFT SortPreservingMergeExec (input rows 100000 (exact) vs min_rows 1000000) | LEFT SortExec (per-partition sort (preserve_partitioning) with no replaced merge above it)",0,1,0.02,0.04,0.06,1.68,0.00,13,100000,3.46,3.46
100000,b8192,sort,srt_f64,"sort 3 columns by a Float64 key","SELECT q, k1, x FROM extra ORDER BY x",3.16,3.08,1.025,4.9,1.6,5,5,"yes",0.000e0,1,"TAKEN SortPreservingMergeExec (input rows 100000 (exact) vs min_rows 0; projection kept above it)","LEFT SortPreservingMergeExec (input rows 100000 (exact) vs min_rows 1000000) | LEFT SortExec (per-partition sort (preserve_partitioning) with no replaced merge above it)",0,1,0.02,0.04,0.06,2.79,0.00,13,100000,3.46,3.46
100000,b8192,sort,srt_str,"sort 3 columns by a String key (1000 values)","SELECT name, q, k1 FROM extra ORDER BY name",4.11,2.89,1.419,7.4,1.8,5,5,"yes",0.000e0,1,"TAKEN SortPreservingMergeExec (input rows 100000 (exact) vs min_rows 0; projection kept above it)","LEFT SortPreservingMergeExec (input rows 100000 (exact) vs min_rows 1000000) | LEFT SortExec (per-partition sort (preserve_partitioning) with no replaced merge above it)",0,1,0.03,0.03,0.05,2.61,0.00,13,100000,3.46,3.46
250000,b8192,sort,srt_i64,"sort 3 columns by an int64 key","SELECT q, k1, x FROM extra ORDER BY q",7.80,2.79,2.799,15.3,1.3,5,5,"yes",0.000e0,1,"TAKEN SortPreservingMergeExec (input rows 250000 (exact) vs min_rows 0; projection kept above it)","LEFT SortPreservingMergeExec (input rows 250000 (exact) vs min_rows 1000000) | LEFT SortExec (per-partition sort (preserve_partitioning) with no replaced merge above it)",0,1,0.03,0.07,0.10,2.39,0.00,31,250000,3.46,3.46
250000,b8192,sort,srt_f64,"sort 3 columns by a Float64 key","SELECT q, k1, x FROM extra ORDER BY x",8.58,4.31,1.993,16.5,1.8,5,5,"yes",0.000e0,1,"TAKEN SortPreservingMergeExec (input rows 250000 (exact) vs min_rows 0; projection kept above it)","LEFT SortPreservingMergeExec (input rows 250000 (exact) vs min_rows 1000000) | LEFT SortExec (per-partition sort (preserve_partitioning) with no replaced merge above it)",0,1,0.03,0.07,0.09,3.95,0.00,31,250000,3.46,3.46
250000,b8192,sort,srt_str,"sort 3 columns by a String key (1000 values)","SELECT name, q, k1 FROM extra ORDER BY name",10.75,3.15,3.417,27.7,1.7,5,5,"yes",0.000e0,1,"TAKEN SortPreservingMergeExec (input rows 250000 (exact) vs min_rows 0; projection kept above it)","LEFT SortPreservingMergeExec (input rows 250000 (exact) vs min_rows 1000000) | LEFT SortExec (per-partition sort (preserve_partitioning) with no replaced merge above it)",0,1,0.03,0.07,0.09,2.77,0.00,31,250000,3.46,3.46
500000,b8192,sort,srt_i64,"sort 3 columns by an int64 key","SELECT q, k1, x FROM extra ORDER BY q",15.86,2.66,5.965,34.1,2.0,5,5,"yes",0.000e0,1,"TAKEN SortPreservingMergeExec (input rows 500000 (exact) vs min_rows 0; projection kept above it)","LEFT SortPreservingMergeExec (input rows 500000 (exact) vs min_rows 1000000) | LEFT SortExec (per-partition sort (preserve_partitioning) with no replaced merge above it)",0,1,0.07,0.17,0.18,2.03,0.00,62,500000,3.46,3.26
500000,b8192,sort,srt_f64,"sort 3 columns by a Float64 key","SELECT q, k1, x FROM extra ORDER BY x",16.72,3.34,5.013,36.7,2.4,5,5,"yes",0.000e0,1,"TAKEN SortPreservingMergeExec (input rows 500000 (exact) vs min_rows 0; projection kept above it)","LEFT SortPreservingMergeExec (input rows 500000 (exact) vs min_rows 1000000) | LEFT SortExec (per-partition sort (preserve_partitioning) with no replaced merge above it)",0,1,0.08,0.18,0.18,2.71,0.00,62,500000,3.46,3.26
500000,b8192,sort,srt_str,"sort 3 columns by a String key (1000 values)","SELECT name, q, k1 FROM extra ORDER BY name",19.09,3.32,5.751,50.3,2.6,5,5,"yes",0.000e0,1,"TAKEN SortPreservingMergeExec (input rows 500000 (exact) vs min_rows 0; projection kept above it)","LEFT SortPreservingMergeExec (input rows 500000 (exact) vs min_rows 1000000) | LEFT SortExec (per-partition sort (preserve_partitioning) with no replaced merge above it)",0,1,0.07,0.14,0.16,2.79,0.00,62,500000,3.46,3.26
2000000,b8192,sort,srt_i64,"sort 3 columns by an int64 key","SELECT q, k1, x FROM extra ORDER BY q",62.21,4.21,14.791,159.0,4.2,5,5,"yes",0.000e0,1,"TAKEN SortPreservingMergeExec (input rows 2000000 (exact) vs min_rows 0; projection kept above it)","TAKEN SortPreservingMergeExec (input rows 2000000 (exact) vs min_rows 1000000; projection kept above it)",0,1,0.29,0.71,0.61,2.26,0.00,245,2000000,3.26,3.26
2000000,b8192,sort,srt_f64,"sort 3 columns by a Float64 key","SELECT q, k1, x FROM extra ORDER BY x",65.75,5.84,11.257,168.5,4.4,5,5,"yes",0.000e0,1,"TAKEN SortPreservingMergeExec (input rows 2000000 (exact) vs min_rows 0; projection kept above it)","TAKEN SortPreservingMergeExec (input rows 2000000 (exact) vs min_rows 1000000; projection kept above it)",0,1,0.26,0.73,0.58,3.95,0.01,245,2000000,3.26,3.26
2000000,b8192,sort,srt_str,"sort 3 columns by a String key (1000 values)","SELECT name, q, k1 FROM extra ORDER BY name",78.97,4.87,16.203,227.8,4.8,5,5,"yes",0.000e0,1,"TAKEN SortPreservingMergeExec (input rows 2000000 (exact) vs min_rows 0; projection kept above it)","TAKEN SortPreservingMergeExec (input rows 2000000 (exact) vs min_rows 1000000; projection kept above it)",0,1,0.30,0.74,0.56,2.94,0.01,245,2000000,3.26,3.26
5000000,b8192,sort,srt_i64,"sort 3 columns by an int64 key","SELECT q, k1, x FROM extra ORDER BY q",155.51,9.42,16.508,461.4,8.1,5,5,"yes",0.000e0,1,"TAKEN SortPreservingMergeExec (input rows 5000000 (exact) vs min_rows 0; projection kept above it)","TAKEN SortPreservingMergeExec (input rows 5000000 (exact) vs min_rows 1000000; projection kept above it)",0,1,0.68,1.88,1.58,4.78,0.01,611,5000000,3.26,3.08
5000000,b8192,sort,srt_f64,"sort 3 columns by a Float64 key","SELECT q, k1, x FROM extra ORDER BY x",163.09,12.61,12.935,478.7,8.6,5,5,"yes",0.000e0,1,"TAKEN SortPreservingMergeExec (input rows 5000000 (exact) vs min_rows 0; projection kept above it)","TAKEN SortPreservingMergeExec (input rows 5000000 (exact) vs min_rows 1000000; projection kept above it)",0,1,0.64,1.92,1.50,7.99,0.01,611,5000000,3.26,3.08
5000000,b8192,sort,srt_str,"sort 3 columns by a String key (1000 values)","SELECT name, q, k1 FROM extra ORDER BY name",188.38,11.24,16.762,605.7,9.5,5,5,"yes",0.000e0,1,"TAKEN SortPreservingMergeExec (input rows 5000000 (exact) vs min_rows 0; projection kept above it)","TAKEN SortPreservingMergeExec (input rows 5000000 (exact) vs min_rows 1000000; projection kept above it)",0,1,0.76,2.02,1.58,6.24,0.01,611,5000000,3.26,3.08
2000000,b8192,groupby,g1count100k,"group-by 1 int32 key, 100k groups, count(*) AS n","SELECT k, count(*) AS n FROM grid GROUP BY k",4.42,3.14,1.407,50.7,3.2,5,5,"yes",0.000e0,1,"TAKEN AggregateExec (input rows 2000000 (exact) vs min_rows 0; output kept at one partition (only projections above it))","TAKEN AggregateExec (input rows 2000000 (exact) vs min_rows 1000000; output kept at one partition (only projections above it))",0,1,0.20,0.18,0.13,2.34,0.00,245,100000,3.08,3.08
2000000,b8192,groupby,g2count100k,"group-by 2 int32 keys, 100k groups, count(*) AS n","SELECT k1, k2, count(*) AS n FROM grid GROUP BY k1, k2",5.61,4.12,1.361,63.3,4.6,5,5,"yes",0.000e0,1,"TAKEN AggregateExec (input rows 2000000 (exact) vs min_rows 0; output kept at one partition (only projections above it))","TAKEN AggregateExec (input rows 2000000 (exact) vs min_rows 1000000; output kept at one partition (only projections above it))",0,1,0.29,0.35,0.29,2.88,0.01,245,100000,3.08,3.08
2000000,b8192,groupby,g1count1M,"group-by 1 int32 key, 1M groups, count(*) AS n","SELECT k, count(*) AS n FROM grid GROUP BY k",5.52,4.21,1.309,70.9,3.7,5,5,"yes",0.000e0,1,"TAKEN AggregateExec (input rows 2000000 (exact) vs min_rows 0; output kept at one partition (only projections above it))","TAKEN AggregateExec (input rows 2000000 (exact) vs min_rows 1000000; output kept at one partition (only projections above it))",0,1,0.18,0.16,0.13,3.51,0.00,245,864909,3.08,3.08
2000000,b8192,groupby,g2count1M,"group-by 2 int32 keys, 1M groups, count(*) AS n","SELECT k1, k2, count(*) AS n FROM grid GROUP BY k1, k2",6.56,5.85,1.121,82.0,5.2,5,5,"yes",0.000e0,1,"TAKEN AggregateExec (input rows 2000000 (exact) vs min_rows 0; output kept at one partition (only projections above it))","TAKEN AggregateExec (input rows 2000000 (exact) vs min_rows 1000000; output kept at one partition (only projections above it))",0,1,0.23,0.33,0.25,4.64,0.01,245,864755,3.08,3.08
5000000,b8192,groupby,g1count100k,"group-by 1 int32 key, 100k groups, count(*) AS n","SELECT k, count(*) AS n FROM grid GROUP BY k",6.53,4.73,1.382,81.8,5.9,5,5,"yes",0.000e0,1,"TAKEN AggregateExec (input rows 5000000 (exact) vs min_rows 0; output kept at one partition (only projections above it))","TAKEN AggregateExec (input rows 5000000 (exact) vs min_rows 1000000; output kept at one partition (only projections above it))",0,1,0.67,0.46,0.37,2.91,0.00,611,100000,3.08,3.08
5000000,b8192,groupby,g2count100k,"group-by 2 int32 keys, 100k groups, count(*) AS n","SELECT k1, k2, count(*) AS n FROM grid GROUP BY k1, k2",8.70,5.43,1.601,112.8,7.0,5,5,"yes",0.000e0,1,"TAKEN AggregateExec (input rows 5000000 (exact) vs min_rows 0; output kept at one partition (only projections above it))","TAKEN AggregateExec (input rows 5000000 (exact) vs min_rows 1000000; output kept at one partition (only projections above it))",0,1,0.67,0.95,0.59,2.86,0.00,611,100000,3.08,3.08
5000000,b8192,groupby,g1count1M,"group-by 1 int32 key, 1M groups, count(*) AS n","SELECT k, count(*) AS n FROM grid GROUP BY k",8.82,4.91,1.797,120.2,5.9,5,5,"yes",0.000e0,1,"TAKEN AggregateExec (input rows 5000000 (exact) vs min_rows 0; output kept at one partition (only projections above it))","TAKEN AggregateExec (input rows 5000000 (exact) vs min_rows 1000000; output kept at one partition (only projections above it))",0,1,0.58,0.42,0.34,3.28,0.00,611,993187,3.08,2.91
5000000,b8192,groupby,g2count1M,"group-by 2 int32 keys, 1M groups, count(*) AS n","SELECT k1, k2, count(*) AS n FROM grid GROUP BY k1, k2",11.11,6.44,1.724,148.9,7.5,5,5,"yes",0.000e0,1,"TAKEN AggregateExec (input rows 5000000 (exact) vs min_rows 0; output kept at one partition (only projections above it))","TAKEN AggregateExec (input rows 5000000 (exact) vs min_rows 1000000; output kept at one partition (only projections above it))",0,1,0.59,0.89,0.61,3.98,0.01,611,993244,3.08,2.91
5000000,b8192,groupby,g1countR2,"group-by 1 int32 key, R2 groups, count(*) AS n","SELECT k, count(*) AS n FROM grid GROUP BY k",11.32,7.12,1.590,159.1,7.2,5,5,"yes",0.000e0,1,"TAKEN AggregateExec (input rows 5000000 (exact) vs min_rows 0; output kept at one partition (only projections above it))","TAKEN AggregateExec (input rows 5000000 (exact) vs min_rows 1000000; output kept at one partition (only projections above it))",0,1,0.63,0.45,0.35,5.36,0.00,611,2161856,2.91,2.91
5000000,b8192,groupby,g2countR2,"group-by 2 int32 keys, R2 groups, count(*) AS n","SELECT k1, k2, count(*) AS n FROM grid GROUP BY k1, k2",14.10,8.52,1.655,191.7,9.5,5,5,"yes",0.000e0,1,"TAKEN AggregateExec (input rows 5000000 (exact) vs min_rows 0; output kept at one partition (only projections above it))","TAKEN AggregateExec (input rows 5000000 (exact) vs min_rows 1000000; output kept at one partition (only projections above it))",0,1,0.67,0.92,0.66,5.82,0.00,611,2161178,2.91,2.91
20000000,b8192,groupby,g1count1M,"group-by 1 int32 key, 1M groups, count(*) AS n","SELECT k, count(*) AS n FROM grid GROUP BY k",23.91,12.48,1.915,346.3,15.6,5,5,"yes",0.000e0,1,"TAKEN AggregateExec (input rows 20000000 (exact) vs min_rows 0; output kept at one partition (only projections above it))","TAKEN AggregateExec (input rows 20000000 (exact) vs min_rows 1000000; output kept at one partition (only projections above it))",0,1,2.54,1.87,1.32,6.14,0.01,2442,1000000,2.91,2.91
20000000,b8192,groupby,g2count1M,"group-by 2 int32 keys, 1M groups, count(*) AS n","SELECT k1, k2, count(*) AS n FROM grid GROUP BY k1, k2",32.28,17.35,1.861,474.2,20.9,5,5,"yes",0.000e0,1,"TAKEN AggregateExec (input rows 20000000 (exact) vs min_rows 0; output kept at one partition (only projections above it))","TAKEN AggregateExec (input rows 20000000 (exact) vs min_rows 1000000; output kept at one partition (only projections above it))",0,1,2.48,4.26,2.44,7.33,0.01,2442,1000000,2.91,2.91
