size,layout,family,case,label,sql,off_ms,on_ms,ratio,off_cpu_ms,on_cpu_ms,iters_off,iters_on,equal,max_rel_dev,nodes_taken,rule_on,rule_default,runtime_fallbacks,metal_nodes,input_ms,concat_ms,import_ms,kernel_ms,export_ms,input_batches,out_rows,block_load_start,block_load_end,warm_ms,untimed_off,untimed_on,on_first_ms,back_ms,back_cpu_ms,back_first_ms,equal_back,def_ms,def_cpu_ms,def_first_ms,equal_def,def_taken,def_handed_back,def_groups_est,def_probe_ms,def_input_ms,def_kernel_ms,def_choice,off_first_ms,block_t0,block_t1,last_sleep,rounds,off_round_median_ms,def_round_median_ms,back_round_median_ms,on_round_median_ms,method,def_gpu,def_idle_ms,def_idle_max_ms,off_idle_ms,idle_gap_ms,off_idle_max_ms,def_idle_cpu_ms,off_idle_cpu_ms,idle_reps,idle_gap2_ms,def_idle2_ms,def_idle2_max_ms,off_idle2_ms,off_idle2_max_ms,def_idle2_cpu_ms,off_idle2_cpu_ms
1000000,b8192,gsweep,sum_f64_1i32_200,"sum_f64, 1 i32 key(s), 200 groups in the key domain","SELECT k, sum(x) AS s FROM grid GROUP BY k",0.80,,,5.4,,30,,"yes",5.443e-16,,,"LEFT AggregateExec (input rows 1000000 (exact) vs min_rows 250000; sum_avg_f64 over 1 i32 key (memory input): the measured table takes it at no group count and size (results/datafusion_groupby_sweep_2026-09-30.csv)) | LEFT AggregateExec (Partial aggregate whose Final was not replaced)",,0,0.00,0.00,0.00,0.00,0.00,0,200,2.36,1.85,100,0,,,,,,,0.78,5.3,0.97,"yes",0,0,0,0.0000,0.00,0.00,"LEFT AggregateExec (input rows 1000000 (exact) vs min_rows 250000; sum_avg_f64 over 1 i32 key (memory input): the measured table takes it at no group count and size (results/datafusion_groupby_sweep_2026-09-30.csv)) | LEFT AggregateExec (Partial aggregate whose Final was not replaced)",2.22,2026-10-01 09:09:16,2026-10-01 09:11:30,2026-09-29 00:37:52,30,0.83,0.84,,,alternate,false,6.10,7.14,6.47,500,6.83,14.3,15.6,3,5000,6.05,6.45,3.18,7.10,15.0,10.9
1000000,b8192,gsweep,minmax_f64_1i32_200,"minmax_f64, 1 i32 key(s), 200 groups in the key domain","SELECT k, min(x) AS lo, max(x) AS hi FROM grid GROUP BY k",0.86,,,5.9,,30,,"yes",0.000e0,,,"LEFT AggregateExec (input rows 1000000 (exact) vs min_rows 250000; minmax_f64 over 1 i32 key (memory input): the measured table takes it at no group count and size (results/datafusion_groupby_sweep_2026-09-30.csv)) | LEFT AggregateExec (Partial aggregate whose Final was not replaced)",,0,0.00,0.00,0.00,0.00,0.00,0,200,2.36,1.85,100,0,,,,,,,0.86,6.0,1.55,"yes",0,0,0,0.0000,0.00,0.00,"LEFT AggregateExec (input rows 1000000 (exact) vs min_rows 250000; minmax_f64 over 1 i32 key (memory input): the measured table takes it at no group count and size (results/datafusion_groupby_sweep_2026-09-30.csv)) | LEFT AggregateExec (Partial aggregate whose Final was not replaced)",1.39,2026-10-01 09:09:16,2026-10-01 09:11:30,2026-09-29 00:37:52,30,0.92,0.92,,,alternate,false,3.54,8.51,6.28,500,6.84,14.4,16.2,3,5000,3.12,3.27,7.20,7.31,14.1,20.9
1000000,b8192,gsweep,minmax_int_2i32_200,"minmax_int, 2 i32 key(s), 200 groups in the key domain","SELECT k1, k2, min(q) AS lo, max(q) AS hi FROM grid GROUP BY k1, k2",1.34,,,11.7,,30,,"yes",0.000e0,,,"LEFT AggregateExec (input rows 1000000 (exact) vs min_rows 250000; minmax_int over 2+ i32 keys (memory input): the measured table takes no group count at 1M rows (the first take is at 50M rows; results/datafusion_groupby_sweep_2026-09-30.csv)) | LEFT AggregateExec (Partial aggregate whose Final was not replaced)",,0,0.00,0.00,0.00,0.00,0.00,0,200,2.36,1.85,100,0,,,,,,,1.37,11.6,2.46,"yes",0,0,0,0.0000,0.00,0.00,"LEFT AggregateExec (input rows 1000000 (exact) vs min_rows 250000; minmax_int over 2+ i32 keys (memory input): the measured table takes no group count at 1M rows (the first take is at 50M rows; results/datafusion_groupby_sweep_2026-09-30.csv)) | LEFT AggregateExec (Partial aggregate whose Final was not replaced)",2.61,2026-10-01 09:09:16,2026-10-01 09:11:30,2026-09-29 00:37:52,30,1.43,1.46,,,alternate,false,8.07,8.45,8.55,500,14.17,27.1,29.5,3,5000,4.56,5.78,4.79,8.90,22.9,25.7
1000000,b8192,gsweep,distinct_1i64_200,"distinct, 1 i64 key(s), 200 groups in the key domain","SELECT DISTINCT kl FROM grid",0.64,,,4.2,,30,,"yes",0.000e0,,,"LEFT AggregateExec (input rows 1000000 (exact) vs min_rows 250000; distinct over 1 i64 key (memory input): the measured table takes it at no group count and size (results/datafusion_groupby_sweep_2026-09-30.csv)) | LEFT AggregateExec (Partial aggregate whose Final was not replaced)",,0,0.00,0.00,0.00,0.00,0.00,0,200,2.36,1.85,100,0,,,,,,,0.66,4.3,1.44,"yes",0,0,0,0.0000,0.00,0.00,"LEFT AggregateExec (input rows 1000000 (exact) vs min_rows 250000; distinct over 1 i64 key (memory input): the measured table takes it at no group count and size (results/datafusion_groupby_sweep_2026-09-30.csv)) | LEFT AggregateExec (Partial aggregate whose Final was not replaced)",1.58,2026-10-01 09:09:16,2026-10-01 09:11:30,2026-09-29 00:37:52,30,0.69,0.70,,,alternate,false,4.09,6.63,6.55,500,6.86,11.1,13.7,3,5000,1.40,6.34,1.34,6.49,7.1,6.6
1000000,b8192,gsweep,avg_f64_1i32_10k,"avg_f64, 1 i32 key(s), 10k groups in the key domain","SELECT k, avg(x) AS m FROM grid GROUP BY k",1.27,,,11.5,,30,,"yes",3.331e-16,,,"LEFT AggregateExec (input rows 1000000 (exact) vs min_rows 250000; sum_avg_f64 over 1 i32 key (memory input): the measured table takes it at no group count and size (results/datafusion_groupby_sweep_2026-09-30.csv)) | LEFT AggregateExec (Partial aggregate whose Final was not replaced)",,0,0.00,0.00,0.00,0.00,0.00,0,10000,2.25,2.05,100,0,,,,,,,1.33,11.1,1.66,"yes",0,0,0,0.0000,0.00,0.00,"LEFT AggregateExec (input rows 1000000 (exact) vs min_rows 250000; sum_avg_f64 over 1 i32 key (memory input): the measured table takes it at no group count and size (results/datafusion_groupby_sweep_2026-09-30.csv)) | LEFT AggregateExec (Partial aggregate whose Final was not replaced)",2.45,2026-10-01 09:39:35,2026-10-01 09:45:10,2026-09-29 00:37:52,30,1.38,1.42,,,alternate,false,4.39,9.09,8.93,500,9.45,26.3,32.0,3,5000,4.89,11.06,5.55,9.77,27.0,30.2
1000000,b8192,gsweep,minmax_f64_1i32_10k,"minmax_f64, 1 i32 key(s), 10k groups in the key domain","SELECT k, min(x) AS lo, max(x) AS hi FROM grid GROUP BY k",1.71,,,17.2,,30,,"yes",0.000e0,,,"LEFT AggregateExec (input rows 1000000 (exact) vs min_rows 250000; minmax_f64 over 1 i32 key (memory input): the measured table takes it at no group count and size (results/datafusion_groupby_sweep_2026-09-30.csv)) | LEFT AggregateExec (Partial aggregate whose Final was not replaced)",,0,0.00,0.00,0.00,0.00,0.00,0,10000,2.25,2.05,100,0,,,,,,,1.72,17.2,2.98,"yes",0,0,0,0.0000,0.00,0.00,"LEFT AggregateExec (input rows 1000000 (exact) vs min_rows 250000; minmax_f64 over 1 i32 key (memory input): the measured table takes it at no group count and size (results/datafusion_groupby_sweep_2026-09-30.csv)) | LEFT AggregateExec (Partial aggregate whose Final was not replaced)",3.09,2026-10-01 09:39:35,2026-10-01 09:45:10,2026-09-29 00:37:52,30,1.80,1.82,,,alternate,false,5.68,10.76,10.55,500,11.21,38.2,36.9,3,5000,9.61,11.08,10.80,14.66,40.3,40.0
1000000,b8192,gsweep,minmax_f64_2i32_10k,"minmax_f64, 2 i32 key(s), 10k groups in the key domain","SELECT k1, k2, min(x) AS lo, max(x) AS hi FROM grid GROUP BY k1, k2",2.30,,,23.4,,30,,"yes",0.000e0,,,"LEFT AggregateExec (input rows 1000000 (exact) vs min_rows 250000; minmax_f64 over 2+ i32 keys (memory input): the measured table takes it at no group count and size (results/datafusion_groupby_sweep_2026-09-30.csv)) | LEFT AggregateExec (Partial aggregate whose Final was not replaced)",,0,0.00,0.00,0.00,0.00,0.00,0,10000,2.25,2.05,100,0,,,,,,,2.33,23.6,5.14,"yes",0,0,0,0.0000,0.00,0.00,"LEFT AggregateExec (input rows 1000000 (exact) vs min_rows 250000; minmax_f64 over 2+ i32 keys (memory input): the measured table takes it at no group count and size (results/datafusion_groupby_sweep_2026-09-30.csv)) | LEFT AggregateExec (Partial aggregate whose Final was not replaced)",4.24,2026-10-01 09:39:35,2026-10-01 09:45:10,2026-09-29 00:37:52,30,2.42,2.40,,,alternate,false,8.54,13.22,8.67,500,12.54,54.9,52.4,3,5000,9.74,10.08,11.40,12.73,48.5,49.1
1000000,b8192,gsweep,sum_int_2i32_10k,"sum_int, 2 i32 key(s), 10k groups in the key domain","SELECT k1, k2, sum(q) AS s FROM grid GROUP BY k1, k2",1.78,,,16.6,,30,,"yes",0.000e0,,,"LEFT AggregateExec (input rows 1000000 (exact) vs min_rows 250000; sum_avg_int over 2+ i32 keys (memory input): the measured table takes it at no group count and size (results/datafusion_groupby_sweep_2026-09-30.csv)) | LEFT AggregateExec (Partial aggregate whose Final was not replaced)",,0,0.00,0.00,0.00,0.00,0.00,0,10000,2.25,2.05,100,0,,,,,,,1.73,16.8,2.69,"yes",0,0,0,0.0000,0.00,0.00,"LEFT AggregateExec (input rows 1000000 (exact) vs min_rows 250000; sum_avg_int over 2+ i32 keys (memory input): the measured table takes it at no group count and size (results/datafusion_groupby_sweep_2026-09-30.csv)) | LEFT AggregateExec (Partial aggregate whose Final was not replaced)",3.16,2026-10-01 09:39:35,2026-10-01 09:45:10,2026-09-29 00:37:52,30,1.82,1.83,,,alternate,false,11.64,11.69,9.68,500,12.00,40.8,42.8,3,5000,11.73,12.71,10.22,11.09,46.5,41.0
1000000,b8192,gsweep,avg_int_2i32_10k,"avg_int, 2 i32 key(s), 10k groups in the key domain","SELECT k1, k2, avg(q) AS m FROM grid GROUP BY k1, k2",1.87,,,18.8,,30,,"yes",0.000e0,,,"LEFT AggregateExec (input rows 1000000 (exact) vs min_rows 250000; sum_avg_int over 2+ i32 keys (memory input): the measured table takes it at no group count and size (results/datafusion_groupby_sweep_2026-09-30.csv)) | LEFT AggregateExec (Partial aggregate whose Final was not replaced)",,0,0.00,0.00,0.00,0.00,0.00,0,10000,2.25,2.05,100,0,,,,,,,1.89,19.2,3.20,"yes",0,0,0,0.0000,0.00,0.00,"LEFT AggregateExec (input rows 1000000 (exact) vs min_rows 250000; sum_avg_int over 2+ i32 keys (memory input): the measured table takes it at no group count and size (results/datafusion_groupby_sweep_2026-09-30.csv)) | LEFT AggregateExec (Partial aggregate whose Final was not replaced)",3.99,2026-10-01 09:39:35,2026-10-01 09:45:10,2026-09-29 00:37:52,30,2.01,2.00,,,alternate,false,11.08,13.19,9.65,500,13.65,47.7,34.1,3,5000,12.05,12.30,9.65,9.98,48.7,43.0
1000000,b8192,gsweep,distinct_2i32_10k,"distinct, 2 i32 key(s), 10k groups in the key domain","SELECT DISTINCT k1, k2 FROM grid",1.57,,,15.3,,30,,"yes",0.000e0,,,"LEFT AggregateExec (input rows 1000000 (exact) vs min_rows 250000; distinct over 2+ i32 keys (memory input): the measured table takes no group count at 1M rows (the first take is at 50M rows; results/datafusion_groupby_sweep_2026-09-30.csv)) | LEFT AggregateExec (Partial aggregate whose Final was not replaced)",,0,0.00,0.00,0.00,0.00,0.00,0,10000,2.25,2.05,100,0,,,,,,,1.54,15.8,2.87,"yes",0,0,0,0.0000,0.00,0.00,"LEFT AggregateExec (input rows 1000000 (exact) vs min_rows 250000; distinct over 2+ i32 keys (memory input): the measured table takes no group count at 1M rows (the first take is at 50M rows; results/datafusion_groupby_sweep_2026-09-30.csv)) | LEFT AggregateExec (Partial aggregate whose Final was not replaced)",2.72,2026-10-01 09:39:35,2026-10-01 09:45:10,2026-09-29 00:37:52,30,1.68,1.69,,,alternate,false,10.60,10.68,4.97,500,10.01,37.7,32.9,3,5000,10.39,10.74,5.38,10.56,37.6,36.8
1000000,b8192,gsweep,sum_f64_1i64_10k,"sum_f64, 1 i64 key(s), 10k groups in the key domain","SELECT kl, sum(x) AS s FROM grid GROUP BY kl",1.30,,,11.6,,30,,"yes",5.623e-16,,,"LEFT AggregateExec (input rows 1000000 (exact) vs min_rows 250000; sum_avg_f64 over 1 i64 key (memory input): the measured table takes it at no group count and size (results/datafusion_groupby_sweep_2026-09-30.csv)) | LEFT AggregateExec (Partial aggregate whose Final was not replaced)",,0,0.00,0.00,0.00,0.00,0.00,0,10000,2.25,2.05,100,0,,,,,,,1.29,11.7,2.79,"yes",0,0,0,0.0000,0.00,0.00,"LEFT AggregateExec (input rows 1000000 (exact) vs min_rows 250000; sum_avg_f64 over 1 i64 key (memory input): the measured table takes it at no group count and size (results/datafusion_groupby_sweep_2026-09-30.csv)) | LEFT AggregateExec (Partial aggregate whose Final was not replaced)",2.89,2026-10-01 09:39:35,2026-10-01 09:45:10,2026-09-29 00:37:52,30,1.47,1.44,,,alternate,false,9.79,10.19,8.98,500,9.51,29.6,29.4,3,5000,3.54,9.51,9.78,10.13,21.4,27.6
1000000,b8192,gsweep,avg_f64_1i64_10k,"avg_f64, 1 i64 key(s), 10k groups in the key domain","SELECT kl, avg(x) AS m FROM grid GROUP BY kl",1.32,,,12.1,,30,,"yes",3.331e-16,,,"LEFT AggregateExec (input rows 1000000 (exact) vs min_rows 250000; sum_avg_f64 over 1 i64 key (memory input): the measured table takes it at no group count and size (results/datafusion_groupby_sweep_2026-09-30.csv)) | LEFT AggregateExec (Partial aggregate whose Final was not replaced)",,0,0.00,0.00,0.00,0.00,0.00,0,10000,2.25,2.05,100,0,,,,,,,1.31,12.6,2.80,"yes",0,0,0,0.0000,0.00,0.00,"LEFT AggregateExec (input rows 1000000 (exact) vs min_rows 250000; sum_avg_f64 over 1 i64 key (memory input): the measured table takes it at no group count and size (results/datafusion_groupby_sweep_2026-09-30.csv)) | LEFT AggregateExec (Partial aggregate whose Final was not replaced)",3.23,2026-10-01 09:39:35,2026-10-01 09:45:10,2026-09-29 00:37:52,30,1.42,1.40,,,alternate,false,4.92,9.34,5.88,500,10.54,29.1,32.6,3,5000,5.63,10.59,5.31,10.90,31.8,32.3
1000000,b8192,gsweep,avg_int_1i64_10k,"avg_int, 1 i64 key(s), 10k groups in the key domain","SELECT kl, avg(q) AS m FROM grid GROUP BY kl",1.37,,,13.0,,30,,"yes",0.000e0,,,"LEFT AggregateExec (input rows 1000000 (exact) vs min_rows 250000; sum_avg_int over 1 i64 key (memory input): the measured table takes it at no group count and size (results/datafusion_groupby_sweep_2026-09-30.csv)) | LEFT AggregateExec (Partial aggregate whose Final was not replaced)",,0,0.00,0.00,0.00,0.00,0.00,0,10000,2.25,2.05,100,0,,,,,,,1.39,13.1,2.95,"yes",0,0,0,0.0000,0.00,0.00,"LEFT AggregateExec (input rows 1000000 (exact) vs min_rows 250000; sum_avg_int over 1 i64 key (memory input): the measured table takes it at no group count and size (results/datafusion_groupby_sweep_2026-09-30.csv)) | LEFT AggregateExec (Partial aggregate whose Final was not replaced)",2.77,2026-10-01 09:39:35,2026-10-01 09:45:10,2026-09-29 00:37:52,30,1.49,1.50,,,alternate,false,2.33,12.73,3.08,500,3.43,17.5,19.0,3,5000,3.30,10.37,7.29,11.45,25.9,33.6
1000000,b8192,gsweep,sum_f64_2i64_10k,"sum_f64, 2 i64 key(s), 10k groups in the key domain","SELECT kl1, kl2, sum(x) AS s FROM grid GROUP BY kl1, kl2",1.75,,,17.2,,30,,"yes",6.178e-16,,,"LEFT AggregateExec (input rows 1000000 (exact) vs min_rows 250000; sum_avg_f64 over 2+ i64 keys (memory input): the measured table takes it at no group count and size (results/datafusion_groupby_sweep_2026-09-30.csv)) | LEFT AggregateExec (Partial aggregate whose Final was not replaced)",,0,0.00,0.00,0.00,0.00,0.00,0,10000,2.25,2.05,100,0,,,,,,,1.79,17.4,2.49,"yes",0,0,0,0.0000,0.00,0.00,"LEFT AggregateExec (input rows 1000000 (exact) vs min_rows 250000; sum_avg_f64 over 2+ i64 keys (memory input): the measured table takes it at no group count and size (results/datafusion_groupby_sweep_2026-09-30.csv)) | LEFT AggregateExec (Partial aggregate whose Final was not replaced)",2.62,2026-10-01 09:39:35,2026-10-01 09:45:10,2026-09-29 00:37:52,30,1.86,1.88,,,alternate,false,10.84,11.06,3.41,500,6.32,45.1,23.0,3,5000,5.77,11.88,10.82,14.77,36.2,48.3
1000000,b8192,gsweep,sum_f64_2i32_100k,"sum_f64, 2 i32 key(s), 100k groups in the key domain","SELECT k1, k2, sum(x) AS s FROM grid GROUP BY k1, k2",2.84,,,35.3,,30,,"yes",5.793e-16,,,"LEFT AggregateExec (input rows 1000000 (exact) vs min_rows 250000; sum_avg_f64 over 2+ i32 keys (memory input): the measured table takes it at no group count and size (results/datafusion_groupby_sweep_2026-09-30.csv)) | LEFT AggregateExec (Partial aggregate whose Final was not replaced)",,0,0.00,0.00,0.00,0.00,0.00,0,99998,1.96,2.87,100,0,,,,,,,2.81,36.2,3.09,"yes",0,0,0,0.0000,0.00,0.00,"LEFT AggregateExec (input rows 1000000 (exact) vs min_rows 250000; sum_avg_f64 over 2+ i32 keys (memory input): the measured table takes it at no group count and size (results/datafusion_groupby_sweep_2026-09-30.csv)) | LEFT AggregateExec (Partial aggregate whose Final was not replaced)",3.72,2026-10-01 09:45:13,2026-10-01 09:48:35,2026-09-29 00:37:52,30,3.05,3.05,,,alternate,false,13.09,13.73,9.68,500,15.08,82.0,68.4,3,5000,10.53,15.66,8.25,11.22,78.5,77.4
1000000,b8192,gsweep,minmax_f64_2i32_100k,"minmax_f64, 2 i32 key(s), 100k groups in the key domain","SELECT k1, k2, min(x) AS lo, max(x) AS hi FROM grid GROUP BY k1, k2",3.51,,,44.7,,30,,"yes",0.000e0,,,"LEFT AggregateExec (input rows 1000000 (exact) vs min_rows 250000; minmax_f64 over 2+ i32 keys (memory input): the measured table takes it at no group count and size (results/datafusion_groupby_sweep_2026-09-30.csv)) | LEFT AggregateExec (Partial aggregate whose Final was not replaced)",,0,0.00,0.00,0.00,0.00,0.00,0,99998,1.96,2.87,100,0,,,,,,,3.51,44.2,5.48,"yes",0,0,0,0.0000,0.00,0.00,"LEFT AggregateExec (input rows 1000000 (exact) vs min_rows 250000; minmax_f64 over 2+ i32 keys (memory input): the measured table takes it at no group count and size (results/datafusion_groupby_sweep_2026-09-30.csv)) | LEFT AggregateExec (Partial aggregate whose Final was not replaced)",6.28,2026-10-01 09:45:13,2026-10-01 09:48:35,2026-09-29 00:37:52,30,3.69,3.71,,,alternate,false,5.83,16.95,14.59,500,16.89,55.6,98.7,3,5000,10.68,13.18,14.19,14.82,88.9,75.0
1000000,b8192,gsweep,distinct_2i32_100k,"distinct, 2 i32 key(s), 100k groups in the key domain","SELECT DISTINCT k1, k2 FROM grid",2.59,,,32.4,,30,,"yes",0.000e0,,,"LEFT AggregateExec (input rows 1000000 (exact) vs min_rows 250000; distinct over 2+ i32 keys (memory input): the measured table takes no group count at 1M rows (the first take is at 50M rows; results/datafusion_groupby_sweep_2026-09-30.csv)) | LEFT AggregateExec (Partial aggregate whose Final was not replaced)",,0,0.00,0.00,0.00,0.00,0.00,0,99998,1.96,2.87,100,0,,,,,,,2.58,32.2,4.74,"yes",0,0,0,0.0000,0.00,0.00,"LEFT AggregateExec (input rows 1000000 (exact) vs min_rows 250000; distinct over 2+ i32 keys (memory input): the measured table takes no group count at 1M rows (the first take is at 50M rows; results/datafusion_groupby_sweep_2026-09-30.csv)) | LEFT AggregateExec (Partial aggregate whose Final was not replaced)",4.80,2026-10-01 09:45:13,2026-10-01 09:48:35,2026-09-29 00:37:52,30,2.79,2.77,,,alternate,false,14.00,14.45,8.55,500,15.07,67.4,70.6,3,5000,14.46,15.27,14.21,14.98,76.7,69.2
1000000,b8192,gsweep,count_1i64_100k,"count, 1 i64 key(s), 100k groups in the key domain","SELECT kl, count(*) AS n FROM grid GROUP BY kl",2.35,,,29.2,,30,,"yes",0.000e0,,,"LEFT AggregateExec (input rows 1000000 (exact) vs min_rows 250000; count over 1 i64 key (memory input): the measured table takes it at no group count and size (results/datafusion_groupby_sweep_2026-09-30.csv)) | LEFT AggregateExec (Partial aggregate whose Final was not replaced)",,0,0.00,0.00,0.00,0.00,0.00,0,99995,1.96,2.87,100,0,,,,,,,2.37,29.1,5.05,"yes",0,0,0,0.0000,0.00,0.00,"LEFT AggregateExec (input rows 1000000 (exact) vs min_rows 250000; count over 1 i64 key (memory input): the measured table takes it at no group count and size (results/datafusion_groupby_sweep_2026-09-30.csv)) | LEFT AggregateExec (Partial aggregate whose Final was not replaced)",4.98,2026-10-01 09:45:13,2026-10-01 09:48:35,2026-09-29 00:37:52,30,2.61,2.68,,,alternate,false,14.99,15.27,6.13,500,13.50,74.1,60.1,3,5000,14.03,14.38,14.05,14.87,73.3,71.6
1000000,b8192,gsweep,avg_int_1i64_100k,"avg_int, 1 i64 key(s), 100k groups in the key domain","SELECT kl, avg(q) AS m FROM grid GROUP BY kl",2.89,,,30.7,,30,,"yes",0.000e0,,,"LEFT AggregateExec (input rows 1000000 (exact) vs min_rows 250000; sum_avg_int over 1 i64 key (memory input): the measured table takes it at no group count and size (results/datafusion_groupby_sweep_2026-09-30.csv)) | LEFT AggregateExec (Partial aggregate whose Final was not replaced)",,0,0.00,0.00,0.00,0.00,0.00,0,99995,1.96,2.87,100,0,,,,,,,2.73,30.6,4.99,"yes",0,0,0,0.0000,0.00,0.00,"LEFT AggregateExec (input rows 1000000 (exact) vs min_rows 250000; sum_avg_int over 1 i64 key (memory input): the measured table takes it at no group count and size (results/datafusion_groupby_sweep_2026-09-30.csv)) | LEFT AggregateExec (Partial aggregate whose Final was not replaced)",4.88,2026-10-01 09:45:13,2026-10-01 09:48:35,2026-09-29 00:37:52,30,3.13,3.13,,,alternate,false,15.38,16.24,14.15,500,15.59,75.0,77.3,3,5000,14.83,15.33,15.65,15.70,75.7,79.8
1000000,b8192,gsweep,sum_int_2i64_100k,"sum_int, 2 i64 key(s), 100k groups in the key domain","SELECT kl1, kl2, sum(q) AS s FROM grid GROUP BY kl1, kl2",3.00,,,37.4,,30,,"yes",0.000e0,,,"LEFT AggregateExec (input rows 1000000 (exact) vs min_rows 250000; sum_avg_int over 2+ i64 keys (memory input): the measured table takes it at no group count and size (results/datafusion_groupby_sweep_2026-09-30.csv)) | LEFT AggregateExec (Partial aggregate whose Final was not replaced)",,0,0.00,0.00,0.00,0.00,0.00,0,99998,1.96,2.87,100,0,,,,,,,3.05,37.6,5.50,"yes",0,0,0,0.0000,0.00,0.00,"LEFT AggregateExec (input rows 1000000 (exact) vs min_rows 250000; sum_avg_int over 2+ i64 keys (memory input): the measured table takes it at no group count and size (results/datafusion_groupby_sweep_2026-09-30.csv)) | LEFT AggregateExec (Partial aggregate whose Final was not replaced)",5.17,2026-10-01 09:45:13,2026-10-01 09:48:35,2026-09-29 00:37:52,30,3.20,3.24,,,alternate,false,12.40,15.22,14.07,500,14.79,82.2,88.5,3,5000,13.68,16.38,15.81,16.25,87.8,88.4
1000000,b8192,gsweep,count_1i32_1M,"count, 1 i32 key(s), 1M groups in the key domain","SELECT k, count(*) AS n FROM grid GROUP BY k",3.42,,,44.1,,30,,"yes",0.000e0,,,"LEFT AggregateExec (input rows 1000000 (exact) vs min_rows 250000; count over 1 i32 key (memory input): the measured table takes it at no group count and size (results/datafusion_groupby_sweep_2026-09-30.csv)) | LEFT AggregateExec (Partial aggregate whose Final was not replaced)",,0,0.00,0.00,0.00,0.00,0.00,0,631988,1.56,2.80,100,0,,,,,,,3.30,41.6,4.05,"yes",0,0,0,0.0000,0.00,0.00,"LEFT AggregateExec (input rows 1000000 (exact) vs min_rows 250000; count over 1 i32 key (memory input): the measured table takes it at no group count and size (results/datafusion_groupby_sweep_2026-09-30.csv)) | LEFT AggregateExec (Partial aggregate whose Final was not replaced)",3.97,2026-10-01 09:50:39,2026-10-01 09:55:09,2026-09-29 00:37:52,30,3.71,3.65,,,alternate,false,15.22,15.97,13.22,500,14.74,92.0,90.3,3,5000,15.18,15.74,13.88,17.02,94.1,99.2
1000000,b8192,gsweep,minmax_f64_1i32_1M,"minmax_f64, 1 i32 key(s), 1M groups in the key domain","SELECT k, min(x) AS lo, max(x) AS hi FROM grid GROUP BY k",4.01,,,51.7,,30,,"yes",0.000e0,,,"LEFT AggregateExec (input rows 1000000 (exact) vs min_rows 250000; minmax_f64 over 1 i32 key (memory input): the measured table takes it at no group count and size (results/datafusion_groupby_sweep_2026-09-30.csv)) | LEFT AggregateExec (Partial aggregate whose Final was not replaced)",,0,0.00,0.00,0.00,0.00,0.00,0,631988,1.56,2.80,100,0,,,,,,,4.12,51.8,6.76,"yes",0,0,0,0.0000,0.00,0.00,"LEFT AggregateExec (input rows 1000000 (exact) vs min_rows 250000; minmax_f64 over 1 i32 key (memory input): the measured table takes it at no group count and size (results/datafusion_groupby_sweep_2026-09-30.csv)) | LEFT AggregateExec (Partial aggregate whose Final was not replaced)",7.68,2026-10-01 09:50:39,2026-10-01 09:55:09,2026-09-29 00:37:52,30,4.40,4.51,,,alternate,false,17.20,18.09,17.18,500,18.22,113.3,116.7,3,5000,16.88,17.45,15.96,19.49,111.8,112.4
1000000,b8192,gsweep,minmax_int_1i32_1M,"minmax_int, 1 i32 key(s), 1M groups in the key domain","SELECT k, min(q) AS lo, max(q) AS hi FROM grid GROUP BY k",4.00,,,50.8,,30,,"yes",0.000e0,,,"LEFT AggregateExec (input rows 1000000 (exact) vs min_rows 250000; minmax_int over 1 i32 key (memory input): the measured table takes it at no group count and size (results/datafusion_groupby_sweep_2026-09-30.csv)) | LEFT AggregateExec (Partial aggregate whose Final was not replaced)",,0,0.00,0.00,0.00,0.00,0.00,0,631988,1.56,2.80,100,0,,,,,,,4.01,51.5,7.37,"yes",0,0,0,0.0000,0.00,0.00,"LEFT AggregateExec (input rows 1000000 (exact) vs min_rows 250000; minmax_int over 1 i32 key (memory input): the measured table takes it at no group count and size (results/datafusion_groupby_sweep_2026-09-30.csv)) | LEFT AggregateExec (Partial aggregate whose Final was not replaced)",7.36,2026-10-01 09:50:39,2026-10-01 09:55:09,2026-09-29 00:37:52,30,4.33,4.32,,,alternate,false,17.07,17.39,11.97,500,16.78,112.9,104.1,3,5000,13.42,16.65,13.36,16.84,96.7,71.2
1000000,b8192,gsweep,sum_f64_2i32_1M,"sum_f64, 2 i32 key(s), 1M groups in the key domain","SELECT k1, k2, sum(x) AS s FROM grid GROUP BY k1, k2",3.79,,,47.6,,30,,"yes",4.425e-16,,,"LEFT AggregateExec (input rows 1000000 (exact) vs min_rows 250000; sum_avg_f64 over 2+ i32 keys (memory input): the measured table takes it at no group count and size (results/datafusion_groupby_sweep_2026-09-30.csv)) | LEFT AggregateExec (Partial aggregate whose Final was not replaced)",,0,0.00,0.00,0.00,0.00,0.00,0,632071,1.56,2.80,100,0,,,,,,,3.74,48.7,6.10,"yes",0,0,0,0.0000,0.00,0.00,"LEFT AggregateExec (input rows 1000000 (exact) vs min_rows 250000; sum_avg_f64 over 2+ i32 keys (memory input): the measured table takes it at no group count and size (results/datafusion_groupby_sweep_2026-09-30.csv)) | LEFT AggregateExec (Partial aggregate whose Final was not replaced)",6.66,2026-10-01 09:50:39,2026-10-01 09:55:09,2026-09-29 00:37:52,30,4.09,4.10,,,alternate,false,6.26,13.75,15.44,500,16.61,67.5,101.3,3,5000,8.17,13.39,8.20,16.19,76.5,82.2
1000000,b8192,gsweep,sum_int_2i32_1M,"sum_int, 2 i32 key(s), 1M groups in the key domain","SELECT k1, k2, sum(q) AS s FROM grid GROUP BY k1, k2",3.90,,,49.3,,30,,"yes",0.000e0,,,"LEFT AggregateExec (input rows 1000000 (exact) vs min_rows 250000; sum_avg_int over 2+ i32 keys (memory input): the measured table takes it at no group count and size (results/datafusion_groupby_sweep_2026-09-30.csv)) | LEFT AggregateExec (Partial aggregate whose Final was not replaced)",,0,0.00,0.00,0.00,0.00,0.00,0,632071,1.56,2.80,100,0,,,,,,,3.81,48.3,5.77,"yes",0,0,0,0.0000,0.00,0.00,"LEFT AggregateExec (input rows 1000000 (exact) vs min_rows 250000; sum_avg_int over 2+ i32 keys (memory input): the measured table takes it at no group count and size (results/datafusion_groupby_sweep_2026-09-30.csv)) | LEFT AggregateExec (Partial aggregate whose Final was not replaced)",6.42,2026-10-01 09:50:39,2026-10-01 09:55:09,2026-09-29 00:37:52,30,4.10,4.08,,,alternate,false,9.43,18.15,17.03,500,18.04,103.2,93.9,3,5000,9.86,16.30,8.25,14.97,92.1,82.2
1000000,b8192,gsweep,count_1i64_1M,"count, 1 i64 key(s), 1M groups in the key domain","SELECT kl, count(*) AS n FROM grid GROUP BY kl",3.47,,,46.6,,30,,"yes",0.000e0,,,"LEFT AggregateExec (input rows 1000000 (exact) vs min_rows 250000; count over 1 i64 key (memory input): the measured table takes it at no group count and size (results/datafusion_groupby_sweep_2026-09-30.csv)) | LEFT AggregateExec (Partial aggregate whose Final was not replaced)",,0,0.00,0.00,0.00,0.00,0.00,0,631988,1.56,2.80,100,0,,,,,,,3.51,44.7,5.37,"yes",0,0,0,0.0000,0.00,0.00,"LEFT AggregateExec (input rows 1000000 (exact) vs min_rows 250000; count over 1 i64 key (memory input): the measured table takes it at no group count and size (results/datafusion_groupby_sweep_2026-09-30.csv)) | LEFT AggregateExec (Partial aggregate whose Final was not replaced)",5.63,2026-10-01 09:50:39,2026-10-01 09:55:09,2026-09-29 00:37:52,30,3.75,3.70,,,alternate,false,12.56,15.68,14.90,500,15.19,97.3,97.3,3,5000,15.58,15.86,7.97,14.14,88.2,84.7
1000000,b8192,gsweep,minmax_int_1i64_1M,"minmax_int, 1 i64 key(s), 1M groups in the key domain","SELECT kl, min(q) AS lo, max(q) AS hi FROM grid GROUP BY kl",4.00,,,50.8,,30,,"yes",0.000e0,,,"LEFT AggregateExec (input rows 1000000 (exact) vs min_rows 250000; minmax_int over 1 i64 key (memory input): the measured table takes no group count at 1M rows (the first take is at 50M rows; results/datafusion_groupby_sweep_2026-09-30.csv)) | LEFT AggregateExec (Partial aggregate whose Final was not replaced)",,0,0.00,0.00,0.00,0.00,0.00,0,631988,1.56,2.80,100,0,,,,,,,4.18,52.7,6.76,"yes",0,0,0,0.0000,0.00,0.00,"LEFT AggregateExec (input rows 1000000 (exact) vs min_rows 250000; minmax_int over 1 i64 key (memory input): the measured table takes no group count at 1M rows (the first take is at 50M rows; results/datafusion_groupby_sweep_2026-09-30.csv)) | LEFT AggregateExec (Partial aggregate whose Final was not replaced)",7.57,2026-10-01 09:50:39,2026-10-01 09:55:09,2026-09-29 00:37:52,30,4.39,4.48,,,alternate,false,15.79,16.51,12.78,500,15.03,117.0,116.6,3,5000,16.86,17.20,13.97,16.42,119.0,104.1
1000000,b8192,gsweep,sum_int_2i64_1M,"sum_int, 2 i64 key(s), 1M groups in the key domain","SELECT kl1, kl2, sum(q) AS s FROM grid GROUP BY kl1, kl2",3.89,,,51.9,,30,,"yes",0.000e0,,,"LEFT AggregateExec (input rows 1000000 (exact) vs min_rows 250000; sum_avg_int over 2+ i64 keys (memory input): the measured table takes it at no group count and size (results/datafusion_groupby_sweep_2026-09-30.csv)) | LEFT AggregateExec (Partial aggregate whose Final was not replaced)",,0,0.00,0.00,0.00,0.00,0.00,0,632071,1.56,2.80,100,0,,,,,,,4.03,53.7,6.81,"yes",0,0,0,0.0000,0.00,0.00,"LEFT AggregateExec (input rows 1000000 (exact) vs min_rows 250000; sum_avg_int over 2+ i64 keys (memory input): the measured table takes it at no group count and size (results/datafusion_groupby_sweep_2026-09-30.csv)) | LEFT AggregateExec (Partial aggregate whose Final was not replaced)",6.47,2026-10-01 09:50:39,2026-10-01 09:55:09,2026-09-29 00:37:52,30,4.32,4.30,,,alternate,false,13.17,17.35,17.74,500,18.73,111.4,122.9,3,5000,14.68,14.97,13.21,16.96,92.1,78.0
1000000,b8192,gsweep,sum_f64_1i32_R2,"sum_f64, 1 i32 key(s), R2 groups in the key domain","SELECT k, sum(x) AS s FROM grid GROUP BY k",3.17,,,38.5,,30,,"yes",4.340e-16,,,"LEFT AggregateExec (input rows 1000000 (exact) vs min_rows 250000; sum_avg_f64 over 1 i32 key (memory input): the measured table takes it at no group count and size (results/datafusion_groupby_sweep_2026-09-30.csv)) | LEFT AggregateExec (Partial aggregate whose Final was not replaced)",,0,0.00,0.00,0.00,0.00,0.00,0,432472,2.93,3.69,100,0,,,,,,,3.08,38.5,3.48,"yes",0,0,0,0.0000,0.00,0.00,"LEFT AggregateExec (input rows 1000000 (exact) vs min_rows 250000; sum_avg_f64 over 1 i32 key (memory input): the measured table takes it at no group count and size (results/datafusion_groupby_sweep_2026-09-30.csv)) | LEFT AggregateExec (Partial aggregate whose Final was not replaced)",4.12,2026-10-01 10:12:54,2026-10-01 10:17:23,2026-09-29 00:37:52,30,3.34,3.39,,,alternate,false,13.06,17.28,14.19,500,16.14,86.6,95.2,3,5000,11.89,16.38,14.26,14.87,88.7,93.2
1000000,b8192,gsweep,count_2i32_R2,"count, 2 i32 key(s), R2 groups in the key domain","SELECT k1, k2, count(*) AS n FROM grid GROUP BY k1, k2",3.66,,,46.6,,30,,"yes",0.000e0,,,"LEFT AggregateExec (input rows 1000000 (exact) vs min_rows 250000; count over 2+ i32 keys (memory input): the measured table takes no group count at 1M rows (the first take is at 10M rows; results/datafusion_groupby_sweep_2026-09-30.csv)) | LEFT AggregateExec (Partial aggregate whose Final was not replaced)",,0,0.00,0.00,0.00,0.00,0.00,0,432084,2.93,3.69,100,0,,,,,,,3.65,46.6,5.89,"yes",0,0,0,0.0000,0.00,0.00,"LEFT AggregateExec (input rows 1000000 (exact) vs min_rows 250000; count over 2+ i32 keys (memory input): the measured table takes no group count at 1M rows (the first take is at 10M rows; results/datafusion_groupby_sweep_2026-09-30.csv)) | LEFT AggregateExec (Partial aggregate whose Final was not replaced)",6.62,2026-10-01 10:12:54,2026-10-01 10:17:23,2026-09-29 00:37:52,30,3.89,3.89,,,alternate,false,13.56,16.69,7.72,500,15.31,104.0,76.8,3,5000,15.56,16.93,14.77,16.96,108.4,103.4
1000000,b8192,gsweep,sum_f64_2i32_R2,"sum_f64, 2 i32 key(s), R2 groups in the key domain","SELECT k1, k2, sum(x) AS s FROM grid GROUP BY k1, k2",3.66,,,46.0,,30,,"yes",4.383e-16,,,"LEFT AggregateExec (input rows 1000000 (exact) vs min_rows 250000; sum_avg_f64 over 2+ i32 keys (memory input): the measured table takes it at no group count and size (results/datafusion_groupby_sweep_2026-09-30.csv)) | LEFT AggregateExec (Partial aggregate whose Final was not replaced)",,0,0.00,0.00,0.00,0.00,0.00,0,432084,2.93,3.69,100,0,,,,,,,3.57,46.4,6.00,"yes",0,0,0,0.0000,0.00,0.00,"LEFT AggregateExec (input rows 1000000 (exact) vs min_rows 250000; sum_avg_f64 over 2+ i32 keys (memory input): the measured table takes it at no group count and size (results/datafusion_groupby_sweep_2026-09-30.csv)) | LEFT AggregateExec (Partial aggregate whose Final was not replaced)",6.13,2026-10-01 10:12:54,2026-10-01 10:17:23,2026-09-29 00:37:52,30,3.80,3.76,,,alternate,false,17.48,17.84,15.71,500,16.97,107.2,103.4,3,5000,10.66,12.90,8.35,13.73,106.5,90.5
1000000,b8192,gsweep,avg_f64_2i32_R2,"avg_f64, 2 i32 key(s), R2 groups in the key domain","SELECT k1, k2, avg(x) AS m FROM grid GROUP BY k1, k2",3.90,,,49.2,,30,,"yes",3.331e-16,,,"LEFT AggregateExec (input rows 1000000 (exact) vs min_rows 250000; sum_avg_f64 over 2+ i32 keys (memory input): the measured table takes it at no group count and size (results/datafusion_groupby_sweep_2026-09-30.csv)) | LEFT AggregateExec (Partial aggregate whose Final was not replaced)",,0,0.00,0.00,0.00,0.00,0.00,0,432084,2.93,3.69,100,0,,,,,,,3.90,50.3,4.72,"yes",0,0,0,0.0000,0.00,0.00,"LEFT AggregateExec (input rows 1000000 (exact) vs min_rows 250000; sum_avg_f64 over 2+ i32 keys (memory input): the measured table takes it at no group count and size (results/datafusion_groupby_sweep_2026-09-30.csv)) | LEFT AggregateExec (Partial aggregate whose Final was not replaced)",5.03,2026-10-01 10:12:54,2026-10-01 10:17:23,2026-09-29 00:37:52,30,4.08,4.22,,,alternate,false,13.84,15.88,13.01,500,13.54,80.4,84.1,3,5000,16.11,19.18,12.34,18.08,109.2,111.4
1000000,b8192,gsweep,minmax_f64_2i32_R2,"minmax_f64, 2 i32 key(s), R2 groups in the key domain","SELECT k1, k2, min(x) AS lo, max(x) AS hi FROM grid GROUP BY k1, k2",4.51,,,54.6,,30,,"yes",0.000e0,,,"LEFT AggregateExec (input rows 1000000 (exact) vs min_rows 250000; minmax_f64 over 2+ i32 keys (memory input): the measured table takes it at no group count and size (results/datafusion_groupby_sweep_2026-09-30.csv)) | LEFT AggregateExec (Partial aggregate whose Final was not replaced)",,0,0.00,0.00,0.00,0.00,0.00,0,432084,2.93,3.69,100,0,,,,,,,4.56,55.4,7.09,"yes",0,0,0,0.0000,0.00,0.00,"LEFT AggregateExec (input rows 1000000 (exact) vs min_rows 250000; minmax_f64 over 2+ i32 keys (memory input): the measured table takes it at no group count and size (results/datafusion_groupby_sweep_2026-09-30.csv)) | LEFT AggregateExec (Partial aggregate whose Final was not replaced)",7.51,2026-10-01 10:12:54,2026-10-01 10:17:23,2026-09-29 00:37:52,30,5.15,5.04,,,alternate,false,16.71,17.95,9.25,500,10.36,125.3,90.5,3,5000,16.00,17.26,13.93,18.63,97.2,100.2
1000000,b8192,gsweep,distinct_2i32_R2,"distinct, 2 i32 key(s), R2 groups in the key domain","SELECT DISTINCT k1, k2 FROM grid",3.36,,,40.4,,30,,"yes",0.000e0,,,"LEFT AggregateExec (input rows 1000000 (exact) vs min_rows 250000; distinct over 2+ i32 keys (memory input): the measured table takes no group count at 1M rows (the first take is at 50M rows; results/datafusion_groupby_sweep_2026-09-30.csv)) | LEFT AggregateExec (Partial aggregate whose Final was not replaced)",,0,0.00,0.00,0.00,0.00,0.00,0,432084,2.93,3.69,100,0,,,,,,,3.35,41.9,5.76,"yes",0,0,0,0.0000,0.00,0.00,"LEFT AggregateExec (input rows 1000000 (exact) vs min_rows 250000; distinct over 2+ i32 keys (memory input): the measured table takes no group count at 1M rows (the first take is at 50M rows; results/datafusion_groupby_sweep_2026-09-30.csv)) | LEFT AggregateExec (Partial aggregate whose Final was not replaced)",5.90,2026-10-01 10:12:54,2026-10-01 10:17:23,2026-09-29 00:37:52,30,3.61,3.67,,,alternate,false,15.31,16.19,15.69,500,15.79,88.9,87.5,3,5000,14.09,14.53,14.01,14.09,79.2,83.2
1000000,b8192,gsweep,count_1i64_R2,"count, 1 i64 key(s), R2 groups in the key domain","SELECT kl, count(*) AS n FROM grid GROUP BY kl",3.34,,,41.3,,30,,"yes",0.000e0,,,"LEFT AggregateExec (input rows 1000000 (exact) vs min_rows 250000; count over 1 i64 key (memory input): the measured table takes it at no group count and size (results/datafusion_groupby_sweep_2026-09-30.csv)) | LEFT AggregateExec (Partial aggregate whose Final was not replaced)",,0,0.00,0.00,0.00,0.00,0.00,0,432472,2.93,3.69,100,0,,,,,,,3.30,41.4,5.84,"yes",0,0,0,0.0000,0.00,0.00,"LEFT AggregateExec (input rows 1000000 (exact) vs min_rows 250000; count over 1 i64 key (memory input): the measured table takes it at no group count and size (results/datafusion_groupby_sweep_2026-09-30.csv)) | LEFT AggregateExec (Partial aggregate whose Final was not replaced)",6.10,2026-10-01 10:12:54,2026-10-01 10:17:23,2026-09-29 00:37:52,30,3.72,3.70,,,alternate,false,14.46,17.10,14.64,500,16.96,74.6,76.0,3,5000,12.55,15.23,12.82,16.98,74.7,93.9
1000000,b8192,gsweep,minmax_int_1i64_R2,"minmax_int, 1 i64 key(s), R2 groups in the key domain","SELECT kl, min(q) AS lo, max(q) AS hi FROM grid GROUP BY kl",4.10,,,48.7,,30,,"yes",0.000e0,,,"LEFT AggregateExec (input rows 1000000 (exact) vs min_rows 250000; minmax_int over 1 i64 key (memory input): the measured table takes no group count at 1M rows (the first take is at 50M rows; results/datafusion_groupby_sweep_2026-09-30.csv)) | LEFT AggregateExec (Partial aggregate whose Final was not replaced)",,0,0.00,0.00,0.00,0.00,0.00,0,432472,2.93,3.69,100,0,,,,,,,4.24,50.0,5.78,"yes",0,0,0,0.0000,0.00,0.00,"LEFT AggregateExec (input rows 1000000 (exact) vs min_rows 250000; minmax_int over 1 i64 key (memory input): the measured table takes no group count at 1M rows (the first take is at 50M rows; results/datafusion_groupby_sweep_2026-09-30.csv)) | LEFT AggregateExec (Partial aggregate whose Final was not replaced)",6.26,2026-10-01 10:12:54,2026-10-01 10:17:23,2026-09-29 00:37:52,30,4.55,4.44,,,alternate,false,14.78,16.36,14.02,500,14.41,87.9,86.9,3,5000,9.05,15.43,14.11,16.46,90.8,91.8
1000000,part1,gsweep,avg_int_2i32_200,"avg_int, 2 i32 key(s), 200 groups in the key domain","SELECT k1, k2, avg(q) AS m FROM grid GROUP BY k1, k2",1.34,,,11.7,,30,,"yes",0.000e0,,,"LEFT AggregateExec (input rows 1000000 (exact) vs min_rows 250000; sum_avg_int over 2+ i32 keys (memory input): the measured table takes it at no group count and size (results/datafusion_groupby_sweep_2026-09-30.csv)) | LEFT AggregateExec (Partial aggregate whose Final was not replaced)",,0,0.00,0.00,0.00,0.00,0.00,0,200,3.25,2.80,100,0,,,,,,,1.32,11.5,1.80,"yes",0,0,0,0.0000,0.00,0.00,"LEFT AggregateExec (input rows 1000000 (exact) vs min_rows 250000; sum_avg_int over 2+ i32 keys (memory input): the measured table takes it at no group count and size (results/datafusion_groupby_sweep_2026-09-30.csv)) | LEFT AggregateExec (Partial aggregate whose Final was not replaced)",1.99,2026-10-01 10:30:09,2026-10-01 10:32:57,2026-09-29 00:37:52,30,1.54,1.53,,,alternate,false,5.47,13.74,8.41,500,9.18,26.8,26.2,3,5000,9.35,10.38,10.22,10.35,26.1,27.5
1000000,part1,gsweep,distinct_1i64_200,"distinct, 1 i64 key(s), 200 groups in the key domain","SELECT DISTINCT kl FROM grid",0.63,,,4.1,,30,,"yes",0.000e0,,,"LEFT AggregateExec (input rows 1000000 (exact) vs min_rows 250000; distinct over 1 i64 key (memory input): the measured table takes it at no group count and size (results/datafusion_groupby_sweep_2026-09-30.csv)) | LEFT AggregateExec (Partial aggregate whose Final was not replaced)",,0,0.00,0.00,0.00,0.00,0.00,0,200,3.25,2.80,100,0,,,,,,,0.64,3.9,1.58,"yes",0,0,0,0.0000,0.00,0.00,"LEFT AggregateExec (input rows 1000000 (exact) vs min_rows 250000; distinct over 1 i64 key (memory input): the measured table takes it at no group count and size (results/datafusion_groupby_sweep_2026-09-30.csv)) | LEFT AggregateExec (Partial aggregate whose Final was not replaced)",1.63,2026-10-01 10:30:09,2026-10-01 10:32:57,2026-09-29 00:37:52,30,0.66,0.66,,,alternate,false,4.46,5.84,4.75,500,6.52,11.3,12.8,3,5000,3.41,4.78,4.81,5.97,11.7,12.9
1000000,part1,gsweep,sum_f64_2i64_200,"sum_f64, 2 i64 key(s), 200 groups in the key domain","SELECT kl1, kl2, sum(x) AS s FROM grid GROUP BY kl1, kl2",1.26,,,10.8,,30,,"yes",3.684e-16,,,"LEFT AggregateExec (input rows 1000000 (exact) vs min_rows 250000; sum_avg_f64 over 2+ i64 keys (memory input): the measured table takes it at no group count and size (results/datafusion_groupby_sweep_2026-09-30.csv)) | LEFT AggregateExec (Partial aggregate whose Final was not replaced)",,0,0.00,0.00,0.00,0.00,0.00,0,200,3.25,2.80,100,0,,,,,,,1.28,10.8,2.53,"yes",0,0,0,0.0000,0.00,0.00,"LEFT AggregateExec (input rows 1000000 (exact) vs min_rows 250000; sum_avg_f64 over 2+ i64 keys (memory input): the measured table takes it at no group count and size (results/datafusion_groupby_sweep_2026-09-30.csv)) | LEFT AggregateExec (Partial aggregate whose Final was not replaced)",3.74,2026-10-01 10:30:09,2026-10-01 10:32:57,2026-09-29 00:37:52,30,1.34,1.34,,,alternate,false,8.72,10.13,9.91,500,10.10,25.6,27.1,3,5000,9.18,11.95,9.83,10.00,26.3,26.6
1000000,part1,gsweep,sum_int_2i64_200,"sum_int, 2 i64 key(s), 200 groups in the key domain","SELECT kl1, kl2, sum(q) AS s FROM grid GROUP BY kl1, kl2",1.28,,,10.6,,30,,"yes",0.000e0,,,"LEFT AggregateExec (input rows 1000000 (exact) vs min_rows 250000; sum_avg_int over 2+ i64 keys (memory input): the measured table takes it at no group count and size (results/datafusion_groupby_sweep_2026-09-30.csv)) | LEFT AggregateExec (Partial aggregate whose Final was not replaced)",,0,0.00,0.00,0.00,0.00,0.00,0,200,3.25,2.80,100,0,,,,,,,1.27,10.9,2.93,"yes",0,0,0,0.0000,0.00,0.00,"LEFT AggregateExec (input rows 1000000 (exact) vs min_rows 250000; sum_avg_int over 2+ i64 keys (memory input): the measured table takes it at no group count and size (results/datafusion_groupby_sweep_2026-09-30.csv)) | LEFT AggregateExec (Partial aggregate whose Final was not replaced)",4.14,2026-10-01 10:30:09,2026-10-01 10:32:57,2026-09-29 00:37:52,30,1.35,1.34,,,alternate,false,3.23,3.81,9.35,500,10.97,20.2,26.2,3,5000,9.57,10.99,9.92,10.12,27.7,26.6
1000000,part1,gsweep,minmax_int_2i64_200,"minmax_int, 2 i64 key(s), 200 groups in the key domain","SELECT kl1, kl2, min(q) AS lo, max(q) AS hi FROM grid GROUP BY kl1, kl2",1.33,,,11.4,,30,,"yes",0.000e0,,,"LEFT AggregateExec (input rows 1000000 (exact) vs min_rows 250000; minmax_int over 2+ i64 keys (memory input): the measured table takes no group count at 1M rows (the first take is at 50M rows; results/datafusion_groupby_sweep_2026-09-30.csv)) | LEFT AggregateExec (Partial aggregate whose Final was not replaced)",,0,0.00,0.00,0.00,0.00,0.00,0,200,3.25,2.80,100,0,,,,,,,1.35,11.3,3.37,"yes",0,0,0,0.0000,0.00,0.00,"LEFT AggregateExec (input rows 1000000 (exact) vs min_rows 250000; minmax_int over 2+ i64 keys (memory input): the measured table takes no group count at 1M rows (the first take is at 50M rows; results/datafusion_groupby_sweep_2026-09-30.csv)) | LEFT AggregateExec (Partial aggregate whose Final was not replaced)",2.73,2026-10-01 10:30:09,2026-10-01 10:32:57,2026-09-29 00:37:52,30,1.39,1.41,,,alternate,false,10.99,15.11,9.27,500,10.30,27.4,27.8,3,5000,3.54,11.11,3.53,9.64,21.4,21.0
1000000,part1,gsweep,minmax_int_2i32_10k,"minmax_int, 2 i32 key(s), 10k groups in the key domain","SELECT k1, k2, min(q) AS lo, max(q) AS hi FROM grid GROUP BY k1, k2",2.11,,,21.9,,30,,"yes",0.000e0,,,"LEFT AggregateExec (input rows 1000000 (exact) vs min_rows 250000; minmax_int over 2+ i32 keys (memory input): the measured table takes no group count at 1M rows (the first take is at 50M rows; results/datafusion_groupby_sweep_2026-09-30.csv)) | LEFT AggregateExec (Partial aggregate whose Final was not replaced)",,0,0.00,0.00,0.00,0.00,0.00,0,10000,2.65,2.15,100,0,,,,,,,2.18,22.3,2.39,"yes",0,0,0,0.0000,0.00,0.00,"LEFT AggregateExec (input rows 1000000 (exact) vs min_rows 250000; minmax_int over 2+ i32 keys (memory input): the measured table takes no group count at 1M rows (the first take is at 50M rows; results/datafusion_groupby_sweep_2026-09-30.csv)) | LEFT AggregateExec (Partial aggregate whose Final was not replaced)",2.86,2026-10-01 10:33:00,2026-10-01 10:35:14,2026-09-29 00:37:52,30,2.27,2.26,,,alternate,false,12.04,14.04,13.71,500,14.00,54.0,53.9,3,5000,11.65,13.46,11.86,13.17,55.2,54.6
1000000,part1,gsweep,distinct_2i32_10k,"distinct, 2 i32 key(s), 10k groups in the key domain","SELECT DISTINCT k1, k2 FROM grid",1.56,,,15.3,,30,,"yes",0.000e0,,,"LEFT AggregateExec (input rows 1000000 (exact) vs min_rows 250000; distinct over 2+ i32 keys (memory input): the measured table takes no group count at 1M rows (the first take is at 50M rows; results/datafusion_groupby_sweep_2026-09-30.csv)) | LEFT AggregateExec (Partial aggregate whose Final was not replaced)",,0,0.00,0.00,0.00,0.00,0.00,0,10000,2.65,2.15,100,0,,,,,,,1.57,15.0,2.56,"yes",0,0,0,0.0000,0.00,0.00,"LEFT AggregateExec (input rows 1000000 (exact) vs min_rows 250000; distinct over 2+ i32 keys (memory input): the measured table takes no group count at 1M rows (the first take is at 50M rows; results/datafusion_groupby_sweep_2026-09-30.csv)) | LEFT AggregateExec (Partial aggregate whose Final was not replaced)",2.75,2026-10-01 10:33:00,2026-10-01 10:35:14,2026-09-29 00:37:52,30,1.63,1.65,,,alternate,false,4.98,11.00,6.88,500,10.87,33.5,36.4,3,5000,10.36,11.84,10.81,10.92,41.2,37.4
1000000,part1,gsweep,minmax_f64_1i64_10k,"minmax_f64, 1 i64 key(s), 10k groups in the key domain","SELECT kl, min(x) AS lo, max(x) AS hi FROM grid GROUP BY kl",1.72,,,17.2,,30,,"yes",0.000e0,,,"LEFT AggregateExec (input rows 1000000 (exact) vs min_rows 250000; minmax_f64 over 1 i64 key (memory input): the measured table takes it at no group count and size (results/datafusion_groupby_sweep_2026-09-30.csv)) | LEFT AggregateExec (Partial aggregate whose Final was not replaced)",,0,0.00,0.00,0.00,0.00,0.00,0,10000,2.65,2.15,100,0,,,,,,,1.72,17.5,3.69,"yes",0,0,0,0.0000,0.00,0.00,"LEFT AggregateExec (input rows 1000000 (exact) vs min_rows 250000; minmax_f64 over 1 i64 key (memory input): the measured table takes it at no group count and size (results/datafusion_groupby_sweep_2026-09-30.csv)) | LEFT AggregateExec (Partial aggregate whose Final was not replaced)",3.77,2026-10-01 10:33:00,2026-10-01 10:35:14,2026-09-29 00:37:52,30,1.83,1.82,,,alternate,false,11.79,13.18,5.93,500,11.96,43.0,37.4,3,5000,12.85,12.91,9.87,11.65,43.8,38.5
1000000,part1,gsweep,distinct_1i64_10k,"distinct, 1 i64 key(s), 10k groups in the key domain","SELECT DISTINCT kl FROM grid",1.07,,,9.5,,30,,"yes",0.000e0,,,"LEFT AggregateExec (input rows 1000000 (exact) vs min_rows 250000; distinct over 1 i64 key (memory input): the measured table takes it at no group count and size (results/datafusion_groupby_sweep_2026-09-30.csv)) | LEFT AggregateExec (Partial aggregate whose Final was not replaced)",,0,0.00,0.00,0.00,0.00,0.00,0,10000,2.65,2.15,100,0,,,,,,,1.08,9.8,2.25,"yes",0,0,0,0.0000,0.00,0.00,"LEFT AggregateExec (input rows 1000000 (exact) vs min_rows 250000; distinct over 1 i64 key (memory input): the measured table takes it at no group count and size (results/datafusion_groupby_sweep_2026-09-30.csv)) | LEFT AggregateExec (Partial aggregate whose Final was not replaced)",2.17,2026-10-01 10:33:00,2026-10-01 10:35:14,2026-09-29 00:37:52,30,1.12,1.14,,,alternate,false,8.44,8.64,9.39,500,9.70,26.8,27.0,3,5000,6.38,9.11,8.16,9.87,21.0,30.8
1000000,part1,gsweep,avg_int_1i32_100k,"avg_int, 1 i32 key(s), 100k groups in the key domain","SELECT k, avg(q) AS m FROM grid GROUP BY k",2.53,,,31.6,,30,,"yes",0.000e0,,,"LEFT AggregateExec (input rows 1000000 (exact) vs min_rows 250000; sum_avg_int over 1 i32 key (memory input): the measured table takes it at no group count and size (results/datafusion_groupby_sweep_2026-09-30.csv)) | LEFT AggregateExec (Partial aggregate whose Final was not replaced)",,0,0.00,0.00,0.00,0.00,0.00,0,99995,2.06,1.68,100,0,,,,,,,2.53,30.6,3.23,"yes",0,0,0,0.0000,0.00,0.00,"LEFT AggregateExec (input rows 1000000 (exact) vs min_rows 250000; sum_avg_int over 1 i32 key (memory input): the measured table takes it at no group count and size (results/datafusion_groupby_sweep_2026-09-30.csv)) | LEFT AggregateExec (Partial aggregate whose Final was not replaced)",3.85,2026-10-01 10:35:18,2026-10-01 10:36:25,2026-09-29 00:37:52,30,2.77,2.79,,,alternate,false,12.33,13.91,11.82,500,14.02,72.5,75.9,3,5000,6.97,20.24,6.42,7.03,60.3,51.0
1000000,part1,gsweep,minmax_f64_1i64_100k,"minmax_f64, 1 i64 key(s), 100k groups in the key domain","SELECT kl, min(x) AS lo, max(x) AS hi FROM grid GROUP BY kl",2.95,,,37.8,,30,,"yes",0.000e0,,,"LEFT AggregateExec (input rows 1000000 (exact) vs min_rows 250000; minmax_f64 over 1 i64 key (memory input): the measured table takes it at no group count and size (results/datafusion_groupby_sweep_2026-09-30.csv)) | LEFT AggregateExec (Partial aggregate whose Final was not replaced)",,0,0.00,0.00,0.00,0.00,0.00,0,99995,2.06,1.68,100,0,,,,,,,2.99,38.0,4.74,"yes",0,0,0,0.0000,0.00,0.00,"LEFT AggregateExec (input rows 1000000 (exact) vs min_rows 250000; minmax_f64 over 1 i64 key (memory input): the measured table takes it at no group count and size (results/datafusion_groupby_sweep_2026-09-30.csv)) | LEFT AggregateExec (Partial aggregate whose Final was not replaced)",4.39,2026-10-01 10:35:18,2026-10-01 10:36:25,2026-09-29 00:37:52,30,3.10,3.12,,,alternate,false,13.21,14.61,12.92,500,13.18,86.9,82.8,3,5000,12.54,14.17,13.07,14.57,89.6,83.7
1000000,part1,gsweep,count_1i32_1M,"count, 1 i32 key(s), 1M groups in the key domain","SELECT k, count(*) AS n FROM grid GROUP BY k",3.44,,,45.7,,30,,"yes",0.000e0,,,"LEFT AggregateExec (input rows 1000000 (exact) vs min_rows 250000; count over 1 i32 key (memory input): the measured table takes it at no group count and size (results/datafusion_groupby_sweep_2026-09-30.csv)) | LEFT AggregateExec (Partial aggregate whose Final was not replaced)",,0,0.00,0.00,0.00,0.00,0.00,0,631988,2.34,2.68,100,0,,,,,,,3.44,45.8,3.72,"yes",0,0,0,0.0000,0.00,0.00,"LEFT AggregateExec (input rows 1000000 (exact) vs min_rows 250000; count over 1 i32 key (memory input): the measured table takes it at no group count and size (results/datafusion_groupby_sweep_2026-09-30.csv)) | LEFT AggregateExec (Partial aggregate whose Final was not replaced)",4.53,2026-10-01 10:36:29,2026-10-01 10:40:59,2026-09-29 00:37:52,30,3.69,3.66,,,alternate,false,14.96,15.38,13.90,500,17.14,98.2,105.9,3,5000,14.07,14.65,14.81,15.03,104.3,103.5
1000000,part1,gsweep,minmax_int_1i32_1M,"minmax_int, 1 i32 key(s), 1M groups in the key domain","SELECT k, min(q) AS lo, max(q) AS hi FROM grid GROUP BY k",3.92,,,52.5,,30,,"yes",0.000e0,,,"LEFT AggregateExec (input rows 1000000 (exact) vs min_rows 250000; minmax_int over 1 i32 key (memory input): the measured table takes it at no group count and size (results/datafusion_groupby_sweep_2026-09-30.csv)) | LEFT AggregateExec (Partial aggregate whose Final was not replaced)",,0,0.00,0.00,0.00,0.00,0.00,0,631988,2.34,2.68,100,0,,,,,,,3.93,52.5,6.46,"yes",0,0,0,0.0000,0.00,0.00,"LEFT AggregateExec (input rows 1000000 (exact) vs min_rows 250000; minmax_int over 1 i32 key (memory input): the measured table takes it at no group count and size (results/datafusion_groupby_sweep_2026-09-30.csv)) | LEFT AggregateExec (Partial aggregate whose Final was not replaced)",6.85,2026-10-01 10:36:29,2026-10-01 10:40:59,2026-09-29 00:37:52,30,4.21,4.22,,,alternate,false,16.08,17.11,16.50,500,17.25,118.6,116.3,3,5000,15.63,17.50,15.40,15.76,115.7,115.2
1000000,part1,gsweep,avg_f64_2i32_1M,"avg_f64, 2 i32 key(s), 1M groups in the key domain","SELECT k1, k2, avg(x) AS m FROM grid GROUP BY k1, k2",4.29,,,55.7,,30,,"yes",2.220e-16,,,"LEFT AggregateExec (input rows 1000000 (exact) vs min_rows 250000; sum_avg_f64 over 2+ i32 keys (memory input): the measured table takes it at no group count and size (results/datafusion_groupby_sweep_2026-09-30.csv)) | LEFT AggregateExec (Partial aggregate whose Final was not replaced)",,0,0.00,0.00,0.00,0.00,0.00,0,632071,2.34,2.68,100,0,,,,,,,4.29,56.2,6.69,"yes",0,0,0,0.0000,0.00,0.00,"LEFT AggregateExec (input rows 1000000 (exact) vs min_rows 250000; sum_avg_f64 over 2+ i32 keys (memory input): the measured table takes it at no group count and size (results/datafusion_groupby_sweep_2026-09-30.csv)) | LEFT AggregateExec (Partial aggregate whose Final was not replaced)",6.75,2026-10-01 10:36:29,2026-10-01 10:40:59,2026-09-29 00:37:52,30,4.49,4.52,,,alternate,false,15.64,18.41,15.79,500,16.03,122.8,125.1,3,5000,14.14,17.13,15.44,18.97,122.0,121.9
1000000,part1,gsweep,avg_int_2i32_1M,"avg_int, 2 i32 key(s), 1M groups in the key domain","SELECT k1, k2, avg(q) AS m FROM grid GROUP BY k1, k2",4.24,,,55.9,,30,,"yes",0.000e0,,,"LEFT AggregateExec (input rows 1000000 (exact) vs min_rows 250000; sum_avg_int over 2+ i32 keys (memory input): the measured table takes it at no group count and size (results/datafusion_groupby_sweep_2026-09-30.csv)) | LEFT AggregateExec (Partial aggregate whose Final was not replaced)",,0,0.00,0.00,0.00,0.00,0.00,0,632071,2.34,2.68,100,0,,,,,,,4.35,56.1,6.95,"yes",0,0,0,0.0000,0.00,0.00,"LEFT AggregateExec (input rows 1000000 (exact) vs min_rows 250000; sum_avg_int over 2+ i32 keys (memory input): the measured table takes it at no group count and size (results/datafusion_groupby_sweep_2026-09-30.csv)) | LEFT AggregateExec (Partial aggregate whose Final was not replaced)",7.11,2026-10-01 10:36:29,2026-10-01 10:40:59,2026-09-29 00:37:52,30,4.56,4.58,,,alternate,false,10.10,16.81,15.92,500,15.95,110.2,111.3,3,5000,17.21,17.27,10.76,19.45,125.3,126.2
1000000,part1,gsweep,minmax_int_2i32_1M,"minmax_int, 2 i32 key(s), 1M groups in the key domain","SELECT k1, k2, min(q) AS lo, max(q) AS hi FROM grid GROUP BY k1, k2",4.55,,,59.2,,30,,"yes",0.000e0,,,"LEFT AggregateExec (input rows 1000000 (exact) vs min_rows 250000; minmax_int over 2+ i32 keys (memory input): the measured table takes no group count at 1M rows (the first take is at 50M rows; results/datafusion_groupby_sweep_2026-09-30.csv)) | LEFT AggregateExec (Partial aggregate whose Final was not replaced)",,0,0.00,0.00,0.00,0.00,0.00,0,632071,2.34,2.68,100,0,,,,,,,4.59,59.5,7.28,"yes",0,0,0,0.0000,0.00,0.00,"LEFT AggregateExec (input rows 1000000 (exact) vs min_rows 250000; minmax_int over 2+ i32 keys (memory input): the measured table takes no group count at 1M rows (the first take is at 50M rows; results/datafusion_groupby_sweep_2026-09-30.csv)) | LEFT AggregateExec (Partial aggregate whose Final was not replaced)",7.62,2026-10-01 10:36:29,2026-10-01 10:40:59,2026-09-29 00:37:52,30,4.79,4.83,,,alternate,false,16.06,16.95,10.38,500,15.98,122.7,117.1,3,5000,16.82,17.01,15.29,16.52,132.1,132.1
1000000,part1,gsweep,distinct_2i32_1M,"distinct, 2 i32 key(s), 1M groups in the key domain","SELECT DISTINCT k1, k2 FROM grid",3.43,,,47.0,,30,,"yes",0.000e0,,,"LEFT AggregateExec (input rows 1000000 (exact) vs min_rows 250000; distinct over 2+ i32 keys (memory input): the measured table takes no group count at 1M rows (the first take is at 50M rows; results/datafusion_groupby_sweep_2026-09-30.csv)) | LEFT AggregateExec (Partial aggregate whose Final was not replaced)",,0,0.00,0.00,0.00,0.00,0.00,0,632071,2.34,2.68,100,0,,,,,,,3.44,47.2,4.84,"yes",0,0,0,0.0000,0.00,0.00,"LEFT AggregateExec (input rows 1000000 (exact) vs min_rows 250000; distinct over 2+ i32 keys (memory input): the measured table takes no group count at 1M rows (the first take is at 50M rows; results/datafusion_groupby_sweep_2026-09-30.csv)) | LEFT AggregateExec (Partial aggregate whose Final was not replaced)",4.43,2026-10-01 10:36:29,2026-10-01 10:40:59,2026-09-29 00:37:52,30,3.57,3.65,,,alternate,false,7.63,13.25,8.19,500,14.42,79.4,98.8,3,5000,16.28,16.36,6.25,7.50,102.7,75.1
1000000,part1,gsweep,avg_f64_1i64_1M,"avg_f64, 1 i64 key(s), 1M groups in the key domain","SELECT kl, avg(x) AS m FROM grid GROUP BY kl",3.89,,,51.6,,30,,"yes",2.220e-16,,,"LEFT AggregateExec (input rows 1000000 (exact) vs min_rows 250000; sum_avg_f64 over 1 i64 key (memory input): the measured table takes it at no group count and size (results/datafusion_groupby_sweep_2026-09-30.csv)) | LEFT AggregateExec (Partial aggregate whose Final was not replaced)",,0,0.00,0.00,0.00,0.00,0.00,0,631988,2.34,2.68,100,0,,,,,,,3.95,51.4,5.53,"yes",0,0,0,0.0000,0.00,0.00,"LEFT AggregateExec (input rows 1000000 (exact) vs min_rows 250000; sum_avg_f64 over 1 i64 key (memory input): the measured table takes it at no group count and size (results/datafusion_groupby_sweep_2026-09-30.csv)) | LEFT AggregateExec (Partial aggregate whose Final was not replaced)",5.79,2026-10-01 10:36:29,2026-10-01 10:40:59,2026-09-29 00:37:52,30,4.14,4.17,,,alternate,false,16.07,16.16,16.73,500,16.86,118.9,118.1,3,5000,16.46,17.11,15.79,17.44,110.7,118.7
1000000,part1,gsweep,distinct_2i64_1M,"distinct, 2 i64 key(s), 1M groups in the key domain","SELECT DISTINCT kl1, kl2 FROM grid",3.70,,,49.8,,30,,"yes",0.000e0,,,"LEFT AggregateExec (input rows 1000000 (exact) vs min_rows 250000; distinct over 2+ i64 keys (memory input): the measured table takes it at no group count and size (results/datafusion_groupby_sweep_2026-09-30.csv)) | LEFT AggregateExec (Partial aggregate whose Final was not replaced)",,0,0.00,0.00,0.00,0.00,0.00,0,632071,2.34,2.68,100,0,,,,,,,3.82,49.0,5.72,"yes",0,0,0,0.0000,0.00,0.00,"LEFT AggregateExec (input rows 1000000 (exact) vs min_rows 250000; distinct over 2+ i64 keys (memory input): the measured table takes it at no group count and size (results/datafusion_groupby_sweep_2026-09-30.csv)) | LEFT AggregateExec (Partial aggregate whose Final was not replaced)",6.22,2026-10-01 10:36:29,2026-10-01 10:40:59,2026-09-29 00:37:52,30,4.05,4.02,,,alternate,false,14.68,16.89,14.85,500,15.46,116.7,113.9,3,5000,7.82,15.34,8.31,14.26,93.1,91.8
1000000,part1,gsweep,count_1i32_R2,"count, 1 i32 key(s), R2 groups in the key domain","SELECT k, count(*) AS n FROM grid GROUP BY k",3.11,,,40.8,,30,,"yes",0.000e0,,,"LEFT AggregateExec (input rows 1000000 (exact) vs min_rows 250000; count over 1 i32 key (memory input): the measured table takes it at no group count and size (results/datafusion_groupby_sweep_2026-09-30.csv)) | LEFT AggregateExec (Partial aggregate whose Final was not replaced)",,0,0.00,0.00,0.00,0.00,0.00,0,432472,2.68,1.71,100,0,,,,,,,3.17,40.8,3.67,"yes",0,0,0,0.0000,0.00,0.00,"LEFT AggregateExec (input rows 1000000 (exact) vs min_rows 250000; count over 1 i32 key (memory input): the measured table takes it at no group count and size (results/datafusion_groupby_sweep_2026-09-30.csv)) | LEFT AggregateExec (Partial aggregate whose Final was not replaced)",4.46,2026-10-01 10:41:13,2026-10-01 10:46:17,2026-09-29 00:37:52,30,3.36,3.32,,,alternate,false,14.75,15.12,14.93,500,17.50,84.7,93.5,3,5000,13.92,15.38,12.33,12.75,95.9,93.2
1000000,part1,gsweep,avg_int_1i32_R2,"avg_int, 1 i32 key(s), R2 groups in the key domain","SELECT k, avg(q) AS m FROM grid GROUP BY k",3.57,,,46.9,,30,,"yes",0.000e0,,,"LEFT AggregateExec (input rows 1000000 (exact) vs min_rows 250000; sum_avg_int over 1 i32 key (memory input): the measured table takes it at no group count and size (results/datafusion_groupby_sweep_2026-09-30.csv)) | LEFT AggregateExec (Partial aggregate whose Final was not replaced)",,0,0.00,0.00,0.00,0.00,0.00,0,432472,2.68,1.71,100,0,,,,,,,3.58,48.2,6.17,"yes",0,0,0,0.0000,0.00,0.00,"LEFT AggregateExec (input rows 1000000 (exact) vs min_rows 250000; sum_avg_int over 1 i32 key (memory input): the measured table takes it at no group count and size (results/datafusion_groupby_sweep_2026-09-30.csv)) | LEFT AggregateExec (Partial aggregate whose Final was not replaced)",6.53,2026-10-01 10:41:13,2026-10-01 10:46:17,2026-09-29 00:37:52,30,3.70,3.73,,,alternate,false,15.65,18.12,15.38,500,16.43,105.4,96.4,3,5000,16.19,18.13,14.75,15.24,103.3,99.9
1000000,part1,gsweep,distinct_1i32_R2,"distinct, 1 i32 key(s), R2 groups in the key domain","SELECT DISTINCT k FROM grid",2.79,,,36.8,,30,,"yes",0.000e0,,,"LEFT AggregateExec (input rows 1000000 (exact) vs min_rows 250000; distinct over 1 i32 key (memory input): the measured table takes it at no group count and size (results/datafusion_groupby_sweep_2026-09-30.csv)) | LEFT AggregateExec (Partial aggregate whose Final was not replaced)",,0,0.00,0.00,0.00,0.00,0.00,0,432472,2.68,1.71,100,0,,,,,,,2.81,37.9,4.59,"yes",0,0,0,0.0000,0.00,0.00,"LEFT AggregateExec (input rows 1000000 (exact) vs min_rows 250000; distinct over 1 i32 key (memory input): the measured table takes it at no group count and size (results/datafusion_groupby_sweep_2026-09-30.csv)) | LEFT AggregateExec (Partial aggregate whose Final was not replaced)",4.86,2026-10-01 10:41:13,2026-10-01 10:46:17,2026-09-29 00:37:52,30,3.02,3.03,,,alternate,false,13.11,15.06,12.01,500,15.40,86.4,82.7,3,5000,6.59,13.74,14.11,15.05,79.5,86.5
1000000,part1,gsweep,sum_f64_2i32_R2,"sum_f64, 2 i32 key(s), R2 groups in the key domain","SELECT k1, k2, sum(x) AS s FROM grid GROUP BY k1, k2",3.75,,,48.6,,30,,"yes",4.379e-16,,,"LEFT AggregateExec (input rows 1000000 (exact) vs min_rows 250000; sum_avg_f64 over 2+ i32 keys (memory input): the measured table takes it at no group count and size (results/datafusion_groupby_sweep_2026-09-30.csv)) | LEFT AggregateExec (Partial aggregate whose Final was not replaced)",,0,0.00,0.00,0.00,0.00,0.00,0,432084,2.68,1.71,100,0,,,,,,,3.75,48.7,6.15,"yes",0,0,0,0.0000,0.00,0.00,"LEFT AggregateExec (input rows 1000000 (exact) vs min_rows 250000; sum_avg_f64 over 2+ i32 keys (memory input): the measured table takes it at no group count and size (results/datafusion_groupby_sweep_2026-09-30.csv)) | LEFT AggregateExec (Partial aggregate whose Final was not replaced)",7.01,2026-10-01 10:41:13,2026-10-01 10:46:17,2026-09-29 00:37:52,30,3.93,3.92,,,alternate,false,10.96,14.75,14.96,500,16.99,111.2,109.6,3,5000,14.35,15.72,14.13,14.54,105.6,109.1
1000000,part1,gsweep,distinct_2i32_R2,"distinct, 2 i32 key(s), R2 groups in the key domain","SELECT DISTINCT k1, k2 FROM grid",3.32,,,44.5,,30,,"yes",0.000e0,,,"LEFT AggregateExec (input rows 1000000 (exact) vs min_rows 250000; distinct over 2+ i32 keys (memory input): the measured table takes no group count at 1M rows (the first take is at 50M rows; results/datafusion_groupby_sweep_2026-09-30.csv)) | LEFT AggregateExec (Partial aggregate whose Final was not replaced)",,0,0.00,0.00,0.00,0.00,0.00,0,432084,2.68,1.71,100,0,,,,,,,3.35,44.3,4.16,"yes",0,0,0,0.0000,0.00,0.00,"LEFT AggregateExec (input rows 1000000 (exact) vs min_rows 250000; distinct over 2+ i32 keys (memory input): the measured table takes no group count at 1M rows (the first take is at 50M rows; results/datafusion_groupby_sweep_2026-09-30.csv)) | LEFT AggregateExec (Partial aggregate whose Final was not replaced)",4.16,2026-10-01 10:41:13,2026-10-01 10:46:17,2026-09-29 00:37:52,30,3.46,3.45,,,alternate,false,14.90,14.92,14.06,500,17.13,100.3,99.4,3,5000,14.94,15.10,13.14,13.73,102.6,102.8
1000000,part1,gsweep,count_1i64_R2,"count, 1 i64 key(s), R2 groups in the key domain","SELECT kl, count(*) AS n FROM grid GROUP BY kl",3.26,,,43.9,,30,,"yes",0.000e0,,,"LEFT AggregateExec (input rows 1000000 (exact) vs min_rows 250000; count over 1 i64 key (memory input): the measured table takes it at no group count and size (results/datafusion_groupby_sweep_2026-09-30.csv)) | LEFT AggregateExec (Partial aggregate whose Final was not replaced)",,0,0.00,0.00,0.00,0.00,0.00,0,432472,2.68,1.71,100,0,,,,,,,3.30,43.5,6.04,"yes",0,0,0,0.0000,0.00,0.00,"LEFT AggregateExec (input rows 1000000 (exact) vs min_rows 250000; count over 1 i64 key (memory input): the measured table takes it at no group count and size (results/datafusion_groupby_sweep_2026-09-30.csv)) | LEFT AggregateExec (Partial aggregate whose Final was not replaced)",6.01,2026-10-01 10:41:13,2026-10-01 10:46:17,2026-09-29 00:37:52,30,3.47,3.47,,,alternate,false,14.93,15.65,14.35,500,14.59,94.4,95.8,3,5000,15.05,15.77,11.90,14.24,101.5,87.0
1000000,part1,gsweep,avg_f64_1i64_R2,"avg_f64, 1 i64 key(s), R2 groups in the key domain","SELECT kl, avg(x) AS m FROM grid GROUP BY kl",3.64,,,47.5,,30,,"yes",2.220e-16,,,"LEFT AggregateExec (input rows 1000000 (exact) vs min_rows 250000; sum_avg_f64 over 1 i64 key (memory input): the measured table takes it at no group count and size (results/datafusion_groupby_sweep_2026-09-30.csv)) | LEFT AggregateExec (Partial aggregate whose Final was not replaced)",,0,0.00,0.00,0.00,0.00,0.00,0,432472,2.68,1.71,100,0,,,,,,,3.69,47.4,5.93,"yes",0,0,0,0.0000,0.00,0.00,"LEFT AggregateExec (input rows 1000000 (exact) vs min_rows 250000; sum_avg_f64 over 1 i64 key (memory input): the measured table takes it at no group count and size (results/datafusion_groupby_sweep_2026-09-30.csv)) | LEFT AggregateExec (Partial aggregate whose Final was not replaced)",5.80,2026-10-01 10:41:13,2026-10-01 10:46:17,2026-09-29 00:37:52,30,3.82,3.84,,,alternate,false,6.60,14.82,14.42,500,15.44,71.9,103.4,3,5000,12.56,15.08,7.86,10.29,110.2,87.0
1000000,part1,gsweep,avg_int_2i64_R2,"avg_int, 2 i64 key(s), R2 groups in the key domain","SELECT kl1, kl2, avg(q) AS m FROM grid GROUP BY kl1, kl2",4.33,,,56.7,,30,,"yes",0.000e0,,,"LEFT AggregateExec (input rows 1000000 (exact) vs min_rows 250000; sum_avg_int over 2+ i64 keys (memory input): the measured table takes it at no group count and size (results/datafusion_groupby_sweep_2026-09-30.csv)) | LEFT AggregateExec (Partial aggregate whose Final was not replaced)",,0,0.00,0.00,0.00,0.00,0.00,0,432084,2.68,1.71,100,0,,,,,,,4.30,55.1,6.76,"yes",0,0,0,0.0000,0.00,0.00,"LEFT AggregateExec (input rows 1000000 (exact) vs min_rows 250000; sum_avg_int over 2+ i64 keys (memory input): the measured table takes it at no group count and size (results/datafusion_groupby_sweep_2026-09-30.csv)) | LEFT AggregateExec (Partial aggregate whose Final was not replaced)",6.62,2026-10-01 10:41:13,2026-10-01 10:46:17,2026-09-29 00:37:52,30,4.66,4.55,,,alternate,false,16.00,16.18,8.75,500,16.36,109.3,102.8,3,5000,15.32,15.48,18.24,18.34,123.7,131.8
1000000,part1,gsweep,minmax_int_2i64_R2,"minmax_int, 2 i64 key(s), R2 groups in the key domain","SELECT kl1, kl2, min(q) AS lo, max(q) AS hi FROM grid GROUP BY kl1, kl2",4.75,,,60.7,,30,,"yes",0.000e0,,,"LEFT AggregateExec (input rows 1000000 (exact) vs min_rows 250000; minmax_int over 2+ i64 keys (memory input): the measured table takes no group count at 1M rows (the first take is at 50M rows; results/datafusion_groupby_sweep_2026-09-30.csv)) | LEFT AggregateExec (Partial aggregate whose Final was not replaced)",,0,0.00,0.00,0.00,0.00,0.00,0,432084,2.68,1.71,100,0,,,,,,,4.72,61.1,8.53,"yes",0,0,0,0.0000,0.00,0.00,"LEFT AggregateExec (input rows 1000000 (exact) vs min_rows 250000; minmax_int over 2+ i64 keys (memory input): the measured table takes no group count at 1M rows (the first take is at 50M rows; results/datafusion_groupby_sweep_2026-09-30.csv)) | LEFT AggregateExec (Partial aggregate whose Final was not replaced)",8.69,2026-10-01 10:41:13,2026-10-01 10:46:17,2026-09-29 00:37:52,30,5.00,4.98,,,alternate,false,15.13,19.38,15.34,500,16.70,129.4,116.2,3,5000,18.36,18.44,15.50,18.08,135.0,133.1
2000000,b8192,gsweep,count_1i32_200,"count, 1 i32 key(s), 200 groups in the key domain","SELECT k, count(*) AS n FROM grid GROUP BY k",1.13,,,9.1,,30,,"yes",0.000e0,,,"LEFT AggregateExec (input rows 2000000 (exact) vs min_rows 250000; count over 1 i32 key (memory input): the measured table takes it at no group count and size (results/datafusion_groupby_sweep_2026-09-30.csv)) | LEFT AggregateExec (Partial aggregate whose Final was not replaced)",,0,0.00,0.00,0.00,0.00,0.00,0,200,3.31,3.31,100,0,,,,,,,1.14,9.5,1.52,"yes",0,0,0,0.0000,0.00,0.00,"LEFT AggregateExec (input rows 2000000 (exact) vs min_rows 250000; count over 1 i32 key (memory input): the measured table takes it at no group count and size (results/datafusion_groupby_sweep_2026-09-30.csv)) | LEFT AggregateExec (Partial aggregate whose Final was not replaced)",3.46,2026-10-01 10:51:40,2026-10-01 10:51:42,2026-09-29 00:37:52,30,1.18,1.20,,,alternate,false,,,,,,,,0,,,,,,,
2000000,b8192,gsweep,avg_int_1i32_200,"avg_int, 1 i32 key(s), 200 groups in the key domain","SELECT k, avg(q) AS m FROM grid GROUP BY k",1.25,,,10.4,,30,,"yes",0.000e0,,,"LEFT AggregateExec (input rows 2000000 (exact) vs min_rows 250000; sum_avg_int over 1 i32 key (memory input): the measured table takes it at no group count and size (results/datafusion_groupby_sweep_2026-09-30.csv)) | LEFT AggregateExec (Partial aggregate whose Final was not replaced)",,0,0.00,0.00,0.00,0.00,0.00,0,200,3.31,3.31,100,0,,,,,,,1.26,10.5,1.29,"yes",0,0,0,0.0000,0.00,0.00,"LEFT AggregateExec (input rows 2000000 (exact) vs min_rows 250000; sum_avg_int over 1 i32 key (memory input): the measured table takes it at no group count and size (results/datafusion_groupby_sweep_2026-09-30.csv)) | LEFT AggregateExec (Partial aggregate whose Final was not replaced)",1.50,2026-10-01 10:51:40,2026-10-01 10:51:42,2026-09-29 00:37:52,30,1.32,1.32,,,alternate,false,,,,,,,,0,,,,,,,
2000000,b8192,gsweep,avg_f64_2i32_200,"avg_f64, 2 i32 key(s), 200 groups in the key domain","SELECT k1, k2, avg(x) AS m FROM grid GROUP BY k1, k2",2.08,,,20.4,,30,,"yes",2.220e-16,,,"LEFT AggregateExec (input rows 2000000 (exact) vs min_rows 250000; sum_avg_f64 over 2+ i32 keys (memory input): the measured table takes it at no group count and size (results/datafusion_groupby_sweep_2026-09-30.csv)) | LEFT AggregateExec (Partial aggregate whose Final was not replaced)",,0,0.00,0.00,0.00,0.00,0.00,0,200,3.31,3.31,100,0,,,,,,,2.12,20.6,2.14,"yes",0,0,0,0.0000,0.00,0.00,"LEFT AggregateExec (input rows 2000000 (exact) vs min_rows 250000; sum_avg_f64 over 2+ i32 keys (memory input): the measured table takes it at no group count and size (results/datafusion_groupby_sweep_2026-09-30.csv)) | LEFT AggregateExec (Partial aggregate whose Final was not replaced)",2.35,2026-10-01 10:51:40,2026-10-01 10:51:42,2026-09-29 00:37:52,30,2.18,2.22,,,alternate,false,,,,,,,,0,,,,,,,
2000000,b8192,gsweep,avg_int_2i32_200,"avg_int, 2 i32 key(s), 200 groups in the key domain","SELECT k1, k2, avg(q) AS m FROM grid GROUP BY k1, k2",2.18,,,21.5,,30,,"yes",0.000e0,,,"LEFT AggregateExec (input rows 2000000 (exact) vs min_rows 250000; sum_avg_int over 2+ i32 keys (memory input): the measured table takes it at no group count and size (results/datafusion_groupby_sweep_2026-09-30.csv)) | LEFT AggregateExec (Partial aggregate whose Final was not replaced)",,0,0.00,0.00,0.00,0.00,0.00,0,200,3.31,3.31,100,0,,,,,,,2.19,21.5,2.39,"yes",0,0,0,0.0000,0.00,0.00,"LEFT AggregateExec (input rows 2000000 (exact) vs min_rows 250000; sum_avg_int over 2+ i32 keys (memory input): the measured table takes it at no group count and size (results/datafusion_groupby_sweep_2026-09-30.csv)) | LEFT AggregateExec (Partial aggregate whose Final was not replaced)",2.61,2026-10-01 10:51:40,2026-10-01 10:51:42,2026-09-29 00:37:52,30,2.27,2.30,,,alternate,false,,,,,,,,0,,,,,,,
2000000,b8192,gsweep,distinct_2i32_200,"distinct, 2 i32 key(s), 200 groups in the key domain","SELECT DISTINCT k1, k2 FROM grid",1.88,,,18.6,,30,,"yes",0.000e0,,,"LEFT AggregateExec (input rows 2000000 (exact) vs min_rows 250000; distinct over 2+ i32 keys (memory input): the measured table takes no group count at 2M rows (the first take is at 50M rows; results/datafusion_groupby_sweep_2026-09-30.csv)) | LEFT AggregateExec (Partial aggregate whose Final was not replaced)",,0,0.00,0.00,0.00,0.00,0.00,0,200,3.31,3.31,100,0,,,,,,,1.86,18.4,2.01,"yes",0,0,0,0.0000,0.00,0.00,"LEFT AggregateExec (input rows 2000000 (exact) vs min_rows 250000; distinct over 2+ i32 keys (memory input): the measured table takes no group count at 2M rows (the first take is at 50M rows; results/datafusion_groupby_sweep_2026-09-30.csv)) | LEFT AggregateExec (Partial aggregate whose Final was not replaced)",2.01,2026-10-01 10:51:40,2026-10-01 10:51:42,2026-09-29 00:37:52,30,1.94,1.93,,,alternate,false,,,,,,,,0,,,,,,,
2000000,b8192,gsweep,avg_int_1i64_200,"avg_int, 1 i64 key(s), 200 groups in the key domain","SELECT kl, avg(q) AS m FROM grid GROUP BY kl",1.27,,,10.6,,30,,"yes",0.000e0,,,"LEFT AggregateExec (input rows 2000000 (exact) vs min_rows 250000; sum_avg_int over 1 i64 key (memory input): the measured table takes it at no group count and size (results/datafusion_groupby_sweep_2026-09-30.csv)) | LEFT AggregateExec (Partial aggregate whose Final was not replaced)",,0,0.00,0.00,0.00,0.00,0.00,0,200,3.31,3.31,100,0,,,,,,,1.27,10.4,1.46,"yes",0,0,0,0.0000,0.00,0.00,"LEFT AggregateExec (input rows 2000000 (exact) vs min_rows 250000; sum_avg_int over 1 i64 key (memory input): the measured table takes it at no group count and size (results/datafusion_groupby_sweep_2026-09-30.csv)) | LEFT AggregateExec (Partial aggregate whose Final was not replaced)",1.45,2026-10-01 10:51:40,2026-10-01 10:51:42,2026-09-29 00:37:52,30,1.34,1.35,,,alternate,false,,,,,,,,0,,,,,,,
2000000,b8192,gsweep,count_2i64_200,"count, 2 i64 key(s), 200 groups in the key domain","SELECT kl1, kl2, count(*) AS n FROM grid GROUP BY kl1, kl2",2.05,,,20.2,,30,,"yes",0.000e0,,,"LEFT AggregateExec (input rows 2000000 (exact) vs min_rows 250000; count over 2+ i64 keys (memory input): the measured table takes it at no group count and size (results/datafusion_groupby_sweep_2026-09-30.csv)) | LEFT AggregateExec (Partial aggregate whose Final was not replaced)",,0,0.00,0.00,0.00,0.00,0.00,0,200,3.31,3.31,100,0,,,,,,,2.06,20.0,2.28,"yes",0,0,0,0.0000,0.00,0.00,"LEFT AggregateExec (input rows 2000000 (exact) vs min_rows 250000; count over 2+ i64 keys (memory input): the measured table takes it at no group count and size (results/datafusion_groupby_sweep_2026-09-30.csv)) | LEFT AggregateExec (Partial aggregate whose Final was not replaced)",2.20,2026-10-01 10:51:40,2026-10-01 10:51:42,2026-09-29 00:37:52,30,2.14,2.16,,,alternate,false,,,,,,,,0,,,,,,,
2000000,b8192,gsweep,count_2i32_10k,"count, 2 i32 key(s), 10k groups in the key domain","SELECT k1, k2, count(*) AS n FROM grid GROUP BY k1, k2",2.90,,,29.6,,30,,"yes",0.000e0,,,"LEFT AggregateExec (input rows 2000000 (exact) vs min_rows 250000; count over 2+ i32 keys (memory input): the measured table takes no group count at 2M rows (the first take is at 10M rows; results/datafusion_groupby_sweep_2026-09-30.csv)) | LEFT AggregateExec (Partial aggregate whose Final was not replaced)",,0,0.00,0.00,0.00,0.00,0.00,0,10000,1.84,1.84,100,0,,,,,,,2.99,28.5,3.04,"yes",0,0,0,0.0000,0.00,0.00,"LEFT AggregateExec (input rows 2000000 (exact) vs min_rows 250000; count over 2+ i32 keys (memory input): the measured table takes no group count at 2M rows (the first take is at 10M rows; results/datafusion_groupby_sweep_2026-09-30.csv)) | LEFT AggregateExec (Partial aggregate whose Final was not replaced)",3.47,2026-10-01 10:54:56,2026-10-01 10:54:57,2026-09-29 00:37:52,30,3.34,3.37,,,alternate,false,,,,,,,,0,,,,,,,
2000000,b8192,gsweep,minmax_f64_1i64_10k,"minmax_f64, 1 i64 key(s), 10k groups in the key domain","SELECT kl, min(x) AS lo, max(x) AS hi FROM grid GROUP BY kl",2.96,,,25.8,,30,,"yes",0.000e0,,,"LEFT AggregateExec (input rows 2000000 (exact) vs min_rows 250000; minmax_f64 over 1 i64 key (memory input): the measured table takes it at no group count and size (results/datafusion_groupby_sweep_2026-09-30.csv)) | LEFT AggregateExec (Partial aggregate whose Final was not replaced)",,0,0.00,0.00,0.00,0.00,0.00,0,10000,1.84,1.84,100,0,,,,,,,2.59,26.0,3.27,"yes",0,0,0,0.0000,0.00,0.00,"LEFT AggregateExec (input rows 2000000 (exact) vs min_rows 250000; minmax_f64 over 1 i64 key (memory input): the measured table takes it at no group count and size (results/datafusion_groupby_sweep_2026-09-30.csv)) | LEFT AggregateExec (Partial aggregate whose Final was not replaced)",3.26,2026-10-01 10:54:56,2026-10-01 10:54:57,2026-09-29 00:37:52,30,3.10,3.15,,,alternate,false,,,,,,,,0,,,,,,,
2000000,b8192,gsweep,count_1i32_100k,"count, 1 i32 key(s), 100k groups in the key domain","SELECT k, count(*) AS n FROM grid GROUP BY k",4.18,,,54.1,,30,,"yes",0.000e0,,,"LEFT AggregateExec (input rows 2000000 (exact) vs min_rows 250000; count over 1 i32 key (memory input): the measured table takes it at no group count and size (results/datafusion_groupby_sweep_2026-09-30.csv)) | LEFT AggregateExec (Partial aggregate whose Final was not replaced)",,0,0.00,0.00,0.00,0.00,0.00,0,100000,1.78,2.83,100,0,,,,,,,4.21,52.1,4.63,"yes",0,0,0,0.0000,0.00,0.00,"LEFT AggregateExec (input rows 2000000 (exact) vs min_rows 250000; count over 1 i32 key (memory input): the measured table takes it at no group count and size (results/datafusion_groupby_sweep_2026-09-30.csv)) | LEFT AggregateExec (Partial aggregate whose Final was not replaced)",5.46,2026-10-01 10:55:01,2026-10-01 10:55:05,2026-09-29 00:37:52,30,4.47,4.52,,,alternate,false,,,,,,,,0,,,,,,,
2000000,b8192,gsweep,sum_int_1i32_100k,"sum_int, 1 i32 key(s), 100k groups in the key domain","SELECT k, sum(q) AS s FROM grid GROUP BY k",4.31,,,53.3,,30,,"yes",0.000e0,,,"LEFT AggregateExec (input rows 2000000 (exact) vs min_rows 250000; sum_avg_int over 1 i32 key (memory input): the measured table takes it at no group count and size (results/datafusion_groupby_sweep_2026-09-30.csv)) | LEFT AggregateExec (Partial aggregate whose Final was not replaced)",,0,0.00,0.00,0.00,0.00,0.00,0,100000,1.78,2.83,100,0,,,,,,,4.44,52.6,4.49,"yes",0,0,0,0.0000,0.00,0.00,"LEFT AggregateExec (input rows 2000000 (exact) vs min_rows 250000; sum_avg_int over 1 i32 key (memory input): the measured table takes it at no group count and size (results/datafusion_groupby_sweep_2026-09-30.csv)) | LEFT AggregateExec (Partial aggregate whose Final was not replaced)",4.55,2026-10-01 10:55:01,2026-10-01 10:55:05,2026-09-29 00:37:52,30,4.63,4.74,,,alternate,false,,,,,,,,0,,,,,,,
2000000,b8192,gsweep,avg_f64_2i32_100k,"avg_f64, 2 i32 key(s), 100k groups in the key domain","SELECT k1, k2, avg(x) AS m FROM grid GROUP BY k1, k2",5.55,,,75.0,,30,,"yes",4.441e-16,,,"LEFT AggregateExec (input rows 2000000 (exact) vs min_rows 250000; sum_avg_f64 over 2+ i32 keys (memory input): the measured table takes it at no group count and size (results/datafusion_groupby_sweep_2026-09-30.csv)) | LEFT AggregateExec (Partial aggregate whose Final was not replaced)",,0,0.00,0.00,0.00,0.00,0.00,0,100000,1.78,2.83,100,0,,,,,,,5.68,77.4,5.76,"yes",0,0,0,0.0000,0.00,0.00,"LEFT AggregateExec (input rows 2000000 (exact) vs min_rows 250000; sum_avg_f64 over 2+ i32 keys (memory input): the measured table takes it at no group count and size (results/datafusion_groupby_sweep_2026-09-30.csv)) | LEFT AggregateExec (Partial aggregate whose Final was not replaced)",6.11,2026-10-01 10:55:01,2026-10-01 10:55:05,2026-09-29 00:37:52,30,5.88,5.92,,,alternate,false,,,,,,,,0,,,,,,,
2000000,b8192,gsweep,sum_f64_1i64_100k,"sum_f64, 1 i64 key(s), 100k groups in the key domain","SELECT kl, sum(x) AS s FROM grid GROUP BY kl",4.80,,,59.0,,30,,"yes",6.257e-16,,,"LEFT AggregateExec (input rows 2000000 (exact) vs min_rows 250000; sum_avg_f64 over 1 i64 key (memory input): the measured table takes it at no group count and size (results/datafusion_groupby_sweep_2026-09-30.csv)) | LEFT AggregateExec (Partial aggregate whose Final was not replaced)",,0,0.00,0.00,0.00,0.00,0.00,0,100000,1.78,2.83,100,0,,,,,,,4.56,59.0,5.43,"yes",0,0,0,0.0000,0.00,0.00,"LEFT AggregateExec (input rows 2000000 (exact) vs min_rows 250000; sum_avg_f64 over 1 i64 key (memory input): the measured table takes it at no group count and size (results/datafusion_groupby_sweep_2026-09-30.csv)) | LEFT AggregateExec (Partial aggregate whose Final was not replaced)",5.12,2026-10-01 10:55:01,2026-10-01 10:55:05,2026-09-29 00:37:52,30,5.21,5.21,,,alternate,false,,,,,,,,0,,,,,,,
2000000,b8192,gsweep,avg_int_2i64_100k,"avg_int, 2 i64 key(s), 100k groups in the key domain","SELECT kl1, kl2, avg(q) AS m FROM grid GROUP BY kl1, kl2",6.28,,,85.8,,30,,"yes",0.000e0,,,"LEFT AggregateExec (input rows 2000000 (exact) vs min_rows 250000; sum_avg_int over 2+ i64 keys (memory input): the measured table takes it at no group count and size (results/datafusion_groupby_sweep_2026-09-30.csv)) | LEFT AggregateExec (Partial aggregate whose Final was not replaced)",,0,0.00,0.00,0.00,0.00,0.00,0,100000,1.78,2.83,100,0,,,,,,,6.26,85.4,6.90,"yes",0,0,0,0.0000,0.00,0.00,"LEFT AggregateExec (input rows 2000000 (exact) vs min_rows 250000; sum_avg_int over 2+ i64 keys (memory input): the measured table takes it at no group count and size (results/datafusion_groupby_sweep_2026-09-30.csv)) | LEFT AggregateExec (Partial aggregate whose Final was not replaced)",6.39,2026-10-01 10:55:01,2026-10-01 10:55:05,2026-09-29 00:37:52,30,6.39,6.42,,,alternate,false,,,,,,,,0,,,,,,,
2000000,b8192,gsweep,minmax_int_2i64_100k,"minmax_int, 2 i64 key(s), 100k groups in the key domain","SELECT kl1, kl2, min(q) AS lo, max(q) AS hi FROM grid GROUP BY kl1, kl2",6.95,,,96.8,,30,,"yes",0.000e0,,,"LEFT AggregateExec (input rows 2000000 (exact) vs min_rows 250000; minmax_int over 2+ i64 keys (memory input): the measured table takes no group count at 2M rows (the first take is at 50M rows; results/datafusion_groupby_sweep_2026-09-30.csv)) | LEFT AggregateExec (Partial aggregate whose Final was not replaced)",,0,0.00,0.00,0.00,0.00,0.00,0,100000,1.78,2.83,100,0,,,,,,,6.91,94.7,7.06,"yes",0,0,0,0.0000,0.00,0.00,"LEFT AggregateExec (input rows 2000000 (exact) vs min_rows 250000; minmax_int over 2+ i64 keys (memory input): the measured table takes no group count at 2M rows (the first take is at 50M rows; results/datafusion_groupby_sweep_2026-09-30.csv)) | LEFT AggregateExec (Partial aggregate whose Final was not replaced)",7.10,2026-10-01 10:55:01,2026-10-01 10:55:05,2026-09-29 00:37:52,30,7.17,7.23,,,alternate,false,,,,,,,,0,,,,,,,
2000000,b8192,gsweep,avg_f64_1i32_1M,"avg_f64, 1 i32 key(s), 1M groups in the key domain","SELECT k, avg(x) AS m FROM grid GROUP BY k",5.91,,,79.2,,30,,"yes",3.331e-16,,,"LEFT AggregateExec (input rows 2000000 (exact) vs min_rows 250000; sum_avg_f64 over 1 i32 key (memory input): the measured table takes it at no group count and size (results/datafusion_groupby_sweep_2026-09-30.csv)) | LEFT AggregateExec (Partial aggregate whose Final was not replaced)",,0,0.00,0.00,0.00,0.00,0.00,0,864909,2.69,3.75,100,0,,,,,,,5.86,78.0,5.85,"yes",0,0,0,0.0000,0.00,0.00,"LEFT AggregateExec (input rows 2000000 (exact) vs min_rows 250000; sum_avg_f64 over 1 i32 key (memory input): the measured table takes it at no group count and size (results/datafusion_groupby_sweep_2026-09-30.csv)) | LEFT AggregateExec (Partial aggregate whose Final was not replaced)",6.47,2026-10-01 10:55:09,2026-10-01 10:55:16,2026-09-29 00:37:52,30,6.25,6.25,,,alternate,false,,,,,,,,0,,,,,,,
2000000,b8192,gsweep,sum_int_1i32_1M,"sum_int, 1 i32 key(s), 1M groups in the key domain","SELECT k, sum(q) AS s FROM grid GROUP BY k",5.41,,,72.7,,30,,"yes",0.000e0,,,"LEFT AggregateExec (input rows 2000000 (exact) vs min_rows 250000; sum_avg_int over 1 i32 key (memory input): the measured table takes it at no group count and size (results/datafusion_groupby_sweep_2026-09-30.csv)) | LEFT AggregateExec (Partial aggregate whose Final was not replaced)",,0,0.00,0.00,0.00,0.00,0.00,0,864909,2.69,3.75,100,0,,,,,,,5.16,71.6,5.58,"yes",0,0,0,0.0000,0.00,0.00,"LEFT AggregateExec (input rows 2000000 (exact) vs min_rows 250000; sum_avg_int over 1 i32 key (memory input): the measured table takes it at no group count and size (results/datafusion_groupby_sweep_2026-09-30.csv)) | LEFT AggregateExec (Partial aggregate whose Final was not replaced)",5.97,2026-10-01 10:55:09,2026-10-01 10:55:16,2026-09-29 00:37:52,30,5.73,5.75,,,alternate,false,,,,,,,,0,,,,,,,
2000000,b8192,gsweep,avg_f64_2i32_1M,"avg_f64, 2 i32 key(s), 1M groups in the key domain","SELECT k1, k2, avg(x) AS m FROM grid GROUP BY k1, k2",7.01,,,99.1,,30,,"yes",3.331e-16,,,"LEFT AggregateExec (input rows 2000000 (exact) vs min_rows 250000; sum_avg_f64 over 2+ i32 keys (memory input): the measured table takes it at no group count and size (results/datafusion_groupby_sweep_2026-09-30.csv)) | LEFT AggregateExec (Partial aggregate whose Final was not replaced)",,0,0.00,0.00,0.00,0.00,0.00,0,864755,2.69,3.75,100,0,,,,,,,6.96,96.4,7.77,"yes",0,0,0,0.0000,0.00,0.00,"LEFT AggregateExec (input rows 2000000 (exact) vs min_rows 250000; sum_avg_f64 over 2+ i32 keys (memory input): the measured table takes it at no group count and size (results/datafusion_groupby_sweep_2026-09-30.csv)) | LEFT AggregateExec (Partial aggregate whose Final was not replaced)",7.11,2026-10-01 10:55:09,2026-10-01 10:55:16,2026-09-29 00:37:52,30,7.41,7.46,,,alternate,false,,,,,,,,0,,,,,,,
2000000,b8192,gsweep,minmax_int_2i32_1M,"minmax_int, 2 i32 key(s), 1M groups in the key domain","SELECT k1, k2, min(q) AS lo, max(q) AS hi FROM grid GROUP BY k1, k2",7.77,,,107.9,,30,,"yes",0.000e0,,,"LEFT AggregateExec (input rows 2000000 (exact) vs min_rows 250000; minmax_int over 2+ i32 keys (memory input): the measured table takes no group count at 2M rows (the first take is at 50M rows; results/datafusion_groupby_sweep_2026-09-30.csv)) | LEFT AggregateExec (Partial aggregate whose Final was not replaced)",,0,0.00,0.00,0.00,0.00,0.00,0,864755,2.69,3.75,100,0,,,,,,,7.75,107.3,8.52,"yes",0,0,0,0.0000,0.00,0.00,"LEFT AggregateExec (input rows 2000000 (exact) vs min_rows 250000; minmax_int over 2+ i32 keys (memory input): the measured table takes no group count at 2M rows (the first take is at 50M rows; results/datafusion_groupby_sweep_2026-09-30.csv)) | LEFT AggregateExec (Partial aggregate whose Final was not replaced)",7.76,2026-10-01 10:55:09,2026-10-01 10:55:16,2026-09-29 00:37:52,30,8.30,8.40,,,alternate,false,,,,,,,,0,,,,,,,
2000000,b8192,gsweep,minmax_f64_1i64_1M,"minmax_f64, 1 i64 key(s), 1M groups in the key domain","SELECT kl, min(x) AS lo, max(x) AS hi FROM grid GROUP BY kl",7.41,,,101.6,,30,,"yes",0.000e0,,,"LEFT AggregateExec (input rows 2000000 (exact) vs min_rows 250000; minmax_f64 over 1 i64 key (memory input): the measured table takes it at no group count and size (results/datafusion_groupby_sweep_2026-09-30.csv)) | LEFT AggregateExec (Partial aggregate whose Final was not replaced)",,0,0.00,0.00,0.00,0.00,0.00,0,864909,2.69,3.75,100,0,,,,,,,7.06,97.4,7.85,"yes",0,0,0,0.0000,0.00,0.00,"LEFT AggregateExec (input rows 2000000 (exact) vs min_rows 250000; minmax_f64 over 1 i64 key (memory input): the measured table takes it at no group count and size (results/datafusion_groupby_sweep_2026-09-30.csv)) | LEFT AggregateExec (Partial aggregate whose Final was not replaced)",7.27,2026-10-01 10:55:09,2026-10-01 10:55:16,2026-09-29 00:37:52,30,7.82,7.92,,,alternate,false,,,,,,,,0,,,,,,,
2000000,b8192,gsweep,sum_int_1i64_1M,"sum_int, 1 i64 key(s), 1M groups in the key domain","SELECT kl, sum(q) AS s FROM grid GROUP BY kl",5.92,,,81.0,,30,,"yes",0.000e0,,,"LEFT AggregateExec (input rows 2000000 (exact) vs min_rows 250000; sum_avg_int over 1 i64 key (memory input): the measured table takes it at no group count and size (results/datafusion_groupby_sweep_2026-09-30.csv)) | LEFT AggregateExec (Partial aggregate whose Final was not replaced)",,0,0.00,0.00,0.00,0.00,0.00,0,864909,2.69,3.75,100,0,,,,,,,5.87,79.6,6.75,"yes",0,0,0,0.0000,0.00,0.00,"LEFT AggregateExec (input rows 2000000 (exact) vs min_rows 250000; sum_avg_int over 1 i64 key (memory input): the measured table takes it at no group count and size (results/datafusion_groupby_sweep_2026-09-30.csv)) | LEFT AggregateExec (Partial aggregate whose Final was not replaced)",6.32,2026-10-01 10:55:09,2026-10-01 10:55:16,2026-09-29 00:37:52,30,6.41,6.51,,,alternate,false,,,,,,,,0,,,,,,,
2000000,b8192,gsweep,distinct_1i64_1M,"distinct, 1 i64 key(s), 1M groups in the key domain","SELECT DISTINCT kl FROM grid",5.16,,,70.5,,30,,"yes",0.000e0,,,"LEFT AggregateExec (input rows 2000000 (exact) vs min_rows 250000; distinct over 1 i64 key (memory input): the measured table takes it at no group count and size (results/datafusion_groupby_sweep_2026-09-30.csv)) | LEFT AggregateExec (Partial aggregate whose Final was not replaced)",,0,0.00,0.00,0.00,0.00,0.00,0,864909,2.69,3.75,100,0,,,,,,,5.27,70.9,5.19,"yes",0,0,0,0.0000,0.00,0.00,"LEFT AggregateExec (input rows 2000000 (exact) vs min_rows 250000; distinct over 1 i64 key (memory input): the measured table takes it at no group count and size (results/datafusion_groupby_sweep_2026-09-30.csv)) | LEFT AggregateExec (Partial aggregate whose Final was not replaced)",6.01,2026-10-01 10:55:09,2026-10-01 10:55:16,2026-09-29 00:37:52,30,5.64,5.80,,,alternate,false,,,,,,,,0,,,,,,,
2000000,b8192,gsweep,avg_f64_2i64_1M,"avg_f64, 2 i64 key(s), 1M groups in the key domain","SELECT kl1, kl2, avg(x) AS m FROM grid GROUP BY kl1, kl2",7.82,,,108.3,,30,,"yes",3.331e-16,,,"LEFT AggregateExec (input rows 2000000 (exact) vs min_rows 250000; sum_avg_f64 over 2+ i64 keys (memory input): the measured table takes it at no group count and size (results/datafusion_groupby_sweep_2026-09-30.csv)) | LEFT AggregateExec (Partial aggregate whose Final was not replaced)",,0,0.00,0.00,0.00,0.00,0.00,0,864755,2.69,3.75,100,0,,,,,,,7.98,109.8,8.04,"yes",0,0,0,0.0000,0.00,0.00,"LEFT AggregateExec (input rows 2000000 (exact) vs min_rows 250000; sum_avg_f64 over 2+ i64 keys (memory input): the measured table takes it at no group count and size (results/datafusion_groupby_sweep_2026-09-30.csv)) | LEFT AggregateExec (Partial aggregate whose Final was not replaced)",8.12,2026-10-01 10:55:09,2026-10-01 10:55:16,2026-09-29 00:37:52,30,8.26,8.26,,,alternate,false,,,,,,,,0,,,,,,,
2000000,b8192,gsweep,minmax_f64_2i64_1M,"minmax_f64, 2 i64 key(s), 1M groups in the key domain","SELECT kl1, kl2, min(x) AS lo, max(x) AS hi FROM grid GROUP BY kl1, kl2",8.71,,,124.8,,30,,"yes",0.000e0,,,"LEFT AggregateExec (input rows 2000000 (exact) vs min_rows 250000; minmax_f64 over 2+ i64 keys (memory input): the measured table takes it at no group count and size (results/datafusion_groupby_sweep_2026-09-30.csv)) | LEFT AggregateExec (Partial aggregate whose Final was not replaced)",,0,0.00,0.00,0.00,0.00,0.00,0,864755,2.69,3.75,100,0,,,,,,,8.78,123.6,9.04,"yes",0,0,0,0.0000,0.00,0.00,"LEFT AggregateExec (input rows 2000000 (exact) vs min_rows 250000; minmax_f64 over 2+ i64 keys (memory input): the measured table takes it at no group count and size (results/datafusion_groupby_sweep_2026-09-30.csv)) | LEFT AggregateExec (Partial aggregate whose Final was not replaced)",9.15,2026-10-01 10:55:09,2026-10-01 10:55:16,2026-09-29 00:37:52,30,9.37,9.34,,,alternate,false,,,,,,,,0,,,,,,,
2000000,b8192,gsweep,minmax_int_2i64_1M,"minmax_int, 2 i64 key(s), 1M groups in the key domain","SELECT kl1, kl2, min(q) AS lo, max(q) AS hi FROM grid GROUP BY kl1, kl2",8.66,,,120.3,,30,,"yes",0.000e0,,,"LEFT AggregateExec (input rows 2000000 (exact) vs min_rows 250000; minmax_int over 2+ i64 keys (memory input): the measured table takes no group count at 2M rows (the first take is at 50M rows; results/datafusion_groupby_sweep_2026-09-30.csv)) | LEFT AggregateExec (Partial aggregate whose Final was not replaced)",,0,0.00,0.00,0.00,0.00,0.00,0,864755,2.69,3.75,100,0,,,,,,,8.72,121.5,9.29,"yes",0,0,0,0.0000,0.00,0.00,"LEFT AggregateExec (input rows 2000000 (exact) vs min_rows 250000; minmax_int over 2+ i64 keys (memory input): the measured table takes no group count at 2M rows (the first take is at 50M rows; results/datafusion_groupby_sweep_2026-09-30.csv)) | LEFT AggregateExec (Partial aggregate whose Final was not replaced)",9.29,2026-10-01 10:55:09,2026-10-01 10:55:16,2026-09-29 00:37:52,30,9.04,9.17,,,alternate,false,,,,,,,,0,,,,,,,
2000000,part1,gsweep,count_1i32_200,"count, 1 i32 key(s), 200 groups in the key domain","SELECT k, count(*) AS n FROM grid GROUP BY k",1.12,,,8.9,,30,,"yes",0.000e0,,,"LEFT AggregateExec (input rows 2000000 (exact) vs min_rows 250000; count over 1 i32 key (memory input): the measured table takes it at no group count and size (results/datafusion_groupby_sweep_2026-09-30.csv)) | LEFT AggregateExec (Partial aggregate whose Final was not replaced)",,0,0.00,0.00,0.00,0.00,0.00,0,200,3.11,3.11,100,0,,,,,,,1.14,9.0,1.44,"yes",0,0,0,0.0000,0.00,0.00,"LEFT AggregateExec (input rows 2000000 (exact) vs min_rows 250000; count over 1 i32 key (memory input): the measured table takes it at no group count and size (results/datafusion_groupby_sweep_2026-09-30.csv)) | LEFT AggregateExec (Partial aggregate whose Final was not replaced)",2.56,2026-10-01 10:55:40,2026-10-01 10:55:43,2026-09-29 00:37:52,30,1.15,1.18,,,alternate,false,,,,,,,,0,,,,,,,
2000000,part1,gsweep,sum_f64_1i32_200,"sum_f64, 1 i32 key(s), 200 groups in the key domain","SELECT k, sum(x) AS s FROM grid GROUP BY k",1.09,,,8.3,,30,,"yes",5.458e-16,,,"LEFT AggregateExec (input rows 2000000 (exact) vs min_rows 250000; sum_avg_f64 over 1 i32 key (memory input): the measured table takes it at no group count and size (results/datafusion_groupby_sweep_2026-09-30.csv)) | LEFT AggregateExec (Partial aggregate whose Final was not replaced)",,0,0.00,0.00,0.00,0.00,0.00,0,200,3.11,3.11,100,0,,,,,,,1.10,8.4,1.17,"yes",0,0,0,0.0000,0.00,0.00,"LEFT AggregateExec (input rows 2000000 (exact) vs min_rows 250000; sum_avg_f64 over 1 i32 key (memory input): the measured table takes it at no group count and size (results/datafusion_groupby_sweep_2026-09-30.csv)) | LEFT AggregateExec (Partial aggregate whose Final was not replaced)",1.13,2026-10-01 10:55:40,2026-10-01 10:55:43,2026-09-29 00:37:52,30,1.12,1.14,,,alternate,false,,,,,,,,0,,,,,,,
2000000,part1,gsweep,sum_int_1i32_200,"sum_int, 1 i32 key(s), 200 groups in the key domain","SELECT k, sum(q) AS s FROM grid GROUP BY k",1.08,,,8.5,,30,,"yes",0.000e0,,,"LEFT AggregateExec (input rows 2000000 (exact) vs min_rows 250000; sum_avg_int over 1 i32 key (memory input): the measured table takes it at no group count and size (results/datafusion_groupby_sweep_2026-09-30.csv)) | LEFT AggregateExec (Partial aggregate whose Final was not replaced)",,0,0.00,0.00,0.00,0.00,0.00,0,200,3.11,3.11,100,0,,,,,,,1.11,8.3,1.18,"yes",0,0,0,0.0000,0.00,0.00,"LEFT AggregateExec (input rows 2000000 (exact) vs min_rows 250000; sum_avg_int over 1 i32 key (memory input): the measured table takes it at no group count and size (results/datafusion_groupby_sweep_2026-09-30.csv)) | LEFT AggregateExec (Partial aggregate whose Final was not replaced)",1.11,2026-10-01 10:55:40,2026-10-01 10:55:43,2026-09-29 00:37:52,30,1.13,1.14,,,alternate,false,,,,,,,,0,,,,,,,
2000000,part1,gsweep,avg_int_1i32_200,"avg_int, 1 i32 key(s), 200 groups in the key domain","SELECT k, avg(q) AS m FROM grid GROUP BY k",1.23,,,10.2,,30,,"yes",0.000e0,,,"LEFT AggregateExec (input rows 2000000 (exact) vs min_rows 250000; sum_avg_int over 1 i32 key (memory input): the measured table takes it at no group count and size (results/datafusion_groupby_sweep_2026-09-30.csv)) | LEFT AggregateExec (Partial aggregate whose Final was not replaced)",,0,0.00,0.00,0.00,0.00,0.00,0,200,3.11,3.11,100,0,,,,,,,1.22,10.1,1.25,"yes",0,0,0,0.0000,0.00,0.00,"LEFT AggregateExec (input rows 2000000 (exact) vs min_rows 250000; sum_avg_int over 1 i32 key (memory input): the measured table takes it at no group count and size (results/datafusion_groupby_sweep_2026-09-30.csv)) | LEFT AggregateExec (Partial aggregate whose Final was not replaced)",1.26,2026-10-01 10:55:40,2026-10-01 10:55:43,2026-09-29 00:37:52,30,1.26,1.26,,,alternate,false,,,,,,,,0,,,,,,,
2000000,part1,gsweep,minmax_int_1i32_200,"minmax_int, 1 i32 key(s), 200 groups in the key domain","SELECT k, min(q) AS lo, max(q) AS hi FROM grid GROUP BY k",1.17,,,9.3,,30,,"yes",0.000e0,,,"LEFT AggregateExec (input rows 2000000 (exact) vs min_rows 250000; minmax_int over 1 i32 key (memory input): the measured table takes it at no group count and size (results/datafusion_groupby_sweep_2026-09-30.csv)) | LEFT AggregateExec (Partial aggregate whose Final was not replaced)",,0,0.00,0.00,0.00,0.00,0.00,0,200,3.11,3.11,100,0,,,,,,,1.19,9.3,1.27,"yes",0,0,0,0.0000,0.00,0.00,"LEFT AggregateExec (input rows 2000000 (exact) vs min_rows 250000; minmax_int over 1 i32 key (memory input): the measured table takes it at no group count and size (results/datafusion_groupby_sweep_2026-09-30.csv)) | LEFT AggregateExec (Partial aggregate whose Final was not replaced)",1.24,2026-10-01 10:55:40,2026-10-01 10:55:43,2026-09-29 00:37:52,30,1.23,1.26,,,alternate,false,,,,,,,,0,,,,,,,
2000000,part1,gsweep,sum_f64_2i32_200,"sum_f64, 2 i32 key(s), 200 groups in the key domain","SELECT k1, k2, sum(x) AS s FROM grid GROUP BY k1, k2",2.01,,,19.3,,30,,"yes",3.740e-16,,,"LEFT AggregateExec (input rows 2000000 (exact) vs min_rows 250000; sum_avg_f64 over 2+ i32 keys (memory input): the measured table takes it at no group count and size (results/datafusion_groupby_sweep_2026-09-30.csv)) | LEFT AggregateExec (Partial aggregate whose Final was not replaced)",,0,0.00,0.00,0.00,0.00,0.00,0,200,3.11,3.11,100,0,,,,,,,2.01,19.3,2.07,"yes",0,0,0,0.0000,0.00,0.00,"LEFT AggregateExec (input rows 2000000 (exact) vs min_rows 250000; sum_avg_f64 over 2+ i32 keys (memory input): the measured table takes it at no group count and size (results/datafusion_groupby_sweep_2026-09-30.csv)) | LEFT AggregateExec (Partial aggregate whose Final was not replaced)",2.07,2026-10-01 10:55:40,2026-10-01 10:55:43,2026-09-29 00:37:52,30,2.10,2.10,,,alternate,false,,,,,,,,0,,,,,,,
2000000,part1,gsweep,avg_f64_2i32_200,"avg_f64, 2 i32 key(s), 200 groups in the key domain","SELECT k1, k2, avg(x) AS m FROM grid GROUP BY k1, k2",2.07,,,20.0,,30,,"yes",2.220e-16,,,"LEFT AggregateExec (input rows 2000000 (exact) vs min_rows 250000; sum_avg_f64 over 2+ i32 keys (memory input): the measured table takes it at no group count and size (results/datafusion_groupby_sweep_2026-09-30.csv)) | LEFT AggregateExec (Partial aggregate whose Final was not replaced)",,0,0.00,0.00,0.00,0.00,0.00,0,200,3.11,3.11,100,0,,,,,,,2.04,19.8,2.18,"yes",0,0,0,0.0000,0.00,0.00,"LEFT AggregateExec (input rows 2000000 (exact) vs min_rows 250000; sum_avg_f64 over 2+ i32 keys (memory input): the measured table takes it at no group count and size (results/datafusion_groupby_sweep_2026-09-30.csv)) | LEFT AggregateExec (Partial aggregate whose Final was not replaced)",2.13,2026-10-01 10:55:40,2026-10-01 10:55:43,2026-09-29 00:37:52,30,2.13,2.15,,,alternate,false,,,,,,,,0,,,,,,,
2000000,part1,gsweep,minmax_f64_1i64_200,"minmax_f64, 1 i64 key(s), 200 groups in the key domain","SELECT kl, min(x) AS lo, max(x) AS hi FROM grid GROUP BY kl",1.22,,,9.7,,30,,"yes",0.000e0,,,"LEFT AggregateExec (input rows 2000000 (exact) vs min_rows 250000; minmax_f64 over 1 i64 key (memory input): the measured table takes it at no group count and size (results/datafusion_groupby_sweep_2026-09-30.csv)) | LEFT AggregateExec (Partial aggregate whose Final was not replaced)",,0,0.00,0.00,0.00,0.00,0.00,0,200,3.11,3.11,100,0,,,,,,,1.24,9.9,1.32,"yes",0,0,0,0.0000,0.00,0.00,"LEFT AggregateExec (input rows 2000000 (exact) vs min_rows 250000; minmax_f64 over 1 i64 key (memory input): the measured table takes it at no group count and size (results/datafusion_groupby_sweep_2026-09-30.csv)) | LEFT AggregateExec (Partial aggregate whose Final was not replaced)",1.27,2026-10-01 10:55:40,2026-10-01 10:55:43,2026-09-29 00:37:52,30,1.27,1.28,,,alternate,false,,,,,,,,0,,,,,,,
2000000,part1,gsweep,sum_int_1i64_200,"sum_int, 1 i64 key(s), 200 groups in the key domain","SELECT kl, sum(q) AS s FROM grid GROUP BY kl",1.10,,,8.4,,30,,"yes",0.000e0,,,"LEFT AggregateExec (input rows 2000000 (exact) vs min_rows 250000; sum_avg_int over 1 i64 key (memory input): the measured table takes it at no group count and size (results/datafusion_groupby_sweep_2026-09-30.csv)) | LEFT AggregateExec (Partial aggregate whose Final was not replaced)",,0,0.00,0.00,0.00,0.00,0.00,0,200,3.11,3.11,100,0,,,,,,,1.12,8.4,1.15,"yes",0,0,0,0.0000,0.00,0.00,"LEFT AggregateExec (input rows 2000000 (exact) vs min_rows 250000; sum_avg_int over 1 i64 key (memory input): the measured table takes it at no group count and size (results/datafusion_groupby_sweep_2026-09-30.csv)) | LEFT AggregateExec (Partial aggregate whose Final was not replaced)",1.14,2026-10-01 10:55:40,2026-10-01 10:55:43,2026-09-29 00:37:52,30,1.14,1.15,,,alternate,false,,,,,,,,0,,,,,,,
2000000,part1,gsweep,minmax_f64_1i32_10k,"minmax_f64, 1 i32 key(s), 10k groups in the key domain","SELECT k, min(x) AS lo, max(x) AS hi FROM grid GROUP BY k",2.21,,,23.1,,30,,"yes",0.000e0,,,"LEFT AggregateExec (input rows 2000000 (exact) vs min_rows 250000; minmax_f64 over 1 i32 key (memory input): the measured table takes it at no group count and size (results/datafusion_groupby_sweep_2026-09-30.csv)) | LEFT AggregateExec (Partial aggregate whose Final was not replaced)",,0,0.00,0.00,0.00,0.00,0.00,0,10000,3.11,4.14,100,0,,,,,,,2.24,23.3,2.44,"yes",0,0,0,0.0000,0.00,0.00,"LEFT AggregateExec (input rows 2000000 (exact) vs min_rows 250000; minmax_f64 over 1 i32 key (memory input): the measured table takes it at no group count and size (results/datafusion_groupby_sweep_2026-09-30.csv)) | LEFT AggregateExec (Partial aggregate whose Final was not replaced)",2.38,2026-10-01 10:55:47,2026-10-01 10:55:50,2026-09-29 00:37:52,30,2.29,2.31,,,alternate,false,,,,,,,,0,,,,,,,
2000000,part1,gsweep,sum_f64_2i32_10k,"sum_f64, 2 i32 key(s), 10k groups in the key domain","SELECT k1, k2, sum(x) AS s FROM grid GROUP BY k1, k2",2.57,,,26.1,,30,,"yes",5.983e-16,,,"LEFT AggregateExec (input rows 2000000 (exact) vs min_rows 250000; sum_avg_f64 over 2+ i32 keys (memory input): the measured table takes it at no group count and size (results/datafusion_groupby_sweep_2026-09-30.csv)) | LEFT AggregateExec (Partial aggregate whose Final was not replaced)",,0,0.00,0.00,0.00,0.00,0.00,0,10000,3.11,4.14,100,0,,,,,,,2.58,25.7,2.70,"yes",0,0,0,0.0000,0.00,0.00,"LEFT AggregateExec (input rows 2000000 (exact) vs min_rows 250000; sum_avg_f64 over 2+ i32 keys (memory input): the measured table takes it at no group count and size (results/datafusion_groupby_sweep_2026-09-30.csv)) | LEFT AggregateExec (Partial aggregate whose Final was not replaced)",2.63,2026-10-01 10:55:47,2026-10-01 10:55:50,2026-09-29 00:37:52,30,2.62,2.63,,,alternate,false,,,,,,,,0,,,,,,,
2000000,part1,gsweep,avg_int_2i32_10k,"avg_int, 2 i32 key(s), 10k groups in the key domain","SELECT k1, k2, avg(q) AS m FROM grid GROUP BY k1, k2",2.82,,,29.6,,30,,"yes",0.000e0,,,"LEFT AggregateExec (input rows 2000000 (exact) vs min_rows 250000; sum_avg_int over 2+ i32 keys (memory input): the measured table takes it at no group count and size (results/datafusion_groupby_sweep_2026-09-30.csv)) | LEFT AggregateExec (Partial aggregate whose Final was not replaced)",,0,0.00,0.00,0.00,0.00,0.00,0,10000,3.11,4.14,100,0,,,,,,,2.82,28.7,2.95,"yes",0,0,0,0.0000,0.00,0.00,"LEFT AggregateExec (input rows 2000000 (exact) vs min_rows 250000; sum_avg_int over 2+ i32 keys (memory input): the measured table takes it at no group count and size (results/datafusion_groupby_sweep_2026-09-30.csv)) | LEFT AggregateExec (Partial aggregate whose Final was not replaced)",2.80,2026-10-01 10:55:47,2026-10-01 10:55:50,2026-09-29 00:37:52,30,2.88,2.89,,,alternate,false,,,,,,,,0,,,,,,,
2000000,part1,gsweep,minmax_int_1i64_10k,"minmax_int, 1 i64 key(s), 10k groups in the key domain","SELECT kl, min(q) AS lo, max(q) AS hi FROM grid GROUP BY kl",2.14,,,21.8,,30,,"yes",0.000e0,,,"LEFT AggregateExec (input rows 2000000 (exact) vs min_rows 250000; minmax_int over 1 i64 key (memory input): the measured table takes no group count at 2M rows (the first take is at 50M rows; results/datafusion_groupby_sweep_2026-09-30.csv)) | LEFT AggregateExec (Partial aggregate whose Final was not replaced)",,0,0.00,0.00,0.00,0.00,0.00,0,10000,3.11,4.14,100,0,,,,,,,2.18,22.4,2.24,"yes",0,0,0,0.0000,0.00,0.00,"LEFT AggregateExec (input rows 2000000 (exact) vs min_rows 250000; minmax_int over 1 i64 key (memory input): the measured table takes no group count at 2M rows (the first take is at 50M rows; results/datafusion_groupby_sweep_2026-09-30.csv)) | LEFT AggregateExec (Partial aggregate whose Final was not replaced)",2.17,2026-10-01 10:55:47,2026-10-01 10:55:50,2026-09-29 00:37:52,30,2.21,2.23,,,alternate,false,,,,,,,,0,,,,,,,
2000000,part1,gsweep,count_2i64_10k,"count, 2 i64 key(s), 10k groups in the key domain","SELECT kl1, kl2, count(*) AS n FROM grid GROUP BY kl1, kl2",2.66,,,27.1,,30,,"yes",0.000e0,,,"LEFT AggregateExec (input rows 2000000 (exact) vs min_rows 250000; count over 2+ i64 keys (memory input): the measured table takes it at no group count and size (results/datafusion_groupby_sweep_2026-09-30.csv)) | LEFT AggregateExec (Partial aggregate whose Final was not replaced)",,0,0.00,0.00,0.00,0.00,0.00,0,10000,3.11,4.14,100,0,,,,,,,2.68,27.0,2.80,"yes",0,0,0,0.0000,0.00,0.00,"LEFT AggregateExec (input rows 2000000 (exact) vs min_rows 250000; count over 2+ i64 keys (memory input): the measured table takes it at no group count and size (results/datafusion_groupby_sweep_2026-09-30.csv)) | LEFT AggregateExec (Partial aggregate whose Final was not replaced)",2.71,2026-10-01 10:55:47,2026-10-01 10:55:50,2026-09-29 00:37:52,30,2.73,2.73,,,alternate,false,,,,,,,,0,,,,,,,
2000000,part1,gsweep,sum_f64_2i64_10k,"sum_f64, 2 i64 key(s), 10k groups in the key domain","SELECT kl1, kl2, sum(x) AS s FROM grid GROUP BY kl1, kl2",2.65,,,26.3,,30,,"yes",5.556e-16,,,"LEFT AggregateExec (input rows 2000000 (exact) vs min_rows 250000; sum_avg_f64 over 2+ i64 keys (memory input): the measured table takes it at no group count and size (results/datafusion_groupby_sweep_2026-09-30.csv)) | LEFT AggregateExec (Partial aggregate whose Final was not replaced)",,0,0.00,0.00,0.00,0.00,0.00,0,10000,3.11,4.14,100,0,,,,,,,2.66,26.7,2.75,"yes",0,0,0,0.0000,0.00,0.00,"LEFT AggregateExec (input rows 2000000 (exact) vs min_rows 250000; sum_avg_f64 over 2+ i64 keys (memory input): the measured table takes it at no group count and size (results/datafusion_groupby_sweep_2026-09-30.csv)) | LEFT AggregateExec (Partial aggregate whose Final was not replaced)",2.69,2026-10-01 10:55:47,2026-10-01 10:55:50,2026-09-29 00:37:52,30,2.72,2.73,,,alternate,false,,,,,,,,0,,,,,,,
2000000,part1,gsweep,avg_int_2i64_10k,"avg_int, 2 i64 key(s), 10k groups in the key domain","SELECT kl1, kl2, avg(q) AS m FROM grid GROUP BY kl1, kl2",2.86,,,29.5,,30,,"yes",0.000e0,,,"LEFT AggregateExec (input rows 2000000 (exact) vs min_rows 250000; sum_avg_int over 2+ i64 keys (memory input): the measured table takes it at no group count and size (results/datafusion_groupby_sweep_2026-09-30.csv)) | LEFT AggregateExec (Partial aggregate whose Final was not replaced)",,0,0.00,0.00,0.00,0.00,0.00,0,10000,3.11,4.14,100,0,,,,,,,2.92,29.8,3.01,"yes",0,0,0,0.0000,0.00,0.00,"LEFT AggregateExec (input rows 2000000 (exact) vs min_rows 250000; sum_avg_int over 2+ i64 keys (memory input): the measured table takes it at no group count and size (results/datafusion_groupby_sweep_2026-09-30.csv)) | LEFT AggregateExec (Partial aggregate whose Final was not replaced)",2.89,2026-10-01 10:55:47,2026-10-01 10:55:50,2026-09-29 00:37:52,30,2.95,2.97,,,alternate,false,,,,,,,,0,,,,,,,
2000000,part1,gsweep,avg_f64_1i64_100k,"avg_f64, 1 i64 key(s), 100k groups in the key domain","SELECT kl, avg(x) AS m FROM grid GROUP BY kl",4.63,,,59.8,,30,,"yes",4.441e-16,,,"LEFT AggregateExec (input rows 2000000 (exact) vs min_rows 250000; sum_avg_f64 over 1 i64 key (memory input): the measured table takes it at no group count and size (results/datafusion_groupby_sweep_2026-09-30.csv)) | LEFT AggregateExec (Partial aggregate whose Final was not replaced)",,0,0.00,0.00,0.00,0.00,0.00,0,100000,3.29,3.29,100,0,,,,,,,4.51,57.8,5.48,"yes",0,0,0,0.0000,0.00,0.00,"LEFT AggregateExec (input rows 2000000 (exact) vs min_rows 250000; sum_avg_f64 over 1 i64 key (memory input): the measured table takes it at no group count and size (results/datafusion_groupby_sweep_2026-09-30.csv)) | LEFT AggregateExec (Partial aggregate whose Final was not replaced)",6.49,2026-10-01 10:56:14,2026-10-01 10:56:15,2026-09-29 00:37:52,30,5.11,5.10,,,alternate,false,,,,,,,,0,,,,,,,
2000000,part1,gsweep,sum_int_1i64_100k,"sum_int, 1 i64 key(s), 100k groups in the key domain","SELECT kl, sum(q) AS s FROM grid GROUP BY kl",4.43,,,53.5,,30,,"yes",0.000e0,,,"LEFT AggregateExec (input rows 2000000 (exact) vs min_rows 250000; sum_avg_int over 1 i64 key (memory input): the measured table takes it at no group count and size (results/datafusion_groupby_sweep_2026-09-30.csv)) | LEFT AggregateExec (Partial aggregate whose Final was not replaced)",,0,0.00,0.00,0.00,0.00,0.00,0,100000,3.29,3.29,100,0,,,,,,,4.38,53.3,4.63,"yes",0,0,0,0.0000,0.00,0.00,"LEFT AggregateExec (input rows 2000000 (exact) vs min_rows 250000; sum_avg_int over 1 i64 key (memory input): the measured table takes it at no group count and size (results/datafusion_groupby_sweep_2026-09-30.csv)) | LEFT AggregateExec (Partial aggregate whose Final was not replaced)",4.24,2026-10-01 10:56:14,2026-10-01 10:56:15,2026-09-29 00:37:52,30,4.78,4.81,,,alternate,false,,,,,,,,0,,,,,,,
2000000,part1,gsweep,minmax_int_2i64_100k,"minmax_int, 2 i64 key(s), 100k groups in the key domain","SELECT kl1, kl2, min(q) AS lo, max(q) AS hi FROM grid GROUP BY kl1, kl2",6.26,,,86.7,,30,,"yes",0.000e0,,,"LEFT AggregateExec (input rows 2000000 (exact) vs min_rows 250000; minmax_int over 2+ i64 keys (memory input): the measured table takes no group count at 2M rows (the first take is at 50M rows; results/datafusion_groupby_sweep_2026-09-30.csv)) | LEFT AggregateExec (Partial aggregate whose Final was not replaced)",,0,0.00,0.00,0.00,0.00,0.00,0,100000,3.29,3.29,100,0,,,,,,,6.26,86.9,6.43,"yes",0,0,0,0.0000,0.00,0.00,"LEFT AggregateExec (input rows 2000000 (exact) vs min_rows 250000; minmax_int over 2+ i64 keys (memory input): the measured table takes no group count at 2M rows (the first take is at 50M rows; results/datafusion_groupby_sweep_2026-09-30.csv)) | LEFT AggregateExec (Partial aggregate whose Final was not replaced)",6.11,2026-10-01 10:56:14,2026-10-01 10:56:15,2026-09-29 00:37:52,30,6.40,6.39,,,alternate,false,,,,,,,,0,,,,,,,
2000000,part1,gsweep,minmax_int_2i32_1M,"minmax_int, 2 i32 key(s), 1M groups in the key domain","SELECT k1, k2, min(q) AS lo, max(q) AS hi FROM grid GROUP BY k1, k2",7.35,,,101.8,,30,,"yes",0.000e0,,,"LEFT AggregateExec (input rows 2000000 (exact) vs min_rows 250000; minmax_int over 2+ i32 keys (memory input): the measured table takes no group count at 2M rows (the first take is at 50M rows; results/datafusion_groupby_sweep_2026-09-30.csv)) | LEFT AggregateExec (Partial aggregate whose Final was not replaced)",,0,0.00,0.00,0.00,0.00,0.00,0,864755,3.18,3.18,100,0,,,,,,,7.47,101.7,8.39,"yes",0,0,0,0.0000,0.00,0.00,"LEFT AggregateExec (input rows 2000000 (exact) vs min_rows 250000; minmax_int over 2+ i32 keys (memory input): the measured table takes no group count at 2M rows (the first take is at 50M rows; results/datafusion_groupby_sweep_2026-09-30.csv)) | LEFT AggregateExec (Partial aggregate whose Final was not replaced)",7.98,2026-10-01 10:56:19,2026-10-01 10:56:23,2026-09-29 00:37:52,30,7.73,7.94,,,alternate,false,,,,,,,,0,,,,,,,
2000000,part1,gsweep,count_2i64_1M,"count, 2 i64 key(s), 1M groups in the key domain","SELECT kl1, kl2, count(*) AS n FROM grid GROUP BY kl1, kl2",6.57,,,89.3,,30,,"yes",0.000e0,,,"LEFT AggregateExec (input rows 2000000 (exact) vs min_rows 250000; count over 2+ i64 keys (memory input): the measured table takes it at no group count and size (results/datafusion_groupby_sweep_2026-09-30.csv)) | LEFT AggregateExec (Partial aggregate whose Final was not replaced)",,0,0.00,0.00,0.00,0.00,0.00,0,864755,3.18,3.18,100,0,,,,,,,6.50,90.4,6.72,"yes",0,0,0,0.0000,0.00,0.00,"LEFT AggregateExec (input rows 2000000 (exact) vs min_rows 250000; count over 2+ i64 keys (memory input): the measured table takes it at no group count and size (results/datafusion_groupby_sweep_2026-09-30.csv)) | LEFT AggregateExec (Partial aggregate whose Final was not replaced)",6.71,2026-10-01 10:56:19,2026-10-01 10:56:23,2026-09-29 00:37:52,30,6.79,6.86,,,alternate,false,,,,,,,,0,,,,,,,
2000000,part1,gsweep,sum_f64_2i64_1M,"sum_f64, 2 i64 key(s), 1M groups in the key domain","SELECT kl1, kl2, sum(x) AS s FROM grid GROUP BY kl1, kl2",6.50,,,90.3,,30,,"yes",4.412e-16,,,"LEFT AggregateExec (input rows 2000000 (exact) vs min_rows 250000; sum_avg_f64 over 2+ i64 keys (memory input): the measured table takes it at no group count and size (results/datafusion_groupby_sweep_2026-09-30.csv)) | LEFT AggregateExec (Partial aggregate whose Final was not replaced)",,0,0.00,0.00,0.00,0.00,0.00,0,864755,3.18,3.18,100,0,,,,,,,6.53,89.4,6.90,"yes",0,0,0,0.0000,0.00,0.00,"LEFT AggregateExec (input rows 2000000 (exact) vs min_rows 250000; sum_avg_f64 over 2+ i64 keys (memory input): the measured table takes it at no group count and size (results/datafusion_groupby_sweep_2026-09-30.csv)) | LEFT AggregateExec (Partial aggregate whose Final was not replaced)",6.64,2026-10-01 10:56:19,2026-10-01 10:56:23,2026-09-29 00:37:52,30,6.90,6.87,,,alternate,false,,,,,,,,0,,,,,,,
2000000,part1,gsweep,minmax_f64_2i64_1M,"minmax_f64, 2 i64 key(s), 1M groups in the key domain","SELECT kl1, kl2, min(x) AS lo, max(x) AS hi FROM grid GROUP BY kl1, kl2",8.07,,,112.8,,30,,"yes",0.000e0,,,"LEFT AggregateExec (input rows 2000000 (exact) vs min_rows 250000; minmax_f64 over 2+ i64 keys (memory input): the measured table takes it at no group count and size (results/datafusion_groupby_sweep_2026-09-30.csv)) | LEFT AggregateExec (Partial aggregate whose Final was not replaced)",,0,0.00,0.00,0.00,0.00,0.00,0,864755,3.18,3.18,100,0,,,,,,,8.18,111.7,9.09,"yes",0,0,0,0.0000,0.00,0.00,"LEFT AggregateExec (input rows 2000000 (exact) vs min_rows 250000; minmax_f64 over 2+ i64 keys (memory input): the measured table takes it at no group count and size (results/datafusion_groupby_sweep_2026-09-30.csv)) | LEFT AggregateExec (Partial aggregate whose Final was not replaced)",8.60,2026-10-01 10:56:19,2026-10-01 10:56:23,2026-09-29 00:37:52,30,8.58,8.56,,,alternate,false,,,,,,,,0,,,,,,,
5000000,b8192,gsweep,sum_int_2i32_200,"sum_int, 2 i32 key(s), 200 groups in the key domain","SELECT k1, k2, sum(q) AS s FROM grid GROUP BY k1, k2",4.39,,,46.6,,30,,"yes",0.000e0,,,"LEFT AggregateExec (input rows 5000000 (exact) vs min_rows 250000; sum_avg_int over 2+ i32 keys (memory input): the measured table takes it at no group count and size (results/datafusion_groupby_sweep_2026-09-30.csv)) | LEFT AggregateExec (Partial aggregate whose Final was not replaced)",,0,0.00,0.00,0.00,0.00,0.00,0,200,3.01,3.01,100,0,,,,,,,4.43,46.4,4.76,"yes",0,0,0,0.0000,0.00,0.00,"LEFT AggregateExec (input rows 5000000 (exact) vs min_rows 250000; sum_avg_int over 2+ i32 keys (memory input): the measured table takes it at no group count and size (results/datafusion_groupby_sweep_2026-09-30.csv)) | LEFT AggregateExec (Partial aggregate whose Final was not replaced)",5.19,2026-10-01 10:56:27,2026-10-01 10:56:29,2026-09-29 00:37:52,30,4.59,4.65,,,alternate,false,,,,,,,,0,,,,,,,
5000000,b8192,gsweep,avg_f64_1i64_200,"avg_f64, 1 i64 key(s), 200 groups in the key domain","SELECT kl, avg(x) AS m FROM grid GROUP BY kl",2.23,,,21.1,,30,,"yes",2.220e-16,,,"LEFT AggregateExec (input rows 5000000 (exact) vs min_rows 250000; sum_avg_f64 over 1 i64 key (memory input): the measured table takes it at no group count and size (results/datafusion_groupby_sweep_2026-09-30.csv)) | LEFT AggregateExec (Partial aggregate whose Final was not replaced)",,0,0.00,0.00,0.00,0.00,0.00,0,200,3.01,3.01,100,0,,,,,,,2.24,21.1,2.48,"yes",0,0,0,0.0000,0.00,0.00,"LEFT AggregateExec (input rows 5000000 (exact) vs min_rows 250000; sum_avg_f64 over 1 i64 key (memory input): the measured table takes it at no group count and size (results/datafusion_groupby_sweep_2026-09-30.csv)) | LEFT AggregateExec (Partial aggregate whose Final was not replaced)",2.31,2026-10-01 10:56:27,2026-10-01 10:56:29,2026-09-29 00:37:52,30,2.42,2.44,,,alternate,false,,,,,,,,0,,,,,,,
5000000,b8192,gsweep,avg_int_1i64_200,"avg_int, 1 i64 key(s), 200 groups in the key domain","SELECT kl, avg(q) AS m FROM grid GROUP BY kl",2.47,,,23.5,,30,,"yes",0.000e0,,,"LEFT AggregateExec (input rows 5000000 (exact) vs min_rows 250000; sum_avg_int over 1 i64 key (memory input): the measured table takes it at no group count and size (results/datafusion_groupby_sweep_2026-09-30.csv)) | LEFT AggregateExec (Partial aggregate whose Final was not replaced)",,0,0.00,0.00,0.00,0.00,0.00,0,200,3.01,3.01,100,0,,,,,,,2.48,23.8,2.74,"yes",0,0,0,0.0000,0.00,0.00,"LEFT AggregateExec (input rows 5000000 (exact) vs min_rows 250000; sum_avg_int over 1 i64 key (memory input): the measured table takes it at no group count and size (results/datafusion_groupby_sweep_2026-09-30.csv)) | LEFT AggregateExec (Partial aggregate whose Final was not replaced)",2.68,2026-10-01 10:56:27,2026-10-01 10:56:29,2026-09-29 00:37:52,30,2.60,2.63,,,alternate,false,,,,,,,,0,,,,,,,
5000000,b8192,gsweep,count_2i64_200,"count, 2 i64 key(s), 200 groups in the key domain","SELECT kl1, kl2, count(*) AS n FROM grid GROUP BY kl1, kl2",4.42,,,47.1,,30,,"yes",0.000e0,,,"LEFT AggregateExec (input rows 5000000 (exact) vs min_rows 250000; count over 2+ i64 keys (memory input): the measured table takes it at no group count and size (results/datafusion_groupby_sweep_2026-09-30.csv)) | LEFT AggregateExec (Partial aggregate whose Final was not replaced)",,0,0.00,0.00,0.00,0.00,0.00,0,200,3.01,3.01,100,0,,,,,,,4.46,47.1,4.64,"yes",0,0,0,0.0000,0.00,0.00,"LEFT AggregateExec (input rows 5000000 (exact) vs min_rows 250000; count over 2+ i64 keys (memory input): the measured table takes it at no group count and size (results/datafusion_groupby_sweep_2026-09-30.csv)) | LEFT AggregateExec (Partial aggregate whose Final was not replaced)",4.46,2026-10-01 10:56:27,2026-10-01 10:56:29,2026-09-29 00:37:52,30,4.62,4.60,,,alternate,false,,,,,,,,0,,,,,,,
5000000,b8192,gsweep,sum_f64_2i32_10k,"sum_f64, 2 i32 key(s), 10k groups in the key domain","SELECT k1, k2, sum(x) AS s FROM grid GROUP BY k1, k2",5.05,,,53.7,,30,,"yes",6.133e-16,,,"LEFT AggregateExec (input rows 5000000 (exact) vs min_rows 250000; sum_avg_f64 over 2+ i32 keys (memory input): the measured table takes it at no group count and size (results/datafusion_groupby_sweep_2026-09-30.csv)) | LEFT AggregateExec (Partial aggregate whose Final was not replaced)",,0,0.00,0.00,0.00,0.00,0.00,0,10000,2.85,4.22,100,0,,,,,,,5.12,54.1,5.69,"yes",0,0,0,0.0000,0.00,0.00,"LEFT AggregateExec (input rows 5000000 (exact) vs min_rows 250000; sum_avg_f64 over 2+ i32 keys (memory input): the measured table takes it at no group count and size (results/datafusion_groupby_sweep_2026-09-30.csv)) | LEFT AggregateExec (Partial aggregate whose Final was not replaced)",5.86,2026-10-01 10:56:33,2026-10-01 10:56:34,2026-09-29 00:37:52,30,5.18,5.20,,,alternate,false,,,,,,,,0,,,,,,,
5000000,b8192,gsweep,distinct_2i32_10k,"distinct, 2 i32 key(s), 10k groups in the key domain","SELECT DISTINCT k1, k2 FROM grid",4.57,,,50.0,,30,,"yes",0.000e0,,,"LEFT AggregateExec (input rows 5000000 (exact) vs min_rows 250000; distinct over 2+ i32 keys (memory input): the measured table takes no group count at 5M rows (the first take is at 50M rows; results/datafusion_groupby_sweep_2026-09-30.csv)) | LEFT AggregateExec (Partial aggregate whose Final was not replaced)",,0,0.00,0.00,0.00,0.00,0.00,0,10000,2.85,4.22,100,0,,,,,,,4.55,49.6,4.69,"yes",0,0,0,0.0000,0.00,0.00,"LEFT AggregateExec (input rows 5000000 (exact) vs min_rows 250000; distinct over 2+ i32 keys (memory input): the measured table takes no group count at 5M rows (the first take is at 50M rows; results/datafusion_groupby_sweep_2026-09-30.csv)) | LEFT AggregateExec (Partial aggregate whose Final was not replaced)",4.55,2026-10-01 10:56:33,2026-10-01 10:56:34,2026-09-29 00:37:52,30,4.72,4.73,,,alternate,false,,,,,,,,0,,,,,,,
5000000,b8192,gsweep,sum_f64_2i64_10k,"sum_f64, 2 i64 key(s), 10k groups in the key domain","SELECT kl1, kl2, sum(x) AS s FROM grid GROUP BY kl1, kl2",5.26,,,55.9,,30,,"yes",4.898e-16,,,"LEFT AggregateExec (input rows 5000000 (exact) vs min_rows 250000; sum_avg_f64 over 2+ i64 keys (memory input): the measured table takes it at no group count and size (results/datafusion_groupby_sweep_2026-09-30.csv)) | LEFT AggregateExec (Partial aggregate whose Final was not replaced)",,0,0.00,0.00,0.00,0.00,0.00,0,10000,2.85,4.22,100,0,,,,,,,5.26,56.0,5.43,"yes",0,0,0,0.0000,0.00,0.00,"LEFT AggregateExec (input rows 5000000 (exact) vs min_rows 250000; sum_avg_f64 over 2+ i64 keys (memory input): the measured table takes it at no group count and size (results/datafusion_groupby_sweep_2026-09-30.csv)) | LEFT AggregateExec (Partial aggregate whose Final was not replaced)",5.25,2026-10-01 10:56:33,2026-10-01 10:56:34,2026-09-29 00:37:52,30,5.38,5.37,,,alternate,false,,,,,,,,0,,,,,,,
5000000,b8192,gsweep,sum_f64_1i32_100k,"sum_f64, 1 i32 key(s), 100k groups in the key domain","SELECT k, sum(x) AS s FROM grid GROUP BY k",6.24,,,79.1,,30,,"yes",6.980e-16,,,"LEFT AggregateExec (input rows 5000000 (exact) vs min_rows 250000; sum_avg_f64 over 1 i32 key (memory input): the measured table takes it at no group count and size (results/datafusion_groupby_sweep_2026-09-30.csv)) | LEFT AggregateExec (Partial aggregate whose Final was not replaced)",,0,0.00,0.00,0.00,0.00,0.00,0,100000,3.36,4.45,100,0,,,,,,,6.21,78.3,6.39,"yes",0,0,0,0.0000,0.00,0.00,"LEFT AggregateExec (input rows 5000000 (exact) vs min_rows 250000; sum_avg_f64 over 1 i32 key (memory input): the measured table takes it at no group count and size (results/datafusion_groupby_sweep_2026-09-30.csv)) | LEFT AggregateExec (Partial aggregate whose Final was not replaced)",7.50,2026-10-01 10:56:58,2026-10-01 10:57:03,2026-09-29 00:37:52,30,6.92,6.88,,,alternate,false,,,,,,,,0,,,,,,,
5000000,b8192,gsweep,count_2i32_100k,"count, 2 i32 key(s), 100k groups in the key domain","SELECT k1, k2, count(*) AS n FROM grid GROUP BY k1, k2",8.50,,,112.9,,30,,"yes",0.000e0,,,"LEFT AggregateExec (input rows 5000000 (exact) vs min_rows 250000; count over 2+ i32 keys (memory input): the measured table takes no group count at 5M rows (the first take is at 10M rows; results/datafusion_groupby_sweep_2026-09-30.csv)) | LEFT AggregateExec (Partial aggregate whose Final was not replaced)",,0,0.00,0.00,0.00,0.00,0.00,0,100000,3.36,4.45,100,0,,,,,,,8.53,113.6,9.52,"yes",0,0,0,0.0000,0.00,0.00,"LEFT AggregateExec (input rows 5000000 (exact) vs min_rows 250000; count over 2+ i32 keys (memory input): the measured table takes no group count at 5M rows (the first take is at 10M rows; results/datafusion_groupby_sweep_2026-09-30.csv)) | LEFT AggregateExec (Partial aggregate whose Final was not replaced)",9.24,2026-10-01 10:56:58,2026-10-01 10:57:03,2026-09-29 00:37:52,30,8.89,8.90,,,alternate,false,,,,,,,,0,,,,,,,
5000000,b8192,gsweep,minmax_f64_2i32_100k,"minmax_f64, 2 i32 key(s), 100k groups in the key domain","SELECT k1, k2, min(x) AS lo, max(x) AS hi FROM grid GROUP BY k1, k2",12.27,,,164.6,,30,,"yes",0.000e0,,,"LEFT AggregateExec (input rows 5000000 (exact) vs min_rows 250000; minmax_f64 over 2+ i32 keys (memory input): the measured table takes it at no group count and size (results/datafusion_groupby_sweep_2026-09-30.csv)) | LEFT AggregateExec (Partial aggregate whose Final was not replaced)",,0,0.00,0.00,0.00,0.00,0.00,0,100000,3.36,4.45,100,0,,,,,,,12.36,163.5,12.70,"yes",0,0,0,0.0000,0.00,0.00,"LEFT AggregateExec (input rows 5000000 (exact) vs min_rows 250000; minmax_f64 over 2+ i32 keys (memory input): the measured table takes it at no group count and size (results/datafusion_groupby_sweep_2026-09-30.csv)) | LEFT AggregateExec (Partial aggregate whose Final was not replaced)",12.21,2026-10-01 10:56:58,2026-10-01 10:57:03,2026-09-29 00:37:52,30,12.50,12.76,,,alternate,false,,,,,,,,0,,,,,,,
5000000,b8192,gsweep,minmax_int_1i64_100k,"minmax_int, 1 i64 key(s), 100k groups in the key domain","SELECT kl, min(q) AS lo, max(q) AS hi FROM grid GROUP BY kl",10.49,,,134.0,,30,,"yes",0.000e0,,,"LEFT AggregateExec (input rows 5000000 (exact) vs min_rows 250000; minmax_int over 1 i64 key (memory input): the measured table takes no group count at 5M rows (the first take is at 50M rows; results/datafusion_groupby_sweep_2026-09-30.csv)) | LEFT AggregateExec (Partial aggregate whose Final was not replaced)",,0,0.00,0.00,0.00,0.00,0.00,0,100000,3.36,4.45,100,0,,,,,,,10.38,136.8,10.53,"yes",0,0,0,0.0000,0.00,0.00,"LEFT AggregateExec (input rows 5000000 (exact) vs min_rows 250000; minmax_int over 1 i64 key (memory input): the measured table takes no group count at 5M rows (the first take is at 50M rows; results/datafusion_groupby_sweep_2026-09-30.csv)) | LEFT AggregateExec (Partial aggregate whose Final was not replaced)",10.50,2026-10-01 10:56:58,2026-10-01 10:57:03,2026-09-29 00:37:52,30,11.13,11.00,,,alternate,false,,,,,,,,0,,,,,,,
5000000,b8192,gsweep,sum_f64_2i64_100k,"sum_f64, 2 i64 key(s), 100k groups in the key domain","SELECT kl1, kl2, sum(x) AS s FROM grid GROUP BY kl1, kl2",9.32,,,126.2,,30,,"yes",7.420e-16,,,"LEFT AggregateExec (input rows 5000000 (exact) vs min_rows 250000; sum_avg_f64 over 2+ i64 keys (memory input): the measured table takes it at no group count and size (results/datafusion_groupby_sweep_2026-09-30.csv)) | LEFT AggregateExec (Partial aggregate whose Final was not replaced)",,0,0.00,0.00,0.00,0.00,0.00,0,100000,3.36,4.45,100,0,,,,,,,9.35,126.0,9.45,"yes",0,0,0,0.0000,0.00,0.00,"LEFT AggregateExec (input rows 5000000 (exact) vs min_rows 250000; sum_avg_f64 over 2+ i64 keys (memory input): the measured table takes it at no group count and size (results/datafusion_groupby_sweep_2026-09-30.csv)) | LEFT AggregateExec (Partial aggregate whose Final was not replaced)",9.42,2026-10-01 10:56:58,2026-10-01 10:57:03,2026-09-29 00:37:52,30,9.52,9.51,,,alternate,false,,,,,,,,0,,,,,,,
5000000,b8192,gsweep,distinct_2i64_100k,"distinct, 2 i64 key(s), 100k groups in the key domain","SELECT DISTINCT kl1, kl2 FROM grid",7.91,,,106.7,,30,,"yes",0.000e0,,,"LEFT AggregateExec (input rows 5000000 (exact) vs min_rows 250000; distinct over 2+ i64 keys (memory input): the measured table takes it at no group count and size (results/datafusion_groupby_sweep_2026-09-30.csv)) | LEFT AggregateExec (Partial aggregate whose Final was not replaced)",,0,0.00,0.00,0.00,0.00,0.00,0,100000,3.36,4.45,100,0,,,,,,,7.93,106.2,8.09,"yes",0,0,0,0.0000,0.00,0.00,"LEFT AggregateExec (input rows 5000000 (exact) vs min_rows 250000; distinct over 2+ i64 keys (memory input): the measured table takes it at no group count and size (results/datafusion_groupby_sweep_2026-09-30.csv)) | LEFT AggregateExec (Partial aggregate whose Final was not replaced)",8.18,2026-10-01 10:56:58,2026-10-01 10:57:03,2026-09-29 00:37:52,30,8.08,8.24,,,alternate,false,,,,,,,,0,,,,,,,
5000000,b8192,gsweep,sum_f64_1i32_1M,"sum_f64, 1 i32 key(s), 1M groups in the key domain","SELECT k, sum(x) AS s FROM grid GROUP BY k",8.53,,,119.8,,30,,"yes",5.387e-16,,,"LEFT AggregateExec (input rows 5000000 (exact) vs min_rows 250000; sum_avg_f64 over 1 i32 key (memory input): the measured table takes it at no group count and size (results/datafusion_groupby_sweep_2026-09-30.csv)) | LEFT AggregateExec (Partial aggregate whose Final was not replaced)",,0,0.00,0.00,0.00,0.00,0.00,0,993187,1.18,2.36,100,0,,,,,,,8.59,119.7,9.45,"yes",0,0,0,0.0000,0.00,0.00,"LEFT AggregateExec (input rows 5000000 (exact) vs min_rows 250000; sum_avg_f64 over 1 i32 key (memory input): the measured table takes it at no group count and size (results/datafusion_groupby_sweep_2026-09-30.csv)) | LEFT AggregateExec (Partial aggregate whose Final was not replaced)",10.80,2026-10-01 11:33:30,2026-10-01 11:33:36,2026-09-29 00:37:52,30,8.90,8.94,,,alternate,false,,,,,,,,0,,,,,,,
5000000,b8192,gsweep,avg_int_1i64_1M,"avg_int, 1 i64 key(s), 1M groups in the key domain","SELECT kl, avg(q) AS m FROM grid GROUP BY kl",11.36,,,159.5,,30,,"yes",0.000e0,,,"LEFT AggregateExec (input rows 5000000 (exact) vs min_rows 250000; sum_avg_int over 1 i64 key (memory input): the measured table takes it at no group count and size (results/datafusion_groupby_sweep_2026-09-30.csv)) | LEFT AggregateExec (Partial aggregate whose Final was not replaced)",,0,0.00,0.00,0.00,0.00,0.00,0,993187,1.18,2.36,100,0,,,,,,,11.29,161.8,11.64,"yes",0,0,0,0.0000,0.00,0.00,"LEFT AggregateExec (input rows 5000000 (exact) vs min_rows 250000; sum_avg_int over 1 i64 key (memory input): the measured table takes it at no group count and size (results/datafusion_groupby_sweep_2026-09-30.csv)) | LEFT AggregateExec (Partial aggregate whose Final was not replaced)",12.15,2026-10-01 11:33:30,2026-10-01 11:33:36,2026-09-29 00:37:52,30,11.64,11.70,,,alternate,false,,,,,,,,0,,,,,,,
5000000,b8192,gsweep,sum_f64_2i64_1M,"sum_f64, 2 i64 key(s), 1M groups in the key domain","SELECT kl1, kl2, sum(x) AS s FROM grid GROUP BY kl1, kl2",12.00,,,172.6,,30,,"yes",5.801e-16,,,"LEFT AggregateExec (input rows 5000000 (exact) vs min_rows 250000; sum_avg_f64 over 2+ i64 keys (memory input): the measured table takes it at no group count and size (results/datafusion_groupby_sweep_2026-09-30.csv)) | LEFT AggregateExec (Partial aggregate whose Final was not replaced)",,0,0.00,0.00,0.00,0.00,0.00,0,993244,1.18,2.36,100,0,,,,,,,12.11,173.7,12.75,"yes",0,0,0,0.0000,0.00,0.00,"LEFT AggregateExec (input rows 5000000 (exact) vs min_rows 250000; sum_avg_f64 over 2+ i64 keys (memory input): the measured table takes it at no group count and size (results/datafusion_groupby_sweep_2026-09-30.csv)) | LEFT AggregateExec (Partial aggregate whose Final was not replaced)",12.45,2026-10-01 11:33:30,2026-10-01 11:33:36,2026-09-29 00:37:52,30,12.43,12.55,,,alternate,false,,,,,,,,0,,,,,,,
5000000,b8192,gsweep,minmax_f64_2i64_1M,"minmax_f64, 2 i64 key(s), 1M groups in the key domain","SELECT kl1, kl2, min(x) AS lo, max(x) AS hi FROM grid GROUP BY kl1, kl2",15.67,,,224.6,,30,,"yes",0.000e0,,,"LEFT AggregateExec (input rows 5000000 (exact) vs min_rows 250000; minmax_f64 over 2+ i64 keys (memory input): the measured table takes it at no group count and size (results/datafusion_groupby_sweep_2026-09-30.csv)) | LEFT AggregateExec (Partial aggregate whose Final was not replaced)",,0,0.00,0.00,0.00,0.00,0.00,0,993244,1.18,2.36,100,0,,,,,,,15.57,223.3,16.31,"yes",0,0,0,0.0000,0.00,0.00,"LEFT AggregateExec (input rows 5000000 (exact) vs min_rows 250000; minmax_f64 over 2+ i64 keys (memory input): the measured table takes it at no group count and size (results/datafusion_groupby_sweep_2026-09-30.csv)) | LEFT AggregateExec (Partial aggregate whose Final was not replaced)",16.08,2026-10-01 11:33:30,2026-10-01 11:33:36,2026-09-29 00:37:52,30,15.93,16.00,,,alternate,false,,,,,,,,0,,,,,,,
5000000,b8192,gsweep,minmax_int_2i64_1M,"minmax_int, 2 i64 key(s), 1M groups in the key domain","SELECT kl1, kl2, min(q) AS lo, max(q) AS hi FROM grid GROUP BY kl1, kl2",15.50,,,214.3,,30,,"yes",0.000e0,,,"LEFT AggregateExec (input rows 5000000 (exact) vs min_rows 250000; minmax_int over 2+ i64 keys (memory input): the measured table takes no group count at 5M rows (the first take is at 50M rows; results/datafusion_groupby_sweep_2026-09-30.csv)) | LEFT AggregateExec (Partial aggregate whose Final was not replaced)",,0,0.00,0.00,0.00,0.00,0.00,0,993244,1.18,2.36,100,0,,,,,,,15.39,220.4,16.20,"yes",0,0,0,0.0000,0.00,0.00,"LEFT AggregateExec (input rows 5000000 (exact) vs min_rows 250000; minmax_int over 2+ i64 keys (memory input): the measured table takes no group count at 5M rows (the first take is at 50M rows; results/datafusion_groupby_sweep_2026-09-30.csv)) | LEFT AggregateExec (Partial aggregate whose Final was not replaced)",15.54,2026-10-01 11:33:30,2026-10-01 11:33:36,2026-09-29 00:37:52,30,15.80,15.74,,,alternate,false,,,,,,,,0,,,,,,,
5000000,b8192,gsweep,sum_int_1i32_R2,"sum_int, 1 i32 key(s), R2 groups in the key domain","SELECT k, sum(q) AS s FROM grid GROUP BY k",10.98,,,153.5,,30,,"yes",0.000e0,,,"LEFT AggregateExec (input rows 5000000 (exact) vs min_rows 250000; sum_avg_int over 1 i32 key (memory input): the measured table takes it at no group count and size (results/datafusion_groupby_sweep_2026-09-30.csv)) | LEFT AggregateExec (Partial aggregate whose Final was not replaced)",,0,0.00,0.00,0.00,0.00,0.00,0,2161856,2.26,2.30,100,0,,,,,,,10.88,153.9,12.52,"yes",0,0,0,0.0000,0.00,0.00,"LEFT AggregateExec (input rows 5000000 (exact) vs min_rows 250000; sum_avg_int over 1 i32 key (memory input): the measured table takes it at no group count and size (results/datafusion_groupby_sweep_2026-09-30.csv)) | LEFT AggregateExec (Partial aggregate whose Final was not replaced)",13.20,2026-10-01 11:33:40,2026-10-01 11:33:49,2026-09-29 00:37:52,30,11.60,11.63,,,alternate,false,,,,,,,,0,,,,,,,
5000000,b8192,gsweep,minmax_int_1i32_R2,"minmax_int, 1 i32 key(s), R2 groups in the key domain","SELECT k, min(q) AS lo, max(q) AS hi FROM grid GROUP BY k",14.69,,,209.8,,30,,"yes",0.000e0,,,"LEFT AggregateExec (input rows 5000000 (exact) vs min_rows 250000; minmax_int over 1 i32 key (memory input): the measured table takes it at no group count and size (results/datafusion_groupby_sweep_2026-09-30.csv)) | LEFT AggregateExec (Partial aggregate whose Final was not replaced)",,0,0.00,0.00,0.00,0.00,0.00,0,2161856,2.26,2.30,100,0,,,,,,,14.57,208.8,16.21,"yes",0,0,0,0.0000,0.00,0.00,"LEFT AggregateExec (input rows 5000000 (exact) vs min_rows 250000; minmax_int over 1 i32 key (memory input): the measured table takes it at no group count and size (results/datafusion_groupby_sweep_2026-09-30.csv)) | LEFT AggregateExec (Partial aggregate whose Final was not replaced)",15.01,2026-10-01 11:33:40,2026-10-01 11:33:49,2026-09-29 00:37:52,30,15.22,15.14,,,alternate,false,,,,,,,,0,,,,,,,
5000000,b8192,gsweep,sum_f64_2i32_R2,"sum_f64, 2 i32 key(s), R2 groups in the key domain","SELECT k1, k2, sum(x) AS s FROM grid GROUP BY k1, k2",13.39,,,191.3,,30,,"yes",4.434e-16,,,"LEFT AggregateExec (input rows 5000000 (exact) vs min_rows 250000; sum_avg_f64 over 2+ i32 keys (memory input): the measured table takes it at no group count and size (results/datafusion_groupby_sweep_2026-09-30.csv)) | LEFT AggregateExec (Partial aggregate whose Final was not replaced)",,0,0.00,0.00,0.00,0.00,0.00,0,2161178,2.26,2.30,100,0,,,,,,,13.37,191.5,13.75,"yes",0,0,0,0.0000,0.00,0.00,"LEFT AggregateExec (input rows 5000000 (exact) vs min_rows 250000; sum_avg_f64 over 2+ i32 keys (memory input): the measured table takes it at no group count and size (results/datafusion_groupby_sweep_2026-09-30.csv)) | LEFT AggregateExec (Partial aggregate whose Final was not replaced)",14.93,2026-10-01 11:33:40,2026-10-01 11:33:49,2026-09-29 00:37:52,30,14.03,13.80,,,alternate,false,,,,,,,,0,,,,,,,
5000000,b8192,gsweep,minmax_f64_2i32_R2,"minmax_f64, 2 i32 key(s), R2 groups in the key domain","SELECT k1, k2, min(x) AS lo, max(x) AS hi FROM grid GROUP BY k1, k2",17.53,,,253.0,,30,,"yes",0.000e0,,,"LEFT AggregateExec (input rows 5000000 (exact) vs min_rows 250000; minmax_f64 over 2+ i32 keys (memory input): the measured table takes it at no group count and size (results/datafusion_groupby_sweep_2026-09-30.csv)) | LEFT AggregateExec (Partial aggregate whose Final was not replaced)",,0,0.00,0.00,0.00,0.00,0.00,0,2161178,2.26,2.30,100,0,,,,,,,17.54,254.8,19.09,"yes",0,0,0,0.0000,0.00,0.00,"LEFT AggregateExec (input rows 5000000 (exact) vs min_rows 250000; minmax_f64 over 2+ i32 keys (memory input): the measured table takes it at no group count and size (results/datafusion_groupby_sweep_2026-09-30.csv)) | LEFT AggregateExec (Partial aggregate whose Final was not replaced)",18.07,2026-10-01 11:33:40,2026-10-01 11:33:49,2026-09-29 00:37:52,30,18.47,18.37,,,alternate,false,,,,,,,,0,,,,,,,
5000000,b8192,gsweep,minmax_f64_2i64_R2,"minmax_f64, 2 i64 key(s), R2 groups in the key domain","SELECT kl1, kl2, min(x) AS lo, max(x) AS hi FROM grid GROUP BY kl1, kl2",19.58,,,282.1,,30,,"yes",0.000e0,,,"LEFT AggregateExec (input rows 5000000 (exact) vs min_rows 250000; minmax_f64 over 2+ i64 keys (memory input): the measured table takes it at no group count and size (results/datafusion_groupby_sweep_2026-09-30.csv)) | LEFT AggregateExec (Partial aggregate whose Final was not replaced)",,0,0.00,0.00,0.00,0.00,0.00,0,2161178,2.26,2.30,100,0,,,,,,,19.08,281.8,20.93,"yes",0,0,0,0.0000,0.00,0.00,"LEFT AggregateExec (input rows 5000000 (exact) vs min_rows 250000; minmax_f64 over 2+ i64 keys (memory input): the measured table takes it at no group count and size (results/datafusion_groupby_sweep_2026-09-30.csv)) | LEFT AggregateExec (Partial aggregate whose Final was not replaced)",19.81,2026-10-01 11:33:40,2026-10-01 11:33:49,2026-09-29 00:37:52,30,20.35,20.26,,,alternate,false,,,,,,,,0,,,,,,,
5000000,b8192,gsweep,distinct_2i64_R2,"distinct, 2 i64 key(s), R2 groups in the key domain","SELECT DISTINCT kl1, kl2 FROM grid",12.82,,,182.9,,30,,"yes",0.000e0,,,"LEFT AggregateExec (input rows 5000000 (exact) vs min_rows 250000; distinct over 2+ i64 keys (memory input): the measured table takes it at no group count and size (results/datafusion_groupby_sweep_2026-09-30.csv)) | LEFT AggregateExec (Partial aggregate whose Final was not replaced)",,0,0.00,0.00,0.00,0.00,0.00,0,2161178,2.26,2.30,100,0,,,,,,,12.58,183.7,13.57,"yes",0,0,0,0.0000,0.00,0.00,"LEFT AggregateExec (input rows 5000000 (exact) vs min_rows 250000; distinct over 2+ i64 keys (memory input): the measured table takes it at no group count and size (results/datafusion_groupby_sweep_2026-09-30.csv)) | LEFT AggregateExec (Partial aggregate whose Final was not replaced)",13.49,2026-10-01 11:33:40,2026-10-01 11:33:49,2026-09-29 00:37:52,30,13.60,13.51,,,alternate,false,,,,,,,,0,,,,,,,
5000000,part1,gsweep,avg_f64_1i32_200,"avg_f64, 1 i32 key(s), 200 groups in the key domain","SELECT k, avg(x) AS m FROM grid GROUP BY k",2.25,,,20.7,,30,,"yes",2.220e-16,,,"LEFT AggregateExec (input rows 5000000 (exact) vs min_rows 250000; sum_avg_f64 over 1 i32 key (memory input): the measured table takes it at no group count and size (results/datafusion_groupby_sweep_2026-09-30.csv)) | LEFT AggregateExec (Partial aggregate whose Final was not replaced)",,0,0.00,0.00,0.00,0.00,0.00,0,200,2.13,3.32,100,0,,,,,,,2.31,20.4,2.73,"yes",0,0,0,0.0000,0.00,0.00,"LEFT AggregateExec (input rows 5000000 (exact) vs min_rows 250000; sum_avg_f64 over 1 i32 key (memory input): the measured table takes it at no group count and size (results/datafusion_groupby_sweep_2026-09-30.csv)) | LEFT AggregateExec (Partial aggregate whose Final was not replaced)",3.41,2026-10-01 11:34:43,2026-10-01 11:34:46,2026-09-29 00:37:52,30,2.47,2.51,,,alternate,false,,,,,,,,0,,,,,,,
5000000,part1,gsweep,minmax_int_1i32_200,"minmax_int, 1 i32 key(s), 200 groups in the key domain","SELECT k, min(q) AS lo, max(q) AS hi FROM grid GROUP BY k",2.31,,,21.2,,30,,"yes",0.000e0,,,"LEFT AggregateExec (input rows 5000000 (exact) vs min_rows 250000; minmax_int over 1 i32 key (memory input): the measured table takes it at no group count and size (results/datafusion_groupby_sweep_2026-09-30.csv)) | LEFT AggregateExec (Partial aggregate whose Final was not replaced)",,0,0.00,0.00,0.00,0.00,0.00,0,200,2.13,3.32,100,0,,,,,,,2.35,21.3,2.32,"yes",0,0,0,0.0000,0.00,0.00,"LEFT AggregateExec (input rows 5000000 (exact) vs min_rows 250000; minmax_int over 1 i32 key (memory input): the measured table takes it at no group count and size (results/datafusion_groupby_sweep_2026-09-30.csv)) | LEFT AggregateExec (Partial aggregate whose Final was not replaced)",2.24,2026-10-01 11:34:43,2026-10-01 11:34:46,2026-09-29 00:37:52,30,2.66,2.65,,,alternate,false,,,,,,,,0,,,,,,,
5000000,part1,gsweep,distinct_1i32_200,"distinct, 1 i32 key(s), 200 groups in the key domain","SELECT DISTINCT k FROM grid",1.78,,,16.8,,30,,"yes",0.000e0,,,"LEFT AggregateExec (input rows 5000000 (exact) vs min_rows 250000; distinct over 1 i32 key (memory input): the measured table takes it at no group count and size (results/datafusion_groupby_sweep_2026-09-30.csv)) | LEFT AggregateExec (Partial aggregate whose Final was not replaced)",,0,0.00,0.00,0.00,0.00,0.00,0,200,2.13,3.32,100,0,,,,,,,1.77,16.5,2.08,"yes",0,0,0,0.0000,0.00,0.00,"LEFT AggregateExec (input rows 5000000 (exact) vs min_rows 250000; distinct over 1 i32 key (memory input): the measured table takes it at no group count and size (results/datafusion_groupby_sweep_2026-09-30.csv)) | LEFT AggregateExec (Partial aggregate whose Final was not replaced)",1.98,2026-10-01 11:34:43,2026-10-01 11:34:46,2026-09-29 00:37:52,30,1.98,1.99,,,alternate,false,,,,,,,,0,,,,,,,
5000000,part1,gsweep,minmax_f64_2i32_200,"minmax_f64, 2 i32 key(s), 200 groups in the key domain","SELECT k1, k2, min(x) AS lo, max(x) AS hi FROM grid GROUP BY k1, k2",4.58,,,48.1,,30,,"yes",0.000e0,,,"LEFT AggregateExec (input rows 5000000 (exact) vs min_rows 250000; minmax_f64 over 2+ i32 keys (memory input): the measured table takes it at no group count and size (results/datafusion_groupby_sweep_2026-09-30.csv)) | LEFT AggregateExec (Partial aggregate whose Final was not replaced)",,0,0.00,0.00,0.00,0.00,0.00,0,200,2.13,3.32,100,0,,,,,,,4.63,48.6,6.00,"yes",0,0,0,0.0000,0.00,0.00,"LEFT AggregateExec (input rows 5000000 (exact) vs min_rows 250000; minmax_f64 over 2+ i32 keys (memory input): the measured table takes it at no group count and size (results/datafusion_groupby_sweep_2026-09-30.csv)) | LEFT AggregateExec (Partial aggregate whose Final was not replaced)",5.31,2026-10-01 11:34:43,2026-10-01 11:34:46,2026-09-29 00:37:52,30,5.81,5.84,,,alternate,false,,,,,,,,0,,,,,,,
5000000,part1,gsweep,avg_f64_1i64_200,"avg_f64, 1 i64 key(s), 200 groups in the key domain","SELECT kl, avg(x) AS m FROM grid GROUP BY kl",2.10,,,20.8,,30,,"yes",2.220e-16,,,"LEFT AggregateExec (input rows 5000000 (exact) vs min_rows 250000; sum_avg_f64 over 1 i64 key (memory input): the measured table takes it at no group count and size (results/datafusion_groupby_sweep_2026-09-30.csv)) | LEFT AggregateExec (Partial aggregate whose Final was not replaced)",,0,0.00,0.00,0.00,0.00,0.00,0,200,2.13,3.32,100,0,,,,,,,2.17,20.6,2.71,"yes",0,0,0,0.0000,0.00,0.00,"LEFT AggregateExec (input rows 5000000 (exact) vs min_rows 250000; sum_avg_f64 over 1 i64 key (memory input): the measured table takes it at no group count and size (results/datafusion_groupby_sweep_2026-09-30.csv)) | LEFT AggregateExec (Partial aggregate whose Final was not replaced)",2.54,2026-10-01 11:34:43,2026-10-01 11:34:46,2026-09-29 00:37:52,30,2.24,2.26,,,alternate,false,,,,,,,,0,,,,,,,
5000000,part1,gsweep,avg_int_1i64_200,"avg_int, 1 i64 key(s), 200 groups in the key domain","SELECT kl, avg(q) AS m FROM grid GROUP BY kl",2.39,,,23.4,,30,,"yes",0.000e0,,,"LEFT AggregateExec (input rows 5000000 (exact) vs min_rows 250000; sum_avg_int over 1 i64 key (memory input): the measured table takes it at no group count and size (results/datafusion_groupby_sweep_2026-09-30.csv)) | LEFT AggregateExec (Partial aggregate whose Final was not replaced)",,0,0.00,0.00,0.00,0.00,0.00,0,200,2.13,3.32,100,0,,,,,,,2.39,23.4,2.48,"yes",0,0,0,0.0000,0.00,0.00,"LEFT AggregateExec (input rows 5000000 (exact) vs min_rows 250000; sum_avg_int over 1 i64 key (memory input): the measured table takes it at no group count and size (results/datafusion_groupby_sweep_2026-09-30.csv)) | LEFT AggregateExec (Partial aggregate whose Final was not replaced)",2.38,2026-10-01 11:34:43,2026-10-01 11:34:46,2026-09-29 00:37:52,30,2.48,2.51,,,alternate,false,,,,,,,,0,,,,,,,
5000000,part1,gsweep,minmax_f64_2i64_200,"minmax_f64, 2 i64 key(s), 200 groups in the key domain","SELECT kl1, kl2, min(x) AS lo, max(x) AS hi FROM grid GROUP BY kl1, kl2",4.55,,,48.6,,30,,"yes",0.000e0,,,"LEFT AggregateExec (input rows 5000000 (exact) vs min_rows 250000; minmax_f64 over 2+ i64 keys (memory input): the measured table takes it at no group count and size (results/datafusion_groupby_sweep_2026-09-30.csv)) | LEFT AggregateExec (Partial aggregate whose Final was not replaced)",,0,0.00,0.00,0.00,0.00,0.00,0,200,2.13,3.32,100,0,,,,,,,4.54,49.1,4.75,"yes",0,0,0,0.0000,0.00,0.00,"LEFT AggregateExec (input rows 5000000 (exact) vs min_rows 250000; minmax_f64 over 2+ i64 keys (memory input): the measured table takes it at no group count and size (results/datafusion_groupby_sweep_2026-09-30.csv)) | LEFT AggregateExec (Partial aggregate whose Final was not replaced)",4.82,2026-10-01 11:34:43,2026-10-01 11:34:46,2026-09-29 00:37:52,30,4.67,4.65,,,alternate,false,,,,,,,,0,,,,,,,
5000000,part1,gsweep,distinct_1i32_10k,"distinct, 1 i32 key(s), 10k groups in the key domain","SELECT DISTINCT k FROM grid",2.11,,,21.6,,30,,"yes",0.000e0,,,"LEFT AggregateExec (input rows 5000000 (exact) vs min_rows 250000; distinct over 1 i32 key (memory input): the measured table takes it at no group count and size (results/datafusion_groupby_sweep_2026-09-30.csv)) | LEFT AggregateExec (Partial aggregate whose Final was not replaced)",,0,0.00,0.00,0.00,0.00,0.00,0,10000,3.13,4.16,100,0,,,,,,,2.11,21.5,2.28,"yes",0,0,0,0.0000,0.00,0.00,"LEFT AggregateExec (input rows 5000000 (exact) vs min_rows 250000; distinct over 1 i32 key (memory input): the measured table takes it at no group count and size (results/datafusion_groupby_sweep_2026-09-30.csv)) | LEFT AggregateExec (Partial aggregate whose Final was not replaced)",2.30,2026-10-01 11:34:50,2026-10-01 11:34:54,2026-09-29 00:37:52,30,2.16,2.18,,,alternate,false,,,,,,,,0,,,,,,,
5000000,part1,gsweep,count_2i32_10k,"count, 2 i32 key(s), 10k groups in the key domain","SELECT k1, k2, count(*) AS n FROM grid GROUP BY k1, k2",4.95,,,53.9,,30,,"yes",0.000e0,,,"LEFT AggregateExec (input rows 5000000 (exact) vs min_rows 250000; count over 2+ i32 keys (memory input): the measured table takes no group count at 5M rows (the first take is at 10M rows; results/datafusion_groupby_sweep_2026-09-30.csv)) | LEFT AggregateExec (Partial aggregate whose Final was not replaced)",,0,0.00,0.00,0.00,0.00,0.00,0,10000,3.13,4.16,100,0,,,,,,,4.94,54.2,5.13,"yes",0,0,0,0.0000,0.00,0.00,"LEFT AggregateExec (input rows 5000000 (exact) vs min_rows 250000; count over 2+ i32 keys (memory input): the measured table takes no group count at 5M rows (the first take is at 10M rows; results/datafusion_groupby_sweep_2026-09-30.csv)) | LEFT AggregateExec (Partial aggregate whose Final was not replaced)",5.00,2026-10-01 11:34:50,2026-10-01 11:34:54,2026-09-29 00:37:52,30,5.07,5.10,,,alternate,false,,,,,,,,0,,,,,,,
5000000,part1,gsweep,sum_int_2i32_10k,"sum_int, 2 i32 key(s), 10k groups in the key domain","SELECT k1, k2, sum(q) AS s FROM grid GROUP BY k1, k2",4.91,,,53.0,,30,,"yes",0.000e0,,,"LEFT AggregateExec (input rows 5000000 (exact) vs min_rows 250000; sum_avg_int over 2+ i32 keys (memory input): the measured table takes it at no group count and size (results/datafusion_groupby_sweep_2026-09-30.csv)) | LEFT AggregateExec (Partial aggregate whose Final was not replaced)",,0,0.00,0.00,0.00,0.00,0.00,0,10000,3.13,4.16,100,0,,,,,,,4.95,52.7,5.20,"yes",0,0,0,0.0000,0.00,0.00,"LEFT AggregateExec (input rows 5000000 (exact) vs min_rows 250000; sum_avg_int over 2+ i32 keys (memory input): the measured table takes it at no group count and size (results/datafusion_groupby_sweep_2026-09-30.csv)) | LEFT AggregateExec (Partial aggregate whose Final was not replaced)",5.32,2026-10-01 11:34:50,2026-10-01 11:34:54,2026-09-29 00:37:52,30,5.01,5.03,,,alternate,false,,,,,,,,0,,,,,,,
5000000,part1,gsweep,avg_int_2i32_10k,"avg_int, 2 i32 key(s), 10k groups in the key domain","SELECT k1, k2, avg(q) AS m FROM grid GROUP BY k1, k2",5.48,,,60.9,,30,,"yes",0.000e0,,,"LEFT AggregateExec (input rows 5000000 (exact) vs min_rows 250000; sum_avg_int over 2+ i32 keys (memory input): the measured table takes it at no group count and size (results/datafusion_groupby_sweep_2026-09-30.csv)) | LEFT AggregateExec (Partial aggregate whose Final was not replaced)",,0,0.00,0.00,0.00,0.00,0.00,0,10000,3.13,4.16,100,0,,,,,,,5.53,60.9,5.69,"yes",0,0,0,0.0000,0.00,0.00,"LEFT AggregateExec (input rows 5000000 (exact) vs min_rows 250000; sum_avg_int over 2+ i32 keys (memory input): the measured table takes it at no group count and size (results/datafusion_groupby_sweep_2026-09-30.csv)) | LEFT AggregateExec (Partial aggregate whose Final was not replaced)",5.55,2026-10-01 11:34:50,2026-10-01 11:34:54,2026-09-29 00:37:52,30,5.60,5.61,,,alternate,false,,,,,,,,0,,,,,,,
5000000,part1,gsweep,minmax_int_2i32_10k,"minmax_int, 2 i32 key(s), 10k groups in the key domain","SELECT k1, k2, min(q) AS lo, max(q) AS hi FROM grid GROUP BY k1, k2",5.77,,,64.2,,30,,"yes",0.000e0,,,"LEFT AggregateExec (input rows 5000000 (exact) vs min_rows 250000; minmax_int over 2+ i32 keys (memory input): the measured table takes no group count at 5M rows (the first take is at 50M rows; results/datafusion_groupby_sweep_2026-09-30.csv)) | LEFT AggregateExec (Partial aggregate whose Final was not replaced)",,0,0.00,0.00,0.00,0.00,0.00,0,10000,3.13,4.16,100,0,,,,,,,5.77,63.8,5.96,"yes",0,0,0,0.0000,0.00,0.00,"LEFT AggregateExec (input rows 5000000 (exact) vs min_rows 250000; minmax_int over 2+ i32 keys (memory input): the measured table takes no group count at 5M rows (the first take is at 50M rows; results/datafusion_groupby_sweep_2026-09-30.csv)) | LEFT AggregateExec (Partial aggregate whose Final was not replaced)",5.75,2026-10-01 11:34:50,2026-10-01 11:34:54,2026-09-29 00:37:52,30,5.85,5.88,,,alternate,false,,,,,,,,0,,,,,,,
5000000,part1,gsweep,distinct_2i32_10k,"distinct, 2 i32 key(s), 10k groups in the key domain","SELECT DISTINCT k1, k2 FROM grid",4.45,,,49.7,,30,,"yes",0.000e0,,,"LEFT AggregateExec (input rows 5000000 (exact) vs min_rows 250000; distinct over 2+ i32 keys (memory input): the measured table takes no group count at 5M rows (the first take is at 50M rows; results/datafusion_groupby_sweep_2026-09-30.csv)) | LEFT AggregateExec (Partial aggregate whose Final was not replaced)",,0,0.00,0.00,0.00,0.00,0.00,0,10000,3.13,4.16,100,0,,,,,,,4.45,49.1,4.50,"yes",0,0,0,0.0000,0.00,0.00,"LEFT AggregateExec (input rows 5000000 (exact) vs min_rows 250000; distinct over 2+ i32 keys (memory input): the measured table takes no group count at 5M rows (the first take is at 50M rows; results/datafusion_groupby_sweep_2026-09-30.csv)) | LEFT AggregateExec (Partial aggregate whose Final was not replaced)",4.58,2026-10-01 11:34:50,2026-10-01 11:34:54,2026-09-29 00:37:52,30,4.52,4.53,,,alternate,false,,,,,,,,0,,,,,,,
5000000,part1,gsweep,avg_int_1i64_10k,"avg_int, 1 i64 key(s), 10k groups in the key domain","SELECT kl, avg(q) AS m FROM grid GROUP BY kl",3.30,,,34.7,,30,,"yes",0.000e0,,,"LEFT AggregateExec (input rows 5000000 (exact) vs min_rows 250000; sum_avg_int over 1 i64 key (memory input): the measured table takes it at no group count and size (results/datafusion_groupby_sweep_2026-09-30.csv)) | LEFT AggregateExec (Partial aggregate whose Final was not replaced)",,0,0.00,0.00,0.00,0.00,0.00,0,10000,3.13,4.16,100,0,,,,,,,3.31,34.0,3.37,"yes",0,0,0,0.0000,0.00,0.00,"LEFT AggregateExec (input rows 5000000 (exact) vs min_rows 250000; sum_avg_int over 1 i64 key (memory input): the measured table takes it at no group count and size (results/datafusion_groupby_sweep_2026-09-30.csv)) | LEFT AggregateExec (Partial aggregate whose Final was not replaced)",3.29,2026-10-01 11:34:50,2026-10-01 11:34:54,2026-09-29 00:37:52,30,3.36,3.37,,,alternate,false,,,,,,,,0,,,,,,,
5000000,part1,gsweep,distinct_1i64_10k,"distinct, 1 i64 key(s), 10k groups in the key domain","SELECT DISTINCT kl FROM grid",2.28,,,23.5,,30,,"yes",0.000e0,,,"LEFT AggregateExec (input rows 5000000 (exact) vs min_rows 250000; distinct over 1 i64 key (memory input): the measured table takes it at no group count and size (results/datafusion_groupby_sweep_2026-09-30.csv)) | LEFT AggregateExec (Partial aggregate whose Final was not replaced)",,0,0.00,0.00,0.00,0.00,0.00,0,10000,3.13,4.16,100,0,,,,,,,2.30,24.9,2.35,"yes",0,0,0,0.0000,0.00,0.00,"LEFT AggregateExec (input rows 5000000 (exact) vs min_rows 250000; distinct over 1 i64 key (memory input): the measured table takes it at no group count and size (results/datafusion_groupby_sweep_2026-09-30.csv)) | LEFT AggregateExec (Partial aggregate whose Final was not replaced)",2.32,2026-10-01 11:34:50,2026-10-01 11:34:54,2026-09-29 00:37:52,30,2.34,2.34,,,alternate,false,,,,,,,,0,,,,,,,
5000000,part1,gsweep,minmax_int_2i64_10k,"minmax_int, 2 i64 key(s), 10k groups in the key domain","SELECT kl1, kl2, min(q) AS lo, max(q) AS hi FROM grid GROUP BY kl1, kl2",5.96,,,65.5,,30,,"yes",0.000e0,,,"LEFT AggregateExec (input rows 5000000 (exact) vs min_rows 250000; minmax_int over 2+ i64 keys (memory input): the measured table takes no group count at 5M rows (the first take is at 50M rows; results/datafusion_groupby_sweep_2026-09-30.csv)) | LEFT AggregateExec (Partial aggregate whose Final was not replaced)",,0,0.00,0.00,0.00,0.00,0.00,0,10000,3.13,4.16,100,0,,,,,,,5.95,65.4,6.07,"yes",0,0,0,0.0000,0.00,0.00,"LEFT AggregateExec (input rows 5000000 (exact) vs min_rows 250000; minmax_int over 2+ i64 keys (memory input): the measured table takes no group count at 5M rows (the first take is at 50M rows; results/datafusion_groupby_sweep_2026-09-30.csv)) | LEFT AggregateExec (Partial aggregate whose Final was not replaced)",5.92,2026-10-01 11:34:50,2026-10-01 11:34:54,2026-09-29 00:37:52,30,6.07,6.09,,,alternate,false,,,,,,,,0,,,,,,,
5000000,part1,gsweep,avg_f64_1i32_100k,"avg_f64, 1 i32 key(s), 100k groups in the key domain","SELECT k, avg(x) AS m FROM grid GROUP BY k",6.85,,,92.5,,30,,"yes",3.331e-16,,,"LEFT AggregateExec (input rows 5000000 (exact) vs min_rows 250000; sum_avg_f64 over 1 i32 key (memory input): the measured table takes it at no group count and size (results/datafusion_groupby_sweep_2026-09-30.csv)) | LEFT AggregateExec (Partial aggregate whose Final was not replaced)",,0,0.00,0.00,0.00,0.00,0.00,0,100000,3.44,4.61,100,0,,,,,,,6.94,91.0,7.08,"yes",0,0,0,0.0000,0.00,0.00,"LEFT AggregateExec (input rows 5000000 (exact) vs min_rows 250000; sum_avg_f64 over 1 i32 key (memory input): the measured table takes it at no group count and size (results/datafusion_groupby_sweep_2026-09-30.csv)) | LEFT AggregateExec (Partial aggregate whose Final was not replaced)",9.05,2026-10-01 11:35:19,2026-10-01 11:35:26,2026-09-29 00:37:52,30,7.13,7.23,,,alternate,false,,,,,,,,0,,,,,,,
5000000,part1,gsweep,sum_int_1i32_100k,"sum_int, 1 i32 key(s), 100k groups in the key domain","SELECT k, sum(q) AS s FROM grid GROUP BY k",6.01,,,78.1,,30,,"yes",0.000e0,,,"LEFT AggregateExec (input rows 5000000 (exact) vs min_rows 250000; sum_avg_int over 1 i32 key (memory input): the measured table takes it at no group count and size (results/datafusion_groupby_sweep_2026-09-30.csv)) | LEFT AggregateExec (Partial aggregate whose Final was not replaced)",,0,0.00,0.00,0.00,0.00,0.00,0,100000,3.44,4.61,100,0,,,,,,,5.97,77.1,6.56,"yes",0,0,0,0.0000,0.00,0.00,"LEFT AggregateExec (input rows 5000000 (exact) vs min_rows 250000; sum_avg_int over 1 i32 key (memory input): the measured table takes it at no group count and size (results/datafusion_groupby_sweep_2026-09-30.csv)) | LEFT AggregateExec (Partial aggregate whose Final was not replaced)",6.43,2026-10-01 11:35:19,2026-10-01 11:35:26,2026-09-29 00:37:52,30,6.51,6.58,,,alternate,false,,,,,,,,0,,,,,,,
5000000,part1,gsweep,count_2i32_100k,"count, 2 i32 key(s), 100k groups in the key domain","SELECT k1, k2, count(*) AS n FROM grid GROUP BY k1, k2",8.44,,,112.5,,30,,"yes",0.000e0,,,"LEFT AggregateExec (input rows 5000000 (exact) vs min_rows 250000; count over 2+ i32 keys (memory input): the measured table takes no group count at 5M rows (the first take is at 10M rows; results/datafusion_groupby_sweep_2026-09-30.csv)) | LEFT AggregateExec (Partial aggregate whose Final was not replaced)",,0,0.00,0.00,0.00,0.00,0.00,0,100000,3.44,4.61,100,0,,,,,,,8.43,111.6,9.25,"yes",0,0,0,0.0000,0.00,0.00,"LEFT AggregateExec (input rows 5000000 (exact) vs min_rows 250000; count over 2+ i32 keys (memory input): the measured table takes no group count at 5M rows (the first take is at 10M rows; results/datafusion_groupby_sweep_2026-09-30.csv)) | LEFT AggregateExec (Partial aggregate whose Final was not replaced)",8.41,2026-10-01 11:35:19,2026-10-01 11:35:26,2026-09-29 00:37:52,30,8.80,9.27,,,alternate,false,,,,,,,,0,,,,,,,
5000000,part1,gsweep,avg_f64_2i32_100k,"avg_f64, 2 i32 key(s), 100k groups in the key domain","SELECT k1, k2, avg(x) AS m FROM grid GROUP BY k1, k2",9.37,,,127.8,,30,,"yes",3.331e-16,,,"LEFT AggregateExec (input rows 5000000 (exact) vs min_rows 250000; sum_avg_f64 over 2+ i32 keys (memory input): the measured table takes it at no group count and size (results/datafusion_groupby_sweep_2026-09-30.csv)) | LEFT AggregateExec (Partial aggregate whose Final was not replaced)",,0,0.00,0.00,0.00,0.00,0.00,0,100000,3.44,4.61,100,0,,,,,,,9.52,128.8,9.60,"yes",0,0,0,0.0000,0.00,0.00,"LEFT AggregateExec (input rows 5000000 (exact) vs min_rows 250000; sum_avg_f64 over 2+ i32 keys (memory input): the measured table takes it at no group count and size (results/datafusion_groupby_sweep_2026-09-30.csv)) | LEFT AggregateExec (Partial aggregate whose Final was not replaced)",9.45,2026-10-01 11:35:19,2026-10-01 11:35:26,2026-09-29 00:37:52,30,9.55,9.64,,,alternate,false,,,,,,,,0,,,,,,,
5000000,part1,gsweep,minmax_int_2i32_100k,"minmax_int, 2 i32 key(s), 100k groups in the key domain","SELECT k1, k2, min(q) AS lo, max(q) AS hi FROM grid GROUP BY k1, k2",11.66,,,156.4,,30,,"yes",0.000e0,,,"LEFT AggregateExec (input rows 5000000 (exact) vs min_rows 250000; minmax_int over 2+ i32 keys (memory input): the measured table takes no group count at 5M rows (the first take is at 50M rows; results/datafusion_groupby_sweep_2026-09-30.csv)) | LEFT AggregateExec (Partial aggregate whose Final was not replaced)",,0,0.00,0.00,0.00,0.00,0.00,0,100000,3.44,4.61,100,0,,,,,,,11.66,156.2,11.85,"yes",0,0,0,0.0000,0.00,0.00,"LEFT AggregateExec (input rows 5000000 (exact) vs min_rows 250000; minmax_int over 2+ i32 keys (memory input): the measured table takes no group count at 5M rows (the first take is at 50M rows; results/datafusion_groupby_sweep_2026-09-30.csv)) | LEFT AggregateExec (Partial aggregate whose Final was not replaced)",11.49,2026-10-01 11:35:19,2026-10-01 11:35:26,2026-09-29 00:37:52,30,11.92,12.02,,,alternate,false,,,,,,,,0,,,,,,,
5000000,part1,gsweep,distinct_2i32_100k,"distinct, 2 i32 key(s), 100k groups in the key domain","SELECT DISTINCT k1, k2 FROM grid",7.45,,,99.3,,30,,"yes",0.000e0,,,"LEFT AggregateExec (input rows 5000000 (exact) vs min_rows 250000; distinct over 2+ i32 keys (memory input): the measured table takes no group count at 5M rows (the first take is at 50M rows; results/datafusion_groupby_sweep_2026-09-30.csv)) | LEFT AggregateExec (Partial aggregate whose Final was not replaced)",,0,0.00,0.00,0.00,0.00,0.00,0,100000,3.44,4.61,100,0,,,,,,,7.45,98.9,8.63,"yes",0,0,0,0.0000,0.00,0.00,"LEFT AggregateExec (input rows 5000000 (exact) vs min_rows 250000; distinct over 2+ i32 keys (memory input): the measured table takes no group count at 5M rows (the first take is at 50M rows; results/datafusion_groupby_sweep_2026-09-30.csv)) | LEFT AggregateExec (Partial aggregate whose Final was not replaced)",7.61,2026-10-01 11:35:19,2026-10-01 11:35:26,2026-09-29 00:37:52,30,8.07,8.10,,,alternate,false,,,,,,,,0,,,,,,,
5000000,part1,gsweep,count_1i64_100k,"count, 1 i64 key(s), 100k groups in the key domain","SELECT kl, count(*) AS n FROM grid GROUP BY kl",6.89,,,89.1,,30,,"yes",0.000e0,,,"LEFT AggregateExec (input rows 5000000 (exact) vs min_rows 250000; count over 1 i64 key (memory input): the measured table takes it at no group count and size (results/datafusion_groupby_sweep_2026-09-30.csv)) | LEFT AggregateExec (Partial aggregate whose Final was not replaced)",,0,0.00,0.00,0.00,0.00,0.00,0,100000,3.44,4.61,100,0,,,,,,,7.36,90.2,7.44,"yes",0,0,0,0.0000,0.00,0.00,"LEFT AggregateExec (input rows 5000000 (exact) vs min_rows 250000; count over 1 i64 key (memory input): the measured table takes it at no group count and size (results/datafusion_groupby_sweep_2026-09-30.csv)) | LEFT AggregateExec (Partial aggregate whose Final was not replaced)",7.15,2026-10-01 11:35:19,2026-10-01 11:35:26,2026-09-29 00:37:52,30,7.55,7.63,,,alternate,false,,,,,,,,0,,,,,,,
5000000,part1,gsweep,sum_f64_1i64_100k,"sum_f64, 1 i64 key(s), 100k groups in the key domain","SELECT kl, sum(x) AS s FROM grid GROUP BY kl",7.32,,,89.7,,30,,"yes",7.562e-16,,,"LEFT AggregateExec (input rows 5000000 (exact) vs min_rows 250000; sum_avg_f64 over 1 i64 key (memory input): the measured table takes it at no group count and size (results/datafusion_groupby_sweep_2026-09-30.csv)) | LEFT AggregateExec (Partial aggregate whose Final was not replaced)",,0,0.00,0.00,0.00,0.00,0.00,0,100000,3.44,4.61,100,0,,,,,,,6.96,86.5,7.22,"yes",0,0,0,0.0000,0.00,0.00,"LEFT AggregateExec (input rows 5000000 (exact) vs min_rows 250000; sum_avg_f64 over 1 i64 key (memory input): the measured table takes it at no group count and size (results/datafusion_groupby_sweep_2026-09-30.csv)) | LEFT AggregateExec (Partial aggregate whose Final was not replaced)",7.54,2026-10-01 11:35:19,2026-10-01 11:35:26,2026-09-29 00:37:52,30,7.61,7.67,,,alternate,false,,,,,,,,0,,,,,,,
5000000,part1,gsweep,minmax_int_1i64_100k,"minmax_int, 1 i64 key(s), 100k groups in the key domain","SELECT kl, min(q) AS lo, max(q) AS hi FROM grid GROUP BY kl",10.09,,,132.6,,30,,"yes",0.000e0,,,"LEFT AggregateExec (input rows 5000000 (exact) vs min_rows 250000; minmax_int over 1 i64 key (memory input): the measured table takes no group count at 5M rows (the first take is at 50M rows; results/datafusion_groupby_sweep_2026-09-30.csv)) | LEFT AggregateExec (Partial aggregate whose Final was not replaced)",,0,0.00,0.00,0.00,0.00,0.00,0,100000,3.44,4.61,100,0,,,,,,,10.18,133.3,10.72,"yes",0,0,0,0.0000,0.00,0.00,"LEFT AggregateExec (input rows 5000000 (exact) vs min_rows 250000; minmax_int over 1 i64 key (memory input): the measured table takes no group count at 5M rows (the first take is at 50M rows; results/datafusion_groupby_sweep_2026-09-30.csv)) | LEFT AggregateExec (Partial aggregate whose Final was not replaced)",10.85,2026-10-01 11:35:19,2026-10-01 11:35:26,2026-09-29 00:37:52,30,10.84,10.83,,,alternate,false,,,,,,,,0,,,,,,,
5000000,part1,gsweep,avg_f64_2i64_100k,"avg_f64, 2 i64 key(s), 100k groups in the key domain","SELECT kl1, kl2, avg(x) AS m FROM grid GROUP BY kl1, kl2",10.57,,,145.3,,30,,"yes",3.331e-16,,,"LEFT AggregateExec (input rows 5000000 (exact) vs min_rows 250000; sum_avg_f64 over 2+ i64 keys (memory input): the measured table takes it at no group count and size (results/datafusion_groupby_sweep_2026-09-30.csv)) | LEFT AggregateExec (Partial aggregate whose Final was not replaced)",,0,0.00,0.00,0.00,0.00,0.00,0,100000,3.44,4.61,100,0,,,,,,,10.60,145.2,12.22,"yes",0,0,0,0.0000,0.00,0.00,"LEFT AggregateExec (input rows 5000000 (exact) vs min_rows 250000; sum_avg_f64 over 2+ i64 keys (memory input): the measured table takes it at no group count and size (results/datafusion_groupby_sweep_2026-09-30.csv)) | LEFT AggregateExec (Partial aggregate whose Final was not replaced)",12.23,2026-10-01 11:35:19,2026-10-01 11:35:26,2026-09-29 00:37:52,30,10.69,10.75,,,alternate,false,,,,,,,,0,,,,,,,
5000000,part1,gsweep,avg_f64_1i32_1M,"avg_f64, 1 i32 key(s), 1M groups in the key domain","SELECT k, avg(x) AS m FROM grid GROUP BY k",10.29,,,142.7,,30,,"yes",3.331e-16,,,"LEFT AggregateExec (input rows 5000000 (exact) vs min_rows 250000; sum_avg_f64 over 1 i32 key (memory input): the measured table takes it at no group count and size (results/datafusion_groupby_sweep_2026-09-30.csv)) | LEFT AggregateExec (Partial aggregate whose Final was not replaced)",,0,0.00,0.00,0.00,0.00,0.00,0,993187,3.32,4.49,100,0,,,,,,,10.47,143.2,10.66,"yes",0,0,0,0.0000,0.00,0.00,"LEFT AggregateExec (input rows 5000000 (exact) vs min_rows 250000; sum_avg_f64 over 1 i32 key (memory input): the measured table takes it at no group count and size (results/datafusion_groupby_sweep_2026-09-30.csv)) | LEFT AggregateExec (Partial aggregate whose Final was not replaced)",12.74,2026-10-01 11:35:51,2026-10-01 11:35:56,2026-09-29 00:37:52,30,10.68,10.80,,,alternate,false,,,,,,,,0,,,,,,,
5000000,part1,gsweep,avg_f64_2i32_1M,"avg_f64, 2 i32 key(s), 1M groups in the key domain","SELECT k1, k2, avg(x) AS m FROM grid GROUP BY k1, k2",12.58,,,178.7,,30,,"yes",3.331e-16,,,"LEFT AggregateExec (input rows 5000000 (exact) vs min_rows 250000; sum_avg_f64 over 2+ i32 keys (memory input): the measured table takes it at no group count and size (results/datafusion_groupby_sweep_2026-09-30.csv)) | LEFT AggregateExec (Partial aggregate whose Final was not replaced)",,0,0.00,0.00,0.00,0.00,0.00,0,993244,3.32,4.49,100,0,,,,,,,12.67,173.3,13.08,"yes",0,0,0,0.0000,0.00,0.00,"LEFT AggregateExec (input rows 5000000 (exact) vs min_rows 250000; sum_avg_f64 over 2+ i32 keys (memory input): the measured table takes it at no group count and size (results/datafusion_groupby_sweep_2026-09-30.csv)) | LEFT AggregateExec (Partial aggregate whose Final was not replaced)",12.70,2026-10-01 11:35:51,2026-10-01 11:35:56,2026-09-29 00:37:52,30,13.03,12.96,,,alternate,false,,,,,,,,0,,,,,,,
5000000,part1,gsweep,distinct_2i32_1M,"distinct, 2 i32 key(s), 1M groups in the key domain","SELECT DISTINCT k1, k2 FROM grid",9.01,,,127.6,,30,,"yes",0.000e0,,,"LEFT AggregateExec (input rows 5000000 (exact) vs min_rows 250000; distinct over 2+ i32 keys (memory input): the measured table takes no group count at 5M rows (the first take is at 50M rows; results/datafusion_groupby_sweep_2026-09-30.csv)) | LEFT AggregateExec (Partial aggregate whose Final was not replaced)",,0,0.00,0.00,0.00,0.00,0.00,0,993244,3.32,4.49,100,0,,,,,,,8.94,129.4,9.46,"yes",0,0,0,0.0000,0.00,0.00,"LEFT AggregateExec (input rows 5000000 (exact) vs min_rows 250000; distinct over 2+ i32 keys (memory input): the measured table takes no group count at 5M rows (the first take is at 50M rows; results/datafusion_groupby_sweep_2026-09-30.csv)) | LEFT AggregateExec (Partial aggregate whose Final was not replaced)",9.19,2026-10-01 11:35:51,2026-10-01 11:35:56,2026-09-29 00:37:52,30,9.42,9.52,,,alternate,false,,,,,,,,0,,,,,,,
5000000,part1,gsweep,sum_f64_1i64_1M,"sum_f64, 1 i64 key(s), 1M groups in the key domain","SELECT kl, sum(x) AS s FROM grid GROUP BY kl",9.71,,,134.0,,30,,"yes",5.828e-16,,,"LEFT AggregateExec (input rows 5000000 (exact) vs min_rows 250000; sum_avg_f64 over 1 i64 key (memory input): the measured table takes it at no group count and size (results/datafusion_groupby_sweep_2026-09-30.csv)) | LEFT AggregateExec (Partial aggregate whose Final was not replaced)",,0,0.00,0.00,0.00,0.00,0.00,0,993187,3.32,4.49,100,0,,,,,,,9.54,131.6,10.05,"yes",0,0,0,0.0000,0.00,0.00,"LEFT AggregateExec (input rows 5000000 (exact) vs min_rows 250000; sum_avg_f64 over 1 i64 key (memory input): the measured table takes it at no group count and size (results/datafusion_groupby_sweep_2026-09-30.csv)) | LEFT AggregateExec (Partial aggregate whose Final was not replaced)",9.82,2026-10-01 11:35:51,2026-10-01 11:35:56,2026-09-29 00:37:52,30,10.30,10.26,,,alternate,false,,,,,,,,0,,,,,,,
5000000,part1,gsweep,minmax_int_1i64_1M,"minmax_int, 1 i64 key(s), 1M groups in the key domain","SELECT kl, min(q) AS lo, max(q) AS hi FROM grid GROUP BY kl",12.31,,,175.4,,30,,"yes",0.000e0,,,"LEFT AggregateExec (input rows 5000000 (exact) vs min_rows 250000; minmax_int over 1 i64 key (memory input): the measured table takes no group count at 5M rows (the first take is at 50M rows; results/datafusion_groupby_sweep_2026-09-30.csv)) | LEFT AggregateExec (Partial aggregate whose Final was not replaced)",,0,0.00,0.00,0.00,0.00,0.00,0,993187,3.32,4.49,100,0,,,,,,,12.30,177.9,12.56,"yes",0,0,0,0.0000,0.00,0.00,"LEFT AggregateExec (input rows 5000000 (exact) vs min_rows 250000; minmax_int over 1 i64 key (memory input): the measured table takes no group count at 5M rows (the first take is at 50M rows; results/datafusion_groupby_sweep_2026-09-30.csv)) | LEFT AggregateExec (Partial aggregate whose Final was not replaced)",12.51,2026-10-01 11:35:51,2026-10-01 11:35:56,2026-09-29 00:37:52,30,12.68,12.68,,,alternate,false,,,,,,,,0,,,,,,,
5000000,part1,gsweep,minmax_f64_1i32_R2,"minmax_f64, 1 i32 key(s), R2 groups in the key domain","SELECT k, min(x) AS lo, max(x) AS hi FROM grid GROUP BY k",14.84,,,218.3,,30,,"yes",0.000e0,,,"LEFT AggregateExec (input rows 5000000 (exact) vs min_rows 250000; minmax_f64 over 1 i32 key (memory input): the measured table takes it at no group count and size (results/datafusion_groupby_sweep_2026-09-30.csv)) | LEFT AggregateExec (Partial aggregate whose Final was not replaced)",,0,0.00,0.00,0.00,0.00,0.00,0,2161856,3.45,5.46,100,0,,,,,,,14.80,216.2,15.58,"yes",0,0,0,0.0000,0.00,0.00,"LEFT AggregateExec (input rows 5000000 (exact) vs min_rows 250000; minmax_f64 over 1 i32 key (memory input): the measured table takes it at no group count and size (results/datafusion_groupby_sweep_2026-09-30.csv)) | LEFT AggregateExec (Partial aggregate whose Final was not replaced)",16.61,2026-10-01 11:36:20,2026-10-01 11:36:33,2026-09-29 00:37:52,30,15.64,15.56,,,alternate,false,,,,,,,,0,,,,,,,
5000000,part1,gsweep,sum_f64_2i32_R2,"sum_f64, 2 i32 key(s), R2 groups in the key domain","SELECT k1, k2, sum(x) AS s FROM grid GROUP BY k1, k2",13.07,,,187.2,,30,,"yes",4.533e-16,,,"LEFT AggregateExec (input rows 5000000 (exact) vs min_rows 250000; sum_avg_f64 over 2+ i32 keys (memory input): the measured table takes it at no group count and size (results/datafusion_groupby_sweep_2026-09-30.csv)) | LEFT AggregateExec (Partial aggregate whose Final was not replaced)",,0,0.00,0.00,0.00,0.00,0.00,0,2161178,3.45,5.46,100,0,,,,,,,13.16,190.7,14.33,"yes",0,0,0,0.0000,0.00,0.00,"LEFT AggregateExec (input rows 5000000 (exact) vs min_rows 250000; sum_avg_f64 over 2+ i32 keys (memory input): the measured table takes it at no group count and size (results/datafusion_groupby_sweep_2026-09-30.csv)) | LEFT AggregateExec (Partial aggregate whose Final was not replaced)",13.15,2026-10-01 11:36:20,2026-10-01 11:36:33,2026-09-29 00:37:52,30,13.66,13.72,,,alternate,false,,,,,,,,0,,,,,,,
5000000,part1,gsweep,minmax_f64_2i32_R2,"minmax_f64, 2 i32 key(s), R2 groups in the key domain","SELECT k1, k2, min(x) AS lo, max(x) AS hi FROM grid GROUP BY k1, k2",17.01,,,249.5,,30,,"yes",0.000e0,,,"LEFT AggregateExec (input rows 5000000 (exact) vs min_rows 250000; minmax_f64 over 2+ i32 keys (memory input): the measured table takes it at no group count and size (results/datafusion_groupby_sweep_2026-09-30.csv)) | LEFT AggregateExec (Partial aggregate whose Final was not replaced)",,0,0.00,0.00,0.00,0.00,0.00,0,2161178,3.45,5.46,100,0,,,,,,,17.11,250.0,18.15,"yes",0,0,0,0.0000,0.00,0.00,"LEFT AggregateExec (input rows 5000000 (exact) vs min_rows 250000; minmax_f64 over 2+ i32 keys (memory input): the measured table takes it at no group count and size (results/datafusion_groupby_sweep_2026-09-30.csv)) | LEFT AggregateExec (Partial aggregate whose Final was not replaced)",18.79,2026-10-01 11:36:20,2026-10-01 11:36:33,2026-09-29 00:37:52,30,18.04,18.00,,,alternate,false,,,,,,,,0,,,,,,,
5000000,part1,gsweep,sum_int_2i32_R2,"sum_int, 2 i32 key(s), R2 groups in the key domain","SELECT k1, k2, sum(q) AS s FROM grid GROUP BY k1, k2",13.16,,,189.6,,30,,"yes",0.000e0,,,"LEFT AggregateExec (input rows 5000000 (exact) vs min_rows 250000; sum_avg_int over 2+ i32 keys (memory input): the measured table takes it at no group count and size (results/datafusion_groupby_sweep_2026-09-30.csv)) | LEFT AggregateExec (Partial aggregate whose Final was not replaced)",,0,0.00,0.00,0.00,0.00,0.00,0,2161178,3.45,5.46,100,0,,,,,,,13.11,187.9,14.23,"yes",0,0,0,0.0000,0.00,0.00,"LEFT AggregateExec (input rows 5000000 (exact) vs min_rows 250000; sum_avg_int over 2+ i32 keys (memory input): the measured table takes it at no group count and size (results/datafusion_groupby_sweep_2026-09-30.csv)) | LEFT AggregateExec (Partial aggregate whose Final was not replaced)",14.33,2026-10-01 11:36:20,2026-10-01 11:36:33,2026-09-29 00:37:52,30,13.89,13.70,,,alternate,false,,,,,,,,0,,,,,,,
5000000,part1,gsweep,minmax_int_2i32_R2,"minmax_int, 2 i32 key(s), R2 groups in the key domain","SELECT k1, k2, min(q) AS lo, max(q) AS hi FROM grid GROUP BY k1, k2",16.88,,,246.7,,30,,"yes",0.000e0,,,"LEFT AggregateExec (input rows 5000000 (exact) vs min_rows 250000; minmax_int over 2+ i32 keys (memory input): the measured table takes no group count at 5M rows (the first take is at 50M rows; results/datafusion_groupby_sweep_2026-09-30.csv)) | LEFT AggregateExec (Partial aggregate whose Final was not replaced)",,0,0.00,0.00,0.00,0.00,0.00,0,2161178,3.45,5.46,100,0,,,,,,,16.97,243.9,18.45,"yes",0,0,0,0.0000,0.00,0.00,"LEFT AggregateExec (input rows 5000000 (exact) vs min_rows 250000; minmax_int over 2+ i32 keys (memory input): the measured table takes no group count at 5M rows (the first take is at 50M rows; results/datafusion_groupby_sweep_2026-09-30.csv)) | LEFT AggregateExec (Partial aggregate whose Final was not replaced)",17.16,2026-10-01 11:36:20,2026-10-01 11:36:33,2026-09-29 00:37:52,30,17.44,17.98,,,alternate,false,,,,,,,,0,,,,,,,
5000000,part1,gsweep,minmax_f64_1i64_R2,"minmax_f64, 1 i64 key(s), R2 groups in the key domain","SELECT kl, min(x) AS lo, max(x) AS hi FROM grid GROUP BY kl",16.09,,,229.0,,30,,"yes",0.000e0,,,"LEFT AggregateExec (input rows 5000000 (exact) vs min_rows 250000; minmax_f64 over 1 i64 key (memory input): the measured table takes it at no group count and size (results/datafusion_groupby_sweep_2026-09-30.csv)) | LEFT AggregateExec (Partial aggregate whose Final was not replaced)",,0,0.00,0.00,0.00,0.00,0.00,0,2161856,3.45,5.46,100,0,,,,,,,15.96,233.2,16.61,"yes",0,0,0,0.0000,0.00,0.00,"LEFT AggregateExec (input rows 5000000 (exact) vs min_rows 250000; minmax_f64 over 1 i64 key (memory input): the measured table takes it at no group count and size (results/datafusion_groupby_sweep_2026-09-30.csv)) | LEFT AggregateExec (Partial aggregate whose Final was not replaced)",16.02,2026-10-01 11:36:20,2026-10-01 11:36:33,2026-09-29 00:37:52,30,16.57,16.77,,,alternate,false,,,,,,,,0,,,,,,,
5000000,part1,gsweep,avg_int_1i64_R2,"avg_int, 1 i64 key(s), R2 groups in the key domain","SELECT kl, avg(q) AS m FROM grid GROUP BY kl",14.19,,,204.2,,30,,"yes",0.000e0,,,"LEFT AggregateExec (input rows 5000000 (exact) vs min_rows 250000; sum_avg_int over 1 i64 key (memory input): the measured table takes it at no group count and size (results/datafusion_groupby_sweep_2026-09-30.csv)) | LEFT AggregateExec (Partial aggregate whose Final was not replaced)",,0,0.00,0.00,0.00,0.00,0.00,0,2161856,3.45,5.46,100,0,,,,,,,14.10,204.0,14.89,"yes",0,0,0,0.0000,0.00,0.00,"LEFT AggregateExec (input rows 5000000 (exact) vs min_rows 250000; sum_avg_int over 1 i64 key (memory input): the measured table takes it at no group count and size (results/datafusion_groupby_sweep_2026-09-30.csv)) | LEFT AggregateExec (Partial aggregate whose Final was not replaced)",14.39,2026-10-01 11:36:20,2026-10-01 11:36:33,2026-09-29 00:37:52,30,14.73,14.91,,,alternate,false,,,,,,,,0,,,,,,,
5000000,part1,gsweep,sum_f64_2i64_R2,"sum_f64, 2 i64 key(s), R2 groups in the key domain","SELECT kl1, kl2, sum(x) AS s FROM grid GROUP BY kl1, kl2",14.82,,,216.4,,30,,"yes",4.392e-16,,,"LEFT AggregateExec (input rows 5000000 (exact) vs min_rows 250000; sum_avg_f64 over 2+ i64 keys (memory input): the measured table takes it at no group count and size (results/datafusion_groupby_sweep_2026-09-30.csv)) | LEFT AggregateExec (Partial aggregate whose Final was not replaced)",,0,0.00,0.00,0.00,0.00,0.00,0,2161178,3.45,5.46,100,0,,,,,,,14.94,215.5,15.64,"yes",0,0,0,0.0000,0.00,0.00,"LEFT AggregateExec (input rows 5000000 (exact) vs min_rows 250000; sum_avg_f64 over 2+ i64 keys (memory input): the measured table takes it at no group count and size (results/datafusion_groupby_sweep_2026-09-30.csv)) | LEFT AggregateExec (Partial aggregate whose Final was not replaced)",15.25,2026-10-01 11:36:20,2026-10-01 11:36:33,2026-09-29 00:37:52,30,15.44,15.57,,,alternate,false,,,,,,,,0,,,,,,,
5000000,part1,gsweep,minmax_f64_2i64_R2,"minmax_f64, 2 i64 key(s), R2 groups in the key domain","SELECT kl1, kl2, min(x) AS lo, max(x) AS hi FROM grid GROUP BY kl1, kl2",19.11,,,272.7,,30,,"yes",0.000e0,,,"LEFT AggregateExec (input rows 5000000 (exact) vs min_rows 250000; minmax_f64 over 2+ i64 keys (memory input): the measured table takes it at no group count and size (results/datafusion_groupby_sweep_2026-09-30.csv)) | LEFT AggregateExec (Partial aggregate whose Final was not replaced)",,0,0.00,0.00,0.00,0.00,0.00,0,2161178,3.45,5.46,100,0,,,,,,,19.11,278.5,21.36,"yes",0,0,0,0.0000,0.00,0.00,"LEFT AggregateExec (input rows 5000000 (exact) vs min_rows 250000; minmax_f64 over 2+ i64 keys (memory input): the measured table takes it at no group count and size (results/datafusion_groupby_sweep_2026-09-30.csv)) | LEFT AggregateExec (Partial aggregate whose Final was not replaced)",19.20,2026-10-01 11:36:20,2026-10-01 11:36:33,2026-09-29 00:37:52,30,19.87,19.78,,,alternate,false,,,,,,,,0,,,,,,,
10000000,b8192,gsweep,count_2i32_200,"count, 2 i32 key(s), 200 groups in the key domain","SELECT k1, k2, count(*) AS n FROM grid GROUP BY k1, k2",8.21,,,92.0,,30,,"yes",0.000e0,,,"TAKEN AggregateExec (input rows 10000000 (exact) vs min_rows 250000; count over 2+ i32 keys (memory input): the measured table takes the 100k, 1M bucket(s) at 10M rows; MetalExec decides from a group-count estimate; output kept at one partition (only projections above it))",,0,0.00,0.00,0.00,0.00,0.00,0,200,3.01,3.01,100,0,,,,,,,8.22,92.4,8.94,"yes",1,1,214,0.0168,0.01,0.00,"TAKEN AggregateExec (input rows 10000000 (exact) vs min_rows 250000; count over 2+ i32 keys (memory input): the measured table takes the 100k, 1M bucket(s) at 10M rows; MetalExec decides from a group-count estimate; output kept at one partition (only projections above it)) | LEFT MetalExec Aggregate { keys (handed back to DataFusion: an estimated 214 groups (208 to 223, Chao1 over a 512-row sample) at 10000000 rows: count at the 200 bucket is not taken at any measured size (needs 1.65x at two or more sizes; 1M: 0.56x, 2M: 0.88x, 5M: 1.20x, 10M: 1.60x, 50M: 2.10x); left to DataFusion (from the first 16384 rows of each partition))",9.77,2026-10-01 11:56:59,2026-10-01 11:57:03,2026-09-29 00:37:52,30,8.56,8.68,,,alternate,false,,,,,,,,0,,,,,,,
10000000,b8192,gsweep,sum_f64_2i32_200,"sum_f64, 2 i32 key(s), 200 groups in the key domain","SELECT k1, k2, sum(x) AS s FROM grid GROUP BY k1, k2",8.25,,,91.8,,30,,"yes",2.931e-16,,,"LEFT AggregateExec (input rows 10000000 (exact) vs min_rows 250000; sum_avg_f64 over 2+ i32 keys (memory input): the measured table takes it at no group count and size (results/datafusion_groupby_sweep_2026-09-30.csv)) | LEFT AggregateExec (Partial aggregate whose Final was not replaced)",,0,0.00,0.00,0.00,0.00,0.00,0,200,3.01,3.01,100,0,,,,,,,8.32,91.3,8.58,"yes",0,0,0,0.0000,0.00,0.00,"LEFT AggregateExec (input rows 10000000 (exact) vs min_rows 250000; sum_avg_f64 over 2+ i32 keys (memory input): the measured table takes it at no group count and size (results/datafusion_groupby_sweep_2026-09-30.csv)) | LEFT AggregateExec (Partial aggregate whose Final was not replaced)",9.37,2026-10-01 11:56:59,2026-10-01 11:57:03,2026-09-29 00:37:52,30,8.52,8.53,,,alternate,false,,,,,,,,0,,,,,,,
10000000,b8192,gsweep,avg_f64_1i64_200,"avg_f64, 1 i64 key(s), 200 groups in the key domain","SELECT kl, avg(x) AS m FROM grid GROUP BY kl",4.09,,,41.4,,30,,"yes",2.776e-16,,,"LEFT AggregateExec (input rows 10000000 (exact) vs min_rows 250000; sum_avg_f64 over 1 i64 key (memory input): the measured table takes it at no group count and size (results/datafusion_groupby_sweep_2026-09-30.csv)) | LEFT AggregateExec (Partial aggregate whose Final was not replaced)",,0,0.00,0.00,0.00,0.00,0.00,0,200,3.01,3.01,100,0,,,,,,,4.10,41.0,4.83,"yes",0,0,0,0.0000,0.00,0.00,"LEFT AggregateExec (input rows 10000000 (exact) vs min_rows 250000; sum_avg_f64 over 1 i64 key (memory input): the measured table takes it at no group count and size (results/datafusion_groupby_sweep_2026-09-30.csv)) | LEFT AggregateExec (Partial aggregate whose Final was not replaced)",5.27,2026-10-01 11:56:59,2026-10-01 11:57:03,2026-09-29 00:37:52,30,4.34,4.31,,,alternate,false,,,,,,,,0,,,,,,,
10000000,b8192,gsweep,minmax_f64_1i64_200,"minmax_f64, 1 i64 key(s), 200 groups in the key domain","SELECT kl, min(x) AS lo, max(x) AS hi FROM grid GROUP BY kl",4.23,,,42.7,,30,,"yes",0.000e0,,,"LEFT AggregateExec (input rows 10000000 (exact) vs min_rows 250000; minmax_f64 over 1 i64 key (memory input): the measured table takes it at no group count and size (results/datafusion_groupby_sweep_2026-09-30.csv)) | LEFT AggregateExec (Partial aggregate whose Final was not replaced)",,0,0.00,0.00,0.00,0.00,0.00,0,200,3.01,3.01,100,0,,,,,,,4.25,42.8,4.44,"yes",0,0,0,0.0000,0.00,0.00,"LEFT AggregateExec (input rows 10000000 (exact) vs min_rows 250000; minmax_f64 over 1 i64 key (memory input): the measured table takes it at no group count and size (results/datafusion_groupby_sweep_2026-09-30.csv)) | LEFT AggregateExec (Partial aggregate whose Final was not replaced)",4.48,2026-10-01 11:56:59,2026-10-01 11:57:03,2026-09-29 00:37:52,30,4.32,4.38,,,alternate,false,,,,,,,,0,,,,,,,
10000000,b8192,gsweep,minmax_int_1i64_200,"minmax_int, 1 i64 key(s), 200 groups in the key domain","SELECT kl, min(q) AS lo, max(q) AS hi FROM grid GROUP BY kl",4.16,,,41.6,,30,,"yes",0.000e0,,,"LEFT AggregateExec (input rows 10000000 (exact) vs min_rows 250000; minmax_int over 1 i64 key (memory input): the measured table takes no group count at 10M rows (the first take is at 50M rows; results/datafusion_groupby_sweep_2026-09-30.csv)) | LEFT AggregateExec (Partial aggregate whose Final was not replaced)",,0,0.00,0.00,0.00,0.00,0.00,0,200,3.01,3.01,100,0,,,,,,,4.22,41.9,4.32,"yes",0,0,0,0.0000,0.00,0.00,"LEFT AggregateExec (input rows 10000000 (exact) vs min_rows 250000; minmax_int over 1 i64 key (memory input): the measured table takes no group count at 10M rows (the first take is at 50M rows; results/datafusion_groupby_sweep_2026-09-30.csv)) | LEFT AggregateExec (Partial aggregate whose Final was not replaced)",4.96,2026-10-01 11:56:59,2026-10-01 11:57:03,2026-09-29 00:37:52,30,4.36,4.38,,,alternate,false,,,,,,,,0,,,,,,,
10000000,b8192,gsweep,avg_int_2i64_200,"avg_int, 2 i64 key(s), 200 groups in the key domain","SELECT kl1, kl2, avg(q) AS m FROM grid GROUP BY kl1, kl2",8.93,,,98.6,,30,,"yes",0.000e0,,,"LEFT AggregateExec (input rows 10000000 (exact) vs min_rows 250000; sum_avg_int over 2+ i64 keys (memory input): the measured table takes it at no group count and size (results/datafusion_groupby_sweep_2026-09-30.csv)) | LEFT AggregateExec (Partial aggregate whose Final was not replaced)",,0,0.00,0.00,0.00,0.00,0.00,0,200,3.01,3.01,100,0,,,,,,,9.00,99.4,9.07,"yes",0,0,0,0.0000,0.00,0.00,"LEFT AggregateExec (input rows 10000000 (exact) vs min_rows 250000; sum_avg_int over 2+ i64 keys (memory input): the measured table takes it at no group count and size (results/datafusion_groupby_sweep_2026-09-30.csv)) | LEFT AggregateExec (Partial aggregate whose Final was not replaced)",12.81,2026-10-01 11:56:59,2026-10-01 11:57:03,2026-09-29 00:37:52,30,9.15,9.20,,,alternate,false,,,,,,,,0,,,,,,,
10000000,b8192,gsweep,avg_int_1i32_10k,"avg_int, 1 i32 key(s), 10k groups in the key domain","SELECT k, avg(q) AS m FROM grid GROUP BY k",5.55,,,58.8,,30,,"yes",0.000e0,,,"LEFT AggregateExec (input rows 10000000 (exact) vs min_rows 250000; sum_avg_int over 1 i32 key (memory input): the measured table takes it at no group count and size (results/datafusion_groupby_sweep_2026-09-30.csv)) | LEFT AggregateExec (Partial aggregate whose Final was not replaced)",,0,0.00,0.00,0.00,0.00,0.00,0,10000,2.93,3.09,100,0,,,,,,,5.59,58.0,7.20,"yes",0,0,0,0.0000,0.00,0.00,"LEFT AggregateExec (input rows 10000000 (exact) vs min_rows 250000; sum_avg_int over 1 i32 key (memory input): the measured table takes it at no group count and size (results/datafusion_groupby_sweep_2026-09-30.csv)) | LEFT AggregateExec (Partial aggregate whose Final was not replaced)",6.27,2026-10-01 11:57:07,2026-10-01 11:57:12,2026-09-29 00:37:52,30,5.77,5.77,,,alternate,false,,,,,,,,0,,,,,,,
10000000,b8192,gsweep,distinct_1i32_10k,"distinct, 1 i32 key(s), 10k groups in the key domain","SELECT DISTINCT k FROM grid",3.72,,,38.0,,30,,"yes",0.000e0,,,"LEFT AggregateExec (input rows 10000000 (exact) vs min_rows 250000; distinct over 1 i32 key (memory input): the measured table takes it at no group count and size (results/datafusion_groupby_sweep_2026-09-30.csv)) | LEFT AggregateExec (Partial aggregate whose Final was not replaced)",,0,0.00,0.00,0.00,0.00,0.00,0,10000,2.93,3.09,100,0,,,,,,,3.73,38.6,3.89,"yes",0,0,0,0.0000,0.00,0.00,"LEFT AggregateExec (input rows 10000000 (exact) vs min_rows 250000; distinct over 1 i32 key (memory input): the measured table takes it at no group count and size (results/datafusion_groupby_sweep_2026-09-30.csv)) | LEFT AggregateExec (Partial aggregate whose Final was not replaced)",3.74,2026-10-01 11:57:07,2026-10-01 11:57:12,2026-09-29 00:37:52,30,3.81,3.82,,,alternate,false,,,,,,,,0,,,,,,,
10000000,b8192,gsweep,sum_f64_2i32_10k,"sum_f64, 2 i32 key(s), 10k groups in the key domain","SELECT k1, k2, sum(x) AS s FROM grid GROUP BY k1, k2",9.04,,,100.3,,30,,"yes",4.610e-16,,,"LEFT AggregateExec (input rows 10000000 (exact) vs min_rows 250000; sum_avg_f64 over 2+ i32 keys (memory input): the measured table takes it at no group count and size (results/datafusion_groupby_sweep_2026-09-30.csv)) | LEFT AggregateExec (Partial aggregate whose Final was not replaced)",,0,0.00,0.00,0.00,0.00,0.00,0,10000,2.93,3.09,100,0,,,,,,,9.08,100.3,9.46,"yes",0,0,0,0.0000,0.00,0.00,"LEFT AggregateExec (input rows 10000000 (exact) vs min_rows 250000; sum_avg_f64 over 2+ i32 keys (memory input): the measured table takes it at no group count and size (results/datafusion_groupby_sweep_2026-09-30.csv)) | LEFT AggregateExec (Partial aggregate whose Final was not replaced)",9.21,2026-10-01 11:57:07,2026-10-01 11:57:12,2026-09-29 00:37:52,30,9.26,9.23,,,alternate,false,,,,,,,,0,,,,,,,
10000000,b8192,gsweep,sum_int_1i64_10k,"sum_int, 1 i64 key(s), 10k groups in the key domain","SELECT kl, sum(q) AS s FROM grid GROUP BY kl",4.81,,,50.3,,30,,"yes",0.000e0,,,"LEFT AggregateExec (input rows 10000000 (exact) vs min_rows 250000; sum_avg_int over 1 i64 key (memory input): the measured table takes it at no group count and size (results/datafusion_groupby_sweep_2026-09-30.csv)) | LEFT AggregateExec (Partial aggregate whose Final was not replaced)",,0,0.00,0.00,0.00,0.00,0.00,0,10000,2.93,3.09,100,0,,,,,,,4.79,49.3,5.32,"yes",0,0,0,0.0000,0.00,0.00,"LEFT AggregateExec (input rows 10000000 (exact) vs min_rows 250000; sum_avg_int over 1 i64 key (memory input): the measured table takes it at no group count and size (results/datafusion_groupby_sweep_2026-09-30.csv)) | LEFT AggregateExec (Partial aggregate whose Final was not replaced)",4.78,2026-10-01 11:57:07,2026-10-01 11:57:12,2026-09-29 00:37:52,30,4.89,4.93,,,alternate,false,,,,,,,,0,,,,,,,
10000000,b8192,gsweep,distinct_1i64_10k,"distinct, 1 i64 key(s), 10k groups in the key domain","SELECT DISTINCT kl FROM grid",3.99,,,42.3,,30,,"yes",0.000e0,,,"LEFT AggregateExec (input rows 10000000 (exact) vs min_rows 250000; distinct over 1 i64 key (memory input): the measured table takes it at no group count and size (results/datafusion_groupby_sweep_2026-09-30.csv)) | LEFT AggregateExec (Partial aggregate whose Final was not replaced)",,0,0.00,0.00,0.00,0.00,0.00,0,10000,2.93,3.09,100,0,,,,,,,4.02,41.7,4.12,"yes",0,0,0,0.0000,0.00,0.00,"LEFT AggregateExec (input rows 10000000 (exact) vs min_rows 250000; distinct over 1 i64 key (memory input): the measured table takes it at no group count and size (results/datafusion_groupby_sweep_2026-09-30.csv)) | LEFT AggregateExec (Partial aggregate whose Final was not replaced)",4.00,2026-10-01 11:57:07,2026-10-01 11:57:12,2026-09-29 00:37:52,30,4.13,4.13,,,alternate,false,,,,,,,,0,,,,,,,
10000000,b8192,gsweep,sum_f64_2i64_10k,"sum_f64, 2 i64 key(s), 10k groups in the key domain","SELECT kl1, kl2, sum(x) AS s FROM grid GROUP BY kl1, kl2",9.35,,,102.0,,30,,"yes",4.813e-16,,,"LEFT AggregateExec (input rows 10000000 (exact) vs min_rows 250000; sum_avg_f64 over 2+ i64 keys (memory input): the measured table takes it at no group count and size (results/datafusion_groupby_sweep_2026-09-30.csv)) | LEFT AggregateExec (Partial aggregate whose Final was not replaced)",,0,0.00,0.00,0.00,0.00,0.00,0,10000,2.93,3.09,100,0,,,,,,,9.41,102.2,9.46,"yes",0,0,0,0.0000,0.00,0.00,"LEFT AggregateExec (input rows 10000000 (exact) vs min_rows 250000; sum_avg_f64 over 2+ i64 keys (memory input): the measured table takes it at no group count and size (results/datafusion_groupby_sweep_2026-09-30.csv)) | LEFT AggregateExec (Partial aggregate whose Final was not replaced)",9.65,2026-10-01 11:57:07,2026-10-01 11:57:12,2026-09-29 00:37:52,30,9.92,9.89,,,alternate,false,,,,,,,,0,,,,,,,
10000000,b8192,gsweep,minmax_int_2i64_10k,"minmax_int, 2 i64 key(s), 10k groups in the key domain","SELECT kl1, kl2, min(q) AS lo, max(q) AS hi FROM grid GROUP BY kl1, kl2",10.56,,,117.5,,30,,"yes",0.000e0,,,"LEFT AggregateExec (input rows 10000000 (exact) vs min_rows 250000; minmax_int over 2+ i64 keys (memory input): the measured table takes no group count at 10M rows (the first take is at 50M rows; results/datafusion_groupby_sweep_2026-09-30.csv)) | LEFT AggregateExec (Partial aggregate whose Final was not replaced)",,0,0.00,0.00,0.00,0.00,0.00,0,10000,2.93,3.09,100,0,,,,,,,10.51,117.2,11.41,"yes",0,0,0,0.0000,0.00,0.00,"LEFT AggregateExec (input rows 10000000 (exact) vs min_rows 250000; minmax_int over 2+ i64 keys (memory input): the measured table takes no group count at 10M rows (the first take is at 50M rows; results/datafusion_groupby_sweep_2026-09-30.csv)) | LEFT AggregateExec (Partial aggregate whose Final was not replaced)",11.53,2026-10-01 11:57:07,2026-10-01 11:57:12,2026-09-29 00:37:52,30,10.80,10.80,,,alternate,false,,,,,,,,0,,,,,,,
10000000,b8192,gsweep,minmax_int_1i32_100k,"minmax_int, 1 i32 key(s), 100k groups in the key domain","SELECT k, min(q) AS lo, max(q) AS hi FROM grid GROUP BY k",15.28,,,188.4,,30,,"yes",0.000e0,,,"LEFT AggregateExec (input rows 10000000 (exact) vs min_rows 250000; minmax_int over 1 i32 key (memory input): the measured table takes it at no group count and size (results/datafusion_groupby_sweep_2026-09-30.csv)) | LEFT AggregateExec (Partial aggregate whose Final was not replaced)",,0,0.00,0.00,0.00,0.00,0.00,0,100000,2.92,2.85,100,0,,,,,,,14.95,188.0,15.79,"yes",0,0,0,0.0000,0.00,0.00,"LEFT AggregateExec (input rows 10000000 (exact) vs min_rows 250000; minmax_int over 1 i32 key (memory input): the measured table takes it at no group count and size (results/datafusion_groupby_sweep_2026-09-30.csv)) | LEFT AggregateExec (Partial aggregate whose Final was not replaced)",16.96,2026-10-01 11:57:16,2026-10-01 11:57:20,2026-09-29 00:37:52,30,15.99,16.22,,,alternate,false,,,,,,,,0,,,,,,,
10000000,b8192,gsweep,count_1i64_100k,"count, 1 i64 key(s), 100k groups in the key domain","SELECT kl, count(*) AS n FROM grid GROUP BY kl",10.24,,,130.5,,30,,"yes",0.000e0,,,"LEFT AggregateExec (input rows 10000000 (exact) vs min_rows 250000; count over 1 i64 key (memory input): the measured table takes it at no group count and size (results/datafusion_groupby_sweep_2026-09-30.csv)) | LEFT AggregateExec (Partial aggregate whose Final was not replaced)",,0,0.00,0.00,0.00,0.00,0.00,0,100000,2.92,2.85,100,0,,,,,,,10.33,128.8,11.37,"yes",0,0,0,0.0000,0.00,0.00,"LEFT AggregateExec (input rows 10000000 (exact) vs min_rows 250000; count over 1 i64 key (memory input): the measured table takes it at no group count and size (results/datafusion_groupby_sweep_2026-09-30.csv)) | LEFT AggregateExec (Partial aggregate whose Final was not replaced)",11.31,2026-10-01 11:57:16,2026-10-01 11:57:20,2026-09-29 00:37:52,30,11.31,11.34,,,alternate,false,,,,,,,,0,,,,,,,
10000000,b8192,gsweep,sum_f64_1i64_100k,"sum_f64, 1 i64 key(s), 100k groups in the key domain","SELECT kl, sum(x) AS s FROM grid GROUP BY kl",10.89,,,135.4,,30,,"yes",7.046e-16,,,"LEFT AggregateExec (input rows 10000000 (exact) vs min_rows 250000; sum_avg_f64 over 1 i64 key (memory input): the measured table takes it at no group count and size (results/datafusion_groupby_sweep_2026-09-30.csv)) | LEFT AggregateExec (Partial aggregate whose Final was not replaced)",,0,0.00,0.00,0.00,0.00,0.00,0,100000,2.92,2.85,100,0,,,,,,,10.62,130.3,10.71,"yes",0,0,0,0.0000,0.00,0.00,"LEFT AggregateExec (input rows 10000000 (exact) vs min_rows 250000; sum_avg_f64 over 1 i64 key (memory input): the measured table takes it at no group count and size (results/datafusion_groupby_sweep_2026-09-30.csv)) | LEFT AggregateExec (Partial aggregate whose Final was not replaced)",10.77,2026-10-01 11:57:16,2026-10-01 11:57:20,2026-09-29 00:37:52,30,11.77,11.72,,,alternate,false,,,,,,,,0,,,,,,,
10000000,b8192,gsweep,avg_int_1i64_100k,"avg_int, 1 i64 key(s), 100k groups in the key domain","SELECT kl, avg(q) AS m FROM grid GROUP BY kl",13.46,,,173.6,,30,,"yes",0.000e0,,,"LEFT AggregateExec (input rows 10000000 (exact) vs min_rows 250000; sum_avg_int over 1 i64 key (memory input): the measured table takes it at no group count and size (results/datafusion_groupby_sweep_2026-09-30.csv)) | LEFT AggregateExec (Partial aggregate whose Final was not replaced)",,0,0.00,0.00,0.00,0.00,0.00,0,100000,2.92,2.85,100,0,,,,,,,13.64,169.7,14.25,"yes",0,0,0,0.0000,0.00,0.00,"LEFT AggregateExec (input rows 10000000 (exact) vs min_rows 250000; sum_avg_int over 1 i64 key (memory input): the measured table takes it at no group count and size (results/datafusion_groupby_sweep_2026-09-30.csv)) | LEFT AggregateExec (Partial aggregate whose Final was not replaced)",14.22,2026-10-01 11:57:16,2026-10-01 11:57:20,2026-09-29 00:37:52,30,14.18,14.28,,,alternate,false,,,,,,,,0,,,,,,,
10000000,b8192,gsweep,count_1i32_1M,"count, 1 i32 key(s), 1M groups in the key domain","SELECT k, count(*) AS n FROM grid GROUP BY k",13.27,,,191.8,,30,,"yes",0.000e0,,,"LEFT AggregateExec (input rows 10000000 (exact) vs min_rows 250000; count over 1 i32 key (memory input): the measured table takes it at no group count and size (results/datafusion_groupby_sweep_2026-09-30.csv)) | LEFT AggregateExec (Partial aggregate whose Final was not replaced)",,0,0.00,0.00,0.00,0.00,0.00,0,999951,2.78,3.36,100,0,,,,,,,13.58,193.4,13.67,"yes",0,0,0,0.0000,0.00,0.00,"LEFT AggregateExec (input rows 10000000 (exact) vs min_rows 250000; count over 1 i32 key (memory input): the measured table takes it at no group count and size (results/datafusion_groupby_sweep_2026-09-30.csv)) | LEFT AggregateExec (Partial aggregate whose Final was not replaced)",14.47,2026-10-01 11:57:24,2026-10-01 11:57:32,2026-09-29 00:37:52,30,13.82,14.10,,,alternate,false,,,,,,,,0,,,,,,,
10000000,b8192,gsweep,sum_f64_1i32_1M,"sum_f64, 1 i32 key(s), 1M groups in the key domain","SELECT k, sum(x) AS s FROM grid GROUP BY k",13.72,,,197.4,,30,,"yes",6.730e-16,,,"LEFT AggregateExec (input rows 10000000 (exact) vs min_rows 250000; sum_avg_f64 over 1 i32 key (memory input): the measured table takes it at no group count and size (results/datafusion_groupby_sweep_2026-09-30.csv)) | LEFT AggregateExec (Partial aggregate whose Final was not replaced)",,0,0.00,0.00,0.00,0.00,0.00,0,999951,2.78,3.36,100,0,,,,,,,13.66,197.2,14.36,"yes",0,0,0,0.0000,0.00,0.00,"LEFT AggregateExec (input rows 10000000 (exact) vs min_rows 250000; sum_avg_f64 over 1 i32 key (memory input): the measured table takes it at no group count and size (results/datafusion_groupby_sweep_2026-09-30.csv)) | LEFT AggregateExec (Partial aggregate whose Final was not replaced)",14.32,2026-10-01 11:57:24,2026-10-01 11:57:32,2026-09-29 00:37:52,30,14.24,14.18,,,alternate,false,,,,,,,,0,,,,,,,
10000000,b8192,gsweep,sum_int_1i32_1M,"sum_int, 1 i32 key(s), 1M groups in the key domain","SELECT k, sum(q) AS s FROM grid GROUP BY k",13.67,,,197.9,,30,,"yes",0.000e0,,,"LEFT AggregateExec (input rows 10000000 (exact) vs min_rows 250000; sum_avg_int over 1 i32 key (memory input): the measured table takes it at no group count and size (results/datafusion_groupby_sweep_2026-09-30.csv)) | LEFT AggregateExec (Partial aggregate whose Final was not replaced)",,0,0.00,0.00,0.00,0.00,0.00,0,999951,2.78,3.36,100,0,,,,,,,13.72,193.6,14.47,"yes",0,0,0,0.0000,0.00,0.00,"LEFT AggregateExec (input rows 10000000 (exact) vs min_rows 250000; sum_avg_int over 1 i32 key (memory input): the measured table takes it at no group count and size (results/datafusion_groupby_sweep_2026-09-30.csv)) | LEFT AggregateExec (Partial aggregate whose Final was not replaced)",14.04,2026-10-01 11:57:24,2026-10-01 11:57:32,2026-09-29 00:37:52,30,14.40,14.20,,,alternate,false,,,,,,,,0,,,,,,,
10000000,b8192,gsweep,count_1i64_1M,"count, 1 i64 key(s), 1M groups in the key domain","SELECT kl, count(*) AS n FROM grid GROUP BY kl",15.31,,,219.4,,30,,"yes",0.000e0,,,"LEFT AggregateExec (input rows 10000000 (exact) vs min_rows 250000; count over 1 i64 key (memory input): the measured table takes it at no group count and size (results/datafusion_groupby_sweep_2026-09-30.csv)) | LEFT AggregateExec (Partial aggregate whose Final was not replaced)",,0,0.00,0.00,0.00,0.00,0.00,0,999951,2.78,3.36,100,0,,,,,,,15.32,221.5,15.59,"yes",0,0,0,0.0000,0.00,0.00,"LEFT AggregateExec (input rows 10000000 (exact) vs min_rows 250000; count over 1 i64 key (memory input): the measured table takes it at no group count and size (results/datafusion_groupby_sweep_2026-09-30.csv)) | LEFT AggregateExec (Partial aggregate whose Final was not replaced)",15.72,2026-10-01 11:57:24,2026-10-01 11:57:32,2026-09-29 00:37:52,30,15.76,15.74,,,alternate,false,,,,,,,,0,,,,,,,
10000000,b8192,gsweep,sum_int_2i64_1M,"sum_int, 2 i64 key(s), 1M groups in the key domain","SELECT kl1, kl2, sum(q) AS s FROM grid GROUP BY kl1, kl2",20.76,,,299.7,,30,,"yes",0.000e0,,,"LEFT AggregateExec (input rows 10000000 (exact) vs min_rows 250000; sum_avg_int over 2+ i64 keys (memory input): the measured table takes it at no group count and size (results/datafusion_groupby_sweep_2026-09-30.csv)) | LEFT AggregateExec (Partial aggregate whose Final was not replaced)",,0,0.00,0.00,0.00,0.00,0.00,0,999943,2.78,3.36,100,0,,,,,,,20.84,300.1,21.25,"yes",0,0,0,0.0000,0.00,0.00,"LEFT AggregateExec (input rows 10000000 (exact) vs min_rows 250000; sum_avg_int over 2+ i64 keys (memory input): the measured table takes it at no group count and size (results/datafusion_groupby_sweep_2026-09-30.csv)) | LEFT AggregateExec (Partial aggregate whose Final was not replaced)",20.94,2026-10-01 11:57:24,2026-10-01 11:57:32,2026-09-29 00:37:52,30,21.23,21.29,,,alternate,false,,,,,,,,0,,,,,,,
10000000,b8192,gsweep,distinct_2i64_1M,"distinct, 2 i64 key(s), 1M groups in the key domain","SELECT DISTINCT kl1, kl2 FROM grid",16.74,,,240.3,,30,,"yes",0.000e0,,,"LEFT AggregateExec (input rows 10000000 (exact) vs min_rows 250000; distinct over 2+ i64 keys (memory input): the measured table takes it at no group count and size (results/datafusion_groupby_sweep_2026-09-30.csv)) | LEFT AggregateExec (Partial aggregate whose Final was not replaced)",,0,0.00,0.00,0.00,0.00,0.00,0,999943,2.78,3.36,100,0,,,,,,,16.81,244.9,17.11,"yes",0,0,0,0.0000,0.00,0.00,"LEFT AggregateExec (input rows 10000000 (exact) vs min_rows 250000; distinct over 2+ i64 keys (memory input): the measured table takes it at no group count and size (results/datafusion_groupby_sweep_2026-09-30.csv)) | LEFT AggregateExec (Partial aggregate whose Final was not replaced)",16.40,2026-10-01 11:57:24,2026-10-01 11:57:32,2026-09-29 00:37:52,30,17.27,17.23,,,alternate,false,,,,,,,,0,,,,,,,
10000000,b8192,gsweep,minmax_f64_1i32_R2,"minmax_f64, 1 i32 key(s), R2 groups in the key domain","SELECT k, min(x) AS lo, max(x) AS hi FROM grid GROUP BY k",31.56,,,470.4,,30,,"yes",0.000e0,,,"LEFT AggregateExec (input rows 10000000 (exact) vs min_rows 250000; minmax_f64 over 1 i32 key (memory input): the measured table takes it at no group count and size (results/datafusion_groupby_sweep_2026-09-30.csv)) | LEFT AggregateExec (Partial aggregate whose Final was not replaced)",,0,0.00,0.00,0.00,0.00,0.00,0,4323738,3.17,7.13,100,0,,,,,,,31.60,467.2,34.80,"yes",0,0,0,0.0000,0.00,0.00,"LEFT AggregateExec (input rows 10000000 (exact) vs min_rows 250000; minmax_f64 over 1 i32 key (memory input): the measured table takes it at no group count and size (results/datafusion_groupby_sweep_2026-09-30.csv)) | LEFT AggregateExec (Partial aggregate whose Final was not replaced)",35.21,2026-10-01 11:57:37,2026-10-01 11:58:03,2026-09-29 00:37:52,30,32.92,32.95,,,alternate,false,,,,,,,,0,,,,,,,
10000000,b8192,gsweep,count_2i32_R2,"count, 2 i32 key(s), R2 groups in the key domain","SELECT k1, k2, count(*) AS n FROM grid GROUP BY k1, k2",27.79,,,408.8,,30,,"yes",0.000e0,,,"TAKEN AggregateExec (input rows 10000000 (exact) vs min_rows 250000; count over 2+ i32 keys (memory input): the measured table takes the 100k, 1M bucket(s) at 10M rows; MetalExec decides from a group-count estimate; output kept at one partition (only projections above it))",,0,0.00,0.00,0.00,0.00,0.00,0,4321209,3.17,7.13,100,0,,,,,,,28.20,410.3,28.41,"yes",1,1,6705155,0.1571,0.01,0.00,"TAKEN AggregateExec (input rows 10000000 (exact) vs min_rows 250000; count over 2+ i32 keys (memory input): the measured table takes the 100k, 1M bucket(s) at 10M rows; MetalExec decides from a group-count estimate; output kept at one partition (only projections above it)) | LEFT MetalExec Aggregate { keys (handed back to DataFusion: an estimated 6705155 groups (3052264 to 10000000, Chao1 over a 8192-row sample) at 10000000 rows: count at the rows/2 bucket is not taken at any measured size (needs 1.65x at two or more sizes; 1M: 1.10x, 2M: 1.50x, 5M: 1.90x, 10M: 2.00x, 50M: 0.90x); left to DataFusion (from the first 16384 rows of each partition))",28.59,2026-10-01 11:57:37,2026-10-01 11:58:03,2026-09-29 00:37:52,30,29.16,29.46,,,alternate,false,,,,,,,,0,,,,,,,
10000000,b8192,gsweep,sum_f64_2i32_R2,"sum_f64, 2 i32 key(s), R2 groups in the key domain","SELECT k1, k2, sum(x) AS s FROM grid GROUP BY k1, k2",27.87,,,411.4,,30,,"yes",4.417e-16,,,"LEFT AggregateExec (input rows 10000000 (exact) vs min_rows 250000; sum_avg_f64 over 2+ i32 keys (memory input): the measured table takes it at no group count and size (results/datafusion_groupby_sweep_2026-09-30.csv)) | LEFT AggregateExec (Partial aggregate whose Final was not replaced)",,0,0.00,0.00,0.00,0.00,0.00,0,4321209,3.17,7.13,100,0,,,,,,,28.18,415.9,28.63,"yes",0,0,0,0.0000,0.00,0.00,"LEFT AggregateExec (input rows 10000000 (exact) vs min_rows 250000; sum_avg_f64 over 2+ i32 keys (memory input): the measured table takes it at no group count and size (results/datafusion_groupby_sweep_2026-09-30.csv)) | LEFT AggregateExec (Partial aggregate whose Final was not replaced)",28.46,2026-10-01 11:57:37,2026-10-01 11:58:03,2026-09-29 00:37:52,30,29.69,29.09,,,alternate,false,,,,,,,,0,,,,,,,
10000000,b8192,gsweep,minmax_f64_2i32_R2,"minmax_f64, 2 i32 key(s), R2 groups in the key domain","SELECT k1, k2, min(x) AS lo, max(x) AS hi FROM grid GROUP BY k1, k2",37.44,,,548.4,,30,,"yes",0.000e0,,,"LEFT AggregateExec (input rows 10000000 (exact) vs min_rows 250000; minmax_f64 over 2+ i32 keys (memory input): the measured table takes it at no group count and size (results/datafusion_groupby_sweep_2026-09-30.csv)) | LEFT AggregateExec (Partial aggregate whose Final was not replaced)",,0,0.00,0.00,0.00,0.00,0.00,0,4321209,3.17,7.13,100,0,,,,,,,37.50,555.4,39.72,"yes",0,0,0,0.0000,0.00,0.00,"LEFT AggregateExec (input rows 10000000 (exact) vs min_rows 250000; minmax_f64 over 2+ i32 keys (memory input): the measured table takes it at no group count and size (results/datafusion_groupby_sweep_2026-09-30.csv)) | LEFT AggregateExec (Partial aggregate whose Final was not replaced)",39.66,2026-10-01 11:57:37,2026-10-01 11:58:03,2026-09-29 00:37:52,30,39.31,39.16,,,alternate,false,,,,,,,,0,,,,,,,
10000000,b8192,gsweep,distinct_2i32_R2,"distinct, 2 i32 key(s), R2 groups in the key domain","SELECT DISTINCT k1, k2 FROM grid",22.97,,,338.1,,30,,"yes",0.000e0,,,"LEFT AggregateExec (input rows 10000000 (exact) vs min_rows 250000; distinct over 2+ i32 keys (memory input): the measured table takes no group count at 10M rows (the first take is at 50M rows; results/datafusion_groupby_sweep_2026-09-30.csv)) | LEFT AggregateExec (Partial aggregate whose Final was not replaced)",,0,0.00,0.00,0.00,0.00,0.00,0,4321209,3.17,7.13,100,0,,,,,,,23.04,344.4,25.01,"yes",0,0,0,0.0000,0.00,0.00,"LEFT AggregateExec (input rows 10000000 (exact) vs min_rows 250000; distinct over 2+ i32 keys (memory input): the measured table takes no group count at 10M rows (the first take is at 50M rows; results/datafusion_groupby_sweep_2026-09-30.csv)) | LEFT AggregateExec (Partial aggregate whose Final was not replaced)",24.69,2026-10-01 11:57:37,2026-10-01 11:58:03,2026-09-29 00:37:52,30,24.63,24.75,,,alternate,false,,,,,,,,0,,,,,,,
10000000,b8192,gsweep,sum_f64_1i64_R2,"sum_f64, 1 i64 key(s), R2 groups in the key domain","SELECT kl, sum(x) AS s FROM grid GROUP BY kl",26.56,,,394.0,,30,,"yes",4.636e-16,,,"LEFT AggregateExec (input rows 10000000 (exact) vs min_rows 250000; sum_avg_f64 over 1 i64 key (memory input): the measured table takes it at no group count and size (results/datafusion_groupby_sweep_2026-09-30.csv)) | LEFT AggregateExec (Partial aggregate whose Final was not replaced)",,0,0.00,0.00,0.00,0.00,0.00,0,4323738,3.17,7.13,100,0,,,,,,,26.54,390.8,29.35,"yes",0,0,0,0.0000,0.00,0.00,"LEFT AggregateExec (input rows 10000000 (exact) vs min_rows 250000; sum_avg_f64 over 1 i64 key (memory input): the measured table takes it at no group count and size (results/datafusion_groupby_sweep_2026-09-30.csv)) | LEFT AggregateExec (Partial aggregate whose Final was not replaced)",27.17,2026-10-01 11:57:37,2026-10-01 11:58:03,2026-09-29 00:37:52,30,28.41,28.38,,,alternate,false,,,,,,,,0,,,,,,,
10000000,b8192,gsweep,sum_int_1i64_R2,"sum_int, 1 i64 key(s), R2 groups in the key domain","SELECT kl, sum(q) AS s FROM grid GROUP BY kl",26.68,,,396.9,,30,,"yes",0.000e0,,,"LEFT AggregateExec (input rows 10000000 (exact) vs min_rows 250000; sum_avg_int over 1 i64 key (memory input): the measured table takes it at no group count and size (results/datafusion_groupby_sweep_2026-09-30.csv)) | LEFT AggregateExec (Partial aggregate whose Final was not replaced)",,0,0.00,0.00,0.00,0.00,0.00,0,4323738,3.17,7.13,100,0,,,,,,,26.97,388.4,28.71,"yes",0,0,0,0.0000,0.00,0.00,"LEFT AggregateExec (input rows 10000000 (exact) vs min_rows 250000; sum_avg_int over 1 i64 key (memory input): the measured table takes it at no group count and size (results/datafusion_groupby_sweep_2026-09-30.csv)) | LEFT AggregateExec (Partial aggregate whose Final was not replaced)",28.86,2026-10-01 11:57:37,2026-10-01 11:58:03,2026-09-29 00:37:52,30,28.73,28.52,,,alternate,false,,,,,,,,0,,,,,,,
10000000,b8192,gsweep,minmax_int_1i64_R2,"minmax_int, 1 i64 key(s), R2 groups in the key domain","SELECT kl, min(q) AS lo, max(q) AS hi FROM grid GROUP BY kl",35.43,,,532.2,,30,,"yes",0.000e0,,,"LEFT AggregateExec (input rows 10000000 (exact) vs min_rows 250000; minmax_int over 1 i64 key (memory input): the measured table takes no group count at 10M rows (the first take is at 50M rows; results/datafusion_groupby_sweep_2026-09-30.csv)) | LEFT AggregateExec (Partial aggregate whose Final was not replaced)",,0,0.00,0.00,0.00,0.00,0.00,0,4323738,3.17,7.13,100,0,,,,,,,36.10,533.7,38.71,"yes",0,0,0,0.0000,0.00,0.00,"LEFT AggregateExec (input rows 10000000 (exact) vs min_rows 250000; minmax_int over 1 i64 key (memory input): the measured table takes no group count at 10M rows (the first take is at 50M rows; results/datafusion_groupby_sweep_2026-09-30.csv)) | LEFT AggregateExec (Partial aggregate whose Final was not replaced)",37.95,2026-10-01 11:57:37,2026-10-01 11:58:03,2026-09-29 00:37:52,30,37.30,37.30,,,alternate,false,,,,,,,,0,,,,,,,
10000000,b8192,gsweep,sum_int_2i64_R2,"sum_int, 2 i64 key(s), R2 groups in the key domain","SELECT kl1, kl2, sum(q) AS s FROM grid GROUP BY kl1, kl2",32.57,,,484.4,,30,,"yes",0.000e0,,,"LEFT AggregateExec (input rows 10000000 (exact) vs min_rows 250000; sum_avg_int over 2+ i64 keys (memory input): the measured table takes it at no group count and size (results/datafusion_groupby_sweep_2026-09-30.csv)) | LEFT AggregateExec (Partial aggregate whose Final was not replaced)",,0,0.00,0.00,0.00,0.00,0.00,0,4321209,3.17,7.13,100,0,,,,,,,33.39,493.2,34.75,"yes",0,0,0,0.0000,0.00,0.00,"LEFT AggregateExec (input rows 10000000 (exact) vs min_rows 250000; sum_avg_int over 2+ i64 keys (memory input): the measured table takes it at no group count and size (results/datafusion_groupby_sweep_2026-09-30.csv)) | LEFT AggregateExec (Partial aggregate whose Final was not replaced)",33.79,2026-10-01 11:57:37,2026-10-01 11:58:03,2026-09-29 00:37:52,30,34.50,34.21,,,alternate,false,,,,,,,,0,,,,,,,
10000000,part1,gsweep,sum_f64_1i32_200,"sum_f64, 1 i32 key(s), 200 groups in the key domain","SELECT k, sum(x) AS s FROM grid GROUP BY k",3.57,,,36.9,,30,,"yes",4.364e-16,,,"LEFT AggregateExec (input rows 10000000 (exact) vs min_rows 250000; sum_avg_f64 over 1 i32 key (memory input): the measured table takes it at no group count and size (results/datafusion_groupby_sweep_2026-09-30.csv)) | LEFT AggregateExec (Partial aggregate whose Final was not replaced)",,0,0.00,0.00,0.00,0.00,0.00,0,200,1.61,3.32,100,0,,,,,,,3.60,36.7,4.48,"yes",0,0,0,0.0000,0.00,0.00,"LEFT AggregateExec (input rows 10000000 (exact) vs min_rows 250000; sum_avg_f64 over 1 i32 key (memory input): the measured table takes it at no group count and size (results/datafusion_groupby_sweep_2026-09-30.csv)) | LEFT AggregateExec (Partial aggregate whose Final was not replaced)",4.45,2026-10-01 12:25:59,2026-10-01 12:26:04,2026-09-29 00:37:52,30,3.73,3.77,,,alternate,false,,,,,,,,0,,,,,,,
10000000,part1,gsweep,sum_f64_2i32_200,"sum_f64, 2 i32 key(s), 200 groups in the key domain","SELECT k1, k2, sum(x) AS s FROM grid GROUP BY k1, k2",8.04,,,89.9,,30,,"yes",4.356e-16,,,"LEFT AggregateExec (input rows 10000000 (exact) vs min_rows 250000; sum_avg_f64 over 2+ i32 keys (memory input): the measured table takes it at no group count and size (results/datafusion_groupby_sweep_2026-09-30.csv)) | LEFT AggregateExec (Partial aggregate whose Final was not replaced)",,0,0.00,0.00,0.00,0.00,0.00,0,200,1.61,3.32,100,0,,,,,,,8.01,90.3,8.14,"yes",0,0,0,0.0000,0.00,0.00,"LEFT AggregateExec (input rows 10000000 (exact) vs min_rows 250000; sum_avg_f64 over 2+ i32 keys (memory input): the measured table takes it at no group count and size (results/datafusion_groupby_sweep_2026-09-30.csv)) | LEFT AggregateExec (Partial aggregate whose Final was not replaced)",8.57,2026-10-01 12:25:59,2026-10-01 12:26:04,2026-09-29 00:37:52,30,8.20,8.13,,,alternate,false,,,,,,,,0,,,,,,,
10000000,part1,gsweep,avg_int_2i32_200,"avg_int, 2 i32 key(s), 200 groups in the key domain","SELECT k1, k2, avg(q) AS m FROM grid GROUP BY k1, k2",8.57,,,97.0,,30,,"yes",0.000e0,,,"LEFT AggregateExec (input rows 10000000 (exact) vs min_rows 250000; sum_avg_int over 2+ i32 keys (memory input): the measured table takes it at no group count and size (results/datafusion_groupby_sweep_2026-09-30.csv)) | LEFT AggregateExec (Partial aggregate whose Final was not replaced)",,0,0.00,0.00,0.00,0.00,0.00,0,200,1.61,3.32,100,0,,,,,,,8.59,96.8,8.87,"yes",0,0,0,0.0000,0.00,0.00,"LEFT AggregateExec (input rows 10000000 (exact) vs min_rows 250000; sum_avg_int over 2+ i32 keys (memory input): the measured table takes it at no group count and size (results/datafusion_groupby_sweep_2026-09-30.csv)) | LEFT AggregateExec (Partial aggregate whose Final was not replaced)",8.86,2026-10-01 12:25:59,2026-10-01 12:26:04,2026-09-29 00:37:52,30,8.79,8.80,,,alternate,false,,,,,,,,0,,,,,,,
10000000,part1,gsweep,sum_f64_1i64_200,"sum_f64, 1 i64 key(s), 200 groups in the key domain","SELECT kl, sum(x) AS s FROM grid GROUP BY kl",3.57,,,37.1,,30,,"yes",2.934e-16,,,"LEFT AggregateExec (input rows 10000000 (exact) vs min_rows 250000; sum_avg_f64 over 1 i64 key (memory input): the measured table takes it at no group count and size (results/datafusion_groupby_sweep_2026-09-30.csv)) | LEFT AggregateExec (Partial aggregate whose Final was not replaced)",,0,0.00,0.00,0.00,0.00,0.00,0,200,1.61,3.32,100,0,,,,,,,3.60,37.1,3.71,"yes",0,0,0,0.0000,0.00,0.00,"LEFT AggregateExec (input rows 10000000 (exact) vs min_rows 250000; sum_avg_f64 over 1 i64 key (memory input): the measured table takes it at no group count and size (results/datafusion_groupby_sweep_2026-09-30.csv)) | LEFT AggregateExec (Partial aggregate whose Final was not replaced)",4.35,2026-10-01 12:25:59,2026-10-01 12:26:04,2026-09-29 00:37:52,30,3.70,3.75,,,alternate,false,,,,,,,,0,,,,,,,
10000000,part1,gsweep,avg_int_1i64_200,"avg_int, 1 i64 key(s), 200 groups in the key domain","SELECT kl, avg(q) AS m FROM grid GROUP BY kl",4.27,,,45.3,,30,,"yes",0.000e0,,,"LEFT AggregateExec (input rows 10000000 (exact) vs min_rows 250000; sum_avg_int over 1 i64 key (memory input): the measured table takes it at no group count and size (results/datafusion_groupby_sweep_2026-09-30.csv)) | LEFT AggregateExec (Partial aggregate whose Final was not replaced)",,0,0.00,0.00,0.00,0.00,0.00,0,200,1.61,3.32,100,0,,,,,,,4.30,45.3,4.47,"yes",0,0,0,0.0000,0.00,0.00,"LEFT AggregateExec (input rows 10000000 (exact) vs min_rows 250000; sum_avg_int over 1 i64 key (memory input): the measured table takes it at no group count and size (results/datafusion_groupby_sweep_2026-09-30.csv)) | LEFT AggregateExec (Partial aggregate whose Final was not replaced)",4.25,2026-10-01 12:25:59,2026-10-01 12:26:04,2026-09-29 00:37:52,30,4.49,4.56,,,alternate,false,,,,,,,,0,,,,,,,
10000000,part1,gsweep,minmax_int_1i64_200,"minmax_int, 1 i64 key(s), 200 groups in the key domain","SELECT kl, min(q) AS lo, max(q) AS hi FROM grid GROUP BY kl",3.93,,,40.9,,30,,"yes",0.000e0,,,"LEFT AggregateExec (input rows 10000000 (exact) vs min_rows 250000; minmax_int over 1 i64 key (memory input): the measured table takes no group count at 10M rows (the first take is at 50M rows; results/datafusion_groupby_sweep_2026-09-30.csv)) | LEFT AggregateExec (Partial aggregate whose Final was not replaced)",,0,0.00,0.00,0.00,0.00,0.00,0,200,1.61,3.32,100,0,,,,,,,3.96,40.6,4.06,"yes",0,0,0,0.0000,0.00,0.00,"LEFT AggregateExec (input rows 10000000 (exact) vs min_rows 250000; minmax_int over 1 i64 key (memory input): the measured table takes no group count at 10M rows (the first take is at 50M rows; results/datafusion_groupby_sweep_2026-09-30.csv)) | LEFT AggregateExec (Partial aggregate whose Final was not replaced)",3.95,2026-10-01 12:25:59,2026-10-01 12:26:04,2026-09-29 00:37:52,30,4.09,4.09,,,alternate,false,,,,,,,,0,,,,,,,
10000000,part1,gsweep,avg_f64_2i64_200,"avg_f64, 2 i64 key(s), 200 groups in the key domain","SELECT kl1, kl2, avg(x) AS m FROM grid GROUP BY kl1, kl2",8.29,,,93.2,,30,,"yes",2.220e-16,,,"LEFT AggregateExec (input rows 10000000 (exact) vs min_rows 250000; sum_avg_f64 over 2+ i64 keys (memory input): the measured table takes it at no group count and size (results/datafusion_groupby_sweep_2026-09-30.csv)) | LEFT AggregateExec (Partial aggregate whose Final was not replaced)",,0,0.00,0.00,0.00,0.00,0.00,0,200,1.61,3.32,100,0,,,,,,,8.26,93.0,8.78,"yes",0,0,0,0.0000,0.00,0.00,"LEFT AggregateExec (input rows 10000000 (exact) vs min_rows 250000; sum_avg_f64 over 2+ i64 keys (memory input): the measured table takes it at no group count and size (results/datafusion_groupby_sweep_2026-09-30.csv)) | LEFT AggregateExec (Partial aggregate whose Final was not replaced)",8.65,2026-10-01 12:25:59,2026-10-01 12:26:04,2026-09-29 00:37:52,30,8.40,8.44,,,alternate,false,,,,,,,,0,,,,,,,
10000000,part1,gsweep,minmax_int_2i64_200,"minmax_int, 2 i64 key(s), 200 groups in the key domain","SELECT kl1, kl2, min(q) AS lo, max(q) AS hi FROM grid GROUP BY kl1, kl2",8.37,,,94.2,,30,,"yes",0.000e0,,,"LEFT AggregateExec (input rows 10000000 (exact) vs min_rows 250000; minmax_int over 2+ i64 keys (memory input): the measured table takes no group count at 10M rows (the first take is at 50M rows; results/datafusion_groupby_sweep_2026-09-30.csv)) | LEFT AggregateExec (Partial aggregate whose Final was not replaced)",,0,0.00,0.00,0.00,0.00,0.00,0,200,1.61,3.32,100,0,,,,,,,8.38,94.0,8.56,"yes",0,0,0,0.0000,0.00,0.00,"LEFT AggregateExec (input rows 10000000 (exact) vs min_rows 250000; minmax_int over 2+ i64 keys (memory input): the measured table takes no group count at 10M rows (the first take is at 50M rows; results/datafusion_groupby_sweep_2026-09-30.csv)) | LEFT AggregateExec (Partial aggregate whose Final was not replaced)",8.31,2026-10-01 12:25:59,2026-10-01 12:26:04,2026-09-29 00:37:52,30,8.48,8.56,,,alternate,false,,,,,,,,0,,,,,,,
10000000,part1,gsweep,sum_f64_1i32_10k,"sum_f64, 1 i32 key(s), 10k groups in the key domain","SELECT k, sum(x) AS s FROM grid GROUP BY k",4.26,,,44.4,,30,,"yes",4.536e-16,,,"LEFT AggregateExec (input rows 10000000 (exact) vs min_rows 250000; sum_avg_f64 over 1 i32 key (memory input): the measured table takes it at no group count and size (results/datafusion_groupby_sweep_2026-09-30.csv)) | LEFT AggregateExec (Partial aggregate whose Final was not replaced)",,0,0.00,0.00,0.00,0.00,0.00,0,10000,3.32,3.86,100,0,,,,,,,4.27,44.3,4.53,"yes",0,0,0,0.0000,0.00,0.00,"LEFT AggregateExec (input rows 10000000 (exact) vs min_rows 250000; sum_avg_f64 over 1 i32 key (memory input): the measured table takes it at no group count and size (results/datafusion_groupby_sweep_2026-09-30.csv)) | LEFT AggregateExec (Partial aggregate whose Final was not replaced)",4.29,2026-10-01 12:26:08,2026-10-01 12:26:13,2026-09-29 00:37:52,30,4.32,4.33,,,alternate,false,,,,,,,,0,,,,,,,
10000000,part1,gsweep,avg_int_1i32_10k,"avg_int, 1 i32 key(s), 10k groups in the key domain","SELECT k, avg(q) AS m FROM grid GROUP BY k",4.80,,,57.9,,30,,"yes",0.000e0,,,"LEFT AggregateExec (input rows 10000000 (exact) vs min_rows 250000; sum_avg_int over 1 i32 key (memory input): the measured table takes it at no group count and size (results/datafusion_groupby_sweep_2026-09-30.csv)) | LEFT AggregateExec (Partial aggregate whose Final was not replaced)",,0,0.00,0.00,0.00,0.00,0.00,0,10000,3.32,3.86,100,0,,,,,,,5.33,57.5,5.73,"yes",0,0,0,0.0000,0.00,0.00,"LEFT AggregateExec (input rows 10000000 (exact) vs min_rows 250000; sum_avg_int over 1 i32 key (memory input): the measured table takes it at no group count and size (results/datafusion_groupby_sweep_2026-09-30.csv)) | LEFT AggregateExec (Partial aggregate whose Final was not replaced)",5.25,2026-10-01 12:26:08,2026-10-01 12:26:13,2026-09-29 00:37:52,30,5.47,5.46,,,alternate,false,,,,,,,,0,,,,,,,
10000000,part1,gsweep,minmax_int_1i32_10k,"minmax_int, 1 i32 key(s), 10k groups in the key domain","SELECT k, min(q) AS lo, max(q) AS hi FROM grid GROUP BY k",5.29,,,57.5,,30,,"yes",0.000e0,,,"LEFT AggregateExec (input rows 10000000 (exact) vs min_rows 250000; minmax_int over 1 i32 key (memory input): the measured table takes it at no group count and size (results/datafusion_groupby_sweep_2026-09-30.csv)) | LEFT AggregateExec (Partial aggregate whose Final was not replaced)",,0,0.00,0.00,0.00,0.00,0.00,0,10000,3.32,3.86,100,0,,,,,,,5.31,57.0,5.67,"yes",0,0,0,0.0000,0.00,0.00,"LEFT AggregateExec (input rows 10000000 (exact) vs min_rows 250000; minmax_int over 1 i32 key (memory input): the measured table takes it at no group count and size (results/datafusion_groupby_sweep_2026-09-30.csv)) | LEFT AggregateExec (Partial aggregate whose Final was not replaced)",5.92,2026-10-01 12:26:08,2026-10-01 12:26:13,2026-09-29 00:37:52,30,5.38,5.42,,,alternate,false,,,,,,,,0,,,,,,,
10000000,part1,gsweep,sum_int_2i32_10k,"sum_int, 2 i32 key(s), 10k groups in the key domain","SELECT k1, k2, sum(q) AS s FROM grid GROUP BY k1, k2",8.88,,,99.2,,30,,"yes",0.000e0,,,"LEFT AggregateExec (input rows 10000000 (exact) vs min_rows 250000; sum_avg_int over 2+ i32 keys (memory input): the measured table takes it at no group count and size (results/datafusion_groupby_sweep_2026-09-30.csv)) | LEFT AggregateExec (Partial aggregate whose Final was not replaced)",,0,0.00,0.00,0.00,0.00,0.00,0,10000,3.32,3.86,100,0,,,,,,,8.85,99.2,10.87,"yes",0,0,0,0.0000,0.00,0.00,"LEFT AggregateExec (input rows 10000000 (exact) vs min_rows 250000; sum_avg_int over 2+ i32 keys (memory input): the measured table takes it at no group count and size (results/datafusion_groupby_sweep_2026-09-30.csv)) | LEFT AggregateExec (Partial aggregate whose Final was not replaced)",9.96,2026-10-01 12:26:08,2026-10-01 12:26:13,2026-09-29 00:37:52,30,9.06,9.03,,,alternate,false,,,,,,,,0,,,,,,,
10000000,part1,gsweep,sum_f64_1i64_10k,"sum_f64, 1 i64 key(s), 10k groups in the key domain","SELECT kl, sum(x) AS s FROM grid GROUP BY kl",4.57,,,48.0,,30,,"yes",4.836e-16,,,"LEFT AggregateExec (input rows 10000000 (exact) vs min_rows 250000; sum_avg_f64 over 1 i64 key (memory input): the measured table takes it at no group count and size (results/datafusion_groupby_sweep_2026-09-30.csv)) | LEFT AggregateExec (Partial aggregate whose Final was not replaced)",,0,0.00,0.00,0.00,0.00,0.00,0,10000,3.32,3.86,100,0,,,,,,,4.54,48.3,4.76,"yes",0,0,0,0.0000,0.00,0.00,"LEFT AggregateExec (input rows 10000000 (exact) vs min_rows 250000; sum_avg_f64 over 1 i64 key (memory input): the measured table takes it at no group count and size (results/datafusion_groupby_sweep_2026-09-30.csv)) | LEFT AggregateExec (Partial aggregate whose Final was not replaced)",4.55,2026-10-01 12:26:08,2026-10-01 12:26:13,2026-09-29 00:37:52,30,4.64,4.68,,,alternate,false,,,,,,,,0,,,,,,,
10000000,part1,gsweep,avg_int_1i64_10k,"avg_int, 1 i64 key(s), 10k groups in the key domain","SELECT kl, avg(q) AS m FROM grid GROUP BY kl",5.64,,,60.3,,30,,"yes",0.000e0,,,"LEFT AggregateExec (input rows 10000000 (exact) vs min_rows 250000; sum_avg_int over 1 i64 key (memory input): the measured table takes it at no group count and size (results/datafusion_groupby_sweep_2026-09-30.csv)) | LEFT AggregateExec (Partial aggregate whose Final was not replaced)",,0,0.00,0.00,0.00,0.00,0.00,0,10000,3.32,3.86,100,0,,,,,,,5.27,62.4,6.62,"yes",0,0,0,0.0000,0.00,0.00,"LEFT AggregateExec (input rows 10000000 (exact) vs min_rows 250000; sum_avg_int over 1 i64 key (memory input): the measured table takes it at no group count and size (results/datafusion_groupby_sweep_2026-09-30.csv)) | LEFT AggregateExec (Partial aggregate whose Final was not replaced)",5.66,2026-10-01 12:26:08,2026-10-01 12:26:13,2026-09-29 00:37:52,30,5.77,5.82,,,alternate,false,,,,,,,,0,,,,,,,
10000000,part1,gsweep,count_2i64_10k,"count, 2 i64 key(s), 10k groups in the key domain","SELECT kl1, kl2, count(*) AS n FROM grid GROUP BY kl1, kl2",9.19,,,102.6,,30,,"yes",0.000e0,,,"LEFT AggregateExec (input rows 10000000 (exact) vs min_rows 250000; count over 2+ i64 keys (memory input): the measured table takes it at no group count and size (results/datafusion_groupby_sweep_2026-09-30.csv)) | LEFT AggregateExec (Partial aggregate whose Final was not replaced)",,0,0.00,0.00,0.00,0.00,0.00,0,10000,3.32,3.86,100,0,,,,,,,9.17,102.8,8.23,"yes",0,0,0,0.0000,0.00,0.00,"LEFT AggregateExec (input rows 10000000 (exact) vs min_rows 250000; count over 2+ i64 keys (memory input): the measured table takes it at no group count and size (results/datafusion_groupby_sweep_2026-09-30.csv)) | LEFT AggregateExec (Partial aggregate whose Final was not replaced)",9.47,2026-10-01 12:26:08,2026-10-01 12:26:13,2026-09-29 00:37:52,30,9.41,9.73,,,alternate,false,,,,,,,,0,,,,,,,
10000000,part1,gsweep,avg_f64_2i64_10k,"avg_f64, 2 i64 key(s), 10k groups in the key domain","SELECT kl1, kl2, avg(x) AS m FROM grid GROUP BY kl1, kl2",9.86,,,109.2,,30,,"yes",2.776e-16,,,"LEFT AggregateExec (input rows 10000000 (exact) vs min_rows 250000; sum_avg_f64 over 2+ i64 keys (memory input): the measured table takes it at no group count and size (results/datafusion_groupby_sweep_2026-09-30.csv)) | LEFT AggregateExec (Partial aggregate whose Final was not replaced)",,0,0.00,0.00,0.00,0.00,0.00,0,10000,3.32,3.86,100,0,,,,,,,9.82,109.2,9.95,"yes",0,0,0,0.0000,0.00,0.00,"LEFT AggregateExec (input rows 10000000 (exact) vs min_rows 250000; sum_avg_f64 over 2+ i64 keys (memory input): the measured table takes it at no group count and size (results/datafusion_groupby_sweep_2026-09-30.csv)) | LEFT AggregateExec (Partial aggregate whose Final was not replaced)",11.22,2026-10-01 12:26:08,2026-10-01 12:26:13,2026-09-29 00:37:52,30,10.00,10.02,,,alternate,false,,,,,,,,0,,,,,,,
10000000,part1,gsweep,avg_f64_1i32_100k,"avg_f64, 1 i32 key(s), 100k groups in the key domain","SELECT k, avg(x) AS m FROM grid GROUP BY k",11.28,,,141.3,,30,,"yes",3.331e-16,,,"LEFT AggregateExec (input rows 10000000 (exact) vs min_rows 250000; sum_avg_f64 over 1 i32 key (memory input): the measured table takes it at no group count and size (results/datafusion_groupby_sweep_2026-09-30.csv)) | LEFT AggregateExec (Partial aggregate whose Final was not replaced)",,0,0.00,0.00,0.00,0.00,0.00,0,100000,3.50,4.70,100,0,,,,,,,11.19,142.6,12.60,"yes",0,0,0,0.0000,0.00,0.00,"LEFT AggregateExec (input rows 10000000 (exact) vs min_rows 250000; sum_avg_f64 over 1 i32 key (memory input): the measured table takes it at no group count and size (results/datafusion_groupby_sweep_2026-09-30.csv)) | LEFT AggregateExec (Partial aggregate whose Final was not replaced)",13.91,2026-10-01 12:26:37,2026-10-01 12:26:45,2026-09-29 00:37:52,30,11.88,11.69,,,alternate,false,,,,,,,,0,,,,,,,
10000000,part1,gsweep,avg_int_1i32_100k,"avg_int, 1 i32 key(s), 100k groups in the key domain","SELECT k, avg(q) AS m FROM grid GROUP BY k",11.64,,,144.9,,30,,"yes",0.000e0,,,"LEFT AggregateExec (input rows 10000000 (exact) vs min_rows 250000; sum_avg_int over 1 i32 key (memory input): the measured table takes it at no group count and size (results/datafusion_groupby_sweep_2026-09-30.csv)) | LEFT AggregateExec (Partial aggregate whose Final was not replaced)",,0,0.00,0.00,0.00,0.00,0.00,0,100000,3.50,4.70,100,0,,,,,,,11.71,147.6,12.66,"yes",0,0,0,0.0000,0.00,0.00,"LEFT AggregateExec (input rows 10000000 (exact) vs min_rows 250000; sum_avg_int over 1 i32 key (memory input): the measured table takes it at no group count and size (results/datafusion_groupby_sweep_2026-09-30.csv)) | LEFT AggregateExec (Partial aggregate whose Final was not replaced)",12.00,2026-10-01 12:26:37,2026-10-01 12:26:45,2026-09-29 00:37:52,30,12.39,12.39,,,alternate,false,,,,,,,,0,,,,,,,
10000000,part1,gsweep,sum_f64_2i32_100k,"sum_f64, 2 i32 key(s), 100k groups in the key domain","SELECT k1, k2, sum(x) AS s FROM grid GROUP BY k1, k2",14.59,,,182.4,,30,,"yes",6.087e-16,,,"LEFT AggregateExec (input rows 10000000 (exact) vs min_rows 250000; sum_avg_f64 over 2+ i32 keys (memory input): the measured table takes it at no group count and size (results/datafusion_groupby_sweep_2026-09-30.csv)) | LEFT AggregateExec (Partial aggregate whose Final was not replaced)",,0,0.00,0.00,0.00,0.00,0.00,0,100000,3.50,4.70,100,0,,,,,,,14.22,180.5,15.27,"yes",0,0,0,0.0000,0.00,0.00,"LEFT AggregateExec (input rows 10000000 (exact) vs min_rows 250000; sum_avg_f64 over 2+ i32 keys (memory input): the measured table takes it at no group count and size (results/datafusion_groupby_sweep_2026-09-30.csv)) | LEFT AggregateExec (Partial aggregate whose Final was not replaced)",16.04,2026-10-01 12:26:37,2026-10-01 12:26:45,2026-09-29 00:37:52,30,15.41,15.42,,,alternate,false,,,,,,,,0,,,,,,,
10000000,part1,gsweep,minmax_int_2i32_100k,"minmax_int, 2 i32 key(s), 100k groups in the key domain","SELECT k1, k2, min(q) AS lo, max(q) AS hi FROM grid GROUP BY k1, k2",18.82,,,255.0,,30,,"yes",0.000e0,,,"LEFT AggregateExec (input rows 10000000 (exact) vs min_rows 250000; minmax_int over 2+ i32 keys (memory input): the measured table takes no group count at 10M rows (the first take is at 50M rows; results/datafusion_groupby_sweep_2026-09-30.csv)) | LEFT AggregateExec (Partial aggregate whose Final was not replaced)",,0,0.00,0.00,0.00,0.00,0.00,0,100000,3.50,4.70,100,0,,,,,,,18.99,256.6,19.60,"yes",0,0,0,0.0000,0.00,0.00,"LEFT AggregateExec (input rows 10000000 (exact) vs min_rows 250000; minmax_int over 2+ i32 keys (memory input): the measured table takes no group count at 10M rows (the first take is at 50M rows; results/datafusion_groupby_sweep_2026-09-30.csv)) | LEFT AggregateExec (Partial aggregate whose Final was not replaced)",18.88,2026-10-01 12:26:37,2026-10-01 12:26:45,2026-09-29 00:37:52,30,19.37,19.71,,,alternate,false,,,,,,,,0,,,,,,,
10000000,part1,gsweep,sum_f64_1i64_100k,"sum_f64, 1 i64 key(s), 100k groups in the key domain","SELECT kl, sum(x) AS s FROM grid GROUP BY kl",10.18,,,128.5,,30,,"yes",7.365e-16,,,"LEFT AggregateExec (input rows 10000000 (exact) vs min_rows 250000; sum_avg_f64 over 1 i64 key (memory input): the measured table takes it at no group count and size (results/datafusion_groupby_sweep_2026-09-30.csv)) | LEFT AggregateExec (Partial aggregate whose Final was not replaced)",,0,0.00,0.00,0.00,0.00,0.00,0,100000,3.50,4.70,100,0,,,,,,,10.25,127.3,10.16,"yes",0,0,0,0.0000,0.00,0.00,"LEFT AggregateExec (input rows 10000000 (exact) vs min_rows 250000; sum_avg_f64 over 1 i64 key (memory input): the measured table takes it at no group count and size (results/datafusion_groupby_sweep_2026-09-30.csv)) | LEFT AggregateExec (Partial aggregate whose Final was not replaced)",10.40,2026-10-01 12:26:37,2026-10-01 12:26:45,2026-09-29 00:37:52,30,11.19,11.26,,,alternate,false,,,,,,,,0,,,,,,,
10000000,part1,gsweep,distinct_1i64_100k,"distinct, 1 i64 key(s), 100k groups in the key domain","SELECT DISTINCT kl FROM grid",8.97,,,111.5,,30,,"yes",0.000e0,,,"LEFT AggregateExec (input rows 10000000 (exact) vs min_rows 250000; distinct over 1 i64 key (memory input): the measured table takes it at no group count and size (results/datafusion_groupby_sweep_2026-09-30.csv)) | LEFT AggregateExec (Partial aggregate whose Final was not replaced)",,0,0.00,0.00,0.00,0.00,0.00,0,100000,3.50,4.70,100,0,,,,,,,8.90,112.6,8.86,"yes",0,0,0,0.0000,0.00,0.00,"LEFT AggregateExec (input rows 10000000 (exact) vs min_rows 250000; distinct over 1 i64 key (memory input): the measured table takes it at no group count and size (results/datafusion_groupby_sweep_2026-09-30.csv)) | LEFT AggregateExec (Partial aggregate whose Final was not replaced)",9.42,2026-10-01 12:26:37,2026-10-01 12:26:45,2026-09-29 00:37:52,30,9.33,9.50,,,alternate,false,,,,,,,,0,,,,,,,
10000000,part1,gsweep,avg_f64_2i64_100k,"avg_f64, 2 i64 key(s), 100k groups in the key domain","SELECT kl1, kl2, avg(x) AS m FROM grid GROUP BY kl1, kl2",18.62,,,254.2,,30,,"yes",4.441e-16,,,"LEFT AggregateExec (input rows 10000000 (exact) vs min_rows 250000; sum_avg_f64 over 2+ i64 keys (memory input): the measured table takes it at no group count and size (results/datafusion_groupby_sweep_2026-09-30.csv)) | LEFT AggregateExec (Partial aggregate whose Final was not replaced)",,0,0.00,0.00,0.00,0.00,0.00,0,100000,3.50,4.70,100,0,,,,,,,18.68,258.5,18.58,"yes",0,0,0,0.0000,0.00,0.00,"LEFT AggregateExec (input rows 10000000 (exact) vs min_rows 250000; sum_avg_f64 over 2+ i64 keys (memory input): the measured table takes it at no group count and size (results/datafusion_groupby_sweep_2026-09-30.csv)) | LEFT AggregateExec (Partial aggregate whose Final was not replaced)",19.78,2026-10-01 12:26:37,2026-10-01 12:26:45,2026-09-29 00:37:52,30,19.19,19.63,,,alternate,false,,,,,,,,0,,,,,,,
10000000,part1,gsweep,minmax_f64_1i32_1M,"minmax_f64, 1 i32 key(s), 1M groups in the key domain","SELECT k, min(x) AS lo, max(x) AS hi FROM grid GROUP BY k",19.10,,,272.7,,30,,"yes",0.000e0,,,"LEFT AggregateExec (input rows 10000000 (exact) vs min_rows 250000; minmax_f64 over 1 i32 key (memory input): the measured table takes it at no group count and size (results/datafusion_groupby_sweep_2026-09-30.csv)) | LEFT AggregateExec (Partial aggregate whose Final was not replaced)",,0,0.00,0.00,0.00,0.00,0.00,0,999951,3.10,4.39,100,0,,,,,,,19.01,272.6,20.35,"yes",0,0,0,0.0000,0.00,0.00,"LEFT AggregateExec (input rows 10000000 (exact) vs min_rows 250000; minmax_f64 over 1 i32 key (memory input): the measured table takes it at no group count and size (results/datafusion_groupby_sweep_2026-09-30.csv)) | LEFT AggregateExec (Partial aggregate whose Final was not replaced)",20.80,2026-10-01 12:27:50,2026-10-01 12:28:36,2026-09-29 00:37:52,30,19.49,19.54,,,alternate,false,,,,,,,,0,,,,,,,
10000000,part1,gsweep,avg_int_1i32_1M,"avg_int, 1 i32 key(s), 1M groups in the key domain","SELECT k, avg(q) AS m FROM grid GROUP BY k",17.17,,,241.6,,30,,"yes",0.000e0,,,"LEFT AggregateExec (input rows 10000000 (exact) vs min_rows 250000; sum_avg_int over 1 i32 key (memory input): the measured table takes it at no group count and size (results/datafusion_groupby_sweep_2026-09-30.csv)) | LEFT AggregateExec (Partial aggregate whose Final was not replaced)",,0,0.00,0.00,0.00,0.00,0.00,0,999951,3.10,4.39,100,0,,,,,,,17.32,240.9,17.87,"yes",0,0,0,0.0000,0.00,0.00,"LEFT AggregateExec (input rows 10000000 (exact) vs min_rows 250000; sum_avg_int over 1 i32 key (memory input): the measured table takes it at no group count and size (results/datafusion_groupby_sweep_2026-09-30.csv)) | LEFT AggregateExec (Partial aggregate whose Final was not replaced)",17.52,2026-10-01 12:27:50,2026-10-01 12:28:36,2026-09-29 00:37:52,30,17.71,17.62,,,alternate,false,,,,,,,,0,,,,,,,
10000000,part1,gsweep,minmax_int_1i32_1M,"minmax_int, 1 i32 key(s), 1M groups in the key domain","SELECT k, min(q) AS lo, max(q) AS hi FROM grid GROUP BY k",18.61,,,264.1,,30,,"yes",0.000e0,,,"LEFT AggregateExec (input rows 10000000 (exact) vs min_rows 250000; minmax_int over 1 i32 key (memory input): the measured table takes it at no group count and size (results/datafusion_groupby_sweep_2026-09-30.csv)) | LEFT AggregateExec (Partial aggregate whose Final was not replaced)",,0,0.00,0.00,0.00,0.00,0.00,0,999951,3.10,4.39,100,0,,,,,,,18.65,263.4,19.22,"yes",0,0,0,0.0000,0.00,0.00,"LEFT AggregateExec (input rows 10000000 (exact) vs min_rows 250000; minmax_int over 1 i32 key (memory input): the measured table takes it at no group count and size (results/datafusion_groupby_sweep_2026-09-30.csv)) | LEFT AggregateExec (Partial aggregate whose Final was not replaced)",18.62,2026-10-01 12:27:50,2026-10-01 12:28:36,2026-09-29 00:37:52,30,19.00,19.13,,,alternate,false,,,,,,,,0,,,,,,,
10000000,part1,gsweep,count_2i32_1M,"count, 2 i32 key(s), 1M groups in the key domain","SELECT k1, k2, count(*) AS n FROM grid GROUP BY k1, k2",17.67,,,253.1,,15,,"yes",0.000e0,,,"TAKEN AggregateExec (input rows 10000000 (exact) vs min_rows 250000; count over 2+ i32 keys (memory input): the measured table takes the 100k, 1M bucket(s) at 10M rows; MetalExec decides from a group-count estimate; output kept at one partition (only projections above it))",,0,0.00,0.00,0.00,0.00,0.00,0,999943,3.10,4.39,100,21,,,,,,,6.22,9.5,51.11,"yes",1,0,1040798,0.1972,0.19,4.47,"TAKEN AggregateExec (input rows 10000000 (exact) vs min_rows 250000; count over 2+ i32 keys (memory input): the measured table takes the 100k, 1M bucket(s) at 10M rows; MetalExec decides from a group-count estimate; output kept at one partition (only projections above it)) | TAKEN MetalExec Aggregate { keys (ran on ArrowMetal: an estimated 1040798 groups (740276 to 1671653, Chao1 over a 8192-row sample) at 10000000 rows: count at the 1M bucket is taken from 10M rows (from the first rows of each partition; a 2048-row sample of the whole input puts it at 222231 to 10000000 groups))",17.89,2026-10-01 12:27:50,2026-10-01 12:28:36,2026-09-29 00:37:52,3,17.71,6.44,,,rounds,true,26.63,31.64,33.59,500,36.62,33.6,403.8,3,5000,32.92,35.42,35.53,36.41,41.5,409.2
10000000,part1,gsweep,sum_f64_2i32_1M,"sum_f64, 2 i32 key(s), 1M groups in the key domain","SELECT k1, k2, sum(x) AS s FROM grid GROUP BY k1, k2",18.01,,,256.4,,30,,"yes",6.740e-16,,,"LEFT AggregateExec (input rows 10000000 (exact) vs min_rows 250000; sum_avg_f64 over 2+ i32 keys (memory input): the measured table takes it at no group count and size (results/datafusion_groupby_sweep_2026-09-30.csv)) | LEFT AggregateExec (Partial aggregate whose Final was not replaced)",,0,0.00,0.00,0.00,0.00,0.00,0,999943,3.10,4.39,100,0,,,,,,,17.82,256.4,20.14,"yes",0,0,0,0.0000,0.00,0.00,"LEFT AggregateExec (input rows 10000000 (exact) vs min_rows 250000; sum_avg_f64 over 2+ i32 keys (memory input): the measured table takes it at no group count and size (results/datafusion_groupby_sweep_2026-09-30.csv)) | LEFT AggregateExec (Partial aggregate whose Final was not replaced)",21.69,2026-10-01 12:27:50,2026-10-01 12:28:36,2026-09-29 00:37:52,30,18.40,18.42,,,alternate,false,,,,,,,,0,,,,,,,
10000000,part1,gsweep,minmax_int_1i64_1M,"minmax_int, 1 i64 key(s), 1M groups in the key domain","SELECT kl, min(q) AS lo, max(q) AS hi FROM grid GROUP BY kl",20.35,,,289.2,,30,,"yes",0.000e0,,,"LEFT AggregateExec (input rows 10000000 (exact) vs min_rows 250000; minmax_int over 1 i64 key (memory input): the measured table takes no group count at 10M rows (the first take is at 50M rows; results/datafusion_groupby_sweep_2026-09-30.csv)) | LEFT AggregateExec (Partial aggregate whose Final was not replaced)",,0,0.00,0.00,0.00,0.00,0.00,0,999951,3.10,4.39,100,0,,,,,,,20.55,295.0,21.11,"yes",0,0,0,0.0000,0.00,0.00,"LEFT AggregateExec (input rows 10000000 (exact) vs min_rows 250000; minmax_int over 1 i64 key (memory input): the measured table takes no group count at 10M rows (the first take is at 50M rows; results/datafusion_groupby_sweep_2026-09-30.csv)) | LEFT AggregateExec (Partial aggregate whose Final was not replaced)",20.86,2026-10-01 12:27:50,2026-10-01 12:28:36,2026-09-29 00:37:52,30,20.87,21.01,,,alternate,false,,,,,,,,0,,,,,,,
10000000,part1,gsweep,minmax_f64_2i64_1M,"minmax_f64, 2 i64 key(s), 1M groups in the key domain","SELECT kl1, kl2, min(x) AS lo, max(x) AS hi FROM grid GROUP BY kl1, kl2",26.73,,,381.5,,30,,"yes",0.000e0,,,"LEFT AggregateExec (input rows 10000000 (exact) vs min_rows 250000; minmax_f64 over 2+ i64 keys (memory input): the measured table takes it at no group count and size (results/datafusion_groupby_sweep_2026-09-30.csv)) | LEFT AggregateExec (Partial aggregate whose Final was not replaced)",,0,0.00,0.00,0.00,0.00,0.00,0,999943,3.10,4.39,100,0,,,,,,,26.63,384.5,27.63,"yes",0,0,0,0.0000,0.00,0.00,"LEFT AggregateExec (input rows 10000000 (exact) vs min_rows 250000; minmax_f64 over 2+ i64 keys (memory input): the measured table takes it at no group count and size (results/datafusion_groupby_sweep_2026-09-30.csv)) | LEFT AggregateExec (Partial aggregate whose Final was not replaced)",27.66,2026-10-01 12:27:50,2026-10-01 12:28:36,2026-09-29 00:37:52,30,27.25,27.25,,,alternate,false,,,,,,,,0,,,,,,,
10000000,part1,gsweep,sum_int_2i64_1M,"sum_int, 2 i64 key(s), 1M groups in the key domain","SELECT kl1, kl2, sum(q) AS s FROM grid GROUP BY kl1, kl2",20.60,,,290.8,,30,,"yes",0.000e0,,,"LEFT AggregateExec (input rows 10000000 (exact) vs min_rows 250000; sum_avg_int over 2+ i64 keys (memory input): the measured table takes it at no group count and size (results/datafusion_groupby_sweep_2026-09-30.csv)) | LEFT AggregateExec (Partial aggregate whose Final was not replaced)",,0,0.00,0.00,0.00,0.00,0.00,0,999943,3.10,4.39,100,0,,,,,,,20.58,294.6,21.66,"yes",0,0,0,0.0000,0.00,0.00,"LEFT AggregateExec (input rows 10000000 (exact) vs min_rows 250000; sum_avg_int over 2+ i64 keys (memory input): the measured table takes it at no group count and size (results/datafusion_groupby_sweep_2026-09-30.csv)) | LEFT AggregateExec (Partial aggregate whose Final was not replaced)",21.17,2026-10-01 12:27:50,2026-10-01 12:28:36,2026-09-29 00:37:52,30,21.07,21.08,,,alternate,false,,,,,,,,0,,,,,,,
10000000,part1,gsweep,count_1i32_R2,"count, 1 i32 key(s), R2 groups in the key domain","SELECT k, count(*) AS n FROM grid GROUP BY k",22.23,,,327.2,,30,,"yes",0.000e0,,,"LEFT AggregateExec (input rows 10000000 (exact) vs min_rows 250000; count over 1 i32 key (memory input): the measured table takes it at no group count and size (results/datafusion_groupby_sweep_2026-09-30.csv)) | LEFT AggregateExec (Partial aggregate whose Final was not replaced)",,0,0.00,0.00,0.00,0.00,0.00,0,4323738,3.14,6.74,100,0,,,,,,,22.59,333.4,24.92,"yes",0,0,0,0.0000,0.00,0.00,"LEFT AggregateExec (input rows 10000000 (exact) vs min_rows 250000; count over 1 i32 key (memory input): the measured table takes it at no group count and size (results/datafusion_groupby_sweep_2026-09-30.csv)) | LEFT AggregateExec (Partial aggregate whose Final was not replaced)",25.06,2026-10-01 12:29:40,2026-10-01 12:30:05,2026-09-29 00:37:52,30,23.57,23.93,,,alternate,false,,,,,,,,0,,,,,,,
10000000,part1,gsweep,count_2i32_R2,"count, 2 i32 key(s), R2 groups in the key domain","SELECT k1, k2, count(*) AS n FROM grid GROUP BY k1, k2",27.46,,,406.7,,30,,"yes",0.000e0,,,"TAKEN AggregateExec (input rows 10000000 (exact) vs min_rows 250000; count over 2+ i32 keys (memory input): the measured table takes the 100k, 1M bucket(s) at 10M rows; MetalExec decides from a group-count estimate; output kept at one partition (only projections above it))",,0,0.00,0.00,0.00,0.00,0.00,0,4321209,3.14,6.74,100,0,,,,,,,27.73,404.5,29.03,"yes",1,1,3348488,0.1505,0.01,0.00,"TAKEN AggregateExec (input rows 10000000 (exact) vs min_rows 250000; count over 2+ i32 keys (memory input): the measured table takes the 100k, 1M bucket(s) at 10M rows; MetalExec decides from a group-count estimate; output kept at one partition (only projections above it)) | LEFT MetalExec Aggregate { keys (handed back to DataFusion: an estimated 3348488 groups (1863908 to 10000000, Chao1 over a 8192-row sample) at 10000000 rows: the range reaches group counts the table decides differently; left to DataFusion (from the first 16384 rows of each partition))",28.05,2026-10-01 12:29:40,2026-10-01 12:30:05,2026-09-29 00:37:52,30,28.71,28.93,,,alternate,false,,,,,,,,0,,,,,,,
10000000,part1,gsweep,minmax_f64_2i32_R2,"minmax_f64, 2 i32 key(s), R2 groups in the key domain","SELECT k1, k2, min(x) AS lo, max(x) AS hi FROM grid GROUP BY k1, k2",36.06,,,537.1,,30,,"yes",0.000e0,,,"LEFT AggregateExec (input rows 10000000 (exact) vs min_rows 250000; minmax_f64 over 2+ i32 keys (memory input): the measured table takes it at no group count and size (results/datafusion_groupby_sweep_2026-09-30.csv)) | LEFT AggregateExec (Partial aggregate whose Final was not replaced)",,0,0.00,0.00,0.00,0.00,0.00,0,4321209,3.14,6.74,100,0,,,,,,,36.10,539.1,37.64,"yes",0,0,0,0.0000,0.00,0.00,"LEFT AggregateExec (input rows 10000000 (exact) vs min_rows 250000; minmax_f64 over 2+ i32 keys (memory input): the measured table takes it at no group count and size (results/datafusion_groupby_sweep_2026-09-30.csv)) | LEFT AggregateExec (Partial aggregate whose Final was not replaced)",39.82,2026-10-01 12:29:40,2026-10-01 12:30:05,2026-09-29 00:37:52,30,36.99,37.69,,,alternate,false,,,,,,,,0,,,,,,,
10000000,part1,gsweep,minmax_int_2i32_R2,"minmax_int, 2 i32 key(s), R2 groups in the key domain","SELECT k1, k2, min(q) AS lo, max(q) AS hi FROM grid GROUP BY k1, k2",35.10,,,526.4,,30,,"yes",0.000e0,,,"LEFT AggregateExec (input rows 10000000 (exact) vs min_rows 250000; minmax_int over 2+ i32 keys (memory input): the measured table takes no group count at 10M rows (the first take is at 50M rows; results/datafusion_groupby_sweep_2026-09-30.csv)) | LEFT AggregateExec (Partial aggregate whose Final was not replaced)",,0,0.00,0.00,0.00,0.00,0.00,0,4321209,3.14,6.74,100,0,,,,,,,35.33,522.2,36.41,"yes",0,0,0,0.0000,0.00,0.00,"LEFT AggregateExec (input rows 10000000 (exact) vs min_rows 250000; minmax_int over 2+ i32 keys (memory input): the measured table takes no group count at 10M rows (the first take is at 50M rows; results/datafusion_groupby_sweep_2026-09-30.csv)) | LEFT AggregateExec (Partial aggregate whose Final was not replaced)",36.12,2026-10-01 12:29:40,2026-10-01 12:30:05,2026-09-29 00:37:52,30,36.38,36.49,,,alternate,false,,,,,,,,0,,,,,,,
10000000,part1,gsweep,distinct_2i32_R2,"distinct, 2 i32 key(s), R2 groups in the key domain","SELECT DISTINCT k1, k2 FROM grid",21.70,,,322.5,,30,,"yes",0.000e0,,,"LEFT AggregateExec (input rows 10000000 (exact) vs min_rows 250000; distinct over 2+ i32 keys (memory input): the measured table takes no group count at 10M rows (the first take is at 50M rows; results/datafusion_groupby_sweep_2026-09-30.csv)) | LEFT AggregateExec (Partial aggregate whose Final was not replaced)",,0,0.00,0.00,0.00,0.00,0.00,0,4321209,3.14,6.74,100,0,,,,,,,21.80,322.4,23.50,"yes",0,0,0,0.0000,0.00,0.00,"LEFT AggregateExec (input rows 10000000 (exact) vs min_rows 250000; distinct over 2+ i32 keys (memory input): the measured table takes no group count at 10M rows (the first take is at 50M rows; results/datafusion_groupby_sweep_2026-09-30.csv)) | LEFT AggregateExec (Partial aggregate whose Final was not replaced)",22.39,2026-10-01 12:29:40,2026-10-01 12:30:05,2026-09-29 00:37:52,30,22.69,22.90,,,alternate,false,,,,,,,,0,,,,,,,
10000000,part1,gsweep,avg_f64_1i64_R2,"avg_f64, 1 i64 key(s), R2 groups in the key domain","SELECT kl, avg(x) AS m FROM grid GROUP BY kl",30.88,,,444.7,,30,,"yes",3.331e-16,,,"LEFT AggregateExec (input rows 10000000 (exact) vs min_rows 250000; sum_avg_f64 over 1 i64 key (memory input): the measured table takes it at no group count and size (results/datafusion_groupby_sweep_2026-09-30.csv)) | LEFT AggregateExec (Partial aggregate whose Final was not replaced)",,0,0.00,0.00,0.00,0.00,0.00,0,4323738,3.14,6.74,100,0,,,,,,,30.72,450.6,33.27,"yes",0,0,0,0.0000,0.00,0.00,"LEFT AggregateExec (input rows 10000000 (exact) vs min_rows 250000; sum_avg_f64 over 1 i64 key (memory input): the measured table takes it at no group count and size (results/datafusion_groupby_sweep_2026-09-30.csv)) | LEFT AggregateExec (Partial aggregate whose Final was not replaced)",31.32,2026-10-01 12:29:40,2026-10-01 12:30:05,2026-09-29 00:37:52,30,31.71,31.92,,,alternate,false,,,,,,,,0,,,,,,,
10000000,part1,gsweep,avg_int_1i64_R2,"avg_int, 1 i64 key(s), R2 groups in the key domain","SELECT kl, avg(q) AS m FROM grid GROUP BY kl",30.96,,,462.2,,30,,"yes",0.000e0,,,"LEFT AggregateExec (input rows 10000000 (exact) vs min_rows 250000; sum_avg_int over 1 i64 key (memory input): the measured table takes it at no group count and size (results/datafusion_groupby_sweep_2026-09-30.csv)) | LEFT AggregateExec (Partial aggregate whose Final was not replaced)",,0,0.00,0.00,0.00,0.00,0.00,0,4323738,3.14,6.74,100,0,,,,,,,30.96,455.3,35.21,"yes",0,0,0,0.0000,0.00,0.00,"LEFT AggregateExec (input rows 10000000 (exact) vs min_rows 250000; sum_avg_int over 1 i64 key (memory input): the measured table takes it at no group count and size (results/datafusion_groupby_sweep_2026-09-30.csv)) | LEFT AggregateExec (Partial aggregate whose Final was not replaced)",34.86,2026-10-01 12:29:40,2026-10-01 12:30:05,2026-09-29 00:37:52,30,32.12,32.14,,,alternate,false,,,,,,,,0,,,,,,,
10000000,part1,gsweep,distinct_1i64_R2,"distinct, 1 i64 key(s), R2 groups in the key domain","SELECT DISTINCT kl FROM grid",20.63,,,293.6,,30,,"yes",0.000e0,,,"LEFT AggregateExec (input rows 10000000 (exact) vs min_rows 250000; distinct over 1 i64 key (memory input): the measured table takes it at no group count and size (results/datafusion_groupby_sweep_2026-09-30.csv)) | LEFT AggregateExec (Partial aggregate whose Final was not replaced)",,0,0.00,0.00,0.00,0.00,0.00,0,4323738,3.14,6.74,100,0,,,,,,,21.12,301.1,22.91,"yes",0,0,0,0.0000,0.00,0.00,"LEFT AggregateExec (input rows 10000000 (exact) vs min_rows 250000; distinct over 1 i64 key (memory input): the measured table takes it at no group count and size (results/datafusion_groupby_sweep_2026-09-30.csv)) | LEFT AggregateExec (Partial aggregate whose Final was not replaced)",21.67,2026-10-01 12:29:40,2026-10-01 12:30:05,2026-09-29 00:37:52,30,22.29,22.49,,,alternate,false,,,,,,,,0,,,,,,,
10000000,part1,gsweep,sum_f64_2i64_R2,"sum_f64, 2 i64 key(s), R2 groups in the key domain","SELECT kl1, kl2, sum(x) AS s FROM grid GROUP BY kl1, kl2",31.00,,,457.8,,30,,"yes",4.439e-16,,,"LEFT AggregateExec (input rows 10000000 (exact) vs min_rows 250000; sum_avg_f64 over 2+ i64 keys (memory input): the measured table takes it at no group count and size (results/datafusion_groupby_sweep_2026-09-30.csv)) | LEFT AggregateExec (Partial aggregate whose Final was not replaced)",,0,0.00,0.00,0.00,0.00,0.00,0,4321209,3.14,6.74,100,0,,,,,,,30.85,457.9,32.30,"yes",0,0,0,0.0000,0.00,0.00,"LEFT AggregateExec (input rows 10000000 (exact) vs min_rows 250000; sum_avg_f64 over 2+ i64 keys (memory input): the measured table takes it at no group count and size (results/datafusion_groupby_sweep_2026-09-30.csv)) | LEFT AggregateExec (Partial aggregate whose Final was not replaced)",32.16,2026-10-01 12:29:40,2026-10-01 12:30:05,2026-09-29 00:37:52,30,31.89,31.97,,,alternate,false,,,,,,,,0,,,,,,,
50000000,b8192,gsweep,count_1i32_200,"count, 1 i32 key(s), 200 groups in the key domain","SELECT k, count(*) AS n FROM grid GROUP BY k",15.82,,,190.8,,30,,"yes",0.000e0,,,"LEFT AggregateExec (input rows 50000000 (exact) vs min_rows 250000; count over 1 i32 key (memory input): the measured table takes it at no group count and size (results/datafusion_groupby_sweep_2026-09-30.csv)) | LEFT AggregateExec (Partial aggregate whose Final was not replaced)",,0,0.00,0.00,0.00,0.00,0.00,0,200,2.96,5.42,100,0,,,,,,,15.10,191.1,17.79,"yes",0,0,0,0.0000,0.00,0.00,"LEFT AggregateExec (input rows 50000000 (exact) vs min_rows 250000; count over 1 i32 key (memory input): the measured table takes it at no group count and size (results/datafusion_groupby_sweep_2026-09-30.csv)) | LEFT AggregateExec (Partial aggregate whose Final was not replaced)",18.28,2026-10-01 12:31:11,2026-10-01 12:31:25,2026-09-29 00:37:52,30,17.58,17.56,,,alternate,false,,,,,,,,0,,,,,,,
50000000,b8192,gsweep,minmax_int_2i32_200,"minmax_int, 2 i32 key(s), 200 groups in the key domain","SELECT k1, k2, min(q) AS lo, max(q) AS hi FROM grid GROUP BY k1, k2",32.77,,,465.9,,30,,"yes",0.000e0,,,"TAKEN AggregateExec (input rows 50000000 (exact) vs min_rows 250000; minmax_int over 2+ i32 keys (memory input): the measured table takes the 100k, 1M bucket(s) at 50M rows; MetalExec decides from a group-count estimate; output kept at one partition (only projections above it))",,0,0.00,0.00,0.00,0.00,0.00,0,200,2.96,5.42,100,0,,,,,,,32.97,467.2,35.63,"yes",1,1,203,0.0203,0.01,0.00,"TAKEN AggregateExec (input rows 50000000 (exact) vs min_rows 250000; minmax_int over 2+ i32 keys (memory input): the measured table takes the 100k, 1M bucket(s) at 50M rows; MetalExec decides from a group-count estimate; output kept at one partition (only projections above it)) | LEFT MetalExec Aggregate { keys (handed back to DataFusion: an estimated 203 groups (198 to 210, Chao1 over a 512-row sample) at 50000000 rows: minmax_int at the 200 bucket is not taken at any measured size (needs 1.65x at two or more sizes; 1M: 0.38x, 2M: 0.69x, 5M: 1.10x, 10M: 1.40x, 50M: 1.70x); left to DataFusion (from the first 16384 rows of each partition))",33.23,2026-10-01 12:31:11,2026-10-01 12:31:25,2026-09-29 00:37:52,30,36.97,36.94,,,alternate,false,,,,,,,,0,,,,,,,
50000000,b8192,gsweep,count_1i64_200,"count, 1 i64 key(s), 200 groups in the key domain","SELECT kl, count(*) AS n FROM grid GROUP BY kl",15.88,,,191.9,,30,,"yes",0.000e0,,,"LEFT AggregateExec (input rows 50000000 (exact) vs min_rows 250000; count over 1 i64 key (memory input): the measured table takes it at no group count and size (results/datafusion_groupby_sweep_2026-09-30.csv)) | LEFT AggregateExec (Partial aggregate whose Final was not replaced)",,0,0.00,0.00,0.00,0.00,0.00,0,200,2.96,5.42,100,0,,,,,,,15.16,193.2,17.97,"yes",0,0,0,0.0000,0.00,0.00,"LEFT AggregateExec (input rows 50000000 (exact) vs min_rows 250000; count over 1 i64 key (memory input): the measured table takes it at no group count and size (results/datafusion_groupby_sweep_2026-09-30.csv)) | LEFT AggregateExec (Partial aggregate whose Final was not replaced)",17.26,2026-10-01 12:31:11,2026-10-01 12:31:25,2026-09-29 00:37:52,30,17.78,17.80,,,alternate,false,,,,,,,,0,,,,,,,
50000000,b8192,gsweep,minmax_int_1i64_200,"minmax_int, 1 i64 key(s), 200 groups in the key domain","SELECT kl, min(q) AS lo, max(q) AS hi FROM grid GROUP BY kl",18.07,,,200.8,,30,,"yes",0.000e0,,,"TAKEN AggregateExec (input rows 50000000 (exact) vs min_rows 250000; minmax_int over 1 i64 key (memory input): the measured table takes the 1M bucket(s) at 50M rows; MetalExec decides from a group-count estimate; output kept at one partition (only projections above it))",,0,0.00,0.00,0.00,0.00,0.00,0,200,2.96,5.42,100,0,,,,,,,18.13,200.6,18.96,"yes",1,1,197,0.0188,0.01,0.00,"TAKEN AggregateExec (input rows 50000000 (exact) vs min_rows 250000; minmax_int over 1 i64 key (memory input): the measured table takes the 1M bucket(s) at 50M rows; MetalExec decides from a group-count estimate; output kept at one partition (only projections above it)) | LEFT MetalExec Aggregate { keys (handed back to DataFusion: an estimated 197 groups (195 to 199, Chao1 over a 512-row sample) at 50000000 rows: minmax_int at the 200 bucket is not taken at any measured size (needs 1.65x at two or more sizes; 1M: 0.44x, 2M: 0.59x, 5M: 0.73x, 10M: 0.77x, 50M: 1.00x); left to DataFusion (from the first 16384 rows of each partition))",19.64,2026-10-01 12:31:11,2026-10-01 12:31:25,2026-09-29 00:37:52,30,18.59,18.68,,,alternate,false,,,,,,,,0,,,,,,,
50000000,b8192,gsweep,avg_f64_2i64_200,"avg_f64, 2 i64 key(s), 200 groups in the key domain","SELECT kl1, kl2, avg(x) AS m FROM grid GROUP BY kl1, kl2",32.63,,,462.5,,30,,"yes",2.220e-16,,,"LEFT AggregateExec (input rows 50000000 (exact) vs min_rows 250000; sum_avg_f64 over 2+ i64 keys (memory input): the measured table takes it at no group count and size (results/datafusion_groupby_sweep_2026-09-30.csv)) | LEFT AggregateExec (Partial aggregate whose Final was not replaced)",,0,0.00,0.00,0.00,0.00,0.00,0,200,2.96,5.42,100,0,,,,,,,32.69,463.9,32.84,"yes",0,0,0,0.0000,0.00,0.00,"LEFT AggregateExec (input rows 50000000 (exact) vs min_rows 250000; sum_avg_f64 over 2+ i64 keys (memory input): the measured table takes it at no group count and size (results/datafusion_groupby_sweep_2026-09-30.csv)) | LEFT AggregateExec (Partial aggregate whose Final was not replaced)",36.00,2026-10-01 12:31:11,2026-10-01 12:31:25,2026-09-29 00:37:52,30,37.30,36.56,,,alternate,false,,,,,,,,0,,,,,,,
50000000,b8192,gsweep,sum_int_2i64_200,"sum_int, 2 i64 key(s), 200 groups in the key domain","SELECT kl1, kl2, sum(q) AS s FROM grid GROUP BY kl1, kl2",32.48,,,455.5,,30,,"yes",0.000e0,,,"LEFT AggregateExec (input rows 50000000 (exact) vs min_rows 250000; sum_avg_int over 2+ i64 keys (memory input): the measured table takes it at no group count and size (results/datafusion_groupby_sweep_2026-09-30.csv)) | LEFT AggregateExec (Partial aggregate whose Final was not replaced)",,0,0.00,0.00,0.00,0.00,0.00,0,200,2.96,5.42,100,0,,,,,,,32.33,452.7,40.44,"yes",0,0,0,0.0000,0.00,0.00,"LEFT AggregateExec (input rows 50000000 (exact) vs min_rows 250000; sum_avg_int over 2+ i64 keys (memory input): the measured table takes it at no group count and size (results/datafusion_groupby_sweep_2026-09-30.csv)) | LEFT AggregateExec (Partial aggregate whose Final was not replaced)",35.18,2026-10-01 12:31:11,2026-10-01 12:31:25,2026-09-29 00:37:52,30,35.43,36.92,,,alternate,false,,,,,,,,0,,,,,,,
50000000,b8192,gsweep,minmax_int_2i64_200,"minmax_int, 2 i64 key(s), 200 groups in the key domain","SELECT kl1, kl2, min(q) AS lo, max(q) AS hi FROM grid GROUP BY kl1, kl2",33.14,,,469.2,,30,,"yes",0.000e0,,,"TAKEN AggregateExec (input rows 50000000 (exact) vs min_rows 250000; minmax_int over 2+ i64 keys (memory input): the measured table takes the 100k, 1M bucket(s) at 50M rows; MetalExec decides from a group-count estimate; output kept at one partition (only projections above it))",,0,0.00,0.00,0.00,0.00,0.00,0,200,2.96,5.42,100,0,,,,,,,33.19,469.1,38.64,"yes",1,1,203,0.0231,0.01,0.00,"TAKEN AggregateExec (input rows 50000000 (exact) vs min_rows 250000; minmax_int over 2+ i64 keys (memory input): the measured table takes the 100k, 1M bucket(s) at 50M rows; MetalExec decides from a group-count estimate; output kept at one partition (only projections above it)) | LEFT MetalExec Aggregate { keys (handed back to DataFusion: an estimated 203 groups (198 to 210, Chao1 over a 512-row sample) at 50000000 rows: minmax_int at the 200 bucket is not taken at any measured size (needs 1.65x at two or more sizes; 1M: 0.59x, 2M: 0.77x, 5M: 1.00x, 10M: 1.20x, 50M: 1.30x); left to DataFusion (from the first 16384 rows of each partition))",35.35,2026-10-01 12:31:11,2026-10-01 12:31:25,2026-09-29 00:37:52,30,37.33,35.60,,,alternate,false,,,,,,,,0,,,,,,,
50000000,b8192,gsweep,count_1i32_10k,"count, 1 i32 key(s), 10k groups in the key domain","SELECT k, count(*) AS n FROM grid GROUP BY k",18.71,,,210.4,,30,,"yes",0.000e0,,,"LEFT AggregateExec (input rows 50000000 (exact) vs min_rows 250000; count over 1 i32 key (memory input): the measured table takes it at no group count and size (results/datafusion_groupby_sweep_2026-09-30.csv)) | LEFT AggregateExec (Partial aggregate whose Final was not replaced)",,0,0.00,0.00,0.00,0.00,0.00,0,10000,3.01,6.24,100,0,,,,,,,17.43,211.8,21.47,"yes",0,0,0,0.0000,0.00,0.00,"LEFT AggregateExec (input rows 50000000 (exact) vs min_rows 250000; count over 1 i32 key (memory input): the measured table takes it at no group count and size (results/datafusion_groupby_sweep_2026-09-30.csv)) | LEFT AggregateExec (Partial aggregate whose Final was not replaced)",20.42,2026-10-01 12:32:51,2026-10-01 12:33:14,2026-09-29 00:37:52,30,19.42,19.15,,,alternate,false,,,,,,,,0,,,,,,,
50000000,b8192,gsweep,sum_int_1i32_10k,"sum_int, 1 i32 key(s), 10k groups in the key domain","SELECT k, sum(q) AS s FROM grid GROUP BY k",18.52,,,202.6,,30,,"yes",0.000e0,,,"LEFT AggregateExec (input rows 50000000 (exact) vs min_rows 250000; sum_avg_int over 1 i32 key (memory input): the measured table takes it at no group count and size (results/datafusion_groupby_sweep_2026-09-30.csv)) | LEFT AggregateExec (Partial aggregate whose Final was not replaced)",,0,0.00,0.00,0.00,0.00,0.00,0,10000,3.01,6.24,100,0,,,,,,,18.60,199.5,18.96,"yes",0,0,0,0.0000,0.00,0.00,"LEFT AggregateExec (input rows 50000000 (exact) vs min_rows 250000; sum_avg_int over 1 i32 key (memory input): the measured table takes it at no group count and size (results/datafusion_groupby_sweep_2026-09-30.csv)) | LEFT AggregateExec (Partial aggregate whose Final was not replaced)",18.74,2026-10-01 12:32:51,2026-10-01 12:33:14,2026-09-29 00:37:52,30,18.99,18.97,,,alternate,false,,,,,,,,0,,,,,,,
50000000,b8192,gsweep,avg_int_1i32_10k,"avg_int, 1 i32 key(s), 10k groups in the key domain","SELECT k, avg(q) AS m FROM grid GROUP BY k",20.50,,,263.1,,30,,"yes",0.000e0,,,"LEFT AggregateExec (input rows 50000000 (exact) vs min_rows 250000; sum_avg_int over 1 i32 key (memory input): the measured table takes it at no group count and size (results/datafusion_groupby_sweep_2026-09-30.csv)) | LEFT AggregateExec (Partial aggregate whose Final was not replaced)",,0,0.00,0.00,0.00,0.00,0.00,0,10000,3.01,6.24,100,0,,,,,,,20.20,262.0,24.21,"yes",0,0,0,0.0000,0.00,0.00,"LEFT AggregateExec (input rows 50000000 (exact) vs min_rows 250000; sum_avg_int over 1 i32 key (memory input): the measured table takes it at no group count and size (results/datafusion_groupby_sweep_2026-09-30.csv)) | LEFT AggregateExec (Partial aggregate whose Final was not replaced)",26.72,2026-10-01 12:32:51,2026-10-01 12:33:14,2026-09-29 00:37:52,30,23.37,23.20,,,alternate,false,,,,,,,,0,,,,,,,
50000000,b8192,gsweep,minmax_int_2i32_10k,"minmax_int, 2 i32 key(s), 10k groups in the key domain","SELECT k1, k2, min(q) AS lo, max(q) AS hi FROM grid GROUP BY k1, k2",34.86,,,502.4,,30,,"yes",0.000e0,,,"TAKEN AggregateExec (input rows 50000000 (exact) vs min_rows 250000; minmax_int over 2+ i32 keys (memory input): the measured table takes the 100k, 1M bucket(s) at 50M rows; MetalExec decides from a group-count estimate; output kept at one partition (only projections above it))",,0,0.00,0.00,0.00,0.00,0.00,0,10000,3.01,6.24,100,0,,,,,,,34.99,501.1,42.54,"yes",1,1,8812,0.0225,0.01,0.00,"TAKEN AggregateExec (input rows 50000000 (exact) vs min_rows 250000; minmax_int over 2+ i32 keys (memory input): the measured table takes the 100k, 1M bucket(s) at 50M rows; MetalExec decides from a group-count estimate; output kept at one partition (only projections above it)) | LEFT MetalExec Aggregate { keys (handed back to DataFusion: an estimated 8812 groups (5512 to 20605, Chao1 over a 512-row sample) at 50000000 rows: minmax_int at the 10k bucket is not taken at any measured size (needs 1.65x at two or more sizes; 1M: 0.59x, 2M: 1.20x, 5M: 1.50x, 10M: 1.40x, 50M: 1.50x); left to DataFusion (from the first 16384 rows of each partition))",43.90,2026-10-01 12:32:51,2026-10-01 12:33:14,2026-09-29 00:37:52,30,40.35,40.14,,,alternate,false,,,,,,,,0,,,,,,,
50000000,b8192,gsweep,sum_f64_1i64_10k,"sum_f64, 1 i64 key(s), 10k groups in the key domain","SELECT kl, sum(x) AS s FROM grid GROUP BY kl",19.27,,,216.6,,30,,"yes",5.765e-16,,,"LEFT AggregateExec (input rows 50000000 (exact) vs min_rows 250000; sum_avg_f64 over 1 i64 key (memory input): the measured table takes it at no group count and size (results/datafusion_groupby_sweep_2026-09-30.csv)) | LEFT AggregateExec (Partial aggregate whose Final was not replaced)",,0,0.00,0.00,0.00,0.00,0.00,0,10000,3.01,6.24,100,0,,,,,,,19.30,215.4,20.62,"yes",0,0,0,0.0000,0.00,0.00,"LEFT AggregateExec (input rows 50000000 (exact) vs min_rows 250000; sum_avg_f64 over 1 i64 key (memory input): the measured table takes it at no group count and size (results/datafusion_groupby_sweep_2026-09-30.csv)) | LEFT AggregateExec (Partial aggregate whose Final was not replaced)",19.30,2026-10-01 12:32:51,2026-10-01 12:33:14,2026-09-29 00:37:52,30,19.62,19.68,,,alternate,false,,,,,,,,0,,,,,,,
50000000,b8192,gsweep,minmax_f64_1i64_10k,"minmax_f64, 1 i64 key(s), 10k groups in the key domain","SELECT kl, min(x) AS lo, max(x) AS hi FROM grid GROUP BY kl",21.04,,,255.9,,30,,"yes",0.000e0,,,"LEFT AggregateExec (input rows 50000000 (exact) vs min_rows 250000; minmax_f64 over 1 i64 key (memory input): the measured table takes it at no group count and size (results/datafusion_groupby_sweep_2026-09-30.csv)) | LEFT AggregateExec (Partial aggregate whose Final was not replaced)",,0,0.00,0.00,0.00,0.00,0.00,0,10000,3.01,6.24,100,0,,,,,,,21.24,256.5,22.03,"yes",0,0,0,0.0000,0.00,0.00,"LEFT AggregateExec (input rows 50000000 (exact) vs min_rows 250000; minmax_f64 over 1 i64 key (memory input): the measured table takes it at no group count and size (results/datafusion_groupby_sweep_2026-09-30.csv)) | LEFT AggregateExec (Partial aggregate whose Final was not replaced)",21.95,2026-10-01 12:32:51,2026-10-01 12:33:14,2026-09-29 00:37:52,30,21.93,22.07,,,alternate,false,,,,,,,,0,,,,,,,
50000000,b8192,gsweep,avg_int_1i64_10k,"avg_int, 1 i64 key(s), 10k groups in the key domain","SELECT kl, avg(q) AS m FROM grid GROUP BY kl",21.27,,,277.2,,30,,"yes",0.000e0,,,"LEFT AggregateExec (input rows 50000000 (exact) vs min_rows 250000; sum_avg_int over 1 i64 key (memory input): the measured table takes it at no group count and size (results/datafusion_groupby_sweep_2026-09-30.csv)) | LEFT AggregateExec (Partial aggregate whose Final was not replaced)",,0,0.00,0.00,0.00,0.00,0.00,0,10000,3.01,6.24,100,0,,,,,,,22.54,275.6,23.85,"yes",0,0,0,0.0000,0.00,0.00,"LEFT AggregateExec (input rows 50000000 (exact) vs min_rows 250000; sum_avg_int over 1 i64 key (memory input): the measured table takes it at no group count and size (results/datafusion_groupby_sweep_2026-09-30.csv)) | LEFT AggregateExec (Partial aggregate whose Final was not replaced)",25.02,2026-10-01 12:32:51,2026-10-01 12:33:14,2026-09-29 00:37:52,30,23.21,25.03,,,alternate,false,,,,,,,,0,,,,,,,
50000000,b8192,gsweep,minmax_int_1i64_10k,"minmax_int, 1 i64 key(s), 10k groups in the key domain","SELECT kl, min(q) AS lo, max(q) AS hi FROM grid GROUP BY kl",20.63,,,243.8,,30,,"yes",0.000e0,,,"TAKEN AggregateExec (input rows 50000000 (exact) vs min_rows 250000; minmax_int over 1 i64 key (memory input): the measured table takes the 1M bucket(s) at 50M rows; MetalExec decides from a group-count estimate; output kept at one partition (only projections above it))",,0,0.00,0.00,0.00,0.00,0.00,0,10000,3.01,6.24,100,0,,,,,,,20.98,244.2,20.94,"yes",1,1,9526,0.0212,0.01,0.00,"TAKEN AggregateExec (input rows 50000000 (exact) vs min_rows 250000; minmax_int over 1 i64 key (memory input): the measured table takes the 1M bucket(s) at 50M rows; MetalExec decides from a group-count estimate; output kept at one partition (only projections above it)) | LEFT MetalExec Aggregate { keys (handed back to DataFusion: an estimated 9526 groups (5850 to 23640, Chao1 over a 512-row sample) at 50000000 rows: minmax_int at the 10k bucket is not taken at any measured size (needs 1.65x at two or more sizes; 1M: 0.67x, 2M: 1.00x, 5M: 1.10x, 10M: 0.95x, 50M: 0.87x); left to DataFusion (from the first 16384 rows of each partition))",22.06,2026-10-01 12:32:51,2026-10-01 12:33:14,2026-09-29 00:37:52,30,22.11,21.66,,,alternate,false,,,,,,,,0,,,,,,,
50000000,b8192,gsweep,sum_f64_2i64_10k,"sum_f64, 2 i64 key(s), 10k groups in the key domain","SELECT kl1, kl2, sum(x) AS s FROM grid GROUP BY kl1, kl2",34.57,,,481.5,,30,,"yes",5.648e-16,,,"LEFT AggregateExec (input rows 50000000 (exact) vs min_rows 250000; sum_avg_f64 over 2+ i64 keys (memory input): the measured table takes it at no group count and size (results/datafusion_groupby_sweep_2026-09-30.csv)) | LEFT AggregateExec (Partial aggregate whose Final was not replaced)",,0,0.00,0.00,0.00,0.00,0.00,0,10000,3.01,6.24,100,0,,,,,,,33.76,477.7,40.38,"yes",0,0,0,0.0000,0.00,0.00,"LEFT AggregateExec (input rows 50000000 (exact) vs min_rows 250000; sum_avg_f64 over 2+ i64 keys (memory input): the measured table takes it at no group count and size (results/datafusion_groupby_sweep_2026-09-30.csv)) | LEFT AggregateExec (Partial aggregate whose Final was not replaced)",36.46,2026-10-01 12:32:51,2026-10-01 12:33:14,2026-09-29 00:37:52,30,40.42,38.37,,,alternate,false,,,,,,,,0,,,,,,,
50000000,b8192,gsweep,avg_f64_2i64_10k,"avg_f64, 2 i64 key(s), 10k groups in the key domain","SELECT kl1, kl2, avg(x) AS m FROM grid GROUP BY kl1, kl2",36.98,,,530.9,,30,,"yes",3.331e-16,,,"LEFT AggregateExec (input rows 50000000 (exact) vs min_rows 250000; sum_avg_f64 over 2+ i64 keys (memory input): the measured table takes it at no group count and size (results/datafusion_groupby_sweep_2026-09-30.csv)) | LEFT AggregateExec (Partial aggregate whose Final was not replaced)",,0,0.00,0.00,0.00,0.00,0.00,0,10000,3.01,6.24,100,0,,,,,,,37.55,537.6,41.61,"yes",0,0,0,0.0000,0.00,0.00,"LEFT AggregateExec (input rows 50000000 (exact) vs min_rows 250000; sum_avg_f64 over 2+ i64 keys (memory input): the measured table takes it at no group count and size (results/datafusion_groupby_sweep_2026-09-30.csv)) | LEFT AggregateExec (Partial aggregate whose Final was not replaced)",43.11,2026-10-01 12:32:51,2026-10-01 12:33:14,2026-09-29 00:37:52,30,43.40,43.36,,,alternate,false,,,,,,,,0,,,,,,,
50000000,b8192,gsweep,minmax_int_2i64_10k,"minmax_int, 2 i64 key(s), 10k groups in the key domain","SELECT kl1, kl2, min(q) AS lo, max(q) AS hi FROM grid GROUP BY kl1, kl2",37.39,,,537.2,,30,,"yes",0.000e0,,,"TAKEN AggregateExec (input rows 50000000 (exact) vs min_rows 250000; minmax_int over 2+ i64 keys (memory input): the measured table takes the 100k, 1M bucket(s) at 50M rows; MetalExec decides from a group-count estimate; output kept at one partition (only projections above it))",,0,0.00,0.00,0.00,0.00,0.00,0,10000,3.01,6.24,100,0,,,,,,,37.63,533.8,43.04,"yes",1,1,8812,0.0258,0.01,0.00,"TAKEN AggregateExec (input rows 50000000 (exact) vs min_rows 250000; minmax_int over 2+ i64 keys (memory input): the measured table takes the 100k, 1M bucket(s) at 50M rows; MetalExec decides from a group-count estimate; output kept at one partition (only projections above it)) | LEFT MetalExec Aggregate { keys (handed back to DataFusion: an estimated 8812 groups (5512 to 20605, Chao1 over a 512-row sample) at 50000000 rows: minmax_int at the 10k bucket is not taken at any measured size (needs 1.65x at two or more sizes; 1M: 0.98x, 2M: 1.10x, 5M: 1.20x, 10M: 1.40x, 50M: 1.20x); left to DataFusion (from the first 16384 rows of each partition))",41.46,2026-10-01 12:32:51,2026-10-01 12:33:14,2026-09-29 00:37:52,30,43.63,43.13,,,alternate,false,,,,,,,,0,,,,,,,
50000000,b8192,gsweep,count_1i32_100k,"count, 1 i32 key(s), 100k groups in the key domain","SELECT k, count(*) AS n FROM grid GROUP BY k",31.41,,,433.5,,30,,"yes",0.000e0,,,"LEFT AggregateExec (input rows 50000000 (exact) vs min_rows 250000; count over 1 i32 key (memory input): the measured table takes it at no group count and size (results/datafusion_groupby_sweep_2026-09-30.csv)) | LEFT AggregateExec (Partial aggregate whose Final was not replaced)",,0,0.00,0.00,0.00,0.00,0.00,0,100000,3.29,3.97,100,0,,,,,,,32.13,430.8,34.38,"yes",0,0,0,0.0000,0.00,0.00,"LEFT AggregateExec (input rows 50000000 (exact) vs min_rows 250000; count over 1 i32 key (memory input): the measured table takes it at no group count and size (results/datafusion_groupby_sweep_2026-09-30.csv)) | LEFT AggregateExec (Partial aggregate whose Final was not replaced)",32.60,2026-10-01 12:35:00,2026-10-01 12:36:49,2026-09-29 00:37:52,30,33.19,35.25,,,alternate,false,,,,,,,,0,,,,,,,
50000000,b8192,gsweep,minmax_f64_1i32_100k,"minmax_f64, 1 i32 key(s), 100k groups in the key domain","SELECT k, min(x) AS lo, max(x) AS hi FROM grid GROUP BY k",45.32,,,682.3,,30,,"yes",0.000e0,,,"LEFT AggregateExec (input rows 50000000 (exact) vs min_rows 250000; minmax_f64 over 1 i32 key (memory input): the measured table takes it at no group count and size (results/datafusion_groupby_sweep_2026-09-30.csv)) | LEFT AggregateExec (Partial aggregate whose Final was not replaced)",,0,0.00,0.00,0.00,0.00,0.00,0,100000,3.29,3.97,100,0,,,,,,,45.76,690.7,51.75,"yes",0,0,0,0.0000,0.00,0.00,"LEFT AggregateExec (input rows 50000000 (exact) vs min_rows 250000; minmax_f64 over 1 i32 key (memory input): the measured table takes it at no group count and size (results/datafusion_groupby_sweep_2026-09-30.csv)) | LEFT AggregateExec (Partial aggregate whose Final was not replaced)",52.47,2026-10-01 12:35:00,2026-10-01 12:36:49,2026-09-29 00:37:52,30,49.13,49.04,,,alternate,false,,,,,,,,0,,,,,,,
50000000,b8192,gsweep,avg_int_1i32_100k,"avg_int, 1 i32 key(s), 100k groups in the key domain","SELECT k, avg(q) AS m FROM grid GROUP BY k",41.83,,,610.7,,30,,"yes",0.000e0,,,"LEFT AggregateExec (input rows 50000000 (exact) vs min_rows 250000; sum_avg_int over 1 i32 key (memory input): the measured table takes it at no group count and size (results/datafusion_groupby_sweep_2026-09-30.csv)) | LEFT AggregateExec (Partial aggregate whose Final was not replaced)",,0,0.00,0.00,0.00,0.00,0.00,0,100000,3.29,3.97,100,0,,,,,,,42.17,615.5,41.94,"yes",0,0,0,0.0000,0.00,0.00,"LEFT AggregateExec (input rows 50000000 (exact) vs min_rows 250000; sum_avg_int over 1 i32 key (memory input): the measured table takes it at no group count and size (results/datafusion_groupby_sweep_2026-09-30.csv)) | LEFT AggregateExec (Partial aggregate whose Final was not replaced)",44.28,2026-10-01 12:35:00,2026-10-01 12:36:49,2026-09-29 00:37:52,30,44.82,45.19,,,alternate,false,,,,,,,,0,,,,,,,
50000000,b8192,gsweep,sum_f64_2i32_100k,"sum_f64, 2 i32 key(s), 100k groups in the key domain","SELECT k1, k2, sum(x) AS s FROM grid GROUP BY k1, k2",53.52,,,769.6,,30,,"yes",6.619e-16,,,"LEFT AggregateExec (input rows 50000000 (exact) vs min_rows 250000; sum_avg_f64 over 2+ i32 keys (memory input): the measured table takes it at no group count and size (results/datafusion_groupby_sweep_2026-09-30.csv)) | LEFT AggregateExec (Partial aggregate whose Final was not replaced)",,0,0.00,0.00,0.00,0.00,0.00,0,100000,3.29,3.97,100,0,,,,,,,53.56,745.2,51.94,"yes",0,0,0,0.0000,0.00,0.00,"LEFT AggregateExec (input rows 50000000 (exact) vs min_rows 250000; sum_avg_f64 over 2+ i32 keys (memory input): the measured table takes it at no group count and size (results/datafusion_groupby_sweep_2026-09-30.csv)) | LEFT AggregateExec (Partial aggregate whose Final was not replaced)",57.47,2026-10-01 12:35:00,2026-10-01 12:36:49,2026-09-29 00:37:52,30,57.30,57.29,,,alternate,false,,,,,,,,0,,,,,,,
50000000,b8192,gsweep,sum_int_2i32_100k,"sum_int, 2 i32 key(s), 100k groups in the key domain","SELECT k1, k2, sum(q) AS s FROM grid GROUP BY k1, k2",53.13,,,762.8,,30,,"yes",0.000e0,,,"LEFT AggregateExec (input rows 50000000 (exact) vs min_rows 250000; sum_avg_int over 2+ i32 keys (memory input): the measured table takes it at no group count and size (results/datafusion_groupby_sweep_2026-09-30.csv)) | LEFT AggregateExec (Partial aggregate whose Final was not replaced)",,0,0.00,0.00,0.00,0.00,0.00,0,100000,3.29,3.97,100,0,,,,,,,52.12,776.0,63.24,"yes",0,0,0,0.0000,0.00,0.00,"LEFT AggregateExec (input rows 50000000 (exact) vs min_rows 250000; sum_avg_int over 2+ i32 keys (memory input): the measured table takes it at no group count and size (results/datafusion_groupby_sweep_2026-09-30.csv)) | LEFT AggregateExec (Partial aggregate whose Final was not replaced)",65.57,2026-10-01 12:35:00,2026-10-01 12:36:49,2026-09-29 00:37:52,30,57.13,59.30,,,alternate,false,,,,,,,,0,,,,,,,
50000000,b8192,gsweep,minmax_int_2i32_100k,"minmax_int, 2 i32 key(s), 100k groups in the key domain","SELECT k1, k2, min(q) AS lo, max(q) AS hi FROM grid GROUP BY k1, k2",70.24,,,1023.9,,15,,"yes",0.000e0,,,"TAKEN AggregateExec (input rows 50000000 (exact) vs min_rows 250000; minmax_int over 2+ i32 keys (memory input): the measured table takes the 100k, 1M bucket(s) at 50M rows; MetalExec decides from a group-count estimate; output kept at one partition (only projections above it))",,0,0.00,0.00,0.00,0.00,0.00,0,100000,3.29,3.97,100,9,,,,,,,26.60,88.1,90.78,"yes",1,0,67988,0.3454,0.98,15.00,"TAKEN AggregateExec (input rows 50000000 (exact) vs min_rows 250000; minmax_int over 2+ i32 keys (memory input): the measured table takes the 100k, 1M bucket(s) at 50M rows; MetalExec decides from a group-count estimate; output kept at one partition (only projections above it)) | TAKEN MetalExec Aggregate { keys (ran on ArrowMetal: an estimated 67988 groups (48291 to 110581, Chao1 over a 2048-row sample) at 50000000 rows: minmax_int at the 100k bucket is taken from 50M rows (from the first rows of each partition; a 2048-row sample of the whole input puts it at 81080 to 282588 groups))",72.22,2026-10-01 12:35:00,2026-10-01 12:36:49,2026-09-29 00:37:52,3,71.73,27.02,,,rounds,true,53.50,81.24,85.46,500,93.16,136.6,1114.5,3,5000,79.02,83.13,94.14,102.87,158.9,1236.4
50000000,b8192,gsweep,sum_f64_1i64_100k,"sum_f64, 1 i64 key(s), 100k groups in the key domain","SELECT kl, sum(x) AS s FROM grid GROUP BY kl",35.97,,,501.6,,30,,"yes",6.609e-16,,,"LEFT AggregateExec (input rows 50000000 (exact) vs min_rows 250000; sum_avg_f64 over 1 i64 key (memory input): the measured table takes it at no group count and size (results/datafusion_groupby_sweep_2026-09-30.csv)) | LEFT AggregateExec (Partial aggregate whose Final was not replaced)",,0,0.00,0.00,0.00,0.00,0.00,0,100000,3.29,3.97,100,0,,,,,,,35.81,514.2,38.25,"yes",0,0,0,0.0000,0.00,0.00,"LEFT AggregateExec (input rows 50000000 (exact) vs min_rows 250000; sum_avg_f64 over 1 i64 key (memory input): the measured table takes it at no group count and size (results/datafusion_groupby_sweep_2026-09-30.csv)) | LEFT AggregateExec (Partial aggregate whose Final was not replaced)",38.99,2026-10-01 12:35:00,2026-10-01 12:36:49,2026-09-29 00:37:52,30,38.78,39.16,,,alternate,false,,,,,,,,0,,,,,,,
50000000,b8192,gsweep,minmax_int_1i64_100k,"minmax_int, 1 i64 key(s), 100k groups in the key domain","SELECT kl, min(q) AS lo, max(q) AS hi FROM grid GROUP BY kl",51.47,,,760.1,,30,,"yes",0.000e0,,,"TAKEN AggregateExec (input rows 50000000 (exact) vs min_rows 250000; minmax_int over 1 i64 key (memory input): the measured table takes the 1M bucket(s) at 50M rows; MetalExec decides from a group-count estimate; output kept at one partition (only projections above it))",,0,0.00,0.00,0.00,0.00,0.00,0,100000,3.29,3.97,100,0,,,,,,,52.12,772.4,53.19,"yes",1,1,108507,0.0551,0.01,0.00,"TAKEN AggregateExec (input rows 50000000 (exact) vs min_rows 250000; minmax_int over 1 i64 key (memory input): the measured table takes the 1M bucket(s) at 50M rows; MetalExec decides from a group-count estimate; output kept at one partition (only projections above it)) | LEFT MetalExec Aggregate { keys (handed back to DataFusion: an estimated 108507 groups (70643 to 214655, Chao1 over a 2048-row sample) at 50000000 rows: minmax_int at the 100k bucket is not taken at any measured size (needs 1.65x at two or more sizes; 1M: 1.40x, 2M: 1.40x, 5M: 2.80x, 10M: 2.50x, 50M: 2.10x); left to DataFusion (from the first 16384 rows of each partition))",58.09,2026-10-01 12:35:00,2026-10-01 12:36:49,2026-09-29 00:37:52,30,54.23,54.34,,,alternate,false,,,,,,,,0,,,,,,,
50000000,b8192,gsweep,count_2i64_100k,"count, 2 i64 key(s), 100k groups in the key domain","SELECT kl1, kl2, count(*) AS n FROM grid GROUP BY kl1, kl2",63.00,,,922.0,,30,,"yes",0.000e0,,,"LEFT AggregateExec (input rows 50000000 (exact) vs min_rows 250000; count over 2+ i64 keys (memory input): the measured table takes it at no group count and size (results/datafusion_groupby_sweep_2026-09-30.csv)) | LEFT AggregateExec (Partial aggregate whose Final was not replaced)",,0,0.00,0.00,0.00,0.00,0.00,0,100000,3.29,3.97,100,0,,,,,,,62.62,924.6,69.13,"yes",0,0,0,0.0000,0.00,0.00,"LEFT AggregateExec (input rows 50000000 (exact) vs min_rows 250000; count over 2+ i64 keys (memory input): the measured table takes it at no group count and size (results/datafusion_groupby_sweep_2026-09-30.csv)) | LEFT AggregateExec (Partial aggregate whose Final was not replaced)",67.60,2026-10-01 12:35:00,2026-10-01 12:36:49,2026-09-29 00:37:52,30,68.13,65.86,,,alternate,false,,,,,,,,0,,,,,,,
50000000,b8192,gsweep,sum_int_2i64_100k,"sum_int, 2 i64 key(s), 100k groups in the key domain","SELECT kl1, kl2, sum(q) AS s FROM grid GROUP BY kl1, kl2",63.91,,,942.7,,30,,"yes",0.000e0,,,"LEFT AggregateExec (input rows 50000000 (exact) vs min_rows 250000; sum_avg_int over 2+ i64 keys (memory input): the measured table takes it at no group count and size (results/datafusion_groupby_sweep_2026-09-30.csv)) | LEFT AggregateExec (Partial aggregate whose Final was not replaced)",,0,0.00,0.00,0.00,0.00,0.00,0,100000,3.29,3.97,100,0,,,,,,,63.31,925.3,64.94,"yes",0,0,0,0.0000,0.00,0.00,"LEFT AggregateExec (input rows 50000000 (exact) vs min_rows 250000; sum_avg_int over 2+ i64 keys (memory input): the measured table takes it at no group count and size (results/datafusion_groupby_sweep_2026-09-30.csv)) | LEFT AggregateExec (Partial aggregate whose Final was not replaced)",66.75,2026-10-01 12:35:00,2026-10-01 12:36:49,2026-09-29 00:37:52,30,70.06,67.70,,,alternate,false,,,,,,,,0,,,,,,,
50000000,b8192,gsweep,minmax_int_2i64_100k,"minmax_int, 2 i64 key(s), 100k groups in the key domain","SELECT kl1, kl2, min(q) AS lo, max(q) AS hi FROM grid GROUP BY kl1, kl2",83.68,,,1257.0,,15,,"yes",0.000e0,,,"TAKEN AggregateExec (input rows 50000000 (exact) vs min_rows 250000; minmax_int over 2+ i64 keys (memory input): the measured table takes the 100k, 1M bucket(s) at 50M rows; MetalExec decides from a group-count estimate; output kept at one partition (only projections above it))",,0,0.00,0.00,0.00,0.00,0.00,0,100000,3.29,3.97,100,9,,,,,,,30.44,123.1,91.81,"yes",1,0,67988,0.4258,0.89,16.68,"TAKEN AggregateExec (input rows 50000000 (exact) vs min_rows 250000; minmax_int over 2+ i64 keys (memory input): the measured table takes the 100k, 1M bucket(s) at 50M rows; MetalExec decides from a group-count estimate; output kept at one partition (only projections above it)) | TAKEN MetalExec Aggregate { keys (ran on ArrowMetal: an estimated 67988 groups (48291 to 110581, Chao1 over a 2048-row sample) at 50000000 rows: minmax_int at the 100k bucket is taken from 50M rows (from the first rows of each partition; a 2048-row sample of the whole input puts it at 81080 to 282588 groups))",88.60,2026-10-01 12:35:00,2026-10-01 12:36:49,2026-09-29 00:37:52,3,85.30,30.61,,,rounds,true,75.71,82.14,100.45,500,101.96,274.9,1297.7,3,5000,84.19,89.43,98.18,103.73,274.7,1341.0
50000000,b8192,gsweep,distinct_2i64_100k,"distinct, 2 i64 key(s), 100k groups in the key domain","SELECT DISTINCT kl1, kl2 FROM grid",46.53,,,718.8,,30,,"yes",0.000e0,,,"LEFT AggregateExec (input rows 50000000 (exact) vs min_rows 250000; distinct over 2+ i64 keys (memory input): the measured table takes it at no group count and size (results/datafusion_groupby_sweep_2026-09-30.csv)) | LEFT AggregateExec (Partial aggregate whose Final was not replaced)",,0,0.00,0.00,0.00,0.00,0.00,0,100000,3.29,3.97,100,0,,,,,,,46.78,712.2,55.93,"yes",0,0,0,0.0000,0.00,0.00,"LEFT AggregateExec (input rows 50000000 (exact) vs min_rows 250000; distinct over 2+ i64 keys (memory input): the measured table takes it at no group count and size (results/datafusion_groupby_sweep_2026-09-30.csv)) | LEFT AggregateExec (Partial aggregate whose Final was not replaced)",53.80,2026-10-01 12:35:00,2026-10-01 12:36:49,2026-09-29 00:37:52,30,51.31,51.57,,,alternate,false,,,,,,,,0,,,,,,,
50000000,b8192,gsweep,minmax_f64_1i32_1M,"minmax_f64, 1 i32 key(s), 1M groups in the key domain","SELECT k, min(x) AS lo, max(x) AS hi FROM grid GROUP BY k",74.78,,,1097.5,,30,,"yes",0.000e0,,,"LEFT AggregateExec (input rows 50000000 (exact) vs min_rows 250000; minmax_f64 over 1 i32 key (memory input): the measured table takes it at no group count and size (results/datafusion_groupby_sweep_2026-09-30.csv)) | LEFT AggregateExec (Partial aggregate whose Final was not replaced)",,0,0.00,0.00,0.00,0.00,0.00,0,1000000,2.91,5.15,100,0,,,,,,,74.21,1095.8,79.86,"yes",0,0,0,0.0000,0.00,0.00,"LEFT AggregateExec (input rows 50000000 (exact) vs min_rows 250000; minmax_f64 over 1 i32 key (memory input): the measured table takes it at no group count and size (results/datafusion_groupby_sweep_2026-09-30.csv)) | LEFT AggregateExec (Partial aggregate whose Final was not replaced)",78.13,2026-10-01 12:37:14,2026-10-01 12:39:46,2026-09-29 00:37:52,30,76.01,75.90,,,alternate,false,,,,,,,,0,,,,,,,
50000000,b8192,gsweep,minmax_int_1i32_1M,"minmax_int, 1 i32 key(s), 1M groups in the key domain","SELECT k, min(q) AS lo, max(q) AS hi FROM grid GROUP BY k",73.16,,,1081.9,,30,,"yes",0.000e0,,,"LEFT AggregateExec (input rows 50000000 (exact) vs min_rows 250000; minmax_int over 1 i32 key (memory input): the measured table takes it at no group count and size (results/datafusion_groupby_sweep_2026-09-30.csv)) | LEFT AggregateExec (Partial aggregate whose Final was not replaced)",,0,0.00,0.00,0.00,0.00,0.00,0,1000000,2.91,5.15,100,0,,,,,,,73.56,1079.9,75.72,"yes",0,0,0,0.0000,0.00,0.00,"LEFT AggregateExec (input rows 50000000 (exact) vs min_rows 250000; minmax_int over 1 i32 key (memory input): the measured table takes it at no group count and size (results/datafusion_groupby_sweep_2026-09-30.csv)) | LEFT AggregateExec (Partial aggregate whose Final was not replaced)",74.67,2026-10-01 12:37:14,2026-10-01 12:39:46,2026-09-29 00:37:52,30,74.60,74.96,,,alternate,false,,,,,,,,0,,,,,,,
50000000,b8192,gsweep,avg_int_2i32_1M,"avg_int, 2 i32 key(s), 1M groups in the key domain","SELECT k1, k2, avg(q) AS m FROM grid GROUP BY k1, k2",93.06,,,1387.1,,30,,"yes",0.000e0,,,"LEFT AggregateExec (input rows 50000000 (exact) vs min_rows 250000; sum_avg_int over 2+ i32 keys (memory input): the measured table takes it at no group count and size (results/datafusion_groupby_sweep_2026-09-30.csv)) | LEFT AggregateExec (Partial aggregate whose Final was not replaced)",,0,0.00,0.00,0.00,0.00,0.00,0,1000000,2.91,5.15,100,0,,,,,,,93.19,1379.0,93.14,"yes",0,0,0,0.0000,0.00,0.00,"LEFT AggregateExec (input rows 50000000 (exact) vs min_rows 250000; sum_avg_int over 2+ i32 keys (memory input): the measured table takes it at no group count and size (results/datafusion_groupby_sweep_2026-09-30.csv)) | LEFT AggregateExec (Partial aggregate whose Final was not replaced)",95.78,2026-10-01 12:37:14,2026-10-01 12:39:46,2026-09-29 00:37:52,30,95.43,95.54,,,alternate,false,,,,,,,,0,,,,,,,
50000000,b8192,gsweep,minmax_int_2i32_1M,"minmax_int, 2 i32 key(s), 1M groups in the key domain","SELECT k1, k2, min(q) AS lo, max(q) AS hi FROM grid GROUP BY k1, k2",97.86,,,1471.9,,15,,"yes",0.000e0,,,"TAKEN AggregateExec (input rows 50000000 (exact) vs min_rows 250000; minmax_int over 2+ i32 keys (memory input): the measured table takes the 100k, 1M bucket(s) at 50M rows; MetalExec decides from a group-count estimate; output kept at one partition (only projections above it))",,0,0.00,0.00,0.00,0.00,0.00,0,1000000,2.91,5.15,100,8,,,,,,,28.42,86.8,52.92,"yes",1,0,924251,0.4095,1.08,16.56,"TAKEN AggregateExec (input rows 50000000 (exact) vs min_rows 250000; minmax_int over 2+ i32 keys (memory input): the measured table takes the 100k, 1M bucket(s) at 50M rows; MetalExec decides from a group-count estimate; output kept at one partition (only projections above it)) | TAKEN MetalExec Aggregate { keys (ran on ArrowMetal: an estimated 924251 groups (669966 to 1431655, Chao1 over a 8192-row sample) at 50000000 rows: minmax_int at the 1M bucket is taken from 50M rows (from the first rows of each partition; a 2048-row sample of the whole input puts it at 268759 to 50000000 groups))",98.21,2026-10-01 12:37:14,2026-10-01 12:39:46,2026-09-29 00:37:52,3,98.50,28.42,,,rounds,true,54.72,82.87,111.22,500,115.57,123.0,1505.7,3,5000,82.26,84.94,116.11,133.44,165.9,1581.3
50000000,b8192,gsweep,minmax_int_1i64_1M,"minmax_int, 1 i64 key(s), 1M groups in the key domain","SELECT kl, min(q) AS lo, max(q) AS hi FROM grid GROUP BY kl",84.25,,,1218.0,,15,,"yes",0.000e0,,,"TAKEN AggregateExec (input rows 50000000 (exact) vs min_rows 250000; minmax_int over 1 i64 key (memory input): the measured table takes the 1M bucket(s) at 50M rows; MetalExec decides from a group-count estimate; output kept at one partition (only projections above it))",,0,0.00,0.00,0.00,0.00,0.00,0,1000000,2.91,5.15,100,9,,,,,,,26.60,90.3,55.82,"yes",1,0,1040798,0.3679,0.94,16.28,"TAKEN AggregateExec (input rows 50000000 (exact) vs min_rows 250000; minmax_int over 1 i64 key (memory input): the measured table takes the 1M bucket(s) at 50M rows; MetalExec decides from a group-count estimate; output kept at one partition (only projections above it)) | TAKEN MetalExec Aggregate { keys (ran on ArrowMetal: an estimated 1040798 groups (740276 to 1671653, Chao1 over a 8192-row sample) at 50000000 rows: minmax_int at the 1M bucket is taken from 50M rows (from the first rows of each partition; a 2048-row sample of the whole input puts it at 222231 to 50000000 groups))",89.41,2026-10-01 12:37:14,2026-10-01 12:39:46,2026-09-29 00:37:52,3,88.30,27.09,,,rounds,true,66.53,72.77,104.11,500,108.97,137.7,1332.4,3,5000,70.16,70.23,92.92,98.90,173.4,1321.5
50000000,b8192,gsweep,distinct_1i64_1M,"distinct, 1 i64 key(s), 1M groups in the key domain","SELECT DISTINCT kl FROM grid",40.87,,,607.1,,30,,"yes",0.000e0,,,"LEFT AggregateExec (input rows 50000000 (exact) vs min_rows 250000; distinct over 1 i64 key (memory input): the measured table takes it at no group count and size (results/datafusion_groupby_sweep_2026-09-30.csv)) | LEFT AggregateExec (Partial aggregate whose Final was not replaced)",,0,0.00,0.00,0.00,0.00,0.00,0,1000000,2.91,5.15,100,0,,,,,,,40.88,611.7,41.82,"yes",0,0,0,0.0000,0.00,0.00,"LEFT AggregateExec (input rows 50000000 (exact) vs min_rows 250000; distinct over 1 i64 key (memory input): the measured table takes it at no group count and size (results/datafusion_groupby_sweep_2026-09-30.csv)) | LEFT AggregateExec (Partial aggregate whose Final was not replaced)",41.68,2026-10-01 12:37:14,2026-10-01 12:39:46,2026-09-29 00:37:52,30,42.34,42.34,,,alternate,false,,,,,,,,0,,,,,,,
50000000,b8192,gsweep,count_2i64_1M,"count, 2 i64 key(s), 1M groups in the key domain","SELECT kl1, kl2, count(*) AS n FROM grid GROUP BY kl1, kl2",88.18,,,1303.1,,30,,"yes",0.000e0,,,"LEFT AggregateExec (input rows 50000000 (exact) vs min_rows 250000; count over 2+ i64 keys (memory input): the measured table takes it at no group count and size (results/datafusion_groupby_sweep_2026-09-30.csv)) | LEFT AggregateExec (Partial aggregate whose Final was not replaced)",,0,0.00,0.00,0.00,0.00,0.00,0,1000000,2.91,5.15,100,0,,,,,,,88.40,1301.6,89.98,"yes",0,0,0,0.0000,0.00,0.00,"LEFT AggregateExec (input rows 50000000 (exact) vs min_rows 250000; count over 2+ i64 keys (memory input): the measured table takes it at no group count and size (results/datafusion_groupby_sweep_2026-09-30.csv)) | LEFT AggregateExec (Partial aggregate whose Final was not replaced)",89.62,2026-10-01 12:37:14,2026-10-01 12:39:46,2026-09-29 00:37:52,30,89.62,89.64,,,alternate,false,,,,,,,,0,,,,,,,
50000000,b8192,gsweep,avg_f64_2i64_1M,"avg_f64, 2 i64 key(s), 1M groups in the key domain","SELECT kl1, kl2, avg(x) AS m FROM grid GROUP BY kl1, kl2",106.97,,,1570.2,,30,,"yes",5.551e-16,,,"LEFT AggregateExec (input rows 50000000 (exact) vs min_rows 250000; sum_avg_f64 over 2+ i64 keys (memory input): the measured table takes it at no group count and size (results/datafusion_groupby_sweep_2026-09-30.csv)) | LEFT AggregateExec (Partial aggregate whose Final was not replaced)",,0,0.00,0.00,0.00,0.00,0.00,0,1000000,2.91,5.15,100,0,,,,,,,106.90,1568.0,110.07,"yes",0,0,0,0.0000,0.00,0.00,"LEFT AggregateExec (input rows 50000000 (exact) vs min_rows 250000; sum_avg_f64 over 2+ i64 keys (memory input): the measured table takes it at no group count and size (results/datafusion_groupby_sweep_2026-09-30.csv)) | LEFT AggregateExec (Partial aggregate whose Final was not replaced)",107.47,2026-10-01 12:37:14,2026-10-01 12:39:46,2026-09-29 00:37:52,30,109.12,109.04,,,alternate,false,,,,,,,,0,,,,,,,
50000000,b8192,gsweep,minmax_f64_2i64_1M,"minmax_f64, 2 i64 key(s), 1M groups in the key domain","SELECT kl1, kl2, min(x) AS lo, max(x) AS hi FROM grid GROUP BY kl1, kl2",115.19,,,1703.9,,30,,"yes",0.000e0,,,"LEFT AggregateExec (input rows 50000000 (exact) vs min_rows 250000; minmax_f64 over 2+ i64 keys (memory input): the measured table takes it at no group count and size (results/datafusion_groupby_sweep_2026-09-30.csv)) | LEFT AggregateExec (Partial aggregate whose Final was not replaced)",,0,0.00,0.00,0.00,0.00,0.00,0,1000000,2.91,5.15,100,0,,,,,,,115.56,1689.8,115.25,"yes",0,0,0,0.0000,0.00,0.00,"LEFT AggregateExec (input rows 50000000 (exact) vs min_rows 250000; minmax_f64 over 2+ i64 keys (memory input): the measured table takes it at no group count and size (results/datafusion_groupby_sweep_2026-09-30.csv)) | LEFT AggregateExec (Partial aggregate whose Final was not replaced)",118.54,2026-10-01 12:37:14,2026-10-01 12:39:46,2026-09-29 00:37:52,30,118.23,119.22,,,alternate,false,,,,,,,,0,,,,,,,
50000000,b8192,gsweep,minmax_int_2i64_1M,"minmax_int, 2 i64 key(s), 1M groups in the key domain","SELECT kl1, kl2, min(q) AS lo, max(q) AS hi FROM grid GROUP BY kl1, kl2",116.41,,,1729.1,,15,,"yes",0.000e0,,,"TAKEN AggregateExec (input rows 50000000 (exact) vs min_rows 250000; minmax_int over 2+ i64 keys (memory input): the measured table takes the 100k, 1M bucket(s) at 50M rows; MetalExec decides from a group-count estimate; output kept at one partition (only projections above it))",,0,0.00,0.00,0.00,0.00,0.00,0,1000000,2.91,5.15,100,6,,,,,,,32.91,136.2,60.67,"yes",1,0,924251,0.5455,1.12,18.19,"TAKEN AggregateExec (input rows 50000000 (exact) vs min_rows 250000; minmax_int over 2+ i64 keys (memory input): the measured table takes the 100k, 1M bucket(s) at 50M rows; MetalExec decides from a group-count estimate; output kept at one partition (only projections above it)) | TAKEN MetalExec Aggregate { keys (ran on ArrowMetal: an estimated 924251 groups (669966 to 1431655, Chao1 over a 8192-row sample) at 50000000 rows: minmax_int at the 1M bucket is taken from 50M rows (from the first rows of each partition; a 2048-row sample of the whole input puts it at 268759 to 50000000 groups))",117.77,2026-10-01 12:37:14,2026-10-01 12:39:46,2026-09-29 00:37:52,3,116.93,33.11,,,rounds,true,88.90,95.87,133.20,500,133.60,296.4,1751.2,3,5000,88.17,102.30,130.57,139.40,321.1,1770.0
50000000,b8192,gsweep,count_1i32_R2,"count, 1 i32 key(s), R2 groups in the key domain","SELECT k, count(*) AS n FROM grid GROUP BY k",148.67,,,2263.6,,30,,"yes",0.000e0,,,"LEFT AggregateExec (input rows 50000000 (exact) vs min_rows 250000; count over 1 i32 key (memory input): the measured table takes it at no group count and size (results/datafusion_groupby_sweep_2026-09-30.csv)) | LEFT AggregateExec (Partial aggregate whose Final was not replaced)",,0,0.00,0.00,0.00,0.00,0.00,0,21618695,3.17,12.47,100,0,,,,,,,149.60,2294.7,149.99,"yes",0,0,0,0.0000,0.00,0.00,"LEFT AggregateExec (input rows 50000000 (exact) vs min_rows 250000; count over 1 i32 key (memory input): the measured table takes it at no group count and size (results/datafusion_groupby_sweep_2026-09-30.csv)) | LEFT AggregateExec (Partial aggregate whose Final was not replaced)",162.66,2026-10-01 12:40:32,2026-10-01 12:43:56,2026-09-29 00:37:52,30,156.09,155.71,,,alternate,false,,,,,,,,0,,,,,,,
50000000,b8192,gsweep,sum_f64_2i32_R2,"sum_f64, 2 i32 key(s), R2 groups in the key domain","SELECT k1, k2, sum(x) AS s FROM grid GROUP BY k1, k2",169.37,,,2586.5,,30,,"yes",4.924e-16,,,"LEFT AggregateExec (input rows 50000000 (exact) vs min_rows 250000; sum_avg_f64 over 2+ i32 keys (memory input): the measured table takes it at no group count and size (results/datafusion_groupby_sweep_2026-09-30.csv)) | LEFT AggregateExec (Partial aggregate whose Final was not replaced)",,0,0.00,0.00,0.00,0.00,0.00,0,21616057,3.17,12.47,100,0,,,,,,,170.49,2585.8,167.83,"yes",0,0,0,0.0000,0.00,0.00,"LEFT AggregateExec (input rows 50000000 (exact) vs min_rows 250000; sum_avg_f64 over 2+ i32 keys (memory input): the measured table takes it at no group count and size (results/datafusion_groupby_sweep_2026-09-30.csv)) | LEFT AggregateExec (Partial aggregate whose Final was not replaced)",168.40,2026-10-01 12:40:32,2026-10-01 12:43:56,2026-09-29 00:37:52,30,174.43,175.62,,,alternate,false,,,,,,,,0,,,,,,,
50000000,b8192,gsweep,minmax_f64_2i32_R2,"minmax_f64, 2 i32 key(s), R2 groups in the key domain","SELECT k1, k2, min(x) AS lo, max(x) AS hi FROM grid GROUP BY k1, k2",217.99,,,3297.7,,30,,"yes",0.000e0,,,"LEFT AggregateExec (input rows 50000000 (exact) vs min_rows 250000; minmax_f64 over 2+ i32 keys (memory input): the measured table takes it at no group count and size (results/datafusion_groupby_sweep_2026-09-30.csv)) | LEFT AggregateExec (Partial aggregate whose Final was not replaced)",,0,0.00,0.00,0.00,0.00,0.00,0,21616057,3.17,12.47,100,0,,,,,,,220.20,3310.1,215.39,"yes",0,0,0,0.0000,0.00,0.00,"LEFT AggregateExec (input rows 50000000 (exact) vs min_rows 250000; minmax_f64 over 2+ i32 keys (memory input): the measured table takes it at no group count and size (results/datafusion_groupby_sweep_2026-09-30.csv)) | LEFT AggregateExec (Partial aggregate whose Final was not replaced)",224.96,2026-10-01 12:40:32,2026-10-01 12:43:56,2026-09-29 00:37:52,30,235.07,235.17,,,alternate,false,,,,,,,,0,,,,,,,
50000000,b8192,gsweep,avg_int_2i32_R2,"avg_int, 2 i32 key(s), R2 groups in the key domain","SELECT k1, k2, avg(q) AS m FROM grid GROUP BY k1, k2",206.85,,,2959.5,,30,,"yes",0.000e0,,,"LEFT AggregateExec (input rows 50000000 (exact) vs min_rows 250000; sum_avg_int over 2+ i32 keys (memory input): the measured table takes it at no group count and size (results/datafusion_groupby_sweep_2026-09-30.csv)) | LEFT AggregateExec (Partial aggregate whose Final was not replaced)",,0,0.00,0.00,0.00,0.00,0.00,0,21616057,3.17,12.47,100,0,,,,,,,209.30,2982.0,209.66,"yes",0,0,0,0.0000,0.00,0.00,"LEFT AggregateExec (input rows 50000000 (exact) vs min_rows 250000; sum_avg_int over 2+ i32 keys (memory input): the measured table takes it at no group count and size (results/datafusion_groupby_sweep_2026-09-30.csv)) | LEFT AggregateExec (Partial aggregate whose Final was not replaced)",221.01,2026-10-01 12:40:32,2026-10-01 12:43:56,2026-09-29 00:37:52,30,216.99,217.49,,,alternate,false,,,,,,,,0,,,,,,,
50000000,b8192,gsweep,minmax_int_2i32_R2,"minmax_int, 2 i32 key(s), R2 groups in the key domain","SELECT k1, k2, min(q) AS lo, max(q) AS hi FROM grid GROUP BY k1, k2",229.16,,,3214.1,,30,,"yes",0.000e0,,,"TAKEN AggregateExec (input rows 50000000 (exact) vs min_rows 250000; minmax_int over 2+ i32 keys (memory input): the measured table takes the 100k, 1M bucket(s) at 50M rows; MetalExec decides from a group-count estimate; output kept at one partition (only projections above it))",,0,0.00,0.00,0.00,0.00,0.00,0,21616057,3.17,12.47,100,0,,,,,,,227.08,3195.1,234.37,"yes",1,1,16775169,0.1478,0.01,0.00,"TAKEN AggregateExec (input rows 50000000 (exact) vs min_rows 250000; minmax_int over 2+ i32 keys (memory input): the measured table takes the 100k, 1M bucket(s) at 50M rows; MetalExec decides from a group-count estimate; output kept at one partition (only projections above it)) | LEFT MetalExec Aggregate { keys (handed back to DataFusion: an estimated 16775169 groups (5597184 to 50000000, Chao1 over a 8192-row sample) at 50000000 rows: minmax_int at the rows/2 bucket is not taken at any measured size (needs 1.65x at two or more sizes; 1M: 1.00x, 2M: 1.80x, 5M: 2.40x, 10M: 2.20x, 50M: 1.00x); left to DataFusion (from the first 16384 rows of each partition))",239.07,2026-10-01 12:40:32,2026-10-01 12:43:56,2026-09-29 00:37:52,30,239.03,242.21,,,alternate,false,,,,,,,,0,,,,,,,
50000000,b8192,gsweep,avg_int_1i64_R2,"avg_int, 1 i64 key(s), R2 groups in the key domain","SELECT kl, avg(q) AS m FROM grid GROUP BY kl",203.09,,,2812.7,,30,,"yes",0.000e0,,,"LEFT AggregateExec (input rows 50000000 (exact) vs min_rows 250000; sum_avg_int over 1 i64 key (memory input): the measured table takes it at no group count and size (results/datafusion_groupby_sweep_2026-09-30.csv)) | LEFT AggregateExec (Partial aggregate whose Final was not replaced)",,0,0.00,0.00,0.00,0.00,0.00,0,21618695,3.17,12.47,100,0,,,,,,,203.31,2826.8,218.92,"yes",0,0,0,0.0000,0.00,0.00,"LEFT AggregateExec (input rows 50000000 (exact) vs min_rows 250000; sum_avg_int over 1 i64 key (memory input): the measured table takes it at no group count and size (results/datafusion_groupby_sweep_2026-09-30.csv)) | LEFT AggregateExec (Partial aggregate whose Final was not replaced)",213.44,2026-10-01 12:40:32,2026-10-01 12:43:56,2026-09-29 00:37:52,30,211.49,210.89,,,alternate,false,,,,,,,,0,,,,,,,
50000000,b8192,gsweep,minmax_int_1i64_R2,"minmax_int, 1 i64 key(s), R2 groups in the key domain","SELECT kl, min(q) AS lo, max(q) AS hi FROM grid GROUP BY kl",224.36,,,3068.6,,30,,"yes",0.000e0,,,"TAKEN AggregateExec (input rows 50000000 (exact) vs min_rows 250000; minmax_int over 1 i64 key (memory input): the measured table takes the 1M bucket(s) at 50M rows; MetalExec decides from a group-count estimate; output kept at one partition (only projections above it))",,0,0.00,0.00,0.00,0.00,0.00,0,21618695,3.17,12.47,100,0,,,,,,,224.67,3092.7,239.97,"yes",1,1,8383490,0.1650,0.01,0.00,"TAKEN AggregateExec (input rows 50000000 (exact) vs min_rows 250000; minmax_int over 1 i64 key (memory input): the measured table takes the 1M bucket(s) at 50M rows; MetalExec decides from a group-count estimate; output kept at one partition (only projections above it)) | LEFT MetalExec Aggregate { keys (handed back to DataFusion: an estimated 8383490 groups (3548008 to 50000000, Chao1 over a 8192-row sample) at 50000000 rows: no bucket holds that group count at this row count; left to DataFusion (from the first 16384 rows of each partition))",229.28,2026-10-01 12:40:32,2026-10-01 12:43:56,2026-09-29 00:37:52,30,230.33,231.31,,,alternate,false,,,,,,,,0,,,,,,,
50000000,b8192,gsweep,count_2i64_R2,"count, 2 i64 key(s), R2 groups in the key domain","SELECT kl1, kl2, count(*) AS n FROM grid GROUP BY kl1, kl2",197.46,,,2720.5,,30,,"yes",0.000e0,,,"LEFT AggregateExec (input rows 50000000 (exact) vs min_rows 250000; count over 2+ i64 keys (memory input): the measured table takes it at no group count and size (results/datafusion_groupby_sweep_2026-09-30.csv)) | LEFT AggregateExec (Partial aggregate whose Final was not replaced)",,0,0.00,0.00,0.00,0.00,0.00,0,21616057,3.17,12.47,100,0,,,,,,,194.70,2680.4,202.94,"yes",0,0,0,0.0000,0.00,0.00,"LEFT AggregateExec (input rows 50000000 (exact) vs min_rows 250000; count over 2+ i64 keys (memory input): the measured table takes it at no group count and size (results/datafusion_groupby_sweep_2026-09-30.csv)) | LEFT AggregateExec (Partial aggregate whose Final was not replaced)",208.12,2026-10-01 12:40:32,2026-10-01 12:43:56,2026-09-29 00:37:52,30,230.92,231.92,,,alternate,false,,,,,,,,0,,,,,,,
50000000,b8192,gsweep,sum_f64_2i64_R2,"sum_f64, 2 i64 key(s), R2 groups in the key domain","SELECT kl1, kl2, sum(x) AS s FROM grid GROUP BY kl1, kl2",187.93,,,2655.4,,30,,"yes",5.005e-16,,,"LEFT AggregateExec (input rows 50000000 (exact) vs min_rows 250000; sum_avg_f64 over 2+ i64 keys (memory input): the measured table takes it at no group count and size (results/datafusion_groupby_sweep_2026-09-30.csv)) | LEFT AggregateExec (Partial aggregate whose Final was not replaced)",,0,0.00,0.00,0.00,0.00,0.00,0,21616057,3.17,12.47,100,0,,,,,,,189.05,2642.8,230.03,"yes",0,0,0,0.0000,0.00,0.00,"LEFT AggregateExec (input rows 50000000 (exact) vs min_rows 250000; sum_avg_f64 over 2+ i64 keys (memory input): the measured table takes it at no group count and size (results/datafusion_groupby_sweep_2026-09-30.csv)) | LEFT AggregateExec (Partial aggregate whose Final was not replaced)",238.03,2026-10-01 12:40:32,2026-10-01 12:43:56,2026-09-29 00:37:52,30,199.99,204.58,,,alternate,false,,,,,,,,0,,,,,,,
50000000,b8192,gsweep,minmax_int_2i64_R2,"minmax_int, 2 i64 key(s), R2 groups in the key domain","SELECT kl1, kl2, min(q) AS lo, max(q) AS hi FROM grid GROUP BY kl1, kl2",230.81,,,3225.8,,30,,"yes",0.000e0,,,"TAKEN AggregateExec (input rows 50000000 (exact) vs min_rows 250000; minmax_int over 2+ i64 keys (memory input): the measured table takes the 100k, 1M bucket(s) at 50M rows; MetalExec decides from a group-count estimate; output kept at one partition (only projections above it))",,0,0.00,0.00,0.00,0.00,0.00,0,21616057,3.17,12.47,100,0,,,,,,,234.69,3228.0,313.30,"yes",1,1,16775169,0.2327,0.01,0.00,"TAKEN AggregateExec (input rows 50000000 (exact) vs min_rows 250000; minmax_int over 2+ i64 keys (memory input): the measured table takes the 100k, 1M bucket(s) at 50M rows; MetalExec decides from a group-count estimate; output kept at one partition (only projections above it)) | LEFT MetalExec Aggregate { keys (handed back to DataFusion: an estimated 16775169 groups (5597184 to 50000000, Chao1 over a 8192-row sample) at 50000000 rows: minmax_int at the rows/2 bucket is not taken at any measured size (needs 1.65x at two or more sizes; 1M: 1.00x, 2M: 2.00x, 5M: 2.40x, 10M: 2.30x, 50M: 1.10x); left to DataFusion (from the first 16384 rows of each partition))",305.15,2026-10-01 12:40:32,2026-10-01 12:43:56,2026-09-29 00:37:52,30,313.46,322.69,,,alternate,false,,,,,,,,0,,,,,,,
50000000,part1,gsweep,distinct_1i32_200,"distinct, 1 i32 key(s), 200 groups in the key domain","SELECT DISTINCT k FROM grid",13.53,,,150.2,,30,,"yes",0.000e0,,,"LEFT AggregateExec (input rows 50000000 (exact) vs min_rows 250000; distinct over 1 i32 key (memory input): the measured table takes it at no group count and size (results/datafusion_groupby_sweep_2026-09-30.csv)) | LEFT AggregateExec (Partial aggregate whose Final was not replaced)",,0,0.00,0.00,0.00,0.00,0.00,0,200,3.42,4.53,100,0,,,,,,,13.48,150.4,16.54,"yes",0,0,0,0.0000,0.00,0.00,"LEFT AggregateExec (input rows 50000000 (exact) vs min_rows 250000; distinct over 1 i32 key (memory input): the measured table takes it at no group count and size (results/datafusion_groupby_sweep_2026-09-30.csv)) | LEFT AggregateExec (Partial aggregate whose Final was not replaced)",16.27,2026-10-01 12:46:43,2026-10-01 12:47:32,2026-09-29 00:37:52,30,13.71,13.68,,,alternate,false,,,,,,,,0,,,,,,,
50000000,part1,gsweep,minmax_int_2i32_200,"minmax_int, 2 i32 key(s), 200 groups in the key domain","SELECT k1, k2, min(q) AS lo, max(q) AS hi FROM grid GROUP BY k1, k2",31.53,,,460.8,,30,,"yes",0.000e0,,,"TAKEN AggregateExec (input rows 50000000 (exact) vs min_rows 250000; minmax_int over 2+ i32 keys (memory input): the measured table takes the 100k, 1M bucket(s) at 50M rows; MetalExec decides from a group-count estimate; output kept at one partition (only projections above it))",,0,0.00,0.00,0.00,0.00,0.00,0,200,3.42,4.53,100,0,,,,,,,31.67,459.9,36.09,"yes",1,1,204,0.0197,0.01,0.00,"TAKEN AggregateExec (input rows 50000000 (exact) vs min_rows 250000; minmax_int over 2+ i32 keys (memory input): the measured table takes the 100k, 1M bucket(s) at 50M rows; MetalExec decides from a group-count estimate; output kept at one partition (only projections above it)) | LEFT MetalExec Aggregate { keys (handed back to DataFusion: an estimated 204 groups (200 to 211, Chao1 over a 512-row sample) at 50000000 rows: minmax_int at the 200 bucket is not taken at any measured size (needs 1.65x at two or more sizes; 1M: 0.38x, 2M: 0.69x, 5M: 1.10x, 10M: 1.40x, 50M: 1.70x); left to DataFusion (from the first 16384 rows of each partition))",34.48,2026-10-01 12:46:43,2026-10-01 12:47:32,2026-09-29 00:37:52,30,34.16,34.21,,,alternate,false,,,,,,,,0,,,,,,,
50000000,part1,gsweep,distinct_2i32_200,"distinct, 2 i32 key(s), 200 groups in the key domain","SELECT DISTINCT k1, k2 FROM grid",28.99,,,417.8,,15,,"yes",0.000e0,,,"TAKEN AggregateExec (input rows 50000000 (exact) vs min_rows 250000; distinct over 2+ i32 keys (memory input): the measured table takes the 200, 100k, 1M bucket(s) at 50M rows; MetalExec decides from a group-count estimate; output kept at one partition (only projections above it))",,0,0.00,0.00,0.00,0.00,0.00,0,200,3.42,4.53,100,15,,,,,,,12.50,42.6,29.10,"yes",1,0,204,0.1092,1.08,6.46,"TAKEN AggregateExec (input rows 50000000 (exact) vs min_rows 250000; distinct over 2+ i32 keys (memory input): the measured table takes the 200, 100k, 1M bucket(s) at 50M rows; MetalExec decides from a group-count estimate; output kept at one partition (only projections above it)) | TAKEN MetalExec Aggregate { keys (ran on ArrowMetal: an estimated 204 groups (200 to 211, Chao1 over a 512-row sample) at 50000000 rows: distinct at the 200 bucket is taken from 50M rows (from the first rows of each partition; a 512-row sample of the whole input puts it at 198 to 208 groups))",30.40,2026-10-01 12:46:43,2026-10-01 12:47:32,2026-09-29 00:37:52,3,29.09,12.82,,,rounds,true,31.72,41.23,49.94,500,51.12,75.2,646.2,3,5000,43.10,54.42,49.90,52.37,89.7,612.2
50000000,part1,gsweep,sum_f64_1i64_200,"sum_f64, 1 i64 key(s), 200 groups in the key domain","SELECT kl, sum(x) AS s FROM grid GROUP BY kl",15.83,,,177.1,,30,,"yes",3.490e-16,,,"LEFT AggregateExec (input rows 50000000 (exact) vs min_rows 250000; sum_avg_f64 over 1 i64 key (memory input): the measured table takes it at no group count and size (results/datafusion_groupby_sweep_2026-09-30.csv)) | LEFT AggregateExec (Partial aggregate whose Final was not replaced)",,0,0.00,0.00,0.00,0.00,0.00,0,200,3.42,4.53,100,0,,,,,,,15.89,177.4,16.20,"yes",0,0,0,0.0000,0.00,0.00,"LEFT AggregateExec (input rows 50000000 (exact) vs min_rows 250000; sum_avg_f64 over 1 i64 key (memory input): the measured table takes it at no group count and size (results/datafusion_groupby_sweep_2026-09-30.csv)) | LEFT AggregateExec (Partial aggregate whose Final was not replaced)",17.08,2026-10-01 12:46:43,2026-10-01 12:47:32,2026-09-29 00:37:52,30,16.10,16.14,,,alternate,false,,,,,,,,0,,,,,,,
50000000,part1,gsweep,sum_int_1i64_200,"sum_int, 1 i64 key(s), 200 groups in the key domain","SELECT kl, sum(q) AS s FROM grid GROUP BY kl",15.73,,,177.3,,30,,"yes",0.000e0,,,"LEFT AggregateExec (input rows 50000000 (exact) vs min_rows 250000; sum_avg_int over 1 i64 key (memory input): the measured table takes it at no group count and size (results/datafusion_groupby_sweep_2026-09-30.csv)) | LEFT AggregateExec (Partial aggregate whose Final was not replaced)",,0,0.00,0.00,0.00,0.00,0.00,0,200,3.42,4.53,100,0,,,,,,,15.88,177.6,16.09,"yes",0,0,0,0.0000,0.00,0.00,"LEFT AggregateExec (input rows 50000000 (exact) vs min_rows 250000; sum_avg_int over 1 i64 key (memory input): the measured table takes it at no group count and size (results/datafusion_groupby_sweep_2026-09-30.csv)) | LEFT AggregateExec (Partial aggregate whose Final was not replaced)",16.05,2026-10-01 12:46:43,2026-10-01 12:47:32,2026-09-29 00:37:52,30,16.14,16.21,,,alternate,false,,,,,,,,0,,,,,,,
50000000,part1,gsweep,minmax_int_1i64_200,"minmax_int, 1 i64 key(s), 200 groups in the key domain","SELECT kl, min(q) AS lo, max(q) AS hi FROM grid GROUP BY kl",17.15,,,194.7,,30,,"yes",0.000e0,,,"TAKEN AggregateExec (input rows 50000000 (exact) vs min_rows 250000; minmax_int over 1 i64 key (memory input): the measured table takes the 1M bucket(s) at 50M rows; MetalExec decides from a group-count estimate; output kept at one partition (only projections above it))",,0,0.00,0.00,0.00,0.00,0.00,0,200,3.42,4.53,100,0,,,,,,,17.38,194.4,17.50,"yes",1,1,199,0.0186,0.01,0.00,"TAKEN AggregateExec (input rows 50000000 (exact) vs min_rows 250000; minmax_int over 1 i64 key (memory input): the measured table takes the 1M bucket(s) at 50M rows; MetalExec decides from a group-count estimate; output kept at one partition (only projections above it)) | LEFT MetalExec Aggregate { keys (handed back to DataFusion: an estimated 199 groups (196 to 205, Chao1 over a 512-row sample) at 50000000 rows: minmax_int at the 200 bucket is not taken at any measured size (needs 1.65x at two or more sizes; 1M: 0.44x, 2M: 0.59x, 5M: 0.73x, 10M: 0.77x, 50M: 1.00x); left to DataFusion (from the first 16384 rows of each partition))",17.52,2026-10-01 12:46:43,2026-10-01 12:47:32,2026-09-29 00:37:52,30,17.47,17.62,,,alternate,false,,,,,,,,0,,,,,,,
50000000,part1,gsweep,minmax_f64_2i64_200,"minmax_f64, 2 i64 key(s), 200 groups in the key domain","SELECT kl1, kl2, min(x) AS lo, max(x) AS hi FROM grid GROUP BY kl1, kl2",31.76,,,464.8,,30,,"yes",0.000e0,,,"LEFT AggregateExec (input rows 50000000 (exact) vs min_rows 250000; minmax_f64 over 2+ i64 keys (memory input): the measured table takes it at no group count and size (results/datafusion_groupby_sweep_2026-09-30.csv)) | LEFT AggregateExec (Partial aggregate whose Final was not replaced)",,0,0.00,0.00,0.00,0.00,0.00,0,200,3.42,4.53,100,0,,,,,,,31.81,465.0,39.74,"yes",0,0,0,0.0000,0.00,0.00,"LEFT AggregateExec (input rows 50000000 (exact) vs min_rows 250000; minmax_f64 over 2+ i64 keys (memory input): the measured table takes it at no group count and size (results/datafusion_groupby_sweep_2026-09-30.csv)) | LEFT AggregateExec (Partial aggregate whose Final was not replaced)",34.16,2026-10-01 12:46:43,2026-10-01 12:47:32,2026-09-29 00:37:52,30,34.58,34.67,,,alternate,false,,,,,,,,0,,,,,,,
50000000,part1,gsweep,minmax_int_2i64_200,"minmax_int, 2 i64 key(s), 200 groups in the key domain","SELECT kl1, kl2, min(q) AS lo, max(q) AS hi FROM grid GROUP BY kl1, kl2",31.74,,,462.9,,30,,"yes",0.000e0,,,"TAKEN AggregateExec (input rows 50000000 (exact) vs min_rows 250000; minmax_int over 2+ i64 keys (memory input): the measured table takes the 100k, 1M bucket(s) at 50M rows; MetalExec decides from a group-count estimate; output kept at one partition (only projections above it))",,0,0.00,0.00,0.00,0.00,0.00,0,200,3.42,4.53,100,0,,,,,,,31.91,465.0,36.62,"yes",1,1,204,0.0243,0.02,0.00,"TAKEN AggregateExec (input rows 50000000 (exact) vs min_rows 250000; minmax_int over 2+ i64 keys (memory input): the measured table takes the 100k, 1M bucket(s) at 50M rows; MetalExec decides from a group-count estimate; output kept at one partition (only projections above it)) | LEFT MetalExec Aggregate { keys (handed back to DataFusion: an estimated 204 groups (200 to 211, Chao1 over a 512-row sample) at 50000000 rows: minmax_int at the 200 bucket is not taken at any measured size (needs 1.65x at two or more sizes; 1M: 0.59x, 2M: 0.77x, 5M: 1.00x, 10M: 1.20x, 50M: 1.30x); left to DataFusion (from the first 16384 rows of each partition))",31.78,2026-10-01 12:46:43,2026-10-01 12:47:32,2026-09-29 00:37:52,30,34.53,34.54,,,alternate,false,,,,,,,,0,,,,,,,
50000000,part1,gsweep,distinct_2i64_200,"distinct, 2 i64 key(s), 200 groups in the key domain","SELECT DISTINCT kl1, kl2 FROM grid",29.33,,,422.0,,30,,"yes",0.000e0,,,"LEFT AggregateExec (input rows 50000000 (exact) vs min_rows 250000; distinct over 2+ i64 keys (memory input): the measured table takes it at no group count and size (results/datafusion_groupby_sweep_2026-09-30.csv)) | LEFT AggregateExec (Partial aggregate whose Final was not replaced)",,0,0.00,0.00,0.00,0.00,0.00,0,200,3.42,4.53,100,0,,,,,,,29.29,421.9,30.83,"yes",0,0,0,0.0000,0.00,0.00,"LEFT AggregateExec (input rows 50000000 (exact) vs min_rows 250000; distinct over 2+ i64 keys (memory input): the measured table takes it at no group count and size (results/datafusion_groupby_sweep_2026-09-30.csv)) | LEFT AggregateExec (Partial aggregate whose Final was not replaced)",29.29,2026-10-01 12:46:43,2026-10-01 12:47:32,2026-09-29 00:37:52,30,30.93,33.27,,,alternate,false,,,,,,,,0,,,,,,,
50000000,part1,gsweep,avg_f64_2i32_10k,"avg_f64, 2 i32 key(s), 10k groups in the key domain","SELECT k1, k2, avg(x) AS m FROM grid GROUP BY k1, k2",34.67,,,511.2,,30,,"yes",3.886e-16,,,"LEFT AggregateExec (input rows 50000000 (exact) vs min_rows 250000; sum_avg_f64 over 2+ i32 keys (memory input): the measured table takes it at no group count and size (results/datafusion_groupby_sweep_2026-09-30.csv)) | LEFT AggregateExec (Partial aggregate whose Final was not replaced)",,0,0.00,0.00,0.00,0.00,0.00,0,10000,3.26,5.39,100,0,,,,,,,34.71,509.5,39.25,"yes",0,0,0,0.0000,0.00,0.00,"LEFT AggregateExec (input rows 50000000 (exact) vs min_rows 250000; sum_avg_f64 over 2+ i32 keys (memory input): the measured table takes it at no group count and size (results/datafusion_groupby_sweep_2026-09-30.csv)) | LEFT AggregateExec (Partial aggregate whose Final was not replaced)",41.95,2026-10-01 12:47:57,2026-10-01 12:48:13,2026-09-29 00:37:52,30,39.98,38.98,,,alternate,false,,,,,,,,0,,,,,,,
50000000,part1,gsweep,minmax_int_2i32_10k,"minmax_int, 2 i32 key(s), 10k groups in the key domain","SELECT k1, k2, min(q) AS lo, max(q) AS hi FROM grid GROUP BY k1, k2",33.97,,,493.9,,30,,"yes",0.000e0,,,"TAKEN AggregateExec (input rows 50000000 (exact) vs min_rows 250000; minmax_int over 2+ i32 keys (memory input): the measured table takes the 100k, 1M bucket(s) at 50M rows; MetalExec decides from a group-count estimate; output kept at one partition (only projections above it))",,0,0.00,0.00,0.00,0.00,0.00,0,10000,3.26,5.39,100,0,,,,,,,33.99,498.0,41.01,"yes",1,1,8290,0.0242,0.01,0.00,"TAKEN AggregateExec (input rows 50000000 (exact) vs min_rows 250000; minmax_int over 2+ i32 keys (memory input): the measured table takes the 100k, 1M bucket(s) at 50M rows; MetalExec decides from a group-count estimate; output kept at one partition (only projections above it)) | LEFT MetalExec Aggregate { keys (handed back to DataFusion: an estimated 8290 groups (5272 to 18434, Chao1 over a 512-row sample) at 50000000 rows: minmax_int at the 10k bucket is not taken at any measured size (needs 1.65x at two or more sizes; 1M: 0.59x, 2M: 1.20x, 5M: 1.50x, 10M: 1.40x, 50M: 1.50x); left to DataFusion (from the first 16384 rows of each partition))",40.47,2026-10-01 12:47:57,2026-10-01 12:48:13,2026-09-29 00:37:52,30,37.87,37.98,,,alternate,false,,,,,,,,0,,,,,,,
50000000,part1,gsweep,avg_int_1i64_10k,"avg_int, 1 i64 key(s), 10k groups in the key domain","SELECT kl, avg(q) AS m FROM grid GROUP BY kl",21.59,,,271.2,,30,,"yes",0.000e0,,,"LEFT AggregateExec (input rows 50000000 (exact) vs min_rows 250000; sum_avg_int over 1 i64 key (memory input): the measured table takes it at no group count and size (results/datafusion_groupby_sweep_2026-09-30.csv)) | LEFT AggregateExec (Partial aggregate whose Final was not replaced)",,0,0.00,0.00,0.00,0.00,0.00,0,10000,3.26,5.39,100,0,,,,,,,21.02,268.1,22.77,"yes",0,0,0,0.0000,0.00,0.00,"LEFT AggregateExec (input rows 50000000 (exact) vs min_rows 250000; sum_avg_int over 1 i64 key (memory input): the measured table takes it at no group count and size (results/datafusion_groupby_sweep_2026-09-30.csv)) | LEFT AggregateExec (Partial aggregate whose Final was not replaced)",25.20,2026-10-01 12:47:57,2026-10-01 12:48:13,2026-09-29 00:37:52,30,23.17,22.05,,,alternate,false,,,,,,,,0,,,,,,,
50000000,part1,gsweep,minmax_int_1i64_10k,"minmax_int, 1 i64 key(s), 10k groups in the key domain","SELECT kl, min(q) AS lo, max(q) AS hi FROM grid GROUP BY kl",19.82,,,240.1,,30,,"yes",0.000e0,,,"TAKEN AggregateExec (input rows 50000000 (exact) vs min_rows 250000; minmax_int over 1 i64 key (memory input): the measured table takes the 1M bucket(s) at 50M rows; MetalExec decides from a group-count estimate; output kept at one partition (only projections above it))",,0,0.00,0.00,0.00,0.00,0.00,0,10000,3.26,5.39,100,0,,,,,,,19.93,239.7,22.16,"yes",1,1,11483,0.0196,0.01,0.00,"TAKEN AggregateExec (input rows 50000000 (exact) vs min_rows 250000; minmax_int over 1 i64 key (memory input): the measured table takes the 1M bucket(s) at 50M rows; MetalExec decides from a group-count estimate; output kept at one partition (only projections above it)) | LEFT MetalExec Aggregate { keys (handed back to DataFusion: an estimated 11483 groups (6752 to 33365, Chao1 over a 512-row sample) at 50000000 rows: minmax_int at the 10k bucket is not taken at any measured size (needs 1.65x at two or more sizes; 1M: 0.67x, 2M: 1.00x, 5M: 1.10x, 10M: 0.95x, 50M: 0.87x); left to DataFusion (from the first 16384 rows of each partition))",22.02,2026-10-01 12:47:57,2026-10-01 12:48:13,2026-09-29 00:37:52,30,21.37,21.45,,,alternate,false,,,,,,,,0,,,,,,,
50000000,part1,gsweep,distinct_1i64_10k,"distinct, 1 i64 key(s), 10k groups in the key domain","SELECT DISTINCT kl FROM grid",16.15,,,179.4,,30,,"yes",0.000e0,,,"LEFT AggregateExec (input rows 50000000 (exact) vs min_rows 250000; distinct over 1 i64 key (memory input): the measured table takes it at no group count and size (results/datafusion_groupby_sweep_2026-09-30.csv)) | LEFT AggregateExec (Partial aggregate whose Final was not replaced)",,0,0.00,0.00,0.00,0.00,0.00,0,10000,3.26,5.39,100,0,,,,,,,16.34,181.1,16.33,"yes",0,0,0,0.0000,0.00,0.00,"LEFT AggregateExec (input rows 50000000 (exact) vs min_rows 250000; distinct over 1 i64 key (memory input): the measured table takes it at no group count and size (results/datafusion_groupby_sweep_2026-09-30.csv)) | LEFT AggregateExec (Partial aggregate whose Final was not replaced)",19.28,2026-10-01 12:47:57,2026-10-01 12:48:13,2026-09-29 00:37:52,30,16.68,16.60,,,alternate,false,,,,,,,,0,,,,,,,
50000000,part1,gsweep,count_2i64_10k,"count, 2 i64 key(s), 10k groups in the key domain","SELECT kl1, kl2, count(*) AS n FROM grid GROUP BY kl1, kl2",34.73,,,506.5,,30,,"yes",0.000e0,,,"LEFT AggregateExec (input rows 50000000 (exact) vs min_rows 250000; count over 2+ i64 keys (memory input): the measured table takes it at no group count and size (results/datafusion_groupby_sweep_2026-09-30.csv)) | LEFT AggregateExec (Partial aggregate whose Final was not replaced)",,0,0.00,0.00,0.00,0.00,0.00,0,10000,3.26,5.39,100,0,,,,,,,34.31,492.1,38.55,"yes",0,0,0,0.0000,0.00,0.00,"LEFT AggregateExec (input rows 50000000 (exact) vs min_rows 250000; count over 2+ i64 keys (memory input): the measured table takes it at no group count and size (results/datafusion_groupby_sweep_2026-09-30.csv)) | LEFT AggregateExec (Partial aggregate whose Final was not replaced)",48.05,2026-10-01 12:47:57,2026-10-01 12:48:13,2026-09-29 00:37:52,30,38.45,39.03,,,alternate,false,,,,,,,,0,,,,,,,
50000000,part1,gsweep,minmax_int_2i64_10k,"minmax_int, 2 i64 key(s), 10k groups in the key domain","SELECT kl1, kl2, min(q) AS lo, max(q) AS hi FROM grid GROUP BY kl1, kl2",35.80,,,528.4,,30,,"yes",0.000e0,,,"TAKEN AggregateExec (input rows 50000000 (exact) vs min_rows 250000; minmax_int over 2+ i64 keys (memory input): the measured table takes the 100k, 1M bucket(s) at 50M rows; MetalExec decides from a group-count estimate; output kept at one partition (only projections above it))",,0,0.00,0.00,0.00,0.00,0.00,0,10000,3.26,5.39,100,0,,,,,,,35.96,517.0,40.95,"yes",1,1,8290,0.0251,0.02,0.00,"TAKEN AggregateExec (input rows 50000000 (exact) vs min_rows 250000; minmax_int over 2+ i64 keys (memory input): the measured table takes the 100k, 1M bucket(s) at 50M rows; MetalExec decides from a group-count estimate; output kept at one partition (only projections above it)) | LEFT MetalExec Aggregate { keys (handed back to DataFusion: an estimated 8290 groups (5272 to 18434, Chao1 over a 512-row sample) at 50000000 rows: minmax_int at the 10k bucket is not taken at any measured size (needs 1.65x at two or more sizes; 1M: 0.98x, 2M: 1.10x, 5M: 1.20x, 10M: 1.40x, 50M: 1.20x); left to DataFusion (from the first 16384 rows of each partition))",46.16,2026-10-01 12:47:57,2026-10-01 12:48:13,2026-09-29 00:37:52,30,42.22,41.92,,,alternate,false,,,,,,,,0,,,,,,,
50000000,part1,gsweep,minmax_int_2i32_100k,"minmax_int, 2 i32 key(s), 100k groups in the key domain","SELECT k1, k2, min(q) AS lo, max(q) AS hi FROM grid GROUP BY k1, k2",66.83,,,1010.7,,15,,"yes",0.000e0,,,"TAKEN AggregateExec (input rows 50000000 (exact) vs min_rows 250000; minmax_int over 2+ i32 keys (memory input): the measured table takes the 100k, 1M bucket(s) at 50M rows; MetalExec decides from a group-count estimate; output kept at one partition (only projections above it))",,0,0.00,0.00,0.00,0.00,0.00,0,100000,3.00,3.12,100,9,,,,,,,25.22,82.2,61.77,"yes",1,0,85231,0.2766,1.21,15.21,"TAKEN AggregateExec (input rows 50000000 (exact) vs min_rows 250000; minmax_int over 2+ i32 keys (memory input): the measured table takes the 100k, 1M bucket(s) at 50M rows; MetalExec decides from a group-count estimate; output kept at one partition (only projections above it)) | TAKEN MetalExec Aggregate { keys (ran on ArrowMetal: an estimated 85231 groups (58132 to 150960, Chao1 over a 2048-row sample) at 50000000 rows: minmax_int at the 100k bucket is taken from 50M rows (from the first rows of each partition; a 2048-row sample of the whole input puts it at 54523 to 135023 groups))",70.90,2026-10-01 12:48:58,2026-10-01 12:50:17,2026-09-29 00:37:52,3,68.25,25.29,,,rounds,true,49.05,73.63,89.71,500,94.53,119.0,1218.4,3,5000,77.89,80.94,90.39,91.58,254.1,1223.9
50000000,part1,gsweep,sum_int_1i64_100k,"sum_int, 1 i64 key(s), 100k groups in the key domain","SELECT kl, sum(q) AS s FROM grid GROUP BY kl",33.48,,,491.9,,30,,"yes",0.000e0,,,"LEFT AggregateExec (input rows 50000000 (exact) vs min_rows 250000; sum_avg_int over 1 i64 key (memory input): the measured table takes it at no group count and size (results/datafusion_groupby_sweep_2026-09-30.csv)) | LEFT AggregateExec (Partial aggregate whose Final was not replaced)",,0,0.00,0.00,0.00,0.00,0.00,0,100000,3.00,3.12,100,0,,,,,,,34.39,495.9,38.23,"yes",0,0,0,0.0000,0.00,0.00,"LEFT AggregateExec (input rows 50000000 (exact) vs min_rows 250000; sum_avg_int over 1 i64 key (memory input): the measured table takes it at no group count and size (results/datafusion_groupby_sweep_2026-09-30.csv)) | LEFT AggregateExec (Partial aggregate whose Final was not replaced)",34.39,2026-10-01 12:48:58,2026-10-01 12:50:17,2026-09-29 00:37:52,30,37.55,37.18,,,alternate,false,,,,,,,,0,,,,,,,
50000000,part1,gsweep,minmax_int_1i64_100k,"minmax_int, 1 i64 key(s), 100k groups in the key domain","SELECT kl, min(q) AS lo, max(q) AS hi FROM grid GROUP BY kl",49.86,,,740.2,,30,,"yes",0.000e0,,,"TAKEN AggregateExec (input rows 50000000 (exact) vs min_rows 250000; minmax_int over 1 i64 key (memory input): the measured table takes the 1M bucket(s) at 50M rows; MetalExec decides from a group-count estimate; output kept at one partition (only projections above it))",,0,0.00,0.00,0.00,0.00,0.00,0,100000,3.00,3.12,100,0,,,,,,,49.98,760.3,52.10,"yes",1,1,67988,0.0498,0.02,0.00,"TAKEN AggregateExec (input rows 50000000 (exact) vs min_rows 250000; minmax_int over 1 i64 key (memory input): the measured table takes the 1M bucket(s) at 50M rows; MetalExec decides from a group-count estimate; output kept at one partition (only projections above it)) | LEFT MetalExec Aggregate { keys (handed back to DataFusion: an estimated 67988 groups (48291 to 110581, Chao1 over a 2048-row sample) at 50000000 rows: minmax_int at the 100k bucket is not taken at any measured size (needs 1.65x at two or more sizes; 1M: 1.40x, 2M: 1.40x, 5M: 2.80x, 10M: 2.50x, 50M: 2.10x); left to DataFusion (from the first 16384 rows of each partition))",55.09,2026-10-01 12:48:58,2026-10-01 12:50:17,2026-09-29 00:37:52,30,52.53,52.66,,,alternate,false,,,,,,,,0,,,,,,,
50000000,part1,gsweep,minmax_int_2i64_100k,"minmax_int, 2 i64 key(s), 100k groups in the key domain","SELECT kl1, kl2, min(q) AS lo, max(q) AS hi FROM grid GROUP BY kl1, kl2",81.00,,,1193.8,,15,,"yes",0.000e0,,,"TAKEN AggregateExec (input rows 50000000 (exact) vs min_rows 250000; minmax_int over 2+ i64 keys (memory input): the measured table takes the 100k, 1M bucket(s) at 50M rows; MetalExec decides from a group-count estimate; output kept at one partition (only projections above it))",,0,0.00,0.00,0.00,0.00,0.00,0,100000,3.00,3.12,100,9,,,,,,,29.16,130.0,62.71,"yes",1,0,85231,0.2754,1.22,16.70,"TAKEN AggregateExec (input rows 50000000 (exact) vs min_rows 250000; minmax_int over 2+ i64 keys (memory input): the measured table takes the 100k, 1M bucket(s) at 50M rows; MetalExec decides from a group-count estimate; output kept at one partition (only projections above it)) | TAKEN MetalExec Aggregate { keys (ran on ArrowMetal: an estimated 85231 groups (58132 to 150960, Chao1 over a 2048-row sample) at 50000000 rows: minmax_int at the 100k bucket is taken from 50M rows (from the first rows of each partition; a 2048-row sample of the whole input puts it at 54523 to 135023 groups))",83.31,2026-10-01 12:48:58,2026-10-01 12:50:17,2026-09-29 00:37:52,3,81.09,29.45,,,rounds,true,82.28,91.04,98.81,500,104.42,305.4,1398.5,3,5000,83.38,92.70,98.42,100.73,355.8,1386.6
50000000,part1,gsweep,count_1i32_1M,"count, 1 i32 key(s), 1M groups in the key domain","SELECT k, count(*) AS n FROM grid GROUP BY k",51.03,,,767.1,,30,,"yes",0.000e0,,,"LEFT AggregateExec (input rows 50000000 (exact) vs min_rows 250000; count over 1 i32 key (memory input): the measured table takes it at no group count and size (results/datafusion_groupby_sweep_2026-09-30.csv)) | LEFT AggregateExec (Partial aggregate whose Final was not replaced)",,0,0.00,0.00,0.00,0.00,0.00,0,1000000,2.95,3.58,100,0,,,,,,,51.07,772.5,52.57,"yes",0,0,0,0.0000,0.00,0.00,"LEFT AggregateExec (input rows 50000000 (exact) vs min_rows 250000; count over 1 i32 key (memory input): the measured table takes it at no group count and size (results/datafusion_groupby_sweep_2026-09-30.csv)) | LEFT AggregateExec (Partial aggregate whose Final was not replaced)",51.95,2026-10-01 12:50:23,2026-10-01 12:52:40,2026-09-29 00:37:52,30,52.24,52.06,,,alternate,false,,,,,,,,0,,,,,,,
50000000,part1,gsweep,minmax_int_1i32_1M,"minmax_int, 1 i32 key(s), 1M groups in the key domain","SELECT k, min(q) AS lo, max(q) AS hi FROM grid GROUP BY k",72.40,,,1067.9,,30,,"yes",0.000e0,,,"LEFT AggregateExec (input rows 50000000 (exact) vs min_rows 250000; minmax_int over 1 i32 key (memory input): the measured table takes it at no group count and size (results/datafusion_groupby_sweep_2026-09-30.csv)) | LEFT AggregateExec (Partial aggregate whose Final was not replaced)",,0,0.00,0.00,0.00,0.00,0.00,0,1000000,2.95,3.58,100,0,,,,,,,72.01,1068.1,73.49,"yes",0,0,0,0.0000,0.00,0.00,"LEFT AggregateExec (input rows 50000000 (exact) vs min_rows 250000; minmax_int over 1 i32 key (memory input): the measured table takes it at no group count and size (results/datafusion_groupby_sweep_2026-09-30.csv)) | LEFT AggregateExec (Partial aggregate whose Final was not replaced)",72.55,2026-10-01 12:50:23,2026-10-01 12:52:40,2026-09-29 00:37:52,30,73.37,73.27,,,alternate,false,,,,,,,,0,,,,,,,
50000000,part1,gsweep,avg_f64_2i32_1M,"avg_f64, 2 i32 key(s), 1M groups in the key domain","SELECT k1, k2, avg(x) AS m FROM grid GROUP BY k1, k2",87.78,,,1328.8,,30,,"yes",5.551e-16,,,"LEFT AggregateExec (input rows 50000000 (exact) vs min_rows 250000; sum_avg_f64 over 2+ i32 keys (memory input): the measured table takes it at no group count and size (results/datafusion_groupby_sweep_2026-09-30.csv)) | LEFT AggregateExec (Partial aggregate whose Final was not replaced)",,0,0.00,0.00,0.00,0.00,0.00,0,1000000,2.95,3.58,100,0,,,,,,,87.55,1327.0,88.73,"yes",0,0,0,0.0000,0.00,0.00,"LEFT AggregateExec (input rows 50000000 (exact) vs min_rows 250000; sum_avg_f64 over 2+ i32 keys (memory input): the measured table takes it at no group count and size (results/datafusion_groupby_sweep_2026-09-30.csv)) | LEFT AggregateExec (Partial aggregate whose Final was not replaced)",88.97,2026-10-01 12:50:23,2026-10-01 12:52:40,2026-09-29 00:37:52,30,89.40,89.98,,,alternate,false,,,,,,,,0,,,,,,,
50000000,part1,gsweep,minmax_int_2i32_1M,"minmax_int, 2 i32 key(s), 1M groups in the key domain","SELECT k1, k2, min(q) AS lo, max(q) AS hi FROM grid GROUP BY k1, k2",95.09,,,1427.8,,15,,"yes",0.000e0,,,"TAKEN AggregateExec (input rows 50000000 (exact) vs min_rows 250000; minmax_int over 2+ i32 keys (memory input): the measured table takes the 100k, 1M bucket(s) at 50M rows; MetalExec decides from a group-count estimate; output kept at one partition (only projections above it))",,0,0.00,0.00,0.00,0.00,0.00,0,1000000,2.95,3.58,100,8,,,,,,,26.45,77.7,64.15,"yes",1,0,899052,0.3662,1.01,16.10,"TAKEN AggregateExec (input rows 50000000 (exact) vs min_rows 250000; minmax_int over 2+ i32 keys (memory input): the measured table takes the 100k, 1M bucket(s) at 50M rows; MetalExec decides from a group-count estimate; output kept at one partition (only projections above it)) | TAKEN MetalExec Aggregate { keys (ran on ArrowMetal: an estimated 899052 groups (654492 to 1381620, Chao1 over a 8192-row sample) at 50000000 rows: minmax_int at the 1M bucket is taken from 50M rows (from the first rows of each partition; a 2048-row sample of the whole input puts it at 350720 to 50000000 groups))",96.67,2026-10-01 12:50:23,2026-10-01 12:52:40,2026-09-29 00:37:52,3,95.22,26.75,,,rounds,true,79.07,84.88,114.02,500,116.86,225.6,1607.9,3,5000,73.61,81.79,114.63,117.42,237.2,1524.1
50000000,part1,gsweep,minmax_int_1i64_1M,"minmax_int, 1 i64 key(s), 1M groups in the key domain","SELECT kl, min(q) AS lo, max(q) AS hi FROM grid GROUP BY kl",82.36,,,1201.5,,15,,"yes",0.000e0,,,"TAKEN AggregateExec (input rows 50000000 (exact) vs min_rows 250000; minmax_int over 1 i64 key (memory input): the measured table takes the 1M bucket(s) at 50M rows; MetalExec decides from a group-count estimate; output kept at one partition (only projections above it))",,0,0.00,0.00,0.00,0.00,0.00,0,1000000,2.95,3.58,100,9,,,,,,,24.55,85.2,73.61,"yes",1,0,1390443,0.2798,1.15,15.85,"TAKEN AggregateExec (input rows 50000000 (exact) vs min_rows 250000; minmax_int over 1 i64 key (memory input): the measured table takes the 1M bucket(s) at 50M rows; MetalExec decides from a group-count estimate; output kept at one partition (only projections above it)) | TAKEN MetalExec Aggregate { keys (ran on ArrowMetal: an estimated 1390443 groups (940258 to 2482345, Chao1 over a 8192-row sample) at 50000000 rows: minmax_int at the 1M bucket is taken from 50M rows (from the first rows of each partition; a 2048-row sample of the whole input puts it at 268759 to 50000000 groups))",83.51,2026-10-01 12:50:23,2026-10-01 12:52:40,2026-09-29 00:37:52,3,83.17,25.32,,,rounds,true,72.21,89.63,99.35,500,100.08,204.3,1374.1,3,5000,78.63,96.49,101.00,102.88,243.2,1400.4
50000000,part1,gsweep,avg_int_2i64_1M,"avg_int, 2 i64 key(s), 1M groups in the key domain","SELECT kl1, kl2, avg(q) AS m FROM grid GROUP BY kl1, kl2",107.65,,,1595.3,,30,,"yes",0.000e0,,,"LEFT AggregateExec (input rows 50000000 (exact) vs min_rows 250000; sum_avg_int over 2+ i64 keys (memory input): the measured table takes it at no group count and size (results/datafusion_groupby_sweep_2026-09-30.csv)) | LEFT AggregateExec (Partial aggregate whose Final was not replaced)",,0,0.00,0.00,0.00,0.00,0.00,0,1000000,2.95,3.58,100,0,,,,,,,107.90,1592.8,108.51,"yes",0,0,0,0.0000,0.00,0.00,"LEFT AggregateExec (input rows 50000000 (exact) vs min_rows 250000; sum_avg_int over 2+ i64 keys (memory input): the measured table takes it at no group count and size (results/datafusion_groupby_sweep_2026-09-30.csv)) | LEFT AggregateExec (Partial aggregate whose Final was not replaced)",109.40,2026-10-01 12:50:23,2026-10-01 12:52:40,2026-09-29 00:37:52,30,109.66,109.77,,,alternate,false,,,,,,,,0,,,,,,,
50000000,part1,gsweep,minmax_int_2i64_1M,"minmax_int, 2 i64 key(s), 1M groups in the key domain","SELECT kl1, kl2, min(q) AS lo, max(q) AS hi FROM grid GROUP BY kl1, kl2",109.61,,,1628.2,,15,,"yes",0.000e0,,,"TAKEN AggregateExec (input rows 50000000 (exact) vs min_rows 250000; minmax_int over 2+ i64 keys (memory input): the measured table takes the 100k, 1M bucket(s) at 50M rows; MetalExec decides from a group-count estimate; output kept at one partition (only projections above it))",,0,0.00,0.00,0.00,0.00,0.00,0,1000000,2.95,3.58,100,6,,,,,,,30.71,123.4,68.70,"yes",1,0,899052,0.4457,1.22,18.19,"TAKEN AggregateExec (input rows 50000000 (exact) vs min_rows 250000; minmax_int over 2+ i64 keys (memory input): the measured table takes the 100k, 1M bucket(s) at 50M rows; MetalExec decides from a group-count estimate; output kept at one partition (only projections above it)) | TAKEN MetalExec Aggregate { keys (ran on ArrowMetal: an estimated 899052 groups (654492 to 1381620, Chao1 over a 8192-row sample) at 50000000 rows: minmax_int at the 1M bucket is taken from 50M rows (from the first rows of each partition; a 2048-row sample of the whole input puts it at 350720 to 50000000 groups))",111.73,2026-10-01 12:50:23,2026-10-01 12:52:40,2026-09-29 00:37:52,3,109.90,30.82,,,rounds,true,80.68,87.77,129.35,500,129.68,296.5,1778.5,3,5000,88.57,90.48,129.57,130.09,355.6,1828.9
50000000,part1,gsweep,distinct_2i64_1M,"distinct, 2 i64 key(s), 1M groups in the key domain","SELECT DISTINCT kl1, kl2 FROM grid",66.31,,,1010.8,,30,,"yes",0.000e0,,,"LEFT AggregateExec (input rows 50000000 (exact) vs min_rows 250000; distinct over 2+ i64 keys (memory input): the measured table takes it at no group count and size (results/datafusion_groupby_sweep_2026-09-30.csv)) | LEFT AggregateExec (Partial aggregate whose Final was not replaced)",,0,0.00,0.00,0.00,0.00,0.00,0,1000000,2.95,3.58,100,0,,,,,,,66.27,1007.7,67.70,"yes",0,0,0,0.0000,0.00,0.00,"LEFT AggregateExec (input rows 50000000 (exact) vs min_rows 250000; distinct over 2+ i64 keys (memory input): the measured table takes it at no group count and size (results/datafusion_groupby_sweep_2026-09-30.csv)) | LEFT AggregateExec (Partial aggregate whose Final was not replaced)",67.99,2026-10-01 12:50:23,2026-10-01 12:52:40,2026-09-29 00:37:52,30,67.57,67.82,,,alternate,false,,,,,,,,0,,,,,,,
50000000,part1,gsweep,minmax_int_2i32_R2,"minmax_int, 2 i32 key(s), R2 groups in the key domain","SELECT k1, k2, min(q) AS lo, max(q) AS hi FROM grid GROUP BY k1, k2",210.26,,,3221.7,,30,,"yes",0.000e0,,,"TAKEN AggregateExec (input rows 50000000 (exact) vs min_rows 250000; minmax_int over 2+ i32 keys (memory input): the measured table takes the 100k, 1M bucket(s) at 50M rows; MetalExec decides from a group-count estimate; output kept at one partition (only projections above it))",,0,0.00,0.00,0.00,0.00,0.00,0,21616057,3.37,10.62,100,0,,,,,,,209.96,3185.5,210.80,"yes",1,1,11180716,0.1572,0.01,0.00,"TAKEN AggregateExec (input rows 50000000 (exact) vs min_rows 250000; minmax_int over 2+ i32 keys (memory input): the measured table takes the 100k, 1M bucket(s) at 50M rows; MetalExec decides from a group-count estimate; output kept at one partition (only projections above it)) | LEFT MetalExec Aggregate { keys (handed back to DataFusion: an estimated 11180716 groups (4289711 to 50000000, Chao1 over a 8192-row sample) at 50000000 rows: no bucket holds that group count at this row count; left to DataFusion (from the first 16384 rows of each partition))",209.40,2026-10-01 12:52:45,2026-10-01 12:54:59,2026-09-29 00:37:52,30,213.88,215.54,,,alternate,false,,,,,,,,0,,,,,,,
50000000,part1,gsweep,minmax_f64_1i64_R2,"minmax_f64, 1 i64 key(s), R2 groups in the key domain","SELECT kl, min(x) AS lo, max(x) AS hi FROM grid GROUP BY kl",210.95,,,3201.4,,30,,"yes",0.000e0,,,"LEFT AggregateExec (input rows 50000000 (exact) vs min_rows 250000; minmax_f64 over 1 i64 key (memory input): the measured table takes it at no group count and size (results/datafusion_groupby_sweep_2026-09-30.csv)) | LEFT AggregateExec (Partial aggregate whose Final was not replaced)",,0,0.00,0.00,0.00,0.00,0.00,0,21618695,3.37,10.62,100,0,,,,,,,208.74,3184.3,211.95,"yes",0,0,0,0.0000,0.00,0.00,"LEFT AggregateExec (input rows 50000000 (exact) vs min_rows 250000; minmax_f64 over 1 i64 key (memory input): the measured table takes it at no group count and size (results/datafusion_groupby_sweep_2026-09-30.csv)) | LEFT AggregateExec (Partial aggregate whose Final was not replaced)",216.07,2026-10-01 12:52:45,2026-10-01 12:54:59,2026-09-29 00:37:52,30,221.38,220.76,,,alternate,false,,,,,,,,0,,,,,,,
50000000,part1,gsweep,sum_int_1i64_R2,"sum_int, 1 i64 key(s), R2 groups in the key domain","SELECT kl, sum(q) AS s FROM grid GROUP BY kl",166.53,,,2476.8,,30,,"yes",0.000e0,,,"LEFT AggregateExec (input rows 50000000 (exact) vs min_rows 250000; sum_avg_int over 1 i64 key (memory input): the measured table takes it at no group count and size (results/datafusion_groupby_sweep_2026-09-30.csv)) | LEFT AggregateExec (Partial aggregate whose Final was not replaced)",,0,0.00,0.00,0.00,0.00,0.00,0,21618695,3.37,10.62,100,0,,,,,,,168.38,2510.1,201.69,"yes",0,0,0,0.0000,0.00,0.00,"LEFT AggregateExec (input rows 50000000 (exact) vs min_rows 250000; sum_avg_int over 1 i64 key (memory input): the measured table takes it at no group count and size (results/datafusion_groupby_sweep_2026-09-30.csv)) | LEFT AggregateExec (Partial aggregate whose Final was not replaced)",189.50,2026-10-01 12:52:45,2026-10-01 12:54:59,2026-09-29 00:37:52,30,174.73,177.37,,,alternate,false,,,,,,,,0,,,,,,,
50000000,part1,gsweep,minmax_int_1i64_R2,"minmax_int, 1 i64 key(s), R2 groups in the key domain","SELECT kl, min(q) AS lo, max(q) AS hi FROM grid GROUP BY kl",214.24,,,3231.7,,30,,"yes",0.000e0,,,"TAKEN AggregateExec (input rows 50000000 (exact) vs min_rows 250000; minmax_int over 1 i64 key (memory input): the measured table takes the 1M bucket(s) at 50M rows; MetalExec decides from a group-count estimate; output kept at one partition (only projections above it))",,0,0.00,0.00,0.00,0.00,0.00,0,21618695,3.37,10.62,100,0,,,,,,,216.56,3202.9,217.98,"yes",1,1,16775169,0.1745,0.02,0.00,"TAKEN AggregateExec (input rows 50000000 (exact) vs min_rows 250000; minmax_int over 1 i64 key (memory input): the measured table takes the 1M bucket(s) at 50M rows; MetalExec decides from a group-count estimate; output kept at one partition (only projections above it)) | LEFT MetalExec Aggregate { keys (handed back to DataFusion: an estimated 16775169 groups (5597184 to 50000000, Chao1 over a 8192-row sample) at 50000000 rows: minmax_int at the rows/2 bucket is not taken at any measured size (needs 1.65x at two or more sizes; 1M: 1.20x, 2M: 2.10x, 5M: 2.40x, 10M: 2.20x, 50M: 1.10x); left to DataFusion (from the first 16384 rows of each partition))",218.47,2026-10-01 12:52:45,2026-10-01 12:54:59,2026-09-29 00:37:52,30,222.52,225.85,,,alternate,false,,,,,,,,0,,,,,,,
50000000,part1,gsweep,sum_f64_2i64_R2,"sum_f64, 2 i64 key(s), R2 groups in the key domain","SELECT kl1, kl2, sum(x) AS s FROM grid GROUP BY kl1, kl2",189.63,,,2856.4,,30,,"yes",5.435e-16,,,"LEFT AggregateExec (input rows 50000000 (exact) vs min_rows 250000; sum_avg_f64 over 2+ i64 keys (memory input): the measured table takes it at no group count and size (results/datafusion_groupby_sweep_2026-09-30.csv)) | LEFT AggregateExec (Partial aggregate whose Final was not replaced)",,0,0.00,0.00,0.00,0.00,0.00,0,21616057,3.37,10.62,100,0,,,,,,,188.58,2842.9,195.55,"yes",0,0,0,0.0000,0.00,0.00,"LEFT AggregateExec (input rows 50000000 (exact) vs min_rows 250000; sum_avg_f64 over 2+ i64 keys (memory input): the measured table takes it at no group count and size (results/datafusion_groupby_sweep_2026-09-30.csv)) | LEFT AggregateExec (Partial aggregate whose Final was not replaced)",200.85,2026-10-01 12:52:45,2026-10-01 12:54:59,2026-09-29 00:37:52,30,195.45,196.10,,,alternate,false,,,,,,,,0,,,,,,,
50000000,part1,gsweep,minmax_int_2i64_R2,"minmax_int, 2 i64 key(s), R2 groups in the key domain","SELECT kl1, kl2, min(q) AS lo, max(q) AS hi FROM grid GROUP BY kl1, kl2",232.14,,,3388.4,,30,,"yes",0.000e0,,,"TAKEN AggregateExec (input rows 50000000 (exact) vs min_rows 250000; minmax_int over 2+ i64 keys (memory input): the measured table takes the 100k, 1M bucket(s) at 50M rows; MetalExec decides from a group-count estimate; output kept at one partition (only projections above it))",,0,0.00,0.00,0.00,0.00,0.00,0,21616057,3.37,10.62,100,0,,,,,,,232.55,3385.3,235.31,"yes",1,1,11180716,0.2420,0.02,0.00,"TAKEN AggregateExec (input rows 50000000 (exact) vs min_rows 250000; minmax_int over 2+ i64 keys (memory input): the measured table takes the 100k, 1M bucket(s) at 50M rows; MetalExec decides from a group-count estimate; output kept at one partition (only projections above it)) | LEFT MetalExec Aggregate { keys (handed back to DataFusion: an estimated 11180716 groups (4289711 to 50000000, Chao1 over a 8192-row sample) at 50000000 rows: no bucket holds that group count at this row count; left to DataFusion (from the first 16384 rows of each partition))",240.60,2026-10-01 12:52:45,2026-10-01 12:54:59,2026-09-29 00:37:52,30,240.58,242.68,,,alternate,false,,,,,,,,0,,,,,,,
50000000,part1,gsweep,distinct_2i64_R2,"distinct, 2 i64 key(s), R2 groups in the key domain","SELECT DISTINCT kl1, kl2 FROM grid",157.21,,,2264.9,,30,,"yes",0.000e0,,,"LEFT AggregateExec (input rows 50000000 (exact) vs min_rows 250000; distinct over 2+ i64 keys (memory input): the measured table takes it at no group count and size (results/datafusion_groupby_sweep_2026-09-30.csv)) | LEFT AggregateExec (Partial aggregate whose Final was not replaced)",,0,0.00,0.00,0.00,0.00,0.00,0,21616057,3.37,10.62,100,0,,,,,,,154.96,2222.5,160.05,"yes",0,0,0,0.0000,0.00,0.00,"LEFT AggregateExec (input rows 50000000 (exact) vs min_rows 250000; distinct over 2+ i64 keys (memory input): the measured table takes it at no group count and size (results/datafusion_groupby_sweep_2026-09-30.csv)) | LEFT AggregateExec (Partial aggregate whose Final was not replaced)",171.02,2026-10-01 12:52:45,2026-10-01 12:54:59,2026-09-29 00:37:52,30,162.01,162.20,,,alternate,false,,,,,,,,0,,,,,,,
