crate,size,layout,family,case,label,sql,off_ms,on_ms,ratio,off_cpu_ms,on_cpu_ms,iters_off,iters_on,equal,max_rel_dev,nodes_taken,rule_on,rule_default,runtime_fallbacks,metal_nodes,input_ms,concat_ms,import_ms,kernel_ms,export_ms,input_batches,out_rows,block_load_start,block_load_end
now,100000,b8192,sort,srt_f32,sort 3 columns by a Float32 key,"SELECT q, k1, y FROM extra ORDER BY y",3.04,1.17,2.605,4.5,0.9,5,5,yes,0.000e0,1,TAKEN SortPreservingMergeExec (input rows 100000 (exact) vs min_rows 0; projection kept above it),LEFT SortPreservingMergeExec (input rows 100000 (exact) vs min_rows 250000) | LEFT SortExec (per-partition sort (preserve_partitioning) with no replaced merge above it),0,1,0.02,0.00,0.04,0.97,0.00,13,100000,2.68,2.68
now,100000,part1,sort,srt_f32,sort 3 columns by a Float32 key,"SELECT q, k1, y FROM extra ORDER BY y",3.18,1.21,2.631,4.8,0.9,5,5,yes,0.000e0,1,TAKEN SortPreservingMergeExec (input rows 100000 (exact) vs min_rows 0; projection kept above it),LEFT SortPreservingMergeExec (input rows 100000 (exact) vs min_rows 250000) | LEFT SortExec (per-partition sort (preserve_partitioning) with no replaced merge above it),0,1,0.02,0.00,0.04,1.01,0.00,16,100000,2.71,2.71
now,250000,b8192,sort,srt_f32,sort 3 columns by a Float32 key,"SELECT q, k1, y FROM extra ORDER BY y",8.35,1.75,4.762,15.9,1.1,5,5,yes,0.000e0,1,TAKEN SortPreservingMergeExec (input rows 250000 (exact) vs min_rows 0; projection kept above it),TAKEN SortPreservingMergeExec (input rows 250000 (exact) vs min_rows 250000; projection kept above it),0,1,0.03,0.00,0.09,1.47,0.00,31,250000,2.59,2.59
now,250000,part1,sort,srt_f32,sort 3 columns by a Float32 key,"SELECT q, k1, y FROM extra ORDER BY y",8.08,1.69,4.796,15.7,1.1,5,5,yes,0.000e0,1,TAKEN SortPreservingMergeExec (input rows 250000 (exact) vs min_rows 0; projection kept above it),TAKEN SortPreservingMergeExec (input rows 250000 (exact) vs min_rows 250000; projection kept above it),0,1,0.04,0.00,0.09,1.36,0.00,32,250000,2.46,2.46
now,500000,b8192,sort,srt_f32,sort 3 columns by a Float32 key,"SELECT q, k1, y FROM extra ORDER BY y",16.52,2.21,7.492,34.7,1.6,5,5,yes,0.000e0,1,TAKEN SortPreservingMergeExec (input rows 500000 (exact) vs min_rows 0; projection kept above it),TAKEN SortPreservingMergeExec (input rows 500000 (exact) vs min_rows 250000; projection kept above it),0,1,0.06,0.00,0.15,1.82,0.00,62,500000,2.39,2.39
now,500000,part1,sort,srt_f32,sort 3 columns by a Float32 key,"SELECT q, k1, y FROM extra ORDER BY y",16.69,2.59,6.433,34.7,1.7,5,5,yes,0.000e0,1,TAKEN SortPreservingMergeExec (input rows 500000 (exact) vs min_rows 0; projection kept above it),TAKEN SortPreservingMergeExec (input rows 500000 (exact) vs min_rows 250000; projection kept above it),0,1,0.07,0.00,0.14,2.21,0.00,64,500000,2.44,2.48
now,1000000,b8192,sort,srt_f32,sort 3 columns by a Float32 key,"SELECT q, k1, y FROM extra ORDER BY y",33.04,3.71,8.911,75.8,2.8,5,5,yes,0.000e0,1,TAKEN SortPreservingMergeExec (input rows 1000000 (exact) vs min_rows 0; projection kept above it),TAKEN SortPreservingMergeExec (input rows 1000000 (exact) vs min_rows 250000; projection kept above it),0,1,0.15,0.00,0.29,2.95,0.01,123,1000000,2.37,2.37
now,1000000,part1,sort,srt_f32,sort 3 columns by a Float32 key,"SELECT q, k1, y FROM extra ORDER BY y",33.15,3.56,9.311,77.8,2.6,5,5,yes,0.000e0,1,TAKEN SortPreservingMergeExec (input rows 1000000 (exact) vs min_rows 0; projection kept above it),TAKEN SortPreservingMergeExec (input rows 1000000 (exact) vs min_rows 250000; projection kept above it),0,1,0.12,0.00,0.29,2.94,0.00,128,1000000,2.23,2.23
now,2000000,b8192,sort,srt_f32,sort 3 columns by a Float32 key,"SELECT q, k1, y FROM extra ORDER BY y",65.95,5.18,12.727,164.6,5.0,5,5,yes,0.000e0,1,TAKEN SortPreservingMergeExec (input rows 2000000 (exact) vs min_rows 0; projection kept above it),TAKEN SortPreservingMergeExec (input rows 2000000 (exact) vs min_rows 250000; projection kept above it),0,1,0.29,0.00,0.50,4.01,0.01,245,2000000,2.27,2.57
now,2000000,part1,sort,srt_f32,sort 3 columns by a Float32 key,"SELECT q, k1, y FROM extra ORDER BY y",65.48,5.48,11.939,170.2,4.6,5,5,yes,0.000e0,1,TAKEN SortPreservingMergeExec (input rows 2000000 (exact) vs min_rows 0; projection kept above it),TAKEN SortPreservingMergeExec (input rows 2000000 (exact) vs min_rows 250000; projection kept above it),0,1,0.26,0.00,0.52,4.40,0.01,256,2000000,2.68,2.55
now,5000000,b8192,sort,srt_f32,sort 3 columns by a Float32 key,"SELECT q, k1, y FROM extra ORDER BY y",166.14,6.05,27.467,473.3,10.9,5,5,yes,0.000e0,1,TAKEN SortPreservingMergeExec (input rows 5000000 (exact) vs min_rows 0; projection kept above it),TAKEN SortPreservingMergeExec (input rows 5000000 (exact) vs min_rows 250000; projection kept above it),0,1,0.66,0.00,1.02,3.85,0.01,611,5000000,2.38,2.43
now,5000000,part1,sort,srt_f32,sort 3 columns by a Float32 key,"SELECT q, k1, y FROM extra ORDER BY y",164.19,5.80,28.331,487.1,11.9,5,5,yes,0.000e0,1,TAKEN SortPreservingMergeExec (input rows 5000000 (exact) vs min_rows 0; projection kept above it),TAKEN SortPreservingMergeExec (input rows 5000000 (exact) vs min_rows 250000; projection kept above it),0,1,0.70,0.00,1.00,3.58,0.00,624,5000000,2.43,2.48
now,10000000,b8192,sort,srt_f32,sort 3 columns by a Float32 key,"SELECT q, k1, y FROM extra ORDER BY y",335.78,11.71,28.681,1029.7,18.2,5,5,yes,0.000e0,1,TAKEN SortPreservingMergeExec (input rows 10000000 (exact) vs min_rows 0; projection kept above it),TAKEN SortPreservingMergeExec (input rows 10000000 (exact) vs min_rows 250000; projection kept above it),0,1,1.32,0.00,2.05,7.53,0.01,1221,10000000,2.39,2.46
now,10000000,part1,sort,srt_f32,sort 3 columns by a Float32 key,"SELECT q, k1, y FROM extra ORDER BY y",333.15,12.84,25.945,1078.4,20.5,5,5,yes,0.000e0,1,TAKEN SortPreservingMergeExec (input rows 10000000 (exact) vs min_rows 0; projection kept above it),TAKEN SortPreservingMergeExec (input rows 10000000 (exact) vs min_rows 250000; projection kept above it),0,1,1.22,0.00,1.94,8.89,0.01,1232,10000000,2.99,3.13
now,50000000,b8192,sort,srt_f32,sort 3 columns by a Float32 key,"SELECT q, k1, y FROM extra ORDER BY y",1635.98,62.07,26.358,6194.0,107.9,5,5,yes,0.000e0,1,TAKEN SortPreservingMergeExec (input rows 50000000 (exact) vs min_rows 0; projection kept above it),TAKEN SortPreservingMergeExec (input rows 50000000 (exact) vs min_rows 250000; projection kept above it),0,1,8.11,0.00,9.24,40.83,0.01,6104,50000000,3.00,3.91
now,50000000,part1,sort,srt_f32,sort 3 columns by a Float32 key,"SELECT q, k1, y FROM extra ORDER BY y",1633.16,60.05,27.196,6461.7,98.4,5,5,yes,0.000e0,1,TAKEN SortPreservingMergeExec (input rows 50000000 (exact) vs min_rows 0; projection kept above it),TAKEN SortPreservingMergeExec (input rows 50000000 (exact) vs min_rows 250000; projection kept above it),0,1,7.03,0.00,9.00,41.03,0.01,6112,50000000,3.47,3.79
now,100000,b8192,sort,srt_f64,sort 3 columns by a Float64 key,"SELECT q, k1, x FROM extra ORDER BY x",3.05,1.87,1.636,4.6,0.9,5,5,yes,0.000e0,1,TAKEN SortPreservingMergeExec (input rows 100000 (exact) vs min_rows 0; projection kept above it),LEFT SortPreservingMergeExec (input rows 100000 (exact) vs min_rows 250000) | LEFT SortExec (per-partition sort (preserve_partitioning) with no replaced merge above it),0,1,0.02,0.00,0.04,1.63,0.00,13,100000,2.68,2.68
before,100000,b8192,sort,srt_f64,sort 3 columns by a Float64 key,"SELECT q, k1, x FROM extra ORDER BY x",3.10,1.59,1.952,4.8,1.4,5,5,yes,0.000e0,1,TAKEN SortPreservingMergeExec (input rows 100000 (exact) vs min_rows 0; projection kept above it),LEFT SortPreservingMergeExec (input rows 100000 (exact) vs min_rows 250000) | LEFT SortExec (per-partition sort (preserve_partitioning) with no replaced merge above it),0,1,0.02,0.03,0.06,1.32,0.00,13,100000,2.68,2.68
now,100000,part1,sort,srt_f64,sort 3 columns by a Float64 key,"SELECT q, k1, x FROM extra ORDER BY x",3.18,1.88,1.687,4.7,1.0,5,5,yes,0.000e0,1,TAKEN SortPreservingMergeExec (input rows 100000 (exact) vs min_rows 0; projection kept above it),LEFT SortPreservingMergeExec (input rows 100000 (exact) vs min_rows 250000) | LEFT SortExec (per-partition sort (preserve_partitioning) with no replaced merge above it),0,1,0.02,0.00,0.05,1.67,0.00,16,100000,2.71,2.71
before,100000,part1,sort,srt_f64,sort 3 columns by a Float64 key,"SELECT q, k1, x FROM extra ORDER BY x",3.17,1.71,1.852,4.8,1.3,5,5,yes,0.000e0,1,TAKEN SortPreservingMergeExec (input rows 100000 (exact) vs min_rows 0; projection kept above it),LEFT SortPreservingMergeExec (input rows 100000 (exact) vs min_rows 250000) | LEFT SortExec (per-partition sort (preserve_partitioning) with no replaced merge above it),0,1,0.03,0.03,0.06,1.45,0.00,16,100000,2.73,2.73
now,250000,b8192,sort,srt_f64,sort 3 columns by a Float64 key,"SELECT q, k1, x FROM extra ORDER BY x",8.15,2.88,2.831,16.3,1.2,5,5,yes,0.000e0,1,TAKEN SortPreservingMergeExec (input rows 250000 (exact) vs min_rows 0; projection kept above it),TAKEN SortPreservingMergeExec (input rows 250000 (exact) vs min_rows 250000; projection kept above it),0,1,0.05,0.00,0.09,2.56,0.01,31,250000,2.59,2.59
before,250000,b8192,sort,srt_f64,sort 3 columns by a Float64 key,"SELECT q, k1, x FROM extra ORDER BY x",8.08,1.94,4.166,16.8,1.5,5,5,yes,0.000e0,1,TAKEN SortPreservingMergeExec (input rows 250000 (exact) vs min_rows 0; projection kept above it),TAKEN SortPreservingMergeExec (input rows 250000 (exact) vs min_rows 250000; projection kept above it),0,1,0.04,0.08,0.09,1.56,0.00,31,250000,2.59,2.59
now,250000,part1,sort,srt_f64,sort 3 columns by a Float64 key,"SELECT q, k1, x FROM extra ORDER BY x",8.16,2.91,2.804,16.2,1.2,5,5,yes,0.000e0,1,TAKEN SortPreservingMergeExec (input rows 250000 (exact) vs min_rows 0; projection kept above it),TAKEN SortPreservingMergeExec (input rows 250000 (exact) vs min_rows 250000; projection kept above it),0,1,0.03,0.00,0.11,2.57,0.00,32,250000,2.46,2.46
before,250000,part1,sort,srt_f64,sort 3 columns by a Float64 key,"SELECT q, k1, x FROM extra ORDER BY x",8.50,1.94,4.383,16.9,1.6,5,5,yes,0.000e0,1,TAKEN SortPreservingMergeExec (input rows 250000 (exact) vs min_rows 0; projection kept above it),TAKEN SortPreservingMergeExec (input rows 250000 (exact) vs min_rows 250000; projection kept above it),0,1,0.04,0.07,0.10,1.54,0.00,32,250000,2.43,2.43
now,500000,b8192,sort,srt_f64,sort 3 columns by a Float64 key,"SELECT q, k1, x FROM extra ORDER BY x",16.14,3.61,4.471,35.6,1.9,5,5,yes,0.000e0,1,TAKEN SortPreservingMergeExec (input rows 500000 (exact) vs min_rows 0; projection kept above it),TAKEN SortPreservingMergeExec (input rows 500000 (exact) vs min_rows 250000; projection kept above it),0,1,0.07,0.00,0.17,3.16,0.01,62,500000,2.39,2.39
before,500000,b8192,sort,srt_f64,sort 3 columns by a Float64 key,"SELECT q, k1, x FROM extra ORDER BY x",16.45,2.18,7.536,36.3,2.2,5,5,yes,0.000e0,1,TAKEN SortPreservingMergeExec (input rows 500000 (exact) vs min_rows 0; projection kept above it),TAKEN SortPreservingMergeExec (input rows 500000 (exact) vs min_rows 250000; projection kept above it),0,1,0.10,0.16,0.17,1.56,0.00,62,500000,2.44,2.44
now,500000,part1,sort,srt_f64,sort 3 columns by a Float64 key,"SELECT q, k1, x FROM extra ORDER BY x",16.67,3.86,4.319,36.4,1.8,5,5,yes,0.000e0,1,TAKEN SortPreservingMergeExec (input rows 500000 (exact) vs min_rows 0; projection kept above it),TAKEN SortPreservingMergeExec (input rows 500000 (exact) vs min_rows 250000; projection kept above it),0,1,0.07,0.00,0.17,3.45,0.00,64,500000,2.44,2.48
before,500000,part1,sort,srt_f64,sort 3 columns by a Float64 key,"SELECT q, k1, x FROM extra ORDER BY x",16.86,2.01,8.376,42.4,2.1,5,5,yes,0.000e0,1,TAKEN SortPreservingMergeExec (input rows 500000 (exact) vs min_rows 0; projection kept above it),TAKEN SortPreservingMergeExec (input rows 500000 (exact) vs min_rows 250000; projection kept above it),0,1,0.09,0.14,0.16,1.41,0.00,64,500000,2.48,2.48
now,1000000,b8192,sort,srt_f64,sort 3 columns by a Float64 key,"SELECT q, k1, x FROM extra ORDER BY x",32.25,5.48,5.886,78.6,3.2,5,5,yes,0.000e0,1,TAKEN SortPreservingMergeExec (input rows 1000000 (exact) vs min_rows 0; projection kept above it),TAKEN SortPreservingMergeExec (input rows 1000000 (exact) vs min_rows 250000; projection kept above it),0,1,0.16,0.00,0.29,4.66,0.01,123,1000000,2.37,2.37
before,1000000,b8192,sort,srt_f64,sort 3 columns by a Float64 key,"SELECT q, k1, x FROM extra ORDER BY x",32.93,4.40,7.482,78.8,3.1,5,5,yes,0.000e0,1,TAKEN SortPreservingMergeExec (input rows 1000000 (exact) vs min_rows 0; projection kept above it),TAKEN SortPreservingMergeExec (input rows 1000000 (exact) vs min_rows 250000; projection kept above it),0,1,0.13,0.35,0.32,3.31,0.00,123,1000000,2.34,2.34
now,1000000,part1,sort,srt_f64,sort 3 columns by a Float64 key,"SELECT q, k1, x FROM extra ORDER BY x",32.26,2.53,12.751,78.3,2.7,5,5,yes,0.000e0,1,TAKEN SortPreservingMergeExec (input rows 1000000 (exact) vs min_rows 0; projection kept above it),TAKEN SortPreservingMergeExec (input rows 1000000 (exact) vs min_rows 250000; projection kept above it),0,1,0.17,0.00,0.27,1.88,0.00,128,1000000,2.23,2.23
before,1000000,part1,sort,srt_f64,sort 3 columns by a Float64 key,"SELECT q, k1, x FROM extra ORDER BY x",32.71,4.17,7.838,80.2,3.1,5,5,yes,0.000e0,1,TAKEN SortPreservingMergeExec (input rows 1000000 (exact) vs min_rows 0; projection kept above it),TAKEN SortPreservingMergeExec (input rows 1000000 (exact) vs min_rows 250000; projection kept above it),0,1,0.14,0.28,0.32,3.21,0.00,128,1000000,2.29,2.29
now,2000000,b8192,sort,srt_f64,sort 3 columns by a Float64 key,"SELECT q, k1, x FROM extra ORDER BY x",65.96,3.78,17.466,169.1,5.8,5,5,yes,0.000e0,1,TAKEN SortPreservingMergeExec (input rows 2000000 (exact) vs min_rows 0; projection kept above it),TAKEN SortPreservingMergeExec (input rows 2000000 (exact) vs min_rows 250000; projection kept above it),0,1,0.30,0.00,0.60,2.48,0.00,245,2000000,2.27,2.57
before,2000000,b8192,sort,srt_f64,sort 3 columns by a Float64 key,"SELECT q, k1, x FROM extra ORDER BY x",66.05,6.33,10.439,168.1,4.8,5,5,yes,0.000e0,1,TAKEN SortPreservingMergeExec (input rows 2000000 (exact) vs min_rows 0; projection kept above it),TAKEN SortPreservingMergeExec (input rows 2000000 (exact) vs min_rows 250000; projection kept above it),0,1,0.26,0.75,0.60,4.28,0.01,245,2000000,2.57,2.68
now,2000000,part1,sort,srt_f64,sort 3 columns by a Float64 key,"SELECT q, k1, x FROM extra ORDER BY x",65.50,4.49,14.587,174.1,5.8,5,5,yes,0.000e0,1,TAKEN SortPreservingMergeExec (input rows 2000000 (exact) vs min_rows 0; projection kept above it),TAKEN SortPreservingMergeExec (input rows 2000000 (exact) vs min_rows 250000; projection kept above it),0,1,0.33,0.00,0.51,3.38,0.00,256,2000000,2.68,2.55
before,2000000,part1,sort,srt_f64,sort 3 columns by a Float64 key,"SELECT q, k1, x FROM extra ORDER BY x",65.15,6.41,10.169,173.5,4.5,5,5,yes,0.000e0,1,TAKEN SortPreservingMergeExec (input rows 2000000 (exact) vs min_rows 0; projection kept above it),TAKEN SortPreservingMergeExec (input rows 2000000 (exact) vs min_rows 250000; projection kept above it),0,1,0.26,0.55,0.61,4.65,0.01,256,2000000,2.50,2.50
now,5000000,b8192,sort,srt_f64,sort 3 columns by a Float64 key,"SELECT q, k1, x FROM extra ORDER BY x",165.20,9.11,18.130,487.1,12.3,5,5,yes,0.000e0,1,TAKEN SortPreservingMergeExec (input rows 5000000 (exact) vs min_rows 0; projection kept above it),TAKEN SortPreservingMergeExec (input rows 5000000 (exact) vs min_rows 250000; projection kept above it),0,1,0.64,0.00,1.18,6.73,0.01,611,5000000,2.38,2.43
before,5000000,b8192,sort,srt_f64,sort 3 columns by a Float64 key,"SELECT q, k1, x FROM extra ORDER BY x",163.90,12.76,12.849,482.9,8.3,5,5,yes,0.000e0,1,TAKEN SortPreservingMergeExec (input rows 5000000 (exact) vs min_rows 0; projection kept above it),TAKEN SortPreservingMergeExec (input rows 5000000 (exact) vs min_rows 250000; projection kept above it),0,1,0.62,1.83,1.42,8.30,0.01,611,5000000,2.32,2.21
now,5000000,part1,sort,srt_f64,sort 3 columns by a Float64 key,"SELECT q, k1, x FROM extra ORDER BY x",164.21,8.75,18.771,500.2,13.3,5,5,yes,0.000e0,1,TAKEN SortPreservingMergeExec (input rows 5000000 (exact) vs min_rows 0; projection kept above it),TAKEN SortPreservingMergeExec (input rows 5000000 (exact) vs min_rows 250000; projection kept above it),0,1,0.71,0.00,1.19,6.33,0.01,624,5000000,2.43,2.48
before,5000000,part1,sort,srt_f64,sort 3 columns by a Float64 key,"SELECT q, k1, x FROM extra ORDER BY x",163.00,12.29,13.262,495.7,8.1,5,5,yes,0.000e0,1,TAKEN SortPreservingMergeExec (input rows 5000000 (exact) vs min_rows 0; projection kept above it),TAKEN SortPreservingMergeExec (input rows 5000000 (exact) vs min_rows 250000; projection kept above it),0,1,0.74,1.37,1.43,8.21,0.01,624,5000000,2.36,2.25
now,10000000,b8192,sort,srt_f64,sort 3 columns by a Float64 key,"SELECT q, k1, x FROM extra ORDER BY x",331.51,17.28,19.188,1044.0,22.7,5,5,yes,0.000e0,1,TAKEN SortPreservingMergeExec (input rows 10000000 (exact) vs min_rows 0; projection kept above it),TAKEN SortPreservingMergeExec (input rows 10000000 (exact) vs min_rows 250000; projection kept above it),0,1,1.23,0.00,2.28,12.88,0.00,1221,10000000,2.39,2.46
before,10000000,b8192,sort,srt_f64,sort 3 columns by a Float64 key,"SELECT q, k1, x FROM extra ORDER BY x",332.92,26.57,12.528,1048.5,14.8,5,5,yes,0.000e0,1,TAKEN SortPreservingMergeExec (input rows 10000000 (exact) vs min_rows 0; projection kept above it),TAKEN SortPreservingMergeExec (input rows 10000000 (exact) vs min_rows 250000; projection kept above it),0,1,1.21,3.86,2.76,17.84,0.01,1221,10000000,2.43,3.16
now,10000000,part1,sort,srt_f64,sort 3 columns by a Float64 key,"SELECT q, k1, x FROM extra ORDER BY x",329.59,17.10,19.274,1079.9,23.8,5,5,yes,0.000e0,1,TAKEN SortPreservingMergeExec (input rows 10000000 (exact) vs min_rows 0; projection kept above it),TAKEN SortPreservingMergeExec (input rows 10000000 (exact) vs min_rows 250000; projection kept above it),0,1,1.29,0.00,2.19,12.76,0.01,1232,10000000,2.99,3.13
before,10000000,part1,sort,srt_f64,sort 3 columns by a Float64 key,"SELECT q, k1, x FROM extra ORDER BY x",327.71,25.69,12.756,1074.5,13.9,5,5,yes,0.000e0,1,TAKEN SortPreservingMergeExec (input rows 10000000 (exact) vs min_rows 0; projection kept above it),TAKEN SortPreservingMergeExec (input rows 10000000 (exact) vs min_rows 250000; projection kept above it),0,1,1.27,2.87,2.90,17.83,0.01,1232,10000000,3.04,3.10
now,50000000,b8192,sort,srt_f64,sort 3 columns by a Float64 key,"SELECT q, k1, x FROM extra ORDER BY x",1660.22,88.09,18.847,6425.2,124.3,5,5,yes,0.000e0,1,TAKEN SortPreservingMergeExec (input rows 50000000 (exact) vs min_rows 0; projection kept above it),TAKEN SortPreservingMergeExec (input rows 50000000 (exact) vs min_rows 250000; projection kept above it),0,1,7.83,0.00,10.42,66.05,0.02,6104,50000000,3.00,3.91
before,50000000,b8192,sort,srt_f64,sort 3 columns by a Float64 key,"SELECT q, k1, x FROM extra ORDER BY x",1648.54,146.49,11.254,6385.8,71.5,5,5,yes,0.000e0,1,TAKEN SortPreservingMergeExec (input rows 50000000 (exact) vs min_rows 0; projection kept above it),TAKEN SortPreservingMergeExec (input rows 50000000 (exact) vs min_rows 250000; projection kept above it),0,1,6.60,20.84,15.45,100.00,0.01,6104,50000000,3.23,3.64
now,50000000,part1,sort,srt_f64,sort 3 columns by a Float64 key,"SELECT q, k1, x FROM extra ORDER BY x",1656.74,86.54,19.144,6777.5,116.6,5,5,yes,0.000e0,1,TAKEN SortPreservingMergeExec (input rows 50000000 (exact) vs min_rows 0; projection kept above it),TAKEN SortPreservingMergeExec (input rows 50000000 (exact) vs min_rows 250000; projection kept above it),0,1,6.99,0.00,10.35,66.25,0.02,6112,50000000,3.47,3.79
before,50000000,part1,sort,srt_f64,sort 3 columns by a Float64 key,"SELECT q, k1, x FROM extra ORDER BY x",1641.91,138.23,11.878,6594.3,63.3,5,5,yes,0.000e0,1,TAKEN SortPreservingMergeExec (input rows 50000000 (exact) vs min_rows 0; projection kept above it),TAKEN SortPreservingMergeExec (input rows 50000000 (exact) vs min_rows 250000; projection kept above it),0,1,6.65,14.08,15.44,99.04,0.01,6112,50000000,3.06,3.43
now,100000,b8192,sort,srt_i64,sort 3 columns by an int64 key,"SELECT q, k1, x FROM extra ORDER BY q",2.99,2.16,1.387,4.5,1.0,5,5,yes,0.000e0,1,TAKEN SortPreservingMergeExec (input rows 100000 (exact) vs min_rows 0; projection kept above it),LEFT SortPreservingMergeExec (input rows 100000 (exact) vs min_rows 250000) | LEFT SortExec (per-partition sort (preserve_partitioning) with no replaced merge above it),0,1,0.02,0.00,0.05,1.93,0.00,13,100000,2.68,2.68
before,100000,b8192,sort,srt_i64,sort 3 columns by an int64 key,"SELECT q, k1, x FROM extra ORDER BY q",2.94,2.01,1.463,4.4,1.0,5,5,yes,0.000e0,1,TAKEN SortPreservingMergeExec (input rows 100000 (exact) vs min_rows 0; projection kept above it),LEFT SortPreservingMergeExec (input rows 100000 (exact) vs min_rows 250000) | LEFT SortExec (per-partition sort (preserve_partitioning) with no replaced merge above it),0,1,0.02,0.03,0.05,1.75,0.00,13,100000,2.68,2.68
now,100000,part1,sort,srt_i64,sort 3 columns by an int64 key,"SELECT q, k1, x FROM extra ORDER BY q",3.00,2.23,1.343,4.4,1.0,5,5,yes,0.000e0,1,TAKEN SortPreservingMergeExec (input rows 100000 (exact) vs min_rows 0; projection kept above it),LEFT SortPreservingMergeExec (input rows 100000 (exact) vs min_rows 250000) | LEFT SortExec (per-partition sort (preserve_partitioning) with no replaced merge above it),0,1,0.03,0.00,0.06,1.94,0.00,16,100000,2.71,2.71
before,100000,part1,sort,srt_i64,sort 3 columns by an int64 key,"SELECT q, k1, x FROM extra ORDER BY q",3.03,2.16,1.398,4.6,1.0,5,5,yes,0.000e0,1,TAKEN SortPreservingMergeExec (input rows 100000 (exact) vs min_rows 0; projection kept above it),LEFT SortPreservingMergeExec (input rows 100000 (exact) vs min_rows 250000) | LEFT SortExec (per-partition sort (preserve_partitioning) with no replaced merge above it),0,1,0.02,0.03,0.07,1.89,0.00,16,100000,2.73,2.73
now,250000,b8192,sort,srt_i64,sort 3 columns by an int64 key,"SELECT q, k1, x FROM extra ORDER BY q",7.71,2.92,2.637,15.5,1.2,5,5,yes,0.000e0,1,TAKEN SortPreservingMergeExec (input rows 250000 (exact) vs min_rows 0; projection kept above it),TAKEN SortPreservingMergeExec (input rows 250000 (exact) vs min_rows 250000; projection kept above it),0,1,0.03,0.00,0.14,2.59,0.00,31,250000,2.59,2.59
before,250000,b8192,sort,srt_i64,sort 3 columns by an int64 key,"SELECT q, k1, x FROM extra ORDER BY q",7.67,3.02,2.539,15.7,1.3,5,5,yes,0.000e0,1,TAKEN SortPreservingMergeExec (input rows 250000 (exact) vs min_rows 0; projection kept above it),TAKEN SortPreservingMergeExec (input rows 250000 (exact) vs min_rows 250000; projection kept above it),0,1,0.03,0.07,0.10,2.62,0.00,31,250000,2.59,2.59
now,250000,part1,sort,srt_i64,sort 3 columns by an int64 key,"SELECT q, k1, x FROM extra ORDER BY q",7.82,2.56,3.057,15.5,1.1,5,5,yes,0.000e0,1,TAKEN SortPreservingMergeExec (input rows 250000 (exact) vs min_rows 0; projection kept above it),TAKEN SortPreservingMergeExec (input rows 250000 (exact) vs min_rows 250000; projection kept above it),0,1,0.03,0.00,0.10,2.26,0.01,32,250000,2.46,2.46
before,250000,part1,sort,srt_i64,sort 3 columns by an int64 key,"SELECT q, k1, x FROM extra ORDER BY q",7.94,3.16,2.514,15.4,1.4,5,5,yes,0.000e0,1,TAKEN SortPreservingMergeExec (input rows 250000 (exact) vs min_rows 0; projection kept above it),TAKEN SortPreservingMergeExec (input rows 250000 (exact) vs min_rows 250000; projection kept above it),0,1,0.04,0.08,0.11,2.73,0.00,32,250000,2.43,2.43
now,500000,b8192,sort,srt_i64,sort 3 columns by an int64 key,"SELECT q, k1, x FROM extra ORDER BY q",15.65,2.72,5.756,34.0,1.8,5,5,yes,0.000e0,1,TAKEN SortPreservingMergeExec (input rows 500000 (exact) vs min_rows 0; projection kept above it),TAKEN SortPreservingMergeExec (input rows 500000 (exact) vs min_rows 250000; projection kept above it),0,1,0.04,0.00,0.16,2.35,0.00,62,500000,2.39,2.39
before,500000,b8192,sort,srt_i64,sort 3 columns by an int64 key,"SELECT q, k1, x FROM extra ORDER BY q",15.53,3.16,4.917,33.3,2.1,5,5,yes,0.000e0,1,TAKEN SortPreservingMergeExec (input rows 500000 (exact) vs min_rows 0; projection kept above it),TAKEN SortPreservingMergeExec (input rows 500000 (exact) vs min_rows 250000; projection kept above it),0,1,0.06,0.16,0.18,2.56,0.00,62,500000,2.44,2.44
now,500000,part1,sort,srt_i64,sort 3 columns by an int64 key,"SELECT q, k1, x FROM extra ORDER BY q",15.54,2.77,5.618,41.2,2.1,5,5,yes,0.000e0,1,TAKEN SortPreservingMergeExec (input rows 500000 (exact) vs min_rows 0; projection kept above it),TAKEN SortPreservingMergeExec (input rows 500000 (exact) vs min_rows 250000; projection kept above it),0,1,0.08,0.00,0.18,2.31,0.00,64,500000,2.44,2.48
before,500000,part1,sort,srt_i64,sort 3 columns by an int64 key,"SELECT q, k1, x FROM extra ORDER BY q",15.51,3.02,5.138,33.8,2.1,5,5,yes,0.000e0,1,TAKEN SortPreservingMergeExec (input rows 500000 (exact) vs min_rows 0; projection kept above it),TAKEN SortPreservingMergeExec (input rows 500000 (exact) vs min_rows 250000; projection kept above it),0,1,0.10,0.14,0.18,2.40,0.00,64,500000,2.48,2.48
now,1000000,b8192,sort,srt_i64,sort 3 columns by an int64 key,"SELECT q, k1, x FROM extra ORDER BY q",31.43,2.71,11.590,73.1,3.0,5,5,yes,0.000e0,1,TAKEN SortPreservingMergeExec (input rows 1000000 (exact) vs min_rows 0; projection kept above it),TAKEN SortPreservingMergeExec (input rows 1000000 (exact) vs min_rows 250000; projection kept above it),0,1,0.11,0.00,0.33,2.01,0.00,123,1000000,2.37,2.37
before,1000000,b8192,sort,srt_i64,sort 3 columns by an int64 key,"SELECT q, k1, x FROM extra ORDER BY q",31.06,3.78,8.216,73.0,3.1,5,5,yes,0.000e0,1,TAKEN SortPreservingMergeExec (input rows 1000000 (exact) vs min_rows 0; projection kept above it),TAKEN SortPreservingMergeExec (input rows 1000000 (exact) vs min_rows 250000; projection kept above it),0,1,0.22,0.35,0.31,2.63,0.00,123,1000000,2.34,2.34
now,1000000,part1,sort,srt_i64,sort 3 columns by an int64 key,"SELECT q, k1, x FROM extra ORDER BY q",30.88,3.76,8.203,73.9,3.3,5,5,yes,0.000e0,1,TAKEN SortPreservingMergeExec (input rows 1000000 (exact) vs min_rows 0; projection kept above it),TAKEN SortPreservingMergeExec (input rows 1000000 (exact) vs min_rows 250000; projection kept above it),0,1,0.18,0.00,0.27,3.02,0.00,128,1000000,2.23,2.23
before,1000000,part1,sort,srt_i64,sort 3 columns by an int64 key,"SELECT q, k1, x FROM extra ORDER BY q",30.72,4.15,7.397,76.5,2.6,5,5,yes,0.000e0,1,TAKEN SortPreservingMergeExec (input rows 1000000 (exact) vs min_rows 0; projection kept above it),TAKEN SortPreservingMergeExec (input rows 1000000 (exact) vs min_rows 250000; projection kept above it),0,1,0.13,0.28,0.31,3.17,0.00,128,1000000,2.29,2.29
now,2000000,b8192,sort,srt_i64,sort 3 columns by an int64 key,"SELECT q, k1, x FROM extra ORDER BY q",62.06,5.78,10.744,158.9,5.6,5,5,yes,0.000e0,1,TAKEN SortPreservingMergeExec (input rows 2000000 (exact) vs min_rows 0; projection kept above it),TAKEN SortPreservingMergeExec (input rows 2000000 (exact) vs min_rows 250000; projection kept above it),0,1,0.22,0.00,0.53,4.70,0.01,245,2000000,2.27,2.57
before,2000000,b8192,sort,srt_i64,sort 3 columns by an int64 key,"SELECT q, k1, x FROM extra ORDER BY q",61.57,5.88,10.479,158.6,4.2,5,5,yes,0.000e0,1,TAKEN SortPreservingMergeExec (input rows 2000000 (exact) vs min_rows 0; projection kept above it),TAKEN SortPreservingMergeExec (input rows 2000000 (exact) vs min_rows 250000; projection kept above it),0,1,0.30,0.71,0.61,3.91,0.00,245,2000000,2.57,2.68
now,2000000,part1,sort,srt_i64,sort 3 columns by an int64 key,"SELECT q, k1, x FROM extra ORDER BY q",61.78,3.78,16.329,161.7,6.0,5,5,yes,0.000e0,1,TAKEN SortPreservingMergeExec (input rows 2000000 (exact) vs min_rows 0; projection kept above it),TAKEN SortPreservingMergeExec (input rows 2000000 (exact) vs min_rows 250000; projection kept above it),0,1,0.27,0.00,0.57,2.63,0.00,256,2000000,2.68,2.55
before,2000000,part1,sort,srt_i64,sort 3 columns by an int64 key,"SELECT q, k1, x FROM extra ORDER BY q",61.68,4.62,13.335,164.6,4.1,5,5,yes,0.000e0,1,TAKEN SortPreservingMergeExec (input rows 2000000 (exact) vs min_rows 0; projection kept above it),TAKEN SortPreservingMergeExec (input rows 2000000 (exact) vs min_rows 250000; projection kept above it),0,1,0.30,0.55,0.61,2.87,0.01,256,2000000,2.50,2.50
now,5000000,b8192,sort,srt_i64,sort 3 columns by an int64 key,"SELECT q, k1, x FROM extra ORDER BY q",154.56,7.35,21.029,454.0,13.2,5,5,yes,0.000e0,1,TAKEN SortPreservingMergeExec (input rows 5000000 (exact) vs min_rows 0; projection kept above it),TAKEN SortPreservingMergeExec (input rows 5000000 (exact) vs min_rows 250000; projection kept above it),0,1,0.73,0.00,1.16,4.89,0.01,611,5000000,2.38,2.43
before,5000000,b8192,sort,srt_i64,sort 3 columns by an int64 key,"SELECT q, k1, x FROM extra ORDER BY q",154.65,9.33,16.584,453.0,8.0,5,5,yes,0.000e0,1,TAKEN SortPreservingMergeExec (input rows 5000000 (exact) vs min_rows 0; projection kept above it),TAKEN SortPreservingMergeExec (input rows 5000000 (exact) vs min_rows 250000; projection kept above it),0,1,0.65,1.91,1.44,4.77,0.01,611,5000000,2.32,2.21
now,5000000,part1,sort,srt_i64,sort 3 columns by an int64 key,"SELECT q, k1, x FROM extra ORDER BY q",154.64,7.01,22.064,478.0,10.4,5,5,yes,0.000e0,1,TAKEN SortPreservingMergeExec (input rows 5000000 (exact) vs min_rows 0; projection kept above it),TAKEN SortPreservingMergeExec (input rows 5000000 (exact) vs min_rows 250000; projection kept above it),0,1,0.68,0.00,1.29,4.57,0.00,624,5000000,2.43,2.48
before,5000000,part1,sort,srt_i64,sort 3 columns by an int64 key,"SELECT q, k1, x FROM extra ORDER BY q",154.07,9.02,17.088,474.8,7.3,5,5,yes,0.000e0,1,TAKEN SortPreservingMergeExec (input rows 5000000 (exact) vs min_rows 0; projection kept above it),TAKEN SortPreservingMergeExec (input rows 5000000 (exact) vs min_rows 250000; projection kept above it),0,1,0.65,1.39,1.45,5.07,0.00,624,5000000,2.36,2.25
now,10000000,b8192,sort,srt_i64,sort 3 columns by an int64 key,"SELECT q, k1, x FROM extra ORDER BY q",312.60,13.61,22.964,982.0,24.3,5,5,yes,0.000e0,1,TAKEN SortPreservingMergeExec (input rows 10000000 (exact) vs min_rows 0; projection kept above it),TAKEN SortPreservingMergeExec (input rows 10000000 (exact) vs min_rows 250000; projection kept above it),0,1,1.30,0.00,2.12,9.32,0.01,1221,10000000,2.39,2.46
before,10000000,b8192,sort,srt_i64,sort 3 columns by an int64 key,"SELECT q, k1, x FROM extra ORDER BY q",311.18,19.34,16.089,981.4,14.6,5,5,yes,0.000e0,1,TAKEN SortPreservingMergeExec (input rows 10000000 (exact) vs min_rows 0; projection kept above it),TAKEN SortPreservingMergeExec (input rows 10000000 (exact) vs min_rows 250000; projection kept above it),0,1,1.19,4.12,2.89,10.23,0.01,1221,10000000,2.43,3.16
now,10000000,part1,sort,srt_i64,sort 3 columns by an int64 key,"SELECT q, k1, x FROM extra ORDER BY q",311.51,13.58,22.944,1010.3,25.0,5,5,yes,0.000e0,1,TAKEN SortPreservingMergeExec (input rows 10000000 (exact) vs min_rows 0; projection kept above it),TAKEN SortPreservingMergeExec (input rows 10000000 (exact) vs min_rows 250000; projection kept above it),0,1,1.33,0.00,2.19,9.24,0.01,1232,10000000,2.99,3.13
before,10000000,part1,sort,srt_i64,sort 3 columns by an int64 key,"SELECT q, k1, x FROM extra ORDER BY q",309.05,18.25,16.936,1007.7,13.3,5,5,yes,0.000e0,1,TAKEN SortPreservingMergeExec (input rows 10000000 (exact) vs min_rows 0; projection kept above it),TAKEN SortPreservingMergeExec (input rows 10000000 (exact) vs min_rows 250000; projection kept above it),0,1,1.29,2.84,2.93,10.35,0.01,1232,10000000,3.04,3.10
now,50000000,b8192,sort,srt_i64,sort 3 columns by an int64 key,"SELECT q, k1, x FROM extra ORDER BY q",1575.82,70.12,22.474,6028.4,117.4,5,5,yes,0.000e0,1,TAKEN SortPreservingMergeExec (input rows 50000000 (exact) vs min_rows 0; projection kept above it),TAKEN SortPreservingMergeExec (input rows 50000000 (exact) vs min_rows 250000; projection kept above it),0,1,7.94,0.00,10.62,47.90,0.01,6104,50000000,3.00,3.91
before,50000000,b8192,sort,srt_i64,sort 3 columns by an int64 key,"SELECT q, k1, x FROM extra ORDER BY q",1579.31,102.15,15.460,6044.0,73.0,5,5,yes,0.000e0,1,TAKEN SortPreservingMergeExec (input rows 50000000 (exact) vs min_rows 0; projection kept above it),TAKEN SortPreservingMergeExec (input rows 50000000 (exact) vs min_rows 250000; projection kept above it),0,1,7.11,21.24,14.85,55.30,0.02,6104,50000000,3.23,3.64
now,50000000,part1,sort,srt_i64,sort 3 columns by an int64 key,"SELECT q, k1, x FROM extra ORDER BY q",1577.90,68.01,23.201,6302.6,117.6,5,5,yes,0.000e0,1,TAKEN SortPreservingMergeExec (input rows 50000000 (exact) vs min_rows 0; projection kept above it),TAKEN SortPreservingMergeExec (input rows 50000000 (exact) vs min_rows 250000; projection kept above it),0,1,6.80,0.00,10.19,48.13,0.01,6112,50000000,3.47,3.79
before,50000000,part1,sort,srt_i64,sort 3 columns by an int64 key,"SELECT q, k1, x FROM extra ORDER BY q",1556.75,94.49,16.474,6186.1,63.0,5,5,yes,0.000e0,1,TAKEN SortPreservingMergeExec (input rows 50000000 (exact) vs min_rows 0; projection kept above it),TAKEN SortPreservingMergeExec (input rows 50000000 (exact) vs min_rows 250000; projection kept above it),0,1,6.67,14.16,15.19,55.55,0.01,6112,50000000,3.06,3.43
now,100000,b8192,sort,srt_str,sort 3 columns by a String key (1000 values),"SELECT name, q, k1 FROM extra ORDER BY name",4.03,2.13,1.891,7.1,1.3,5,5,yes,0.000e0,1,TAKEN SortPreservingMergeExec (input rows 100000 (exact) vs min_rows 0; projection kept above it),LEFT SortPreservingMergeExec (input rows 100000 (exact) vs min_rows 250000) | LEFT SortExec (per-partition sort (preserve_partitioning) with no replaced merge above it),0,1,0.02,0.00,0.05,1.92,0.00,13,100000,2.68,2.68
before,100000,b8192,sort,srt_str,sort 3 columns by a String key (1000 values),"SELECT name, q, k1 FROM extra ORDER BY name",4.02,2.37,1.700,7.2,1.7,5,5,yes,0.000e0,1,TAKEN SortPreservingMergeExec (input rows 100000 (exact) vs min_rows 0; projection kept above it),LEFT SortPreservingMergeExec (input rows 100000 (exact) vs min_rows 250000) | LEFT SortExec (per-partition sort (preserve_partitioning) with no replaced merge above it),0,1,0.03,0.04,0.11,1.92,0.00,13,100000,2.68,2.68
now,100000,part1,sort,srt_str,sort 3 columns by a String key (1000 values),"SELECT name, q, k1 FROM extra ORDER BY name",4.05,2.20,1.840,7.4,1.4,5,5,yes,0.000e0,1,TAKEN SortPreservingMergeExec (input rows 100000 (exact) vs min_rows 0; projection kept above it),LEFT SortPreservingMergeExec (input rows 100000 (exact) vs min_rows 250000) | LEFT SortExec (per-partition sort (preserve_partitioning) with no replaced merge above it),0,1,0.03,0.00,0.05,1.96,0.00,16,100000,2.71,2.71
before,100000,part1,sort,srt_str,sort 3 columns by a String key (1000 values),"SELECT name, q, k1 FROM extra ORDER BY name",3.87,2.19,1.764,7.1,1.4,5,5,yes,0.000e0,1,TAKEN SortPreservingMergeExec (input rows 100000 (exact) vs min_rows 0; projection kept above it),LEFT SortPreservingMergeExec (input rows 100000 (exact) vs min_rows 250000) | LEFT SortExec (per-partition sort (preserve_partitioning) with no replaced merge above it),0,1,0.03,0.03,0.05,1.90,0.00,16,100000,2.73,2.73
now,250000,b8192,sort,srt_str,sort 3 columns by a String key (1000 values),"SELECT name, q, k1 FROM extra ORDER BY name",10.19,3.48,2.926,24.4,1.9,5,5,yes,0.000e0,1,TAKEN SortPreservingMergeExec (input rows 250000 (exact) vs min_rows 0; projection kept above it),TAKEN SortPreservingMergeExec (input rows 250000 (exact) vs min_rows 250000; projection kept above it),0,1,0.05,0.00,0.10,3.18,0.00,31,250000,2.59,2.59
before,250000,b8192,sort,srt_str,sort 3 columns by a String key (1000 values),"SELECT name, q, k1 FROM extra ORDER BY name",10.45,3.48,3.001,25.4,1.9,5,5,yes,0.000e0,1,TAKEN SortPreservingMergeExec (input rows 250000 (exact) vs min_rows 0; projection kept above it),TAKEN SortPreservingMergeExec (input rows 250000 (exact) vs min_rows 250000; projection kept above it),0,1,0.03,0.07,0.09,3.13,0.00,31,250000,2.59,2.59
now,250000,part1,sort,srt_str,sort 3 columns by a String key (1000 values),"SELECT name, q, k1 FROM extra ORDER BY name",10.18,3.43,2.966,25.4,1.8,5,5,yes,0.000e0,1,TAKEN SortPreservingMergeExec (input rows 250000 (exact) vs min_rows 0; projection kept above it),TAKEN SortPreservingMergeExec (input rows 250000 (exact) vs min_rows 250000; projection kept above it),0,1,0.04,0.00,0.12,3.05,0.00,32,250000,2.46,2.46
before,250000,part1,sort,srt_str,sort 3 columns by a String key (1000 values),"SELECT name, q, k1 FROM extra ORDER BY name",10.35,3.24,3.197,24.7,1.8,5,5,yes,0.000e0,1,TAKEN SortPreservingMergeExec (input rows 250000 (exact) vs min_rows 0; projection kept above it),TAKEN SortPreservingMergeExec (input rows 250000 (exact) vs min_rows 250000; projection kept above it),0,1,0.04,0.07,0.10,2.84,0.00,32,250000,2.43,2.43
now,500000,b8192,sort,srt_str,sort 3 columns by a String key (1000 values),"SELECT name, q, k1 FROM extra ORDER BY name",18.92,3.55,5.331,49.5,2.8,5,5,yes,0.000e0,1,TAKEN SortPreservingMergeExec (input rows 500000 (exact) vs min_rows 0; projection kept above it),TAKEN SortPreservingMergeExec (input rows 500000 (exact) vs min_rows 250000; projection kept above it),0,1,0.07,0.00,0.18,3.09,0.01,62,500000,2.39,2.39
before,500000,b8192,sort,srt_str,sort 3 columns by a String key (1000 values),"SELECT name, q, k1 FROM extra ORDER BY name",19.38,3.68,5.261,51.2,2.7,5,5,yes,0.000e0,1,TAKEN SortPreservingMergeExec (input rows 500000 (exact) vs min_rows 0; projection kept above it),TAKEN SortPreservingMergeExec (input rows 500000 (exact) vs min_rows 250000; projection kept above it),0,1,0.07,0.18,0.17,3.06,0.01,62,500000,2.44,2.44
now,500000,part1,sort,srt_str,sort 3 columns by a String key (1000 values),"SELECT name, q, k1 FROM extra ORDER BY name",19.07,3.37,5.651,52.8,2.5,5,5,yes,0.000e0,1,TAKEN SortPreservingMergeExec (input rows 500000 (exact) vs min_rows 0; projection kept above it),TAKEN SortPreservingMergeExec (input rows 500000 (exact) vs min_rows 250000; projection kept above it),0,1,0.07,0.00,0.19,2.90,0.00,64,500000,2.44,2.48
before,500000,part1,sort,srt_str,sort 3 columns by a String key (1000 values),"SELECT name, q, k1 FROM extra ORDER BY name",19.82,3.70,5.361,51.5,2.6,5,5,yes,0.000e0,1,TAKEN SortPreservingMergeExec (input rows 500000 (exact) vs min_rows 0; projection kept above it),TAKEN SortPreservingMergeExec (input rows 500000 (exact) vs min_rows 250000; projection kept above it),0,1,0.07,0.15,0.16,3.13,0.00,64,500000,2.48,2.48
now,1000000,b8192,sort,srt_str,sort 3 columns by a String key (1000 values),"SELECT name, q, k1 FROM extra ORDER BY name",37.80,4.64,8.147,106.0,3.6,5,5,yes,0.000e0,1,TAKEN SortPreservingMergeExec (input rows 1000000 (exact) vs min_rows 0; projection kept above it),TAKEN SortPreservingMergeExec (input rows 1000000 (exact) vs min_rows 250000; projection kept above it),0,1,0.15,0.00,0.37,3.87,0.00,123,1000000,2.37,2.37
before,1000000,b8192,sort,srt_str,sort 3 columns by a String key (1000 values),"SELECT name, q, k1 FROM extra ORDER BY name",38.84,3.03,12.799,106.4,3.1,5,5,yes,0.000e0,1,TAKEN SortPreservingMergeExec (input rows 1000000 (exact) vs min_rows 0; projection kept above it),TAKEN SortPreservingMergeExec (input rows 1000000 (exact) vs min_rows 250000; projection kept above it),0,1,0.14,0.34,0.31,1.99,0.00,123,1000000,2.34,2.34
now,1000000,part1,sort,srt_str,sort 3 columns by a String key (1000 values),"SELECT name, q, k1 FROM extra ORDER BY name",38.65,4.03,9.584,107.8,3.8,5,5,yes,0.000e0,1,TAKEN SortPreservingMergeExec (input rows 1000000 (exact) vs min_rows 0; projection kept above it),TAKEN SortPreservingMergeExec (input rows 1000000 (exact) vs min_rows 250000; projection kept above it),0,1,0.16,0.00,0.30,3.33,0.00,128,1000000,2.23,2.23
before,1000000,part1,sort,srt_str,sort 3 columns by a String key (1000 values),"SELECT name, q, k1 FROM extra ORDER BY name",38.43,5.17,7.437,109.2,3.2,5,5,yes,0.000e0,1,TAKEN SortPreservingMergeExec (input rows 1000000 (exact) vs min_rows 0; projection kept above it),TAKEN SortPreservingMergeExec (input rows 1000000 (exact) vs min_rows 250000; projection kept above it),0,1,0.12,0.30,0.32,4.18,0.00,128,1000000,2.29,2.29
now,2000000,b8192,sort,srt_str,sort 3 columns by a String key (1000 values),"SELECT name, q, k1 FROM extra ORDER BY name",75.57,3.65,20.729,221.1,6.0,5,5,yes,0.000e0,1,TAKEN SortPreservingMergeExec (input rows 2000000 (exact) vs min_rows 0; projection kept above it),TAKEN SortPreservingMergeExec (input rows 2000000 (exact) vs min_rows 250000; projection kept above it),0,1,0.33,0.00,0.50,2.43,0.00,245,2000000,2.27,2.57
before,2000000,b8192,sort,srt_str,sort 3 columns by a String key (1000 values),"SELECT name, q, k1 FROM extra ORDER BY name",77.31,5.34,14.467,228.0,5.1,5,5,yes,0.000e0,1,TAKEN SortPreservingMergeExec (input rows 2000000 (exact) vs min_rows 0; projection kept above it),TAKEN SortPreservingMergeExec (input rows 2000000 (exact) vs min_rows 250000; projection kept above it),0,1,0.32,0.77,0.59,3.24,0.01,245,2000000,2.57,2.68
now,2000000,part1,sort,srt_str,sort 3 columns by a String key (1000 values),"SELECT name, q, k1 FROM extra ORDER BY name",74.32,3.54,20.997,224.3,6.3,5,5,yes,0.000e0,1,TAKEN SortPreservingMergeExec (input rows 2000000 (exact) vs min_rows 0; projection kept above it),TAKEN SortPreservingMergeExec (input rows 2000000 (exact) vs min_rows 250000; projection kept above it),0,1,0.31,0.00,0.53,2.34,0.00,256,2000000,2.68,2.55
before,2000000,part1,sort,srt_str,sort 3 columns by a String key (1000 values),"SELECT name, q, k1 FROM extra ORDER BY name",78.88,5.05,15.611,231.4,4.5,5,5,yes,0.000e0,1,TAKEN SortPreservingMergeExec (input rows 2000000 (exact) vs min_rows 0; projection kept above it),TAKEN SortPreservingMergeExec (input rows 2000000 (exact) vs min_rows 250000; projection kept above it),0,1,0.26,0.60,0.55,3.34,0.00,256,2000000,2.50,2.50
now,5000000,b8192,sort,srt_str,sort 3 columns by a String key (1000 values),"SELECT name, q, k1 FROM extra ORDER BY name",188.50,8.39,22.462,630.4,13.7,5,5,yes,0.000e0,1,TAKEN SortPreservingMergeExec (input rows 5000000 (exact) vs min_rows 0; projection kept above it),TAKEN SortPreservingMergeExec (input rows 5000000 (exact) vs min_rows 250000; projection kept above it),0,1,0.72,0.00,1.22,5.71,0.01,611,5000000,2.38,2.43
before,5000000,b8192,sort,srt_str,sort 3 columns by a String key (1000 values),"SELECT name, q, k1 FROM extra ORDER BY name",185.25,11.17,16.592,624.2,9.2,5,5,yes,0.000e0,1,TAKEN SortPreservingMergeExec (input rows 5000000 (exact) vs min_rows 0; projection kept above it),TAKEN SortPreservingMergeExec (input rows 5000000 (exact) vs min_rows 250000; projection kept above it),0,1,0.72,2.04,1.44,6.35,0.01,611,5000000,2.32,2.21
now,5000000,part1,sort,srt_str,sort 3 columns by a String key (1000 values),"SELECT name, q, k1 FROM extra ORDER BY name",185.51,8.74,21.221,644.3,10.5,5,5,yes,0.000e0,1,TAKEN SortPreservingMergeExec (input rows 5000000 (exact) vs min_rows 0; projection kept above it),TAKEN SortPreservingMergeExec (input rows 5000000 (exact) vs min_rows 250000; projection kept above it),0,1,0.75,0.00,1.40,5.91,0.02,624,5000000,2.43,2.48
before,5000000,part1,sort,srt_str,sort 3 columns by a String key (1000 values),"SELECT name, q, k1 FROM extra ORDER BY name",187.26,10.52,17.807,631.7,8.7,5,5,yes,0.000e0,1,TAKEN SortPreservingMergeExec (input rows 5000000 (exact) vs min_rows 0; projection kept above it),TAKEN SortPreservingMergeExec (input rows 5000000 (exact) vs min_rows 250000; projection kept above it),0,1,0.71,1.55,1.52,6.13,0.01,624,5000000,2.36,2.25
now,10000000,b8192,sort,srt_str,sort 3 columns by a String key (1000 values),"SELECT name, q, k1 FROM extra ORDER BY name",356.76,17.34,20.574,1264.1,24.3,5,5,yes,0.000e0,1,TAKEN SortPreservingMergeExec (input rows 10000000 (exact) vs min_rows 0; projection kept above it),TAKEN SortPreservingMergeExec (input rows 10000000 (exact) vs min_rows 250000; projection kept above it),0,1,1.61,0.00,2.37,12.33,0.02,1221,10000000,2.39,2.46
before,10000000,b8192,sort,srt_str,sort 3 columns by a String key (1000 values),"SELECT name, q, k1 FROM extra ORDER BY name",373.20,22.90,16.294,1333.3,16.0,5,5,yes,0.000e0,1,TAKEN SortPreservingMergeExec (input rows 10000000 (exact) vs min_rows 0; projection kept above it),TAKEN SortPreservingMergeExec (input rows 10000000 (exact) vs min_rows 250000; projection kept above it),0,1,1.32,4.28,2.83,13.42,0.02,1221,10000000,2.43,3.16
now,10000000,part1,sort,srt_str,sort 3 columns by a String key (1000 values),"SELECT name, q, k1 FROM extra ORDER BY name",369.79,17.00,21.752,1359.5,23.0,5,5,yes,0.000e0,1,TAKEN SortPreservingMergeExec (input rows 10000000 (exact) vs min_rows 0; projection kept above it),TAKEN SortPreservingMergeExec (input rows 10000000 (exact) vs min_rows 250000; projection kept above it),0,1,1.41,0.00,2.28,12.40,0.03,1232,10000000,2.99,3.13
before,10000000,part1,sort,srt_str,sort 3 columns by a String key (1000 values),"SELECT name, q, k1 FROM extra ORDER BY name",371.76,21.44,17.338,1288.3,14.7,5,5,yes,0.000e0,1,TAKEN SortPreservingMergeExec (input rows 10000000 (exact) vs min_rows 0; projection kept above it),TAKEN SortPreservingMergeExec (input rows 10000000 (exact) vs min_rows 250000; projection kept above it),0,1,1.38,3.22,3.02,12.85,0.01,1232,10000000,3.04,3.10
now,50000000,b8192,sort,srt_str,sort 3 columns by a String key (1000 values),"SELECT name, q, k1 FROM extra ORDER BY name",1836.53,88.91,20.657,8176.2,123.3,5,5,yes,0.000e0,1,TAKEN SortPreservingMergeExec (input rows 50000000 (exact) vs min_rows 0; projection kept above it),TAKEN SortPreservingMergeExec (input rows 50000000 (exact) vs min_rows 250000; projection kept above it),0,1,8.38,0.00,10.70,65.94,0.02,6104,50000000,3.00,3.91
before,50000000,b8192,sort,srt_str,sort 3 columns by a String key (1000 values),"SELECT name, q, k1 FROM extra ORDER BY name",1841.92,122.59,15.024,8152.7,76.2,5,5,yes,0.000e0,1,TAKEN SortPreservingMergeExec (input rows 50000000 (exact) vs min_rows 0; projection kept above it),TAKEN SortPreservingMergeExec (input rows 50000000 (exact) vs min_rows 250000; projection kept above it),0,1,7.19,23.33,14.96,73.14,0.02,6104,50000000,3.23,3.64
now,50000000,part1,sort,srt_str,sort 3 columns by a String key (1000 values),"SELECT name, q, k1 FROM extra ORDER BY name",1818.37,86.43,21.040,8182.9,107.9,5,5,yes,0.000e0,1,TAKEN SortPreservingMergeExec (input rows 50000000 (exact) vs min_rows 0; projection kept above it),TAKEN SortPreservingMergeExec (input rows 50000000 (exact) vs min_rows 250000; projection kept above it),0,1,7.47,0.00,10.27,65.27,0.02,6112,50000000,3.47,3.79
before,50000000,part1,sort,srt_str,sort 3 columns by a String key (1000 values),"SELECT name, q, k1 FROM extra ORDER BY name",1859.47,114.97,16.174,8420.5,65.6,5,5,yes,0.000e0,1,TAKEN SortPreservingMergeExec (input rows 50000000 (exact) vs min_rows 0; projection kept above it),TAKEN SortPreservingMergeExec (input rows 50000000 (exact) vs min_rows 250000; projection kept above it),0,1,6.92,16.72,14.97,72.98,0.02,6112,50000000,3.06,3.43
now,100000,b8192,sort,top_f32,"top 100 by Float32, descending","SELECT q, k1, y FROM extra ORDER BY y DESC LIMIT 100",0.35,1.28,0.270,1.5,1.1,5,5,yes,0.000e0,1,TAKEN SortPreservingMergeExec (input rows 100000 (exact) vs min_rows 0; projection kept above it),LEFT SortPreservingMergeExec (top-k (sort with fetch 100) disabled in config) | LEFT SortExec (top-k (sort with fetch 100) disabled in config),0,1,0.02,0.00,0.04,1.04,0.00,13,100,2.68,2.68
now,100000,part1,sort,top_f32,"top 100 by Float32, descending","SELECT q, k1, y FROM extra ORDER BY y DESC LIMIT 100",0.34,1.22,0.280,1.3,1.1,5,5,yes,0.000e0,1,TAKEN SortPreservingMergeExec (input rows 100000 (exact) vs min_rows 0; projection kept above it),LEFT SortPreservingMergeExec (top-k (sort with fetch 100) disabled in config) | LEFT SortExec (top-k (sort with fetch 100) disabled in config),0,1,0.03,0.00,0.04,0.99,0.00,16,100,2.71,2.71
now,250000,b8192,sort,top_f32,"top 100 by Float32, descending","SELECT q, k1, y FROM extra ORDER BY y DESC LIMIT 100",0.38,0.81,0.469,1.7,1.0,5,5,yes,0.000e0,1,TAKEN SortPreservingMergeExec (input rows 250000 (exact) vs min_rows 0; projection kept above it),LEFT SortPreservingMergeExec (top-k (sort with fetch 100) disabled in config) | LEFT SortExec (top-k (sort with fetch 100) disabled in config),0,1,0.03,0.00,0.08,0.54,0.00,31,100,2.59,2.59
now,250000,part1,sort,top_f32,"top 100 by Float32, descending","SELECT q, k1, y FROM extra ORDER BY y DESC LIMIT 100",0.42,1.36,0.306,2.1,1.2,5,5,yes,0.000e0,1,TAKEN SortPreservingMergeExec (input rows 250000 (exact) vs min_rows 0; projection kept above it),LEFT SortPreservingMergeExec (top-k (sort with fetch 100) disabled in config) | LEFT SortExec (top-k (sort with fetch 100) disabled in config),0,1,0.03,0.00,0.09,1.07,0.00,32,100,2.46,2.46
now,500000,b8192,sort,top_f32,"top 100 by Float32, descending","SELECT q, k1, y FROM extra ORDER BY y DESC LIMIT 100",0.45,1.07,0.420,2.2,1.4,5,5,yes,0.000e0,1,TAKEN SortPreservingMergeExec (input rows 500000 (exact) vs min_rows 0; projection kept above it),LEFT SortPreservingMergeExec (top-k (sort with fetch 100) disabled in config) | LEFT SortExec (top-k (sort with fetch 100) disabled in config),0,1,0.08,0.00,0.15,0.68,0.00,62,100,2.39,2.39
now,500000,part1,sort,top_f32,"top 100 by Float32, descending","SELECT q, k1, y FROM extra ORDER BY y DESC LIMIT 100",0.44,1.05,0.419,2.3,1.3,5,5,yes,0.000e0,1,TAKEN SortPreservingMergeExec (input rows 500000 (exact) vs min_rows 0; projection kept above it),LEFT SortPreservingMergeExec (top-k (sort with fetch 100) disabled in config) | LEFT SortExec (top-k (sort with fetch 100) disabled in config),0,1,0.08,0.00,0.14,0.67,0.00,64,100,2.44,2.48
now,1000000,b8192,sort,top_f32,"top 100 by Float32, descending","SELECT q, k1, y FROM extra ORDER BY y DESC LIMIT 100",0.68,2.06,0.330,4.2,2.9,5,5,yes,0.000e0,1,TAKEN SortPreservingMergeExec (input rows 1000000 (exact) vs min_rows 0; projection kept above it),LEFT SortPreservingMergeExec (top-k (sort with fetch 100) disabled in config) | LEFT SortExec (top-k (sort with fetch 100) disabled in config),0,1,0.11,0.00,0.25,1.45,0.00,123,100,2.37,2.37
now,1000000,part1,sort,top_f32,"top 100 by Float32, descending","SELECT q, k1, y FROM extra ORDER BY y DESC LIMIT 100",0.63,1.27,0.492,4.9,2.3,5,5,yes,0.000e0,1,TAKEN SortPreservingMergeExec (input rows 1000000 (exact) vs min_rows 0; projection kept above it),LEFT SortPreservingMergeExec (top-k (sort with fetch 100) disabled in config) | LEFT SortExec (top-k (sort with fetch 100) disabled in config),0,1,0.16,0.00,0.23,0.69,0.00,128,100,2.23,2.23
now,2000000,b8192,sort,top_f32,"top 100 by Float32, descending","SELECT q, k1, y FROM extra ORDER BY y DESC LIMIT 100",0.77,1.60,0.484,6.7,4.1,5,5,yes,0.000e0,1,TAKEN SortPreservingMergeExec (input rows 2000000 (exact) vs min_rows 0; projection kept above it),LEFT SortPreservingMergeExec (top-k (sort with fetch 100) disabled in config) | LEFT SortExec (top-k (sort with fetch 100) disabled in config),0,1,0.27,0.00,0.43,0.66,0.00,245,100,2.27,2.57
now,2000000,part1,sort,top_f32,"top 100 by Float32, descending","SELECT q, k1, y FROM extra ORDER BY y DESC LIMIT 100",0.80,1.64,0.487,6.3,4.1,5,5,yes,0.000e0,1,TAKEN SortPreservingMergeExec (input rows 2000000 (exact) vs min_rows 0; projection kept above it),LEFT SortPreservingMergeExec (top-k (sort with fetch 100) disabled in config) | LEFT SortExec (top-k (sort with fetch 100) disabled in config),0,1,0.26,0.00,0.50,0.67,0.00,256,100,2.68,2.55
now,5000000,b8192,sort,top_f32,"top 100 by Float32, descending","SELECT q, k1, y FROM extra ORDER BY y DESC LIMIT 100",1.22,4.20,0.290,12.6,11.2,5,5,yes,0.000e0,1,TAKEN SortPreservingMergeExec (input rows 5000000 (exact) vs min_rows 0; projection kept above it),LEFT SortPreservingMergeExec (top-k (sort with fetch 100) disabled in config) | LEFT SortExec (top-k (sort with fetch 100) disabled in config),0,1,0.56,0.00,0.98,2.37,0.00,611,100,2.38,2.43
now,5000000,part1,sort,top_f32,"top 100 by Float32, descending","SELECT q, k1, y FROM extra ORDER BY y DESC LIMIT 100",1.23,2.86,0.429,13.3,10.5,5,5,yes,0.000e0,1,TAKEN SortPreservingMergeExec (input rows 5000000 (exact) vs min_rows 0; projection kept above it),LEFT SortPreservingMergeExec (top-k (sort with fetch 100) disabled in config) | LEFT SortExec (top-k (sort with fetch 100) disabled in config),0,1,0.73,0.00,1.05,0.85,0.00,624,100,2.43,2.48
now,10000000,b8192,sort,top_f32,"top 100 by Float32, descending","SELECT q, k1, y FROM extra ORDER BY y DESC LIMIT 100",2.15,5.55,0.387,23.1,21.0,5,5,yes,0.000e0,1,TAKEN SortPreservingMergeExec (input rows 10000000 (exact) vs min_rows 0; projection kept above it),LEFT SortPreservingMergeExec (top-k (sort with fetch 100) disabled in config) | LEFT SortExec (top-k (sort with fetch 100) disabled in config),0,1,1.40,0.00,1.87,1.87,0.00,1221,100,2.39,2.46
now,10000000,part1,sort,top_f32,"top 100 by Float32, descending","SELECT q, k1, y FROM extra ORDER BY y DESC LIMIT 100",2.01,4.95,0.406,21.3,20.2,5,5,yes,0.000e0,1,TAKEN SortPreservingMergeExec (input rows 10000000 (exact) vs min_rows 0; projection kept above it),LEFT SortPreservingMergeExec (top-k (sort with fetch 100) disabled in config) | LEFT SortExec (top-k (sort with fetch 100) disabled in config),0,1,1.43,0.00,1.88,1.33,0.00,1232,100,2.99,3.13
now,50000000,b8192,sort,top_f32,"top 100 by Float32, descending","SELECT q, k1, y FROM extra ORDER BY y DESC LIMIT 100",6.52,22.21,0.293,76.7,104.3,5,5,yes,0.000e0,1,TAKEN SortPreservingMergeExec (input rows 50000000 (exact) vs min_rows 0; projection kept above it),LEFT SortPreservingMergeExec (top-k (sort with fetch 100) disabled in config) | LEFT SortExec (top-k (sort with fetch 100) disabled in config),0,1,7.98,0.00,8.99,3.70,0.01,6104,100,3.00,3.91
now,50000000,part1,sort,top_f32,"top 100 by Float32, descending","SELECT q, k1, y FROM extra ORDER BY y DESC LIMIT 100",5.79,20.10,0.288,77.6,95.3,5,5,yes,0.000e0,1,TAKEN SortPreservingMergeExec (input rows 50000000 (exact) vs min_rows 0; projection kept above it),LEFT SortPreservingMergeExec (top-k (sort with fetch 100) disabled in config) | LEFT SortExec (top-k (sort with fetch 100) disabled in config),0,1,7.20,0.00,8.65,3.55,0.01,6112,100,3.47,3.79
now,100000,b8192,sort,top_f64,"top 100 by Float64, descending (control)","SELECT q, k1, x FROM extra ORDER BY x DESC LIMIT 100",0.37,1.35,0.273,1.4,1.1,5,5,yes,0.000e0,1,TAKEN SortPreservingMergeExec (input rows 100000 (exact) vs min_rows 0; projection kept above it),LEFT SortPreservingMergeExec (top-k (sort with fetch 100) disabled in config) | LEFT SortExec (top-k (sort with fetch 100) disabled in config),0,1,0.02,0.00,0.05,1.10,0.00,13,100,2.68,2.68
before,100000,b8192,sort,top_f64,"top 100 by Float64, descending (control)","SELECT q, k1, x FROM extra ORDER BY x DESC LIMIT 100",0.38,2.48,0.153,1.5,2.2,5,5,yes,0.000e0,1,TAKEN SortPreservingMergeExec (input rows 100000 (exact) vs min_rows 0; projection kept above it),LEFT SortPreservingMergeExec (top-k (sort with fetch 100) disabled in config) | LEFT SortExec (top-k (sort with fetch 100) disabled in config),0,1,0.02,0.04,0.06,2.20,0.00,13,100,2.68,2.68
now,100000,part1,sort,top_f64,"top 100 by Float64, descending (control)","SELECT q, k1, x FROM extra ORDER BY x DESC LIMIT 100",0.32,0.89,0.361,1.0,1.0,5,5,yes,0.000e0,1,TAKEN SortPreservingMergeExec (input rows 100000 (exact) vs min_rows 0; projection kept above it),LEFT SortPreservingMergeExec (top-k (sort with fetch 100) disabled in config) | LEFT SortExec (top-k (sort with fetch 100) disabled in config),0,1,0.02,0.00,0.05,0.66,0.00,16,100,2.71,2.71
before,100000,part1,sort,top_f64,"top 100 by Float64, descending (control)","SELECT q, k1, x FROM extra ORDER BY x DESC LIMIT 100",0.36,2.39,0.149,1.2,2.3,5,5,yes,0.000e0,1,TAKEN SortPreservingMergeExec (input rows 100000 (exact) vs min_rows 0; projection kept above it),LEFT SortPreservingMergeExec (top-k (sort with fetch 100) disabled in config) | LEFT SortExec (top-k (sort with fetch 100) disabled in config),0,1,0.02,0.04,0.06,2.10,0.00,16,100,2.73,2.73
now,250000,b8192,sort,top_f64,"top 100 by Float64, descending (control)","SELECT q, k1, x FROM extra ORDER BY x DESC LIMIT 100",0.48,0.80,0.608,2.3,1.0,5,5,yes,0.000e0,1,TAKEN SortPreservingMergeExec (input rows 250000 (exact) vs min_rows 0; projection kept above it),LEFT SortPreservingMergeExec (top-k (sort with fetch 100) disabled in config) | LEFT SortExec (top-k (sort with fetch 100) disabled in config),0,1,0.03,0.00,0.09,0.52,0.00,31,100,2.59,2.59
before,250000,b8192,sort,top_f64,"top 100 by Float64, descending (control)","SELECT q, k1, x FROM extra ORDER BY x DESC LIMIT 100",0.41,2.81,0.145,1.8,2.5,5,5,yes,0.000e0,1,TAKEN SortPreservingMergeExec (input rows 250000 (exact) vs min_rows 0; projection kept above it),LEFT SortPreservingMergeExec (top-k (sort with fetch 100) disabled in config) | LEFT SortExec (top-k (sort with fetch 100) disabled in config),0,1,0.04,0.08,0.10,2.40,0.00,31,100,2.59,2.59
now,250000,part1,sort,top_f64,"top 100 by Float64, descending (control)","SELECT q, k1, x FROM extra ORDER BY x DESC LIMIT 100",0.41,0.87,0.478,2.3,1.1,5,5,yes,0.000e0,1,TAKEN SortPreservingMergeExec (input rows 250000 (exact) vs min_rows 0; projection kept above it),LEFT SortPreservingMergeExec (top-k (sort with fetch 100) disabled in config) | LEFT SortExec (top-k (sort with fetch 100) disabled in config),0,1,0.04,0.00,0.09,0.57,0.00,32,100,2.46,2.46
before,250000,part1,sort,top_f64,"top 100 by Float64, descending (control)","SELECT q, k1, x FROM extra ORDER BY x DESC LIMIT 100",0.40,3.10,0.128,1.7,2.5,5,5,yes,0.000e0,1,TAKEN SortPreservingMergeExec (input rows 250000 (exact) vs min_rows 0; projection kept above it),LEFT SortPreservingMergeExec (top-k (sort with fetch 100) disabled in config) | LEFT SortExec (top-k (sort with fetch 100) disabled in config),0,1,0.04,0.08,0.10,2.70,0.00,32,100,2.43,2.43
now,500000,b8192,sort,top_f64,"top 100 by Float64, descending (control)","SELECT q, k1, x FROM extra ORDER BY x DESC LIMIT 100",0.45,1.12,0.407,2.5,1.5,5,5,yes,0.000e0,1,TAKEN SortPreservingMergeExec (input rows 500000 (exact) vs min_rows 0; projection kept above it),LEFT SortPreservingMergeExec (top-k (sort with fetch 100) disabled in config) | LEFT SortExec (top-k (sort with fetch 100) disabled in config),0,1,0.08,0.00,0.16,0.69,0.00,62,100,2.39,2.39
before,500000,b8192,sort,top_f64,"top 100 by Float64, descending (control)","SELECT q, k1, x FROM extra ORDER BY x DESC LIMIT 100",0.45,3.03,0.147,2.8,2.9,5,5,yes,0.000e0,1,TAKEN SortPreservingMergeExec (input rows 500000 (exact) vs min_rows 0; projection kept above it),LEFT SortPreservingMergeExec (top-k (sort with fetch 100) disabled in config) | LEFT SortExec (top-k (sort with fetch 100) disabled in config),0,1,0.06,0.16,0.18,2.46,0.00,62,100,2.44,2.44
now,500000,part1,sort,top_f64,"top 100 by Float64, descending (control)","SELECT q, k1, x FROM extra ORDER BY x DESC LIMIT 100",0.46,1.10,0.414,2.9,1.5,5,5,yes,0.000e0,1,TAKEN SortPreservingMergeExec (input rows 500000 (exact) vs min_rows 0; projection kept above it),LEFT SortPreservingMergeExec (top-k (sort with fetch 100) disabled in config) | LEFT SortExec (top-k (sort with fetch 100) disabled in config),0,1,0.08,0.00,0.15,0.69,0.00,64,100,2.44,2.48
before,500000,part1,sort,top_f64,"top 100 by Float64, descending (control)","SELECT q, k1, x FROM extra ORDER BY x DESC LIMIT 100",0.48,2.99,0.161,3.4,2.8,5,5,yes,0.000e0,1,TAKEN SortPreservingMergeExec (input rows 500000 (exact) vs min_rows 0; projection kept above it),LEFT SortPreservingMergeExec (top-k (sort with fetch 100) disabled in config) | LEFT SortExec (top-k (sort with fetch 100) disabled in config),0,1,0.07,0.15,0.17,2.43,0.00,64,100,2.48,2.48
now,1000000,b8192,sort,top_f64,"top 100 by Float64, descending (control)","SELECT q, k1, x FROM extra ORDER BY x DESC LIMIT 100",0.60,1.96,0.304,4.4,3.0,5,5,yes,0.000e0,1,TAKEN SortPreservingMergeExec (input rows 1000000 (exact) vs min_rows 0; projection kept above it),LEFT SortPreservingMergeExec (top-k (sort with fetch 100) disabled in config) | LEFT SortExec (top-k (sort with fetch 100) disabled in config),0,1,0.08,0.00,0.26,1.41,0.00,123,100,2.37,2.37
before,1000000,b8192,sort,top_f64,"top 100 by Float64, descending (control)","SELECT q, k1, x FROM extra ORDER BY x DESC LIMIT 100",0.60,3.93,0.153,3.4,3.7,5,5,yes,0.000e0,1,TAKEN SortPreservingMergeExec (input rows 1000000 (exact) vs min_rows 0; projection kept above it),LEFT SortPreservingMergeExec (top-k (sort with fetch 100) disabled in config) | LEFT SortExec (top-k (sort with fetch 100) disabled in config),0,1,0.12,0.35,0.32,2.94,0.00,123,100,2.34,2.34
now,1000000,part1,sort,top_f64,"top 100 by Float64, descending (control)","SELECT q, k1, x FROM extra ORDER BY x DESC LIMIT 100",0.56,1.38,0.408,4.5,2.5,5,5,yes,0.000e0,1,TAKEN SortPreservingMergeExec (input rows 1000000 (exact) vs min_rows 0; projection kept above it),LEFT SortPreservingMergeExec (top-k (sort with fetch 100) disabled in config) | LEFT SortExec (top-k (sort with fetch 100) disabled in config),0,1,0.14,0.00,0.27,0.79,0.00,128,100,2.23,2.23
before,1000000,part1,sort,top_f64,"top 100 by Float64, descending (control)","SELECT q, k1, x FROM extra ORDER BY x DESC LIMIT 100",0.52,3.82,0.136,3.8,3.7,5,5,yes,0.000e0,1,TAKEN SortPreservingMergeExec (input rows 1000000 (exact) vs min_rows 0; projection kept above it),LEFT SortPreservingMergeExec (top-k (sort with fetch 100) disabled in config) | LEFT SortExec (top-k (sort with fetch 100) disabled in config),0,1,0.14,0.28,0.33,2.88,0.00,128,100,2.29,2.29
now,2000000,b8192,sort,top_f64,"top 100 by Float64, descending (control)","SELECT q, k1, x FROM extra ORDER BY x DESC LIMIT 100",0.76,2.56,0.297,6.6,6.0,5,5,yes,0.000e0,1,TAKEN SortPreservingMergeExec (input rows 2000000 (exact) vs min_rows 0; projection kept above it),LEFT SortPreservingMergeExec (top-k (sort with fetch 100) disabled in config) | LEFT SortExec (top-k (sort with fetch 100) disabled in config),0,1,0.31,0.00,0.49,1.52,0.00,245,100,2.27,2.57
before,2000000,b8192,sort,top_f64,"top 100 by Float64, descending (control)","SELECT q, k1, x FROM extra ORDER BY x DESC LIMIT 100",0.77,6.45,0.119,6.8,5.2,5,5,yes,0.000e0,1,TAKEN SortPreservingMergeExec (input rows 2000000 (exact) vs min_rows 0; projection kept above it),LEFT SortPreservingMergeExec (top-k (sort with fetch 100) disabled in config) | LEFT SortExec (top-k (sort with fetch 100) disabled in config),0,1,0.26,0.70,0.58,4.69,0.00,245,100,2.57,2.68
now,2000000,part1,sort,top_f64,"top 100 by Float64, descending (control)","SELECT q, k1, x FROM extra ORDER BY x DESC LIMIT 100",0.76,2.03,0.374,6.7,5.3,5,5,yes,0.000e0,1,TAKEN SortPreservingMergeExec (input rows 2000000 (exact) vs min_rows 0; projection kept above it),LEFT SortPreservingMergeExec (top-k (sort with fetch 100) disabled in config) | LEFT SortExec (top-k (sort with fetch 100) disabled in config),0,1,0.29,0.00,0.49,1.02,0.00,256,100,2.68,2.55
before,2000000,part1,sort,top_f64,"top 100 by Float64, descending (control)","SELECT q, k1, x FROM extra ORDER BY x DESC LIMIT 100",0.75,6.24,0.120,6.6,5.1,5,5,yes,0.000e0,1,TAKEN SortPreservingMergeExec (input rows 2000000 (exact) vs min_rows 0; projection kept above it),LEFT SortPreservingMergeExec (top-k (sort with fetch 100) disabled in config) | LEFT SortExec (top-k (sort with fetch 100) disabled in config),0,1,0.27,0.57,0.60,4.59,0.00,256,100,2.50,2.50
now,5000000,b8192,sort,top_f64,"top 100 by Float64, descending (control)","SELECT q, k1, x FROM extra ORDER BY x DESC LIMIT 100",1.31,4.21,0.310,11.9,12.9,5,5,yes,0.000e0,1,TAKEN SortPreservingMergeExec (input rows 5000000 (exact) vs min_rows 0; projection kept above it),LEFT SortPreservingMergeExec (top-k (sort with fetch 100) disabled in config) | LEFT SortExec (top-k (sort with fetch 100) disabled in config),0,1,0.61,0.00,1.17,2.14,0.00,611,100,2.38,2.43
before,5000000,b8192,sort,top_f64,"top 100 by Float64, descending (control)","SELECT q, k1, x FROM extra ORDER BY x DESC LIMIT 100",1.27,14.88,0.085,13.0,9.5,5,5,yes,0.000e0,1,TAKEN SortPreservingMergeExec (input rows 5000000 (exact) vs min_rows 0; projection kept above it),LEFT SortPreservingMergeExec (top-k (sort with fetch 100) disabled in config) | LEFT SortExec (top-k (sort with fetch 100) disabled in config),0,1,0.69,1.87,1.48,10.51,0.00,611,100,2.32,2.21
now,5000000,part1,sort,top_f64,"top 100 by Float64, descending (control)","SELECT q, k1, x FROM extra ORDER BY x DESC LIMIT 100",1.26,3.93,0.320,12.5,12.8,5,5,yes,0.000e0,1,TAKEN SortPreservingMergeExec (input rows 5000000 (exact) vs min_rows 0; projection kept above it),LEFT SortPreservingMergeExec (top-k (sort with fetch 100) disabled in config) | LEFT SortExec (top-k (sort with fetch 100) disabled in config),0,1,0.64,0.00,1.14,1.89,0.00,624,100,2.43,2.48
before,5000000,part1,sort,top_f64,"top 100 by Float64, descending (control)","SELECT q, k1, x FROM extra ORDER BY x DESC LIMIT 100",1.20,14.20,0.084,12.6,8.5,5,5,yes,0.000e0,1,TAKEN SortPreservingMergeExec (input rows 5000000 (exact) vs min_rows 0; projection kept above it),LEFT SortPreservingMergeExec (top-k (sort with fetch 100) disabled in config) | LEFT SortExec (top-k (sort with fetch 100) disabled in config),0,1,0.63,1.39,1.40,10.53,0.00,624,100,2.36,2.25
now,10000000,b8192,sort,top_f64,"top 100 by Float64, descending (control)","SELECT q, k1, x FROM extra ORDER BY x DESC LIMIT 100",2.01,5.62,0.357,20.5,22.0,5,5,yes,0.000e0,1,TAKEN SortPreservingMergeExec (input rows 10000000 (exact) vs min_rows 0; projection kept above it),LEFT SortPreservingMergeExec (top-k (sort with fetch 100) disabled in config) | LEFT SortExec (top-k (sort with fetch 100) disabled in config),0,1,1.32,0.00,2.01,1.91,0.00,1221,100,2.39,2.46
before,10000000,b8192,sort,top_f64,"top 100 by Float64, descending (control)","SELECT q, k1, x FROM extra ORDER BY x DESC LIMIT 100",2.29,32.94,0.070,23.0,16.4,5,5,yes,0.000e0,1,TAKEN SortPreservingMergeExec (input rows 10000000 (exact) vs min_rows 0; projection kept above it),LEFT SortPreservingMergeExec (top-k (sort with fetch 100) disabled in config) | LEFT SortExec (top-k (sort with fetch 100) disabled in config),0,1,1.33,4.00,2.96,24.18,0.01,1221,100,2.43,3.16
now,10000000,part1,sort,top_f64,"top 100 by Float64, descending (control)","SELECT q, k1, x FROM extra ORDER BY x DESC LIMIT 100",1.98,6.03,0.328,20.9,21.7,5,5,yes,0.000e0,1,TAKEN SortPreservingMergeExec (input rows 10000000 (exact) vs min_rows 0; projection kept above it),LEFT SortPreservingMergeExec (top-k (sort with fetch 100) disabled in config) | LEFT SortExec (top-k (sort with fetch 100) disabled in config),0,1,1.31,0.00,2.11,2.20,0.01,1232,100,2.99,3.13
before,10000000,part1,sort,top_f64,"top 100 by Float64, descending (control)","SELECT q, k1, x FROM extra ORDER BY x DESC LIMIT 100",1.89,31.58,0.060,21.0,15.0,5,5,yes,0.000e0,1,TAKEN SortPreservingMergeExec (input rows 10000000 (exact) vs min_rows 0; projection kept above it),LEFT SortPreservingMergeExec (top-k (sort with fetch 100) disabled in config) | LEFT SortExec (top-k (sort with fetch 100) disabled in config),0,1,1.41,2.95,2.89,23.98,0.01,1232,100,3.04,3.10
now,50000000,b8192,sort,top_f64,"top 100 by Float64, descending (control)","SELECT q, k1, x FROM extra ORDER BY x DESC LIMIT 100",6.35,27.10,0.234,74.0,114.8,5,5,yes,0.000e0,1,TAKEN SortPreservingMergeExec (input rows 50000000 (exact) vs min_rows 0; projection kept above it),LEFT SortPreservingMergeExec (top-k (sort with fetch 100) disabled in config) | LEFT SortExec (top-k (sort with fetch 100) disabled in config),0,1,7.46,0.00,10.23,7.65,0.01,6104,100,3.00,3.91
before,50000000,b8192,sort,top_f64,"top 100 by Float64, descending (control)","SELECT q, k1, x FROM extra ORDER BY x DESC LIMIT 100",6.29,186.93,0.034,75.6,75.0,5,5,yes,0.000e0,1,TAKEN SortPreservingMergeExec (input rows 50000000 (exact) vs min_rows 0; projection kept above it),LEFT SortPreservingMergeExec (top-k (sort with fetch 100) disabled in config) | LEFT SortExec (top-k (sort with fetch 100) disabled in config),0,1,7.51,22.32,15.09,140.79,0.01,6104,100,3.23,3.64
now,50000000,part1,sort,top_f64,"top 100 by Float64, descending (control)","SELECT q, k1, x FROM extra ORDER BY x DESC LIMIT 100",5.93,24.98,0.237,76.4,107.7,5,5,yes,0.000e0,1,TAKEN SortPreservingMergeExec (input rows 50000000 (exact) vs min_rows 0; projection kept above it),LEFT SortPreservingMergeExec (top-k (sort with fetch 100) disabled in config) | LEFT SortExec (top-k (sort with fetch 100) disabled in config),0,1,6.74,0.00,9.85,7.78,0.01,6112,100,3.47,3.79
before,50000000,part1,sort,top_f64,"top 100 by Float64, descending (control)","SELECT q, k1, x FROM extra ORDER BY x DESC LIMIT 100",5.65,180.66,0.031,72.9,65.5,5,5,yes,0.000e0,1,TAKEN SortPreservingMergeExec (input rows 50000000 (exact) vs min_rows 0; projection kept above it),LEFT SortPreservingMergeExec (top-k (sort with fetch 100) disabled in config) | LEFT SortExec (top-k (sort with fetch 100) disabled in config),0,1,6.82,15.15,15.65,142.33,0.01,6112,100,3.06,3.43
now,100000,b8192,sort,top_i64,top 100 by an int64 key (control),"SELECT q, k1, x FROM extra ORDER BY q LIMIT 100",0.38,1.33,0.288,1.7,1.1,5,5,yes,0.000e0,1,TAKEN SortPreservingMergeExec (input rows 100000 (exact) vs min_rows 0; projection kept above it),LEFT SortPreservingMergeExec (top-k (sort with fetch 100) disabled in config) | LEFT SortExec (top-k (sort with fetch 100) disabled in config),0,1,0.02,0.00,0.04,1.08,0.00,13,100,2.68,2.68
before,100000,b8192,sort,top_i64,top 100 by an int64 key (control),"SELECT q, k1, x FROM extra ORDER BY q LIMIT 100",0.41,1.53,0.266,1.2,1.3,5,5,yes,0.000e0,1,TAKEN SortPreservingMergeExec (input rows 100000 (exact) vs min_rows 0; projection kept above it),LEFT SortPreservingMergeExec (top-k (sort with fetch 100) disabled in config) | LEFT SortExec (top-k (sort with fetch 100) disabled in config),0,1,0.02,0.04,0.06,1.20,0.00,13,100,2.68,2.68
now,100000,part1,sort,top_i64,top 100 by an int64 key (control),"SELECT q, k1, x FROM extra ORDER BY q LIMIT 100",0.39,0.81,0.479,1.3,1.0,5,5,yes,0.000e0,1,TAKEN SortPreservingMergeExec (input rows 100000 (exact) vs min_rows 0; projection kept above it),LEFT SortPreservingMergeExec (top-k (sort with fetch 100) disabled in config) | LEFT SortExec (top-k (sort with fetch 100) disabled in config),0,1,0.02,0.00,0.04,0.58,0.00,16,100,2.71,2.71
before,100000,part1,sort,top_i64,top 100 by an int64 key (control),"SELECT q, k1, x FROM extra ORDER BY q LIMIT 100",0.39,0.85,0.458,1.7,1.0,5,5,yes,0.000e0,1,TAKEN SortPreservingMergeExec (input rows 100000 (exact) vs min_rows 0; projection kept above it),LEFT SortPreservingMergeExec (top-k (sort with fetch 100) disabled in config) | LEFT SortExec (top-k (sort with fetch 100) disabled in config),0,1,0.02,0.03,0.05,0.57,0.00,16,100,2.73,2.73
now,250000,b8192,sort,top_i64,top 100 by an int64 key (control),"SELECT q, k1, x FROM extra ORDER BY q LIMIT 100",0.40,1.04,0.386,1.6,1.1,5,5,yes,0.000e0,1,TAKEN SortPreservingMergeExec (input rows 250000 (exact) vs min_rows 0; projection kept above it),LEFT SortPreservingMergeExec (top-k (sort with fetch 100) disabled in config) | LEFT SortExec (top-k (sort with fetch 100) disabled in config),0,1,0.03,0.00,0.10,0.75,0.00,31,100,2.59,2.59
before,250000,b8192,sort,top_i64,top 100 by an int64 key (control),"SELECT q, k1, x FROM extra ORDER BY q LIMIT 100",0.39,0.96,0.409,1.6,1.2,5,5,yes,0.000e0,1,TAKEN SortPreservingMergeExec (input rows 250000 (exact) vs min_rows 0; projection kept above it),LEFT SortPreservingMergeExec (top-k (sort with fetch 100) disabled in config) | LEFT SortExec (top-k (sort with fetch 100) disabled in config),0,1,0.04,0.07,0.09,0.59,0.00,31,100,2.59,2.59
now,250000,part1,sort,top_i64,top 100 by an int64 key (control),"SELECT q, k1, x FROM extra ORDER BY q LIMIT 100",0.38,1.03,0.366,2.1,1.1,5,5,yes,0.000e0,1,TAKEN SortPreservingMergeExec (input rows 250000 (exact) vs min_rows 0; projection kept above it),LEFT SortPreservingMergeExec (top-k (sort with fetch 100) disabled in config) | LEFT SortExec (top-k (sort with fetch 100) disabled in config),0,1,0.03,0.00,0.10,0.71,0.00,32,100,2.46,2.46
before,250000,part1,sort,top_i64,top 100 by an int64 key (control),"SELECT q, k1, x FROM extra ORDER BY q LIMIT 100",0.41,1.01,0.402,2.1,1.2,5,5,yes,0.000e0,1,TAKEN SortPreservingMergeExec (input rows 250000 (exact) vs min_rows 0; projection kept above it),LEFT SortPreservingMergeExec (top-k (sort with fetch 100) disabled in config) | LEFT SortExec (top-k (sort with fetch 100) disabled in config),0,1,0.03,0.08,0.10,0.62,0.00,32,100,2.43,2.43
now,500000,b8192,sort,top_i64,top 100 by an int64 key (control),"SELECT q, k1, x FROM extra ORDER BY q LIMIT 100",0.43,1.05,0.410,2.8,1.4,5,5,yes,0.000e0,1,TAKEN SortPreservingMergeExec (input rows 500000 (exact) vs min_rows 0; projection kept above it),LEFT SortPreservingMergeExec (top-k (sort with fetch 100) disabled in config) | LEFT SortExec (top-k (sort with fetch 100) disabled in config),0,1,0.05,0.00,0.16,0.67,0.00,62,100,2.39,2.39
before,500000,b8192,sort,top_i64,top 100 by an int64 key (control),"SELECT q, k1, x FROM extra ORDER BY q LIMIT 100",0.46,1.35,0.342,2.1,1.6,5,5,yes,0.000e0,1,TAKEN SortPreservingMergeExec (input rows 500000 (exact) vs min_rows 0; projection kept above it),LEFT SortPreservingMergeExec (top-k (sort with fetch 100) disabled in config) | LEFT SortExec (top-k (sort with fetch 100) disabled in config),0,1,0.06,0.16,0.16,0.80,0.00,62,100,2.44,2.44
now,500000,part1,sort,top_i64,top 100 by an int64 key (control),"SELECT q, k1, x FROM extra ORDER BY q LIMIT 100",0.44,1.03,0.422,2.7,1.5,5,5,yes,0.000e0,1,TAKEN SortPreservingMergeExec (input rows 500000 (exact) vs min_rows 0; projection kept above it),LEFT SortPreservingMergeExec (top-k (sort with fetch 100) disabled in config) | LEFT SortExec (top-k (sort with fetch 100) disabled in config),0,1,0.06,0.00,0.17,0.65,0.00,64,100,2.44,2.48
before,500000,part1,sort,top_i64,top 100 by an int64 key (control),"SELECT q, k1, x FROM extra ORDER BY q LIMIT 100",0.49,1.42,0.344,2.8,1.5,5,5,yes,0.000e0,1,TAKEN SortPreservingMergeExec (input rows 500000 (exact) vs min_rows 0; projection kept above it),LEFT SortPreservingMergeExec (top-k (sort with fetch 100) disabled in config) | LEFT SortExec (top-k (sort with fetch 100) disabled in config),0,1,0.07,0.15,0.16,0.86,0.00,64,100,2.48,2.48
now,1000000,b8192,sort,top_i64,top 100 by an int64 key (control),"SELECT q, k1, x FROM extra ORDER BY q LIMIT 100",0.52,3.81,0.137,3.4,4.2,5,5,yes,0.000e0,1,TAKEN SortPreservingMergeExec (input rows 1000000 (exact) vs min_rows 0; projection kept above it),LEFT SortPreservingMergeExec (top-k (sort with fetch 100) disabled in config) | LEFT SortExec (top-k (sort with fetch 100) disabled in config),0,1,0.05,0.00,0.33,3.18,0.00,123,100,2.37,2.37
before,1000000,b8192,sort,top_i64,top 100 by an int64 key (control),"SELECT q, k1, x FROM extra ORDER BY q LIMIT 100",0.56,4.22,0.132,3.7,4.0,5,5,yes,0.000e0,1,TAKEN SortPreservingMergeExec (input rows 1000000 (exact) vs min_rows 0; projection kept above it),LEFT SortPreservingMergeExec (top-k (sort with fetch 100) disabled in config) | LEFT SortExec (top-k (sort with fetch 100) disabled in config),0,1,0.12,0.35,0.32,3.23,0.00,123,100,2.34,2.34
now,1000000,part1,sort,top_i64,top 100 by an int64 key (control),"SELECT q, k1, x FROM extra ORDER BY q LIMIT 100",0.55,1.95,0.281,4.5,3.4,5,5,yes,0.000e0,1,TAKEN SortPreservingMergeExec (input rows 1000000 (exact) vs min_rows 0; projection kept above it),LEFT SortPreservingMergeExec (top-k (sort with fetch 100) disabled in config) | LEFT SortExec (top-k (sort with fetch 100) disabled in config),0,1,0.15,0.00,0.27,1.35,0.00,128,100,2.23,2.23
before,1000000,part1,sort,top_i64,top 100 by an int64 key (control),"SELECT q, k1, x FROM extra ORDER BY q LIMIT 100",0.52,2.54,0.203,3.4,3.3,5,5,yes,0.000e0,1,TAKEN SortPreservingMergeExec (input rows 1000000 (exact) vs min_rows 0; projection kept above it),LEFT SortPreservingMergeExec (top-k (sort with fetch 100) disabled in config) | LEFT SortExec (top-k (sort with fetch 100) disabled in config),0,1,0.11,0.30,0.34,1.59,0.00,128,100,2.29,2.29
now,2000000,b8192,sort,top_i64,top 100 by an int64 key (control),"SELECT q, k1, x FROM extra ORDER BY q LIMIT 100",0.68,2.32,0.292,5.7,5.4,5,5,yes,0.000e0,1,TAKEN SortPreservingMergeExec (input rows 2000000 (exact) vs min_rows 0; projection kept above it),LEFT SortPreservingMergeExec (top-k (sort with fetch 100) disabled in config) | LEFT SortExec (top-k (sort with fetch 100) disabled in config),0,1,0.27,0.00,0.46,1.32,0.01,245,100,2.27,2.57
before,2000000,b8192,sort,top_i64,top 100 by an int64 key (control),"SELECT q, k1, x FROM extra ORDER BY q LIMIT 100",0.71,3.61,0.196,6.1,4.7,5,5,yes,0.000e0,1,TAKEN SortPreservingMergeExec (input rows 2000000 (exact) vs min_rows 0; projection kept above it),LEFT SortPreservingMergeExec (top-k (sort with fetch 100) disabled in config) | LEFT SortExec (top-k (sort with fetch 100) disabled in config),0,1,0.27,0.74,0.69,1.69,0.00,245,100,2.57,2.68
now,2000000,part1,sort,top_i64,top 100 by an int64 key (control),"SELECT q, k1, x FROM extra ORDER BY q LIMIT 100",0.64,2.13,0.301,5.2,5.2,5,5,yes,0.000e0,1,TAKEN SortPreservingMergeExec (input rows 2000000 (exact) vs min_rows 0; projection kept above it),LEFT SortPreservingMergeExec (top-k (sort with fetch 100) disabled in config) | LEFT SortExec (top-k (sort with fetch 100) disabled in config),0,1,0.28,0.00,0.51,1.11,0.00,256,100,2.68,2.55
before,2000000,part1,sort,top_i64,top 100 by an int64 key (control),"SELECT q, k1, x FROM extra ORDER BY q LIMIT 100",0.70,3.49,0.200,5.8,4.6,5,5,yes,0.000e0,1,TAKEN SortPreservingMergeExec (input rows 2000000 (exact) vs min_rows 0; projection kept above it),LEFT SortPreservingMergeExec (top-k (sort with fetch 100) disabled in config) | LEFT SortExec (top-k (sort with fetch 100) disabled in config),0,1,0.31,0.55,0.60,1.83,0.00,256,100,2.50,2.50
now,5000000,b8192,sort,top_i64,top 100 by an int64 key (control),"SELECT q, k1, x FROM extra ORDER BY q LIMIT 100",1.10,4.09,0.268,10.6,12.4,5,5,yes,0.000e0,1,TAKEN SortPreservingMergeExec (input rows 5000000 (exact) vs min_rows 0; projection kept above it),LEFT SortPreservingMergeExec (top-k (sort with fetch 100) disabled in config) | LEFT SortExec (top-k (sort with fetch 100) disabled in config),0,1,0.53,0.00,1.12,2.17,0.00,611,100,2.38,2.43
before,5000000,b8192,sort,top_i64,top 100 by an int64 key (control),"SELECT q, k1, x FROM extra ORDER BY q LIMIT 100",1.11,7.32,0.151,10.8,9.0,5,5,yes,0.000e0,1,TAKEN SortPreservingMergeExec (input rows 5000000 (exact) vs min_rows 0; projection kept above it),LEFT SortPreservingMergeExec (top-k (sort with fetch 100) disabled in config) | LEFT SortExec (top-k (sort with fetch 100) disabled in config),0,1,0.62,1.96,1.38,3.08,0.00,611,100,2.32,2.21
now,5000000,part1,sort,top_i64,top 100 by an int64 key (control),"SELECT q, k1, x FROM extra ORDER BY q LIMIT 100",1.08,3.78,0.284,11.0,12.9,5,5,yes,0.000e0,1,TAKEN SortPreservingMergeExec (input rows 5000000 (exact) vs min_rows 0; projection kept above it),LEFT SortPreservingMergeExec (top-k (sort with fetch 100) disabled in config) | LEFT SortExec (top-k (sort with fetch 100) disabled in config),0,1,0.68,0.00,1.14,1.73,0.00,624,100,2.43,2.48
before,5000000,part1,sort,top_i64,top 100 by an int64 key (control),"SELECT q, k1, x FROM extra ORDER BY q LIMIT 100",1.01,6.61,0.153,10.4,8.7,5,5,yes,0.000e0,1,TAKEN SortPreservingMergeExec (input rows 5000000 (exact) vs min_rows 0; projection kept above it),LEFT SortPreservingMergeExec (top-k (sort with fetch 100) disabled in config) | LEFT SortExec (top-k (sort with fetch 100) disabled in config),0,1,0.67,1.47,1.53,2.62,0.01,624,100,2.36,2.25
now,10000000,b8192,sort,top_i64,top 100 by an int64 key (control),"SELECT q, k1, x FROM extra ORDER BY q LIMIT 100",1.73,7.14,0.243,17.6,24.4,5,5,yes,0.000e0,1,TAKEN SortPreservingMergeExec (input rows 10000000 (exact) vs min_rows 0; projection kept above it),LEFT SortPreservingMergeExec (top-k (sort with fetch 100) disabled in config) | LEFT SortExec (top-k (sort with fetch 100) disabled in config),0,1,1.36,0.00,2.08,3.34,0.00,1221,100,2.39,2.46
before,10000000,b8192,sort,top_i64,top 100 by an int64 key (control),"SELECT q, k1, x FROM extra ORDER BY q LIMIT 100",1.79,13.64,0.131,16.9,15.9,5,5,yes,0.000e0,1,TAKEN SortPreservingMergeExec (input rows 10000000 (exact) vs min_rows 0; projection kept above it),LEFT SortPreservingMergeExec (top-k (sort with fetch 100) disabled in config) | LEFT SortExec (top-k (sort with fetch 100) disabled in config),0,1,1.34,4.06,2.79,5.07,0.01,1221,100,2.43,3.16
now,10000000,part1,sort,top_i64,top 100 by an int64 key (control),"SELECT q, k1, x FROM extra ORDER BY q LIMIT 100",1.58,6.41,0.246,16.9,22.8,5,5,yes,0.000e0,1,TAKEN SortPreservingMergeExec (input rows 10000000 (exact) vs min_rows 0; projection kept above it),LEFT SortPreservingMergeExec (top-k (sort with fetch 100) disabled in config) | LEFT SortExec (top-k (sort with fetch 100) disabled in config),0,1,1.28,0.00,2.02,2.84,0.00,1232,100,2.99,3.13
before,10000000,part1,sort,top_i64,top 100 by an int64 key (control),"SELECT q, k1, x FROM extra ORDER BY q LIMIT 100",1.65,12.07,0.137,16.5,14.7,5,5,yes,0.000e0,1,TAKEN SortPreservingMergeExec (input rows 10000000 (exact) vs min_rows 0; projection kept above it),LEFT SortPreservingMergeExec (top-k (sort with fetch 100) disabled in config) | LEFT SortExec (top-k (sort with fetch 100) disabled in config),0,1,1.37,3.00,3.18,4.21,0.01,1232,100,3.04,3.10
now,50000000,b8192,sort,top_i64,top 100 by an int64 key (control),"SELECT q, k1, x FROM extra ORDER BY q LIMIT 100",5.06,28.77,0.176,59.3,117.8,5,5,yes,0.000e0,1,TAKEN SortPreservingMergeExec (input rows 50000000 (exact) vs min_rows 0; projection kept above it),LEFT SortPreservingMergeExec (top-k (sort with fetch 100) disabled in config) | LEFT SortExec (top-k (sort with fetch 100) disabled in config),0,1,7.43,0.00,10.33,9.29,0.01,6104,100,3.00,3.91
before,50000000,b8192,sort,top_i64,top 100 by an int64 key (control),"SELECT q, k1, x FROM extra ORDER BY q LIMIT 100",5.12,64.05,0.080,59.9,74.1,5,5,yes,0.000e0,1,TAKEN SortPreservingMergeExec (input rows 50000000 (exact) vs min_rows 0; projection kept above it),LEFT SortPreservingMergeExec (top-k (sort with fetch 100) disabled in config) | LEFT SortExec (top-k (sort with fetch 100) disabled in config),0,1,7.07,21.70,15.91,18.12,0.01,6104,100,3.23,3.64
now,50000000,part1,sort,top_i64,top 100 by an int64 key (control),"SELECT q, k1, x FROM extra ORDER BY q LIMIT 100",4.61,27.29,0.169,61.8,108.2,5,5,yes,0.000e0,1,TAKEN SortPreservingMergeExec (input rows 50000000 (exact) vs min_rows 0; projection kept above it),LEFT SortPreservingMergeExec (top-k (sort with fetch 100) disabled in config) | LEFT SortExec (top-k (sort with fetch 100) disabled in config),0,1,6.51,0.00,10.05,10.10,0.01,6112,100,3.47,3.79
before,50000000,part1,sort,top_i64,top 100 by an int64 key (control),"SELECT q, k1, x FROM extra ORDER BY q LIMIT 100",4.49,57.52,0.078,58.4,65.3,5,5,yes,0.000e0,1,TAKEN SortPreservingMergeExec (input rows 50000000 (exact) vs min_rows 0; projection kept above it),LEFT SortPreservingMergeExec (top-k (sort with fetch 100) disabled in config) | LEFT SortExec (top-k (sort with fetch 100) disabled in config),0,1,6.68,15.13,16.21,18.80,0.01,6112,100,3.06,3.43
now,1000000,b8192,groupby,g1count100k,"group-by 1 int32 key, 100k groups, count(*) AS n","SELECT k, count(*) AS n FROM grid GROUP BY k",2.46,2.12,1.162,28.7,2.5,5,5,yes,0.000e0,1,TAKEN AggregateExec (input rows 1000000 (exact) vs min_rows 0; output kept at one partition (only projections above it)),LEFT AggregateExec (aggregate disabled in config) | LEFT AggregateExec (aggregate disabled in config),0,1,0.13,0.00,0.07,1.73,0.00,123,99995,3.48,3.48
before,1000000,b8192,groupby,g1count100k,"group-by 1 int32 key, 100k groups, count(*) AS n","SELECT k, count(*) AS n FROM grid GROUP BY k",2.55,2.23,1.144,27.5,2.7,5,5,yes,0.000e0,1,TAKEN AggregateExec (input rows 1000000 (exact) vs min_rows 0; output kept at one partition (only projections above it)),LEFT AggregateExec (aggregate disabled in config) | LEFT AggregateExec (aggregate disabled in config),0,1,0.16,0.07,0.09,1.72,0.00,123,99995,3.36,3.36
now,1000000,part1,groupby,g1count100k,"group-by 1 int32 key, 100k groups, count(*) AS n","SELECT k, count(*) AS n FROM grid GROUP BY k",2.42,2.06,1.171,29.0,2.4,5,5,yes,0.000e0,1,TAKEN AggregateExec (input rows 1000000 (exact) vs min_rows 0; output kept at one partition (only projections above it)),LEFT AggregateExec (aggregate disabled in config) | LEFT AggregateExec (aggregate disabled in config),0,1,0.10,0.00,0.07,1.70,0.00,128,99995,3.41,3.41
before,1000000,part1,groupby,g1count100k,"group-by 1 int32 key, 100k groups, count(*) AS n","SELECT k, count(*) AS n FROM grid GROUP BY k",2.71,2.39,1.134,31.9,2.6,5,5,yes,0.000e0,1,TAKEN AggregateExec (input rows 1000000 (exact) vs min_rows 0; output kept at one partition (only projections above it)),LEFT AggregateExec (aggregate disabled in config) | LEFT AggregateExec (aggregate disabled in config),0,1,0.11,0.07,0.08,1.84,0.00,128,99995,3.19,3.19
now,10000000,b8192,groupby,g1count100k,"group-by 1 int32 key, 100k groups, count(*) AS n","SELECT k, count(*) AS n FROM grid GROUP BY k",9.96,5.95,1.675,118.4,10.0,5,5,yes,0.000e0,1,TAKEN AggregateExec (input rows 10000000 (exact) vs min_rows 0; output kept at one partition (only projections above it)),LEFT AggregateExec (aggregate disabled in config) | LEFT AggregateExec (aggregate disabled in config),0,1,1.34,0.00,0.56,3.71,0.00,1221,100000,3.10,3.73
before,10000000,b8192,groupby,g1count100k,"group-by 1 int32 key, 100k groups, count(*) AS n","SELECT k, count(*) AS n FROM grid GROUP BY k",10.05,6.80,1.478,122.7,8.0,5,5,yes,0.000e0,1,TAKEN AggregateExec (input rows 10000000 (exact) vs min_rows 0; output kept at one partition (only projections above it)),LEFT AggregateExec (aggregate disabled in config) | LEFT AggregateExec (aggregate disabled in config),0,1,1.25,0.97,0.71,3.54,0.00,1221,100000,2.78,2.78
now,10000000,part1,groupby,g1count100k,"group-by 1 int32 key, 100k groups, count(*) AS n","SELECT k, count(*) AS n FROM grid GROUP BY k",9.62,4.98,1.931,116.3,9.6,5,5,yes,0.000e0,1,TAKEN AggregateExec (input rows 10000000 (exact) vs min_rows 0; output kept at one partition (only projections above it)),LEFT AggregateExec (aggregate disabled in config) | LEFT AggregateExec (aggregate disabled in config),0,1,1.19,0.00,0.58,2.88,0.01,1232,100000,2.39,3.48
before,10000000,part1,groupby,g1count100k,"group-by 1 int32 key, 100k groups, count(*) AS n","SELECT k, count(*) AS n FROM grid GROUP BY k",9.74,6.32,1.542,120.8,7.6,5,5,yes,0.000e0,1,TAKEN AggregateExec (input rows 10000000 (exact) vs min_rows 0; output kept at one partition (only projections above it)),LEFT AggregateExec (aggregate disabled in config) | LEFT AggregateExec (aggregate disabled in config),0,1,1.39,0.56,0.67,3.42,0.01,1232,100000,3.37,3.37
now,50000000,b8192,groupby,g1count100k,"group-by 1 int32 key, 100k groups, count(*) AS n","SELECT k, count(*) AS n FROM grid GROUP BY k",31.76,19.58,1.622,412.0,46.9,5,5,yes,0.000e0,1,TAKEN AggregateExec (input rows 50000000 (exact) vs min_rows 0; output kept at one partition (only projections above it)),LEFT AggregateExec (aggregate disabled in config) | LEFT AggregateExec (aggregate disabled in config),0,1,6.62,0.00,2.78,9.10,0.00,6104,100000,3.44,4.52
before,50000000,b8192,groupby,g1count100k,"group-by 1 int32 key, 100k groups, count(*) AS n","SELECT k, count(*) AS n FROM grid GROUP BY k",33.18,26.25,1.264,419.5,36.4,5,5,yes,0.000e0,1,TAKEN AggregateExec (input rows 50000000 (exact) vs min_rows 0; output kept at one partition (only projections above it)),LEFT AggregateExec (aggregate disabled in config) | LEFT AggregateExec (aggregate disabled in config),0,1,6.45,5.24,3.18,10.34,0.01,6104,100000,3.02,2.94
now,50000000,part1,groupby,g1count100k,"group-by 1 int32 key, 100k groups, count(*) AS n","SELECT k, count(*) AS n FROM grid GROUP BY k",32.39,17.48,1.853,420.4,36.7,5,5,yes,0.000e0,1,TAKEN AggregateExec (input rows 50000000 (exact) vs min_rows 0; output kept at one partition (only projections above it)),LEFT AggregateExec (aggregate disabled in config) | LEFT AggregateExec (aggregate disabled in config),0,1,5.97,0.00,2.52,8.62,0.00,6112,100000,3.46,3.26
before,50000000,part1,groupby,g1count100k,"group-by 1 int32 key, 100k groups, count(*) AS n","SELECT k, count(*) AS n FROM grid GROUP BY k",30.97,22.73,1.362,408.5,27.0,5,5,yes,0.000e0,1,TAKEN AggregateExec (input rows 50000000 (exact) vs min_rows 0; output kept at one partition (only projections above it)),LEFT AggregateExec (aggregate disabled in config) | LEFT AggregateExec (aggregate disabled in config),0,1,5.81,2.82,2.92,10.64,0.01,6112,100000,2.78,4.00
now,1000000,b8192,groupby,g1count10k,"group-by 1 int32 key, 10k groups, count(*) AS n","SELECT k, count(*) AS n FROM grid GROUP BY k",1.35,1.80,0.749,11.9,2.3,5,5,yes,0.000e0,1,TAKEN AggregateExec (input rows 1000000 (exact) vs min_rows 0; output kept at one partition (only projections above it)),LEFT AggregateExec (aggregate disabled in config) | LEFT AggregateExec (aggregate disabled in config),0,1,0.13,0.00,0.07,1.38,0.00,123,10000,3.48,3.48
before,1000000,b8192,groupby,g1count10k,"group-by 1 int32 key, 10k groups, count(*) AS n","SELECT k, count(*) AS n FROM grid GROUP BY k",1.28,1.94,0.658,10.9,2.3,5,5,yes,0.000e0,1,TAKEN AggregateExec (input rows 1000000 (exact) vs min_rows 0; output kept at one partition (only projections above it)),LEFT AggregateExec (aggregate disabled in config) | LEFT AggregateExec (aggregate disabled in config),0,1,0.12,0.07,0.08,1.49,0.00,123,10000,3.36,3.36
now,1000000,part1,groupby,g1count10k,"group-by 1 int32 key, 10k groups, count(*) AS n","SELECT k, count(*) AS n FROM grid GROUP BY k",1.32,1.69,0.785,10.5,2.2,5,5,yes,0.000e0,1,TAKEN AggregateExec (input rows 1000000 (exact) vs min_rows 0; output kept at one partition (only projections above it)),LEFT AggregateExec (aggregate disabled in config) | LEFT AggregateExec (aggregate disabled in config),0,1,0.12,0.00,0.07,1.31,0.00,128,10000,3.41,3.41
before,1000000,part1,groupby,g1count10k,"group-by 1 int32 key, 10k groups, count(*) AS n","SELECT k, count(*) AS n FROM grid GROUP BY k",1.35,1.99,0.678,12.9,2.5,5,5,yes,0.000e0,1,TAKEN AggregateExec (input rows 1000000 (exact) vs min_rows 0; output kept at one partition (only projections above it)),LEFT AggregateExec (aggregate disabled in config) | LEFT AggregateExec (aggregate disabled in config),0,1,0.12,0.07,0.08,1.51,0.00,128,10000,3.19,3.19
now,10000000,b8192,groupby,g1count10k,"group-by 1 int32 key, 10k groups, count(*) AS n","SELECT k, count(*) AS n FROM grid GROUP BY k",4.65,4.79,0.971,46.3,9.8,5,5,yes,0.000e0,1,TAKEN AggregateExec (input rows 10000000 (exact) vs min_rows 0; output kept at one partition (only projections above it)),LEFT AggregateExec (aggregate disabled in config) | LEFT AggregateExec (aggregate disabled in config),0,1,1.27,0.00,0.55,2.59,0.00,1221,10000,3.10,3.10
before,10000000,b8192,groupby,g1count10k,"group-by 1 int32 key, 10k groups, count(*) AS n","SELECT k, count(*) AS n FROM grid GROUP BY k",4.75,5.77,0.823,47.7,8.4,5,5,yes,0.000e0,1,TAKEN AggregateExec (input rows 10000000 (exact) vs min_rows 0; output kept at one partition (only projections above it)),LEFT AggregateExec (aggregate disabled in config) | LEFT AggregateExec (aggregate disabled in config),0,1,1.12,1.03,0.66,2.53,0.01,1221,10000,2.78,2.78
now,10000000,part1,groupby,g1count10k,"group-by 1 int32 key, 10k groups, count(*) AS n","SELECT k, count(*) AS n FROM grid GROUP BY k",4.61,4.39,1.050,47.7,8.8,5,5,yes,0.000e0,1,TAKEN AggregateExec (input rows 10000000 (exact) vs min_rows 0; output kept at one partition (only projections above it)),LEFT AggregateExec (aggregate disabled in config) | LEFT AggregateExec (aggregate disabled in config),0,1,1.14,0.00,0.56,2.46,0.00,1232,10000,2.39,2.39
before,10000000,part1,groupby,g1count10k,"group-by 1 int32 key, 10k groups, count(*) AS n","SELECT k, count(*) AS n FROM grid GROUP BY k",4.44,5.71,0.778,46.6,6.7,5,5,yes,0.000e0,1,TAKEN AggregateExec (input rows 10000000 (exact) vs min_rows 0; output kept at one partition (only projections above it)),LEFT AggregateExec (aggregate disabled in config) | LEFT AggregateExec (aggregate disabled in config),0,1,1.17,0.55,0.64,3.12,0.00,1232,10000,3.37,3.37
now,50000000,b8192,groupby,g1count10k,"group-by 1 int32 key, 10k groups, count(*) AS n","SELECT k, count(*) AS n FROM grid GROUP BY k",16.87,19.23,0.877,209.5,47.0,5,5,yes,0.000e0,1,TAKEN AggregateExec (input rows 50000000 (exact) vs min_rows 0; output kept at one partition (only projections above it)),LEFT AggregateExec (aggregate disabled in config) | LEFT AggregateExec (aggregate disabled in config),0,1,6.54,0.00,2.74,8.72,0.00,6104,10000,3.47,3.44
before,50000000,b8192,groupby,g1count10k,"group-by 1 int32 key, 10k groups, count(*) AS n","SELECT k, count(*) AS n FROM grid GROUP BY k",19.36,26.01,0.744,205.5,37.3,5,5,yes,0.000e0,1,TAKEN AggregateExec (input rows 50000000 (exact) vs min_rows 0; output kept at one partition (only projections above it)),LEFT AggregateExec (aggregate disabled in config) | LEFT AggregateExec (aggregate disabled in config),0,1,6.66,5.43,3.10,9.72,0.01,6104,10000,3.20,3.11
now,50000000,part1,groupby,g1count10k,"group-by 1 int32 key, 10k groups, count(*) AS n","SELECT k, count(*) AS n FROM grid GROUP BY k",19.18,16.83,1.140,206.6,35.8,5,5,yes,0.000e0,1,TAKEN AggregateExec (input rows 50000000 (exact) vs min_rows 0; output kept at one partition (only projections above it)),LEFT AggregateExec (aggregate disabled in config) | LEFT AggregateExec (aggregate disabled in config),0,1,5.78,0.00,2.48,8.16,0.00,6112,10000,3.32,3.46
before,50000000,part1,groupby,g1count10k,"group-by 1 int32 key, 10k groups, count(*) AS n","SELECT k, count(*) AS n FROM grid GROUP BY k",15.98,21.62,0.739,207.2,26.6,5,5,yes,0.000e0,1,TAKEN AggregateExec (input rows 50000000 (exact) vs min_rows 0; output kept at one partition (only projections above it)),LEFT AggregateExec (aggregate disabled in config) | LEFT AggregateExec (aggregate disabled in config),0,1,5.84,2.81,3.10,9.32,0.01,6112,10000,3.27,4.37
now,1000000,b8192,groupby,g1count1M,"group-by 1 int32 key, 1M groups, count(*) AS n","SELECT k, count(*) AS n FROM grid GROUP BY k",3.56,3.09,1.152,43.3,3.2,5,5,yes,0.000e0,1,TAKEN AggregateExec (input rows 1000000 (exact) vs min_rows 0; output kept at one partition (only projections above it)),LEFT AggregateExec (aggregate disabled in config) | LEFT AggregateExec (aggregate disabled in config),0,1,0.12,0.00,0.08,2.66,0.01,123,631988,3.48,3.48
before,1000000,b8192,groupby,g1count1M,"group-by 1 int32 key, 1M groups, count(*) AS n","SELECT k, count(*) AS n FROM grid GROUP BY k",3.76,3.23,1.162,41.2,3.1,5,5,yes,0.000e0,1,TAKEN AggregateExec (input rows 1000000 (exact) vs min_rows 0; output kept at one partition (only projections above it)),LEFT AggregateExec (aggregate disabled in config) | LEFT AggregateExec (aggregate disabled in config),0,1,0.06,0.08,0.10,2.76,0.00,123,631988,3.36,3.36
now,1000000,part1,groupby,g1count1M,"group-by 1 int32 key, 1M groups, count(*) AS n","SELECT k, count(*) AS n FROM grid GROUP BY k",3.69,3.42,1.079,46.0,3.1,5,5,yes,0.000e0,1,TAKEN AggregateExec (input rows 1000000 (exact) vs min_rows 0; output kept at one partition (only projections above it)),LEFT AggregateExec (aggregate disabled in config) | LEFT AggregateExec (aggregate disabled in config),0,1,0.09,0.00,0.09,2.98,0.00,128,631988,3.41,3.30
before,1000000,part1,groupby,g1count1M,"group-by 1 int32 key, 1M groups, count(*) AS n","SELECT k, count(*) AS n FROM grid GROUP BY k",3.68,3.19,1.153,47.3,3.3,5,5,yes,0.000e0,1,TAKEN AggregateExec (input rows 1000000 (exact) vs min_rows 0; output kept at one partition (only projections above it)),LEFT AggregateExec (aggregate disabled in config) | LEFT AggregateExec (aggregate disabled in config),0,1,0.14,0.06,0.09,2.69,0.01,128,631988,3.19,3.19
now,10000000,b8192,groupby,g1count1M,"group-by 1 int32 key, 1M groups, count(*) AS n","SELECT k, count(*) AS n FROM grid GROUP BY k",14.43,7.56,1.909,203.1,11.7,5,5,yes,0.000e0,1,TAKEN AggregateExec (input rows 10000000 (exact) vs min_rows 0; output kept at one partition (only projections above it)),LEFT AggregateExec (aggregate disabled in config) | LEFT AggregateExec (aggregate disabled in config),0,1,1.23,0.00,0.58,5.32,0.01,1221,999951,3.08,3.08
before,10000000,b8192,groupby,g1count1M,"group-by 1 int32 key, 1M groups, count(*) AS n","SELECT k, count(*) AS n FROM grid GROUP BY k",14.27,7.24,1.970,203.8,8.5,5,5,yes,0.000e0,1,TAKEN AggregateExec (input rows 10000000 (exact) vs min_rows 0; output kept at one partition (only projections above it)),LEFT AggregateExec (aggregate disabled in config) | LEFT AggregateExec (aggregate disabled in config),0,1,0.81,0.95,0.71,4.22,0.01,1221,999951,2.78,2.64
now,10000000,part1,groupby,g1count1M,"group-by 1 int32 key, 1M groups, count(*) AS n","SELECT k, count(*) AS n FROM grid GROUP BY k",13.89,6.14,2.264,198.3,10.0,5,5,yes,0.000e0,1,TAKEN AggregateExec (input rows 10000000 (exact) vs min_rows 0; output kept at one partition (only projections above it)),LEFT AggregateExec (aggregate disabled in config) | LEFT AggregateExec (aggregate disabled in config),0,1,1.10,0.00,0.55,4.17,0.00,1232,999951,3.48,3.48
before,10000000,part1,groupby,g1count1M,"group-by 1 int32 key, 1M groups, count(*) AS n","SELECT k, count(*) AS n FROM grid GROUP BY k",14.10,7.31,1.928,201.6,8.3,5,5,yes,0.000e0,1,TAKEN AggregateExec (input rows 10000000 (exact) vs min_rows 0; output kept at one partition (only projections above it)),LEFT AggregateExec (aggregate disabled in config) | LEFT AggregateExec (aggregate disabled in config),0,1,1.22,0.57,0.70,4.49,0.01,1232,999951,3.37,3.98
now,50000000,b8192,groupby,g1count1M,"group-by 1 int32 key, 1M groups, count(*) AS n","SELECT k, count(*) AS n FROM grid GROUP BY k",56.51,20.92,2.701,823.7,49.9,5,5,yes,0.000e0,1,TAKEN AggregateExec (input rows 50000000 (exact) vs min_rows 0; output kept at one partition (only projections above it)),LEFT AggregateExec (aggregate disabled in config) | LEFT AggregateExec (aggregate disabled in config),0,1,6.84,0.00,2.71,10.09,0.01,6104,1000000,3.05,4.29
before,50000000,b8192,groupby,g1count1M,"group-by 1 int32 key, 1M groups, count(*) AS n","SELECT k, count(*) AS n FROM grid GROUP BY k",56.25,29.16,1.929,818.1,38.8,5,5,yes,0.000e0,1,TAKEN AggregateExec (input rows 50000000 (exact) vs min_rows 0; output kept at one partition (only projections above it)),LEFT AggregateExec (aggregate disabled in config) | LEFT AggregateExec (aggregate disabled in config),0,1,6.50,5.54,3.43,12.21,0.01,6104,1000000,2.94,3.18
now,50000000,part1,groupby,g1count1M,"group-by 1 int32 key, 1M groups, count(*) AS n","SELECT k, count(*) AS n FROM grid GROUP BY k",56.29,19.91,2.827,826.2,40.0,5,5,yes,0.000e0,1,TAKEN AggregateExec (input rows 50000000 (exact) vs min_rows 0; output kept at one partition (only projections above it)),LEFT AggregateExec (aggregate disabled in config) | LEFT AggregateExec (aggregate disabled in config),0,1,6.09,0.00,2.68,10.73,0.00,6112,1000000,3.26,3.24
before,50000000,part1,groupby,g1count1M,"group-by 1 int32 key, 1M groups, count(*) AS n","SELECT k, count(*) AS n FROM grid GROUP BY k",55.74,23.63,2.359,808.6,27.3,5,5,yes,0.000e0,1,TAKEN AggregateExec (input rows 50000000 (exact) vs min_rows 0; output kept at one partition (only projections above it)),LEFT AggregateExec (aggregate disabled in config) | LEFT AggregateExec (aggregate disabled in config),0,1,5.84,2.86,2.86,11.49,0.01,6112,1000000,3.28,4.62
now,1000000,b8192,groupby,g1count200,"group-by 1 int32 key, 200 groups, count(*) AS n","SELECT k, count(*) AS n FROM grid GROUP BY k",0.84,1.94,0.432,5.8,2.2,5,5,yes,0.000e0,1,TAKEN AggregateExec (input rows 1000000 (exact) vs min_rows 0; output kept at one partition (only projections above it)),LEFT AggregateExec (aggregate disabled in config) | LEFT AggregateExec (aggregate disabled in config),0,1,0.05,0.00,0.06,1.61,0.00,123,200,3.43,3.48
before,1000000,b8192,groupby,g1count200,"group-by 1 int32 key, 200 groups, count(*) AS n","SELECT k, count(*) AS n FROM grid GROUP BY k",0.84,2.35,0.358,5.8,2.4,5,5,yes,0.000e0,1,TAKEN AggregateExec (input rows 1000000 (exact) vs min_rows 0; output kept at one partition (only projections above it)),LEFT AggregateExec (aggregate disabled in config) | LEFT AggregateExec (aggregate disabled in config),0,1,0.07,0.06,0.07,1.97,0.00,123,200,3.36,3.36
now,1000000,part1,groupby,g1count200,"group-by 1 int32 key, 200 groups, count(*) AS n","SELECT k, count(*) AS n FROM grid GROUP BY k",0.92,1.94,0.475,5.7,2.3,5,5,yes,0.000e0,1,TAKEN AggregateExec (input rows 1000000 (exact) vs min_rows 0; output kept at one partition (only projections above it)),LEFT AggregateExec (aggregate disabled in config) | LEFT AggregateExec (aggregate disabled in config),0,1,0.12,0.00,0.07,1.58,0.00,128,200,3.41,3.41
before,1000000,part1,groupby,g1count200,"group-by 1 int32 key, 200 groups, count(*) AS n","SELECT k, count(*) AS n FROM grid GROUP BY k",0.96,2.10,0.459,5.7,2.4,5,5,yes,0.000e0,1,TAKEN AggregateExec (input rows 1000000 (exact) vs min_rows 0; output kept at one partition (only projections above it)),LEFT AggregateExec (aggregate disabled in config) | LEFT AggregateExec (aggregate disabled in config),0,1,0.12,0.06,0.08,1.64,0.00,128,200,3.19,3.19
now,10000000,b8192,groupby,g1count200,"group-by 1 int32 key, 200 groups, count(*) AS n","SELECT k, count(*) AS n FROM grid GROUP BY k",3.88,5.12,0.758,39.2,9.2,5,5,yes,0.000e0,1,TAKEN AggregateExec (input rows 10000000 (exact) vs min_rows 0; output kept at one partition (only projections above it)),LEFT AggregateExec (aggregate disabled in config) | LEFT AggregateExec (aggregate disabled in config),0,1,1.27,0.00,0.55,2.98,0.00,1221,200,3.10,3.10
before,10000000,b8192,groupby,g1count200,"group-by 1 int32 key, 200 groups, count(*) AS n","SELECT k, count(*) AS n FROM grid GROUP BY k",3.95,5.88,0.672,39.8,7.9,5,5,yes,0.000e0,1,TAKEN AggregateExec (input rows 10000000 (exact) vs min_rows 0; output kept at one partition (only projections above it)),LEFT AggregateExec (aggregate disabled in config) | LEFT AggregateExec (aggregate disabled in config),0,1,1.10,0.98,0.62,2.82,0.00,1221,200,2.76,2.78
now,10000000,part1,groupby,g1count200,"group-by 1 int32 key, 200 groups, count(*) AS n","SELECT k, count(*) AS n FROM grid GROUP BY k",4.01,5.07,0.791,39.0,9.9,5,5,yes,0.000e0,1,TAKEN AggregateExec (input rows 10000000 (exact) vs min_rows 0; output kept at one partition (only projections above it)),LEFT AggregateExec (aggregate disabled in config) | LEFT AggregateExec (aggregate disabled in config),0,1,1.36,0.00,0.53,2.95,0.00,1232,200,2.39,2.39
before,10000000,part1,groupby,g1count200,"group-by 1 int32 key, 200 groups, count(*) AS n","SELECT k, count(*) AS n FROM grid GROUP BY k",3.84,8.46,0.454,38.5,7.7,5,5,yes,0.000e0,1,TAKEN AggregateExec (input rows 10000000 (exact) vs min_rows 0; output kept at one partition (only projections above it)),LEFT AggregateExec (aggregate disabled in config) | LEFT AggregateExec (aggregate disabled in config),0,1,1.27,0.59,0.66,5.46,0.01,1232,200,3.14,3.37
now,50000000,b8192,groupby,g1count200,"group-by 1 int32 key, 200 groups, count(*) AS n","SELECT k, count(*) AS n FROM grid GROUP BY k",15.73,16.49,0.954,189.9,47.9,5,5,yes,0.000e0,1,TAKEN AggregateExec (input rows 50000000 (exact) vs min_rows 0; output kept at one partition (only projections above it)),LEFT AggregateExec (aggregate disabled in config) | LEFT AggregateExec (aggregate disabled in config),0,1,6.62,0.00,2.69,6.14,0.01,6104,200,3.43,3.47
before,50000000,b8192,groupby,g1count200,"group-by 1 int32 key, 200 groups, count(*) AS n","SELECT k, count(*) AS n FROM grid GROUP BY k",15.07,24.94,0.604,188.0,38.8,5,5,yes,0.000e0,1,TAKEN AggregateExec (input rows 50000000 (exact) vs min_rows 0; output kept at one partition (only projections above it)),LEFT AggregateExec (aggregate disabled in config) | LEFT AggregateExec (aggregate disabled in config),0,1,6.79,5.55,2.97,8.24,0.01,6104,200,3.48,3.20
now,50000000,part1,groupby,g1count200,"group-by 1 int32 key, 200 groups, count(*) AS n","SELECT k, count(*) AS n FROM grid GROUP BY k",15.64,15.65,0.999,183.8,35.4,5,5,yes,0.000e0,1,TAKEN AggregateExec (input rows 50000000 (exact) vs min_rows 0; output kept at one partition (only projections above it)),LEFT AggregateExec (aggregate disabled in config) | LEFT AggregateExec (aggregate disabled in config),0,1,5.87,0.00,2.67,6.76,0.00,6112,200,3.25,4.43
before,50000000,part1,groupby,g1count200,"group-by 1 int32 key, 200 groups, count(*) AS n","SELECT k, count(*) AS n FROM grid GROUP BY k",15.36,19.71,0.779,184.4,27.8,5,5,yes,0.000e0,1,TAKEN AggregateExec (input rows 50000000 (exact) vs min_rows 0; output kept at one partition (only projections above it)),LEFT AggregateExec (aggregate disabled in config) | LEFT AggregateExec (aggregate disabled in config),0,1,5.96,2.79,3.12,7.42,0.01,6112,200,3.38,3.27
now,1000000,b8192,groupby,g1countR2,"group-by 1 int32 key, R2 groups, count(*) AS n","SELECT k, count(*) AS n FROM grid GROUP BY k",3.28,2.83,1.158,39.1,2.9,5,5,yes,0.000e0,1,TAKEN AggregateExec (input rows 1000000 (exact) vs min_rows 0; output kept at one partition (only projections above it)),LEFT AggregateExec (aggregate disabled in config) | LEFT AggregateExec (aggregate disabled in config),0,1,0.08,0.00,0.08,2.32,0.00,123,432472,3.48,3.48
before,1000000,b8192,groupby,g1countR2,"group-by 1 int32 key, R2 groups, count(*) AS n","SELECT k, count(*) AS n FROM grid GROUP BY k",3.25,2.84,1.145,40.2,2.9,5,5,yes,0.000e0,1,TAKEN AggregateExec (input rows 1000000 (exact) vs min_rows 0; output kept at one partition (only projections above it)),LEFT AggregateExec (aggregate disabled in config) | LEFT AggregateExec (aggregate disabled in config),0,1,0.14,0.07,0.08,2.35,0.00,123,432472,3.36,3.36
now,1000000,part1,groupby,g1countR2,"group-by 1 int32 key, R2 groups, count(*) AS n","SELECT k, count(*) AS n FROM grid GROUP BY k",3.47,2.68,1.294,42.0,2.7,5,5,yes,0.000e0,1,TAKEN AggregateExec (input rows 1000000 (exact) vs min_rows 0; output kept at one partition (only projections above it)),LEFT AggregateExec (aggregate disabled in config) | LEFT AggregateExec (aggregate disabled in config),0,1,0.10,0.00,0.07,2.31,0.00,128,432472,3.30,3.30
before,1000000,part1,groupby,g1countR2,"group-by 1 int32 key, R2 groups, count(*) AS n","SELECT k, count(*) AS n FROM grid GROUP BY k",3.63,2.83,1.283,44.2,3.0,5,5,yes,0.000e0,1,TAKEN AggregateExec (input rows 1000000 (exact) vs min_rows 0; output kept at one partition (only projections above it)),LEFT AggregateExec (aggregate disabled in config) | LEFT AggregateExec (aggregate disabled in config),0,1,0.13,0.06,0.09,2.33,0.00,128,432472,3.19,3.19
now,10000000,b8192,groupby,g1countR2,"group-by 1 int32 key, R2 groups, count(*) AS n","SELECT k, count(*) AS n FROM grid GROUP BY k",24.11,13.76,1.752,345.5,13.9,5,5,yes,0.000e0,1,TAKEN AggregateExec (input rows 10000000 (exact) vs min_rows 0; output kept at one partition (only projections above it)),LEFT AggregateExec (aggregate disabled in config) | LEFT AggregateExec (aggregate disabled in config),0,1,1.19,0.00,0.57,11.45,0.01,1221,4323738,3.08,2.76
before,10000000,b8192,groupby,g1countR2,"group-by 1 int32 key, R2 groups, count(*) AS n","SELECT k, count(*) AS n FROM grid GROUP BY k",24.45,14.73,1.660,344.0,12.1,5,5,yes,0.000e0,1,TAKEN AggregateExec (input rows 10000000 (exact) vs min_rows 0; output kept at one partition (only projections above it)),LEFT AggregateExec (aggregate disabled in config) | LEFT AggregateExec (aggregate disabled in config),0,1,1.04,0.95,0.70,11.40,0.01,1221,4323738,2.64,2.43
now,10000000,part1,groupby,g1countR2,"group-by 1 int32 key, R2 groups, count(*) AS n","SELECT k, count(*) AS n FROM grid GROUP BY k",23.59,14.67,1.609,339.8,15.2,5,5,yes,0.000e0,1,TAKEN AggregateExec (input rows 10000000 (exact) vs min_rows 0; output kept at one partition (only projections above it)),LEFT AggregateExec (aggregate disabled in config) | LEFT AggregateExec (aggregate disabled in config),0,1,1.25,0.00,0.60,12.18,0.01,1232,4323738,3.48,4.29
before,10000000,part1,groupby,g1countR2,"group-by 1 int32 key, R2 groups, count(*) AS n","SELECT k, count(*) AS n FROM grid GROUP BY k",23.81,14.96,1.592,341.2,11.7,5,5,yes,0.000e0,1,TAKEN AggregateExec (input rows 10000000 (exact) vs min_rows 0; output kept at one partition (only projections above it)),LEFT AggregateExec (aggregate disabled in config) | LEFT AggregateExec (aggregate disabled in config),0,1,1.24,0.58,0.69,11.99,0.00,1232,4323738,3.40,3.29
now,50000000,b8192,groupby,g1countR2,"group-by 1 int32 key, R2 groups, count(*) AS n","SELECT k, count(*) AS n FROM grid GROUP BY k",161.88,175.96,0.920,2321.2,67.0,5,5,yes,0.000e0,1,TAKEN AggregateExec (input rows 50000000 (exact) vs min_rows 0; output kept at one partition (only projections above it)),LEFT AggregateExec (aggregate disabled in config) | LEFT AggregateExec (aggregate disabled in config),0,1,6.16,0.00,2.73,164.92,0.01,6104,21618695,3.28,5.09
before,50000000,b8192,groupby,g1countR2,"group-by 1 int32 key, R2 groups, count(*) AS n","SELECT k, count(*) AS n FROM grid GROUP BY k",161.72,183.67,0.880,2367.9,58.5,5,5,yes,0.000e0,1,TAKEN AggregateExec (input rows 50000000 (exact) vs min_rows 0; output kept at one partition (only projections above it)),LEFT AggregateExec (aggregate disabled in config) | LEFT AggregateExec (aggregate disabled in config),0,1,6.30,5.28,3.04,167.24,0.01,6104,21618695,3.18,4.62
now,50000000,part1,groupby,g1countR2,"group-by 1 int32 key, R2 groups, count(*) AS n","SELECT k, count(*) AS n FROM grid GROUP BY k",153.92,177.17,0.869,2285.2,65.7,5,5,yes,0.000e0,1,TAKEN AggregateExec (input rows 50000000 (exact) vs min_rows 0; output kept at one partition (only projections above it)),LEFT AggregateExec (aggregate disabled in config) | LEFT AggregateExec (aggregate disabled in config),0,1,5.97,0.00,2.64,166.87,0.01,6112,21618695,3.14,4.50
before,50000000,part1,groupby,g1countR2,"group-by 1 int32 key, R2 groups, count(*) AS n","SELECT k, count(*) AS n FROM grid GROUP BY k",152.72,178.43,0.856,2282.8,51.0,5,5,yes,0.000e0,1,TAKEN AggregateExec (input rows 50000000 (exact) vs min_rows 0; output kept at one partition (only projections above it)),LEFT AggregateExec (aggregate disabled in config) | LEFT AggregateExec (aggregate disabled in config),0,1,5.88,2.69,2.93,165.57,0.01,6112,21618695,2.93,4.47
now,1000000,b8192,groupby,g1mean100k,"group-by 1 int32 key, 100k groups, avg(x) AS m","SELECT k, avg(x) AS m FROM grid GROUP BY k",2.70,2.69,1.006,32.5,3.2,5,5,yes,3.331e-16,1,TAKEN AggregateExec (input rows 1000000 (exact) vs min_rows 0; output kept at one partition (only projections above it)),LEFT AggregateExec (aggregate disabled in config) | LEFT AggregateExec (aggregate disabled in config),0,1,0.10,0.00,0.21,2.20,0.00,123,99995,3.48,3.48
before,1000000,b8192,groupby,g1mean100k,"group-by 1 int32 key, 100k groups, avg(x) AS m","SELECT k, avg(x) AS m FROM grid GROUP BY k",2.71,2.88,0.941,32.5,2.9,5,5,yes,3.331e-16,1,TAKEN AggregateExec (input rows 1000000 (exact) vs min_rows 0; output kept at one partition (only projections above it)),LEFT AggregateExec (aggregate disabled in config) | LEFT AggregateExec (aggregate disabled in config),0,1,0.09,0.21,0.20,2.17,0.00,123,99995,3.36,3.36
now,1000000,part1,groupby,g1mean100k,"group-by 1 int32 key, 100k groups, avg(x) AS m","SELECT k, avg(x) AS m FROM grid GROUP BY k",2.60,2.78,0.935,31.8,3.3,5,5,yes,4.441e-16,1,TAKEN AggregateExec (input rows 1000000 (exact) vs min_rows 0; output kept at one partition (only projections above it)),LEFT AggregateExec (aggregate disabled in config) | LEFT AggregateExec (aggregate disabled in config),0,1,0.14,0.00,0.18,2.22,0.00,128,99995,3.41,3.41
before,1000000,part1,groupby,g1mean100k,"group-by 1 int32 key, 100k groups, avg(x) AS m","SELECT k, avg(x) AS m FROM grid GROUP BY k",2.75,3.27,0.842,33.8,3.3,5,5,yes,3.331e-16,1,TAKEN AggregateExec (input rows 1000000 (exact) vs min_rows 0; output kept at one partition (only projections above it)),LEFT AggregateExec (aggregate disabled in config) | LEFT AggregateExec (aggregate disabled in config),0,1,0.13,0.17,0.21,2.59,0.00,128,99995,3.19,3.19
now,10000000,b8192,groupby,g1mean100k,"group-by 1 int32 key, 100k groups, avg(x) AS m","SELECT k, avg(x) AS m FROM grid GROUP BY k",11.58,10.71,1.082,141.7,17.9,5,5,yes,3.331e-16,1,TAKEN AggregateExec (input rows 10000000 (exact) vs min_rows 0; output kept at one partition (only projections above it)),LEFT AggregateExec (aggregate disabled in config) | LEFT AggregateExec (aggregate disabled in config),0,1,1.31,0.00,1.39,7.60,0.00,1221,100000,3.10,3.73
before,10000000,b8192,groupby,g1mean100k,"group-by 1 int32 key, 100k groups, avg(x) AS m","SELECT k, avg(x) AS m FROM grid GROUP BY k",12.28,14.92,0.823,145.1,12.7,5,5,yes,3.331e-16,1,TAKEN AggregateExec (input rows 10000000 (exact) vs min_rows 0; output kept at one partition (only projections above it)),LEFT AggregateExec (aggregate disabled in config) | LEFT AggregateExec (aggregate disabled in config),0,1,1.25,2.51,1.96,8.70,0.01,1221,100000,2.78,2.78
now,10000000,part1,groupby,g1mean100k,"group-by 1 int32 key, 100k groups, avg(x) AS m","SELECT k, avg(x) AS m FROM grid GROUP BY k",12.23,10.54,1.160,145.2,17.3,5,5,yes,3.331e-16,1,TAKEN AggregateExec (input rows 10000000 (exact) vs min_rows 0; output kept at one partition (only projections above it)),LEFT AggregateExec (aggregate disabled in config) | LEFT AggregateExec (aggregate disabled in config),0,1,1.23,0.00,1.36,7.62,0.00,1232,100000,2.39,3.48
before,10000000,part1,groupby,g1mean100k,"group-by 1 int32 key, 100k groups, avg(x) AS m","SELECT k, avg(x) AS m FROM grid GROUP BY k",11.72,13.54,0.865,146.7,10.9,5,5,yes,3.331e-16,1,TAKEN AggregateExec (input rows 10000000 (exact) vs min_rows 0; output kept at one partition (only projections above it)),LEFT AggregateExec (aggregate disabled in config) | LEFT AggregateExec (aggregate disabled in config),0,1,1.26,1.67,1.84,8.51,0.00,1232,100000,3.37,3.37
now,50000000,b8192,groupby,g1mean100k,"group-by 1 int32 key, 100k groups, avg(x) AS m","SELECT k, avg(x) AS m FROM grid GROUP BY k",43.79,47.61,0.920,568.9,86.1,5,5,yes,3.331e-16,1,TAKEN AggregateExec (input rows 50000000 (exact) vs min_rows 0; output kept at one partition (only projections above it)),LEFT AggregateExec (aggregate disabled in config) | LEFT AggregateExec (aggregate disabled in config),0,1,6.69,0.00,6.95,32.48,0.01,6104,100000,3.44,4.52
before,50000000,b8192,groupby,g1mean100k,"group-by 1 int32 key, 100k groups, avg(x) AS m","SELECT k, avg(x) AS m FROM grid GROUP BY k",43.66,67.60,0.646,595.5,54.1,5,5,yes,3.331e-16,1,TAKEN AggregateExec (input rows 50000000 (exact) vs min_rows 0; output kept at one partition (only projections above it)),LEFT AggregateExec (aggregate disabled in config) | LEFT AggregateExec (aggregate disabled in config),0,1,6.28,13.94,9.47,36.73,0.01,6104,100000,3.02,2.94
now,50000000,part1,groupby,g1mean100k,"group-by 1 int32 key, 100k groups, avg(x) AS m","SELECT k, avg(x) AS m FROM grid GROUP BY k",43.09,45.92,0.938,590.9,77.5,5,5,yes,3.331e-16,1,TAKEN AggregateExec (input rows 50000000 (exact) vs min_rows 0; output kept at one partition (only projections above it)),LEFT AggregateExec (aggregate disabled in config) | LEFT AggregateExec (aggregate disabled in config),0,1,6.31,0.00,6.48,32.57,0.01,6112,100000,3.46,3.26
before,50000000,part1,groupby,g1mean100k,"group-by 1 int32 key, 100k groups, avg(x) AS m","SELECT k, avg(x) AS m FROM grid GROUP BY k",44.44,60.58,0.734,572.7,44.7,5,5,yes,3.331e-16,1,TAKEN AggregateExec (input rows 50000000 (exact) vs min_rows 0; output kept at one partition (only projections above it)),LEFT AggregateExec (aggregate disabled in config) | LEFT AggregateExec (aggregate disabled in config),0,1,6.28,8.33,8.77,36.63,0.01,6112,100000,2.78,4.00
now,1000000,b8192,groupby,g1mean10k,"group-by 1 int32 key, 10k groups, avg(x) AS m","SELECT k, avg(x) AS m FROM grid GROUP BY k",1.34,3.14,0.427,12.9,3.3,5,5,yes,3.331e-16,1,TAKEN AggregateExec (input rows 1000000 (exact) vs min_rows 0; output kept at one partition (only projections above it)),LEFT AggregateExec (aggregate disabled in config) | LEFT AggregateExec (aggregate disabled in config),0,1,0.12,0.00,0.17,2.63,0.00,123,10000,3.48,3.48
before,1000000,b8192,groupby,g1mean10k,"group-by 1 int32 key, 10k groups, avg(x) AS m","SELECT k, avg(x) AS m FROM grid GROUP BY k",1.30,3.36,0.386,11.6,3.5,5,5,yes,3.331e-16,1,TAKEN AggregateExec (input rows 1000000 (exact) vs min_rows 0; output kept at one partition (only projections above it)),LEFT AggregateExec (aggregate disabled in config) | LEFT AggregateExec (aggregate disabled in config),0,1,0.14,0.18,0.23,2.60,0.00,123,10000,3.36,3.36
now,1000000,part1,groupby,g1mean10k,"group-by 1 int32 key, 10k groups, avg(x) AS m","SELECT k, avg(x) AS m FROM grid GROUP BY k",1.44,2.69,0.534,11.4,3.2,5,5,yes,3.331e-16,1,TAKEN AggregateExec (input rows 1000000 (exact) vs min_rows 0; output kept at one partition (only projections above it)),LEFT AggregateExec (aggregate disabled in config) | LEFT AggregateExec (aggregate disabled in config),0,1,0.12,0.00,0.17,2.24,0.00,128,10000,3.41,3.41
before,1000000,part1,groupby,g1mean10k,"group-by 1 int32 key, 10k groups, avg(x) AS m","SELECT k, avg(x) AS m FROM grid GROUP BY k",1.52,4.64,0.327,13.1,3.5,5,5,yes,2.776e-16,1,TAKEN AggregateExec (input rows 1000000 (exact) vs min_rows 0; output kept at one partition (only projections above it)),LEFT AggregateExec (aggregate disabled in config) | LEFT AggregateExec (aggregate disabled in config),0,1,0.13,0.17,0.21,3.90,0.00,128,10000,3.19,3.19
now,10000000,b8192,groupby,g1mean10k,"group-by 1 int32 key, 10k groups, avg(x) AS m","SELECT k, avg(x) AS m FROM grid GROUP BY k",5.26,10.29,0.511,54.4,16.4,5,5,yes,3.331e-16,1,TAKEN AggregateExec (input rows 10000000 (exact) vs min_rows 0; output kept at one partition (only projections above it)),LEFT AggregateExec (aggregate disabled in config) | LEFT AggregateExec (aggregate disabled in config),0,1,1.34,0.00,1.65,6.77,0.00,1221,10000,3.10,3.10
before,10000000,b8192,groupby,g1mean10k,"group-by 1 int32 key, 10k groups, avg(x) AS m","SELECT k, avg(x) AS m FROM grid GROUP BY k",5.30,13.79,0.384,54.0,12.3,5,5,yes,2.220e-16,1,TAKEN AggregateExec (input rows 10000000 (exact) vs min_rows 0; output kept at one partition (only projections above it)),LEFT AggregateExec (aggregate disabled in config) | LEFT AggregateExec (aggregate disabled in config),0,1,1.29,2.37,1.85,7.95,0.01,1221,10000,2.78,2.78
now,10000000,part1,groupby,g1mean10k,"group-by 1 int32 key, 10k groups, avg(x) AS m","SELECT k, avg(x) AS m FROM grid GROUP BY k",5.12,9.98,0.513,53.5,16.7,5,5,yes,2.220e-16,1,TAKEN AggregateExec (input rows 10000000 (exact) vs min_rows 0; output kept at one partition (only projections above it)),LEFT AggregateExec (aggregate disabled in config) | LEFT AggregateExec (aggregate disabled in config),0,1,1.34,0.00,1.42,6.93,0.01,1232,10000,2.39,2.39
before,10000000,part1,groupby,g1mean10k,"group-by 1 int32 key, 10k groups, avg(x) AS m","SELECT k, avg(x) AS m FROM grid GROUP BY k",5.02,12.65,0.397,53.0,10.9,5,5,yes,3.331e-16,1,TAKEN AggregateExec (input rows 10000000 (exact) vs min_rows 0; output kept at one partition (only projections above it)),LEFT AggregateExec (aggregate disabled in config) | LEFT AggregateExec (aggregate disabled in config),0,1,1.30,1.65,1.70,7.75,0.00,1232,10000,3.37,3.37
now,50000000,b8192,groupby,g1mean10k,"group-by 1 int32 key, 10k groups, avg(x) AS m","SELECT k, avg(x) AS m FROM grid GROUP BY k",22.96,46.12,0.498,236.1,84.9,5,5,yes,4.441e-16,1,TAKEN AggregateExec (input rows 50000000 (exact) vs min_rows 0; output kept at one partition (only projections above it)),LEFT AggregateExec (aggregate disabled in config) | LEFT AggregateExec (aggregate disabled in config),0,1,7.01,0.00,6.48,31.33,0.01,6104,10000,3.47,3.44
before,50000000,b8192,groupby,g1mean10k,"group-by 1 int32 key, 10k groups, avg(x) AS m","SELECT k, avg(x) AS m FROM grid GROUP BY k",21.93,65.27,0.336,233.7,54.7,5,5,yes,3.886e-16,1,TAKEN AggregateExec (input rows 50000000 (exact) vs min_rows 0; output kept at one partition (only projections above it)),LEFT AggregateExec (aggregate disabled in config) | LEFT AggregateExec (aggregate disabled in config),0,1,6.43,13.82,8.89,34.91,0.01,6104,10000,3.20,3.11
now,50000000,part1,groupby,g1mean10k,"group-by 1 int32 key, 10k groups, avg(x) AS m","SELECT k, avg(x) AS m FROM grid GROUP BY k",19.79,44.00,0.450,232.0,76.4,5,5,yes,4.441e-16,1,TAKEN AggregateExec (input rows 50000000 (exact) vs min_rows 0; output kept at one partition (only projections above it)),LEFT AggregateExec (aggregate disabled in config) | LEFT AggregateExec (aggregate disabled in config),0,1,6.32,0.00,6.18,30.98,0.00,6112,10000,3.32,3.46
before,50000000,part1,groupby,g1mean10k,"group-by 1 int32 key, 10k groups, avg(x) AS m","SELECT k, avg(x) AS m FROM grid GROUP BY k",20.12,59.55,0.338,229.6,44.8,5,5,yes,4.441e-16,1,TAKEN AggregateExec (input rows 50000000 (exact) vs min_rows 0; output kept at one partition (only projections above it)),LEFT AggregateExec (aggregate disabled in config) | LEFT AggregateExec (aggregate disabled in config),0,1,6.19,8.46,9.89,34.32,0.01,6112,10000,3.27,4.37
now,1000000,b8192,groupby,g1mean1M,"group-by 1 int32 key, 1M groups, avg(x) AS m","SELECT k, avg(x) AS m FROM grid GROUP BY k",3.86,6.33,0.609,46.2,3.6,5,5,yes,2.220e-16,1,TAKEN AggregateExec (input rows 1000000 (exact) vs min_rows 0; output kept at one partition (only projections above it)),LEFT AggregateExec (aggregate disabled in config) | LEFT AggregateExec (aggregate disabled in config),0,1,0.08,0.00,0.17,5.86,0.01,123,631988,3.48,3.48
before,1000000,b8192,groupby,g1mean1M,"group-by 1 int32 key, 1M groups, avg(x) AS m","SELECT k, avg(x) AS m FROM grid GROUP BY k",3.80,10.23,0.372,45.0,4.6,5,5,yes,2.220e-16,1,TAKEN AggregateExec (input rows 1000000 (exact) vs min_rows 0; output kept at one partition (only projections above it)),LEFT AggregateExec (aggregate disabled in config) | LEFT AggregateExec (aggregate disabled in config),0,1,0.19,0.25,0.26,9.05,0.01,123,631988,3.36,3.36
now,1000000,part1,groupby,g1mean1M,"group-by 1 int32 key, 1M groups, avg(x) AS m","SELECT k, avg(x) AS m FROM grid GROUP BY k",3.90,6.18,0.631,49.4,3.6,5,5,yes,2.220e-16,1,TAKEN AggregateExec (input rows 1000000 (exact) vs min_rows 0; output kept at one partition (only projections above it)),LEFT AggregateExec (aggregate disabled in config) | LEFT AggregateExec (aggregate disabled in config),0,1,0.12,0.00,0.17,5.70,0.00,128,631988,3.41,3.30
before,1000000,part1,groupby,g1mean1M,"group-by 1 int32 key, 1M groups, avg(x) AS m","SELECT k, avg(x) AS m FROM grid GROUP BY k",4.10,6.60,0.621,50.0,3.5,5,5,yes,2.220e-16,1,TAKEN AggregateExec (input rows 1000000 (exact) vs min_rows 0; output kept at one partition (only projections above it)),LEFT AggregateExec (aggregate disabled in config) | LEFT AggregateExec (aggregate disabled in config),0,1,0.10,0.17,0.20,5.93,0.00,128,631988,3.19,3.19
now,10000000,b8192,groupby,g1mean1M,"group-by 1 int32 key, 1M groups, avg(x) AS m","SELECT k, avg(x) AS m FROM grid GROUP BY k",17.86,17.20,1.038,248.3,19.0,5,5,yes,3.331e-16,1,TAKEN AggregateExec (input rows 10000000 (exact) vs min_rows 0; output kept at one partition (only projections above it)),LEFT AggregateExec (aggregate disabled in config) | LEFT AggregateExec (aggregate disabled in config),0,1,1.32,0.00,1.32,14.09,0.01,1221,999951,3.08,3.08
before,10000000,b8192,groupby,g1mean1M,"group-by 1 int32 key, 1M groups, avg(x) AS m","SELECT k, avg(x) AS m FROM grid GROUP BY k",17.29,20.90,0.827,244.6,13.5,5,5,yes,3.331e-16,1,TAKEN AggregateExec (input rows 10000000 (exact) vs min_rows 0; output kept at one partition (only projections above it)),LEFT AggregateExec (aggregate disabled in config) | LEFT AggregateExec (aggregate disabled in config),0,1,1.35,2.41,1.95,14.72,0.01,1221,999951,2.78,2.64
now,10000000,part1,groupby,g1mean1M,"group-by 1 int32 key, 1M groups, avg(x) AS m","SELECT k, avg(x) AS m FROM grid GROUP BY k",17.89,16.85,1.062,250.1,16.7,5,5,yes,3.331e-16,1,TAKEN AggregateExec (input rows 10000000 (exact) vs min_rows 0; output kept at one partition (only projections above it)),LEFT AggregateExec (aggregate disabled in config) | LEFT AggregateExec (aggregate disabled in config),0,1,1.23,0.00,1.41,13.85,0.01,1232,999951,3.48,3.48
before,10000000,part1,groupby,g1mean1M,"group-by 1 int32 key, 1M groups, avg(x) AS m","SELECT k, avg(x) AS m FROM grid GROUP BY k",17.34,19.79,0.876,244.3,11.8,5,5,yes,4.441e-16,1,TAKEN AggregateExec (input rows 10000000 (exact) vs min_rows 0; output kept at one partition (only projections above it)),LEFT AggregateExec (aggregate disabled in config) | LEFT AggregateExec (aggregate disabled in config),0,1,1.30,1.67,1.87,14.54,0.00,1232,999951,3.37,3.98
now,50000000,b8192,groupby,g1mean1M,"group-by 1 int32 key, 1M groups, avg(x) AS m","SELECT k, avg(x) AS m FROM grid GROUP BY k",72.73,63.97,1.137,1049.4,83.7,5,5,yes,5.551e-16,1,TAKEN AggregateExec (input rows 50000000 (exact) vs min_rows 0; output kept at one partition (only projections above it)),LEFT AggregateExec (aggregate disabled in config) | LEFT AggregateExec (aggregate disabled in config),0,1,7.18,0.00,6.70,48.88,0.01,6104,1000000,3.05,4.29
before,50000000,b8192,groupby,g1mean1M,"group-by 1 int32 key, 1M groups, avg(x) AS m","SELECT k, avg(x) AS m FROM grid GROUP BY k",72.99,84.01,0.869,1056.1,55.2,5,5,yes,6.661e-16,1,TAKEN AggregateExec (input rows 50000000 (exact) vs min_rows 0; output kept at one partition (only projections above it)),LEFT AggregateExec (aggregate disabled in config) | LEFT AggregateExec (aggregate disabled in config),0,1,6.34,13.73,9.49,53.28,0.01,6104,1000000,2.94,3.18
now,50000000,part1,groupby,g1mean1M,"group-by 1 int32 key, 1M groups, avg(x) AS m","SELECT k, avg(x) AS m FROM grid GROUP BY k",73.34,61.84,1.186,1070.2,78.5,5,5,yes,5.551e-16,1,TAKEN AggregateExec (input rows 50000000 (exact) vs min_rows 0; output kept at one partition (only projections above it)),LEFT AggregateExec (aggregate disabled in config) | LEFT AggregateExec (aggregate disabled in config),0,1,6.34,0.00,6.58,48.26,0.01,6112,1000000,3.26,3.24
before,50000000,part1,groupby,g1mean1M,"group-by 1 int32 key, 1M groups, avg(x) AS m","SELECT k, avg(x) AS m FROM grid GROUP BY k",73.31,77.46,0.946,1035.7,45.3,5,5,yes,5.551e-16,1,TAKEN AggregateExec (input rows 50000000 (exact) vs min_rows 0; output kept at one partition (only projections above it)),LEFT AggregateExec (aggregate disabled in config) | LEFT AggregateExec (aggregate disabled in config),0,1,6.08,8.70,8.89,53.07,0.01,6112,1000000,3.28,4.62
now,1000000,b8192,groupby,g1mean200,"group-by 1 int32 key, 200 groups, avg(x) AS m","SELECT k, avg(x) AS m FROM grid GROUP BY k",0.81,2.09,0.387,5.9,2.8,5,5,yes,2.776e-16,1,TAKEN AggregateExec (input rows 1000000 (exact) vs min_rows 0; output kept at one partition (only projections above it)),LEFT AggregateExec (aggregate disabled in config) | LEFT AggregateExec (aggregate disabled in config),0,1,0.10,0.00,0.18,1.66,0.00,123,200,3.43,3.48
before,1000000,b8192,groupby,g1mean200,"group-by 1 int32 key, 200 groups, avg(x) AS m","SELECT k, avg(x) AS m FROM grid GROUP BY k",0.88,3.28,0.268,5.7,3.2,5,5,yes,2.220e-16,1,TAKEN AggregateExec (input rows 1000000 (exact) vs min_rows 0; output kept at one partition (only projections above it)),LEFT AggregateExec (aggregate disabled in config) | LEFT AggregateExec (aggregate disabled in config),0,1,0.12,0.20,0.20,2.51,0.00,123,200,3.36,3.36
now,1000000,part1,groupby,g1mean200,"group-by 1 int32 key, 200 groups, avg(x) AS m","SELECT k, avg(x) AS m FROM grid GROUP BY k",0.85,2.52,0.335,5.3,2.9,5,5,yes,3.331e-16,1,TAKEN AggregateExec (input rows 1000000 (exact) vs min_rows 0; output kept at one partition (only projections above it)),LEFT AggregateExec (aggregate disabled in config) | LEFT AggregateExec (aggregate disabled in config),0,1,0.11,0.00,0.16,2.07,0.00,128,200,3.41,3.41
before,1000000,part1,groupby,g1mean200,"group-by 1 int32 key, 200 groups, avg(x) AS m","SELECT k, avg(x) AS m FROM grid GROUP BY k",0.85,2.27,0.374,5.3,2.7,5,5,yes,2.776e-16,1,TAKEN AggregateExec (input rows 1000000 (exact) vs min_rows 0; output kept at one partition (only projections above it)),LEFT AggregateExec (aggregate disabled in config) | LEFT AggregateExec (aggregate disabled in config),0,1,0.13,0.18,0.21,1.57,0.00,128,200,3.19,3.19
now,10000000,b8192,groupby,g1mean200,"group-by 1 int32 key, 200 groups, avg(x) AS m","SELECT k, avg(x) AS m FROM grid GROUP BY k",4.06,6.89,0.590,40.7,15.9,5,5,yes,6.661e-16,1,TAKEN AggregateExec (input rows 10000000 (exact) vs min_rows 0; output kept at one partition (only projections above it)),LEFT AggregateExec (aggregate disabled in config) | LEFT AggregateExec (aggregate disabled in config),0,1,1.33,0.00,1.29,3.89,0.00,1221,200,3.10,3.10
before,10000000,b8192,groupby,g1mean200,"group-by 1 int32 key, 200 groups, avg(x) AS m","SELECT k, avg(x) AS m FROM grid GROUP BY k",4.11,10.97,0.375,40.5,12.2,5,5,yes,7.772e-16,1,TAKEN AggregateExec (input rows 10000000 (exact) vs min_rows 0; output kept at one partition (only projections above it)),LEFT AggregateExec (aggregate disabled in config) | LEFT AggregateExec (aggregate disabled in config),0,1,1.30,2.46,1.83,4.96,0.00,1221,200,2.76,2.78
now,10000000,part1,groupby,g1mean200,"group-by 1 int32 key, 200 groups, avg(x) AS m","SELECT k, avg(x) AS m FROM grid GROUP BY k",3.86,7.41,0.520,39.7,15.4,5,5,yes,6.661e-16,1,TAKEN AggregateExec (input rows 10000000 (exact) vs min_rows 0; output kept at one partition (only projections above it)),LEFT AggregateExec (aggregate disabled in config) | LEFT AggregateExec (aggregate disabled in config),0,1,1.24,0.00,1.38,4.52,0.00,1232,200,2.39,2.39
before,10000000,part1,groupby,g1mean200,"group-by 1 int32 key, 200 groups, avg(x) AS m","SELECT k, avg(x) AS m FROM grid GROUP BY k",3.82,10.15,0.376,39.5,10.5,5,5,yes,5.551e-16,1,TAKEN AggregateExec (input rows 10000000 (exact) vs min_rows 0; output kept at one partition (only projections above it)),LEFT AggregateExec (aggregate disabled in config) | LEFT AggregateExec (aggregate disabled in config),0,1,1.35,1.65,1.69,5.19,0.00,1232,200,3.14,3.37
now,50000000,b8192,groupby,g1mean200,"group-by 1 int32 key, 200 groups, avg(x) AS m","SELECT k, avg(x) AS m FROM grid GROUP BY k",18.65,31.49,0.592,194.1,86.8,5,5,yes,1.110e-15,1,TAKEN AggregateExec (input rows 50000000 (exact) vs min_rows 0; output kept at one partition (only projections above it)),LEFT AggregateExec (aggregate disabled in config) | LEFT AggregateExec (aggregate disabled in config),0,1,7.10,0.00,6.44,16.84,0.01,6104,200,3.43,3.47
before,50000000,b8192,groupby,g1mean200,"group-by 1 int32 key, 200 groups, avg(x) AS m","SELECT k, avg(x) AS m FROM grid GROUP BY k",18.52,51.43,0.360,195.0,57.0,5,5,yes,1.110e-15,1,TAKEN AggregateExec (input rows 50000000 (exact) vs min_rows 0; output kept at one partition (only projections above it)),LEFT AggregateExec (aggregate disabled in config) | LEFT AggregateExec (aggregate disabled in config),0,1,7.13,13.61,8.72,20.11,0.01,6104,200,3.48,3.20
now,50000000,part1,groupby,g1mean200,"group-by 1 int32 key, 200 groups, avg(x) AS m","SELECT k, avg(x) AS m FROM grid GROUP BY k",17.37,28.67,0.606,188.3,78.7,5,5,yes,1.055e-15,1,TAKEN AggregateExec (input rows 50000000 (exact) vs min_rows 0; output kept at one partition (only projections above it)),LEFT AggregateExec (aggregate disabled in config) | LEFT AggregateExec (aggregate disabled in config),0,1,6.18,0.00,6.68,15.33,0.00,6112,200,3.25,4.43
before,50000000,part1,groupby,g1mean200,"group-by 1 int32 key, 200 groups, avg(x) AS m","SELECT k, avg(x) AS m FROM grid GROUP BY k",17.54,45.55,0.385,186.0,44.0,5,5,yes,1.110e-15,1,TAKEN AggregateExec (input rows 50000000 (exact) vs min_rows 0; output kept at one partition (only projections above it)),LEFT AggregateExec (aggregate disabled in config) | LEFT AggregateExec (aggregate disabled in config),0,1,5.98,8.48,9.65,20.73,0.01,6112,200,3.38,3.27
now,1000000,b8192,groupby,g1meanR2,"group-by 1 int32 key, R2 groups, avg(x) AS m","SELECT k, avg(x) AS m FROM grid GROUP BY k",3.51,5.13,0.684,41.6,3.7,5,5,yes,2.220e-16,1,TAKEN AggregateExec (input rows 1000000 (exact) vs min_rows 0; output kept at one partition (only projections above it)),LEFT AggregateExec (aggregate disabled in config) | LEFT AggregateExec (aggregate disabled in config),0,1,0.11,0.00,0.21,4.54,0.00,123,432472,3.48,3.48
before,1000000,b8192,groupby,g1meanR2,"group-by 1 int32 key, R2 groups, avg(x) AS m","SELECT k, avg(x) AS m FROM grid GROUP BY k",3.50,5.91,0.592,42.8,3.9,5,5,yes,2.220e-16,1,TAKEN AggregateExec (input rows 1000000 (exact) vs min_rows 0; output kept at one partition (only projections above it)),LEFT AggregateExec (aggregate disabled in config) | LEFT AggregateExec (aggregate disabled in config),0,1,0.13,0.23,0.26,4.93,0.01,123,432472,3.36,3.36
now,1000000,part1,groupby,g1meanR2,"group-by 1 int32 key, R2 groups, avg(x) AS m","SELECT k, avg(x) AS m FROM grid GROUP BY k",3.72,5.64,0.660,44.4,3.6,5,5,yes,3.331e-16,1,TAKEN AggregateExec (input rows 1000000 (exact) vs min_rows 0; output kept at one partition (only projections above it)),LEFT AggregateExec (aggregate disabled in config) | LEFT AggregateExec (aggregate disabled in config),0,1,0.11,0.00,0.17,5.17,0.00,128,432472,3.30,3.30
before,1000000,part1,groupby,g1meanR2,"group-by 1 int32 key, R2 groups, avg(x) AS m","SELECT k, avg(x) AS m FROM grid GROUP BY k",3.61,5.51,0.655,45.0,3.5,5,5,yes,3.331e-16,1,TAKEN AggregateExec (input rows 1000000 (exact) vs min_rows 0; output kept at one partition (only projections above it)),LEFT AggregateExec (aggregate disabled in config) | LEFT AggregateExec (aggregate disabled in config),0,1,0.13,0.17,0.22,4.73,0.00,128,432472,3.19,3.19
now,10000000,b8192,groupby,g1meanR2,"group-by 1 int32 key, R2 groups, avg(x) AS m","SELECT k, avg(x) AS m FROM grid GROUP BY k",27.76,45.06,0.616,407.6,20.6,5,5,yes,3.331e-16,1,TAKEN AggregateExec (input rows 10000000 (exact) vs min_rows 0; output kept at one partition (only projections above it)),LEFT AggregateExec (aggregate disabled in config) | LEFT AggregateExec (aggregate disabled in config),0,1,1.39,0.00,1.39,41.59,0.01,1221,4323738,3.08,2.76
before,10000000,b8192,groupby,g1meanR2,"group-by 1 int32 key, R2 groups, avg(x) AS m","SELECT k, avg(x) AS m FROM grid GROUP BY k",28.38,48.70,0.583,409.3,15.5,5,5,yes,3.331e-16,1,TAKEN AggregateExec (input rows 10000000 (exact) vs min_rows 0; output kept at one partition (only projections above it)),LEFT AggregateExec (aggregate disabled in config) | LEFT AggregateExec (aggregate disabled in config),0,1,1.25,2.74,1.90,42.07,0.01,1221,4323738,2.64,2.43
now,10000000,part1,groupby,g1meanR2,"group-by 1 int32 key, R2 groups, avg(x) AS m","SELECT k, avg(x) AS m FROM grid GROUP BY k",27.77,44.67,0.622,405.4,19.5,5,5,yes,3.331e-16,1,TAKEN AggregateExec (input rows 10000000 (exact) vs min_rows 0; output kept at one partition (only projections above it)),LEFT AggregateExec (aggregate disabled in config) | LEFT AggregateExec (aggregate disabled in config),0,1,1.31,0.00,1.43,41.44,0.01,1232,4323738,3.48,4.29
before,10000000,part1,groupby,g1meanR2,"group-by 1 int32 key, R2 groups, avg(x) AS m","SELECT k, avg(x) AS m FROM grid GROUP BY k",28.09,46.66,0.602,409.9,13.5,5,5,yes,3.331e-16,1,TAKEN AggregateExec (input rows 10000000 (exact) vs min_rows 0; output kept at one partition (only projections above it)),LEFT AggregateExec (aggregate disabled in config) | LEFT AggregateExec (aggregate disabled in config),0,1,1.25,1.63,1.67,41.56,0.01,1232,4323738,3.40,3.29
now,50000000,b8192,groupby,g1meanR2,"group-by 1 int32 key, R2 groups, avg(x) AS m","SELECT k, avg(x) AS m FROM grid GROUP BY k",179.86,366.56,0.491,2699.2,105.0,5,5,yes,3.331e-16,1,TAKEN AggregateExec (input rows 50000000 (exact) vs min_rows 0; output kept at one partition (only projections above it)),LEFT AggregateExec (aggregate disabled in config) | LEFT AggregateExec (aggregate disabled in config),0,1,7.16,0.00,6.72,350.09,0.01,6104,21618695,3.28,5.09
before,50000000,b8192,groupby,g1meanR2,"group-by 1 int32 key, R2 groups, avg(x) AS m","SELECT k, avg(x) AS m FROM grid GROUP BY k",185.09,387.88,0.477,2685.5,71.2,5,5,yes,3.331e-16,1,TAKEN AggregateExec (input rows 50000000 (exact) vs min_rows 0; output kept at one partition (only projections above it)),LEFT AggregateExec (aggregate disabled in config) | LEFT AggregateExec (aggregate disabled in config),0,1,6.50,13.13,9.28,356.97,0.01,6104,21618695,3.18,4.62
now,50000000,part1,groupby,g1meanR2,"group-by 1 int32 key, R2 groups, avg(x) AS m","SELECT k, avg(x) AS m FROM grid GROUP BY k",178.66,365.62,0.489,2678.2,98.8,5,5,yes,3.331e-16,1,TAKEN AggregateExec (input rows 50000000 (exact) vs min_rows 0; output kept at one partition (only projections above it)),LEFT AggregateExec (aggregate disabled in config) | LEFT AggregateExec (aggregate disabled in config),0,1,6.62,0.00,6.73,350.79,0.01,6112,21618695,3.14,4.50
before,50000000,part1,groupby,g1meanR2,"group-by 1 int32 key, R2 groups, avg(x) AS m","SELECT k, avg(x) AS m FROM grid GROUP BY k",179.11,379.16,0.472,2664.4,59.8,5,5,yes,3.331e-16,1,TAKEN AggregateExec (input rows 50000000 (exact) vs min_rows 0; output kept at one partition (only projections above it)),LEFT AggregateExec (aggregate disabled in config) | LEFT AggregateExec (aggregate disabled in config),0,1,6.16,8.66,9.02,353.90,0.01,6112,21618695,2.93,4.47
now,1000000,b8192,groupby,g1minmax100k,"group-by 1 int32 key, 100k groups, min(x) AS lo, max(x) AS hi","SELECT k, min(x) AS lo, max(x) AS hi FROM grid GROUP BY k",3.06,5.64,0.542,37.8,6.7,5,5,yes,0.000e0,1,TAKEN AggregateExec (input rows 1000000 (exact) vs min_rows 0; output kept at one partition (only projections above it)),LEFT AggregateExec (aggregate disabled in config) | LEFT AggregateExec (aggregate disabled in config),0,1,0.19,0.00,0.17,4.54,0.01,123,99995,3.48,3.48
before,1000000,b8192,groupby,g1minmax100k,"group-by 1 int32 key, 100k groups, min(x) AS lo, max(x) AS hi","SELECT k, min(x) AS lo, max(x) AS hi FROM grid GROUP BY k",3.17,5.84,0.543,38.6,6.6,5,5,yes,0.000e0,1,TAKEN AggregateExec (input rows 1000000 (exact) vs min_rows 0; output kept at one partition (only projections above it)),LEFT AggregateExec (aggregate disabled in config) | LEFT AggregateExec (aggregate disabled in config),0,1,0.12,0.21,0.21,4.45,0.01,123,99995,3.36,3.36
now,1000000,part1,groupby,g1minmax100k,"group-by 1 int32 key, 100k groups, min(x) AS lo, max(x) AS hi","SELECT k, min(x) AS lo, max(x) AS hi FROM grid GROUP BY k",2.96,4.97,0.595,36.5,6.2,5,5,yes,0.000e0,1,TAKEN AggregateExec (input rows 1000000 (exact) vs min_rows 0; output kept at one partition (only projections above it)),LEFT AggregateExec (aggregate disabled in config) | LEFT AggregateExec (aggregate disabled in config),0,1,0.13,0.00,0.19,3.83,0.01,128,99995,3.41,3.41
before,1000000,part1,groupby,g1minmax100k,"group-by 1 int32 key, 100k groups, min(x) AS lo, max(x) AS hi","SELECT k, min(x) AS lo, max(x) AS hi FROM grid GROUP BY k",3.01,5.27,0.572,38.8,6.3,5,5,yes,0.000e0,1,TAKEN AggregateExec (input rows 1000000 (exact) vs min_rows 0; output kept at one partition (only projections above it)),LEFT AggregateExec (aggregate disabled in config) | LEFT AggregateExec (aggregate disabled in config),0,1,0.14,0.18,0.21,3.90,0.01,128,99995,3.19,3.19
now,10000000,b8192,groupby,g1minmax100k,"group-by 1 int32 key, 100k groups, min(x) AS lo, max(x) AS hi","SELECT k, min(x) AS lo, max(x) AS hi FROM grid GROUP BY k",16.96,19.98,0.849,205.5,22.5,5,5,yes,0.000e0,1,TAKEN AggregateExec (input rows 10000000 (exact) vs min_rows 0; output kept at one partition (only projections above it)),LEFT AggregateExec (aggregate disabled in config) | LEFT AggregateExec (aggregate disabled in config),0,1,1.57,0.00,1.45,15.79,0.01,1221,100000,3.10,3.73
before,10000000,b8192,groupby,g1minmax100k,"group-by 1 int32 key, 100k groups, min(x) AS lo, max(x) AS hi","SELECT k, min(x) AS lo, max(x) AS hi FROM grid GROUP BY k",16.49,24.93,0.661,205.5,17.1,5,5,yes,0.000e0,1,TAKEN AggregateExec (input rows 10000000 (exact) vs min_rows 0; output kept at one partition (only projections above it)),LEFT AggregateExec (aggregate disabled in config) | LEFT AggregateExec (aggregate disabled in config),0,1,1.37,2.46,1.98,18.33,0.01,1221,100000,2.78,2.78
now,10000000,part1,groupby,g1minmax100k,"group-by 1 int32 key, 100k groups, min(x) AS lo, max(x) AS hi","SELECT k, min(x) AS lo, max(x) AS hi FROM grid GROUP BY k",16.13,19.01,0.848,199.9,22.0,5,5,yes,0.000e0,1,TAKEN AggregateExec (input rows 10000000 (exact) vs min_rows 0; output kept at one partition (only projections above it)),LEFT AggregateExec (aggregate disabled in config) | LEFT AggregateExec (aggregate disabled in config),0,1,1.27,0.00,1.37,15.41,0.02,1232,100000,2.39,3.48
before,10000000,part1,groupby,g1minmax100k,"group-by 1 int32 key, 100k groups, min(x) AS lo, max(x) AS hi","SELECT k, min(x) AS lo, max(x) AS hi FROM grid GROUP BY k",16.09,23.71,0.678,201.4,15.1,5,5,yes,0.000e0,1,TAKEN AggregateExec (input rows 10000000 (exact) vs min_rows 0; output kept at one partition (only projections above it)),LEFT AggregateExec (aggregate disabled in config) | LEFT AggregateExec (aggregate disabled in config),0,1,1.26,1.68,1.87,18.01,0.01,1232,100000,3.37,3.37
now,50000000,b8192,groupby,g1minmax100k,"group-by 1 int32 key, 100k groups, min(x) AS lo, max(x) AS hi","SELECT k, min(x) AS lo, max(x) AS hi FROM grid GROUP BY k",50.99,81.65,0.624,682.0,88.9,5,5,yes,0.000e0,1,TAKEN AggregateExec (input rows 50000000 (exact) vs min_rows 0; output kept at one partition (only projections above it)),LEFT AggregateExec (aggregate disabled in config) | LEFT AggregateExec (aggregate disabled in config),0,1,7.04,0.00,6.62,66.07,0.01,6104,100000,3.44,4.52
before,50000000,b8192,groupby,g1minmax100k,"group-by 1 int32 key, 100k groups, min(x) AS lo, max(x) AS hi","SELECT k, min(x) AS lo, max(x) AS hi FROM grid GROUP BY k",51.39,107.20,0.479,711.2,54.6,5,5,yes,0.000e0,1,TAKEN AggregateExec (input rows 50000000 (exact) vs min_rows 0; output kept at one partition (only projections above it)),LEFT AggregateExec (aggregate disabled in config) | LEFT AggregateExec (aggregate disabled in config),0,1,6.13,13.48,9.45,76.36,0.01,6104,100000,3.02,2.94
now,50000000,part1,groupby,g1minmax100k,"group-by 1 int32 key, 100k groups, min(x) AS lo, max(x) AS hi","SELECT k, min(x) AS lo, max(x) AS hi FROM grid GROUP BY k",49.42,80.01,0.618,690.4,83.6,5,5,yes,0.000e0,1,TAKEN AggregateExec (input rows 50000000 (exact) vs min_rows 0; output kept at one partition (only projections above it)),LEFT AggregateExec (aggregate disabled in config) | LEFT AggregateExec (aggregate disabled in config),0,1,6.27,0.00,6.48,66.13,0.01,6112,100000,3.46,3.26
before,50000000,part1,groupby,g1minmax100k,"group-by 1 int32 key, 100k groups, min(x) AS lo, max(x) AS hi","SELECT k, min(x) AS lo, max(x) AS hi FROM grid GROUP BY k",48.98,102.50,0.478,689.6,48.0,5,5,yes,0.000e0,1,TAKEN AggregateExec (input rows 50000000 (exact) vs min_rows 0; output kept at one partition (only projections above it)),LEFT AggregateExec (aggregate disabled in config) | LEFT AggregateExec (aggregate disabled in config),0,1,6.01,8.45,9.21,77.73,0.02,6112,100000,2.78,4.00
now,1000000,b8192,groupby,g1minmax10k,"group-by 1 int32 key, 10k groups, min(x) AS lo, max(x) AS hi","SELECT k, min(x) AS lo, max(x) AS hi FROM grid GROUP BY k",1.85,8.10,0.228,17.4,6.5,5,5,yes,0.000e0,1,TAKEN AggregateExec (input rows 1000000 (exact) vs min_rows 0; output kept at one partition (only projections above it)),LEFT AggregateExec (aggregate disabled in config) | LEFT AggregateExec (aggregate disabled in config),0,1,0.06,0.00,0.18,7.44,0.01,123,10000,3.48,3.48
before,1000000,b8192,groupby,g1minmax10k,"group-by 1 int32 key, 10k groups, min(x) AS lo, max(x) AS hi","SELECT k, min(x) AS lo, max(x) AS hi FROM grid GROUP BY k",1.86,5.97,0.311,17.6,6.1,5,5,yes,0.000e0,1,TAKEN AggregateExec (input rows 1000000 (exact) vs min_rows 0; output kept at one partition (only projections above it)),LEFT AggregateExec (aggregate disabled in config) | LEFT AggregateExec (aggregate disabled in config),0,1,0.09,0.21,0.20,5.17,0.01,123,10000,3.36,3.36
now,1000000,part1,groupby,g1minmax10k,"group-by 1 int32 key, 10k groups, min(x) AS lo, max(x) AS hi","SELECT k, min(x) AS lo, max(x) AS hi FROM grid GROUP BY k",1.78,8.87,0.201,17.6,6.9,5,5,yes,0.000e0,1,TAKEN AggregateExec (input rows 1000000 (exact) vs min_rows 0; output kept at one partition (only projections above it)),LEFT AggregateExec (aggregate disabled in config) | LEFT AggregateExec (aggregate disabled in config),0,1,0.14,0.00,0.21,8.10,0.01,128,10000,3.41,3.41
before,1000000,part1,groupby,g1minmax10k,"group-by 1 int32 key, 10k groups, min(x) AS lo, max(x) AS hi","SELECT k, min(x) AS lo, max(x) AS hi FROM grid GROUP BY k",1.85,10.05,0.184,17.8,6.5,5,5,yes,0.000e0,1,TAKEN AggregateExec (input rows 1000000 (exact) vs min_rows 0; output kept at one partition (only projections above it)),LEFT AggregateExec (aggregate disabled in config) | LEFT AggregateExec (aggregate disabled in config),0,1,0.14,0.17,0.21,9.26,0.01,128,10000,3.19,3.19
now,10000000,b8192,groupby,g1minmax10k,"group-by 1 int32 key, 10k groups, min(x) AS lo, max(x) AS hi","SELECT k, min(x) AS lo, max(x) AS hi FROM grid GROUP BY k",6.17,18.41,0.335,64.2,20.7,5,5,yes,0.000e0,1,TAKEN AggregateExec (input rows 10000000 (exact) vs min_rows 0; output kept at one partition (only projections above it)),LEFT AggregateExec (aggregate disabled in config) | LEFT AggregateExec (aggregate disabled in config),0,1,1.32,0.00,1.33,15.27,0.02,1221,10000,3.10,3.10
before,10000000,b8192,groupby,g1minmax10k,"group-by 1 int32 key, 10k groups, min(x) AS lo, max(x) AS hi","SELECT k, min(x) AS lo, max(x) AS hi FROM grid GROUP BY k",6.13,23.19,0.264,65.3,15.8,5,5,yes,0.000e0,1,TAKEN AggregateExec (input rows 10000000 (exact) vs min_rows 0; output kept at one partition (only projections above it)),LEFT AggregateExec (aggregate disabled in config) | LEFT AggregateExec (aggregate disabled in config),0,1,1.26,2.49,1.88,17.02,0.01,1221,10000,2.78,2.78
now,10000000,part1,groupby,g1minmax10k,"group-by 1 int32 key, 10k groups, min(x) AS lo, max(x) AS hi","SELECT k, min(x) AS lo, max(x) AS hi FROM grid GROUP BY k",5.73,17.72,0.324,62.3,19.8,5,5,yes,0.000e0,1,TAKEN AggregateExec (input rows 10000000 (exact) vs min_rows 0; output kept at one partition (only projections above it)),LEFT AggregateExec (aggregate disabled in config) | LEFT AggregateExec (aggregate disabled in config),0,1,1.19,0.00,1.33,14.81,0.01,1232,10000,2.39,2.39
before,10000000,part1,groupby,g1minmax10k,"group-by 1 int32 key, 10k groups, min(x) AS lo, max(x) AS hi","SELECT k, min(x) AS lo, max(x) AS hi FROM grid GROUP BY k",5.86,22.12,0.265,64.6,13.9,5,5,yes,0.000e0,1,TAKEN AggregateExec (input rows 10000000 (exact) vs min_rows 0; output kept at one partition (only projections above it)),LEFT AggregateExec (aggregate disabled in config) | LEFT AggregateExec (aggregate disabled in config),0,1,1.32,1.66,1.70,17.08,0.01,1232,10000,3.37,3.37
now,50000000,b8192,groupby,g1minmax10k,"group-by 1 int32 key, 10k groups, min(x) AS lo, max(x) AS hi","SELECT k, min(x) AS lo, max(x) AS hi FROM grid GROUP BY k",22.52,77.74,0.290,241.0,90.2,5,5,yes,0.000e0,1,TAKEN AggregateExec (input rows 50000000 (exact) vs min_rows 0; output kept at one partition (only projections above it)),LEFT AggregateExec (aggregate disabled in config) | LEFT AggregateExec (aggregate disabled in config),0,1,6.54,0.00,6.87,62.87,0.01,6104,10000,3.47,3.44
before,50000000,b8192,groupby,g1minmax10k,"group-by 1 int32 key, 10k groups, min(x) AS lo, max(x) AS hi","SELECT k, min(x) AS lo, max(x) AS hi FROM grid GROUP BY k",22.51,104.71,0.215,247.9,55.2,5,5,yes,0.000e0,1,TAKEN AggregateExec (input rows 50000000 (exact) vs min_rows 0; output kept at one partition (only projections above it)),LEFT AggregateExec (aggregate disabled in config) | LEFT AggregateExec (aggregate disabled in config),0,1,6.02,13.51,9.59,74.39,0.02,6104,10000,3.20,3.11
now,50000000,part1,groupby,g1minmax10k,"group-by 1 int32 key, 10k groups, min(x) AS lo, max(x) AS hi","SELECT k, min(x) AS lo, max(x) AS hi FROM grid GROUP BY k",21.72,75.79,0.287,235.1,80.9,5,5,yes,0.000e0,1,TAKEN AggregateExec (input rows 50000000 (exact) vs min_rows 0; output kept at one partition (only projections above it)),LEFT AggregateExec (aggregate disabled in config) | LEFT AggregateExec (aggregate disabled in config),0,1,6.13,0.00,6.56,62.40,0.01,6112,10000,3.32,3.46
before,50000000,part1,groupby,g1minmax10k,"group-by 1 int32 key, 10k groups, min(x) AS lo, max(x) AS hi","SELECT k, min(x) AS lo, max(x) AS hi FROM grid GROUP BY k",21.76,97.92,0.222,240.2,47.3,5,5,yes,0.000e0,1,TAKEN AggregateExec (input rows 50000000 (exact) vs min_rows 0; output kept at one partition (only projections above it)),LEFT AggregateExec (aggregate disabled in config) | LEFT AggregateExec (aggregate disabled in config),0,1,6.02,8.53,9.49,73.13,0.02,6112,10000,3.27,4.37
now,1000000,b8192,groupby,g1minmax1M,"group-by 1 int32 key, 1M groups, min(x) AS lo, max(x) AS hi","SELECT k, min(x) AS lo, max(x) AS hi FROM grid GROUP BY k",4.17,10.92,0.381,49.5,10.5,5,5,yes,0.000e0,1,TAKEN AggregateExec (input rows 1000000 (exact) vs min_rows 0; output kept at one partition (only projections above it)),LEFT AggregateExec (aggregate disabled in config) | LEFT AggregateExec (aggregate disabled in config),0,1,0.12,0.00,0.19,7.09,0.01,123,631988,3.48,3.48
before,1000000,b8192,groupby,g1minmax1M,"group-by 1 int32 key, 1M groups, min(x) AS lo, max(x) AS hi","SELECT k, min(x) AS lo, max(x) AS hi FROM grid GROUP BY k",4.28,11.33,0.378,51.0,10.6,5,5,yes,0.000e0,1,TAKEN AggregateExec (input rows 1000000 (exact) vs min_rows 0; output kept at one partition (only projections above it)),LEFT AggregateExec (aggregate disabled in config) | LEFT AggregateExec (aggregate disabled in config),0,1,0.10,0.23,0.23,7.22,0.01,123,631988,3.36,3.36
now,1000000,part1,groupby,g1minmax1M,"group-by 1 int32 key, 1M groups, min(x) AS lo, max(x) AS hi","SELECT k, min(x) AS lo, max(x) AS hi FROM grid GROUP BY k",4.24,9.28,0.457,53.2,10.1,5,5,yes,0.000e0,1,TAKEN AggregateExec (input rows 1000000 (exact) vs min_rows 0; output kept at one partition (only projections above it)),LEFT AggregateExec (aggregate disabled in config) | LEFT AggregateExec (aggregate disabled in config),0,1,0.13,0.00,0.22,5.83,0.01,128,631988,3.41,3.30
before,1000000,part1,groupby,g1minmax1M,"group-by 1 int32 key, 1M groups, min(x) AS lo, max(x) AS hi","SELECT k, min(x) AS lo, max(x) AS hi FROM grid GROUP BY k",4.41,11.53,0.382,54.5,11.3,5,5,yes,0.000e0,1,TAKEN AggregateExec (input rows 1000000 (exact) vs min_rows 0; output kept at one partition (only projections above it)),LEFT AggregateExec (aggregate disabled in config) | LEFT AggregateExec (aggregate disabled in config),0,1,0.13,0.18,0.22,6.95,0.01,128,631988,3.19,3.19
now,10000000,b8192,groupby,g1minmax1M,"group-by 1 int32 key, 1M groups, min(x) AS lo, max(x) AS hi","SELECT k, min(x) AS lo, max(x) AS hi FROM grid GROUP BY k",20.82,33.03,0.630,290.9,27.5,5,5,yes,0.000e0,1,TAKEN AggregateExec (input rows 10000000 (exact) vs min_rows 0; output kept at one partition (only projections above it)),LEFT AggregateExec (aggregate disabled in config) | LEFT AggregateExec (aggregate disabled in config),0,1,1.45,0.00,1.44,24.33,0.01,1221,999951,3.08,3.08
before,10000000,b8192,groupby,g1minmax1M,"group-by 1 int32 key, 1M groups, min(x) AS lo, max(x) AS hi","SELECT k, min(x) AS lo, max(x) AS hi FROM grid GROUP BY k",20.04,38.36,0.522,284.7,21.3,5,5,yes,0.000e0,1,TAKEN AggregateExec (input rows 10000000 (exact) vs min_rows 0; output kept at one partition (only projections above it)),LEFT AggregateExec (aggregate disabled in config) | LEFT AggregateExec (aggregate disabled in config),0,1,1.25,2.43,1.91,27.91,0.01,1221,999951,2.78,2.64
now,10000000,part1,groupby,g1minmax1M,"group-by 1 int32 key, 1M groups, min(x) AS lo, max(x) AS hi","SELECT k, min(x) AS lo, max(x) AS hi FROM grid GROUP BY k",19.74,31.73,0.622,285.5,27.4,5,5,yes,0.000e0,1,TAKEN AggregateExec (input rows 10000000 (exact) vs min_rows 0; output kept at one partition (only projections above it)),LEFT AggregateExec (aggregate disabled in config) | LEFT AggregateExec (aggregate disabled in config),0,1,1.26,0.00,1.39,23.80,0.01,1232,999951,3.48,3.48
before,10000000,part1,groupby,g1minmax1M,"group-by 1 int32 key, 1M groups, min(x) AS lo, max(x) AS hi","SELECT k, min(x) AS lo, max(x) AS hi FROM grid GROUP BY k",20.20,37.76,0.535,285.4,20.6,5,5,yes,0.000e0,1,TAKEN AggregateExec (input rows 10000000 (exact) vs min_rows 0; output kept at one partition (only projections above it)),LEFT AggregateExec (aggregate disabled in config) | LEFT AggregateExec (aggregate disabled in config),0,1,1.29,1.70,1.76,27.48,0.01,1232,999951,3.37,3.98
now,50000000,b8192,groupby,g1minmax1M,"group-by 1 int32 key, 1M groups, min(x) AS lo, max(x) AS hi","SELECT k, min(x) AS lo, max(x) AS hi FROM grid GROUP BY k",78.98,116.59,0.677,1147.8,99.4,5,5,yes,0.000e0,1,TAKEN AggregateExec (input rows 50000000 (exact) vs min_rows 0; output kept at one partition (only projections above it)),LEFT AggregateExec (aggregate disabled in config) | LEFT AggregateExec (aggregate disabled in config),0,1,7.27,0.00,6.95,96.98,0.01,6104,1000000,3.05,4.29
before,50000000,b8192,groupby,g1minmax1M,"group-by 1 int32 key, 1M groups, min(x) AS lo, max(x) AS hi","SELECT k, min(x) AS lo, max(x) AS hi FROM grid GROUP BY k",78.65,151.87,0.518,1145.6,61.8,5,5,yes,0.000e0,1,TAKEN AggregateExec (input rows 50000000 (exact) vs min_rows 0; output kept at one partition (only projections above it)),LEFT AggregateExec (aggregate disabled in config) | LEFT AggregateExec (aggregate disabled in config),0,1,6.33,13.82,9.82,115.58,0.02,6104,1000000,2.94,3.18
now,50000000,part1,groupby,g1minmax1M,"group-by 1 int32 key, 1M groups, min(x) AS lo, max(x) AS hi","SELECT k, min(x) AS lo, max(x) AS hi FROM grid GROUP BY k",78.34,115.33,0.679,1146.9,90.7,5,5,yes,0.000e0,1,TAKEN AggregateExec (input rows 50000000 (exact) vs min_rows 0; output kept at one partition (only projections above it)),LEFT AggregateExec (aggregate disabled in config) | LEFT AggregateExec (aggregate disabled in config),0,1,6.27,0.00,6.63,97.70,0.01,6112,1000000,3.26,3.24
before,50000000,part1,groupby,g1minmax1M,"group-by 1 int32 key, 1M groups, min(x) AS lo, max(x) AS hi","SELECT k, min(x) AS lo, max(x) AS hi FROM grid GROUP BY k",78.75,144.86,0.544,1126.7,52.7,5,5,yes,0.000e0,1,TAKEN AggregateExec (input rows 50000000 (exact) vs min_rows 0; output kept at one partition (only projections above it)),LEFT AggregateExec (aggregate disabled in config) | LEFT AggregateExec (aggregate disabled in config),0,1,5.87,8.67,9.30,115.25,0.02,6112,1000000,3.28,4.62
now,1000000,b8192,groupby,g1minmax200,"group-by 1 int32 key, 200 groups, min(x) AS lo, max(x) AS hi","SELECT k, min(x) AS lo, max(x) AS hi FROM grid GROUP BY k",0.91,4.60,0.199,6.8,5.9,5,5,yes,0.000e0,1,TAKEN AggregateExec (input rows 1000000 (exact) vs min_rows 0; output kept at one partition (only projections above it)),LEFT AggregateExec (aggregate disabled in config) | LEFT AggregateExec (aggregate disabled in config),0,1,0.20,0.00,0.18,4.01,0.01,123,200,3.43,3.48
before,1000000,b8192,groupby,g1minmax200,"group-by 1 int32 key, 200 groups, min(x) AS lo, max(x) AS hi","SELECT k, min(x) AS lo, max(x) AS hi FROM grid GROUP BY k",0.95,4.23,0.223,6.5,5.3,5,5,yes,0.000e0,1,TAKEN AggregateExec (input rows 1000000 (exact) vs min_rows 0; output kept at one partition (only projections above it)),LEFT AggregateExec (aggregate disabled in config) | LEFT AggregateExec (aggregate disabled in config),0,1,0.11,0.21,0.21,3.49,0.01,123,200,3.36,3.36
now,1000000,part1,groupby,g1minmax200,"group-by 1 int32 key, 200 groups, min(x) AS lo, max(x) AS hi","SELECT k, min(x) AS lo, max(x) AS hi FROM grid GROUP BY k",0.90,4.75,0.191,6.1,5.6,5,5,yes,0.000e0,1,TAKEN AggregateExec (input rows 1000000 (exact) vs min_rows 0; output kept at one partition (only projections above it)),LEFT AggregateExec (aggregate disabled in config) | LEFT AggregateExec (aggregate disabled in config),0,1,0.11,0.00,0.16,4.26,0.01,128,200,3.41,3.41
before,1000000,part1,groupby,g1minmax200,"group-by 1 int32 key, 200 groups, min(x) AS lo, max(x) AS hi","SELECT k, min(x) AS lo, max(x) AS hi FROM grid GROUP BY k",0.89,4.75,0.188,6.4,5.5,5,5,yes,0.000e0,1,TAKEN AggregateExec (input rows 1000000 (exact) vs min_rows 0; output kept at one partition (only projections above it)),LEFT AggregateExec (aggregate disabled in config) | LEFT AggregateExec (aggregate disabled in config),0,1,0.11,0.18,0.20,4.01,0.01,128,200,3.19,3.19
now,10000000,b8192,groupby,g1minmax200,"group-by 1 int32 key, 200 groups, min(x) AS lo, max(x) AS hi","SELECT k, min(x) AS lo, max(x) AS hi FROM grid GROUP BY k",4.30,16.08,0.267,42.4,20.2,5,5,yes,0.000e0,1,TAKEN AggregateExec (input rows 10000000 (exact) vs min_rows 0; output kept at one partition (only projections above it)),LEFT AggregateExec (aggregate disabled in config) | LEFT AggregateExec (aggregate disabled in config),0,1,1.47,0.00,1.43,12.65,0.02,1221,200,3.10,3.10
before,10000000,b8192,groupby,g1minmax200,"group-by 1 int32 key, 200 groups, min(x) AS lo, max(x) AS hi","SELECT k, min(x) AS lo, max(x) AS hi FROM grid GROUP BY k",4.45,20.55,0.217,44.2,15.8,5,5,yes,0.000e0,1,TAKEN AggregateExec (input rows 10000000 (exact) vs min_rows 0; output kept at one partition (only projections above it)),LEFT AggregateExec (aggregate disabled in config) | LEFT AggregateExec (aggregate disabled in config),0,1,1.27,2.49,1.94,14.43,0.01,1221,200,2.76,2.78
now,10000000,part1,groupby,g1minmax200,"group-by 1 int32 key, 200 groups, min(x) AS lo, max(x) AS hi","SELECT k, min(x) AS lo, max(x) AS hi FROM grid GROUP BY k",4.09,15.68,0.261,41.4,20.6,5,5,yes,0.000e0,1,TAKEN AggregateExec (input rows 10000000 (exact) vs min_rows 0; output kept at one partition (only projections above it)),LEFT AggregateExec (aggregate disabled in config) | LEFT AggregateExec (aggregate disabled in config),0,1,1.16,0.00,1.42,12.63,0.02,1232,200,2.39,2.39
before,10000000,part1,groupby,g1minmax200,"group-by 1 int32 key, 200 groups, min(x) AS lo, max(x) AS hi","SELECT k, min(x) AS lo, max(x) AS hi FROM grid GROUP BY k",4.23,19.12,0.221,43.2,14.1,5,5,yes,0.000e0,1,TAKEN AggregateExec (input rows 10000000 (exact) vs min_rows 0; output kept at one partition (only projections above it)),LEFT AggregateExec (aggregate disabled in config) | LEFT AggregateExec (aggregate disabled in config),0,1,1.25,1.73,1.76,13.97,0.02,1232,200,3.14,3.37
now,50000000,b8192,groupby,g1minmax200,"group-by 1 int32 key, 200 groups, min(x) AS lo, max(x) AS hi","SELECT k, min(x) AS lo, max(x) AS hi FROM grid GROUP BY k",18.93,54.92,0.345,199.9,89.3,5,5,yes,0.000e0,1,TAKEN AggregateExec (input rows 50000000 (exact) vs min_rows 0; output kept at one partition (only projections above it)),LEFT AggregateExec (aggregate disabled in config) | LEFT AggregateExec (aggregate disabled in config),0,1,7.20,0.00,6.51,39.94,0.01,6104,200,3.43,3.47
before,50000000,b8192,groupby,g1minmax200,"group-by 1 int32 key, 200 groups, min(x) AS lo, max(x) AS hi","SELECT k, min(x) AS lo, max(x) AS hi FROM grid GROUP BY k",19.62,77.06,0.255,210.1,54.8,5,5,yes,0.000e0,1,TAKEN AggregateExec (input rows 50000000 (exact) vs min_rows 0; output kept at one partition (only projections above it)),LEFT AggregateExec (aggregate disabled in config) | LEFT AggregateExec (aggregate disabled in config),0,1,6.20,13.05,9.09,47.58,0.02,6104,200,3.48,3.20
now,50000000,part1,groupby,g1minmax200,"group-by 1 int32 key, 200 groups, min(x) AS lo, max(x) AS hi","SELECT k, min(x) AS lo, max(x) AS hi FROM grid GROUP BY k",17.58,52.70,0.334,192.2,80.5,5,5,yes,0.000e0,1,TAKEN AggregateExec (input rows 50000000 (exact) vs min_rows 0; output kept at one partition (only projections above it)),LEFT AggregateExec (aggregate disabled in config) | LEFT AggregateExec (aggregate disabled in config),0,1,6.01,0.00,6.44,39.56,0.01,6112,200,3.25,4.43
before,50000000,part1,groupby,g1minmax200,"group-by 1 int32 key, 200 groups, min(x) AS lo, max(x) AS hi","SELECT k, min(x) AS lo, max(x) AS hi FROM grid GROUP BY k",18.97,72.46,0.262,202.9,48.5,5,5,yes,0.000e0,1,TAKEN AggregateExec (input rows 50000000 (exact) vs min_rows 0; output kept at one partition (only projections above it)),LEFT AggregateExec (aggregate disabled in config) | LEFT AggregateExec (aggregate disabled in config),0,1,5.97,8.49,9.51,47.77,0.02,6112,200,3.38,3.27
now,1000000,b8192,groupby,g1minmaxR2,"group-by 1 int32 key, R2 groups, min(x) AS lo, max(x) AS hi","SELECT k, min(x) AS lo, max(x) AS hi FROM grid GROUP BY k",3.93,8.68,0.453,49.5,8.8,5,5,yes,0.000e0,1,TAKEN AggregateExec (input rows 1000000 (exact) vs min_rows 0; output kept at one partition (only projections above it)),LEFT AggregateExec (aggregate disabled in config) | LEFT AggregateExec (aggregate disabled in config),0,1,0.14,0.00,0.19,6.28,0.01,123,432472,3.48,3.48
before,1000000,b8192,groupby,g1minmaxR2,"group-by 1 int32 key, R2 groups, min(x) AS lo, max(x) AS hi","SELECT k, min(x) AS lo, max(x) AS hi FROM grid GROUP BY k",3.96,9.95,0.398,49.1,9.6,5,5,yes,0.000e0,1,TAKEN AggregateExec (input rows 1000000 (exact) vs min_rows 0; output kept at one partition (only projections above it)),LEFT AggregateExec (aggregate disabled in config) | LEFT AggregateExec (aggregate disabled in config),0,1,0.10,0.23,0.21,6.49,0.01,123,432472,3.36,3.36
now,1000000,part1,groupby,g1minmaxR2,"group-by 1 int32 key, R2 groups, min(x) AS lo, max(x) AS hi","SELECT k, min(x) AS lo, max(x) AS hi FROM grid GROUP BY k",4.16,8.92,0.466,51.6,9.0,5,5,yes,0.000e0,1,TAKEN AggregateExec (input rows 1000000 (exact) vs min_rows 0; output kept at one partition (only projections above it)),LEFT AggregateExec (aggregate disabled in config) | LEFT AggregateExec (aggregate disabled in config),0,1,0.11,0.00,0.19,6.20,0.01,128,432472,3.30,3.30
before,1000000,part1,groupby,g1minmaxR2,"group-by 1 int32 key, R2 groups, min(x) AS lo, max(x) AS hi","SELECT k, min(x) AS lo, max(x) AS hi FROM grid GROUP BY k",4.20,9.52,0.442,53.1,9.7,5,5,yes,0.000e0,1,TAKEN AggregateExec (input rows 1000000 (exact) vs min_rows 0; output kept at one partition (only projections above it)),LEFT AggregateExec (aggregate disabled in config) | LEFT AggregateExec (aggregate disabled in config),0,1,0.14,0.18,0.21,6.07,0.01,128,432472,3.19,3.19
now,10000000,b8192,groupby,g1minmaxR2,"group-by 1 int32 key, R2 groups, min(x) AS lo, max(x) AS hi","SELECT k, min(x) AS lo, max(x) AS hi FROM grid GROUP BY k",32.46,86.77,0.374,476.2,48.6,5,5,yes,0.000e0,1,TAKEN AggregateExec (input rows 10000000 (exact) vs min_rows 0; output kept at one partition (only projections above it)),LEFT AggregateExec (aggregate disabled in config) | LEFT AggregateExec (aggregate disabled in config),0,1,1.29,0.00,1.47,60.76,0.02,1221,4323738,3.08,2.76
before,10000000,b8192,groupby,g1minmaxR2,"group-by 1 int32 key, R2 groups, min(x) AS lo, max(x) AS hi","SELECT k, min(x) AS lo, max(x) AS hi FROM grid GROUP BY k",33.16,92.95,0.357,475.5,39.4,5,5,yes,0.000e0,1,TAKEN AggregateExec (input rows 10000000 (exact) vs min_rows 0; output kept at one partition (only projections above it)),LEFT AggregateExec (aggregate disabled in config) | LEFT AggregateExec (aggregate disabled in config),0,1,1.41,2.44,2.01,68.67,0.02,1221,4323738,2.64,2.43
now,10000000,part1,groupby,g1minmaxR2,"group-by 1 int32 key, R2 groups, min(x) AS lo, max(x) AS hi","SELECT k, min(x) AS lo, max(x) AS hi FROM grid GROUP BY k",31.97,85.19,0.375,474.3,45.8,5,5,yes,0.000e0,1,TAKEN AggregateExec (input rows 10000000 (exact) vs min_rows 0; output kept at one partition (only projections above it)),LEFT AggregateExec (aggregate disabled in config) | LEFT AggregateExec (aggregate disabled in config),0,1,1.28,0.00,1.46,61.96,0.01,1232,4323738,3.48,4.29
before,10000000,part1,groupby,g1minmaxR2,"group-by 1 int32 key, R2 groups, min(x) AS lo, max(x) AS hi","SELECT k, min(x) AS lo, max(x) AS hi FROM grid GROUP BY k",33.40,93.53,0.357,476.9,39.7,5,5,yes,0.000e0,1,TAKEN AggregateExec (input rows 10000000 (exact) vs min_rows 0; output kept at one partition (only projections above it)),LEFT AggregateExec (aggregate disabled in config) | LEFT AggregateExec (aggregate disabled in config),0,1,1.28,1.70,1.98,67.97,0.02,1232,4323738,3.40,3.29
now,50000000,b8192,groupby,g1minmaxR2,"group-by 1 int32 key, R2 groups, min(x) AS lo, max(x) AS hi","SELECT k, min(x) AS lo, max(x) AS hi FROM grid GROUP BY k",199.74,770.85,0.259,2999.5,212.2,5,5,yes,0.000e0,1,TAKEN AggregateExec (input rows 50000000 (exact) vs min_rows 0; output kept at one partition (only projections above it)),LEFT AggregateExec (aggregate disabled in config) | LEFT AggregateExec (aggregate disabled in config),0,1,6.92,0.00,6.85,662.68,0.02,6104,21618695,3.28,5.09
before,50000000,b8192,groupby,g1minmaxR2,"group-by 1 int32 key, R2 groups, min(x) AS lo, max(x) AS hi","SELECT k, min(x) AS lo, max(x) AS hi FROM grid GROUP BY k",207.04,895.30,0.231,2989.9,194.1,5,5,yes,0.000e0,1,TAKEN AggregateExec (input rows 50000000 (exact) vs min_rows 0; output kept at one partition (only projections above it)),LEFT AggregateExec (aggregate disabled in config) | LEFT AggregateExec (aggregate disabled in config),0,1,6.46,13.61,9.86,764.10,0.02,6104,21618695,3.18,4.62
now,50000000,part1,groupby,g1minmaxR2,"group-by 1 int32 key, R2 groups, min(x) AS lo, max(x) AS hi","SELECT k, min(x) AS lo, max(x) AS hi FROM grid GROUP BY k",200.66,783.02,0.256,2987.5,211.1,5,5,yes,0.000e0,1,TAKEN AggregateExec (input rows 50000000 (exact) vs min_rows 0; output kept at one partition (only projections above it)),LEFT AggregateExec (aggregate disabled in config) | LEFT AggregateExec (aggregate disabled in config),0,1,6.21,0.00,6.47,670.48,0.01,6112,21618695,3.14,4.50
before,50000000,part1,groupby,g1minmaxR2,"group-by 1 int32 key, R2 groups, min(x) AS lo, max(x) AS hi","SELECT k, min(x) AS lo, max(x) AS hi FROM grid GROUP BY k",199.10,856.34,0.232,2986.1,168.9,5,5,yes,0.000e0,1,TAKEN AggregateExec (input rows 50000000 (exact) vs min_rows 0; output kept at one partition (only projections above it)),LEFT AggregateExec (aggregate disabled in config) | LEFT AggregateExec (aggregate disabled in config),0,1,6.13,8.54,9.57,740.23,0.02,6112,21618695,2.93,4.47
now,1000000,b8192,groupby,g1sum100k,"group-by 1 int32 key, 100k groups, sum(x) AS s","SELECT k, sum(x) AS s FROM grid GROUP BY k",2.55,2.83,0.900,27.8,3.3,5,5,yes,4.841e-16,1,TAKEN AggregateExec (input rows 1000000 (exact) vs min_rows 0; output kept at one partition (only projections above it)),LEFT AggregateExec (aggregate disabled in config) | LEFT AggregateExec (aggregate disabled in config),0,1,0.07,0.00,0.21,2.35,0.00,123,99995,3.48,3.48
before,1000000,b8192,groupby,g1sum100k,"group-by 1 int32 key, 100k groups, sum(x) AS s","SELECT k, sum(x) AS s FROM grid GROUP BY k",2.53,2.99,0.846,29.2,3.1,5,5,yes,4.555e-16,1,TAKEN AggregateExec (input rows 1000000 (exact) vs min_rows 0; output kept at one partition (only projections above it)),LEFT AggregateExec (aggregate disabled in config) | LEFT AggregateExec (aggregate disabled in config),0,1,0.12,0.20,0.19,2.26,0.00,123,99995,3.36,3.36
now,1000000,part1,groupby,g1sum100k,"group-by 1 int32 key, 100k groups, sum(x) AS s","SELECT k, sum(x) AS s FROM grid GROUP BY k",2.37,3.89,0.608,28.5,3.7,5,5,yes,5.292e-16,1,TAKEN AggregateExec (input rows 1000000 (exact) vs min_rows 0; output kept at one partition (only projections above it)),LEFT AggregateExec (aggregate disabled in config) | LEFT AggregateExec (aggregate disabled in config),0,1,0.14,0.00,0.17,3.36,0.00,128,99995,3.41,3.41
before,1000000,part1,groupby,g1sum100k,"group-by 1 int32 key, 100k groups, sum(x) AS s","SELECT k, sum(x) AS s FROM grid GROUP BY k",2.67,3.01,0.887,30.4,3.1,5,5,yes,4.524e-16,1,TAKEN AggregateExec (input rows 1000000 (exact) vs min_rows 0; output kept at one partition (only projections above it)),LEFT AggregateExec (aggregate disabled in config) | LEFT AggregateExec (aggregate disabled in config),0,1,0.12,0.21,0.22,2.26,0.00,128,99995,3.19,3.19
now,10000000,b8192,groupby,g1sum100k,"group-by 1 int32 key, 100k groups, sum(x) AS s","SELECT k, sum(x) AS s FROM grid GROUP BY k",9.70,11.29,0.859,119.2,16.4,5,5,yes,6.794e-16,1,TAKEN AggregateExec (input rows 10000000 (exact) vs min_rows 0; output kept at one partition (only projections above it)),LEFT AggregateExec (aggregate disabled in config) | LEFT AggregateExec (aggregate disabled in config),0,1,1.33,0.00,1.43,8.09,0.00,1221,100000,3.10,3.73
before,10000000,b8192,groupby,g1sum100k,"group-by 1 int32 key, 100k groups, sum(x) AS s","SELECT k, sum(x) AS s FROM grid GROUP BY k",10.46,15.21,0.688,120.7,13.5,5,5,yes,6.545e-16,1,TAKEN AggregateExec (input rows 10000000 (exact) vs min_rows 0; output kept at one partition (only projections above it)),LEFT AggregateExec (aggregate disabled in config) | LEFT AggregateExec (aggregate disabled in config),0,1,1.33,2.54,2.03,8.78,0.01,1221,100000,2.78,2.78
now,10000000,part1,groupby,g1sum100k,"group-by 1 int32 key, 100k groups, sum(x) AS s","SELECT k, sum(x) AS s FROM grid GROUP BY k",9.75,10.62,0.917,115.8,17.6,5,5,yes,5.597e-16,1,TAKEN AggregateExec (input rows 10000000 (exact) vs min_rows 0; output kept at one partition (only projections above it)),LEFT AggregateExec (aggregate disabled in config) | LEFT AggregateExec (aggregate disabled in config),0,1,1.22,0.00,1.42,7.65,0.00,1232,100000,2.39,3.48
before,10000000,part1,groupby,g1sum100k,"group-by 1 int32 key, 100k groups, sum(x) AS s","SELECT k, sum(x) AS s FROM grid GROUP BY k",9.53,13.87,0.687,119.4,11.5,5,5,yes,6.196e-16,1,TAKEN AggregateExec (input rows 10000000 (exact) vs min_rows 0; output kept at one partition (only projections above it)),LEFT AggregateExec (aggregate disabled in config) | LEFT AggregateExec (aggregate disabled in config),0,1,1.29,1.69,1.84,8.74,0.01,1232,100000,3.37,3.37
now,50000000,b8192,groupby,g1sum100k,"group-by 1 int32 key, 100k groups, sum(x) AS s","SELECT k, sum(x) AS s FROM grid GROUP BY k",32.01,47.09,0.680,425.7,87.0,5,5,yes,6.108e-16,1,TAKEN AggregateExec (input rows 50000000 (exact) vs min_rows 0; output kept at one partition (only projections above it)),LEFT AggregateExec (aggregate disabled in config) | LEFT AggregateExec (aggregate disabled in config),0,1,7.29,0.00,6.71,31.84,0.00,6104,100000,3.44,4.52
before,50000000,b8192,groupby,g1sum100k,"group-by 1 int32 key, 100k groups, sum(x) AS s","SELECT k, sum(x) AS s FROM grid GROUP BY k",32.99,67.38,0.490,438.7,54.4,5,5,yes,6.425e-16,1,TAKEN AggregateExec (input rows 50000000 (exact) vs min_rows 0; output kept at one partition (only projections above it)),LEFT AggregateExec (aggregate disabled in config) | LEFT AggregateExec (aggregate disabled in config),0,1,6.64,13.41,9.51,36.69,0.01,6104,100000,3.02,2.94
now,50000000,part1,groupby,g1sum100k,"group-by 1 int32 key, 100k groups, sum(x) AS s","SELECT k, sum(x) AS s FROM grid GROUP BY k",32.12,45.58,0.705,432.0,75.8,5,5,yes,6.609e-16,1,TAKEN AggregateExec (input rows 50000000 (exact) vs min_rows 0; output kept at one partition (only projections above it)),LEFT AggregateExec (aggregate disabled in config) | LEFT AggregateExec (aggregate disabled in config),0,1,6.17,0.00,6.26,32.58,0.01,6112,100000,3.46,3.26
before,50000000,part1,groupby,g1sum100k,"group-by 1 int32 key, 100k groups, sum(x) AS s","SELECT k, sum(x) AS s FROM grid GROUP BY k",31.58,60.53,0.522,418.4,44.3,5,5,yes,6.341e-16,1,TAKEN AggregateExec (input rows 50000000 (exact) vs min_rows 0; output kept at one partition (only projections above it)),LEFT AggregateExec (aggregate disabled in config) | LEFT AggregateExec (aggregate disabled in config),0,1,6.09,8.39,8.74,36.65,0.01,6112,100000,2.78,4.00
now,1000000,b8192,groupby,g1sum10k,"group-by 1 int32 key, 10k groups, sum(x) AS s","SELECT k, sum(x) AS s FROM grid GROUP BY k",1.30,3.62,0.359,11.2,3.2,5,5,yes,4.799e-16,1,TAKEN AggregateExec (input rows 1000000 (exact) vs min_rows 0; output kept at one partition (only projections above it)),LEFT AggregateExec (aggregate disabled in config) | LEFT AggregateExec (aggregate disabled in config),0,1,0.11,0.00,0.17,3.13,0.00,123,10000,3.48,3.48
before,1000000,b8192,groupby,g1sum10k,"group-by 1 int32 key, 10k groups, sum(x) AS s","SELECT k, sum(x) AS s FROM grid GROUP BY k",1.29,3.38,0.381,10.3,3.2,5,5,yes,5.156e-16,1,TAKEN AggregateExec (input rows 1000000 (exact) vs min_rows 0; output kept at one partition (only projections above it)),LEFT AggregateExec (aggregate disabled in config) | LEFT AggregateExec (aggregate disabled in config),0,1,0.10,0.23,0.21,2.63,0.00,123,10000,3.36,3.36
now,1000000,part1,groupby,g1sum10k,"group-by 1 int32 key, 10k groups, sum(x) AS s","SELECT k, sum(x) AS s FROM grid GROUP BY k",1.22,3.04,0.402,10.7,3.3,5,5,yes,5.228e-16,1,TAKEN AggregateExec (input rows 1000000 (exact) vs min_rows 0; output kept at one partition (only projections above it)),LEFT AggregateExec (aggregate disabled in config) | LEFT AggregateExec (aggregate disabled in config),0,1,0.15,0.00,0.18,2.54,0.00,128,10000,3.41,3.41
before,1000000,part1,groupby,g1sum10k,"group-by 1 int32 key, 10k groups, sum(x) AS s","SELECT k, sum(x) AS s FROM grid GROUP BY k",1.31,2.64,0.496,11.2,3.2,5,5,yes,5.511e-16,1,TAKEN AggregateExec (input rows 1000000 (exact) vs min_rows 0; output kept at one partition (only projections above it)),LEFT AggregateExec (aggregate disabled in config) | LEFT AggregateExec (aggregate disabled in config),0,1,0.13,0.18,0.22,1.93,0.00,128,10000,3.19,3.19
now,10000000,b8192,groupby,g1sum10k,"group-by 1 int32 key, 10k groups, sum(x) AS s","SELECT k, sum(x) AS s FROM grid GROUP BY k",4.68,10.12,0.462,45.7,17.6,5,5,yes,4.962e-16,1,TAKEN AggregateExec (input rows 10000000 (exact) vs min_rows 0; output kept at one partition (only projections above it)),LEFT AggregateExec (aggregate disabled in config) | LEFT AggregateExec (aggregate disabled in config),0,1,1.41,0.00,1.37,6.97,0.00,1221,10000,3.10,3.10
before,10000000,b8192,groupby,g1sum10k,"group-by 1 int32 key, 10k groups, sum(x) AS s","SELECT k, sum(x) AS s FROM grid GROUP BY k",4.59,13.57,0.338,45.4,11.7,5,5,yes,4.722e-16,1,TAKEN AggregateExec (input rows 10000000 (exact) vs min_rows 0; output kept at one partition (only projections above it)),LEFT AggregateExec (aggregate disabled in config) | LEFT AggregateExec (aggregate disabled in config),0,1,1.25,2.30,1.90,7.75,0.00,1221,10000,2.78,2.78
now,10000000,part1,groupby,g1sum10k,"group-by 1 int32 key, 10k groups, sum(x) AS s","SELECT k, sum(x) AS s FROM grid GROUP BY k",4.44,9.66,0.459,44.9,17.5,5,5,yes,4.699e-16,1,TAKEN AggregateExec (input rows 10000000 (exact) vs min_rows 0; output kept at one partition (only projections above it)),LEFT AggregateExec (aggregate disabled in config) | LEFT AggregateExec (aggregate disabled in config),0,1,1.28,0.00,1.36,6.73,0.01,1232,10000,2.39,2.39
before,10000000,part1,groupby,g1sum10k,"group-by 1 int32 key, 10k groups, sum(x) AS s","SELECT k, sum(x) AS s FROM grid GROUP BY k",4.42,12.76,0.346,45.3,11.1,5,5,yes,6.651e-16,1,TAKEN AggregateExec (input rows 10000000 (exact) vs min_rows 0; output kept at one partition (only projections above it)),LEFT AggregateExec (aggregate disabled in config) | LEFT AggregateExec (aggregate disabled in config),0,1,1.26,1.66,1.80,7.73,0.00,1232,10000,3.37,3.37
now,50000000,b8192,groupby,g1sum10k,"group-by 1 int32 key, 10k groups, sum(x) AS s","SELECT k, sum(x) AS s FROM grid GROUP BY k",19.12,45.93,0.416,198.9,86.5,5,5,yes,7.460e-16,1,TAKEN AggregateExec (input rows 50000000 (exact) vs min_rows 0; output kept at one partition (only projections above it)),LEFT AggregateExec (aggregate disabled in config) | LEFT AggregateExec (aggregate disabled in config),0,1,6.56,0.00,6.80,31.21,0.01,6104,10000,3.47,3.44
before,50000000,b8192,groupby,g1sum10k,"group-by 1 int32 key, 10k groups, sum(x) AS s","SELECT k, sum(x) AS s FROM grid GROUP BY k",19.38,64.70,0.300,199.3,50.8,5,5,yes,7.361e-16,1,TAKEN AggregateExec (input rows 50000000 (exact) vs min_rows 0; output kept at one partition (only projections above it)),LEFT AggregateExec (aggregate disabled in config) | LEFT AggregateExec (aggregate disabled in config),0,1,6.17,13.17,9.59,34.77,0.01,6104,10000,3.20,3.11
now,50000000,part1,groupby,g1sum10k,"group-by 1 int32 key, 10k groups, sum(x) AS s","SELECT k, sum(x) AS s FROM grid GROUP BY k",18.26,43.18,0.423,194.6,73.2,5,5,yes,7.324e-16,1,TAKEN AggregateExec (input rows 50000000 (exact) vs min_rows 0; output kept at one partition (only projections above it)),LEFT AggregateExec (aggregate disabled in config) | LEFT AggregateExec (aggregate disabled in config),0,1,5.96,0.00,6.31,30.28,0.01,6112,10000,3.32,3.46
before,50000000,part1,groupby,g1sum10k,"group-by 1 int32 key, 10k groups, sum(x) AS s","SELECT k, sum(x) AS s FROM grid GROUP BY k",18.19,59.57,0.305,194.1,44.3,5,5,yes,7.507e-16,1,TAKEN AggregateExec (input rows 50000000 (exact) vs min_rows 0; output kept at one partition (only projections above it)),LEFT AggregateExec (aggregate disabled in config) | LEFT AggregateExec (aggregate disabled in config),0,1,5.94,8.50,9.66,34.82,0.01,6112,10000,3.27,4.37
now,1000000,b8192,groupby,g1sum1M,"group-by 1 int32 key, 1M groups, sum(x) AS s","SELECT k, sum(x) AS s FROM grid GROUP BY k",3.48,6.26,0.556,43.8,3.9,5,5,yes,4.081e-16,1,TAKEN AggregateExec (input rows 1000000 (exact) vs min_rows 0; output kept at one partition (only projections above it)),LEFT AggregateExec (aggregate disabled in config) | LEFT AggregateExec (aggregate disabled in config),0,1,0.12,0.00,0.20,5.66,0.01,123,631988,3.48,3.48
before,1000000,b8192,groupby,g1sum1M,"group-by 1 int32 key, 1M groups, sum(x) AS s","SELECT k, sum(x) AS s FROM grid GROUP BY k",3.59,6.48,0.554,43.7,3.6,5,5,yes,4.354e-16,1,TAKEN AggregateExec (input rows 1000000 (exact) vs min_rows 0; output kept at one partition (only projections above it)),LEFT AggregateExec (aggregate disabled in config) | LEFT AggregateExec (aggregate disabled in config),0,1,0.12,0.22,0.19,5.66,0.00,123,631988,3.36,3.36
now,1000000,part1,groupby,g1sum1M,"group-by 1 int32 key, 1M groups, sum(x) AS s","SELECT k, sum(x) AS s FROM grid GROUP BY k",3.56,6.30,0.565,45.6,3.9,5,5,yes,4.251e-16,1,TAKEN AggregateExec (input rows 1000000 (exact) vs min_rows 0; output kept at one partition (only projections above it)),LEFT AggregateExec (aggregate disabled in config) | LEFT AggregateExec (aggregate disabled in config),0,1,0.14,0.00,0.18,5.66,0.01,128,631988,3.41,3.30
before,1000000,part1,groupby,g1sum1M,"group-by 1 int32 key, 1M groups, sum(x) AS s","SELECT k, sum(x) AS s FROM grid GROUP BY k",3.73,6.58,0.567,47.4,3.8,5,5,yes,4.041e-16,1,TAKEN AggregateExec (input rows 1000000 (exact) vs min_rows 0; output kept at one partition (only projections above it)),LEFT AggregateExec (aggregate disabled in config) | LEFT AggregateExec (aggregate disabled in config),0,1,0.19,0.18,0.19,5.79,0.00,128,631988,3.19,3.19
now,10000000,b8192,groupby,g1sum1M,"group-by 1 int32 key, 1M groups, sum(x) AS s","SELECT k, sum(x) AS s FROM grid GROUP BY k",14.55,17.32,0.840,207.0,18.7,5,5,yes,6.047e-16,1,TAKEN AggregateExec (input rows 10000000 (exact) vs min_rows 0; output kept at one partition (only projections above it)),LEFT AggregateExec (aggregate disabled in config) | LEFT AggregateExec (aggregate disabled in config),0,1,1.48,0.00,1.31,14.01,0.01,1221,999951,3.08,3.08
before,10000000,b8192,groupby,g1sum1M,"group-by 1 int32 key, 1M groups, sum(x) AS s","SELECT k, sum(x) AS s FROM grid GROUP BY k",14.42,20.77,0.694,206.0,13.5,5,5,yes,6.375e-16,1,TAKEN AggregateExec (input rows 10000000 (exact) vs min_rows 0; output kept at one partition (only projections above it)),LEFT AggregateExec (aggregate disabled in config) | LEFT AggregateExec (aggregate disabled in config),0,1,1.30,2.51,1.86,14.50,0.01,1221,999951,2.78,2.64
now,10000000,part1,groupby,g1sum1M,"group-by 1 int32 key, 1M groups, sum(x) AS s","SELECT k, sum(x) AS s FROM grid GROUP BY k",14.25,17.13,0.832,202.4,19.0,5,5,yes,5.901e-16,1,TAKEN AggregateExec (input rows 10000000 (exact) vs min_rows 0; output kept at one partition (only projections above it)),LEFT AggregateExec (aggregate disabled in config) | LEFT AggregateExec (aggregate disabled in config),0,1,1.20,0.00,1.36,14.10,0.01,1232,999951,3.48,3.48
before,10000000,part1,groupby,g1sum1M,"group-by 1 int32 key, 1M groups, sum(x) AS s","SELECT k, sum(x) AS s FROM grid GROUP BY k",14.35,19.58,0.733,205.0,11.6,5,5,yes,5.981e-16,1,TAKEN AggregateExec (input rows 10000000 (exact) vs min_rows 0; output kept at one partition (only projections above it)),LEFT AggregateExec (aggregate disabled in config) | LEFT AggregateExec (aggregate disabled in config),0,1,1.30,1.69,1.80,14.47,0.00,1232,999951,3.37,3.98
now,50000000,b8192,groupby,g1sum1M,"group-by 1 int32 key, 1M groups, sum(x) AS s","SELECT k, sum(x) AS s FROM grid GROUP BY k",57.98,63.30,0.916,845.9,85.3,5,5,yes,1.054e-15,1,TAKEN AggregateExec (input rows 50000000 (exact) vs min_rows 0; output kept at one partition (only projections above it)),LEFT AggregateExec (aggregate disabled in config) | LEFT AggregateExec (aggregate disabled in config),0,1,6.94,0.00,6.44,48.78,0.01,6104,1000000,3.05,4.29
before,50000000,b8192,groupby,g1sum1M,"group-by 1 int32 key, 1M groups, sum(x) AS s","SELECT k, sum(x) AS s FROM grid GROUP BY k",58.30,83.91,0.695,852.2,52.8,5,5,yes,1.025e-15,1,TAKEN AggregateExec (input rows 50000000 (exact) vs min_rows 0; output kept at one partition (only projections above it)),LEFT AggregateExec (aggregate disabled in config) | LEFT AggregateExec (aggregate disabled in config),0,1,6.17,13.39,9.63,53.53,0.01,6104,1000000,2.94,3.18
now,50000000,part1,groupby,g1sum1M,"group-by 1 int32 key, 1M groups, sum(x) AS s","SELECT k, sum(x) AS s FROM grid GROUP BY k",57.24,62.05,0.922,845.9,76.9,5,5,yes,1.092e-15,1,TAKEN AggregateExec (input rows 50000000 (exact) vs min_rows 0; output kept at one partition (only projections above it)),LEFT AggregateExec (aggregate disabled in config) | LEFT AggregateExec (aggregate disabled in config),0,1,6.29,0.00,6.18,48.89,0.01,6112,1000000,3.26,3.24
before,50000000,part1,groupby,g1sum1M,"group-by 1 int32 key, 1M groups, sum(x) AS s","SELECT k, sum(x) AS s FROM grid GROUP BY k",57.11,77.23,0.739,828.9,44.9,5,5,yes,1.125e-15,1,TAKEN AggregateExec (input rows 50000000 (exact) vs min_rows 0; output kept at one partition (only projections above it)),LEFT AggregateExec (aggregate disabled in config) | LEFT AggregateExec (aggregate disabled in config),0,1,5.92,9.14,9.08,52.38,0.01,6112,1000000,3.28,4.62
now,1000000,b8192,groupby,g1sum200,"group-by 1 int32 key, 200 groups, sum(x) AS s","SELECT k, sum(x) AS s FROM grid GROUP BY k",0.83,3.83,0.216,5.6,3.3,5,5,yes,5.439e-16,1,TAKEN AggregateExec (input rows 1000000 (exact) vs min_rows 0; output kept at one partition (only projections above it)),LEFT AggregateExec (aggregate disabled in config) | LEFT AggregateExec (aggregate disabled in config),0,1,0.09,0.00,0.21,3.35,0.00,123,200,3.43,3.48
before,1000000,b8192,groupby,g1sum200,"group-by 1 int32 key, 200 groups, sum(x) AS s","SELECT k, sum(x) AS s FROM grid GROUP BY k",0.79,4.02,0.196,5.3,3.0,5,5,yes,5.584e-16,1,TAKEN AggregateExec (input rows 1000000 (exact) vs min_rows 0; output kept at one partition (only projections above it)),LEFT AggregateExec (aggregate disabled in config) | LEFT AggregateExec (aggregate disabled in config),0,1,0.14,0.21,0.21,3.27,0.00,123,200,3.36,3.36
now,1000000,part1,groupby,g1sum200,"group-by 1 int32 key, 200 groups, sum(x) AS s","SELECT k, sum(x) AS s FROM grid GROUP BY k",0.86,2.06,0.419,5.0,2.8,5,5,yes,5.436e-16,1,TAKEN AggregateExec (input rows 1000000 (exact) vs min_rows 0; output kept at one partition (only projections above it)),LEFT AggregateExec (aggregate disabled in config) | LEFT AggregateExec (aggregate disabled in config),0,1,0.12,0.00,0.16,1.60,0.00,128,200,3.41,3.41
before,1000000,part1,groupby,g1sum200,"group-by 1 int32 key, 200 groups, sum(x) AS s","SELECT k, sum(x) AS s FROM grid GROUP BY k",0.83,2.48,0.337,5.2,2.8,5,5,yes,5.565e-16,1,TAKEN AggregateExec (input rows 1000000 (exact) vs min_rows 0; output kept at one partition (only projections above it)),LEFT AggregateExec (aggregate disabled in config) | LEFT AggregateExec (aggregate disabled in config),0,1,0.12,0.17,0.21,1.79,0.00,128,200,3.19,3.19
now,10000000,b8192,groupby,g1sum200,"group-by 1 int32 key, 200 groups, sum(x) AS s","SELECT k, sum(x) AS s FROM grid GROUP BY k",3.83,7.31,0.523,37.9,15.7,5,5,yes,1.605e-15,1,TAKEN AggregateExec (input rows 10000000 (exact) vs min_rows 0; output kept at one partition (only projections above it)),LEFT AggregateExec (aggregate disabled in config) | LEFT AggregateExec (aggregate disabled in config),0,1,1.36,0.00,1.35,4.25,0.00,1221,200,3.10,3.10
before,10000000,b8192,groupby,g1sum200,"group-by 1 int32 key, 200 groups, sum(x) AS s","SELECT k, sum(x) AS s FROM grid GROUP BY k",3.83,10.83,0.353,38.2,12.4,5,5,yes,1.459e-15,1,TAKEN AggregateExec (input rows 10000000 (exact) vs min_rows 0; output kept at one partition (only projections above it)),LEFT AggregateExec (aggregate disabled in config) | LEFT AggregateExec (aggregate disabled in config),0,1,1.27,2.58,1.97,4.62,0.01,1221,200,2.76,2.78
now,10000000,part1,groupby,g1sum200,"group-by 1 int32 key, 200 groups, sum(x) AS s","SELECT k, sum(x) AS s FROM grid GROUP BY k",3.70,7.25,0.510,37.4,15.1,5,5,yes,1.021e-15,1,TAKEN AggregateExec (input rows 10000000 (exact) vs min_rows 0; output kept at one partition (only projections above it)),LEFT AggregateExec (aggregate disabled in config) | LEFT AggregateExec (aggregate disabled in config),0,1,1.20,0.00,1.34,4.37,0.00,1232,200,2.39,2.39
before,10000000,part1,groupby,g1sum200,"group-by 1 int32 key, 200 groups, sum(x) AS s","SELECT k, sum(x) AS s FROM grid GROUP BY k",3.69,9.49,0.388,37.2,11.0,5,5,yes,1.163e-15,1,TAKEN AggregateExec (input rows 10000000 (exact) vs min_rows 0; output kept at one partition (only projections above it)),LEFT AggregateExec (aggregate disabled in config) | LEFT AggregateExec (aggregate disabled in config),0,1,1.32,1.67,1.80,4.45,0.00,1232,200,3.14,3.37
now,50000000,b8192,groupby,g1sum200,"group-by 1 int32 key, 200 groups, sum(x) AS s","SELECT k, sum(x) AS s FROM grid GROUP BY k",17.07,30.54,0.559,177.1,82.3,5,5,yes,2.327e-15,1,TAKEN AggregateExec (input rows 50000000 (exact) vs min_rows 0; output kept at one partition (only projections above it)),LEFT AggregateExec (aggregate disabled in config) | LEFT AggregateExec (aggregate disabled in config),0,1,7.02,0.00,6.71,15.33,0.01,6104,200,3.43,3.47
before,50000000,b8192,groupby,g1sum200,"group-by 1 int32 key, 200 groups, sum(x) AS s","SELECT k, sum(x) AS s FROM grid GROUP BY k",17.21,51.35,0.335,181.5,57.0,5,5,yes,2.211e-15,1,TAKEN AggregateExec (input rows 50000000 (exact) vs min_rows 0; output kept at one partition (only projections above it)),LEFT AggregateExec (aggregate disabled in config) | LEFT AggregateExec (aggregate disabled in config),0,1,7.00,13.39,8.63,20.73,0.01,6104,200,3.48,3.20
now,50000000,part1,groupby,g1sum200,"group-by 1 int32 key, 200 groups, sum(x) AS s","SELECT k, sum(x) AS s FROM grid GROUP BY k",16.38,29.00,0.565,173.8,76.0,5,5,yes,2.209e-15,1,TAKEN AggregateExec (input rows 50000000 (exact) vs min_rows 0; output kept at one partition (only projections above it)),LEFT AggregateExec (aggregate disabled in config) | LEFT AggregateExec (aggregate disabled in config),0,1,6.18,0.00,6.20,16.08,0.01,6112,200,3.25,4.43
before,50000000,part1,groupby,g1sum200,"group-by 1 int32 key, 200 groups, sum(x) AS s","SELECT k, sum(x) AS s FROM grid GROUP BY k",16.02,45.53,0.352,174.4,44.0,5,5,yes,2.215e-15,1,TAKEN AggregateExec (input rows 50000000 (exact) vs min_rows 0; output kept at one partition (only projections above it)),LEFT AggregateExec (aggregate disabled in config) | LEFT AggregateExec (aggregate disabled in config),0,1,5.97,8.44,9.37,21.05,0.01,6112,200,3.38,3.27
now,1000000,b8192,groupby,g1sumR2,"group-by 1 int32 key, R2 groups, sum(x) AS s","SELECT k, sum(x) AS s FROM grid GROUP BY k",3.31,5.07,0.654,38.5,3.6,5,5,yes,4.256e-16,1,TAKEN AggregateExec (input rows 1000000 (exact) vs min_rows 0; output kept at one partition (only projections above it)),LEFT AggregateExec (aggregate disabled in config) | LEFT AggregateExec (aggregate disabled in config),0,1,0.08,0.00,0.22,4.54,0.00,123,432472,3.48,3.48
before,1000000,b8192,groupby,g1sumR2,"group-by 1 int32 key, R2 groups, sum(x) AS s","SELECT k, sum(x) AS s FROM grid GROUP BY k",3.24,5.43,0.597,39.3,3.7,5,5,yes,4.280e-16,1,TAKEN AggregateExec (input rows 1000000 (exact) vs min_rows 0; output kept at one partition (only projections above it)),LEFT AggregateExec (aggregate disabled in config) | LEFT AggregateExec (aggregate disabled in config),0,1,0.13,0.23,0.21,4.53,0.00,123,432472,3.36,3.36
now,1000000,part1,groupby,g1sumR2,"group-by 1 int32 key, R2 groups, sum(x) AS s","SELECT k, sum(x) AS s FROM grid GROUP BY k",3.38,4.95,0.682,41.0,3.6,5,5,yes,3.979e-16,1,TAKEN AggregateExec (input rows 1000000 (exact) vs min_rows 0; output kept at one partition (only projections above it)),LEFT AggregateExec (aggregate disabled in config) | LEFT AggregateExec (aggregate disabled in config),0,1,0.12,0.00,0.19,4.43,0.00,128,432472,3.30,3.30
before,1000000,part1,groupby,g1sumR2,"group-by 1 int32 key, R2 groups, sum(x) AS s","SELECT k, sum(x) AS s FROM grid GROUP BY k",3.52,5.69,0.620,43.2,3.5,5,5,yes,4.219e-16,1,TAKEN AggregateExec (input rows 1000000 (exact) vs min_rows 0; output kept at one partition (only projections above it)),LEFT AggregateExec (aggregate disabled in config) | LEFT AggregateExec (aggregate disabled in config),0,1,0.14,0.18,0.21,4.92,0.00,128,432472,3.19,3.19
now,10000000,b8192,groupby,g1sumR2,"group-by 1 int32 key, R2 groups, sum(x) AS s","SELECT k, sum(x) AS s FROM grid GROUP BY k",23.66,44.34,0.534,343.3,21.7,5,5,yes,5.056e-16,1,TAKEN AggregateExec (input rows 10000000 (exact) vs min_rows 0; output kept at one partition (only projections above it)),LEFT AggregateExec (aggregate disabled in config) | LEFT AggregateExec (aggregate disabled in config),0,1,1.32,0.00,1.36,40.95,0.01,1221,4323738,3.08,2.76
before,10000000,b8192,groupby,g1sumR2,"group-by 1 int32 key, R2 groups, sum(x) AS s","SELECT k, sum(x) AS s FROM grid GROUP BY k",24.28,48.01,0.506,349.0,15.5,5,5,yes,4.412e-16,1,TAKEN AggregateExec (input rows 10000000 (exact) vs min_rows 0; output kept at one partition (only projections above it)),LEFT AggregateExec (aggregate disabled in config) | LEFT AggregateExec (aggregate disabled in config),0,1,1.31,2.40,1.94,41.66,0.01,1221,4323738,2.64,2.43
now,10000000,part1,groupby,g1sumR2,"group-by 1 int32 key, R2 groups, sum(x) AS s","SELECT k, sum(x) AS s FROM grid GROUP BY k",23.42,44.14,0.530,340.5,19.7,5,5,yes,4.424e-16,1,TAKEN AggregateExec (input rows 10000000 (exact) vs min_rows 0; output kept at one partition (only projections above it)),LEFT AggregateExec (aggregate disabled in config) | LEFT AggregateExec (aggregate disabled in config),0,1,1.24,0.00,1.45,40.85,0.01,1232,4323738,3.48,4.29
before,10000000,part1,groupby,g1sumR2,"group-by 1 int32 key, R2 groups, sum(x) AS s","SELECT k, sum(x) AS s FROM grid GROUP BY k",23.32,46.65,0.500,335.8,13.4,5,5,yes,4.424e-16,1,TAKEN AggregateExec (input rows 10000000 (exact) vs min_rows 0; output kept at one partition (only projections above it)),LEFT AggregateExec (aggregate disabled in config) | LEFT AggregateExec (aggregate disabled in config),0,1,1.26,1.70,1.74,41.41,0.01,1232,4323738,3.40,3.29
now,50000000,b8192,groupby,g1sumR2,"group-by 1 int32 key, R2 groups, sum(x) AS s","SELECT k, sum(x) AS s FROM grid GROUP BY k",151.76,363.90,0.417,2254.7,101.1,5,5,yes,5.576e-16,1,TAKEN AggregateExec (input rows 50000000 (exact) vs min_rows 0; output kept at one partition (only projections above it)),LEFT AggregateExec (aggregate disabled in config) | LEFT AggregateExec (aggregate disabled in config),0,1,7.41,0.00,6.42,347.81,0.01,6104,21618695,3.28,5.09
before,50000000,b8192,groupby,g1sumR2,"group-by 1 int32 key, R2 groups, sum(x) AS s","SELECT k, sum(x) AS s FROM grid GROUP BY k",158.35,385.31,0.411,2323.7,69.1,5,5,yes,5.576e-16,1,TAKEN AggregateExec (input rows 50000000 (exact) vs min_rows 0; output kept at one partition (only projections above it)),LEFT AggregateExec (aggregate disabled in config) | LEFT AggregateExec (aggregate disabled in config),0,1,6.20,13.67,9.80,353.44,0.01,6104,21618695,3.18,4.62
now,50000000,part1,groupby,g1sumR2,"group-by 1 int32 key, R2 groups, sum(x) AS s","SELECT k, sum(x) AS s FROM grid GROUP BY k",154.01,363.23,0.424,2294.9,91.2,5,5,yes,4.438e-16,1,TAKEN AggregateExec (input rows 50000000 (exact) vs min_rows 0; output kept at one partition (only projections above it)),LEFT AggregateExec (aggregate disabled in config) | LEFT AggregateExec (aggregate disabled in config),0,1,6.18,0.00,6.27,349.17,0.01,6112,21618695,3.14,4.50
before,50000000,part1,groupby,g1sumR2,"group-by 1 int32 key, R2 groups, sum(x) AS s","SELECT k, sum(x) AS s FROM grid GROUP BY k",155.33,377.00,0.412,2269.4,60.2,5,5,yes,5.174e-16,1,TAKEN AggregateExec (input rows 50000000 (exact) vs min_rows 0; output kept at one partition (only projections above it)),LEFT AggregateExec (aggregate disabled in config) | LEFT AggregateExec (aggregate disabled in config),0,1,6.01,8.34,8.44,352.82,0.01,6112,21618695,2.93,4.47
now,1000000,b8192,groupby,g2count100k,"group-by 2 int32 keys, 100k groups, count(*) AS n","SELECT k1, k2, count(*) AS n FROM grid GROUP BY k1, k2",3.02,2.40,1.260,37.3,3.0,5,5,yes,0.000e0,1,TAKEN AggregateExec (input rows 1000000 (exact) vs min_rows 0; output kept at one partition (only projections above it)),LEFT AggregateExec (aggregate disabled in config) | LEFT AggregateExec (aggregate disabled in config),0,1,0.09,0.00,0.14,1.95,0.00,123,99998,3.48,3.48
before,1000000,b8192,groupby,g2count100k,"group-by 2 int32 keys, 100k groups, count(*) AS n","SELECT k1, k2, count(*) AS n FROM grid GROUP BY k1, k2",2.92,2.75,1.063,37.3,3.2,5,5,yes,0.000e0,1,TAKEN AggregateExec (input rows 1000000 (exact) vs min_rows 0; output kept at one partition (only projections above it)),LEFT AggregateExec (aggregate disabled in config) | LEFT AggregateExec (aggregate disabled in config),0,1,0.05,0.15,0.16,2.14,0.00,123,99998,3.36,3.36
now,1000000,part1,groupby,g2count100k,"group-by 2 int32 keys, 100k groups, count(*) AS n","SELECT k1, k2, count(*) AS n FROM grid GROUP BY k1, k2",2.94,2.47,1.191,37.1,3.1,5,5,yes,0.000e0,1,TAKEN AggregateExec (input rows 1000000 (exact) vs min_rows 0; output kept at one partition (only projections above it)),LEFT AggregateExec (aggregate disabled in config) | LEFT AggregateExec (aggregate disabled in config),0,1,0.10,0.00,0.14,2.03,0.00,128,99998,3.41,3.41
before,1000000,part1,groupby,g2count100k,"group-by 2 int32 keys, 100k groups, count(*) AS n","SELECT k1, k2, count(*) AS n FROM grid GROUP BY k1, k2",2.98,2.65,1.126,37.7,3.1,5,5,yes,0.000e0,1,TAKEN AggregateExec (input rows 1000000 (exact) vs min_rows 0; output kept at one partition (only projections above it)),LEFT AggregateExec (aggregate disabled in config) | LEFT AggregateExec (aggregate disabled in config),0,1,0.09,0.12,0.14,2.07,0.01,128,99998,3.19,3.19
now,10000000,b8192,groupby,g2count100k,"group-by 2 int32 keys, 100k groups, count(*) AS n","SELECT k1, k2, count(*) AS n FROM grid GROUP BY k1, k2",15.79,6.21,2.542,185.0,14.3,5,5,yes,0.000e0,1,TAKEN AggregateExec (input rows 10000000 (exact) vs min_rows 0; output kept at one partition (only projections above it)),LEFT AggregateExec (aggregate disabled in config) | LEFT AggregateExec (aggregate disabled in config),0,1,1.31,0.00,1.08,3.40,0.01,1221,100000,3.10,3.73
before,10000000,b8192,groupby,g2count100k,"group-by 2 int32 keys, 100k groups, count(*) AS n","SELECT k1, k2, count(*) AS n FROM grid GROUP BY k1, k2",15.32,8.63,1.775,185.5,11.3,5,5,yes,0.000e0,1,TAKEN AggregateExec (input rows 10000000 (exact) vs min_rows 0; output kept at one partition (only projections above it)),LEFT AggregateExec (aggregate disabled in config) | LEFT AggregateExec (aggregate disabled in config),0,1,1.33,1.87,1.27,3.74,0.01,1221,100000,2.78,2.78
now,10000000,part1,groupby,g2count100k,"group-by 2 int32 keys, 100k groups, count(*) AS n","SELECT k1, k2, count(*) AS n FROM grid GROUP BY k1, k2",15.48,10.99,1.409,185.5,13.4,5,5,yes,0.000e0,1,TAKEN AggregateExec (input rows 10000000 (exact) vs min_rows 0; output kept at one partition (only projections above it)),LEFT AggregateExec (aggregate disabled in config) | LEFT AggregateExec (aggregate disabled in config),0,1,1.26,0.00,1.18,8.00,0.01,1232,100000,2.39,3.48
before,10000000,part1,groupby,g2count100k,"group-by 2 int32 keys, 100k groups, count(*) AS n","SELECT k1, k2, count(*) AS n FROM grid GROUP BY k1, k2",15.29,7.64,2.002,188.1,9.6,5,5,yes,0.000e0,1,TAKEN AggregateExec (input rows 10000000 (exact) vs min_rows 0; output kept at one partition (only projections above it)),LEFT AggregateExec (aggregate disabled in config) | LEFT AggregateExec (aggregate disabled in config),0,1,1.30,1.13,1.21,3.69,0.00,1232,100000,3.37,3.37
now,50000000,b8192,groupby,g2count100k,"group-by 2 int32 keys, 100k groups, count(*) AS n","SELECT k1, k2, count(*) AS n FROM grid GROUP BY k1, k2",55.48,23.87,2.324,803.5,69.7,5,5,yes,0.000e0,1,TAKEN AggregateExec (input rows 50000000 (exact) vs min_rows 0; output kept at one partition (only projections above it)),LEFT AggregateExec (aggregate disabled in config) | LEFT AggregateExec (aggregate disabled in config),0,1,6.65,0.00,5.67,9.96,0.01,6104,100000,3.44,4.52
before,50000000,b8192,groupby,g2count100k,"group-by 2 int32 keys, 100k groups, count(*) AS n","SELECT k1, k2, count(*) AS n FROM grid GROUP BY k1, k2",58.33,39.43,1.479,789.0,51.7,5,5,yes,0.000e0,1,TAKEN AggregateExec (input rows 50000000 (exact) vs min_rows 0; output kept at one partition (only projections above it)),LEFT AggregateExec (aggregate disabled in config) | LEFT AggregateExec (aggregate disabled in config),0,1,7.08,10.81,6.35,13.55,0.01,6104,100000,3.02,2.94
now,50000000,part1,groupby,g2count100k,"group-by 2 int32 keys, 100k groups, count(*) AS n","SELECT k1, k2, count(*) AS n FROM grid GROUP BY k1, k2",56.01,22.01,2.545,812.2,58.4,5,5,yes,0.000e0,1,TAKEN AggregateExec (input rows 50000000 (exact) vs min_rows 0; output kept at one partition (only projections above it)),LEFT AggregateExec (aggregate disabled in config) | LEFT AggregateExec (aggregate disabled in config),0,1,5.95,0.00,5.29,10.18,0.01,6112,100000,3.46,3.26
before,50000000,part1,groupby,g2count100k,"group-by 2 int32 keys, 100k groups, count(*) AS n","SELECT k1, k2, count(*) AS n FROM grid GROUP BY k1, k2",54.36,31.80,1.710,796.0,37.9,5,5,yes,0.000e0,1,TAKEN AggregateExec (input rows 50000000 (exact) vs min_rows 0; output kept at one partition (only projections above it)),LEFT AggregateExec (aggregate disabled in config) | LEFT AggregateExec (aggregate disabled in config),0,1,6.05,5.64,6.08,13.33,0.01,6112,100000,2.78,4.00
now,1000000,b8192,groupby,g2count10k,"group-by 2 int32 keys, 10k groups, count(*) AS n","SELECT k1, k2, count(*) AS n FROM grid GROUP BY k1, k2",1.87,2.46,0.760,18.8,3.1,5,5,yes,0.000e0,1,TAKEN AggregateExec (input rows 1000000 (exact) vs min_rows 0; output kept at one partition (only projections above it)),LEFT AggregateExec (aggregate disabled in config) | LEFT AggregateExec (aggregate disabled in config),0,1,0.09,0.00,0.16,1.93,0.00,123,10000,3.48,3.48
before,1000000,b8192,groupby,g2count10k,"group-by 2 int32 keys, 10k groups, count(*) AS n","SELECT k1, k2, count(*) AS n FROM grid GROUP BY k1, k2",1.88,2.48,0.760,18.2,3.0,5,5,yes,0.000e0,1,TAKEN AggregateExec (input rows 1000000 (exact) vs min_rows 0; output kept at one partition (only projections above it)),LEFT AggregateExec (aggregate disabled in config) | LEFT AggregateExec (aggregate disabled in config),0,1,0.10,0.15,0.15,1.87,0.00,123,10000,3.36,3.36
now,1000000,part1,groupby,g2count10k,"group-by 2 int32 keys, 10k groups, count(*) AS n","SELECT k1, k2, count(*) AS n FROM grid GROUP BY k1, k2",1.85,2.21,0.837,17.7,2.9,5,5,yes,0.000e0,1,TAKEN AggregateExec (input rows 1000000 (exact) vs min_rows 0; output kept at one partition (only projections above it)),LEFT AggregateExec (aggregate disabled in config) | LEFT AggregateExec (aggregate disabled in config),0,1,0.11,0.00,0.14,1.77,0.00,128,10000,3.41,3.41
before,1000000,part1,groupby,g2count10k,"group-by 2 int32 keys, 10k groups, count(*) AS n","SELECT k1, k2, count(*) AS n FROM grid GROUP BY k1, k2",1.85,2.43,0.762,17.6,3.0,5,5,yes,0.000e0,1,TAKEN AggregateExec (input rows 1000000 (exact) vs min_rows 0; output kept at one partition (only projections above it)),LEFT AggregateExec (aggregate disabled in config) | LEFT AggregateExec (aggregate disabled in config),0,1,0.13,0.13,0.14,1.81,0.00,128,10000,3.19,3.19
now,10000000,b8192,groupby,g2count10k,"group-by 2 int32 keys, 10k groups, count(*) AS n","SELECT k1, k2, count(*) AS n FROM grid GROUP BY k1, k2",9.37,6.14,1.525,101.8,14.7,5,5,yes,0.000e0,1,TAKEN AggregateExec (input rows 10000000 (exact) vs min_rows 0; output kept at one partition (only projections above it)),LEFT AggregateExec (aggregate disabled in config) | LEFT AggregateExec (aggregate disabled in config),0,1,1.33,0.00,1.14,3.26,0.00,1221,10000,3.10,3.10
before,10000000,b8192,groupby,g2count10k,"group-by 2 int32 keys, 10k groups, count(*) AS n","SELECT k1, k2, count(*) AS n FROM grid GROUP BY k1, k2",9.33,8.68,1.075,103.0,11.0,5,5,yes,0.000e0,1,TAKEN AggregateExec (input rows 10000000 (exact) vs min_rows 0; output kept at one partition (only projections above it)),LEFT AggregateExec (aggregate disabled in config) | LEFT AggregateExec (aggregate disabled in config),0,1,1.20,2.03,1.32,3.75,0.01,1221,10000,2.78,2.78
now,10000000,part1,groupby,g2count10k,"group-by 2 int32 keys, 10k groups, count(*) AS n","SELECT k1, k2, count(*) AS n FROM grid GROUP BY k1, k2",9.29,6.10,1.524,101.1,13.5,5,5,yes,0.000e0,1,TAKEN AggregateExec (input rows 10000000 (exact) vs min_rows 0; output kept at one partition (only projections above it)),LEFT AggregateExec (aggregate disabled in config) | LEFT AggregateExec (aggregate disabled in config),0,1,1.24,0.00,1.04,3.52,0.00,1232,10000,2.39,2.39
before,10000000,part1,groupby,g2count10k,"group-by 2 int32 keys, 10k groups, count(*) AS n","SELECT k1, k2, count(*) AS n FROM grid GROUP BY k1, k2",9.06,7.23,1.253,100.9,9.3,5,5,yes,0.000e0,1,TAKEN AggregateExec (input rows 10000000 (exact) vs min_rows 0; output kept at one partition (only projections above it)),LEFT AggregateExec (aggregate disabled in config) | LEFT AggregateExec (aggregate disabled in config),0,1,1.26,1.14,1.17,3.42,0.00,1232,10000,3.37,3.37
now,50000000,b8192,groupby,g2count10k,"group-by 2 int32 keys, 10k groups, count(*) AS n","SELECT k1, k2, count(*) AS n FROM grid GROUP BY k1, k2",35.87,23.47,1.528,472.1,67.1,5,5,yes,0.000e0,1,TAKEN AggregateExec (input rows 50000000 (exact) vs min_rows 0; output kept at one partition (only projections above it)),LEFT AggregateExec (aggregate disabled in config) | LEFT AggregateExec (aggregate disabled in config),0,1,6.53,0.00,5.32,10.20,0.01,6104,10000,3.47,3.44
before,50000000,b8192,groupby,g2count10k,"group-by 2 int32 keys, 10k groups, count(*) AS n","SELECT k1, k2, count(*) AS n FROM grid GROUP BY k1, k2",36.21,39.37,0.920,481.2,50.3,5,5,yes,0.000e0,1,TAKEN AggregateExec (input rows 50000000 (exact) vs min_rows 0; output kept at one partition (only projections above it)),LEFT AggregateExec (aggregate disabled in config) | LEFT AggregateExec (aggregate disabled in config),0,1,7.05,10.83,6.49,13.13,0.01,6104,10000,3.20,3.11
now,50000000,part1,groupby,g2count10k,"group-by 2 int32 keys, 10k groups, count(*) AS n","SELECT k1, k2, count(*) AS n FROM grid GROUP BY k1, k2",34.72,21.34,1.627,470.7,58.6,5,5,yes,0.000e0,1,TAKEN AggregateExec (input rows 50000000 (exact) vs min_rows 0; output kept at one partition (only projections above it)),LEFT AggregateExec (aggregate disabled in config) | LEFT AggregateExec (aggregate disabled in config),0,1,5.91,0.00,4.92,9.97,0.01,6112,10000,3.32,3.46
before,50000000,part1,groupby,g2count10k,"group-by 2 int32 keys, 10k groups, count(*) AS n","SELECT k1, k2, count(*) AS n FROM grid GROUP BY k1, k2",35.13,30.62,1.147,468.8,36.3,5,5,yes,0.000e0,1,TAKEN AggregateExec (input rows 50000000 (exact) vs min_rows 0; output kept at one partition (only projections above it)),LEFT AggregateExec (aggregate disabled in config) | LEFT AggregateExec (aggregate disabled in config),0,1,6.13,5.59,6.33,11.99,0.01,6112,10000,3.27,4.37
now,1000000,b8192,groupby,g2count1M,"group-by 2 int32 keys, 1M groups, count(*) AS n","SELECT k1, k2, count(*) AS n FROM grid GROUP BY k1, k2",4.09,3.54,1.156,50.5,3.8,5,5,yes,0.000e0,1,TAKEN AggregateExec (input rows 1000000 (exact) vs min_rows 0; output kept at one partition (only projections above it)),LEFT AggregateExec (aggregate disabled in config) | LEFT AggregateExec (aggregate disabled in config),0,1,0.10,0.00,0.15,3.02,0.00,123,632071,3.48,3.48
before,1000000,b8192,groupby,g2count1M,"group-by 2 int32 keys, 1M groups, count(*) AS n","SELECT k1, k2, count(*) AS n FROM grid GROUP BY k1, k2",4.07,3.84,1.059,50.2,4.0,5,5,yes,0.000e0,1,TAKEN AggregateExec (input rows 1000000 (exact) vs min_rows 0; output kept at one partition (only projections above it)),LEFT AggregateExec (aggregate disabled in config) | LEFT AggregateExec (aggregate disabled in config),0,1,0.09,0.17,0.16,3.17,0.00,123,632071,3.36,3.36
now,1000000,part1,groupby,g2count1M,"group-by 2 int32 keys, 1M groups, count(*) AS n","SELECT k1, k2, count(*) AS n FROM grid GROUP BY k1, k2",4.29,3.73,1.149,53.7,4.0,5,5,yes,0.000e0,1,TAKEN AggregateExec (input rows 1000000 (exact) vs min_rows 0; output kept at one partition (only projections above it)),LEFT AggregateExec (aggregate disabled in config) | LEFT AggregateExec (aggregate disabled in config),0,1,0.11,0.00,0.16,3.18,0.00,128,632071,3.41,3.30
before,1000000,part1,groupby,g2count1M,"group-by 2 int32 keys, 1M groups, count(*) AS n","SELECT k1, k2, count(*) AS n FROM grid GROUP BY k1, k2",4.28,3.81,1.124,53.0,4.0,5,5,yes,0.000e0,1,TAKEN AggregateExec (input rows 1000000 (exact) vs min_rows 0; output kept at one partition (only projections above it)),LEFT AggregateExec (aggregate disabled in config) | LEFT AggregateExec (aggregate disabled in config),0,1,0.12,0.12,0.16,3.15,0.00,128,632071,3.19,3.19
now,10000000,b8192,groupby,g2count1M,"group-by 2 int32 keys, 1M groups, count(*) AS n","SELECT k1, k2, count(*) AS n FROM grid GROUP BY k1, k2",18.50,7.88,2.347,267.9,13.6,5,5,yes,0.000e0,1,TAKEN AggregateExec (input rows 10000000 (exact) vs min_rows 0; output kept at one partition (only projections above it)),LEFT AggregateExec (aggregate disabled in config) | LEFT AggregateExec (aggregate disabled in config),0,1,1.39,0.00,1.26,4.74,0.01,1221,999943,3.08,3.08
before,10000000,b8192,groupby,g2count1M,"group-by 2 int32 keys, 1M groups, count(*) AS n","SELECT k1, k2, count(*) AS n FROM grid GROUP BY k1, k2",18.57,11.11,1.672,267.7,12.9,5,5,yes,0.000e0,1,TAKEN AggregateExec (input rows 10000000 (exact) vs min_rows 0; output kept at one partition (only projections above it)),LEFT AggregateExec (aggregate disabled in config) | LEFT AggregateExec (aggregate disabled in config),0,1,1.40,1.97,1.30,5.82,0.01,1221,999943,2.78,2.64
now,10000000,part1,groupby,g2count1M,"group-by 2 int32 keys, 1M groups, count(*) AS n","SELECT k1, k2, count(*) AS n FROM grid GROUP BY k1, k2",18.32,6.97,2.630,266.1,15.3,5,5,yes,0.000e0,1,TAKEN AggregateExec (input rows 10000000 (exact) vs min_rows 0; output kept at one partition (only projections above it)),LEFT AggregateExec (aggregate disabled in config) | LEFT AggregateExec (aggregate disabled in config),0,1,1.36,0.00,1.11,4.14,0.00,1232,999943,3.48,3.48
before,10000000,part1,groupby,g2count1M,"group-by 2 int32 keys, 1M groups, count(*) AS n","SELECT k1, k2, count(*) AS n FROM grid GROUP BY k1, k2",18.63,9.66,1.930,264.3,10.6,5,5,yes,0.000e0,1,TAKEN AggregateExec (input rows 10000000 (exact) vs min_rows 0; output kept at one partition (only projections above it)),LEFT AggregateExec (aggregate disabled in config) | LEFT AggregateExec (aggregate disabled in config),0,1,1.35,1.14,1.28,5.49,0.00,1232,999943,3.37,3.98
now,50000000,b8192,groupby,g2count1M,"group-by 2 int32 keys, 1M groups, count(*) AS n","SELECT k1, k2, count(*) AS n FROM grid GROUP BY k1, k2",77.87,25.97,2.999,1151.1,71.1,5,5,yes,0.000e0,1,TAKEN AggregateExec (input rows 50000000 (exact) vs min_rows 0; output kept at one partition (only projections above it)),LEFT AggregateExec (aggregate disabled in config) | LEFT AggregateExec (aggregate disabled in config),0,1,6.86,0.00,5.39,12.28,0.01,6104,1000000,3.05,4.29
before,50000000,b8192,groupby,g2count1M,"group-by 2 int32 keys, 1M groups, count(*) AS n","SELECT k1, k2, count(*) AS n FROM grid GROUP BY k1, k2",77.38,41.59,1.860,1148.7,48.2,5,5,yes,0.000e0,1,TAKEN AggregateExec (input rows 50000000 (exact) vs min_rows 0; output kept at one partition (only projections above it)),LEFT AggregateExec (aggregate disabled in config) | LEFT AggregateExec (aggregate disabled in config),0,1,6.61,10.49,6.41,16.87,0.01,6104,1000000,2.94,3.18
now,50000000,part1,groupby,g2count1M,"group-by 2 int32 keys, 1M groups, count(*) AS n","SELECT k1, k2, count(*) AS n FROM grid GROUP BY k1, k2",77.52,23.97,3.233,1159.7,60.1,5,5,yes,0.000e0,1,TAKEN AggregateExec (input rows 50000000 (exact) vs min_rows 0; output kept at one partition (only projections above it)),LEFT AggregateExec (aggregate disabled in config) | LEFT AggregateExec (aggregate disabled in config),0,1,6.24,0.00,5.09,12.02,0.01,6112,1000000,3.26,3.24
before,50000000,part1,groupby,g2count1M,"group-by 2 int32 keys, 1M groups, count(*) AS n","SELECT k1, k2, count(*) AS n FROM grid GROUP BY k1, k2",77.65,32.68,2.376,1131.6,38.1,5,5,yes,0.000e0,1,TAKEN AggregateExec (input rows 50000000 (exact) vs min_rows 0; output kept at one partition (only projections above it)),LEFT AggregateExec (aggregate disabled in config) | LEFT AggregateExec (aggregate disabled in config),0,1,6.02,5.58,5.98,14.35,0.01,6112,1000000,3.28,4.62
now,1000000,b8192,groupby,g2count200,"group-by 2 int32 keys, 200 groups, count(*) AS n","SELECT k1, k2, count(*) AS n FROM grid GROUP BY k1, k2",1.52,2.40,0.633,10.3,2.9,5,5,yes,0.000e0,1,TAKEN AggregateExec (input rows 1000000 (exact) vs min_rows 0; output kept at one partition (only projections above it)),LEFT AggregateExec (aggregate disabled in config) | LEFT AggregateExec (aggregate disabled in config),0,1,0.11,0.00,0.15,1.89,0.00,123,200,3.43,3.48
before,1000000,b8192,groupby,g2count200,"group-by 2 int32 keys, 200 groups, count(*) AS n","SELECT k1, k2, count(*) AS n FROM grid GROUP BY k1, k2",1.33,2.67,0.499,11.4,3.4,5,5,yes,0.000e0,1,TAKEN AggregateExec (input rows 1000000 (exact) vs min_rows 0; output kept at one partition (only projections above it)),LEFT AggregateExec (aggregate disabled in config) | LEFT AggregateExec (aggregate disabled in config),0,1,0.18,0.15,0.14,1.97,0.00,123,200,3.36,3.36
now,1000000,part1,groupby,g2count200,"group-by 2 int32 keys, 200 groups, count(*) AS n","SELECT k1, k2, count(*) AS n FROM grid GROUP BY k1, k2",1.37,2.41,0.567,11.2,3.0,5,5,yes,0.000e0,1,TAKEN AggregateExec (input rows 1000000 (exact) vs min_rows 0; output kept at one partition (only projections above it)),LEFT AggregateExec (aggregate disabled in config) | LEFT AggregateExec (aggregate disabled in config),0,1,0.12,0.00,0.14,1.94,0.00,128,200,3.41,3.41
before,1000000,part1,groupby,g2count200,"group-by 2 int32 keys, 200 groups, count(*) AS n","SELECT k1, k2, count(*) AS n FROM grid GROUP BY k1, k2",1.38,2.65,0.521,11.7,3.0,5,5,yes,0.000e0,1,TAKEN AggregateExec (input rows 1000000 (exact) vs min_rows 0; output kept at one partition (only projections above it)),LEFT AggregateExec (aggregate disabled in config) | LEFT AggregateExec (aggregate disabled in config),0,1,0.11,0.12,0.14,2.08,0.00,128,200,3.19,3.19
now,10000000,b8192,groupby,g2count200,"group-by 2 int32 keys, 200 groups, count(*) AS n","SELECT k1, k2, count(*) AS n FROM grid GROUP BY k1, k2",8.70,6.27,1.388,92.8,13.9,5,5,yes,0.000e0,1,TAKEN AggregateExec (input rows 10000000 (exact) vs min_rows 0; output kept at one partition (only projections above it)),LEFT AggregateExec (aggregate disabled in config) | LEFT AggregateExec (aggregate disabled in config),0,1,1.45,0.00,1.05,3.42,0.00,1221,200,3.10,3.10
before,10000000,b8192,groupby,g2count200,"group-by 2 int32 keys, 200 groups, count(*) AS n","SELECT k1, k2, count(*) AS n FROM grid GROUP BY k1, k2",8.66,8.49,1.021,92.6,11.0,5,5,yes,0.000e0,1,TAKEN AggregateExec (input rows 10000000 (exact) vs min_rows 0; output kept at one partition (only projections above it)),LEFT AggregateExec (aggregate disabled in config) | LEFT AggregateExec (aggregate disabled in config),0,1,1.28,1.95,1.36,3.54,0.00,1221,200,2.76,2.78
now,10000000,part1,groupby,g2count200,"group-by 2 int32 keys, 200 groups, count(*) AS n","SELECT k1, k2, count(*) AS n FROM grid GROUP BY k1, k2",8.26,6.29,1.313,91.5,12.8,5,5,yes,0.000e0,1,TAKEN AggregateExec (input rows 10000000 (exact) vs min_rows 0; output kept at one partition (only projections above it)),LEFT AggregateExec (aggregate disabled in config) | LEFT AggregateExec (aggregate disabled in config),0,1,1.19,0.00,1.16,3.65,0.00,1232,200,2.39,2.39
before,10000000,part1,groupby,g2count200,"group-by 2 int32 keys, 200 groups, count(*) AS n","SELECT k1, k2, count(*) AS n FROM grid GROUP BY k1, k2",8.25,7.95,1.037,90.9,9.6,5,5,yes,0.000e0,1,TAKEN AggregateExec (input rows 10000000 (exact) vs min_rows 0; output kept at one partition (only projections above it)),LEFT AggregateExec (aggregate disabled in config) | LEFT AggregateExec (aggregate disabled in config),0,1,1.41,1.12,1.19,3.97,0.00,1232,200,3.14,3.37
now,50000000,b8192,groupby,g2count200,"group-by 2 int32 keys, 200 groups, count(*) AS n","SELECT k1, k2, count(*) AS n FROM grid GROUP BY k1, k2",34.06,22.17,1.537,452.7,70.6,5,5,yes,0.000e0,1,TAKEN AggregateExec (input rows 50000000 (exact) vs min_rows 0; output kept at one partition (only projections above it)),LEFT AggregateExec (aggregate disabled in config) | LEFT AggregateExec (aggregate disabled in config),0,1,6.98,0.00,5.63,8.30,0.01,6104,200,3.43,3.47
before,50000000,b8192,groupby,g2count200,"group-by 2 int32 keys, 200 groups, count(*) AS n","SELECT k1, k2, count(*) AS n FROM grid GROUP BY k1, k2",33.79,36.57,0.924,446.6,48.3,5,5,yes,0.000e0,1,TAKEN AggregateExec (input rows 50000000 (exact) vs min_rows 0; output kept at one partition (only projections above it)),LEFT AggregateExec (aggregate disabled in config) | LEFT AggregateExec (aggregate disabled in config),0,1,6.89,10.37,5.97,11.70,0.01,6104,200,3.48,3.20
now,50000000,part1,groupby,g2count200,"group-by 2 int32 keys, 200 groups, count(*) AS n","SELECT k1, k2, count(*) AS n FROM grid GROUP BY k1, k2",33.28,19.35,1.720,445.9,60.3,5,5,yes,0.000e0,1,TAKEN AggregateExec (input rows 50000000 (exact) vs min_rows 0; output kept at one partition (only projections above it)),LEFT AggregateExec (aggregate disabled in config) | LEFT AggregateExec (aggregate disabled in config),0,1,6.01,0.00,5.16,7.65,0.01,6112,200,3.25,4.43
before,50000000,part1,groupby,g2count200,"group-by 2 int32 keys, 200 groups, count(*) AS n","SELECT k1, k2, count(*) AS n FROM grid GROUP BY k1, k2",33.02,29.37,1.124,444.2,37.2,5,5,yes,0.000e0,1,TAKEN AggregateExec (input rows 50000000 (exact) vs min_rows 0; output kept at one partition (only projections above it)),LEFT AggregateExec (aggregate disabled in config) | LEFT AggregateExec (aggregate disabled in config),0,1,6.09,5.68,6.20,10.88,0.01,6112,200,3.38,3.27
now,1000000,b8192,groupby,g2countR2,"group-by 2 int32 keys, R2 groups, count(*) AS n","SELECT k1, k2, count(*) AS n FROM grid GROUP BY k1, k2",3.81,3.52,1.082,47.0,3.9,5,5,yes,0.000e0,1,TAKEN AggregateExec (input rows 1000000 (exact) vs min_rows 0; output kept at one partition (only projections above it)),LEFT AggregateExec (aggregate disabled in config) | LEFT AggregateExec (aggregate disabled in config),0,1,0.13,0.00,0.16,2.82,0.01,123,432084,3.48,3.48
before,1000000,b8192,groupby,g2countR2,"group-by 2 int32 keys, R2 groups, count(*) AS n","SELECT k1, k2, count(*) AS n FROM grid GROUP BY k1, k2",3.75,3.47,1.082,46.9,3.8,5,5,yes,0.000e0,1,TAKEN AggregateExec (input rows 1000000 (exact) vs min_rows 0; output kept at one partition (only projections above it)),LEFT AggregateExec (aggregate disabled in config) | LEFT AggregateExec (aggregate disabled in config),0,1,0.11,0.17,0.15,2.79,0.00,123,432084,3.36,3.36
now,1000000,part1,groupby,g2countR2,"group-by 2 int32 keys, R2 groups, count(*) AS n","SELECT k1, k2, count(*) AS n FROM grid GROUP BY k1, k2",4.05,3.18,1.276,48.8,3.6,5,5,yes,0.000e0,1,TAKEN AggregateExec (input rows 1000000 (exact) vs min_rows 0; output kept at one partition (only projections above it)),LEFT AggregateExec (aggregate disabled in config) | LEFT AggregateExec (aggregate disabled in config),0,1,0.09,0.00,0.15,2.69,0.00,128,432084,3.30,3.30
before,1000000,part1,groupby,g2countR2,"group-by 2 int32 keys, R2 groups, count(*) AS n","SELECT k1, k2, count(*) AS n FROM grid GROUP BY k1, k2",3.80,3.37,1.128,50.2,3.6,5,5,yes,0.000e0,1,TAKEN AggregateExec (input rows 1000000 (exact) vs min_rows 0; output kept at one partition (only projections above it)),LEFT AggregateExec (aggregate disabled in config) | LEFT AggregateExec (aggregate disabled in config),0,1,0.11,0.12,0.14,2.75,0.00,128,432084,3.19,3.19
now,10000000,b8192,groupby,g2countR2,"group-by 2 int32 keys, R2 groups, count(*) AS n","SELECT k1, k2, count(*) AS n FROM grid GROUP BY k1, k2",29.52,16.30,1.811,421.3,20.0,5,5,yes,0.000e0,1,TAKEN AggregateExec (input rows 10000000 (exact) vs min_rows 0; output kept at one partition (only projections above it)),LEFT AggregateExec (aggregate disabled in config) | LEFT AggregateExec (aggregate disabled in config),0,1,1.41,0.00,1.10,13.00,0.01,1221,4321209,3.08,2.76
before,10000000,b8192,groupby,g2countR2,"group-by 2 int32 keys, R2 groups, count(*) AS n","SELECT k1, k2, count(*) AS n FROM grid GROUP BY k1, k2",28.93,18.47,1.567,414.4,16.3,5,5,yes,0.000e0,1,TAKEN AggregateExec (input rows 10000000 (exact) vs min_rows 0; output kept at one partition (only projections above it)),LEFT AggregateExec (aggregate disabled in config) | LEFT AggregateExec (aggregate disabled in config),0,1,1.27,2.01,1.33,13.08,0.01,1221,4321209,2.64,2.43
now,10000000,part1,groupby,g2countR2,"group-by 2 int32 keys, R2 groups, count(*) AS n","SELECT k1, k2, count(*) AS n FROM grid GROUP BY k1, k2",29.51,15.50,1.904,414.0,19.0,5,5,yes,0.000e0,1,TAKEN AggregateExec (input rows 10000000 (exact) vs min_rows 0; output kept at one partition (only projections above it)),LEFT AggregateExec (aggregate disabled in config) | LEFT AggregateExec (aggregate disabled in config),0,1,1.23,0.00,1.15,12.52,0.01,1232,4321209,3.48,4.29
before,10000000,part1,groupby,g2countR2,"group-by 2 int32 keys, R2 groups, count(*) AS n","SELECT k1, k2, count(*) AS n FROM grid GROUP BY k1, k2",28.95,16.75,1.728,421.8,13.7,5,5,yes,0.000e0,1,TAKEN AggregateExec (input rows 10000000 (exact) vs min_rows 0; output kept at one partition (only projections above it)),LEFT AggregateExec (aggregate disabled in config) | LEFT AggregateExec (aggregate disabled in config),0,1,1.25,1.13,1.27,12.54,0.01,1232,4321209,3.40,3.29
now,50000000,b8192,groupby,g2countR2,"group-by 2 int32 keys, R2 groups, count(*) AS n","SELECT k1, k2, count(*) AS n FROM grid GROUP BY k1, k2",173.15,195.74,0.885,2584.1,92.6,5,5,yes,0.000e0,1,TAKEN AggregateExec (input rows 50000000 (exact) vs min_rows 0; output kept at one partition (only projections above it)),LEFT AggregateExec (aggregate disabled in config) | LEFT AggregateExec (aggregate disabled in config),0,1,6.60,0.00,5.36,181.44,0.01,6104,21616057,3.28,5.09
before,50000000,b8192,groupby,g2countR2,"group-by 2 int32 keys, R2 groups, count(*) AS n","SELECT k1, k2, count(*) AS n FROM grid GROUP BY k1, k2",173.49,210.85,0.823,2568.7,73.4,5,5,yes,0.000e0,1,TAKEN AggregateExec (input rows 50000000 (exact) vs min_rows 0; output kept at one partition (only projections above it)),LEFT AggregateExec (aggregate disabled in config) | LEFT AggregateExec (aggregate disabled in config),0,1,6.58,10.47,6.59,184.68,0.01,6104,21616057,3.18,4.62
now,50000000,part1,groupby,g2countR2,"group-by 2 int32 keys, R2 groups, count(*) AS n","SELECT k1, k2, count(*) AS n FROM grid GROUP BY k1, k2",170.93,195.13,0.876,2556.3,84.7,5,5,yes,0.000e0,1,TAKEN AggregateExec (input rows 50000000 (exact) vs min_rows 0; output kept at one partition (only projections above it)),LEFT AggregateExec (aggregate disabled in config) | LEFT AggregateExec (aggregate disabled in config),0,1,6.08,0.00,5.16,182.10,0.01,6112,21616057,3.14,4.50
before,50000000,part1,groupby,g2countR2,"group-by 2 int32 keys, R2 groups, count(*) AS n","SELECT k1, k2, count(*) AS n FROM grid GROUP BY k1, k2",169.36,202.62,0.836,2549.6,65.1,5,5,yes,0.000e0,1,TAKEN AggregateExec (input rows 50000000 (exact) vs min_rows 0; output kept at one partition (only projections above it)),LEFT AggregateExec (aggregate disabled in config) | LEFT AggregateExec (aggregate disabled in config),0,1,6.47,5.47,5.95,183.07,0.01,6112,21616057,2.93,4.47
now,1000000,b8192,groupby,g2mean100k,"group-by 2 int32 keys, 100k groups, avg(x) AS m","SELECT k1, k2, avg(x) AS m FROM grid GROUP BY k1, k2",3.24,3.59,0.902,40.2,4.0,5,5,yes,3.331e-16,1,TAKEN AggregateExec (input rows 1000000 (exact) vs min_rows 0; output kept at one partition (only projections above it)),LEFT AggregateExec (aggregate disabled in config) | LEFT AggregateExec (aggregate disabled in config),0,1,0.12,0.00,0.24,3.00,0.00,123,99998,3.48,3.48
before,1000000,b8192,groupby,g2mean100k,"group-by 2 int32 keys, 100k groups, avg(x) AS m","SELECT k1, k2, avg(x) AS m FROM grid GROUP BY k1, k2",3.31,4.19,0.792,38.9,4.0,5,5,yes,3.331e-16,1,TAKEN AggregateExec (input rows 1000000 (exact) vs min_rows 0; output kept at one partition (only projections above it)),LEFT AggregateExec (aggregate disabled in config) | LEFT AggregateExec (aggregate disabled in config),0,1,0.13,0.29,0.28,3.22,0.00,123,99998,3.36,3.36
now,1000000,part1,groupby,g2mean100k,"group-by 2 int32 keys, 100k groups, avg(x) AS m","SELECT k1, k2, avg(x) AS m FROM grid GROUP BY k1, k2",3.18,2.99,1.065,39.2,3.9,5,5,yes,3.331e-16,1,TAKEN AggregateExec (input rows 1000000 (exact) vs min_rows 0; output kept at one partition (only projections above it)),LEFT AggregateExec (aggregate disabled in config) | LEFT AggregateExec (aggregate disabled in config),0,1,0.19,0.00,0.25,2.35,0.00,128,99998,3.41,3.41
before,1000000,part1,groupby,g2mean100k,"group-by 2 int32 keys, 100k groups, avg(x) AS m","SELECT k1, k2, avg(x) AS m FROM grid GROUP BY k1, k2",3.28,4.07,0.806,40.6,4.0,5,5,yes,3.331e-16,1,TAKEN AggregateExec (input rows 1000000 (exact) vs min_rows 0; output kept at one partition (only projections above it)),LEFT AggregateExec (aggregate disabled in config) | LEFT AggregateExec (aggregate disabled in config),0,1,0.12,0.23,0.28,3.26,0.01,128,99998,3.19,3.19
now,10000000,b8192,groupby,g2mean100k,"group-by 2 int32 keys, 100k groups, avg(x) AS m","SELECT k1, k2, avg(x) AS m FROM grid GROUP BY k1, k2",17.66,12.58,1.404,218.1,21.8,5,5,yes,3.331e-16,1,TAKEN AggregateExec (input rows 10000000 (exact) vs min_rows 0; output kept at one partition (only projections above it)),LEFT AggregateExec (aggregate disabled in config) | LEFT AggregateExec (aggregate disabled in config),0,1,1.32,0.00,1.97,8.70,0.01,1221,100000,3.10,3.73
before,10000000,b8192,groupby,g2mean100k,"group-by 2 int32 keys, 100k groups, avg(x) AS m","SELECT k1, k2, avg(x) AS m FROM grid GROUP BY k1, k2",18.16,17.27,1.051,209.9,15.4,5,5,yes,3.331e-16,1,TAKEN AggregateExec (input rows 10000000 (exact) vs min_rows 0; output kept at one partition (only projections above it)),LEFT AggregateExec (aggregate disabled in config) | LEFT AggregateExec (aggregate disabled in config),0,1,1.33,3.43,2.59,9.42,0.01,1221,100000,2.78,2.78
now,10000000,part1,groupby,g2mean100k,"group-by 2 int32 keys, 100k groups, avg(x) AS m","SELECT k1, k2, avg(x) AS m FROM grid GROUP BY k1, k2",18.13,12.36,1.467,217.6,21.5,5,5,yes,3.331e-16,1,TAKEN AggregateExec (input rows 10000000 (exact) vs min_rows 0; output kept at one partition (only projections above it)),LEFT AggregateExec (aggregate disabled in config) | LEFT AggregateExec (aggregate disabled in config),0,1,1.38,0.00,1.98,8.60,0.01,1232,100000,2.39,3.48
before,10000000,part1,groupby,g2mean100k,"group-by 2 int32 keys, 100k groups, avg(x) AS m","SELECT k1, k2, avg(x) AS m FROM grid GROUP BY k1, k2",17.88,15.84,1.129,219.1,14.0,5,5,yes,3.331e-16,1,TAKEN AggregateExec (input rows 10000000 (exact) vs min_rows 0; output kept at one partition (only projections above it)),LEFT AggregateExec (aggregate disabled in config) | LEFT AggregateExec (aggregate disabled in config),0,1,1.35,2.25,2.62,9.31,0.00,1232,100000,3.37,3.37
now,50000000,b8192,groupby,g2mean100k,"group-by 2 int32 keys, 100k groups, avg(x) AS m","SELECT k1, k2, avg(x) AS m FROM grid GROUP BY k1, k2",68.31,51.12,1.336,982.4,105.5,5,5,yes,3.331e-16,1,TAKEN AggregateExec (input rows 50000000 (exact) vs min_rows 0; output kept at one partition (only projections above it)),LEFT AggregateExec (aggregate disabled in config) | LEFT AggregateExec (aggregate disabled in config),0,1,6.82,0.00,9.46,33.28,0.01,6104,100000,3.44,4.52
before,50000000,b8192,groupby,g2mean100k,"group-by 2 int32 keys, 100k groups, avg(x) AS m","SELECT k1, k2, avg(x) AS m FROM grid GROUP BY k1, k2",68.44,80.35,0.852,989.1,66.2,5,5,yes,3.331e-16,1,TAKEN AggregateExec (input rows 50000000 (exact) vs min_rows 0; output kept at one partition (only projections above it)),LEFT AggregateExec (aggregate disabled in config) | LEFT AggregateExec (aggregate disabled in config),0,1,6.59,17.76,13.21,41.49,0.01,6104,100000,3.02,2.94
now,50000000,part1,groupby,g2mean100k,"group-by 2 int32 keys, 100k groups, avg(x) AS m","SELECT k1, k2, avg(x) AS m FROM grid GROUP BY k1, k2",70.59,49.86,1.416,972.5,98.3,5,5,yes,3.331e-16,1,TAKEN AggregateExec (input rows 50000000 (exact) vs min_rows 0; output kept at one partition (only projections above it)),LEFT AggregateExec (aggregate disabled in config) | LEFT AggregateExec (aggregate disabled in config),0,1,6.48,0.00,8.98,33.76,0.01,6112,100000,3.46,3.26
before,50000000,part1,groupby,g2mean100k,"group-by 2 int32 keys, 100k groups, avg(x) AS m","SELECT k1, k2, avg(x) AS m FROM grid GROUP BY k1, k2",69.54,70.14,0.991,960.8,55.7,5,5,yes,3.331e-16,1,TAKEN AggregateExec (input rows 50000000 (exact) vs min_rows 0; output kept at one partition (only projections above it)),LEFT AggregateExec (aggregate disabled in config) | LEFT AggregateExec (aggregate disabled in config),0,1,6.56,11.29,12.34,39.20,0.01,6112,100000,2.78,4.00
now,1000000,b8192,groupby,g2mean10k,"group-by 2 int32 keys, 10k groups, avg(x) AS m","SELECT k1, k2, avg(x) AS m FROM grid GROUP BY k1, k2",1.93,2.67,0.724,17.9,3.6,5,5,yes,3.331e-16,1,TAKEN AggregateExec (input rows 1000000 (exact) vs min_rows 0; output kept at one partition (only projections above it)),LEFT AggregateExec (aggregate disabled in config) | LEFT AggregateExec (aggregate disabled in config),0,1,0.11,0.00,0.25,2.09,0.00,123,10000,3.48,3.48
before,1000000,b8192,groupby,g2mean10k,"group-by 2 int32 keys, 10k groups, avg(x) AS m","SELECT k1, k2, avg(x) AS m FROM grid GROUP BY k1, k2",1.91,3.91,0.489,18.6,3.9,5,5,yes,3.331e-16,1,TAKEN AggregateExec (input rows 1000000 (exact) vs min_rows 0; output kept at one partition (only projections above it)),LEFT AggregateExec (aggregate disabled in config) | LEFT AggregateExec (aggregate disabled in config),0,1,0.13,0.26,0.28,2.99,0.01,123,10000,3.36,3.36
now,1000000,part1,groupby,g2mean10k,"group-by 2 int32 keys, 10k groups, avg(x) AS m","SELECT k1, k2, avg(x) AS m FROM grid GROUP BY k1, k2",1.91,3.64,0.526,19.0,4.2,5,5,yes,3.331e-16,1,TAKEN AggregateExec (input rows 1000000 (exact) vs min_rows 0; output kept at one partition (only projections above it)),LEFT AggregateExec (aggregate disabled in config) | LEFT AggregateExec (aggregate disabled in config),0,1,0.15,0.00,0.23,3.03,0.00,128,10000,3.41,3.41
before,1000000,part1,groupby,g2mean10k,"group-by 2 int32 keys, 10k groups, avg(x) AS m","SELECT k1, k2, avg(x) AS m FROM grid GROUP BY k1, k2",2.01,3.79,0.529,17.9,3.9,5,5,yes,2.220e-16,1,TAKEN AggregateExec (input rows 1000000 (exact) vs min_rows 0; output kept at one partition (only projections above it)),LEFT AggregateExec (aggregate disabled in config) | LEFT AggregateExec (aggregate disabled in config),0,1,0.14,0.24,0.26,2.89,0.00,128,10000,3.19,3.19
now,10000000,b8192,groupby,g2mean10k,"group-by 2 int32 keys, 10k groups, avg(x) AS m","SELECT k1, k2, avg(x) AS m FROM grid GROUP BY k1, k2",10.00,11.27,0.888,109.8,21.0,5,5,yes,2.776e-16,1,TAKEN AggregateExec (input rows 10000000 (exact) vs min_rows 0; output kept at one partition (only projections above it)),LEFT AggregateExec (aggregate disabled in config) | LEFT AggregateExec (aggregate disabled in config),0,1,1.33,0.00,1.99,7.44,0.00,1221,10000,3.10,3.10
before,10000000,b8192,groupby,g2mean10k,"group-by 2 int32 keys, 10k groups, avg(x) AS m","SELECT k1, k2, avg(x) AS m FROM grid GROUP BY k1, k2",10.04,16.58,0.605,109.0,15.5,5,5,yes,2.776e-16,1,TAKEN AggregateExec (input rows 10000000 (exact) vs min_rows 0; output kept at one partition (only projections above it)),LEFT AggregateExec (aggregate disabled in config) | LEFT AggregateExec (aggregate disabled in config),0,1,1.38,3.42,2.46,8.85,0.01,1221,10000,2.78,2.78
now,10000000,part1,groupby,g2mean10k,"group-by 2 int32 keys, 10k groups, avg(x) AS m","SELECT k1, k2, avg(x) AS m FROM grid GROUP BY k1, k2",9.78,11.22,0.872,108.3,21.6,5,5,yes,3.331e-16,1,TAKEN AggregateExec (input rows 10000000 (exact) vs min_rows 0; output kept at one partition (only projections above it)),LEFT AggregateExec (aggregate disabled in config) | LEFT AggregateExec (aggregate disabled in config),0,1,1.21,0.00,1.94,7.72,0.01,1232,10000,2.39,2.39
before,10000000,part1,groupby,g2mean10k,"group-by 2 int32 keys, 10k groups, avg(x) AS m","SELECT k1, k2, avg(x) AS m FROM grid GROUP BY k1, k2",9.99,14.94,0.669,107.7,13.3,5,5,yes,2.776e-16,1,TAKEN AggregateExec (input rows 10000000 (exact) vs min_rows 0; output kept at one partition (only projections above it)),LEFT AggregateExec (aggregate disabled in config) | LEFT AggregateExec (aggregate disabled in config),0,1,1.28,2.25,2.37,8.75,0.00,1232,10000,3.37,3.37
now,50000000,b8192,groupby,g2mean10k,"group-by 2 int32 keys, 10k groups, avg(x) AS m","SELECT k1, k2, avg(x) AS m FROM grid GROUP BY k1, k2",39.47,50.25,0.785,507.7,108.0,5,5,yes,3.331e-16,1,TAKEN AggregateExec (input rows 50000000 (exact) vs min_rows 0; output kept at one partition (only projections above it)),LEFT AggregateExec (aggregate disabled in config) | LEFT AggregateExec (aggregate disabled in config),0,1,6.78,0.00,9.34,32.63,0.01,6104,10000,3.47,3.44
before,50000000,b8192,groupby,g2mean10k,"group-by 2 int32 keys, 10k groups, avg(x) AS m","SELECT k1, k2, avg(x) AS m FROM grid GROUP BY k1, k2",37.71,77.66,0.486,509.5,64.4,5,5,yes,3.886e-16,1,TAKEN AggregateExec (input rows 50000000 (exact) vs min_rows 0; output kept at one partition (only projections above it)),LEFT AggregateExec (aggregate disabled in config) | LEFT AggregateExec (aggregate disabled in config),0,1,6.55,17.88,13.06,38.96,0.01,6104,10000,3.20,3.11
now,50000000,part1,groupby,g2mean10k,"group-by 2 int32 keys, 10k groups, avg(x) AS m","SELECT k1, k2, avg(x) AS m FROM grid GROUP BY k1, k2",36.52,48.52,0.753,511.9,98.2,5,5,yes,4.441e-16,1,TAKEN AggregateExec (input rows 50000000 (exact) vs min_rows 0; output kept at one partition (only projections above it)),LEFT AggregateExec (aggregate disabled in config) | LEFT AggregateExec (aggregate disabled in config),0,1,6.75,0.00,9.09,32.04,0.01,6112,10000,3.32,3.46
before,50000000,part1,groupby,g2mean10k,"group-by 2 int32 keys, 10k groups, avg(x) AS m","SELECT k1, k2, avg(x) AS m FROM grid GROUP BY k1, k2",36.97,69.59,0.531,505.1,54.3,5,5,yes,4.441e-16,1,TAKEN AggregateExec (input rows 50000000 (exact) vs min_rows 0; output kept at one partition (only projections above it)),LEFT AggregateExec (aggregate disabled in config) | LEFT AggregateExec (aggregate disabled in config),0,1,6.25,11.43,12.30,38.83,0.01,6112,10000,3.27,4.37
now,1000000,b8192,groupby,g2mean1M,"group-by 2 int32 keys, 1M groups, avg(x) AS m","SELECT k1, k2, avg(x) AS m FROM grid GROUP BY k1, k2",4.53,6.67,0.679,53.5,4.6,5,5,yes,2.220e-16,1,TAKEN AggregateExec (input rows 1000000 (exact) vs min_rows 0; output kept at one partition (only projections above it)),LEFT AggregateExec (aggregate disabled in config) | LEFT AggregateExec (aggregate disabled in config),0,1,0.14,0.00,0.26,6.01,0.00,123,632071,3.48,3.48
before,1000000,b8192,groupby,g2mean1M,"group-by 2 int32 keys, 1M groups, avg(x) AS m","SELECT k1, k2, avg(x) AS m FROM grid GROUP BY k1, k2",4.49,7.25,0.620,55.5,4.5,5,5,yes,2.220e-16,1,TAKEN AggregateExec (input rows 1000000 (exact) vs min_rows 0; output kept at one partition (only projections above it)),LEFT AggregateExec (aggregate disabled in config) | LEFT AggregateExec (aggregate disabled in config),0,1,0.12,0.31,0.29,6.27,0.01,123,632071,3.36,3.36
now,1000000,part1,groupby,g2mean1M,"group-by 2 int32 keys, 1M groups, avg(x) AS m","SELECT k1, k2, avg(x) AS m FROM grid GROUP BY k1, k2",4.59,7.12,0.644,56.8,4.5,5,5,yes,2.220e-16,1,TAKEN AggregateExec (input rows 1000000 (exact) vs min_rows 0; output kept at one partition (only projections above it)),LEFT AggregateExec (aggregate disabled in config) | LEFT AggregateExec (aggregate disabled in config),0,1,0.12,0.00,0.27,6.41,0.01,128,632071,3.41,3.30
before,1000000,part1,groupby,g2mean1M,"group-by 2 int32 keys, 1M groups, avg(x) AS m","SELECT k1, k2, avg(x) AS m FROM grid GROUP BY k1, k2",4.63,7.29,0.635,56.2,4.4,5,5,yes,2.220e-16,1,TAKEN AggregateExec (input rows 1000000 (exact) vs min_rows 0; output kept at one partition (only projections above it)),LEFT AggregateExec (aggregate disabled in config) | LEFT AggregateExec (aggregate disabled in config),0,1,0.13,0.23,0.27,6.41,0.00,128,632071,3.19,3.19
now,10000000,b8192,groupby,g2mean1M,"group-by 2 int32 keys, 1M groups, avg(x) AS m","SELECT k1, k2, avg(x) AS m FROM grid GROUP BY k1, k2",22.08,18.18,1.215,314.9,21.5,5,5,yes,4.441e-16,1,TAKEN AggregateExec (input rows 10000000 (exact) vs min_rows 0; output kept at one partition (only projections above it)),LEFT AggregateExec (aggregate disabled in config) | LEFT AggregateExec (aggregate disabled in config),0,1,1.28,0.00,1.95,14.39,0.01,1221,999943,3.08,3.08
before,10000000,b8192,groupby,g2mean1M,"group-by 2 int32 keys, 1M groups, avg(x) AS m","SELECT k1, k2, avg(x) AS m FROM grid GROUP BY k1, k2",22.04,23.70,0.930,311.9,16.4,5,5,yes,3.886e-16,1,TAKEN AggregateExec (input rows 10000000 (exact) vs min_rows 0; output kept at one partition (only projections above it)),LEFT AggregateExec (aggregate disabled in config) | LEFT AggregateExec (aggregate disabled in config),0,1,1.35,3.47,2.58,15.73,0.01,1221,999943,2.78,2.64
now,10000000,part1,groupby,g2mean1M,"group-by 2 int32 keys, 1M groups, avg(x) AS m","SELECT k1, k2, avg(x) AS m FROM grid GROUP BY k1, k2",21.72,18.10,1.200,313.2,23.1,5,5,yes,3.331e-16,1,TAKEN AggregateExec (input rows 10000000 (exact) vs min_rows 0; output kept at one partition (only projections above it)),LEFT AggregateExec (aggregate disabled in config) | LEFT AggregateExec (aggregate disabled in config),0,1,1.24,0.00,1.92,14.47,0.01,1232,999943,3.48,3.48
before,10000000,part1,groupby,g2mean1M,"group-by 2 int32 keys, 1M groups, avg(x) AS m","SELECT k1, k2, avg(x) AS m FROM grid GROUP BY k1, k2",21.51,22.33,0.963,313.9,14.8,5,5,yes,3.331e-16,1,TAKEN AggregateExec (input rows 10000000 (exact) vs min_rows 0; output kept at one partition (only projections above it)),LEFT AggregateExec (aggregate disabled in config) | LEFT AggregateExec (aggregate disabled in config),0,1,1.42,2.32,2.57,15.50,0.01,1232,999943,3.37,3.98
now,50000000,b8192,groupby,g2mean1M,"group-by 2 int32 keys, 1M groups, avg(x) AS m","SELECT k1, k2, avg(x) AS m FROM grid GROUP BY k1, k2",93.42,67.67,1.380,1375.7,108.8,5,5,yes,5.551e-16,1,TAKEN AggregateExec (input rows 50000000 (exact) vs min_rows 0; output kept at one partition (only projections above it)),LEFT AggregateExec (aggregate disabled in config) | LEFT AggregateExec (aggregate disabled in config),0,1,6.79,0.00,9.27,49.96,0.01,6104,1000000,3.05,4.29
before,50000000,b8192,groupby,g2mean1M,"group-by 2 int32 keys, 1M groups, avg(x) AS m","SELECT k1, k2, avg(x) AS m FROM grid GROUP BY k1, k2",92.69,93.85,0.988,1381.4,65.7,5,5,yes,5.551e-16,1,TAKEN AggregateExec (input rows 50000000 (exact) vs min_rows 0; output kept at one partition (only projections above it)),LEFT AggregateExec (aggregate disabled in config) | LEFT AggregateExec (aggregate disabled in config),0,1,6.71,18.38,12.74,54.58,0.01,6104,1000000,2.94,3.18
now,50000000,part1,groupby,g2mean1M,"group-by 2 int32 keys, 1M groups, avg(x) AS m","SELECT k1, k2, avg(x) AS m FROM grid GROUP BY k1, k2",93.18,66.04,1.411,1387.2,98.0,5,5,yes,5.551e-16,1,TAKEN AggregateExec (input rows 50000000 (exact) vs min_rows 0; output kept at one partition (only projections above it)),LEFT AggregateExec (aggregate disabled in config) | LEFT AggregateExec (aggregate disabled in config),0,1,6.60,0.00,8.92,49.82,0.01,6112,1000000,3.26,3.24
before,50000000,part1,groupby,g2mean1M,"group-by 2 int32 keys, 1M groups, avg(x) AS m","SELECT k1, k2, avg(x) AS m FROM grid GROUP BY k1, k2",93.39,87.54,1.067,1354.4,56.5,5,5,yes,5.551e-16,1,TAKEN AggregateExec (input rows 50000000 (exact) vs min_rows 0; output kept at one partition (only projections above it)),LEFT AggregateExec (aggregate disabled in config) | LEFT AggregateExec (aggregate disabled in config),0,1,6.41,11.54,12.70,56.10,0.01,6112,1000000,3.28,4.62
now,1000000,b8192,groupby,g2mean200,"group-by 2 int32 keys, 200 groups, avg(x) AS m","SELECT k1, k2, avg(x) AS m FROM grid GROUP BY k1, k2",1.39,2.89,0.481,11.9,3.5,5,5,yes,2.776e-16,1,TAKEN AggregateExec (input rows 1000000 (exact) vs min_rows 0; output kept at one partition (only projections above it)),LEFT AggregateExec (aggregate disabled in config) | LEFT AggregateExec (aggregate disabled in config),0,1,0.10,0.00,0.23,2.34,0.01,123,200,3.43,3.48
before,1000000,b8192,groupby,g2mean200,"group-by 2 int32 keys, 200 groups, avg(x) AS m","SELECT k1, k2, avg(x) AS m FROM grid GROUP BY k1, k2",1.39,2.81,0.496,11.7,3.4,5,5,yes,2.776e-16,1,TAKEN AggregateExec (input rows 1000000 (exact) vs min_rows 0; output kept at one partition (only projections above it)),LEFT AggregateExec (aggregate disabled in config) | LEFT AggregateExec (aggregate disabled in config),0,1,0.13,0.29,0.28,1.89,0.00,123,200,3.36,3.36
now,1000000,part1,groupby,g2mean200,"group-by 2 int32 keys, 200 groups, avg(x) AS m","SELECT k1, k2, avg(x) AS m FROM grid GROUP BY k1, k2",1.37,2.83,0.483,11.4,3.8,5,5,yes,3.331e-16,1,TAKEN AggregateExec (input rows 1000000 (exact) vs min_rows 0; output kept at one partition (only projections above it)),LEFT AggregateExec (aggregate disabled in config) | LEFT AggregateExec (aggregate disabled in config),0,1,0.11,0.00,0.25,2.27,0.00,128,200,3.41,3.41
before,1000000,part1,groupby,g2mean200,"group-by 2 int32 keys, 200 groups, avg(x) AS m","SELECT k1, k2, avg(x) AS m FROM grid GROUP BY k1, k2",1.38,3.44,0.401,11.8,3.5,5,5,yes,3.331e-16,1,TAKEN AggregateExec (input rows 1000000 (exact) vs min_rows 0; output kept at one partition (only projections above it)),LEFT AggregateExec (aggregate disabled in config) | LEFT AggregateExec (aggregate disabled in config),0,1,0.13,0.25,0.25,2.61,0.00,128,200,3.19,3.19
now,10000000,b8192,groupby,g2mean200,"group-by 2 int32 keys, 200 groups, avg(x) AS m","SELECT k1, k2, avg(x) AS m FROM grid GROUP BY k1, k2",8.70,7.88,1.105,94.5,20.1,5,5,yes,6.661e-16,1,TAKEN AggregateExec (input rows 10000000 (exact) vs min_rows 0; output kept at one partition (only projections above it)),LEFT AggregateExec (aggregate disabled in config) | LEFT AggregateExec (aggregate disabled in config),0,1,1.36,0.00,1.96,4.15,0.00,1221,200,3.10,3.10
before,10000000,b8192,groupby,g2mean200,"group-by 2 int32 keys, 200 groups, avg(x) AS m","SELECT k1, k2, avg(x) AS m FROM grid GROUP BY k1, k2",8.57,13.84,0.619,93.5,15.4,5,5,yes,6.661e-16,1,TAKEN AggregateExec (input rows 10000000 (exact) vs min_rows 0; output kept at one partition (only projections above it)),LEFT AggregateExec (aggregate disabled in config) | LEFT AggregateExec (aggregate disabled in config),0,1,1.34,3.73,2.48,5.76,0.01,1221,200,2.76,2.78
now,10000000,part1,groupby,g2mean200,"group-by 2 int32 keys, 200 groups, avg(x) AS m","SELECT k1, k2, avg(x) AS m FROM grid GROUP BY k1, k2",8.34,10.01,0.833,92.9,22.8,5,5,yes,6.661e-16,1,TAKEN AggregateExec (input rows 10000000 (exact) vs min_rows 0; output kept at one partition (only projections above it)),LEFT AggregateExec (aggregate disabled in config) | LEFT AggregateExec (aggregate disabled in config),0,1,1.23,0.00,1.89,6.36,0.01,1232,200,2.39,2.39
before,10000000,part1,groupby,g2mean200,"group-by 2 int32 keys, 200 groups, avg(x) AS m","SELECT k1, k2, avg(x) AS m FROM grid GROUP BY k1, k2",8.25,12.13,0.680,92.3,13.1,5,5,yes,6.661e-16,1,TAKEN AggregateExec (input rows 10000000 (exact) vs min_rows 0; output kept at one partition (only projections above it)),LEFT AggregateExec (aggregate disabled in config) | LEFT AggregateExec (aggregate disabled in config),0,1,1.32,2.28,2.44,5.77,0.00,1232,200,3.14,3.37
now,50000000,b8192,groupby,g2mean200,"group-by 2 int32 keys, 200 groups, avg(x) AS m","SELECT k1, k2, avg(x) AS m FROM grid GROUP BY k1, k2",35.65,35.55,1.003,454.3,109.3,5,5,yes,1.055e-15,1,TAKEN AggregateExec (input rows 50000000 (exact) vs min_rows 0; output kept at one partition (only projections above it)),LEFT AggregateExec (aggregate disabled in config) | LEFT AggregateExec (aggregate disabled in config),0,1,7.23,0.00,9.28,17.68,0.01,6104,200,3.43,3.47
before,50000000,b8192,groupby,g2mean200,"group-by 2 int32 keys, 200 groups, avg(x) AS m","SELECT k1, k2, avg(x) AS m FROM grid GROUP BY k1, k2",34.62,63.40,0.546,456.5,63.7,5,5,yes,1.055e-15,1,TAKEN AggregateExec (input rows 50000000 (exact) vs min_rows 0; output kept at one partition (only projections above it)),LEFT AggregateExec (aggregate disabled in config) | LEFT AggregateExec (aggregate disabled in config),0,1,6.62,18.15,12.47,24.90,0.01,6104,200,3.48,3.20
now,50000000,part1,groupby,g2mean200,"group-by 2 int32 keys, 200 groups, avg(x) AS m","SELECT k1, k2, avg(x) AS m FROM grid GROUP BY k1, k2",33.58,33.77,0.994,456.6,97.5,5,5,yes,9.992e-16,1,TAKEN AggregateExec (input rows 50000000 (exact) vs min_rows 0; output kept at one partition (only projections above it)),LEFT AggregateExec (aggregate disabled in config) | LEFT AggregateExec (aggregate disabled in config),0,1,6.99,0.00,8.64,17.56,0.01,6112,200,3.25,4.43
before,50000000,part1,groupby,g2mean200,"group-by 2 int32 keys, 200 groups, avg(x) AS m","SELECT k1, k2, avg(x) AS m FROM grid GROUP BY k1, k2",33.54,55.95,0.600,449.2,55.8,5,5,yes,9.437e-16,1,TAKEN AggregateExec (input rows 50000000 (exact) vs min_rows 0; output kept at one partition (only projections above it)),LEFT AggregateExec (aggregate disabled in config) | LEFT AggregateExec (aggregate disabled in config),0,1,6.46,11.27,12.45,25.13,0.01,6112,200,3.38,3.27
now,1000000,b8192,groupby,g2meanR2,"group-by 2 int32 keys, R2 groups, avg(x) AS m","SELECT k1, k2, avg(x) AS m FROM grid GROUP BY k1, k2",4.15,5.25,0.789,51.3,4.0,5,5,yes,3.331e-16,1,TAKEN AggregateExec (input rows 1000000 (exact) vs min_rows 0; output kept at one partition (only projections above it)),LEFT AggregateExec (aggregate disabled in config) | LEFT AggregateExec (aggregate disabled in config),0,1,0.11,0.00,0.26,4.59,0.00,123,432084,3.48,3.48
before,1000000,b8192,groupby,g2meanR2,"group-by 2 int32 keys, R2 groups, avg(x) AS m","SELECT k1, k2, avg(x) AS m FROM grid GROUP BY k1, k2",4.16,6.18,0.673,49.5,4.4,5,5,yes,2.220e-16,1,TAKEN AggregateExec (input rows 1000000 (exact) vs min_rows 0; output kept at one partition (only projections above it)),LEFT AggregateExec (aggregate disabled in config) | LEFT AggregateExec (aggregate disabled in config),0,1,0.12,0.30,0.28,5.15,0.00,123,432084,3.36,3.36
now,1000000,part1,groupby,g2meanR2,"group-by 2 int32 keys, R2 groups, avg(x) AS m","SELECT k1, k2, avg(x) AS m FROM grid GROUP BY k1, k2",4.25,5.31,0.799,54.4,4.1,5,5,yes,3.331e-16,1,TAKEN AggregateExec (input rows 1000000 (exact) vs min_rows 0; output kept at one partition (only projections above it)),LEFT AggregateExec (aggregate disabled in config) | LEFT AggregateExec (aggregate disabled in config),0,1,0.16,0.00,0.25,4.65,0.00,128,432084,3.30,3.30
before,1000000,part1,groupby,g2meanR2,"group-by 2 int32 keys, R2 groups, avg(x) AS m","SELECT k1, k2, avg(x) AS m FROM grid GROUP BY k1, k2",4.44,5.77,0.769,54.2,4.1,5,5,yes,2.220e-16,1,TAKEN AggregateExec (input rows 1000000 (exact) vs min_rows 0; output kept at one partition (only projections above it)),LEFT AggregateExec (aggregate disabled in config) | LEFT AggregateExec (aggregate disabled in config),0,1,0.12,0.24,0.26,4.90,0.00,128,432084,3.19,3.19
now,10000000,b8192,groupby,g2meanR2,"group-by 2 int32 keys, R2 groups, avg(x) AS m","SELECT k1, k2, avg(x) AS m FROM grid GROUP BY k1, k2",33.16,44.60,0.743,484.8,25.1,5,5,yes,3.331e-16,1,TAKEN AggregateExec (input rows 10000000 (exact) vs min_rows 0; output kept at one partition (only projections above it)),LEFT AggregateExec (aggregate disabled in config) | LEFT AggregateExec (aggregate disabled in config),0,1,1.35,0.00,2.04,40.44,0.01,1221,4321209,3.08,2.76
before,10000000,b8192,groupby,g2meanR2,"group-by 2 int32 keys, R2 groups, avg(x) AS m","SELECT k1, k2, avg(x) AS m FROM grid GROUP BY k1, k2",33.72,50.51,0.668,480.4,19.0,5,5,yes,3.331e-16,1,TAKEN AggregateExec (input rows 10000000 (exact) vs min_rows 0; output kept at one partition (only projections above it)),LEFT AggregateExec (aggregate disabled in config) | LEFT AggregateExec (aggregate disabled in config),0,1,1.41,3.53,2.52,42.24,0.01,1221,4321209,2.64,2.43
now,10000000,part1,groupby,g2meanR2,"group-by 2 int32 keys, R2 groups, avg(x) AS m","SELECT k1, k2, avg(x) AS m FROM grid GROUP BY k1, k2",32.90,44.76,0.735,475.1,26.4,5,5,yes,3.331e-16,1,TAKEN AggregateExec (input rows 10000000 (exact) vs min_rows 0; output kept at one partition (only projections above it)),LEFT AggregateExec (aggregate disabled in config) | LEFT AggregateExec (aggregate disabled in config),0,1,1.36,0.00,1.95,40.79,0.01,1232,4321209,3.48,4.29
before,10000000,part1,groupby,g2meanR2,"group-by 2 int32 keys, R2 groups, avg(x) AS m","SELECT k1, k2, avg(x) AS m FROM grid GROUP BY k1, k2",33.33,48.42,0.688,478.1,16.7,5,5,yes,3.331e-16,1,TAKEN AggregateExec (input rows 10000000 (exact) vs min_rows 0; output kept at one partition (only projections above it)),LEFT AggregateExec (aggregate disabled in config) | LEFT AggregateExec (aggregate disabled in config),0,1,1.39,2.25,2.42,41.77,0.01,1232,4321209,3.40,3.29
now,50000000,b8192,groupby,g2meanR2,"group-by 2 int32 keys, R2 groups, avg(x) AS m","SELECT k1, k2, avg(x) AS m FROM grid GROUP BY k1, k2",198.07,371.12,0.534,2927.3,125.7,5,5,yes,3.331e-16,1,TAKEN AggregateExec (input rows 50000000 (exact) vs min_rows 0; output kept at one partition (only projections above it)),LEFT AggregateExec (aggregate disabled in config) | LEFT AggregateExec (aggregate disabled in config),0,1,7.39,0.00,9.47,351.83,0.01,6104,21616057,3.28,5.09
before,50000000,b8192,groupby,g2meanR2,"group-by 2 int32 keys, R2 groups, avg(x) AS m","SELECT k1, k2, avg(x) AS m FROM grid GROUP BY k1, k2",204.55,401.08,0.510,2947.1,85.2,5,5,yes,3.331e-16,1,TAKEN AggregateExec (input rows 50000000 (exact) vs min_rows 0; output kept at one partition (only projections above it)),LEFT AggregateExec (aggregate disabled in config) | LEFT AggregateExec (aggregate disabled in config),0,1,6.87,18.44,12.66,360.59,0.01,6104,21616057,3.18,4.62
now,50000000,part1,groupby,g2meanR2,"group-by 2 int32 keys, R2 groups, avg(x) AS m","SELECT k1, k2, avg(x) AS m FROM grid GROUP BY k1, k2",197.17,369.84,0.533,2950.8,112.8,5,5,yes,3.331e-16,1,TAKEN AggregateExec (input rows 50000000 (exact) vs min_rows 0; output kept at one partition (only projections above it)),LEFT AggregateExec (aggregate disabled in config) | LEFT AggregateExec (aggregate disabled in config),0,1,6.68,0.00,8.64,352.37,0.01,6112,21616057,3.14,4.50
before,50000000,part1,groupby,g2meanR2,"group-by 2 int32 keys, R2 groups, avg(x) AS m","SELECT k1, k2, avg(x) AS m FROM grid GROUP BY k1, k2",195.23,389.75,0.501,2910.4,73.6,5,5,yes,4.441e-16,1,TAKEN AggregateExec (input rows 50000000 (exact) vs min_rows 0; output kept at one partition (only projections above it)),LEFT AggregateExec (aggregate disabled in config) | LEFT AggregateExec (aggregate disabled in config),0,1,6.51,11.25,12.51,357.62,0.01,6112,21616057,2.93,4.47
now,1000000,b8192,groupby,g2minmax100k,"group-by 2 int32 keys, 100k groups, min(x) AS lo, max(x) AS hi","SELECT k1, k2, min(x) AS lo, max(x) AS hi FROM grid GROUP BY k1, k2",3.64,5.10,0.713,45.7,6.7,5,5,yes,0.000e0,1,TAKEN AggregateExec (input rows 1000000 (exact) vs min_rows 0; output kept at one partition (only projections above it)),LEFT AggregateExec (aggregate disabled in config) | LEFT AggregateExec (aggregate disabled in config),0,1,0.10,0.00,0.26,3.84,0.01,123,99998,3.48,3.48
before,1000000,b8192,groupby,g2minmax100k,"group-by 2 int32 keys, 100k groups, min(x) AS lo, max(x) AS hi","SELECT k1, k2, min(x) AS lo, max(x) AS hi FROM grid GROUP BY k1, k2",3.76,7.96,0.472,45.0,7.9,5,5,yes,0.000e0,1,TAKEN AggregateExec (input rows 1000000 (exact) vs min_rows 0; output kept at one partition (only projections above it)),LEFT AggregateExec (aggregate disabled in config) | LEFT AggregateExec (aggregate disabled in config),0,1,0.15,0.32,0.27,6.32,0.01,123,99998,3.36,3.36
now,1000000,part1,groupby,g2minmax100k,"group-by 2 int32 keys, 100k groups, min(x) AS lo, max(x) AS hi","SELECT k1, k2, min(x) AS lo, max(x) AS hi FROM grid GROUP BY k1, k2",3.76,5.95,0.631,45.9,7.4,5,5,yes,0.000e0,1,TAKEN AggregateExec (input rows 1000000 (exact) vs min_rows 0; output kept at one partition (only projections above it)),LEFT AggregateExec (aggregate disabled in config) | LEFT AggregateExec (aggregate disabled in config),0,1,0.16,0.00,0.26,4.81,0.01,128,99998,3.41,3.41
before,1000000,part1,groupby,g2minmax100k,"group-by 2 int32 keys, 100k groups, min(x) AS lo, max(x) AS hi","SELECT k1, k2, min(x) AS lo, max(x) AS hi FROM grid GROUP BY k1, k2",3.88,12.71,0.305,46.1,9.2,5,5,yes,0.000e0,1,TAKEN AggregateExec (input rows 1000000 (exact) vs min_rows 0; output kept at one partition (only projections above it)),LEFT AggregateExec (aggregate disabled in config) | LEFT AggregateExec (aggregate disabled in config),0,1,0.17,0.27,0.31,10.78,0.01,128,99998,3.19,3.19
now,10000000,b8192,groupby,g2minmax100k,"group-by 2 int32 keys, 100k groups, min(x) AS lo, max(x) AS hi","SELECT k1, k2, min(x) AS lo, max(x) AS hi FROM grid GROUP BY k1, k2",22.34,20.86,1.071,270.2,24.4,5,5,yes,0.000e0,1,TAKEN AggregateExec (input rows 10000000 (exact) vs min_rows 0; output kept at one partition (only projections above it)),LEFT AggregateExec (aggregate disabled in config) | LEFT AggregateExec (aggregate disabled in config),0,1,1.33,0.00,1.98,16.50,0.01,1221,100000,3.10,3.73
before,10000000,b8192,groupby,g2minmax100k,"group-by 2 int32 keys, 100k groups, min(x) AS lo, max(x) AS hi","SELECT k1, k2, min(x) AS lo, max(x) AS hi FROM grid GROUP BY k1, k2",21.56,27.68,0.779,279.6,19.6,5,5,yes,0.000e0,1,TAKEN AggregateExec (input rows 10000000 (exact) vs min_rows 0; output kept at one partition (only projections above it)),LEFT AggregateExec (aggregate disabled in config) | LEFT AggregateExec (aggregate disabled in config),0,1,1.41,3.27,2.57,19.32,0.01,1221,100000,2.78,2.78
now,10000000,part1,groupby,g2minmax100k,"group-by 2 int32 keys, 100k groups, min(x) AS lo, max(x) AS hi","SELECT k1, k2, min(x) AS lo, max(x) AS hi FROM grid GROUP BY k1, k2",20.86,20.61,1.012,272.8,25.6,5,5,yes,0.000e0,1,TAKEN AggregateExec (input rows 10000000 (exact) vs min_rows 0; output kept at one partition (only projections above it)),LEFT AggregateExec (aggregate disabled in config) | LEFT AggregateExec (aggregate disabled in config),0,1,1.44,0.00,2.01,16.04,0.01,1232,100000,2.39,3.48
before,10000000,part1,groupby,g2minmax100k,"group-by 2 int32 keys, 100k groups, min(x) AS lo, max(x) AS hi","SELECT k1, k2, min(x) AS lo, max(x) AS hi FROM grid GROUP BY k1, k2",21.43,26.04,0.823,273.7,18.2,5,5,yes,0.000e0,1,TAKEN AggregateExec (input rows 10000000 (exact) vs min_rows 0; output kept at one partition (only projections above it)),LEFT AggregateExec (aggregate disabled in config) | LEFT AggregateExec (aggregate disabled in config),0,1,1.36,2.25,2.57,18.89,0.01,1232,100000,3.37,3.37
now,50000000,b8192,groupby,g2minmax100k,"group-by 2 int32 keys, 100k groups, min(x) AS lo, max(x) AS hi","SELECT k1, k2, min(x) AS lo, max(x) AS hi FROM grid GROUP BY k1, k2",73.66,85.74,0.859,1065.6,110.9,5,5,yes,0.000e0,1,TAKEN AggregateExec (input rows 50000000 (exact) vs min_rows 0; output kept at one partition (only projections above it)),LEFT AggregateExec (aggregate disabled in config) | LEFT AggregateExec (aggregate disabled in config),0,1,6.95,0.00,9.18,67.06,0.01,6104,100000,3.44,4.52
before,50000000,b8192,groupby,g2minmax100k,"group-by 2 int32 keys, 100k groups, min(x) AS lo, max(x) AS hi","SELECT k1, k2, min(x) AS lo, max(x) AS hi FROM grid GROUP BY k1, k2",73.70,120.43,0.612,1079.5,68.5,5,5,yes,0.000e0,1,TAKEN AggregateExec (input rows 50000000 (exact) vs min_rows 0; output kept at one partition (only projections above it)),LEFT AggregateExec (aggregate disabled in config) | LEFT AggregateExec (aggregate disabled in config),0,1,6.67,17.94,12.69,81.26,0.02,6104,100000,3.02,2.94
now,50000000,part1,groupby,g2minmax100k,"group-by 2 int32 keys, 100k groups, min(x) AS lo, max(x) AS hi","SELECT k1, k2, min(x) AS lo, max(x) AS hi FROM grid GROUP BY k1, k2",73.22,83.59,0.876,1055.5,101.6,5,5,yes,0.000e0,1,TAKEN AggregateExec (input rows 50000000 (exact) vs min_rows 0; output kept at one partition (only projections above it)),LEFT AggregateExec (aggregate disabled in config) | LEFT AggregateExec (aggregate disabled in config),0,1,6.42,0.00,8.73,67.24,0.01,6112,100000,3.46,3.26
before,50000000,part1,groupby,g2minmax100k,"group-by 2 int32 keys, 100k groups, min(x) AS lo, max(x) AS hi","SELECT k1, k2, min(x) AS lo, max(x) AS hi FROM grid GROUP BY k1, k2",74.34,111.59,0.666,1068.5,60.0,5,5,yes,0.000e0,1,TAKEN AggregateExec (input rows 50000000 (exact) vs min_rows 0; output kept at one partition (only projections above it)),LEFT AggregateExec (aggregate disabled in config) | LEFT AggregateExec (aggregate disabled in config),0,1,6.49,11.45,12.19,80.09,0.02,6112,100000,2.78,4.00
now,1000000,b8192,groupby,g2minmax10k,"group-by 2 int32 keys, 10k groups, min(x) AS lo, max(x) AS hi","SELECT k1, k2, min(x) AS lo, max(x) AS hi FROM grid GROUP BY k1, k2",2.39,9.50,0.252,24.2,7.4,5,5,yes,0.000e0,1,TAKEN AggregateExec (input rows 1000000 (exact) vs min_rows 0; output kept at one partition (only projections above it)),LEFT AggregateExec (aggregate disabled in config) | LEFT AggregateExec (aggregate disabled in config),0,1,0.18,0.00,0.26,8.58,0.01,123,10000,3.48,3.48
before,1000000,b8192,groupby,g2minmax10k,"group-by 2 int32 keys, 10k groups, min(x) AS lo, max(x) AS hi","SELECT k1, k2, min(x) AS lo, max(x) AS hi FROM grid GROUP BY k1, k2",2.43,10.85,0.224,24.4,7.4,5,5,yes,0.000e0,1,TAKEN AggregateExec (input rows 1000000 (exact) vs min_rows 0; output kept at one partition (only projections above it)),LEFT AggregateExec (aggregate disabled in config) | LEFT AggregateExec (aggregate disabled in config),0,1,0.13,0.29,0.28,9.80,0.01,123,10000,3.36,3.36
now,1000000,part1,groupby,g2minmax10k,"group-by 2 int32 keys, 10k groups, min(x) AS lo, max(x) AS hi","SELECT k1, k2, min(x) AS lo, max(x) AS hi FROM grid GROUP BY k1, k2",2.35,9.53,0.247,24.1,7.5,5,5,yes,0.000e0,1,TAKEN AggregateExec (input rows 1000000 (exact) vs min_rows 0; output kept at one partition (only projections above it)),LEFT AggregateExec (aggregate disabled in config) | LEFT AggregateExec (aggregate disabled in config),0,1,0.17,0.00,0.25,8.79,0.01,128,10000,3.41,3.41
before,1000000,part1,groupby,g2minmax10k,"group-by 2 int32 keys, 10k groups, min(x) AS lo, max(x) AS hi","SELECT k1, k2, min(x) AS lo, max(x) AS hi FROM grid GROUP BY k1, k2",2.36,10.76,0.219,24.7,7.2,5,5,yes,0.000e0,1,TAKEN AggregateExec (input rows 1000000 (exact) vs min_rows 0; output kept at one partition (only projections above it)),LEFT AggregateExec (aggregate disabled in config) | LEFT AggregateExec (aggregate disabled in config),0,1,0.13,0.24,0.26,9.80,0.01,128,10000,3.19,3.19
now,10000000,b8192,groupby,g2minmax10k,"group-by 2 int32 keys, 10k groups, min(x) AS lo, max(x) AS hi","SELECT k1, k2, min(x) AS lo, max(x) AS hi FROM grid GROUP BY k1, k2",10.69,19.00,0.563,119.6,24.4,5,5,yes,0.000e0,1,TAKEN AggregateExec (input rows 10000000 (exact) vs min_rows 0; output kept at one partition (only projections above it)),LEFT AggregateExec (aggregate disabled in config) | LEFT AggregateExec (aggregate disabled in config),0,1,1.23,0.00,1.94,15.27,0.01,1221,10000,3.10,3.10
before,10000000,b8192,groupby,g2minmax10k,"group-by 2 int32 keys, 10k groups, min(x) AS lo, max(x) AS hi","SELECT k1, k2, min(x) AS lo, max(x) AS hi FROM grid GROUP BY k1, k2",10.86,26.35,0.412,120.0,19.4,5,5,yes,0.000e0,1,TAKEN AggregateExec (input rows 10000000 (exact) vs min_rows 0; output kept at one partition (only projections above it)),LEFT AggregateExec (aggregate disabled in config) | LEFT AggregateExec (aggregate disabled in config),0,1,1.34,3.51,2.59,18.28,0.01,1221,10000,2.78,2.78
now,10000000,part1,groupby,g2minmax10k,"group-by 2 int32 keys, 10k groups, min(x) AS lo, max(x) AS hi","SELECT k1, k2, min(x) AS lo, max(x) AS hi FROM grid GROUP BY k1, k2",10.57,19.22,0.550,116.9,25.9,5,5,yes,0.000e0,1,TAKEN AggregateExec (input rows 10000000 (exact) vs min_rows 0; output kept at one partition (only projections above it)),LEFT AggregateExec (aggregate disabled in config) | LEFT AggregateExec (aggregate disabled in config),0,1,1.17,0.00,1.93,15.60,0.01,1232,10000,2.39,2.39
before,10000000,part1,groupby,g2minmax10k,"group-by 2 int32 keys, 10k groups, min(x) AS lo, max(x) AS hi","SELECT k1, k2, min(x) AS lo, max(x) AS hi FROM grid GROUP BY k1, k2",10.63,24.73,0.430,118.0,17.1,5,5,yes,0.000e0,1,TAKEN AggregateExec (input rows 10000000 (exact) vs min_rows 0; output kept at one partition (only projections above it)),LEFT AggregateExec (aggregate disabled in config) | LEFT AggregateExec (aggregate disabled in config),0,1,1.37,2.22,2.37,18.35,0.01,1232,10000,3.37,3.37
now,50000000,b8192,groupby,g2minmax10k,"group-by 2 int32 keys, 10k groups, min(x) AS lo, max(x) AS hi","SELECT k1, k2, min(x) AS lo, max(x) AS hi FROM grid GROUP BY k1, k2",39.25,81.82,0.480,511.5,105.3,5,5,yes,0.000e0,1,TAKEN AggregateExec (input rows 50000000 (exact) vs min_rows 0; output kept at one partition (only projections above it)),LEFT AggregateExec (aggregate disabled in config) | LEFT AggregateExec (aggregate disabled in config),0,1,6.93,0.00,9.48,63.86,0.01,6104,10000,3.47,3.44
before,50000000,b8192,groupby,g2minmax10k,"group-by 2 int32 keys, 10k groups, min(x) AS lo, max(x) AS hi","SELECT k1, k2, min(x) AS lo, max(x) AS hi FROM grid GROUP BY k1, k2",39.20,118.66,0.330,514.6,69.6,5,5,yes,0.000e0,1,TAKEN AggregateExec (input rows 50000000 (exact) vs min_rows 0; output kept at one partition (only projections above it)),LEFT AggregateExec (aggregate disabled in config) | LEFT AggregateExec (aggregate disabled in config),0,1,6.73,18.45,13.10,79.01,0.02,6104,10000,3.20,3.11
now,50000000,part1,groupby,g2minmax10k,"group-by 2 int32 keys, 10k groups, min(x) AS lo, max(x) AS hi","SELECT k1, k2, min(x) AS lo, max(x) AS hi FROM grid GROUP BY k1, k2",37.14,80.93,0.459,507.0,100.9,5,5,yes,0.000e0,1,TAKEN AggregateExec (input rows 50000000 (exact) vs min_rows 0; output kept at one partition (only projections above it)),LEFT AggregateExec (aggregate disabled in config) | LEFT AggregateExec (aggregate disabled in config),0,1,6.83,0.00,8.65,64.74,0.01,6112,10000,3.32,3.46
before,50000000,part1,groupby,g2minmax10k,"group-by 2 int32 keys, 10k groups, min(x) AS lo, max(x) AS hi","SELECT k1, k2, min(x) AS lo, max(x) AS hi FROM grid GROUP BY k1, k2",38.51,108.94,0.354,510.7,59.0,5,5,yes,0.000e0,1,TAKEN AggregateExec (input rows 50000000 (exact) vs min_rows 0; output kept at one partition (only projections above it)),LEFT AggregateExec (aggregate disabled in config) | LEFT AggregateExec (aggregate disabled in config),0,1,6.46,11.46,12.73,77.44,0.02,6112,10000,3.27,4.37
now,1000000,b8192,groupby,g2minmax1M,"group-by 2 int32 keys, 1M groups, min(x) AS lo, max(x) AS hi","SELECT k1, k2, min(x) AS lo, max(x) AS hi FROM grid GROUP BY k1, k2",4.87,9.70,0.502,60.1,10.6,5,5,yes,0.000e0,1,TAKEN AggregateExec (input rows 1000000 (exact) vs min_rows 0; output kept at one partition (only projections above it)),LEFT AggregateExec (aggregate disabled in config) | LEFT AggregateExec (aggregate disabled in config),0,1,0.12,0.00,0.31,6.29,0.01,123,632071,3.48,3.48
before,1000000,b8192,groupby,g2minmax1M,"group-by 2 int32 keys, 1M groups, min(x) AS lo, max(x) AS hi","SELECT k1, k2, min(x) AS lo, max(x) AS hi FROM grid GROUP BY k1, k2",4.54,10.09,0.450,60.1,10.5,5,5,yes,0.000e0,1,TAKEN AggregateExec (input rows 1000000 (exact) vs min_rows 0; output kept at one partition (only projections above it)),LEFT AggregateExec (aggregate disabled in config) | LEFT AggregateExec (aggregate disabled in config),0,1,0.14,0.30,0.29,6.34,0.01,123,632071,3.36,3.36
now,1000000,part1,groupby,g2minmax1M,"group-by 2 int32 keys, 1M groups, min(x) AS lo, max(x) AS hi","SELECT k1, k2, min(x) AS lo, max(x) AS hi FROM grid GROUP BY k1, k2",5.01,12.36,0.405,61.9,11.5,5,5,yes,0.000e0,1,TAKEN AggregateExec (input rows 1000000 (exact) vs min_rows 0; output kept at one partition (only projections above it)),LEFT AggregateExec (aggregate disabled in config) | LEFT AggregateExec (aggregate disabled in config),0,1,0.14,0.00,0.29,8.32,0.01,128,632071,3.41,3.30
before,1000000,part1,groupby,g2minmax1M,"group-by 2 int32 keys, 1M groups, min(x) AS lo, max(x) AS hi","SELECT k1, k2, min(x) AS lo, max(x) AS hi FROM grid GROUP BY k1, k2",4.79,9.73,0.493,59.2,10.1,5,5,yes,0.000e0,1,TAKEN AggregateExec (input rows 1000000 (exact) vs min_rows 0; output kept at one partition (only projections above it)),LEFT AggregateExec (aggregate disabled in config) | LEFT AggregateExec (aggregate disabled in config),0,1,0.13,0.24,0.28,6.19,0.01,128,632071,3.19,3.19
now,10000000,b8192,groupby,g2minmax1M,"group-by 2 int32 keys, 1M groups, min(x) AS lo, max(x) AS hi","SELECT k1, k2, min(x) AS lo, max(x) AS hi FROM grid GROUP BY k1, k2",25.08,32.80,0.765,361.3,31.2,5,5,yes,0.000e0,1,TAKEN AggregateExec (input rows 10000000 (exact) vs min_rows 0; output kept at one partition (only projections above it)),LEFT AggregateExec (aggregate disabled in config) | LEFT AggregateExec (aggregate disabled in config),0,1,1.41,0.00,1.88,24.56,0.02,1221,999943,3.08,3.08
before,10000000,b8192,groupby,g2minmax1M,"group-by 2 int32 keys, 1M groups, min(x) AS lo, max(x) AS hi","SELECT k1, k2, min(x) AS lo, max(x) AS hi FROM grid GROUP BY k1, k2",24.14,41.03,0.588,354.9,24.2,5,5,yes,0.000e0,1,TAKEN AggregateExec (input rows 10000000 (exact) vs min_rows 0; output kept at one partition (only projections above it)),LEFT AggregateExec (aggregate disabled in config) | LEFT AggregateExec (aggregate disabled in config),0,1,1.35,3.38,2.56,28.76,0.02,1221,999943,2.78,2.64
now,10000000,part1,groupby,g2minmax1M,"group-by 2 int32 keys, 1M groups, min(x) AS lo, max(x) AS hi","SELECT k1, k2, min(x) AS lo, max(x) AS hi FROM grid GROUP BY k1, k2",24.53,33.29,0.737,354.7,31.6,5,5,yes,0.000e0,1,TAKEN AggregateExec (input rows 10000000 (exact) vs min_rows 0; output kept at one partition (only projections above it)),LEFT AggregateExec (aggregate disabled in config) | LEFT AggregateExec (aggregate disabled in config),0,1,1.79,0.00,2.08,24.47,0.02,1232,999943,3.48,3.48
before,10000000,part1,groupby,g2minmax1M,"group-by 2 int32 keys, 1M groups, min(x) AS lo, max(x) AS hi","SELECT k1, k2, min(x) AS lo, max(x) AS hi FROM grid GROUP BY k1, k2",24.22,39.44,0.614,353.2,22.6,5,5,yes,0.000e0,1,TAKEN AggregateExec (input rows 10000000 (exact) vs min_rows 0; output kept at one partition (only projections above it)),LEFT AggregateExec (aggregate disabled in config) | LEFT AggregateExec (aggregate disabled in config),0,1,1.35,2.27,2.46,28.65,0.01,1232,999943,3.37,3.98
now,50000000,b8192,groupby,g2minmax1M,"group-by 2 int32 keys, 1M groups, min(x) AS lo, max(x) AS hi","SELECT k1, k2, min(x) AS lo, max(x) AS hi FROM grid GROUP BY k1, k2",98.03,121.63,0.806,1464.8,117.3,5,5,yes,0.000e0,1,TAKEN AggregateExec (input rows 50000000 (exact) vs min_rows 0; output kept at one partition (only projections above it)),LEFT AggregateExec (aggregate disabled in config) | LEFT AggregateExec (aggregate disabled in config),0,1,7.37,0.00,9.36,98.92,0.01,6104,1000000,3.05,4.29
before,50000000,b8192,groupby,g2minmax1M,"group-by 2 int32 keys, 1M groups, min(x) AS lo, max(x) AS hi","SELECT k1, k2, min(x) AS lo, max(x) AS hi FROM grid GROUP BY k1, k2",100.74,163.43,0.616,1454.6,78.3,5,5,yes,0.000e0,1,TAKEN AggregateExec (input rows 50000000 (exact) vs min_rows 0; output kept at one partition (only projections above it)),LEFT AggregateExec (aggregate disabled in config) | LEFT AggregateExec (aggregate disabled in config),0,1,6.94,19.29,12.74,118.63,0.02,6104,1000000,2.94,3.18
now,50000000,part1,groupby,g2minmax1M,"group-by 2 int32 keys, 1M groups, min(x) AS lo, max(x) AS hi","SELECT k1, k2, min(x) AS lo, max(x) AS hi FROM grid GROUP BY k1, k2",98.91,119.44,0.828,1470.3,98.5,5,5,yes,0.000e0,1,TAKEN AggregateExec (input rows 50000000 (exact) vs min_rows 0; output kept at one partition (only projections above it)),LEFT AggregateExec (aggregate disabled in config) | LEFT AggregateExec (aggregate disabled in config),0,1,6.38,0.00,8.90,98.22,0.01,6112,1000000,3.26,3.24
before,50000000,part1,groupby,g2minmax1M,"group-by 2 int32 keys, 1M groups, min(x) AS lo, max(x) AS hi","SELECT k1, k2, min(x) AS lo, max(x) AS hi FROM grid GROUP BY k1, k2",99.12,156.31,0.634,1444.4,65.6,5,5,yes,0.000e0,1,TAKEN AggregateExec (input rows 50000000 (exact) vs min_rows 0; output kept at one partition (only projections above it)),LEFT AggregateExec (aggregate disabled in config) | LEFT AggregateExec (aggregate disabled in config),0,1,6.66,11.58,12.54,118.75,0.02,6112,1000000,3.28,4.62
now,1000000,b8192,groupby,g2minmax200,"group-by 2 int32 keys, 200 groups, min(x) AS lo, max(x) AS hi","SELECT k1, k2, min(x) AS lo, max(x) AS hi FROM grid GROUP BY k1, k2",1.46,4.48,0.326,12.2,6.0,5,5,yes,0.000e0,1,TAKEN AggregateExec (input rows 1000000 (exact) vs min_rows 0; output kept at one partition (only projections above it)),LEFT AggregateExec (aggregate disabled in config) | LEFT AggregateExec (aggregate disabled in config),0,1,0.13,0.00,0.27,3.82,0.01,123,200,3.43,3.48
before,1000000,b8192,groupby,g2minmax200,"group-by 2 int32 keys, 200 groups, min(x) AS lo, max(x) AS hi","SELECT k1, k2, min(x) AS lo, max(x) AS hi FROM grid GROUP BY k1, k2",1.53,5.49,0.278,12.3,7.0,5,5,yes,0.000e0,1,TAKEN AggregateExec (input rows 1000000 (exact) vs min_rows 0; output kept at one partition (only projections above it)),LEFT AggregateExec (aggregate disabled in config) | LEFT AggregateExec (aggregate disabled in config),0,1,0.22,0.30,0.26,4.46,0.01,123,200,3.36,3.36
now,1000000,part1,groupby,g2minmax200,"group-by 2 int32 keys, 200 groups, min(x) AS lo, max(x) AS hi","SELECT k1, k2, min(x) AS lo, max(x) AS hi FROM grid GROUP BY k1, k2",1.40,8.86,0.158,12.0,7.1,5,5,yes,0.000e0,1,TAKEN AggregateExec (input rows 1000000 (exact) vs min_rows 0; output kept at one partition (only projections above it)),LEFT AggregateExec (aggregate disabled in config) | LEFT AggregateExec (aggregate disabled in config),0,1,0.12,0.00,0.26,8.26,0.01,128,200,3.41,3.41
before,1000000,part1,groupby,g2minmax200,"group-by 2 int32 keys, 200 groups, min(x) AS lo, max(x) AS hi","SELECT k1, k2, min(x) AS lo, max(x) AS hi FROM grid GROUP BY k1, k2",1.44,8.38,0.172,11.9,7.2,5,5,yes,0.000e0,1,TAKEN AggregateExec (input rows 1000000 (exact) vs min_rows 0; output kept at one partition (only projections above it)),LEFT AggregateExec (aggregate disabled in config) | LEFT AggregateExec (aggregate disabled in config),0,1,0.17,0.25,0.26,7.47,0.01,128,200,3.19,3.19
now,10000000,b8192,groupby,g2minmax200,"group-by 2 int32 keys, 200 groups, min(x) AS lo, max(x) AS hi","SELECT k1, k2, min(x) AS lo, max(x) AS hi FROM grid GROUP BY k1, k2",8.80,17.40,0.506,96.5,25.9,5,5,yes,0.000e0,1,TAKEN AggregateExec (input rows 10000000 (exact) vs min_rows 0; output kept at one partition (only projections above it)),LEFT AggregateExec (aggregate disabled in config) | LEFT AggregateExec (aggregate disabled in config),0,1,1.40,0.00,1.90,13.47,0.01,1221,200,3.10,3.10
before,10000000,b8192,groupby,g2minmax200,"group-by 2 int32 keys, 200 groups, min(x) AS lo, max(x) AS hi","SELECT k1, k2, min(x) AS lo, max(x) AS hi FROM grid GROUP BY k1, k2",9.24,23.10,0.400,97.2,18.5,5,5,yes,0.000e0,1,TAKEN AggregateExec (input rows 10000000 (exact) vs min_rows 0; output kept at one partition (only projections above it)),LEFT AggregateExec (aggregate disabled in config) | LEFT AggregateExec (aggregate disabled in config),0,1,1.27,3.43,2.53,15.31,0.01,1221,200,2.76,2.78
now,10000000,part1,groupby,g2minmax200,"group-by 2 int32 keys, 200 groups, min(x) AS lo, max(x) AS hi","SELECT k1, k2, min(x) AS lo, max(x) AS hi FROM grid GROUP BY k1, k2",8.60,17.40,0.494,94.4,26.1,5,5,yes,0.000e0,1,TAKEN AggregateExec (input rows 10000000 (exact) vs min_rows 0; output kept at one partition (only projections above it)),LEFT AggregateExec (aggregate disabled in config) | LEFT AggregateExec (aggregate disabled in config),0,1,1.36,0.00,1.96,13.59,0.01,1232,200,2.39,2.39
before,10000000,part1,groupby,g2minmax200,"group-by 2 int32 keys, 200 groups, min(x) AS lo, max(x) AS hi","SELECT k1, k2, min(x) AS lo, max(x) AS hi FROM grid GROUP BY k1, k2",8.64,21.43,0.403,96.1,16.5,5,5,yes,0.000e0,1,TAKEN AggregateExec (input rows 10000000 (exact) vs min_rows 0; output kept at one partition (only projections above it)),LEFT AggregateExec (aggregate disabled in config) | LEFT AggregateExec (aggregate disabled in config),0,1,1.33,2.25,2.28,15.22,0.01,1232,200,3.14,3.37
now,50000000,b8192,groupby,g2minmax200,"group-by 2 int32 keys, 200 groups, min(x) AS lo, max(x) AS hi","SELECT k1, k2, min(x) AS lo, max(x) AS hi FROM grid GROUP BY k1, k2",34.93,59.19,0.590,463.4,111.8,5,5,yes,0.000e0,1,TAKEN AggregateExec (input rows 50000000 (exact) vs min_rows 0; output kept at one partition (only projections above it)),LEFT AggregateExec (aggregate disabled in config) | LEFT AggregateExec (aggregate disabled in config),0,1,7.09,0.00,9.26,41.36,0.01,6104,200,3.43,3.47
before,50000000,b8192,groupby,g2minmax200,"group-by 2 int32 keys, 200 groups, min(x) AS lo, max(x) AS hi","SELECT k1, k2, min(x) AS lo, max(x) AS hi FROM grid GROUP BY k1, k2",35.56,90.66,0.392,471.2,68.4,5,5,yes,0.000e0,1,TAKEN AggregateExec (input rows 50000000 (exact) vs min_rows 0; output kept at one partition (only projections above it)),LEFT AggregateExec (aggregate disabled in config) | LEFT AggregateExec (aggregate disabled in config),0,1,6.71,18.03,12.42,52.26,0.02,6104,200,3.48,3.20
now,50000000,part1,groupby,g2minmax200,"group-by 2 int32 keys, 200 groups, min(x) AS lo, max(x) AS hi","SELECT k1, k2, min(x) AS lo, max(x) AS hi FROM grid GROUP BY k1, k2",34.58,57.51,0.601,458.4,99.7,5,5,yes,0.000e0,1,TAKEN AggregateExec (input rows 50000000 (exact) vs min_rows 0; output kept at one partition (only projections above it)),LEFT AggregateExec (aggregate disabled in config) | LEFT AggregateExec (aggregate disabled in config),0,1,6.66,0.00,8.85,41.26,0.01,6112,200,3.25,4.43
before,50000000,part1,groupby,g2minmax200,"group-by 2 int32 keys, 200 groups, min(x) AS lo, max(x) AS hi","SELECT k1, k2, min(x) AS lo, max(x) AS hi FROM grid GROUP BY k1, k2",34.69,81.28,0.427,465.3,59.4,5,5,yes,0.000e0,1,TAKEN AggregateExec (input rows 50000000 (exact) vs min_rows 0; output kept at one partition (only projections above it)),LEFT AggregateExec (aggregate disabled in config) | LEFT AggregateExec (aggregate disabled in config),0,1,6.73,11.41,13.18,49.27,0.02,6112,200,3.38,3.27
now,1000000,b8192,groupby,g2minmaxR2,"group-by 2 int32 keys, R2 groups, min(x) AS lo, max(x) AS hi","SELECT k1, k2, min(x) AS lo, max(x) AS hi FROM grid GROUP BY k1, k2",4.55,9.77,0.466,58.3,9.9,5,5,yes,0.000e0,1,TAKEN AggregateExec (input rows 1000000 (exact) vs min_rows 0; output kept at one partition (only projections above it)),LEFT AggregateExec (aggregate disabled in config) | LEFT AggregateExec (aggregate disabled in config),0,1,0.19,0.00,0.26,6.79,0.01,123,432084,3.48,3.48
before,1000000,b8192,groupby,g2minmaxR2,"group-by 2 int32 keys, R2 groups, min(x) AS lo, max(x) AS hi","SELECT k1, k2, min(x) AS lo, max(x) AS hi FROM grid GROUP BY k1, k2",4.65,9.50,0.489,57.3,10.0,5,5,yes,0.000e0,1,TAKEN AggregateExec (input rows 1000000 (exact) vs min_rows 0; output kept at one partition (only projections above it)),LEFT AggregateExec (aggregate disabled in config) | LEFT AggregateExec (aggregate disabled in config),0,1,0.14,0.30,0.29,5.83,0.01,123,432084,3.36,3.36
now,1000000,part1,groupby,g2minmaxR2,"group-by 2 int32 keys, R2 groups, min(x) AS lo, max(x) AS hi","SELECT k1, k2, min(x) AS lo, max(x) AS hi FROM grid GROUP BY k1, k2",4.71,9.46,0.498,59.4,9.8,5,5,yes,0.000e0,1,TAKEN AggregateExec (input rows 1000000 (exact) vs min_rows 0; output kept at one partition (only projections above it)),LEFT AggregateExec (aggregate disabled in config) | LEFT AggregateExec (aggregate disabled in config),0,1,0.14,0.00,0.26,6.56,0.01,128,432084,3.30,3.30
before,1000000,part1,groupby,g2minmaxR2,"group-by 2 int32 keys, R2 groups, min(x) AS lo, max(x) AS hi","SELECT k1, k2, min(x) AS lo, max(x) AS hi FROM grid GROUP BY k1, k2",4.93,8.86,0.556,60.0,9.4,5,5,yes,0.000e0,1,TAKEN AggregateExec (input rows 1000000 (exact) vs min_rows 0; output kept at one partition (only projections above it)),LEFT AggregateExec (aggregate disabled in config) | LEFT AggregateExec (aggregate disabled in config),0,1,0.12,0.25,0.29,5.66,0.01,128,432084,3.19,3.19
now,10000000,b8192,groupby,g2minmaxR2,"group-by 2 int32 keys, R2 groups, min(x) AS lo, max(x) AS hi","SELECT k1, k2, min(x) AS lo, max(x) AS hi FROM grid GROUP BY k1, k2",37.91,87.67,0.432,547.9,51.7,5,5,yes,0.000e0,1,TAKEN AggregateExec (input rows 10000000 (exact) vs min_rows 0; output kept at one partition (only projections above it)),LEFT AggregateExec (aggregate disabled in config) | LEFT AggregateExec (aggregate disabled in config),0,1,1.62,0.00,2.10,62.27,0.02,1221,4321209,3.08,2.76
before,10000000,b8192,groupby,g2minmaxR2,"group-by 2 int32 keys, R2 groups, min(x) AS lo, max(x) AS hi","SELECT k1, k2, min(x) AS lo, max(x) AS hi FROM grid GROUP BY k1, k2",38.19,100.17,0.381,545.2,44.6,5,5,yes,0.000e0,1,TAKEN AggregateExec (input rows 10000000 (exact) vs min_rows 0; output kept at one partition (only projections above it)),LEFT AggregateExec (aggregate disabled in config) | LEFT AggregateExec (aggregate disabled in config),0,1,1.37,3.45,2.70,71.58,0.02,1221,4321209,2.64,2.43
now,10000000,part1,groupby,g2minmaxR2,"group-by 2 int32 keys, R2 groups, min(x) AS lo, max(x) AS hi","SELECT k1, k2, min(x) AS lo, max(x) AS hi FROM grid GROUP BY k1, k2",37.59,85.38,0.440,549.2,48.3,5,5,yes,0.000e0,1,TAKEN AggregateExec (input rows 10000000 (exact) vs min_rows 0; output kept at one partition (only projections above it)),LEFT AggregateExec (aggregate disabled in config) | LEFT AggregateExec (aggregate disabled in config),0,1,1.32,0.00,2.18,62.60,0.01,1232,4321209,3.48,4.29
before,10000000,part1,groupby,g2minmaxR2,"group-by 2 int32 keys, R2 groups, min(x) AS lo, max(x) AS hi","SELECT k1, k2, min(x) AS lo, max(x) AS hi FROM grid GROUP BY k1, k2",38.10,96.61,0.394,552.5,42.5,5,5,yes,0.000e0,1,TAKEN AggregateExec (input rows 10000000 (exact) vs min_rows 0; output kept at one partition (only projections above it)),LEFT AggregateExec (aggregate disabled in config) | LEFT AggregateExec (aggregate disabled in config),0,1,1.35,2.35,2.59,69.96,0.02,1232,4321209,3.40,3.29
now,50000000,b8192,groupby,g2minmaxR2,"group-by 2 int32 keys, R2 groups, min(x) AS lo, max(x) AS hi","SELECT k1, k2, min(x) AS lo, max(x) AS hi FROM grid GROUP BY k1, k2",216.09,797.39,0.271,3238.0,234.4,5,5,yes,0.000e0,1,TAKEN AggregateExec (input rows 50000000 (exact) vs min_rows 0; output kept at one partition (only projections above it)),LEFT AggregateExec (aggregate disabled in config) | LEFT AggregateExec (aggregate disabled in config),0,1,7.10,0.00,9.64,683.44,0.02,6104,21616057,3.28,5.09
before,50000000,b8192,groupby,g2minmaxR2,"group-by 2 int32 keys, R2 groups, min(x) AS lo, max(x) AS hi","SELECT k1, k2, min(x) AS lo, max(x) AS hi FROM grid GROUP BY k1, k2",225.07,915.53,0.246,3320.3,196.4,5,5,yes,0.000e0,1,TAKEN AggregateExec (input rows 50000000 (exact) vs min_rows 0; output kept at one partition (only projections above it)),LEFT AggregateExec (aggregate disabled in config) | LEFT AggregateExec (aggregate disabled in config),0,1,6.70,19.05,12.68,778.56,0.02,6104,21616057,3.18,4.62
now,50000000,part1,groupby,g2minmaxR2,"group-by 2 int32 keys, R2 groups, min(x) AS lo, max(x) AS hi","SELECT k1, k2, min(x) AS lo, max(x) AS hi FROM grid GROUP BY k1, k2",216.12,811.69,0.266,3197.0,235.5,5,5,yes,0.000e0,1,TAKEN AggregateExec (input rows 50000000 (exact) vs min_rows 0; output kept at one partition (only projections above it)),LEFT AggregateExec (aggregate disabled in config) | LEFT AggregateExec (aggregate disabled in config),0,1,6.65,0.00,8.99,690.43,0.02,6112,21616057,3.14,4.50
before,50000000,part1,groupby,g2minmaxR2,"group-by 2 int32 keys, R2 groups, min(x) AS lo, max(x) AS hi","SELECT k1, k2, min(x) AS lo, max(x) AS hi FROM grid GROUP BY k1, k2",215.20,886.82,0.243,3209.3,186.8,5,5,yes,0.000e0,1,TAKEN AggregateExec (input rows 50000000 (exact) vs min_rows 0; output kept at one partition (only projections above it)),LEFT AggregateExec (aggregate disabled in config) | LEFT AggregateExec (aggregate disabled in config),0,1,6.56,11.41,13.02,760.33,0.02,6112,21616057,2.93,4.47
now,1000000,b8192,groupby,g2sum100k,"group-by 2 int32 keys, 100k groups, sum(x) AS s","SELECT k1, k2, sum(x) AS s FROM grid GROUP BY k1, k2",2.92,3.24,0.899,36.4,3.9,5,5,yes,4.528e-16,1,TAKEN AggregateExec (input rows 1000000 (exact) vs min_rows 0; output kept at one partition (only projections above it)),LEFT AggregateExec (aggregate disabled in config) | LEFT AggregateExec (aggregate disabled in config),0,1,0.12,0.00,0.28,2.61,0.00,123,99998,3.48,3.48
before,1000000,b8192,groupby,g2sum100k,"group-by 2 int32 keys, 100k groups, sum(x) AS s","SELECT k1, k2, sum(x) AS s FROM grid GROUP BY k1, k2",3.02,4.28,0.704,36.4,4.1,5,5,yes,5.875e-16,1,TAKEN AggregateExec (input rows 1000000 (exact) vs min_rows 0; output kept at one partition (only projections above it)),LEFT AggregateExec (aggregate disabled in config) | LEFT AggregateExec (aggregate disabled in config),0,1,0.14,0.29,0.27,3.34,0.00,123,99998,3.36,3.36
now,1000000,part1,groupby,g2sum100k,"group-by 2 int32 keys, 100k groups, sum(x) AS s","SELECT k1, k2, sum(x) AS s FROM grid GROUP BY k1, k2",2.95,5.00,0.590,36.6,4.4,5,5,yes,5.054e-16,1,TAKEN AggregateExec (input rows 1000000 (exact) vs min_rows 0; output kept at one partition (only projections above it)),LEFT AggregateExec (aggregate disabled in config) | LEFT AggregateExec (aggregate disabled in config),0,1,0.11,0.00,0.26,4.36,0.00,128,99998,3.41,3.41
before,1000000,part1,groupby,g2sum100k,"group-by 2 int32 keys, 100k groups, sum(x) AS s","SELECT k1, k2, sum(x) AS s FROM grid GROUP BY k1, k2",2.97,4.26,0.696,36.1,3.9,5,5,yes,5.385e-16,1,TAKEN AggregateExec (input rows 1000000 (exact) vs min_rows 0; output kept at one partition (only projections above it)),LEFT AggregateExec (aggregate disabled in config) | LEFT AggregateExec (aggregate disabled in config),0,1,0.13,0.23,0.26,3.44,0.00,128,99998,3.19,3.19
now,10000000,b8192,groupby,g2sum100k,"group-by 2 int32 keys, 100k groups, sum(x) AS s","SELECT k1, k2, sum(x) AS s FROM grid GROUP BY k1, k2",15.23,12.73,1.196,187.4,21.3,5,5,yes,6.134e-16,1,TAKEN AggregateExec (input rows 10000000 (exact) vs min_rows 0; output kept at one partition (only projections above it)),LEFT AggregateExec (aggregate disabled in config) | LEFT AggregateExec (aggregate disabled in config),0,1,1.48,0.00,1.95,8.84,0.01,1221,100000,3.10,3.73
before,10000000,b8192,groupby,g2sum100k,"group-by 2 int32 keys, 100k groups, sum(x) AS s","SELECT k1, k2, sum(x) AS s FROM grid GROUP BY k1, k2",15.34,17.67,0.868,185.3,15.7,5,5,yes,5.989e-16,1,TAKEN AggregateExec (input rows 10000000 (exact) vs min_rows 0; output kept at one partition (only projections above it)),LEFT AggregateExec (aggregate disabled in config) | LEFT AggregateExec (aggregate disabled in config),0,1,1.33,3.48,2.57,9.75,0.01,1221,100000,2.78,2.78
now,10000000,part1,groupby,g2sum100k,"group-by 2 int32 keys, 100k groups, sum(x) AS s","SELECT k1, k2, sum(x) AS s FROM grid GROUP BY k1, k2",15.37,12.56,1.224,185.9,23.6,5,5,yes,5.864e-16,1,TAKEN AggregateExec (input rows 10000000 (exact) vs min_rows 0; output kept at one partition (only projections above it)),LEFT AggregateExec (aggregate disabled in config) | LEFT AggregateExec (aggregate disabled in config),0,1,1.26,0.00,1.99,8.83,0.01,1232,100000,2.39,3.48
before,10000000,part1,groupby,g2sum100k,"group-by 2 int32 keys, 100k groups, sum(x) AS s","SELECT k1, k2, sum(x) AS s FROM grid GROUP BY k1, k2",15.28,15.72,0.972,186.7,14.5,5,5,yes,5.920e-16,1,TAKEN AggregateExec (input rows 10000000 (exact) vs min_rows 0; output kept at one partition (only projections above it)),LEFT AggregateExec (aggregate disabled in config) | LEFT AggregateExec (aggregate disabled in config),0,1,1.42,2.27,2.43,9.24,0.01,1232,100000,3.37,3.37
now,50000000,b8192,groupby,g2sum100k,"group-by 2 int32 keys, 100k groups, sum(x) AS s","SELECT k1, k2, sum(x) AS s FROM grid GROUP BY k1, k2",55.54,51.90,1.070,792.5,108.6,5,5,yes,6.570e-16,1,TAKEN AggregateExec (input rows 50000000 (exact) vs min_rows 0; output kept at one partition (only projections above it)),LEFT AggregateExec (aggregate disabled in config) | LEFT AggregateExec (aggregate disabled in config),0,1,7.02,0.00,9.12,33.91,0.01,6104,100000,3.44,4.52
before,50000000,b8192,groupby,g2sum100k,"group-by 2 int32 keys, 100k groups, sum(x) AS s","SELECT k1, k2, sum(x) AS s FROM grid GROUP BY k1, k2",57.24,80.21,0.714,776.8,66.9,5,5,yes,6.587e-16,1,TAKEN AggregateExec (input rows 50000000 (exact) vs min_rows 0; output kept at one partition (only projections above it)),LEFT AggregateExec (aggregate disabled in config) | LEFT AggregateExec (aggregate disabled in config),0,1,6.69,18.77,12.82,40.66,0.01,6104,100000,3.02,2.94
now,50000000,part1,groupby,g2sum100k,"group-by 2 int32 keys, 100k groups, sum(x) AS s","SELECT k1, k2, sum(x) AS s FROM grid GROUP BY k1, k2",54.69,49.62,1.102,804.8,96.9,5,5,yes,5.990e-16,1,TAKEN AggregateExec (input rows 50000000 (exact) vs min_rows 0; output kept at one partition (only projections above it)),LEFT AggregateExec (aggregate disabled in config) | LEFT AggregateExec (aggregate disabled in config),0,1,6.56,0.00,8.60,33.72,0.01,6112,100000,3.46,3.26
before,50000000,part1,groupby,g2sum100k,"group-by 2 int32 keys, 100k groups, sum(x) AS s","SELECT k1, k2, sum(x) AS s FROM grid GROUP BY k1, k2",54.26,68.36,0.794,795.0,52.8,5,5,yes,6.519e-16,1,TAKEN AggregateExec (input rows 50000000 (exact) vs min_rows 0; output kept at one partition (only projections above it)),LEFT AggregateExec (aggregate disabled in config) | LEFT AggregateExec (aggregate disabled in config),0,1,6.56,11.39,11.57,38.12,0.01,6112,100000,2.78,4.00
now,1000000,b8192,groupby,g2sum10k,"group-by 2 int32 keys, 10k groups, sum(x) AS s","SELECT k1, k2, sum(x) AS s FROM grid GROUP BY k1, k2",1.86,2.46,0.756,18.1,3.6,5,5,yes,5.047e-16,1,TAKEN AggregateExec (input rows 1000000 (exact) vs min_rows 0; output kept at one partition (only projections above it)),LEFT AggregateExec (aggregate disabled in config) | LEFT AggregateExec (aggregate disabled in config),0,1,0.12,0.00,0.25,1.73,0.00,123,10000,3.48,3.48
before,1000000,b8192,groupby,g2sum10k,"group-by 2 int32 keys, 10k groups, sum(x) AS s","SELECT k1, k2, sum(x) AS s FROM grid GROUP BY k1, k2",1.80,3.87,0.465,17.5,3.9,5,5,yes,5.735e-16,1,TAKEN AggregateExec (input rows 1000000 (exact) vs min_rows 0; output kept at one partition (only projections above it)),LEFT AggregateExec (aggregate disabled in config) | LEFT AggregateExec (aggregate disabled in config),0,1,0.15,0.28,0.25,2.97,0.00,123,10000,3.36,3.36
now,1000000,part1,groupby,g2sum10k,"group-by 2 int32 keys, 10k groups, sum(x) AS s","SELECT k1, k2, sum(x) AS s FROM grid GROUP BY k1, k2",1.85,2.66,0.693,17.1,3.7,5,5,yes,5.633e-16,1,TAKEN AggregateExec (input rows 1000000 (exact) vs min_rows 0; output kept at one partition (only projections above it)),LEFT AggregateExec (aggregate disabled in config) | LEFT AggregateExec (aggregate disabled in config),0,1,0.11,0.00,0.29,2.03,0.00,128,10000,3.41,3.41
before,1000000,part1,groupby,g2sum10k,"group-by 2 int32 keys, 10k groups, sum(x) AS s","SELECT k1, k2, sum(x) AS s FROM grid GROUP BY k1, k2",1.84,2.87,0.642,18.4,3.7,5,5,yes,4.756e-16,1,TAKEN AggregateExec (input rows 1000000 (exact) vs min_rows 0; output kept at one partition (only projections above it)),LEFT AggregateExec (aggregate disabled in config) | LEFT AggregateExec (aggregate disabled in config),0,1,0.14,0.23,0.26,1.92,0.00,128,10000,3.19,3.19
now,10000000,b8192,groupby,g2sum10k,"group-by 2 int32 keys, 10k groups, sum(x) AS s","SELECT k1, k2, sum(x) AS s FROM grid GROUP BY k1, k2",9.29,11.92,0.780,100.5,21.1,5,5,yes,6.618e-16,1,TAKEN AggregateExec (input rows 10000000 (exact) vs min_rows 0; output kept at one partition (only projections above it)),LEFT AggregateExec (aggregate disabled in config) | LEFT AggregateExec (aggregate disabled in config),0,1,1.41,0.00,1.97,8.07,0.01,1221,10000,3.10,3.10
before,10000000,b8192,groupby,g2sum10k,"group-by 2 int32 keys, 10k groups, sum(x) AS s","SELECT k1, k2, sum(x) AS s FROM grid GROUP BY k1, k2",9.34,16.88,0.554,100.3,15.6,5,5,yes,4.686e-16,1,TAKEN AggregateExec (input rows 10000000 (exact) vs min_rows 0; output kept at one partition (only projections above it)),LEFT AggregateExec (aggregate disabled in config) | LEFT AggregateExec (aggregate disabled in config),0,1,1.37,3.27,2.92,8.87,0.01,1221,10000,2.78,2.78
now,10000000,part1,groupby,g2sum10k,"group-by 2 int32 keys, 10k groups, sum(x) AS s","SELECT k1, k2, sum(x) AS s FROM grid GROUP BY k1, k2",9.05,11.45,0.790,100.1,20.7,5,5,yes,5.063e-16,1,TAKEN AggregateExec (input rows 10000000 (exact) vs min_rows 0; output kept at one partition (only projections above it)),LEFT AggregateExec (aggregate disabled in config) | LEFT AggregateExec (aggregate disabled in config),0,1,1.32,0.00,1.94,7.85,0.00,1232,10000,2.39,2.39
before,10000000,part1,groupby,g2sum10k,"group-by 2 int32 keys, 10k groups, sum(x) AS s","SELECT k1, k2, sum(x) AS s FROM grid GROUP BY k1, k2",9.08,15.02,0.605,99.5,13.6,5,5,yes,4.710e-16,1,TAKEN AggregateExec (input rows 10000000 (exact) vs min_rows 0; output kept at one partition (only projections above it)),LEFT AggregateExec (aggregate disabled in config) | LEFT AggregateExec (aggregate disabled in config),0,1,1.39,2.26,2.37,8.67,0.00,1232,10000,3.37,3.37
now,50000000,b8192,groupby,g2sum10k,"group-by 2 int32 keys, 10k groups, sum(x) AS s","SELECT k1, k2, sum(x) AS s FROM grid GROUP BY k1, k2",35.85,50.49,0.710,460.8,108.8,5,5,yes,7.383e-16,1,TAKEN AggregateExec (input rows 50000000 (exact) vs min_rows 0; output kept at one partition (only projections above it)),LEFT AggregateExec (aggregate disabled in config) | LEFT AggregateExec (aggregate disabled in config),0,1,6.76,0.00,9.53,32.57,0.01,6104,10000,3.47,3.44
before,50000000,b8192,groupby,g2sum10k,"group-by 2 int32 keys, 10k groups, sum(x) AS s","SELECT k1, k2, sum(x) AS s FROM grid GROUP BY k1, k2",35.12,77.06,0.456,464.1,63.5,5,5,yes,7.352e-16,1,TAKEN AggregateExec (input rows 50000000 (exact) vs min_rows 0; output kept at one partition (only projections above it)),LEFT AggregateExec (aggregate disabled in config) | LEFT AggregateExec (aggregate disabled in config),0,1,6.60,18.59,12.92,37.72,0.01,6104,10000,3.20,3.11
now,50000000,part1,groupby,g2sum10k,"group-by 2 int32 keys, 10k groups, sum(x) AS s","SELECT k1, k2, sum(x) AS s FROM grid GROUP BY k1, k2",35.21,48.36,0.728,462.3,97.9,5,5,yes,7.435e-16,1,TAKEN AggregateExec (input rows 50000000 (exact) vs min_rows 0; output kept at one partition (only projections above it)),LEFT AggregateExec (aggregate disabled in config) | LEFT AggregateExec (aggregate disabled in config),0,1,7.01,0.00,8.94,31.75,0.01,6112,10000,3.32,3.46
before,50000000,part1,groupby,g2sum10k,"group-by 2 int32 keys, 10k groups, sum(x) AS s","SELECT k1, k2, sum(x) AS s FROM grid GROUP BY k1, k2",34.70,69.39,0.500,460.1,55.8,5,5,yes,9.048e-16,1,TAKEN AggregateExec (input rows 50000000 (exact) vs min_rows 0; output kept at one partition (only projections above it)),LEFT AggregateExec (aggregate disabled in config) | LEFT AggregateExec (aggregate disabled in config),0,1,6.46,11.44,12.36,38.44,0.01,6112,10000,3.27,4.37
now,1000000,b8192,groupby,g2sum1M,"group-by 2 int32 keys, 1M groups, sum(x) AS s","SELECT k1, k2, sum(x) AS s FROM grid GROUP BY k1, k2",4.10,7.08,0.579,50.3,4.6,5,5,yes,3.915e-16,1,TAKEN AggregateExec (input rows 1000000 (exact) vs min_rows 0; output kept at one partition (only projections above it)),LEFT AggregateExec (aggregate disabled in config) | LEFT AggregateExec (aggregate disabled in config),0,1,0.12,0.00,0.29,6.26,0.00,123,632071,3.48,3.48
before,1000000,b8192,groupby,g2sum1M,"group-by 2 int32 keys, 1M groups, sum(x) AS s","SELECT k1, k2, sum(x) AS s FROM grid GROUP BY k1, k2",4.02,6.90,0.582,50.4,4.1,5,5,yes,4.256e-16,1,TAKEN AggregateExec (input rows 1000000 (exact) vs min_rows 0; output kept at one partition (only projections above it)),LEFT AggregateExec (aggregate disabled in config) | LEFT AggregateExec (aggregate disabled in config),0,1,0.11,0.30,0.25,5.95,0.01,123,632071,3.36,3.36
now,1000000,part1,groupby,g2sum1M,"group-by 2 int32 keys, 1M groups, sum(x) AS s","SELECT k1, k2, sum(x) AS s FROM grid GROUP BY k1, k2",4.34,6.51,0.666,52.9,4.4,5,5,yes,4.094e-16,1,TAKEN AggregateExec (input rows 1000000 (exact) vs min_rows 0; output kept at one partition (only projections above it)),LEFT AggregateExec (aggregate disabled in config) | LEFT AggregateExec (aggregate disabled in config),0,1,0.13,0.00,0.27,5.86,0.00,128,632071,3.41,3.30
before,1000000,part1,groupby,g2sum1M,"group-by 2 int32 keys, 1M groups, sum(x) AS s","SELECT k1, k2, sum(x) AS s FROM grid GROUP BY k1, k2",4.25,7.08,0.600,52.7,4.7,5,5,yes,3.886e-16,1,TAKEN AggregateExec (input rows 1000000 (exact) vs min_rows 0; output kept at one partition (only projections above it)),LEFT AggregateExec (aggregate disabled in config) | LEFT AggregateExec (aggregate disabled in config),0,1,0.20,0.24,0.25,6.12,0.00,128,632071,3.19,3.19
now,10000000,b8192,groupby,g2sum1M,"group-by 2 int32 keys, 1M groups, sum(x) AS s","SELECT k1, k2, sum(x) AS s FROM grid GROUP BY k1, k2",19.14,17.87,1.071,269.7,22.2,5,5,yes,5.885e-16,1,TAKEN AggregateExec (input rows 10000000 (exact) vs min_rows 0; output kept at one partition (only projections above it)),LEFT AggregateExec (aggregate disabled in config) | LEFT AggregateExec (aggregate disabled in config),0,1,1.31,0.00,1.97,13.98,0.01,1221,999943,3.08,3.08
before,10000000,b8192,groupby,g2sum1M,"group-by 2 int32 keys, 1M groups, sum(x) AS s","SELECT k1, k2, sum(x) AS s FROM grid GROUP BY k1, k2",18.61,23.51,0.792,269.6,16.2,5,5,yes,6.154e-16,1,TAKEN AggregateExec (input rows 10000000 (exact) vs min_rows 0; output kept at one partition (only projections above it)),LEFT AggregateExec (aggregate disabled in config) | LEFT AggregateExec (aggregate disabled in config),0,1,1.32,3.45,2.53,15.59,0.01,1221,999943,2.78,2.64
now,10000000,part1,groupby,g2sum1M,"group-by 2 int32 keys, 1M groups, sum(x) AS s","SELECT k1, k2, sum(x) AS s FROM grid GROUP BY k1, k2",19.07,18.31,1.041,271.1,21.8,5,5,yes,6.111e-16,1,TAKEN AggregateExec (input rows 10000000 (exact) vs min_rows 0; output kept at one partition (only projections above it)),LEFT AggregateExec (aggregate disabled in config) | LEFT AggregateExec (aggregate disabled in config),0,1,1.29,0.00,1.99,14.45,0.01,1232,999943,3.48,3.48
before,10000000,part1,groupby,g2sum1M,"group-by 2 int32 keys, 1M groups, sum(x) AS s","SELECT k1, k2, sum(x) AS s FROM grid GROUP BY k1, k2",18.60,21.91,0.849,268.6,14.4,5,5,yes,6.147e-16,1,TAKEN AggregateExec (input rows 10000000 (exact) vs min_rows 0; output kept at one partition (only projections above it)),LEFT AggregateExec (aggregate disabled in config) | LEFT AggregateExec (aggregate disabled in config),0,1,1.37,2.28,2.54,15.32,0.00,1232,999943,3.37,3.98
now,50000000,b8192,groupby,g2sum1M,"group-by 2 int32 keys, 1M groups, sum(x) AS s","SELECT k1, k2, sum(x) AS s FROM grid GROUP BY k1, k2",79.08,67.14,1.178,1178.5,112.6,5,5,yes,9.951e-16,1,TAKEN AggregateExec (input rows 50000000 (exact) vs min_rows 0; output kept at one partition (only projections above it)),LEFT AggregateExec (aggregate disabled in config) | LEFT AggregateExec (aggregate disabled in config),0,1,7.31,0.00,9.31,49.12,0.01,6104,1000000,3.05,4.29
before,50000000,b8192,groupby,g2sum1M,"group-by 2 int32 keys, 1M groups, sum(x) AS s","SELECT k1, k2, sum(x) AS s FROM grid GROUP BY k1, k2",79.28,95.56,0.830,1173.0,65.6,5,5,yes,1.175e-15,1,TAKEN AggregateExec (input rows 50000000 (exact) vs min_rows 0; output kept at one partition (only projections above it)),LEFT AggregateExec (aggregate disabled in config) | LEFT AggregateExec (aggregate disabled in config),0,1,6.57,18.60,12.94,56.05,0.01,6104,1000000,2.94,3.18
now,50000000,part1,groupby,g2sum1M,"group-by 2 int32 keys, 1M groups, sum(x) AS s","SELECT k1, k2, sum(x) AS s FROM grid GROUP BY k1, k2",79.52,65.60,1.212,1181.8,95.4,5,5,yes,1.228e-15,1,TAKEN AggregateExec (input rows 50000000 (exact) vs min_rows 0; output kept at one partition (only projections above it)),LEFT AggregateExec (aggregate disabled in config) | LEFT AggregateExec (aggregate disabled in config),0,1,6.49,0.00,9.10,49.22,0.01,6112,1000000,3.26,3.24
before,50000000,part1,groupby,g2sum1M,"group-by 2 int32 keys, 1M groups, sum(x) AS s","SELECT k1, k2, sum(x) AS s FROM grid GROUP BY k1, k2",79.49,87.86,0.905,1163.9,55.9,5,5,yes,1.114e-15,1,TAKEN AggregateExec (input rows 50000000 (exact) vs min_rows 0; output kept at one partition (only projections above it)),LEFT AggregateExec (aggregate disabled in config) | LEFT AggregateExec (aggregate disabled in config),0,1,6.33,12.18,12.09,56.43,0.01,6112,1000000,3.28,4.62
now,1000000,b8192,groupby,g2sum200,"group-by 2 int32 keys, 200 groups, sum(x) AS s","SELECT k1, k2, sum(x) AS s FROM grid GROUP BY k1, k2",1.43,2.81,0.509,11.3,3.7,5,5,yes,5.543e-16,1,TAKEN AggregateExec (input rows 1000000 (exact) vs min_rows 0; output kept at one partition (only projections above it)),LEFT AggregateExec (aggregate disabled in config) | LEFT AggregateExec (aggregate disabled in config),0,1,0.08,0.00,0.24,2.23,0.00,123,200,3.43,3.48
before,1000000,b8192,groupby,g2sum200,"group-by 2 int32 keys, 200 groups, sum(x) AS s","SELECT k1, k2, sum(x) AS s FROM grid GROUP BY k1, k2",1.42,3.27,0.434,11.5,3.8,5,5,yes,5.506e-16,1,TAKEN AggregateExec (input rows 1000000 (exact) vs min_rows 0; output kept at one partition (only projections above it)),LEFT AggregateExec (aggregate disabled in config) | LEFT AggregateExec (aggregate disabled in config),0,1,0.15,0.29,0.26,2.34,0.00,123,200,3.36,3.36
now,1000000,part1,groupby,g2sum200,"group-by 2 int32 keys, 200 groups, sum(x) AS s","SELECT k1, k2, sum(x) AS s FROM grid GROUP BY k1, k2",1.32,2.58,0.511,11.1,3.5,5,5,yes,5.380e-16,1,TAKEN AggregateExec (input rows 1000000 (exact) vs min_rows 0; output kept at one partition (only projections above it)),LEFT AggregateExec (aggregate disabled in config) | LEFT AggregateExec (aggregate disabled in config),0,1,0.15,0.00,0.24,1.97,0.00,128,200,3.41,3.41
before,1000000,part1,groupby,g2sum200,"group-by 2 int32 keys, 200 groups, sum(x) AS s","SELECT k1, k2, sum(x) AS s FROM grid GROUP BY k1, k2",1.41,4.57,0.308,11.1,3.9,5,5,yes,7.340e-16,1,TAKEN AggregateExec (input rows 1000000 (exact) vs min_rows 0; output kept at one partition (only projections above it)),LEFT AggregateExec (aggregate disabled in config) | LEFT AggregateExec (aggregate disabled in config),0,1,0.18,0.25,0.26,3.65,0.01,128,200,3.19,3.19
now,10000000,b8192,groupby,g2sum200,"group-by 2 int32 keys, 200 groups, sum(x) AS s","SELECT k1, k2, sum(x) AS s FROM grid GROUP BY k1, k2",8.76,8.61,1.017,92.3,23.1,5,5,yes,1.170e-15,1,TAKEN AggregateExec (input rows 10000000 (exact) vs min_rows 0; output kept at one partition (only projections above it)),LEFT AggregateExec (aggregate disabled in config) | LEFT AggregateExec (aggregate disabled in config),0,1,1.42,0.00,1.94,4.73,0.01,1221,200,3.10,3.10
before,10000000,b8192,groupby,g2sum200,"group-by 2 int32 keys, 200 groups, sum(x) AS s","SELECT k1, k2, sum(x) AS s FROM grid GROUP BY k1, k2",8.38,14.66,0.572,91.2,15.9,5,5,yes,1.170e-15,1,TAKEN AggregateExec (input rows 10000000 (exact) vs min_rows 0; output kept at one partition (only projections above it)),LEFT AggregateExec (aggregate disabled in config) | LEFT AggregateExec (aggregate disabled in config),0,1,1.46,3.39,2.74,6.22,0.00,1221,200,2.76,2.78
now,10000000,part1,groupby,g2sum200,"group-by 2 int32 keys, 200 groups, sum(x) AS s","SELECT k1, k2, sum(x) AS s FROM grid GROUP BY k1, k2",8.13,8.04,1.011,90.5,21.5,5,5,yes,1.172e-15,1,TAKEN AggregateExec (input rows 10000000 (exact) vs min_rows 0; output kept at one partition (only projections above it)),LEFT AggregateExec (aggregate disabled in config) | LEFT AggregateExec (aggregate disabled in config),0,1,1.38,0.00,1.95,4.27,0.01,1232,200,2.39,2.39
before,10000000,part1,groupby,g2sum200,"group-by 2 int32 keys, 200 groups, sum(x) AS s","SELECT k1, k2, sum(x) AS s FROM grid GROUP BY k1, k2",8.59,12.09,0.711,89.3,12.7,5,5,yes,1.444e-15,1,TAKEN AggregateExec (input rows 10000000 (exact) vs min_rows 0; output kept at one partition (only projections above it)),LEFT AggregateExec (aggregate disabled in config) | LEFT AggregateExec (aggregate disabled in config),0,1,1.32,2.20,2.26,6.02,0.00,1232,200,3.14,3.37
now,50000000,b8192,groupby,g2sum200,"group-by 2 int32 keys, 200 groups, sum(x) AS s","SELECT k1, k2, sum(x) AS s FROM grid GROUP BY k1, k2",34.18,35.35,0.967,449.5,107.1,5,5,yes,1.863e-15,1,TAKEN AggregateExec (input rows 50000000 (exact) vs min_rows 0; output kept at one partition (only projections above it)),LEFT AggregateExec (aggregate disabled in config) | LEFT AggregateExec (aggregate disabled in config),0,1,7.07,0.00,9.28,17.46,0.01,6104,200,3.43,3.47
before,50000000,b8192,groupby,g2sum200,"group-by 2 int32 keys, 200 groups, sum(x) AS s","SELECT k1, k2, sum(x) AS s FROM grid GROUP BY k1, k2",34.59,67.91,0.509,442.4,66.2,5,5,yes,1.979e-15,1,TAKEN AggregateExec (input rows 50000000 (exact) vs min_rows 0; output kept at one partition (only projections above it)),LEFT AggregateExec (aggregate disabled in config) | LEFT AggregateExec (aggregate disabled in config),0,1,6.96,18.16,12.46,29.01,0.01,6104,200,3.48,3.20
now,50000000,part1,groupby,g2sum200,"group-by 2 int32 keys, 200 groups, sum(x) AS s","SELECT k1, k2, sum(x) AS s FROM grid GROUP BY k1, k2",31.87,33.88,0.941,443.8,95.0,5,5,yes,2.097e-15,1,TAKEN AggregateExec (input rows 50000000 (exact) vs min_rows 0; output kept at one partition (only projections above it)),LEFT AggregateExec (aggregate disabled in config) | LEFT AggregateExec (aggregate disabled in config),0,1,6.49,0.00,9.07,17.65,0.01,6112,200,3.25,4.43
before,50000000,part1,groupby,g2sum200,"group-by 2 int32 keys, 200 groups, sum(x) AS s","SELECT k1, k2, sum(x) AS s FROM grid GROUP BY k1, k2",33.70,54.84,0.615,438.0,54.2,5,5,yes,1.978e-15,1,TAKEN AggregateExec (input rows 50000000 (exact) vs min_rows 0; output kept at one partition (only projections above it)),LEFT AggregateExec (aggregate disabled in config) | LEFT AggregateExec (aggregate disabled in config),0,1,6.39,11.28,12.23,24.19,0.01,6112,200,3.38,3.27
now,1000000,b8192,groupby,g2sumR2,"group-by 2 int32 keys, R2 groups, sum(x) AS s","SELECT k1, k2, sum(x) AS s FROM grid GROUP BY k1, k2",3.84,6.11,0.628,46.7,4.3,5,5,yes,4.407e-16,1,TAKEN AggregateExec (input rows 1000000 (exact) vs min_rows 0; output kept at one partition (only projections above it)),LEFT AggregateExec (aggregate disabled in config) | LEFT AggregateExec (aggregate disabled in config),0,1,0.15,0.00,0.25,5.50,0.00,123,432084,3.48,3.48
before,1000000,b8192,groupby,g2sumR2,"group-by 2 int32 keys, R2 groups, sum(x) AS s","SELECT k1, k2, sum(x) AS s FROM grid GROUP BY k1, k2",3.93,6.19,0.635,47.0,4.2,5,5,yes,4.165e-16,1,TAKEN AggregateExec (input rows 1000000 (exact) vs min_rows 0; output kept at one partition (only projections above it)),LEFT AggregateExec (aggregate disabled in config) | LEFT AggregateExec (aggregate disabled in config),0,1,0.16,0.29,0.28,5.15,0.01,123,432084,3.36,3.36
now,1000000,part1,groupby,g2sumR2,"group-by 2 int32 keys, R2 groups, sum(x) AS s","SELECT k1, k2, sum(x) AS s FROM grid GROUP BY k1, k2",3.97,5.34,0.744,50.5,4.3,5,5,yes,4.228e-16,1,TAKEN AggregateExec (input rows 1000000 (exact) vs min_rows 0; output kept at one partition (only projections above it)),LEFT AggregateExec (aggregate disabled in config) | LEFT AggregateExec (aggregate disabled in config),0,1,0.16,0.00,0.24,4.69,0.00,128,432084,3.30,3.30
before,1000000,part1,groupby,g2sumR2,"group-by 2 int32 keys, R2 groups, sum(x) AS s","SELECT k1, k2, sum(x) AS s FROM grid GROUP BY k1, k2",3.96,5.60,0.708,49.9,3.9,5,5,yes,4.126e-16,1,TAKEN AggregateExec (input rows 1000000 (exact) vs min_rows 0; output kept at one partition (only projections above it)),LEFT AggregateExec (aggregate disabled in config) | LEFT AggregateExec (aggregate disabled in config),0,1,0.11,0.23,0.27,4.75,0.00,128,432084,3.19,3.19
now,10000000,b8192,groupby,g2sumR2,"group-by 2 int32 keys, R2 groups, sum(x) AS s","SELECT k1, k2, sum(x) AS s FROM grid GROUP BY k1, k2",28.74,44.49,0.646,417.1,25.9,5,5,yes,4.485e-16,1,TAKEN AggregateExec (input rows 10000000 (exact) vs min_rows 0; output kept at one partition (only projections above it)),LEFT AggregateExec (aggregate disabled in config) | LEFT AggregateExec (aggregate disabled in config),0,1,1.36,0.00,1.90,40.41,0.01,1221,4321209,3.08,2.76
before,10000000,b8192,groupby,g2sumR2,"group-by 2 int32 keys, R2 groups, sum(x) AS s","SELECT k1, k2, sum(x) AS s FROM grid GROUP BY k1, k2",28.33,50.27,0.564,410.5,18.5,5,5,yes,4.485e-16,1,TAKEN AggregateExec (input rows 10000000 (exact) vs min_rows 0; output kept at one partition (only projections above it)),LEFT AggregateExec (aggregate disabled in config) | LEFT AggregateExec (aggregate disabled in config),0,1,1.28,3.52,2.57,42.01,0.01,1221,4321209,2.64,2.43
now,10000000,part1,groupby,g2sumR2,"group-by 2 int32 keys, R2 groups, sum(x) AS s","SELECT k1, k2, sum(x) AS s FROM grid GROUP BY k1, k2",28.26,44.32,0.638,411.8,25.0,5,5,yes,4.440e-16,1,TAKEN AggregateExec (input rows 10000000 (exact) vs min_rows 0; output kept at one partition (only projections above it)),LEFT AggregateExec (aggregate disabled in config) | LEFT AggregateExec (aggregate disabled in config),0,1,1.40,0.00,2.01,40.11,0.01,1232,4321209,3.48,4.29
before,10000000,part1,groupby,g2sumR2,"group-by 2 int32 keys, R2 groups, sum(x) AS s","SELECT k1, k2, sum(x) AS s FROM grid GROUP BY k1, k2",28.30,47.83,0.592,412.1,17.1,5,5,yes,4.440e-16,1,TAKEN AggregateExec (input rows 10000000 (exact) vs min_rows 0; output kept at one partition (only projections above it)),LEFT AggregateExec (aggregate disabled in config) | LEFT AggregateExec (aggregate disabled in config),0,1,1.43,2.26,2.30,41.15,0.01,1232,4321209,3.40,3.29
now,50000000,b8192,groupby,g2sumR2,"group-by 2 int32 keys, R2 groups, sum(x) AS s","SELECT k1, k2, sum(x) AS s FROM grid GROUP BY k1, k2",171.61,368.68,0.465,2559.2,125.1,5,5,yes,5.045e-16,1,TAKEN AggregateExec (input rows 50000000 (exact) vs min_rows 0; output kept at one partition (only projections above it)),LEFT AggregateExec (aggregate disabled in config) | LEFT AggregateExec (aggregate disabled in config),0,1,7.25,0.00,9.39,349.63,0.01,6104,21616057,3.28,5.09
before,50000000,b8192,groupby,g2sumR2,"group-by 2 int32 keys, R2 groups, sum(x) AS s","SELECT k1, k2, sum(x) AS s FROM grid GROUP BY k1, k2",174.92,397.27,0.440,2520.5,84.0,5,5,yes,5.045e-16,1,TAKEN AggregateExec (input rows 50000000 (exact) vs min_rows 0; output kept at one partition (only projections above it)),LEFT AggregateExec (aggregate disabled in config) | LEFT AggregateExec (aggregate disabled in config),0,1,6.41,19.14,12.46,356.85,0.01,6104,21616057,3.18,4.62
now,50000000,part1,groupby,g2sumR2,"group-by 2 int32 keys, R2 groups, sum(x) AS s","SELECT k1, k2, sum(x) AS s FROM grid GROUP BY k1, k2",170.14,366.87,0.464,2548.3,116.0,5,5,yes,4.877e-16,1,TAKEN AggregateExec (input rows 50000000 (exact) vs min_rows 0; output kept at one partition (only projections above it)),LEFT AggregateExec (aggregate disabled in config) | LEFT AggregateExec (aggregate disabled in config),0,1,6.80,0.00,8.91,349.26,0.01,6112,21616057,3.14,4.50
before,50000000,part1,groupby,g2sumR2,"group-by 2 int32 keys, R2 groups, sum(x) AS s","SELECT k1, k2, sum(x) AS s FROM grid GROUP BY k1, k2",170.61,386.38,0.442,2542.1,73.5,5,5,yes,4.766e-16,1,TAKEN AggregateExec (input rows 50000000 (exact) vs min_rows 0; output kept at one partition (only projections above it)),LEFT AggregateExec (aggregate disabled in config) | LEFT AggregateExec (aggregate disabled in config),0,1,6.53,11.31,12.46,354.33,0.01,6112,21616057,2.93,4.47
now,1000000,b8192,distinct,u_small,"distinct (int32, int32), 10k groups","SELECT DISTINCT region, sub FROM fact",1.69,2.35,0.720,16.0,2.8,5,5,yes,0.000e0,1,TAKEN AggregateExec (input rows 1000000 (exact) vs min_rows 0; output kept at one partition (only projections above it)),LEFT AggregateExec (aggregate disabled in config) | LEFT AggregateExec (aggregate disabled in config),0,1,0.13,0.00,0.15,1.90,0.00,123,10000,2.93,2.93
before,1000000,b8192,distinct,u_small,"distinct (int32, int32), 10k groups","SELECT DISTINCT region, sub FROM fact",1.70,2.38,0.715,16.5,2.9,5,5,yes,0.000e0,1,TAKEN AggregateExec (input rows 1000000 (exact) vs min_rows 0; output kept at one partition (only projections above it)),LEFT AggregateExec (aggregate disabled in config) | LEFT AggregateExec (aggregate disabled in config),0,1,0.12,0.17,0.14,1.78,0.00,123,10000,2.77,2.77
now,1000000,part1,distinct,u_small,"distinct (int32, int32), 10k groups","SELECT DISTINCT region, sub FROM fact",1.75,2.04,0.855,16.0,3.0,5,5,yes,0.000e0,1,TAKEN AggregateExec (input rows 1000000 (exact) vs min_rows 0; output kept at one partition (only projections above it)),LEFT AggregateExec (aggregate disabled in config) | LEFT AggregateExec (aggregate disabled in config),0,1,0.16,0.00,0.15,1.59,0.01,128,10000,2.77,2.77
before,1000000,part1,distinct,u_small,"distinct (int32, int32), 10k groups","SELECT DISTINCT region, sub FROM fact",1.69,2.33,0.725,16.1,2.8,5,5,yes,0.000e0,1,TAKEN AggregateExec (input rows 1000000 (exact) vs min_rows 0; output kept at one partition (only projections above it)),LEFT AggregateExec (aggregate disabled in config) | LEFT AggregateExec (aggregate disabled in config),0,1,0.10,0.13,0.14,1.84,0.00,128,10000,2.87,2.87
now,10000000,b8192,distinct,u_small,"distinct (int32, int32), 10k groups","SELECT DISTINCT region, sub FROM fact",8.85,5.52,1.603,93.4,13.2,5,5,yes,0.000e0,1,TAKEN AggregateExec (input rows 10000000 (exact) vs min_rows 0; output kept at one partition (only projections above it)),LEFT AggregateExec (aggregate disabled in config) | LEFT AggregateExec (aggregate disabled in config),0,1,1.44,0.00,1.12,2.68,0.00,1221,10000,2.88,2.88
before,10000000,b8192,distinct,u_small,"distinct (int32, int32), 10k groups","SELECT DISTINCT region, sub FROM fact",8.56,8.05,1.064,94.4,11.1,5,5,yes,0.000e0,1,TAKEN AggregateExec (input rows 10000000 (exact) vs min_rows 0; output kept at one partition (only projections above it)),LEFT AggregateExec (aggregate disabled in config) | LEFT AggregateExec (aggregate disabled in config),0,1,1.34,1.98,1.16,3.29,0.00,1221,10000,2.73,2.73
now,10000000,part1,distinct,u_small,"distinct (int32, int32), 10k groups","SELECT DISTINCT region, sub FROM fact",8.68,4.83,1.799,92.6,12.8,5,5,yes,0.000e0,1,TAKEN AggregateExec (input rows 10000000 (exact) vs min_rows 0; output kept at one partition (only projections above it)),LEFT AggregateExec (aggregate disabled in config) | LEFT AggregateExec (aggregate disabled in config),0,1,1.29,0.00,1.03,2.31,0.00,1232,10000,2.73,2.73
before,10000000,part1,distinct,u_small,"distinct (int32, int32), 10k groups","SELECT DISTINCT region, sub FROM fact",8.67,7.62,1.137,92.5,9.3,5,5,yes,0.000e0,1,TAKEN AggregateExec (input rows 10000000 (exact) vs min_rows 0; output kept at one partition (only projections above it)),LEFT AggregateExec (aggregate disabled in config) | LEFT AggregateExec (aggregate disabled in config),0,1,1.15,1.11,1.15,3.94,0.00,1232,10000,2.75,2.75
now,50000000,b8192,distinct,u_small,"distinct (int32, int32), 10k groups","SELECT DISTINCT region, sub FROM fact",32.66,21.63,1.510,436.0,66.6,5,5,yes,0.000e0,1,TAKEN AggregateExec (input rows 50000000 (exact) vs min_rows 0; output kept at one partition (only projections above it)),LEFT AggregateExec (aggregate disabled in config) | LEFT AggregateExec (aggregate disabled in config),0,1,6.84,0.00,5.33,8.32,0.01,6104,10000,2.69,2.69
before,50000000,b8192,distinct,u_small,"distinct (int32, int32), 10k groups","SELECT DISTINCT region, sub FROM fact",32.55,38.47,0.846,434.2,47.1,5,5,yes,0.000e0,1,TAKEN AggregateExec (input rows 50000000 (exact) vs min_rows 0; output kept at one partition (only projections above it)),LEFT AggregateExec (aggregate disabled in config) | LEFT AggregateExec (aggregate disabled in config),0,1,7.14,10.49,6.01,13.91,0.01,6104,10000,2.63,2.63
now,50000000,part1,distinct,u_small,"distinct (int32, int32), 10k groups","SELECT DISTINCT region, sub FROM fact",32.58,19.74,1.650,433.9,58.5,5,5,yes,0.000e0,1,TAKEN AggregateExec (input rows 50000000 (exact) vs min_rows 0; output kept at one partition (only projections above it)),LEFT AggregateExec (aggregate disabled in config) | LEFT AggregateExec (aggregate disabled in config),0,1,6.16,0.00,4.88,8.30,0.00,6112,10000,2.50,2.50
before,50000000,part1,distinct,u_small,"distinct (int32, int32), 10k groups","SELECT DISTINCT region, sub FROM fact",32.64,30.96,1.054,431.4,36.5,5,5,yes,0.000e0,1,TAKEN AggregateExec (input rows 50000000 (exact) vs min_rows 0; output kept at one partition (only projections above it)),LEFT AggregateExec (aggregate disabled in config) | LEFT AggregateExec (aggregate disabled in config),0,1,6.12,5.61,6.17,12.54,0.01,6112,10000,2.46,2.46
now,1000000,b8192,filter,a_sumcnt,filtered sum + count over the whole table (control),"SELECT sum(amount) AS total, count(*) AS n FROM fact WHERE region < 20 AND qty > 10",0.83,1.47,0.562,4.5,2.7,5,5,yes,1.273e-16,1,LEFT AggregateExec (no GROUP BY keys (a whole-table aggregate)) | LEFT AggregateExec (Partial aggregate whose Final was not replaced) | TAKEN FilterExec (input rows 1000000 (exact) vs min_rows 0; re-partitioned),LEFT AggregateExec (aggregate disabled in config) | LEFT AggregateExec (aggregate disabled in config) | LEFT FilterExec (filter disabled in config),0,1,0.11,0.00,0.26,0.64,0.00,123,1,2.35,2.35
before,1000000,b8192,filter,a_sumcnt,filtered sum + count over the whole table (control),"SELECT sum(amount) AS total, count(*) AS n FROM fact WHERE region < 20 AND qty > 10",0.76,1.69,0.453,4.1,2.2,5,5,yes,0.000e0,1,LEFT AggregateExec (no GROUP BY keys (a whole-table aggregate)) | LEFT AggregateExec (Partial aggregate whose Final was not replaced) | TAKEN FilterExec (input rows 1000000 (exact) vs min_rows 0; re-partitioned),LEFT AggregateExec (aggregate disabled in config) | LEFT AggregateExec (aggregate disabled in config) | LEFT FilterExec (filter disabled in config),0,1,0.05,0.32,0.32,0.55,0.00,123,1,2.40,2.40
now,1000000,part1,filter,a_sumcnt,filtered sum + count over the whole table (control),"SELECT sum(amount) AS total, count(*) AS n FROM fact WHERE region < 20 AND qty > 10",0.82,1.40,0.586,4.2,2.7,5,5,yes,3.819e-16,1,LEFT AggregateExec (no GROUP BY keys (a whole-table aggregate)) | LEFT AggregateExec (Partial aggregate whose Final was not replaced) | TAKEN FilterExec (input rows 1000000 (exact) vs min_rows 0; re-partitioned),LEFT AggregateExec (aggregate disabled in config) | LEFT AggregateExec (aggregate disabled in config) | LEFT FilterExec (filter disabled in config),0,1,0.12,0.00,0.26,0.64,0.00,128,1,2.45,2.45
before,1000000,part1,filter,a_sumcnt,filtered sum + count over the whole table (control),"SELECT sum(amount) AS total, count(*) AS n FROM fact WHERE region < 20 AND qty > 10",0.71,1.81,0.395,4.1,2.7,5,5,yes,2.546e-16,1,LEFT AggregateExec (no GROUP BY keys (a whole-table aggregate)) | LEFT AggregateExec (Partial aggregate whose Final was not replaced) | TAKEN FilterExec (input rows 1000000 (exact) vs min_rows 0; re-partitioned),LEFT AggregateExec (aggregate disabled in config) | LEFT AggregateExec (aggregate disabled in config) | LEFT FilterExec (filter disabled in config),0,1,0.19,0.27,0.33,0.57,0.01,128,1,2.45,2.45
now,10000000,b8192,filter,a_sumcnt,filtered sum + count over the whole table (control),"SELECT sum(amount) AS total, count(*) AS n FROM fact WHERE region < 20 AND qty > 10",3.89,5.40,0.720,37.4,24.6,5,5,yes,4.106e-16,1,LEFT AggregateExec (no GROUP BY keys (a whole-table aggregate)) | LEFT AggregateExec (Partial aggregate whose Final was not replaced) | TAKEN FilterExec (input rows 10000000 (exact) vs min_rows 0; re-partitioned),LEFT AggregateExec (aggregate disabled in config) | LEFT AggregateExec (aggregate disabled in config) | LEFT FilterExec (filter disabled in config),0,1,1.24,0.00,2.12,1.11,0.01,1221,1,2.33,2.33
before,10000000,b8192,filter,a_sumcnt,filtered sum + count over the whole table (control),"SELECT sum(amount) AS total, count(*) AS n FROM fact WHERE region < 20 AND qty > 10",3.78,12.75,0.296,35.9,15.5,5,5,yes,2.053e-16,1,LEFT AggregateExec (no GROUP BY keys (a whole-table aggregate)) | LEFT AggregateExec (Partial aggregate whose Final was not replaced) | TAKEN FilterExec (input rows 10000000 (exact) vs min_rows 0; re-partitioned),LEFT AggregateExec (aggregate disabled in config) | LEFT AggregateExec (aggregate disabled in config) | LEFT FilterExec (filter disabled in config),0,1,1.31,4.13,2.94,3.46,0.01,1221,1,2.22,2.22
now,10000000,part1,filter,a_sumcnt,filtered sum + count over the whole table (control),"SELECT sum(amount) AS total, count(*) AS n FROM fact WHERE region < 20 AND qty > 10",3.39,5.45,0.621,35.4,24.3,5,5,yes,0.000e0,1,LEFT AggregateExec (no GROUP BY keys (a whole-table aggregate)) | LEFT AggregateExec (Partial aggregate whose Final was not replaced) | TAKEN FilterExec (input rows 10000000 (exact) vs min_rows 0; re-partitioned),LEFT AggregateExec (aggregate disabled in config) | LEFT AggregateExec (aggregate disabled in config) | LEFT FilterExec (filter disabled in config),0,1,1.29,0.00,1.99,1.49,0.00,1232,1,2.12,2.12
before,10000000,part1,filter,a_sumcnt,filtered sum + count over the whole table (control),"SELECT sum(amount) AS total, count(*) AS n FROM fact WHERE region < 20 AND qty > 10",3.59,10.74,0.334,35.4,14.8,5,5,yes,2.053e-16,1,LEFT AggregateExec (no GROUP BY keys (a whole-table aggregate)) | LEFT AggregateExec (Partial aggregate whose Final was not replaced) | TAKEN FilterExec (input rows 10000000 (exact) vs min_rows 0; re-partitioned),LEFT AggregateExec (aggregate disabled in config) | LEFT AggregateExec (aggregate disabled in config) | LEFT FilterExec (filter disabled in config),0,1,1.29,2.92,3.00,2.83,0.01,1232,1,2.12,2.12
now,50000000,b8192,filter,a_sumcnt,filtered sum + count over the whole table (control),"SELECT sum(amount) AS total, count(*) AS n FROM fact WHERE region < 20 AND qty > 10",16.77,22.52,0.745,177.2,122.5,5,5,yes,3.292e-16,1,LEFT AggregateExec (no GROUP BY keys (a whole-table aggregate)) | LEFT AggregateExec (Partial aggregate whose Final was not replaced) | TAKEN FilterExec (input rows 50000000 (exact) vs min_rows 0; re-partitioned),LEFT AggregateExec (aggregate disabled in config) | LEFT AggregateExec (aggregate disabled in config) | LEFT FilterExec (filter disabled in config),0,1,6.49,0.00,9.63,4.00,0.01,6104,1,2.27,2.27
before,50000000,b8192,filter,a_sumcnt,filtered sum + count over the whole table (control),"SELECT sum(amount) AS total, count(*) AS n FROM fact WHERE region < 20 AND qty > 10",16.75,56.69,0.295,178.3,78.7,5,5,yes,0.000e0,1,LEFT AggregateExec (no GROUP BY keys (a whole-table aggregate)) | LEFT AggregateExec (Partial aggregate whose Final was not replaced) | TAKEN FilterExec (input rows 50000000 (exact) vs min_rows 0; re-partitioned),LEFT AggregateExec (aggregate disabled in config) | LEFT AggregateExec (aggregate disabled in config) | LEFT FilterExec (filter disabled in config),0,1,6.84,22.90,14.35,9.95,0.01,6104,1,2.17,2.17
now,50000000,part1,filter,a_sumcnt,filtered sum + count over the whole table (control),"SELECT sum(amount) AS total, count(*) AS n FROM fact WHERE region < 20 AND qty > 10",16.05,21.55,0.745,174.9,105.1,5,5,yes,3.292e-16,1,LEFT AggregateExec (no GROUP BY keys (a whole-table aggregate)) | LEFT AggregateExec (Partial aggregate whose Final was not replaced) | TAKEN FilterExec (input rows 50000000 (exact) vs min_rows 0; re-partitioned),LEFT AggregateExec (aggregate disabled in config) | LEFT AggregateExec (aggregate disabled in config) | LEFT FilterExec (filter disabled in config),0,1,6.26,0.00,9.52,4.15,0.01,6112,1,2.16,2.16
before,50000000,part1,filter,a_sumcnt,filtered sum + count over the whole table (control),"SELECT sum(amount) AS total, count(*) AS n FROM fact WHERE region < 20 AND qty > 10",15.44,48.40,0.319,174.6,63.5,5,5,yes,1.646e-16,1,LEFT AggregateExec (no GROUP BY keys (a whole-table aggregate)) | LEFT AggregateExec (Partial aggregate whose Final was not replaced) | TAKEN FilterExec (input rows 50000000 (exact) vs min_rows 0; re-partitioned),LEFT AggregateExec (aggregate disabled in config) | LEFT AggregateExec (aggregate disabled in config) | LEFT FilterExec (filter disabled in config),0,1,6.37,14.16,14.17,12.08,0.01,6112,1,2.23,2.29
now,10000000,parquet-snappy,parquet,p_filtgroup,"Parquet scan, filter, group-by qty (1000 keys), sum + count (s1)","SELECT qty, sum(weight) AS w, count(*) AS n FROM f WHERE price > 500.0 GROUP BY qty",14.35,27.88,0.515,127.0,126.6,5,5,yes,8.681e-16,2,"TAKEN AggregateExec (input rows ~418154 (inexact, accepted) vs min_rows 0; output kept at one partition (only projections above it)) | TAKEN FilterExec (input rows ~10000000 (inexact, accepted) vs min_rows 0; re-partitioned)",LEFT AggregateExec (aggregate disabled in config) | LEFT AggregateExec (aggregate disabled in config) | LEFT FilterExec (filter disabled in config),0,2,32.21,0.00,3.42,8.28,0.01,1836,1000,2.29,2.18
before,10000000,parquet-snappy,parquet,p_filtgroup,"Parquet scan, filter, group-by qty (1000 keys), sum + count (s1)","SELECT qty, sum(weight) AS w, count(*) AS n FROM f WHERE price > 500.0 GROUP BY qty",14.09,34.85,0.404,125.9,108.6,5,5,yes,8.681e-16,2,"TAKEN AggregateExec (input rows ~418154 (inexact, accepted) vs min_rows 0; output kept at one partition (only projections above it)) | TAKEN FilterExec (input rows ~10000000 (inexact, accepted) vs min_rows 0; re-partitioned)",LEFT AggregateExec (aggregate disabled in config) | LEFT AggregateExec (aggregate disabled in config) | LEFT FilterExec (filter disabled in config),0,2,36.26,6.25,5.07,10.64,0.02,1836,1000,2.22,2.28
now,10000000,parquet-zstd,parquet,p_filtgroup,"Parquet scan, filter, group-by qty (1000 keys), sum + count (s1)","SELECT qty, sum(weight) AS w, count(*) AS n FROM f WHERE price > 500.0 GROUP BY qty",26.09,49.71,0.525,237.5,249.0,5,5,yes,8.681e-16,2,"TAKEN AggregateExec (input rows ~418154 (inexact, accepted) vs min_rows 0; output kept at one partition (only projections above it)) | TAKEN FilterExec (input rows ~10000000 (inexact, accepted) vs min_rows 0; re-partitioned)",LEFT AggregateExec (aggregate disabled in config) | LEFT AggregateExec (aggregate disabled in config) | LEFT FilterExec (filter disabled in config),0,2,67.47,0.00,3.47,12.64,0.02,1836,1000,2.18,2.33
before,10000000,parquet-zstd,parquet,p_filtgroup,"Parquet scan, filter, group-by qty (1000 keys), sum + count (s1)","SELECT qty, sum(weight) AS w, count(*) AS n FROM f WHERE price > 500.0 GROUP BY qty",25.81,51.52,0.501,236.5,231.6,5,5,yes,8.681e-16,2,"TAKEN AggregateExec (input rows ~418154 (inexact, accepted) vs min_rows 0; output kept at one partition (only projections above it)) | TAKEN FilterExec (input rows ~10000000 (inexact, accepted) vs min_rows 0; re-partitioned)",LEFT AggregateExec (aggregate disabled in config) | LEFT AggregateExec (aggregate disabled in config) | LEFT FilterExec (filter disabled in config),0,2,69.67,6.41,5.14,10.04,0.02,1836,1000,2.28,2.28
now,50000000,parquet-snappy,parquet,p_filtgroup,"Parquet scan, filter, group-by qty (1000 keys), sum + count (s1)","SELECT qty, sum(weight) AS w, count(*) AS n FROM f WHERE price > 500.0 GROUP BY qty",62.02,114.88,0.540,789.7,645.5,5,5,yes,9.453e-16,2,"TAKEN AggregateExec (input rows ~2009282 (inexact, accepted) vs min_rows 0; output kept at one partition (only projections above it)) | TAKEN FilterExec (input rows ~50000000 (inexact, accepted) vs min_rows 0; re-partitioned)",LEFT AggregateExec (aggregate disabled in config) | LEFT AggregateExec (aggregate disabled in config) | LEFT FilterExec (filter disabled in config),0,2,144.35,0.00,16.98,27.54,0.01,9177,1000,2.18,2.62
before,50000000,parquet-snappy,parquet,p_filtgroup,"Parquet scan, filter, group-by qty (1000 keys), sum + count (s1)","SELECT qty, sum(weight) AS w, count(*) AS n FROM f WHERE price > 500.0 GROUP BY qty",59.90,151.67,0.395,797.0,559.8,5,5,yes,9.453e-16,2,"TAKEN AggregateExec (input rows ~2009282 (inexact, accepted) vs min_rows 0; output kept at one partition (only projections above it)) | TAKEN FilterExec (input rows ~50000000 (inexact, accepted) vs min_rows 0; re-partitioned)",LEFT AggregateExec (aggregate disabled in config) | LEFT AggregateExec (aggregate disabled in config) | LEFT FilterExec (filter disabled in config),0,2,166.25,31.94,24.12,40.31,0.02,9177,1000,3.00,4.24
now,50000000,parquet-zstd,parquet,p_filtgroup,"Parquet scan, filter, group-by qty (1000 keys), sum + count (s1)","SELECT qty, sum(weight) AS w, count(*) AS n FROM f WHERE price > 500.0 GROUP BY qty",104.19,188.89,0.552,1292.0,1220.9,5,5,yes,9.453e-16,2,"TAKEN AggregateExec (input rows ~2009282 (inexact, accepted) vs min_rows 0; output kept at one partition (only projections above it)) | TAKEN FilterExec (input rows ~50000000 (inexact, accepted) vs min_rows 0; re-partitioned)",LEFT AggregateExec (aggregate disabled in config) | LEFT AggregateExec (aggregate disabled in config) | LEFT FilterExec (filter disabled in config),0,2,295.37,0.00,16.63,25.53,0.02,9177,1000,2.62,5.76
before,50000000,parquet-zstd,parquet,p_filtgroup,"Parquet scan, filter, group-by qty (1000 keys), sum + count (s1)","SELECT qty, sum(weight) AS w, count(*) AS n FROM f WHERE price > 500.0 GROUP BY qty",105.22,226.77,0.464,1276.8,1134.9,5,5,yes,9.453e-16,2,"TAKEN AggregateExec (input rows ~2009282 (inexact, accepted) vs min_rows 0; output kept at one partition (only projections above it)) | TAKEN FilterExec (input rows ~50000000 (inexact, accepted) vs min_rows 0; re-partitioned)",LEFT AggregateExec (aggregate disabled in config) | LEFT AggregateExec (aggregate disabled in config) | LEFT FilterExec (filter disabled in config),0,2,319.10,31.36,24.77,39.28,0.02,9177,1000,3.14,3.67
now,10000000,parquet-snappy,parquet,p_group,"Parquet scan, group-by int32 code (100k groups), sum + count","SELECT code, sum(price) AS p, count(*) AS n FROM f GROUP BY code",17.74,12.81,1.385,186.3,50.3,5,5,yes,1.282e-15,1,TAKEN AggregateExec (input rows 10000000 (exact) vs min_rows 0; output kept at one partition (only projections above it)),LEFT AggregateExec (aggregate disabled in config) | LEFT AggregateExec (aggregate disabled in config),0,1,4.05,0.00,1.44,6.42,0.01,1225,100000,2.29,2.18
before,10000000,parquet-snappy,parquet,p_group,"Parquet scan, group-by int32 code (100k groups), sum + count","SELECT code, sum(price) AS p, count(*) AS n FROM f GROUP BY code",17.62,17.34,1.016,185.4,47.5,5,5,yes,1.282e-15,1,TAKEN AggregateExec (input rows 10000000 (exact) vs min_rows 0; output kept at one partition (only projections above it)),LEFT AggregateExec (aggregate disabled in config) | LEFT AggregateExec (aggregate disabled in config),0,1,3.96,2.13,1.99,8.43,0.01,1225,100000,2.22,2.28
now,10000000,parquet-zstd,parquet,p_group,"Parquet scan, group-by int32 code (100k groups), sum + count","SELECT code, sum(price) AS p, count(*) AS n FROM f GROUP BY code",21.66,19.95,1.085,236.9,110.0,5,5,yes,1.371e-15,1,TAKEN AggregateExec (input rows 10000000 (exact) vs min_rows 0; output kept at one partition (only projections above it)),LEFT AggregateExec (aggregate disabled in config) | LEFT AggregateExec (aggregate disabled in config),0,1,10.06,0.00,1.49,7.40,0.01,1225,100000,2.18,2.33
before,10000000,parquet-zstd,parquet,p_group,"Parquet scan, group-by int32 code (100k groups), sum + count","SELECT code, sum(price) AS p, count(*) AS n FROM f GROUP BY code",21.45,23.36,0.918,239.2,106.4,5,5,yes,1.425e-15,1,TAKEN AggregateExec (input rows 10000000 (exact) vs min_rows 0; output kept at one partition (only projections above it)),LEFT AggregateExec (aggregate disabled in config) | LEFT AggregateExec (aggregate disabled in config),0,1,10.11,2.20,2.10,8.02,0.01,1225,100000,2.28,2.28
now,50000000,parquet-snappy,parquet,p_group,"Parquet scan, group-by int32 code (100k groups), sum + count","SELECT code, sum(price) AS p, count(*) AS n FROM f GROUP BY code",76.84,48.98,1.569,939.3,273.5,5,5,yes,2.506e-15,1,TAKEN AggregateExec (input rows 50000000 (exact) vs min_rows 0; output kept at one partition (only projections above it)),LEFT AggregateExec (aggregate disabled in config) | LEFT AggregateExec (aggregate disabled in config),0,1,19.74,0.00,6.39,20.90,0.01,6125,100000,2.18,2.62
before,50000000,parquet-snappy,parquet,p_group,"Parquet scan, group-by int32 code (100k groups), sum + count","SELECT code, sum(price) AS p, count(*) AS n FROM f GROUP BY code",76.33,67.66,1.128,941.2,248.6,5,5,yes,2.537e-15,1,TAKEN AggregateExec (input rows 50000000 (exact) vs min_rows 0; output kept at one partition (only projections above it)),LEFT AggregateExec (aggregate disabled in config) | LEFT AggregateExec (aggregate disabled in config),0,1,18.51,11.53,9.46,26.21,0.01,6125,100000,3.00,4.24
now,50000000,parquet-zstd,parquet,p_group,"Parquet scan, group-by int32 code (100k groups), sum + count","SELECT code, sum(price) AS p, count(*) AS n FROM f GROUP BY code",93.23,72.03,1.294,1220.4,563.3,5,5,yes,2.506e-15,1,TAKEN AggregateExec (input rows 50000000 (exact) vs min_rows 0; output kept at one partition (only projections above it)),LEFT AggregateExec (aggregate disabled in config) | LEFT AggregateExec (aggregate disabled in config),0,1,41.28,0.00,7.02,21.61,0.01,6125,100000,2.62,5.76
before,50000000,parquet-zstd,parquet,p_group,"Parquet scan, group-by int32 code (100k groups), sum + count","SELECT code, sum(price) AS p, count(*) AS n FROM f GROUP BY code",95.10,91.13,1.044,1231.3,538.9,5,5,yes,2.458e-15,1,TAKEN AggregateExec (input rows 50000000 (exact) vs min_rows 0; output kept at one partition (only projections above it)),LEFT AggregateExec (aggregate disabled in config) | LEFT AggregateExec (aggregate disabled in config),0,1,40.66,11.94,9.49,27.03,0.01,6125,100000,3.14,3.67
now,10000000,parquet-snappy,parquet,p_sort,"Parquet scan, sort 2 columns by a Float64 key (s4)","SELECT id, price FROM f ORDER BY price",289.63,21.35,13.565,921.5,83.7,5,5,yes,0.000e0,1,TAKEN SortPreservingMergeExec (input rows 10000000 (exact) vs min_rows 0),TAKEN SortPreservingMergeExec (input rows 10000000 (exact) vs min_rows 250000),0,1,7.11,0.00,1.72,11.68,0.01,1225,10000000,2.29,2.18
before,10000000,parquet-snappy,parquet,p_sort,"Parquet scan, sort 2 columns by a Float64 key (s4)","SELECT id, price FROM f ORDER BY price",283.20,30.92,9.158,914.8,76.6,5,5,yes,0.000e0,1,TAKEN SortPreservingMergeExec (input rows 10000000 (exact) vs min_rows 0),TAKEN SortPreservingMergeExec (input rows 10000000 (exact) vs min_rows 250000),0,1,7.09,3.18,2.60,17.31,0.01,1225,10000000,2.22,2.28
now,10000000,parquet-zstd,parquet,p_sort,"Parquet scan, sort 2 columns by a Float64 key (s4)","SELECT id, price FROM f ORDER BY price",294.26,27.14,10.844,964.2,135.8,5,5,yes,0.000e0,1,TAKEN SortPreservingMergeExec (input rows 10000000 (exact) vs min_rows 0),TAKEN SortPreservingMergeExec (input rows 10000000 (exact) vs min_rows 250000),0,1,12.82,0.00,1.69,11.86,0.02,1225,10000000,2.18,2.33
before,10000000,parquet-zstd,parquet,p_sort,"Parquet scan, sort 2 columns by a Float64 key (s4)","SELECT id, price FROM f ORDER BY price",286.56,36.26,7.902,966.0,129.8,5,5,yes,0.000e0,1,TAKEN SortPreservingMergeExec (input rows 10000000 (exact) vs min_rows 0),TAKEN SortPreservingMergeExec (input rows 10000000 (exact) vs min_rows 250000),0,1,12.78,3.29,2.71,16.74,0.01,1225,10000000,2.28,2.28
now,50000000,parquet-snappy,parquet,p_sort,"Parquet scan, sort 2 columns by a Float64 key (s4)","SELECT id, price FROM f ORDER BY price",1643.01,99.43,16.525,5477.1,448.8,5,5,yes,0.000e0,1,TAKEN SortPreservingMergeExec (input rows 50000000 (exact) vs min_rows 0),TAKEN SortPreservingMergeExec (input rows 50000000 (exact) vs min_rows 250000),0,1,30.49,0.00,8.77,58.26,0.01,6125,50000000,2.18,2.62
before,50000000,parquet-snappy,parquet,p_sort,"Parquet scan, sort 2 columns by a Float64 key (s4)","SELECT id, price FROM f ORDER BY price",1631.87,151.37,10.780,5486.0,418.2,5,5,yes,0.000e0,1,TAKEN SortPreservingMergeExec (input rows 50000000 (exact) vs min_rows 0),TAKEN SortPreservingMergeExec (input rows 50000000 (exact) vs min_rows 250000),0,1,32.45,16.29,12.33,88.39,0.01,6125,50000000,3.00,4.24
now,50000000,parquet-zstd,parquet,p_sort,"Parquet scan, sort 2 columns by a Float64 key (s4)","SELECT id, price FROM f ORDER BY price",1659.64,120.45,13.779,5729.9,719.6,5,5,yes,0.000e0,1,TAKEN SortPreservingMergeExec (input rows 50000000 (exact) vs min_rows 0),TAKEN SortPreservingMergeExec (input rows 50000000 (exact) vs min_rows 250000),0,1,52.03,0.00,8.51,58.11,0.01,6125,50000000,2.62,5.76
before,50000000,parquet-zstd,parquet,p_sort,"Parquet scan, sort 2 columns by a Float64 key (s4)","SELECT id, price FROM f ORDER BY price",1650.71,172.43,9.573,5724.2,683.3,5,5,yes,0.000e0,1,TAKEN SortPreservingMergeExec (input rows 50000000 (exact) vs min_rows 0),TAKEN SortPreservingMergeExec (input rows 50000000 (exact) vs min_rows 250000),0,1,51.39,16.94,12.87,89.20,0.01,6125,50000000,3.14,3.67
