crate,size,layout,family,case,label,sql,off_ms,on_ms,ratio,off_cpu_ms,on_cpu_ms,iters_off,iters_on,equal,max_rel_dev,nodes_taken,rule_on,rule_default,runtime_fallbacks,metal_nodes,input_ms,concat_ms,import_ms,kernel_ms,export_ms,input_batches,out_rows,block_load_start,block_load_end,warm_ms,untimed_off,untimed_on,on_first_ms,back_ms,back_cpu_ms,back_first_ms,equal_back,def_ms,def_cpu_ms,def_first_ms,equal_def,def_taken,def_handed_back,def_groups_est,def_probe_ms,def_input_ms,def_kernel_ms,def_choice,off_first_ms,block_t0,block_t1,last_sleep,rounds,off_round_median_ms,def_round_median_ms,back_round_median_ms,on_round_median_ms,method,def_gpu,def_idle_ms,def_idle_max_ms,off_idle_ms,idle_gap_ms,off_idle_max_ms,def_idle_cpu_ms,off_idle_cpu_ms,idle_reps,idle_gap2_ms,def_idle2_ms,def_idle2_max_ms,off_idle2_ms,off_idle2_max_ms,def_idle2_cpu_ms,off_idle2_cpu_ms,idle_ctx,on_config
new,10000000,b8192,groupby,g1minmax100k,"group-by 1 int32 key, 100k groups, min(x) AS lo, max(x) AS hi","SELECT k, min(x) AS lo, max(x) AS hi FROM grid GROUP BY k",16.02,7.34,2.184,198.9,15.6,15,15,yes,0.000e0,1,TAKEN AggregateExec (input rows 10000000 (exact) vs min_rows 0; output kept at one partition (only projections above it)) | TAKEN MetalExec Aggregate { keys (ran on ArrowMetal: aggregate_choice is ArrowMetal),LEFT AggregateExec (input rows 10000000 (exact) vs min_rows 250000; minmax_f64 over 1 i32 key (memory input): the measured table takes it at no group count and size (results/datafusion_groupby_sweep_2026-09-30.csv)) | LEFT AggregateExec (Partial aggregate whose Final was not replaced),0,1,0.15,0.00,1.09,4.21,0.01,1221,100000,3.33,3.14,100,21,36,17.72,,,,,,,,,,,,,,,,20.00,2026-10-01 14:58:19,2026-10-01 14:58:36,2026-09-29 00:37:52,3,18.54,,,8.34,rounds,true,16.77,28.74,25.71,500,28.90,28.9,242.8,3,,,,,,,,on,all
new,10000000,b8192,groupby,g1minmax10k,"group-by 1 int32 key, 10k groups, min(x) AS lo, max(x) AS hi","SELECT k, min(x) AS lo, max(x) AS hi FROM grid GROUP BY k",5.81,5.42,1.072,63.6,17.6,15,15,yes,0.000e0,1,TAKEN AggregateExec (input rows 10000000 (exact) vs min_rows 0; output kept at one partition (only projections above it)) | TAKEN MetalExec Aggregate { keys (ran on ArrowMetal: aggregate_choice is ArrowMetal),LEFT AggregateExec (input rows 10000000 (exact) vs min_rows 250000; minmax_f64 over 1 i32 key (memory input): the measured table takes it at no group count and size (results/datafusion_groupby_sweep_2026-09-30.csv)) | LEFT AggregateExec (Partial aggregate whose Final was not replaced),0,1,0.16,0.00,1.28,2.48,0.01,1221,10000,3.19,3.44,100,53,50,34.47,,,,,,,,,,,,,,,,8.42,2026-10-01 14:57:58,2026-10-01 14:58:14,2026-09-29 00:37:52,3,5.88,,,5.63,rounds,true,22.94,27.85,18.56,500,18.59,49.3,123.6,3,,,,,,,,on,all
new,10000000,b8192,groupby,g1minmax1M,"group-by 1 int32 key, 1M groups, min(x) AS lo, max(x) AS hi","SELECT k, min(x) AS lo, max(x) AS hi FROM grid GROUP BY k",19.41,12.05,1.610,274.3,21.7,15,15,yes,0.000e0,1,TAKEN AggregateExec (input rows 10000000 (exact) vs min_rows 0; output kept at one partition (only projections above it)) | TAKEN MetalExec Aggregate { keys (ran on ArrowMetal: aggregate_choice is ArrowMetal),LEFT AggregateExec (input rows 10000000 (exact) vs min_rows 250000; minmax_f64 over 1 i32 key (memory input): the measured table takes it at no group count and size (results/datafusion_groupby_sweep_2026-09-30.csv)) | LEFT AggregateExec (Partial aggregate whose Final was not replaced),0,1,0.17,0.00,1.27,4.99,0.01,1221,999951,3.05,3.10,100,19,27,25.77,,,,,,,,,,,,,,,,20.51,2026-10-01 14:58:41,2026-10-01 14:58:59,2026-09-29 00:37:52,3,19.41,,,12.08,rounds,true,41.99,45.05,31.66,500,37.43,63.3,405.5,3,,,,,,,,on,all
new,10000000,b8192,groupby,g1minmax200,"group-by 1 int32 key, 200 groups, min(x) AS lo, max(x) AS hi","SELECT k, min(x) AS lo, max(x) AS hi FROM grid GROUP BY k",4.20,5.63,0.746,42.7,15.8,15,15,yes,0.000e0,1,TAKEN AggregateExec (input rows 10000000 (exact) vs min_rows 0; output kept at one partition (only projections above it)) | TAKEN MetalExec Aggregate { keys (ran on ArrowMetal: aggregate_choice is ArrowMetal),LEFT AggregateExec (input rows 10000000 (exact) vs min_rows 250000; minmax_f64 over 1 i32 key (memory input): the measured table takes it at no group count and size (results/datafusion_groupby_sweep_2026-09-30.csv)) | LEFT AggregateExec (Partial aggregate whose Final was not replaced),0,1,0.16,0.00,1.18,2.87,0.01,1221,200,2.80,4.13,100,71,51,179.79,,,,,,,,,,,,,,,,18.98,2026-10-01 14:00:51,2026-10-01 14:01:07,2026-09-29 00:37:52,3,4.26,,,5.81,rounds,true,22.09,24.69,16.46,500,17.13,53.5,86.6,3,,,,,,,,on,all
new,10000000,b8192,groupby,g1minmax32100k,"group-by 1 int32 key, 100k groups, min(y) AS lo, max(y) AS hi","SELECT k, min(y) AS lo, max(y) AS hi FROM grid GROUP BY k",14.24,7.06,2.018,176.4,15.1,15,15,yes,0.000e0,1,TAKEN AggregateExec (input rows 10000000 (exact) vs min_rows 0; output kept at one partition (only projections above it)) | TAKEN MetalExec Aggregate { keys (ran on ArrowMetal: aggregate_choice is ArrowMetal),LEFT AggregateExec (input rows 10000000 (exact) vs min_rows 250000; minmax_f64 over 1 i32 key (memory input): the measured table takes it at no group count and size (results/datafusion_groupby_sweep_2026-09-30.csv)) | LEFT AggregateExec (Partial aggregate whose Final was not replaced),0,1,0.16,0.00,1.03,3.96,0.01,1221,100000,3.33,3.14,100,24,42,17.06,,,,,,,,,,,,,,,,20.90,2026-10-01 14:58:19,2026-10-01 14:58:36,2026-09-29 00:37:52,3,14.55,,,7.06,rounds,true,20.37,34.34,26.34,500,33.29,31.2,284.3,3,,,,,,,,on,all
new,10000000,b8192,groupby,g1minmax3210k,"group-by 1 int32 key, 10k groups, min(y) AS lo, max(y) AS hi","SELECT k, min(y) AS lo, max(y) AS hi FROM grid GROUP BY k",5.62,5.81,0.967,60.3,14.0,15,15,yes,0.000e0,1,TAKEN AggregateExec (input rows 10000000 (exact) vs min_rows 0; output kept at one partition (only projections above it)) | TAKEN MetalExec Aggregate { keys (ran on ArrowMetal: aggregate_choice is ArrowMetal),LEFT AggregateExec (input rows 10000000 (exact) vs min_rows 250000; minmax_f64 over 1 i32 key (memory input): the measured table takes it at no group count and size (results/datafusion_groupby_sweep_2026-09-30.csv)) | LEFT AggregateExec (Partial aggregate whose Final was not replaced),0,1,0.16,0.00,0.91,3.28,0.01,1221,10000,3.19,3.44,100,56,48,28.85,,,,,,,,,,,,,,,,10.14,2026-10-01 14:57:58,2026-10-01 14:58:14,2026-09-29 00:37:52,3,5.68,,,5.90,rounds,true,22.13,24.50,16.14,500,16.35,35.0,123.7,3,,,,,,,,on,all
new,10000000,b8192,groupby,g1minmax321M,"group-by 1 int32 key, 1M groups, min(y) AS lo, max(y) AS hi","SELECT k, min(y) AS lo, max(y) AS hi FROM grid GROUP BY k",16.39,18.15,0.903,228.5,24.7,15,15,yes,0.000e0,1,TAKEN AggregateExec (input rows 10000000 (exact) vs min_rows 0; output kept at one partition (only projections above it)) | TAKEN MetalExec Aggregate { keys (ran on ArrowMetal: aggregate_choice is ArrowMetal),LEFT AggregateExec (input rows 10000000 (exact) vs min_rows 250000; minmax_f64 over 1 i32 key (memory input): the measured table takes it at no group count and size (results/datafusion_groupby_sweep_2026-09-30.csv)) | LEFT AggregateExec (Partial aggregate whose Final was not replaced),0,1,0.17,0.00,1.06,10.48,0.01,1221,999951,3.05,3.10,100,21,19,29.76,,,,,,,,,,,,,,,,22.94,2026-10-01 14:58:41,2026-10-01 14:58:59,2026-09-29 00:37:52,3,16.49,,,18.74,rounds,true,28.63,44.83,28.26,500,36.43,31.5,352.1,3,,,,,,,,on,all
new,10000000,b8192,groupby,g1minmax32200,"group-by 1 int32 key, 200 groups, min(y) AS lo, max(y) AS hi","SELECT k, min(y) AS lo, max(y) AS hi FROM grid GROUP BY k",4.02,5.34,0.754,41.6,12.4,15,15,yes,0.000e0,1,TAKEN AggregateExec (input rows 10000000 (exact) vs min_rows 0; output kept at one partition (only projections above it)) | TAKEN MetalExec Aggregate { keys (ran on ArrowMetal: aggregate_choice is ArrowMetal),LEFT AggregateExec (input rows 10000000 (exact) vs min_rows 250000; minmax_f64 over 1 i32 key (memory input): the measured table takes it at no group count and size (results/datafusion_groupby_sweep_2026-09-30.csv)) | LEFT AggregateExec (Partial aggregate whose Final was not replaced),0,1,0.15,0.00,0.91,2.87,0.00,1221,200,2.80,4.13,100,71,56,32.93,,,,,,,,,,,,,,,,12.65,2026-10-01 14:00:51,2026-10-01 14:01:07,2026-09-29 00:37:52,3,4.07,,,5.43,rounds,true,20.95,27.25,8.27,500,12.88,40.1,70.7,3,,,,,,,,on,all
new,10000000,b8192,groupby,g1minmax32R2,"group-by 1 int32 key, R2 groups, min(y) AS lo, max(y) AS hi","SELECT k, min(y) AS lo, max(y) AS hi FROM grid GROUP BY k",28.38,58.91,0.482,405.5,55.1,15,15,yes,0.000e0,1,TAKEN AggregateExec (input rows 10000000 (exact) vs min_rows 0; output kept at one partition (only projections above it)) | TAKEN MetalExec Aggregate { keys (ran on ArrowMetal: aggregate_choice is ArrowMetal),LEFT AggregateExec (input rows 10000000 (exact) vs min_rows 250000; minmax_f64 over 1 i32 key (memory input): the measured table takes it at no group count and size (results/datafusion_groupby_sweep_2026-09-30.csv)) | LEFT AggregateExec (Partial aggregate whose Final was not replaced),0,1,0.17,0.00,0.93,36.31,0.01,1221,4323738,3.09,4.29,100,15,9,80.97,,,,,,,,,,,,,,,,33.50,2026-10-01 14:59:04,2026-10-01 14:59:27,2026-09-29 00:37:52,3,28.80,,,58.94,rounds,true,115.96,118.18,43.94,500,49.96,114.6,576.8,3,,,,,,,,on,all
new,10000000,b8192,groupby,g1minmaxR2,"group-by 1 int32 key, R2 groups, min(x) AS lo, max(x) AS hi","SELECT k, min(x) AS lo, max(x) AS hi FROM grid GROUP BY k",32.48,34.92,0.930,459.6,36.7,15,15,yes,0.000e0,1,TAKEN AggregateExec (input rows 10000000 (exact) vs min_rows 0; output kept at one partition (only projections above it)) | TAKEN MetalExec Aggregate { keys (ran on ArrowMetal: aggregate_choice is ArrowMetal),LEFT AggregateExec (input rows 10000000 (exact) vs min_rows 250000; minmax_f64 over 1 i32 key (memory input): the measured table takes it at no group count and size (results/datafusion_groupby_sweep_2026-09-30.csv)) | LEFT AggregateExec (Partial aggregate whose Final was not replaced),0,1,0.17,0.00,1.23,14.34,0.01,1221,4323738,3.09,4.29,100,12,12,55.02,,,,,,,,,,,,,,,,35.73,2026-10-01 14:59:04,2026-10-01 14:59:27,2026-09-29 00:37:52,3,32.73,,,35.23,rounds,true,70.88,83.16,48.56,500,51.84,73.7,607.6,3,,,,,,,,on,all
new,10000000,b8192,groupby,g2minmax100k,"group-by 2 int32 keys, 100k groups, min(x) AS lo, max(x) AS hi","SELECT k1, k2, min(x) AS lo, max(x) AS hi FROM grid GROUP BY k1, k2",19.91,7.62,2.611,265.0,23.8,15,15,yes,0.000e0,1,TAKEN AggregateExec (input rows 10000000 (exact) vs min_rows 0; output kept at one partition (only projections above it)) | TAKEN MetalExec Aggregate { keys (ran on ArrowMetal: aggregate_choice is ArrowMetal),LEFT AggregateExec (input rows 10000000 (exact) vs min_rows 250000; minmax_f64 over 2+ i32 keys (memory input): the measured table takes it at no group count and size (results/datafusion_groupby_sweep_2026-09-30.csv)) | LEFT AggregateExec (Partial aggregate whose Final was not replaced),0,1,0.17,0.00,1.61,3.92,0.01,1221,100000,3.33,3.14,100,18,39,17.96,,,,,,,,,,,,,,,,27.89,2026-10-01 14:58:19,2026-10-01 14:58:36,2026-09-29 00:37:52,3,19.94,,,7.76,rounds,true,27.83,28.32,39.68,500,41.02,65.9,420.9,3,,,,,,,,on,all
new,10000000,b8192,groupby,g2minmax10k,"group-by 2 int32 keys, 10k groups, min(x) AS lo, max(x) AS hi","SELECT k1, k2, min(x) AS lo, max(x) AS hi FROM grid GROUP BY k1, k2",10.41,6.58,1.582,117.1,21.9,15,15,yes,0.000e0,1,TAKEN AggregateExec (input rows 10000000 (exact) vs min_rows 0; output kept at one partition (only projections above it)) | TAKEN MetalExec Aggregate { keys (ran on ArrowMetal: aggregate_choice is ArrowMetal),LEFT AggregateExec (input rows 10000000 (exact) vs min_rows 250000; minmax_f64 over 2+ i32 keys (memory input): the measured table takes it at no group count and size (results/datafusion_groupby_sweep_2026-09-30.csv)) | LEFT AggregateExec (Partial aggregate whose Final was not replaced),0,1,0.18,0.00,1.55,3.33,0.01,1221,10000,3.19,3.44,100,30,41,13.57,,,,,,,,,,,,,,,,18.45,2026-10-01 14:57:58,2026-10-01 14:58:14,2026-09-29 00:37:52,3,10.46,,,7.54,rounds,true,16.83,32.15,18.39,500,26.05,42.9,182.7,3,,,,,,,,on,all
new,10000000,b8192,groupby,g2minmax1M,"group-by 2 int32 keys, 1M groups, min(x) AS lo, max(x) AS hi","SELECT k1, k2, min(x) AS lo, max(x) AS hi FROM grid GROUP BY k1, k2",23.99,13.13,1.828,339.3,26.3,15,15,yes,0.000e0,1,TAKEN AggregateExec (input rows 10000000 (exact) vs min_rows 0; output kept at one partition (only projections above it)) | TAKEN MetalExec Aggregate { keys (ran on ArrowMetal: aggregate_choice is ArrowMetal),LEFT AggregateExec (input rows 10000000 (exact) vs min_rows 250000; minmax_f64 over 2+ i32 keys (memory input): the measured table takes it at no group count and size (results/datafusion_groupby_sweep_2026-09-30.csv)) | LEFT AggregateExec (Partial aggregate whose Final was not replaced),0,1,0.17,0.00,1.59,5.53,0.01,1221,999943,3.05,3.10,100,17,25,23.38,,,,,,,,,,,,,,,,30.67,2026-10-01 14:58:41,2026-10-01 14:58:59,2026-09-29 00:37:52,3,24.03,,,13.25,rounds,true,36.99,46.38,41.35,500,44.77,75.9,496.2,3,,,,,,,,on,all
new,10000000,b8192,groupby,g2minmax200,"group-by 2 int32 keys, 200 groups, min(x) AS lo, max(x) AS hi","SELECT k1, k2, min(x) AS lo, max(x) AS hi FROM grid GROUP BY k1, k2",8.60,6.50,1.323,95.9,19.9,15,15,yes,0.000e0,1,TAKEN AggregateExec (input rows 10000000 (exact) vs min_rows 0; output kept at one partition (only projections above it)) | TAKEN MetalExec Aggregate { keys (ran on ArrowMetal: aggregate_choice is ArrowMetal),LEFT AggregateExec (input rows 10000000 (exact) vs min_rows 250000; minmax_f64 over 2+ i32 keys (memory input): the measured table takes it at no group count and size (results/datafusion_groupby_sweep_2026-09-30.csv)) | LEFT AggregateExec (Partial aggregate whose Final was not replaced),0,1,0.18,0.00,1.42,3.47,0.01,1221,200,2.80,4.13,100,37,45,34.14,,,,,,,,,,,,,,,,13.07,2026-10-01 14:00:51,2026-10-01 14:01:07,2026-09-29 00:37:52,3,8.69,,,6.67,rounds,true,22.77,29.44,15.17,500,20.67,64.3,165.2,3,,,,,,,,on,all
new,10000000,b8192,groupby,g2minmax32100k,"group-by 2 int32 keys, 100k groups, min(y) AS lo, max(y) AS hi","SELECT k1, k2, min(y) AS lo, max(y) AS hi FROM grid GROUP BY k1, k2",18.46,8.06,2.291,237.3,20.2,15,15,yes,0.000e0,1,TAKEN AggregateExec (input rows 10000000 (exact) vs min_rows 0; output kept at one partition (only projections above it)) | TAKEN MetalExec Aggregate { keys (ran on ArrowMetal: aggregate_choice is ArrowMetal),LEFT AggregateExec (input rows 10000000 (exact) vs min_rows 250000; minmax_f64 over 2+ i32 keys (memory input): the measured table takes it at no group count and size (results/datafusion_groupby_sweep_2026-09-30.csv)) | LEFT AggregateExec (Partial aggregate whose Final was not replaced),0,1,0.17,0.00,1.31,4.58,0.01,1221,100000,3.33,3.14,100,21,36,18.71,,,,,,,,,,,,,,,,30.82,2026-10-01 14:58:19,2026-10-01 14:58:36,2026-09-29 00:37:52,3,18.47,,,8.15,rounds,true,29.09,36.49,38.13,500,40.59,51.5,383.0,3,,,,,,,,on,all
new,10000000,b8192,groupby,g2minmax3210k,"group-by 2 int32 keys, 10k groups, min(y) AS lo, max(y) AS hi","SELECT k1, k2, min(y) AS lo, max(y) AS hi FROM grid GROUP BY k1, k2",10.14,6.69,1.516,115.8,17.3,15,15,yes,0.000e0,1,TAKEN AggregateExec (input rows 10000000 (exact) vs min_rows 0; output kept at one partition (only projections above it)) | TAKEN MetalExec Aggregate { keys (ran on ArrowMetal: aggregate_choice is ArrowMetal),LEFT AggregateExec (input rows 10000000 (exact) vs min_rows 250000; minmax_f64 over 2+ i32 keys (memory input): the measured table takes it at no group count and size (results/datafusion_groupby_sweep_2026-09-30.csv)) | LEFT AggregateExec (Partial aggregate whose Final was not replaced),0,1,0.18,0.00,1.17,3.87,0.01,1221,10000,3.19,3.44,100,32,43,16.88,,,,,,,,,,,,,,,,17.63,2026-10-01 14:57:58,2026-10-01 14:58:14,2026-09-29 00:37:52,3,10.23,,,6.98,rounds,true,24.06,31.52,20.96,500,25.66,49.6,203.4,3,,,,,,,,on,all
new,10000000,b8192,groupby,g2minmax321M,"group-by 2 int32 keys, 1M groups, min(y) AS lo, max(y) AS hi","SELECT k1, k2, min(y) AS lo, max(y) AS hi FROM grid GROUP BY k1, k2",21.14,18.49,1.144,297.0,30.8,15,15,yes,0.000e0,1,TAKEN AggregateExec (input rows 10000000 (exact) vs min_rows 0; output kept at one partition (only projections above it)) | TAKEN MetalExec Aggregate { keys (ran on ArrowMetal: aggregate_choice is ArrowMetal),LEFT AggregateExec (input rows 10000000 (exact) vs min_rows 250000; minmax_f64 over 2+ i32 keys (memory input): the measured table takes it at no group count and size (results/datafusion_groupby_sweep_2026-09-30.csv)) | LEFT AggregateExec (Partial aggregate whose Final was not replaced),0,1,0.18,0.00,1.46,10.35,0.01,1221,999943,3.05,3.10,100,17,18,29.61,,,,,,,,,,,,,,,,26.28,2026-10-01 14:58:41,2026-10-01 14:58:59,2026-09-29 00:37:52,3,21.86,,,19.07,rounds,true,53.03,53.95,35.50,500,40.09,74.3,439.5,3,,,,,,,,on,all
new,10000000,b8192,groupby,g2minmax32200,"group-by 2 int32 keys, 200 groups, min(y) AS lo, max(y) AS hi","SELECT k1, k2, min(y) AS lo, max(y) AS hi FROM grid GROUP BY k1, k2",8.51,6.34,1.342,94.0,16.2,15,15,yes,0.000e0,1,TAKEN AggregateExec (input rows 10000000 (exact) vs min_rows 0; output kept at one partition (only projections above it)) | TAKEN MetalExec Aggregate { keys (ran on ArrowMetal: aggregate_choice is ArrowMetal),LEFT AggregateExec (input rows 10000000 (exact) vs min_rows 250000; minmax_f64 over 2+ i32 keys (memory input): the measured table takes it at no group count and size (results/datafusion_groupby_sweep_2026-09-30.csv)) | LEFT AggregateExec (Partial aggregate whose Final was not replaced),0,1,0.17,0.00,1.22,3.49,0.01,1221,200,2.80,4.13,100,38,46,14.29,,,,,,,,,,,,,,,,17.16,2026-10-01 14:00:51,2026-10-01 14:01:07,2026-09-29 00:37:52,3,8.58,,,6.36,rounds,true,22.26,24.50,21.69,500,22.47,48.4,183.9,3,,,,,,,,on,all
new,10000000,b8192,groupby,g2minmax32R2,"group-by 2 int32 keys, R2 groups, min(y) AS lo, max(y) AS hi","SELECT k1, k2, min(y) AS lo, max(y) AS hi FROM grid GROUP BY k1, k2",33.44,59.97,0.558,479.6,60.7,15,15,yes,0.000e0,1,TAKEN AggregateExec (input rows 10000000 (exact) vs min_rows 0; output kept at one partition (only projections above it)) | TAKEN MetalExec Aggregate { keys (ran on ArrowMetal: aggregate_choice is ArrowMetal),LEFT AggregateExec (input rows 10000000 (exact) vs min_rows 250000; minmax_f64 over 2+ i32 keys (memory input): the measured table takes it at no group count and size (results/datafusion_groupby_sweep_2026-09-30.csv)) | LEFT AggregateExec (Partial aggregate whose Final was not replaced),0,1,0.19,0.00,1.28,36.95,0.01,1221,4321209,3.09,4.29,100,12,9,77.74,,,,,,,,,,,,,,,,37.71,2026-10-01 14:59:04,2026-10-01 14:59:27,2026-09-29 00:37:52,3,33.65,,,61.65,rounds,true,85.66,118.03,57.61,500,62.12,81.3,652.9,3,,,,,,,,on,all
new,10000000,b8192,groupby,g2minmaxR2,"group-by 2 int32 keys, R2 groups, min(x) AS lo, max(x) AS hi","SELECT k1, k2, min(x) AS lo, max(x) AS hi FROM grid GROUP BY k1, k2",36.56,35.61,1.027,528.7,39.6,15,15,yes,0.000e0,1,TAKEN AggregateExec (input rows 10000000 (exact) vs min_rows 0; output kept at one partition (only projections above it)) | TAKEN MetalExec Aggregate { keys (ran on ArrowMetal: aggregate_choice is ArrowMetal),LEFT AggregateExec (input rows 10000000 (exact) vs min_rows 250000; minmax_f64 over 2+ i32 keys (memory input): the measured table takes it at no group count and size (results/datafusion_groupby_sweep_2026-09-30.csv)) | LEFT AggregateExec (Partial aggregate whose Final was not replaced),0,1,0.19,0.00,1.57,14.56,0.01,1221,4321209,3.09,4.29,100,12,12,48.10,,,,,,,,,,,,,,,,42.67,2026-10-01 14:59:04,2026-10-01 14:59:27,2026-09-29 00:37:52,3,36.58,,,35.72,rounds,true,70.85,86.00,57.20,500,60.14,92.0,700.9,3,,,,,,,,on,all
new,10000000,part1,groupby,g1minmax100k,"group-by 1 int32 key, 100k groups, min(x) AS lo, max(x) AS hi","SELECT k, min(x) AS lo, max(x) AS hi FROM grid GROUP BY k",15.29,6.10,2.505,194.4,14.8,15,15,yes,0.000e0,1,TAKEN AggregateExec (input rows 10000000 (exact) vs min_rows 0; output kept at one partition (only projections above it)) | TAKEN MetalExec Aggregate { keys (ran on ArrowMetal: aggregate_choice is ArrowMetal),LEFT AggregateExec (input rows 10000000 (exact) vs min_rows 250000; minmax_f64 over 1 i32 key (memory input): the measured table takes it at no group count and size (results/datafusion_groupby_sweep_2026-09-30.csv)) | LEFT AggregateExec (Partial aggregate whose Final was not replaced),0,1,0.17,0.00,1.04,3.49,0.01,1232,100000,1.98,3.51,100,23,48,18.46,,,,,,,,,,,,,,,,16.84,2026-10-01 15:07:39,2026-10-01 15:07:56,2026-09-29 00:37:52,3,15.57,,,6.19,rounds,true,23.98,29.57,25.86,500,34.35,48.6,324.3,3,,,,,,,,on,all
new,10000000,part1,groupby,g1minmax10k,"group-by 1 int32 key, 10k groups, min(x) AS lo, max(x) AS hi","SELECT k, min(x) AS lo, max(x) AS hi FROM grid GROUP BY k",5.63,5.36,1.050,62.0,15.5,15,15,yes,0.000e0,1,TAKEN AggregateExec (input rows 10000000 (exact) vs min_rows 0; output kept at one partition (only projections above it)) | TAKEN MetalExec Aggregate { keys (ran on ArrowMetal: aggregate_choice is ArrowMetal),LEFT AggregateExec (input rows 10000000 (exact) vs min_rows 250000; minmax_f64 over 1 i32 key (memory input): the measured table takes it at no group count and size (results/datafusion_groupby_sweep_2026-09-30.csv)) | LEFT AggregateExec (Partial aggregate whose Final was not replaced),0,1,0.17,0.00,1.08,3.04,0.00,1232,10000,2.26,1.98,100,57,54,16.08,,,,,,,,,,,,,,,,6.39,2026-10-01 15:07:19,2026-10-01 15:07:35,2026-09-29 00:37:52,3,5.65,,,5.47,rounds,true,20.10,20.98,9.88,500,12.06,39.5,80.9,3,,,,,,,,on,all
new,10000000,part1,groupby,g1minmax1M,"group-by 1 int32 key, 1M groups, min(x) AS lo, max(x) AS hi","SELECT k, min(x) AS lo, max(x) AS hi FROM grid GROUP BY k",18.64,11.07,1.683,275.9,20.4,15,15,yes,0.000e0,1,TAKEN AggregateExec (input rows 10000000 (exact) vs min_rows 0; output kept at one partition (only projections above it)) | TAKEN MetalExec Aggregate { keys (ran on ArrowMetal: aggregate_choice is ArrowMetal),LEFT AggregateExec (input rows 10000000 (exact) vs min_rows 250000; minmax_f64 over 1 i32 key (memory input): the measured table takes it at no group count and size (results/datafusion_groupby_sweep_2026-09-30.csv)) | LEFT AggregateExec (Partial aggregate whose Final was not replaced),0,1,0.17,0.00,1.12,4.59,0.01,1232,999951,3.31,3.53,100,21,28,25.97,,,,,,,,,,,,,,,,19.94,2026-10-01 15:08:01,2026-10-01 15:08:19,2026-09-29 00:37:52,3,19.20,,,11.54,rounds,true,38.34,44.36,30.04,500,40.00,61.1,367.8,3,,,,,,,,on,all
new,10000000,part1,groupby,g1minmax200,"group-by 1 int32 key, 200 groups, min(x) AS lo, max(x) AS hi","SELECT k, min(x) AS lo, max(x) AS hi FROM grid GROUP BY k",3.99,5.16,0.773,41.1,17.1,15,15,yes,0.000e0,1,TAKEN AggregateExec (input rows 10000000 (exact) vs min_rows 0; output kept at one partition (only projections above it)) | TAKEN MetalExec Aggregate { keys (ran on ArrowMetal: aggregate_choice is ArrowMetal),LEFT AggregateExec (input rows 10000000 (exact) vs min_rows 250000; minmax_f64 over 1 i32 key (memory input): the measured table takes it at no group count and size (results/datafusion_groupby_sweep_2026-09-30.csv)) | LEFT AggregateExec (Partial aggregate whose Final was not replaced),0,1,0.21,0.00,1.10,2.82,0.00,1232,200,2.85,2.37,100,78,56,46.42,,,,,,,,,,,,,,,,4.37,2026-10-01 15:06:58,2026-10-01 15:07:14,2026-09-29 00:37:52,3,3.99,,,5.23,rounds,true,16.66,27.74,8.64,500,14.99,40.7,75.9,3,,,,,,,,on,all
new,10000000,part1,groupby,g1minmax32100k,"group-by 1 int32 key, 100k groups, min(y) AS lo, max(y) AS hi","SELECT k, min(y) AS lo, max(y) AS hi FROM grid GROUP BY k",14.17,6.79,2.089,176.6,12.7,15,15,yes,0.000e0,1,TAKEN AggregateExec (input rows 10000000 (exact) vs min_rows 0; output kept at one partition (only projections above it)) | TAKEN MetalExec Aggregate { keys (ran on ArrowMetal: aggregate_choice is ArrowMetal),LEFT AggregateExec (input rows 10000000 (exact) vs min_rows 250000; minmax_f64 over 1 i32 key (memory input): the measured table takes it at no group count and size (results/datafusion_groupby_sweep_2026-09-30.csv)) | LEFT AggregateExec (Partial aggregate whose Final was not replaced),0,1,0.16,0.00,0.84,4.25,0.00,1232,100000,1.98,3.51,100,23,43,16.17,,,,,,,,,,,,,,,,21.62,2026-10-01 15:07:39,2026-10-01 15:07:56,2026-09-29 00:37:52,3,14.56,,,6.81,rounds,true,25.69,31.80,31.84,500,31.86,35.8,296.0,3,,,,,,,,on,all
new,10000000,part1,groupby,g1minmax3210k,"group-by 1 int32 key, 10k groups, min(y) AS lo, max(y) AS hi","SELECT k, min(y) AS lo, max(y) AS hi FROM grid GROUP BY k",5.45,5.64,0.967,60.4,11.9,15,15,yes,0.000e0,1,TAKEN AggregateExec (input rows 10000000 (exact) vs min_rows 0; output kept at one partition (only projections above it)) | TAKEN MetalExec Aggregate { keys (ran on ArrowMetal: aggregate_choice is ArrowMetal),LEFT AggregateExec (input rows 10000000 (exact) vs min_rows 250000; minmax_f64 over 1 i32 key (memory input): the measured table takes it at no group count and size (results/datafusion_groupby_sweep_2026-09-30.csv)) | LEFT AggregateExec (Partial aggregate whose Final was not replaced),0,1,0.20,0.00,0.82,3.44,0.00,1232,10000,2.26,1.98,100,56,51,13.62,,,,,,,,,,,,,,,,7.29,2026-10-01 15:07:19,2026-10-01 15:07:35,2026-09-29 00:37:52,3,5.54,,,5.67,rounds,true,22.02,24.81,13.77,500,17.33,39.1,109.1,3,,,,,,,,on,all
new,10000000,part1,groupby,g1minmax321M,"group-by 1 int32 key, 1M groups, min(y) AS lo, max(y) AS hi","SELECT k, min(y) AS lo, max(y) AS hi FROM grid GROUP BY k",16.09,17.35,0.927,233.7,22.2,15,15,yes,0.000e0,1,TAKEN AggregateExec (input rows 10000000 (exact) vs min_rows 0; output kept at one partition (only projections above it)) | TAKEN MetalExec Aggregate { keys (ran on ArrowMetal: aggregate_choice is ArrowMetal),LEFT AggregateExec (input rows 10000000 (exact) vs min_rows 250000; minmax_f64 over 1 i32 key (memory input): the measured table takes it at no group count and size (results/datafusion_groupby_sweep_2026-09-30.csv)) | LEFT AggregateExec (Partial aggregate whose Final was not replaced),0,1,0.18,0.00,0.85,10.59,0.01,1232,999951,3.31,3.53,100,22,20,28.71,,,,,,,,,,,,,,,,20.18,2026-10-01 15:08:01,2026-10-01 15:08:19,2026-09-29 00:37:52,3,16.54,,,18.12,rounds,true,45.65,53.26,32.69,500,33.79,54.2,326.7,3,,,,,,,,on,all
new,10000000,part1,groupby,g1minmax32200,"group-by 1 int32 key, 200 groups, min(y) AS lo, max(y) AS hi","SELECT k, min(y) AS lo, max(y) AS hi FROM grid GROUP BY k",3.87,4.80,0.806,39.9,13.4,15,15,yes,0.000e0,1,TAKEN AggregateExec (input rows 10000000 (exact) vs min_rows 0; output kept at one partition (only projections above it)) | TAKEN MetalExec Aggregate { keys (ran on ArrowMetal: aggregate_choice is ArrowMetal),LEFT AggregateExec (input rows 10000000 (exact) vs min_rows 250000; minmax_f64 over 1 i32 key (memory input): the measured table takes it at no group count and size (results/datafusion_groupby_sweep_2026-09-30.csv)) | LEFT AggregateExec (Partial aggregate whose Final was not replaced),0,1,0.17,0.00,0.83,2.76,0.00,1232,200,2.85,2.37,100,76,57,11.45,,,,,,,,,,,,,,,,6.23,2026-10-01 15:06:58,2026-10-01 15:07:14,2026-09-29 00:37:52,3,3.92,,,5.10,rounds,true,18.75,21.57,8.86,500,26.82,34.1,80.8,3,,,,,,,,on,all
new,10000000,part1,groupby,g1minmax32R2,"group-by 1 int32 key, R2 groups, min(y) AS lo, max(y) AS hi","SELECT k, min(y) AS lo, max(y) AS hi FROM grid GROUP BY k",28.66,58.09,0.493,420.2,54.6,15,15,yes,0.000e0,1,TAKEN AggregateExec (input rows 10000000 (exact) vs min_rows 0; output kept at one partition (only projections above it)) | TAKEN MetalExec Aggregate { keys (ran on ArrowMetal: aggregate_choice is ArrowMetal),LEFT AggregateExec (input rows 10000000 (exact) vs min_rows 250000; minmax_f64 over 1 i32 key (memory input): the measured table takes it at no group count and size (results/datafusion_groupby_sweep_2026-09-30.csv)) | LEFT AggregateExec (Partial aggregate whose Final was not replaced),0,1,0.18,0.00,0.87,35.86,0.01,1232,4323738,3.33,3.19,100,15,9,82.42,,,,,,,,,,,,,,,,30.37,2026-10-01 15:08:24,2026-10-01 15:08:47,2026-09-29 00:37:52,3,28.97,,,59.79,rounds,true,96.84,98.56,37.56,500,40.33,89.5,517.6,3,,,,,,,,on,all
new,10000000,part1,groupby,g1minmaxR2,"group-by 1 int32 key, R2 groups, min(x) AS lo, max(x) AS hi","SELECT k, min(x) AS lo, max(x) AS hi FROM grid GROUP BY k",31.64,33.66,0.940,466.4,33.9,15,15,yes,0.000e0,1,TAKEN AggregateExec (input rows 10000000 (exact) vs min_rows 0; output kept at one partition (only projections above it)) | TAKEN MetalExec Aggregate { keys (ran on ArrowMetal: aggregate_choice is ArrowMetal),LEFT AggregateExec (input rows 10000000 (exact) vs min_rows 250000; minmax_f64 over 1 i32 key (memory input): the measured table takes it at no group count and size (results/datafusion_groupby_sweep_2026-09-30.csv)) | LEFT AggregateExec (Partial aggregate whose Final was not replaced),0,1,0.17,0.00,1.11,13.67,0.01,1232,4323738,3.33,3.19,100,15,12,50.99,,,,,,,,,,,,,,,,33.48,2026-10-01 15:08:24,2026-10-01 15:08:47,2026-09-29 00:37:52,3,32.14,,,33.99,rounds,true,68.20,85.82,50.25,500,54.55,86.4,643.9,3,,,,,,,,on,all
new,10000000,part1,groupby,g2minmax100k,"group-by 2 int32 keys, 100k groups, min(x) AS lo, max(x) AS hi","SELECT k1, k2, min(x) AS lo, max(x) AS hi FROM grid GROUP BY k1, k2",19.47,7.03,2.770,268.8,19.4,15,15,yes,0.000e0,1,TAKEN AggregateExec (input rows 10000000 (exact) vs min_rows 0; output kept at one partition (only projections above it)) | TAKEN MetalExec Aggregate { keys (ran on ArrowMetal: aggregate_choice is ArrowMetal),LEFT AggregateExec (input rows 10000000 (exact) vs min_rows 250000; minmax_f64 over 2+ i32 keys (memory input): the measured table takes it at no group count and size (results/datafusion_groupby_sweep_2026-09-30.csv)) | LEFT AggregateExec (Partial aggregate whose Final was not replaced),0,1,0.18,0.00,1.30,4.00,0.00,1232,100000,1.98,3.51,100,18,39,15.43,,,,,,,,,,,,,,,,21.39,2026-10-01 15:07:39,2026-10-01 15:07:56,2026-09-29 00:37:52,3,19.47,,,7.26,rounds,true,26.94,35.80,36.42,500,37.75,55.0,417.6,3,,,,,,,,on,all
new,10000000,part1,groupby,g2minmax10k,"group-by 2 int32 keys, 10k groups, min(x) AS lo, max(x) AS hi","SELECT k1, k2, min(x) AS lo, max(x) AS hi FROM grid GROUP BY k1, k2",10.19,6.38,1.597,116.4,21.3,15,15,yes,0.000e0,1,TAKEN AggregateExec (input rows 10000000 (exact) vs min_rows 0; output kept at one partition (only projections above it)) | TAKEN MetalExec Aggregate { keys (ran on ArrowMetal: aggregate_choice is ArrowMetal),LEFT AggregateExec (input rows 10000000 (exact) vs min_rows 250000; minmax_f64 over 2+ i32 keys (memory input): the measured table takes it at no group count and size (results/datafusion_groupby_sweep_2026-09-30.csv)) | LEFT AggregateExec (Partial aggregate whose Final was not replaced),0,1,0.19,0.00,1.38,3.67,0.00,1232,10000,2.26,1.98,100,33,45,14.15,,,,,,,,,,,,,,,,13.62,2026-10-01 15:07:19,2026-10-01 15:07:35,2026-09-29 00:37:52,3,10.26,,,6.64,rounds,true,14.32,20.17,24.44,500,28.03,26.7,220.0,3,,,,,,,,on,all
new,10000000,part1,groupby,g2minmax1M,"group-by 2 int32 keys, 1M groups, min(x) AS lo, max(x) AS hi","SELECT k1, k2, min(x) AS lo, max(x) AS hi FROM grid GROUP BY k1, k2",23.72,12.02,1.974,338.0,23.7,15,15,yes,0.000e0,1,TAKEN AggregateExec (input rows 10000000 (exact) vs min_rows 0; output kept at one partition (only projections above it)) | TAKEN MetalExec Aggregate { keys (ran on ArrowMetal: aggregate_choice is ArrowMetal),LEFT AggregateExec (input rows 10000000 (exact) vs min_rows 250000; minmax_f64 over 2+ i32 keys (memory input): the measured table takes it at no group count and size (results/datafusion_groupby_sweep_2026-09-30.csv)) | LEFT AggregateExec (Partial aggregate whose Final was not replaced),0,1,0.20,0.00,1.43,5.28,0.01,1232,999943,3.31,3.53,100,15,27,23.37,,,,,,,,,,,,,,,,29.79,2026-10-01 15:08:01,2026-10-01 15:08:19,2026-09-29 00:37:52,3,25.18,,,12.26,rounds,true,38.28,38.45,36.16,500,45.09,60.0,512.7,3,,,,,,,,on,all
new,10000000,part1,groupby,g2minmax200,"group-by 2 int32 keys, 200 groups, min(x) AS lo, max(x) AS hi","SELECT k1, k2, min(x) AS lo, max(x) AS hi FROM grid GROUP BY k1, k2",8.37,5.88,1.424,93.6,20.6,15,15,yes,0.000e0,1,TAKEN AggregateExec (input rows 10000000 (exact) vs min_rows 0; output kept at one partition (only projections above it)) | TAKEN MetalExec Aggregate { keys (ran on ArrowMetal: aggregate_choice is ArrowMetal),LEFT AggregateExec (input rows 10000000 (exact) vs min_rows 250000; minmax_f64 over 2+ i32 keys (memory input): the measured table takes it at no group count and size (results/datafusion_groupby_sweep_2026-09-30.csv)) | LEFT AggregateExec (Partial aggregate whose Final was not replaced),0,1,0.21,0.00,1.39,3.13,0.01,1232,200,2.85,2.37,100,37,48,13.70,,,,,,,,,,,,,,,,18.26,2026-10-01 15:06:58,2026-10-01 15:07:14,2026-09-29 00:37:52,3,8.41,,,6.15,rounds,true,20.14,26.86,14.41,500,21.62,58.2,159.1,3,,,,,,,,on,all
new,10000000,part1,groupby,g2minmax32100k,"group-by 2 int32 keys, 100k groups, min(y) AS lo, max(y) AS hi","SELECT k1, k2, min(y) AS lo, max(y) AS hi FROM grid GROUP BY k1, k2",18.23,7.50,2.430,241.2,16.3,15,15,yes,0.000e0,1,TAKEN AggregateExec (input rows 10000000 (exact) vs min_rows 0; output kept at one partition (only projections above it)) | TAKEN MetalExec Aggregate { keys (ran on ArrowMetal: aggregate_choice is ArrowMetal),LEFT AggregateExec (input rows 10000000 (exact) vs min_rows 250000; minmax_f64 over 2+ i32 keys (memory input): the measured table takes it at no group count and size (results/datafusion_groupby_sweep_2026-09-30.csv)) | LEFT AggregateExec (Partial aggregate whose Final was not replaced),0,1,0.18,0.00,1.13,4.66,0.00,1232,100000,1.98,3.51,100,21,39,18.12,,,,,,,,,,,,,,,,22.24,2026-10-01 15:07:39,2026-10-01 15:07:56,2026-09-29 00:37:52,3,18.34,,,7.55,rounds,true,27.08,35.98,32.08,500,36.74,46.9,401.0,3,,,,,,,,on,all
new,10000000,part1,groupby,g2minmax3210k,"group-by 2 int32 keys, 10k groups, min(y) AS lo, max(y) AS hi","SELECT k1, k2, min(y) AS lo, max(y) AS hi FROM grid GROUP BY k1, k2",9.99,6.30,1.585,114.7,16.3,15,15,yes,0.000e0,1,TAKEN AggregateExec (input rows 10000000 (exact) vs min_rows 0; output kept at one partition (only projections above it)) | TAKEN MetalExec Aggregate { keys (ran on ArrowMetal: aggregate_choice is ArrowMetal),LEFT AggregateExec (input rows 10000000 (exact) vs min_rows 250000; minmax_f64 over 2+ i32 keys (memory input): the measured table takes it at no group count and size (results/datafusion_groupby_sweep_2026-09-30.csv)) | LEFT AggregateExec (Partial aggregate whose Final was not replaced),0,1,0.20,0.00,1.05,3.88,0.01,1232,10000,2.26,1.98,100,33,43,17.18,,,,,,,,,,,,,,,,13.34,2026-10-01 15:07:19,2026-10-01 15:07:35,2026-09-29 00:37:52,3,10.03,,,6.38,rounds,true,18.45,22.59,23.66,500,25.46,35.8,214.4,3,,,,,,,,on,all
new,10000000,part1,groupby,g2minmax321M,"group-by 2 int32 keys, 1M groups, min(y) AS lo, max(y) AS hi","SELECT k1, k2, min(y) AS lo, max(y) AS hi FROM grid GROUP BY k1, k2",20.70,18.39,1.126,303.8,27.0,15,15,yes,0.000e0,1,TAKEN AggregateExec (input rows 10000000 (exact) vs min_rows 0; output kept at one partition (only projections above it)) | TAKEN MetalExec Aggregate { keys (ran on ArrowMetal: aggregate_choice is ArrowMetal),LEFT AggregateExec (input rows 10000000 (exact) vs min_rows 250000; minmax_f64 over 2+ i32 keys (memory input): the measured table takes it at no group count and size (results/datafusion_groupby_sweep_2026-09-30.csv)) | LEFT AggregateExec (Partial aggregate whose Final was not replaced),0,1,0.20,0.00,1.19,11.11,0.01,1232,999943,3.31,3.53,100,18,19,27.23,,,,,,,,,,,,,,,,26.67,2026-10-01 15:08:01,2026-10-01 15:08:19,2026-09-29 00:37:52,3,22.06,,,18.98,rounds,true,40.41,44.09,37.26,500,39.75,48.0,475.1,3,,,,,,,,on,all
new,10000000,part1,groupby,g2minmax32200,"group-by 2 int32 keys, 200 groups, min(y) AS lo, max(y) AS hi","SELECT k1, k2, min(y) AS lo, max(y) AS hi FROM grid GROUP BY k1, k2",8.40,5.86,1.433,92.9,17.3,15,15,yes,0.000e0,1,TAKEN AggregateExec (input rows 10000000 (exact) vs min_rows 0; output kept at one partition (only projections above it)) | TAKEN MetalExec Aggregate { keys (ran on ArrowMetal: aggregate_choice is ArrowMetal),LEFT AggregateExec (input rows 10000000 (exact) vs min_rows 250000; minmax_f64 over 2+ i32 keys (memory input): the measured table takes it at no group count and size (results/datafusion_groupby_sweep_2026-09-30.csv)) | LEFT AggregateExec (Partial aggregate whose Final was not replaced),0,1,0.21,0.00,1.03,3.54,0.00,1232,200,2.85,2.37,100,39,48,13.41,,,,,,,,,,,,,,,,10.56,2026-10-01 15:06:58,2026-10-01 15:07:14,2026-09-29 00:37:52,3,8.42,,,5.92,rounds,true,20.22,28.25,22.88,500,23.37,44.0,180.3,3,,,,,,,,on,all
new,10000000,part1,groupby,g2minmax32R2,"group-by 2 int32 keys, R2 groups, min(y) AS lo, max(y) AS hi","SELECT k1, k2, min(y) AS lo, max(y) AS hi FROM grid GROUP BY k1, k2",33.08,60.97,0.542,484.0,59.5,15,15,yes,0.000e0,1,TAKEN AggregateExec (input rows 10000000 (exact) vs min_rows 0; output kept at one partition (only projections above it)) | TAKEN MetalExec Aggregate { keys (ran on ArrowMetal: aggregate_choice is ArrowMetal),LEFT AggregateExec (input rows 10000000 (exact) vs min_rows 250000; minmax_f64 over 2+ i32 keys (memory input): the measured table takes it at no group count and size (results/datafusion_groupby_sweep_2026-09-30.csv)) | LEFT AggregateExec (Partial aggregate whose Final was not replaced),0,1,0.19,0.00,1.17,37.95,0.01,1232,4321209,3.33,3.19,100,12,9,74.35,,,,,,,,,,,,,,,,36.59,2026-10-01 15:08:24,2026-10-01 15:08:47,2026-09-29 00:37:52,3,33.40,,,61.60,rounds,true,85.34,90.99,37.52,500,39.92,92.9,492.4,3,,,,,,,,on,all
new,10000000,part1,groupby,g2minmaxR2,"group-by 2 int32 keys, R2 groups, min(x) AS lo, max(x) AS hi","SELECT k1, k2, min(x) AS lo, max(x) AS hi FROM grid GROUP BY k1, k2",36.47,36.30,1.004,537.0,38.6,15,15,yes,0.000e0,1,TAKEN AggregateExec (input rows 10000000 (exact) vs min_rows 0; output kept at one partition (only projections above it)) | TAKEN MetalExec Aggregate { keys (ran on ArrowMetal: aggregate_choice is ArrowMetal),LEFT AggregateExec (input rows 10000000 (exact) vs min_rows 250000; minmax_f64 over 2+ i32 keys (memory input): the measured table takes it at no group count and size (results/datafusion_groupby_sweep_2026-09-30.csv)) | LEFT AggregateExec (Partial aggregate whose Final was not replaced),0,1,0.18,0.00,1.40,15.88,0.01,1232,4321209,3.33,3.19,100,12,12,46.74,,,,,,,,,,,,,,,,51.43,2026-10-01 15:08:24,2026-10-01 15:08:47,2026-09-29 00:37:52,3,36.74,,,37.14,rounds,true,60.36,63.53,48.51,500,56.72,62.7,602.4,3,,,,,,,,on,all
new,50000000,b8192,groupby,g1minmax100k,"group-by 1 int32 key, 100k groups, min(x) AS lo, max(x) AS hi","SELECT k, min(x) AS lo, max(x) AS hi FROM grid GROUP BY k",45.00,22.06,2.040,690.1,90.5,15,15,yes,0.000e0,1,TAKEN AggregateExec (input rows 50000000 (exact) vs min_rows 0; output kept at one partition (only projections above it)) | TAKEN MetalExec Aggregate { keys (ran on ArrowMetal: aggregate_choice is ArrowMetal),LEFT AggregateExec (input rows 50000000 (exact) vs min_rows 250000; minmax_f64 over 1 i32 key (memory input): the measured table takes it at no group count and size (results/datafusion_groupby_sweep_2026-09-30.csv)) | LEFT AggregateExec (Partial aggregate whose Final was not replaced),0,1,0.87,0.00,5.50,11.32,0.01,6104,100000,3.12,2.83,100,12,17,42.22,,,,,,,,,,,,,,,,49.57,2026-10-01 15:10:03,2026-10-01 15:10:25,2026-09-29 00:37:52,3,46.81,,,22.12,rounds,true,68.18,75.09,71.66,500,71.93,147.1,883.8,3,,,,,,,,on,all
new,50000000,b8192,groupby,g1minmax10k,"group-by 1 int32 key, 10k groups, min(x) AS lo, max(x) AS hi","SELECT k, min(x) AS lo, max(x) AS hi FROM grid GROUP BY k",20.36,20.19,1.009,243.4,84.7,15,15,yes,0.000e0,1,TAKEN AggregateExec (input rows 50000000 (exact) vs min_rows 0; output kept at one partition (only projections above it)) | TAKEN MetalExec Aggregate { keys (ran on ArrowMetal: aggregate_choice is ArrowMetal),LEFT AggregateExec (input rows 50000000 (exact) vs min_rows 250000; minmax_f64 over 1 i32 key (memory input): the measured table takes it at no group count and size (results/datafusion_groupby_sweep_2026-09-30.csv)) | LEFT AggregateExec (Partial aggregate whose Final was not replaced),0,1,0.82,0.00,4.86,10.43,0.01,6104,10000,3.48,4.09,100,18,18,42.41,,,,,,,,,,,,,,,,23.84,2026-10-01 15:09:17,2026-10-01 15:09:37,2026-09-29 00:37:52,3,20.44,,,20.77,rounds,true,46.69,72.43,41.05,500,43.17,132.8,413.3,3,,,,,,,,on,all
new,50000000,b8192,groupby,g1minmax1M,"group-by 1 int32 key, 1M groups, min(x) AS lo, max(x) AS hi","SELECT k, min(x) AS lo, max(x) AS hi FROM grid GROUP BY k",75.50,28.46,2.652,1110.4,96.9,15,15,yes,0.000e0,1,TAKEN AggregateExec (input rows 50000000 (exact) vs min_rows 0; output kept at one partition (only projections above it)) | TAKEN MetalExec Aggregate { keys (ran on ArrowMetal: aggregate_choice is ArrowMetal),LEFT AggregateExec (input rows 50000000 (exact) vs min_rows 250000; minmax_f64 over 1 i32 key (memory input): the measured table takes it at no group count and size (results/datafusion_groupby_sweep_2026-09-30.csv)) | LEFT AggregateExec (Partial aggregate whose Final was not replaced),0,1,0.83,0.00,5.54,13.91,0.01,6104,1000000,2.69,4.37,100,9,14,52.92,,,,,,,,,,,,,,,,76.69,2026-10-01 15:10:31,2026-10-01 15:10:56,2026-09-29 00:37:52,3,75.65,,,28.57,rounds,true,80.55,90.74,97.61,500,99.33,157.4,1326.8,3,,,,,,,,on,all
new,50000000,b8192,groupby,g1minmax200,"group-by 1 int32 key, 200 groups, min(x) AS lo, max(x) AS hi","SELECT k, min(x) AS lo, max(x) AS hi FROM grid GROUP BY k",18.13,17.95,1.010,200.5,85.3,15,15,yes,0.000e0,1,TAKEN AggregateExec (input rows 50000000 (exact) vs min_rows 0; output kept at one partition (only projections above it)) | TAKEN MetalExec Aggregate { keys (ran on ArrowMetal: aggregate_choice is ArrowMetal),LEFT AggregateExec (input rows 50000000 (exact) vs min_rows 250000; minmax_f64 over 1 i32 key (memory input): the measured table takes it at no group count and size (results/datafusion_groupby_sweep_2026-09-30.csv)) | LEFT AggregateExec (Partial aggregate whose Final was not replaced),0,1,0.86,0.00,4.91,8.16,0.01,6104,200,3.16,3.57,100,20,20,88.73,,,,,,,,,,,,,,,,20.51,2026-10-01 15:08:53,2026-10-01 15:09:12,2026-09-29 00:37:52,3,18.22,,,18.16,rounds,true,39.23,41.90,36.50,500,36.68,124.1,346.3,3,,,,,,,,on,all
new,50000000,b8192,groupby,g1minmax32100k,"group-by 1 int32 key, 100k groups, min(y) AS lo, max(y) AS hi","SELECT k, min(y) AS lo, max(y) AS hi FROM grid GROUP BY k",39.10,22.24,1.758,560.0,69.5,15,15,yes,0.000e0,1,TAKEN AggregateExec (input rows 50000000 (exact) vs min_rows 0; output kept at one partition (only projections above it)) | TAKEN MetalExec Aggregate { keys (ran on ArrowMetal: aggregate_choice is ArrowMetal),LEFT AggregateExec (input rows 50000000 (exact) vs min_rows 250000; minmax_f64 over 1 i32 key (memory input): the measured table takes it at no group count and size (results/datafusion_groupby_sweep_2026-09-30.csv)) | LEFT AggregateExec (Partial aggregate whose Final was not replaced),0,1,0.85,0.00,3.84,13.10,0.01,6104,100000,3.12,2.83,100,12,16,31.21,,,,,,,,,,,,,,,,49.02,2026-10-01 15:10:03,2026-10-01 15:10:25,2026-09-29 00:37:52,3,41.65,,,22.67,rounds,true,67.80,67.81,66.02,500,68.39,130.6,783.2,3,,,,,,,,on,all
new,50000000,b8192,groupby,g1minmax3210k,"group-by 1 int32 key, 10k groups, min(y) AS lo, max(y) AS hi","SELECT k, min(y) AS lo, max(y) AS hi FROM grid GROUP BY k",19.99,20.60,0.970,233.4,68.7,15,15,yes,0.000e0,1,TAKEN AggregateExec (input rows 50000000 (exact) vs min_rows 0; output kept at one partition (only projections above it)) | TAKEN MetalExec Aggregate { keys (ran on ArrowMetal: aggregate_choice is ArrowMetal),LEFT AggregateExec (input rows 50000000 (exact) vs min_rows 250000; minmax_f64 over 1 i32 key (memory input): the measured table takes it at no group count and size (results/datafusion_groupby_sweep_2026-09-30.csv)) | LEFT AggregateExec (Partial aggregate whose Final was not replaced),0,1,0.85,0.00,3.94,11.88,0.01,6104,10000,3.48,4.09,100,18,18,28.32,,,,,,,,,,,,,,,,25.86,2026-10-01 15:09:17,2026-10-01 15:09:37,2026-09-29 00:37:52,3,20.01,,,21.24,rounds,true,46.66,63.03,38.89,500,40.50,115.0,404.9,3,,,,,,,,on,all
new,50000000,b8192,groupby,g1minmax321M,"group-by 1 int32 key, 1M groups, min(y) AS lo, max(y) AS hi","SELECT k, min(y) AS lo, max(y) AS hi FROM grid GROUP BY k",59.77,40.52,1.475,890.5,81.6,15,15,yes,0.000e0,1,TAKEN AggregateExec (input rows 50000000 (exact) vs min_rows 0; output kept at one partition (only projections above it)) | TAKEN MetalExec Aggregate { keys (ran on ArrowMetal: aggregate_choice is ArrowMetal),LEFT AggregateExec (input rows 50000000 (exact) vs min_rows 250000; minmax_f64 over 1 i32 key (memory input): the measured table takes it at no group count and size (results/datafusion_groupby_sweep_2026-09-30.csv)) | LEFT AggregateExec (Partial aggregate whose Final was not replaced),0,1,0.80,0.00,4.74,26.13,0.01,6104,1000000,2.69,4.37,100,9,12,51.35,,,,,,,,,,,,,,,,65.29,2026-10-01 15:10:31,2026-10-01 15:10:56,2026-09-29 00:37:52,3,60.08,,,40.74,rounds,true,74.13,87.88,77.36,500,84.07,130.1,1070.9,3,,,,,,,,on,all
new,50000000,b8192,groupby,g1minmax32200,"group-by 1 int32 key, 200 groups, min(y) AS lo, max(y) AS hi","SELECT k, min(y) AS lo, max(y) AS hi FROM grid GROUP BY k",17.69,15.35,1.153,194.7,63.7,15,15,yes,0.000e0,1,TAKEN AggregateExec (input rows 50000000 (exact) vs min_rows 0; output kept at one partition (only projections above it)) | TAKEN MetalExec Aggregate { keys (ran on ArrowMetal: aggregate_choice is ArrowMetal),LEFT AggregateExec (input rows 50000000 (exact) vs min_rows 250000; minmax_f64 over 1 i32 key (memory input): the measured table takes it at no group count and size (results/datafusion_groupby_sweep_2026-09-30.csv)) | LEFT AggregateExec (Partial aggregate whose Final was not replaced),0,1,0.81,0.00,3.94,6.75,0.01,6104,200,3.16,3.57,100,21,22,25.73,,,,,,,,,,,,,,,,21.86,2026-10-01 15:08:53,2026-10-01 15:09:12,2026-09-29 00:37:52,3,17.70,,,15.44,rounds,true,49.17,50.84,33.34,500,35.50,112.7,327.1,3,,,,,,,,on,all
new,50000000,b8192,groupby,g1minmax32R2,"group-by 1 int32 key, R2 groups, min(y) AS lo, max(y) AS hi","SELECT k, min(y) AS lo, max(y) AS hi FROM grid GROUP BY k",187.31,421.70,0.444,2829.1,283.1,15,15,yes,0.000e0,1,TAKEN AggregateExec (input rows 50000000 (exact) vs min_rows 0; output kept at one partition (only projections above it)) | TAKEN MetalExec Aggregate { keys (ran on ArrowMetal: aggregate_choice is ArrowMetal),LEFT AggregateExec (input rows 50000000 (exact) vs min_rows 250000; minmax_f64 over 1 i32 key (memory input): the measured table takes it at no group count and size (results/datafusion_groupby_sweep_2026-09-30.csv)) | LEFT AggregateExec (Partial aggregate whose Final was not replaced),0,1,0.82,0.00,4.92,312.93,0.01,6104,21618695,3.45,4.38,100,6,6,506.48,,,,,,,,,,,,,,,,201.92,2026-10-01 15:11:22,2026-10-01 15:12:39,2026-09-29 00:37:52,3,191.11,,,422.02,rounds,true,536.58,571.80,223.44,500,224.28,450.5,3143.6,3,,,,,,,,on,all
new,50000000,b8192,groupby,g1minmaxR2,"group-by 1 int32 key, R2 groups, min(x) AS lo, max(x) AS hi","SELECT k, min(x) AS lo, max(x) AS hi FROM grid GROUP BY k",198.40,282.13,0.703,3021.2,194.7,15,15,yes,0.000e0,1,TAKEN AggregateExec (input rows 50000000 (exact) vs min_rows 0; output kept at one partition (only projections above it)) | TAKEN MetalExec Aggregate { keys (ran on ArrowMetal: aggregate_choice is ArrowMetal),LEFT AggregateExec (input rows 50000000 (exact) vs min_rows 250000; minmax_f64 over 1 i32 key (memory input): the measured table takes it at no group count and size (results/datafusion_groupby_sweep_2026-09-30.csv)) | LEFT AggregateExec (Partial aggregate whose Final was not replaced),0,1,0.97,0.00,6.06,183.19,0.01,6104,21618695,3.45,4.38,100,6,6,468.37,,,,,,,,,,,,,,,,211.49,2026-10-01 15:11:22,2026-10-01 15:12:39,2026-09-29 00:37:52,3,198.59,,,282.48,rounds,true,368.21,381.20,223.84,500,231.62,293.8,3200.2,3,,,,,,,,on,all
new,50000000,b8192,groupby,g2minmax100k,"group-by 2 int32 keys, 100k groups, min(x) AS lo, max(x) AS hi","SELECT k1, k2, min(x) AS lo, max(x) AS hi FROM grid GROUP BY k1, k2",70.77,23.98,2.952,1016.4,108.5,15,15,yes,0.000e0,1,TAKEN AggregateExec (input rows 50000000 (exact) vs min_rows 0; output kept at one partition (only projections above it)) | TAKEN MetalExec Aggregate { keys (ran on ArrowMetal: aggregate_choice is ArrowMetal),LEFT AggregateExec (input rows 50000000 (exact) vs min_rows 250000; minmax_f64 over 2+ i32 keys (memory input): the measured table takes it at no group count and size (results/datafusion_groupby_sweep_2026-09-30.csv)) | LEFT AggregateExec (Partial aggregate whose Final was not replaced),0,1,0.94,0.00,6.29,12.33,0.01,6104,100000,3.12,2.83,100,9,15,48.00,,,,,,,,,,,,,,,,81.65,2026-10-01 15:10:03,2026-10-01 15:10:25,2026-09-29 00:37:52,3,71.31,,,24.82,rounds,true,62.25,62.78,93.69,500,97.34,163.4,1242.1,3,,,,,,,,on,all
new,50000000,b8192,groupby,g2minmax10k,"group-by 2 int32 keys, 10k groups, min(x) AS lo, max(x) AS hi","SELECT k1, k2, min(x) AS lo, max(x) AS hi FROM grid GROUP BY k1, k2",37.64,22.76,1.654,516.2,108.5,15,15,yes,0.000e0,1,TAKEN AggregateExec (input rows 50000000 (exact) vs min_rows 0; output kept at one partition (only projections above it)) | TAKEN MetalExec Aggregate { keys (ran on ArrowMetal: aggregate_choice is ArrowMetal),LEFT AggregateExec (input rows 50000000 (exact) vs min_rows 250000; minmax_f64 over 2+ i32 keys (memory input): the measured table takes it at no group count and size (results/datafusion_groupby_sweep_2026-09-30.csv)) | LEFT AggregateExec (Partial aggregate whose Final was not replaced),0,1,0.90,0.00,6.47,11.37,0.01,6104,10000,3.48,4.09,100,12,16,40.49,,,,,,,,,,,,,,,,44.56,2026-10-01 15:09:17,2026-10-01 15:09:37,2026-09-29 00:37:52,3,38.26,,,24.05,rounds,true,61.15,68.56,62.62,500,67.73,178.0,748.8,3,,,,,,,,on,all
new,50000000,b8192,groupby,g2minmax1M,"group-by 2 int32 keys, 1M groups, min(x) AS lo, max(x) AS hi","SELECT k1, k2, min(x) AS lo, max(x) AS hi FROM grid GROUP BY k1, k2",96.12,30.72,3.128,1449.7,111.1,15,15,yes,0.000e0,1,TAKEN AggregateExec (input rows 50000000 (exact) vs min_rows 0; output kept at one partition (only projections above it)) | TAKEN MetalExec Aggregate { keys (ran on ArrowMetal: aggregate_choice is ArrowMetal),LEFT AggregateExec (input rows 50000000 (exact) vs min_rows 250000; minmax_f64 over 2+ i32 keys (memory input): the measured table takes it at no group count and size (results/datafusion_groupby_sweep_2026-09-30.csv)) | LEFT AggregateExec (Partial aggregate whose Final was not replaced),0,1,0.82,0.00,6.28,15.48,0.01,6104,1000000,2.69,4.37,100,9,13,48.61,,,,,,,,,,,,,,,,102.08,2026-10-01 15:10:31,2026-10-01 15:10:56,2026-09-29 00:37:52,3,96.69,,,31.59,rounds,true,71.62,82.91,116.72,500,119.46,173.5,1616.4,3,,,,,,,,on,all
new,50000000,b8192,groupby,g2minmax200,"group-by 2 int32 keys, 200 groups, min(x) AS lo, max(x) AS hi","SELECT k1, k2, min(x) AS lo, max(x) AS hi FROM grid GROUP BY k1, k2",32.86,21.03,1.562,465.4,108.4,15,15,yes,0.000e0,1,TAKEN AggregateExec (input rows 50000000 (exact) vs min_rows 0; output kept at one partition (only projections above it)) | TAKEN MetalExec Aggregate { keys (ran on ArrowMetal: aggregate_choice is ArrowMetal),LEFT AggregateExec (input rows 50000000 (exact) vs min_rows 250000; minmax_f64 over 2+ i32 keys (memory input): the measured table takes it at no group count and size (results/datafusion_groupby_sweep_2026-09-30.csv)) | LEFT AggregateExec (Partial aggregate whose Final was not replaced),0,1,0.89,0.00,7.01,9.30,0.01,6104,200,3.16,3.57,100,12,18,37.97,,,,,,,,,,,,,,,,43.41,2026-10-01 15:08:53,2026-10-01 15:09:12,2026-09-29 00:37:52,3,33.16,,,21.11,rounds,true,45.38,51.58,57.01,500,57.97,142.1,694.0,3,,,,,,,,on,all
new,50000000,b8192,groupby,g2minmax32100k,"group-by 2 int32 keys, 100k groups, min(y) AS lo, max(y) AS hi","SELECT k1, k2, min(y) AS lo, max(y) AS hi FROM grid GROUP BY k1, k2",60.13,25.45,2.363,881.0,91.7,15,15,yes,0.000e0,1,TAKEN AggregateExec (input rows 50000000 (exact) vs min_rows 0; output kept at one partition (only projections above it)) | TAKEN MetalExec Aggregate { keys (ran on ArrowMetal: aggregate_choice is ArrowMetal),LEFT AggregateExec (input rows 50000000 (exact) vs min_rows 250000; minmax_f64 over 2+ i32 keys (memory input): the measured table takes it at no group count and size (results/datafusion_groupby_sweep_2026-09-30.csv)) | LEFT AggregateExec (Partial aggregate whose Final was not replaced),0,1,0.96,0.00,5.72,14.24,0.01,6104,100000,3.12,2.83,100,9,15,48.53,,,,,,,,,,,,,,,,70.70,2026-10-01 15:10:03,2026-10-01 15:10:25,2026-09-29 00:37:52,3,60.56,,,25.59,rounds,true,44.38,73.20,83.70,500,84.91,132.5,1149.8,3,,,,,,,,on,all
new,50000000,b8192,groupby,g2minmax3210k,"group-by 2 int32 keys, 10k groups, min(y) AS lo, max(y) AS hi","SELECT k1, k2, min(y) AS lo, max(y) AS hi FROM grid GROUP BY k1, k2",34.80,24.06,1.447,504.2,94.5,15,15,yes,0.000e0,1,TAKEN AggregateExec (input rows 50000000 (exact) vs min_rows 0; output kept at one partition (only projections above it)) | TAKEN MetalExec Aggregate { keys (ran on ArrowMetal: aggregate_choice is ArrowMetal),LEFT AggregateExec (input rows 50000000 (exact) vs min_rows 250000; minmax_f64 over 2+ i32 keys (memory input): the measured table takes it at no group count and size (results/datafusion_groupby_sweep_2026-09-30.csv)) | LEFT AggregateExec (Partial aggregate whose Final was not replaced),0,1,0.93,0.00,5.39,13.79,0.01,6104,10000,3.48,4.09,100,12,16,41.35,,,,,,,,,,,,,,,,49.83,2026-10-01 15:09:17,2026-10-01 15:09:37,2026-09-29 00:37:52,3,36.44,,,24.47,rounds,true,54.70,67.25,59.64,500,59.67,140.1,749.0,3,,,,,,,,on,all
new,50000000,b8192,groupby,g2minmax321M,"group-by 2 int32 keys, 1M groups, min(y) AS lo, max(y) AS hi","SELECT k1, k2, min(y) AS lo, max(y) AS hi FROM grid GROUP BY k1, k2",80.38,42.50,1.891,1228.5,96.0,15,15,yes,0.000e0,1,TAKEN AggregateExec (input rows 50000000 (exact) vs min_rows 0; output kept at one partition (only projections above it)) | TAKEN MetalExec Aggregate { keys (ran on ArrowMetal: aggregate_choice is ArrowMetal),LEFT AggregateExec (input rows 50000000 (exact) vs min_rows 250000; minmax_f64 over 2+ i32 keys (memory input): the measured table takes it at no group count and size (results/datafusion_groupby_sweep_2026-09-30.csv)) | LEFT AggregateExec (Partial aggregate whose Final was not replaced),0,1,0.81,0.00,5.35,27.66,0.01,6104,1000000,2.69,4.37,100,9,10,64.64,,,,,,,,,,,,,,,,89.31,2026-10-01 15:10:31,2026-10-01 15:10:56,2026-09-29 00:37:52,3,81.91,,,43.65,rounds,true,77.50,101.39,103.98,500,106.86,156.2,1413.4,3,,,,,,,,on,all
new,50000000,b8192,groupby,g2minmax32200,"group-by 2 int32 keys, 200 groups, min(y) AS lo, max(y) AS hi","SELECT k1, k2, min(y) AS lo, max(y) AS hi FROM grid GROUP BY k1, k2",32.50,18.25,1.780,460.3,91.7,15,15,yes,0.000e0,1,TAKEN AggregateExec (input rows 50000000 (exact) vs min_rows 0; output kept at one partition (only projections above it)) | TAKEN MetalExec Aggregate { keys (ran on ArrowMetal: aggregate_choice is ArrowMetal),LEFT AggregateExec (input rows 50000000 (exact) vs min_rows 250000; minmax_f64 over 2+ i32 keys (memory input): the measured table takes it at no group count and size (results/datafusion_groupby_sweep_2026-09-30.csv)) | LEFT AggregateExec (Partial aggregate whose Final was not replaced),0,1,0.86,0.00,5.20,8.20,0.01,6104,200,3.16,3.57,100,12,19,41.47,,,,,,,,,,,,,,,,41.47,2026-10-01 15:08:53,2026-10-01 15:09:12,2026-09-29 00:37:52,3,32.80,,,18.69,rounds,true,39.96,59.74,56.11,500,59.44,129.5,689.8,3,,,,,,,,on,all
new,50000000,b8192,groupby,g2minmax32R2,"group-by 2 int32 keys, R2 groups, min(y) AS lo, max(y) AS hi","SELECT k1, k2, min(y) AS lo, max(y) AS hi FROM grid GROUP BY k1, k2",198.66,442.56,0.449,3023.0,308.0,15,15,yes,0.000e0,1,TAKEN AggregateExec (input rows 50000000 (exact) vs min_rows 0; output kept at one partition (only projections above it)) | TAKEN MetalExec Aggregate { keys (ran on ArrowMetal: aggregate_choice is ArrowMetal),LEFT AggregateExec (input rows 50000000 (exact) vs min_rows 250000; minmax_f64 over 2+ i32 keys (memory input): the measured table takes it at no group count and size (results/datafusion_groupby_sweep_2026-09-30.csv)) | LEFT AggregateExec (Partial aggregate whose Final was not replaced),0,1,0.78,0.00,6.49,329.22,0.01,6104,21616057,3.45,4.38,100,6,6,530.96,,,,,,,,,,,,,,,,205.06,2026-10-01 15:11:22,2026-10-01 15:12:39,2026-09-29 00:37:52,3,203.05,,,445.64,rounds,true,595.46,605.30,231.69,500,235.06,462.0,3301.2,3,,,,,,,,on,all
new,50000000,b8192,groupby,g2minmaxR2,"group-by 2 int32 keys, R2 groups, min(x) AS lo, max(x) AS hi","SELECT k1, k2, min(x) AS lo, max(x) AS hi FROM grid GROUP BY k1, k2",211.36,300.96,0.702,3220.7,224.2,15,15,yes,0.000e0,1,TAKEN AggregateExec (input rows 50000000 (exact) vs min_rows 0; output kept at one partition (only projections above it)) | TAKEN MetalExec Aggregate { keys (ran on ArrowMetal: aggregate_choice is ArrowMetal),LEFT AggregateExec (input rows 50000000 (exact) vs min_rows 250000; minmax_f64 over 2+ i32 keys (memory input): the measured table takes it at no group count and size (results/datafusion_groupby_sweep_2026-09-30.csv)) | LEFT AggregateExec (Partial aggregate whose Final was not replaced),0,1,0.93,0.00,7.79,200.12,0.01,6104,21616057,3.45,4.38,100,6,6,424.07,,,,,,,,,,,,,,,,213.48,2026-10-01 15:11:22,2026-10-01 15:12:39,2026-09-29 00:37:52,3,214.13,,,301.54,rounds,true,407.35,432.92,242.15,500,243.54,390.2,3466.8,3,,,,,,,,on,all
new,50000000,part1,groupby,g1minmax100k,"group-by 1 int32 key, 100k groups, min(x) AS lo, max(x) AS hi","SELECT k, min(x) AS lo, max(x) AS hi FROM grid GROUP BY k",43.92,20.04,2.191,664.4,82.5,15,15,yes,0.000e0,1,TAKEN AggregateExec (input rows 50000000 (exact) vs min_rows 0; output kept at one partition (only projections above it)) | TAKEN MetalExec Aggregate { keys (ran on ArrowMetal: aggregate_choice is ArrowMetal),LEFT AggregateExec (input rows 50000000 (exact) vs min_rows 250000; minmax_f64 over 1 i32 key (memory input): the measured table takes it at no group count and size (results/datafusion_groupby_sweep_2026-09-30.csv)) | LEFT AggregateExec (Partial aggregate whose Final was not replaced),0,1,1.08,0.00,4.43,11.13,0.01,6112,100000,2.65,5.37,100,12,18,42.34,,,,,,,,,,,,,,,,51.37,2026-10-01 15:19:58,2026-10-01 15:20:20,2026-09-29 00:37:52,3,44.15,,,20.13,rounds,true,41.90,60.72,72.36,500,72.67,119.9,862.5,3,,,,,,,,on,all
new,50000000,part1,groupby,g1minmax10k,"group-by 1 int32 key, 10k groups, min(x) AS lo, max(x) AS hi","SELECT k, min(x) AS lo, max(x) AS hi FROM grid GROUP BY k",19.60,18.54,1.057,237.9,78.2,15,15,yes,0.000e0,1,TAKEN AggregateExec (input rows 50000000 (exact) vs min_rows 0; output kept at one partition (only projections above it)) | TAKEN MetalExec Aggregate { keys (ran on ArrowMetal: aggregate_choice is ArrowMetal),LEFT AggregateExec (input rows 50000000 (exact) vs min_rows 250000; minmax_f64 over 1 i32 key (memory input): the measured table takes it at no group count and size (results/datafusion_groupby_sweep_2026-09-30.csv)) | LEFT AggregateExec (Partial aggregate whose Final was not replaced),0,1,0.97,0.00,4.45,10.33,0.00,6112,10000,3.27,2.80,100,19,19,42.97,,,,,,,,,,,,,,,,21.19,2026-10-01 15:19:33,2026-10-01 15:19:52,2026-09-29 00:37:52,3,19.64,,,18.58,rounds,true,40.99,53.29,37.41,500,39.27,123.1,412.0,3,,,,,,,,on,all
new,50000000,part1,groupby,g1minmax1M,"group-by 1 int32 key, 1M groups, min(x) AS lo, max(x) AS hi","SELECT k, min(x) AS lo, max(x) AS hi FROM grid GROUP BY k",73.62,26.91,2.736,1097.7,81.7,15,15,yes,0.000e0,1,TAKEN AggregateExec (input rows 50000000 (exact) vs min_rows 0; output kept at one partition (only projections above it)) | TAKEN MetalExec Aggregate { keys (ran on ArrowMetal: aggregate_choice is ArrowMetal),LEFT AggregateExec (input rows 50000000 (exact) vs min_rows 250000; minmax_f64 over 1 i32 key (memory input): the measured table takes it at no group count and size (results/datafusion_groupby_sweep_2026-09-30.csv)) | LEFT AggregateExec (Partial aggregate whose Final was not replaced),0,1,1.07,0.00,4.60,14.28,0.01,6112,1000000,3.22,4.63,100,9,15,51.02,,,,,,,,,,,,,,,,78.45,2026-10-01 15:21:06,2026-10-01 15:21:31,2026-09-29 00:37:52,3,74.18,,,27.10,rounds,true,58.99,73.15,89.76,500,97.23,133.4,1303.2,3,,,,,,,,on,all
new,50000000,part1,groupby,g1minmax200,"group-by 1 int32 key, 200 groups, min(x) AS lo, max(x) AS hi","SELECT k, min(x) AS lo, max(x) AS hi FROM grid GROUP BY k",17.14,16.42,1.044,193.4,84.3,15,15,yes,0.000e0,1,TAKEN AggregateExec (input rows 50000000 (exact) vs min_rows 0; output kept at one partition (only projections above it)) | TAKEN MetalExec Aggregate { keys (ran on ArrowMetal: aggregate_choice is ArrowMetal),LEFT AggregateExec (input rows 50000000 (exact) vs min_rows 250000; minmax_f64 over 1 i32 key (memory input): the measured table takes it at no group count and size (results/datafusion_groupby_sweep_2026-09-30.csv)) | LEFT AggregateExec (Partial aggregate whose Final was not replaced),0,1,1.14,0.00,4.41,7.80,0.01,6112,200,3.38,3.47,100,21,21,87.36,,,,,,,,,,,,,,,,18.72,2026-10-01 15:19:08,2026-10-01 15:19:27,2026-09-29 00:37:52,3,17.34,,,16.92,rounds,true,39.59,54.71,23.75,500,33.25,142.1,307.6,3,,,,,,,,on,all
new,50000000,part1,groupby,g1minmax32100k,"group-by 1 int32 key, 100k groups, min(y) AS lo, max(y) AS hi","SELECT k, min(y) AS lo, max(y) AS hi FROM grid GROUP BY k",37.44,21.13,1.772,554.9,66.2,15,15,yes,0.000e0,1,TAKEN AggregateExec (input rows 50000000 (exact) vs min_rows 0; output kept at one partition (only projections above it)) | TAKEN MetalExec Aggregate { keys (ran on ArrowMetal: aggregate_choice is ArrowMetal),LEFT AggregateExec (input rows 50000000 (exact) vs min_rows 250000; minmax_f64 over 1 i32 key (memory input): the measured table takes it at no group count and size (results/datafusion_groupby_sweep_2026-09-30.csv)) | LEFT AggregateExec (Partial aggregate whose Final was not replaced),0,1,1.00,0.00,3.75,12.88,0.01,6112,100000,2.65,5.37,100,12,18,31.32,,,,,,,,,,,,,,,,50.21,2026-10-01 15:19:58,2026-10-01 15:20:20,2026-09-29 00:37:52,3,39.04,,,21.36,rounds,true,50.93,67.29,64.90,500,65.32,119.7,764.2,3,,,,,,,,on,all
new,50000000,part1,groupby,g1minmax3210k,"group-by 1 int32 key, 10k groups, min(y) AS lo, max(y) AS hi","SELECT k, min(y) AS lo, max(y) AS hi FROM grid GROUP BY k",19.09,19.48,0.980,230.1,60.4,15,15,yes,0.000e0,1,TAKEN AggregateExec (input rows 50000000 (exact) vs min_rows 0; output kept at one partition (only projections above it)) | TAKEN MetalExec Aggregate { keys (ran on ArrowMetal: aggregate_choice is ArrowMetal),LEFT AggregateExec (input rows 50000000 (exact) vs min_rows 250000; minmax_f64 over 1 i32 key (memory input): the measured table takes it at no group count and size (results/datafusion_groupby_sweep_2026-09-30.csv)) | LEFT AggregateExec (Partial aggregate whose Final was not replaced),0,1,1.01,0.00,3.54,11.80,0.01,6112,10000,3.27,2.80,100,19,19,26.88,,,,,,,,,,,,,,,,21.68,2026-10-01 15:19:33,2026-10-01 15:19:52,2026-09-29 00:37:52,3,19.80,,,19.58,rounds,true,39.61,43.17,36.31,500,36.72,82.5,391.0,3,,,,,,,,on,all
new,50000000,part1,groupby,g1minmax321M,"group-by 1 int32 key, 1M groups, min(y) AS lo, max(y) AS hi","SELECT k, min(y) AS lo, max(y) AS hi FROM grid GROUP BY k",57.74,38.82,1.487,875.3,77.3,15,15,yes,0.000e0,1,TAKEN AggregateExec (input rows 50000000 (exact) vs min_rows 0; output kept at one partition (only projections above it)) | TAKEN MetalExec Aggregate { keys (ran on ArrowMetal: aggregate_choice is ArrowMetal),LEFT AggregateExec (input rows 50000000 (exact) vs min_rows 250000; minmax_f64 over 1 i32 key (memory input): the measured table takes it at no group count and size (results/datafusion_groupby_sweep_2026-09-30.csv)) | LEFT AggregateExec (Partial aggregate whose Final was not replaced),0,1,1.10,0.00,3.35,26.29,0.01,6112,1000000,3.22,4.63,100,9,12,45.66,,,,,,,,,,,,,,,,64.74,2026-10-01 15:21:06,2026-10-01 15:21:31,2026-09-29 00:37:52,3,57.82,,,39.00,rounds,true,76.33,85.12,77.48,500,79.57,129.1,1087.8,3,,,,,,,,on,all
new,50000000,part1,groupby,g1minmax32200,"group-by 1 int32 key, 200 groups, min(y) AS lo, max(y) AS hi","SELECT k, min(y) AS lo, max(y) AS hi FROM grid GROUP BY k",16.82,13.93,1.208,188.0,65.7,15,15,yes,0.000e0,1,TAKEN AggregateExec (input rows 50000000 (exact) vs min_rows 0; output kept at one partition (only projections above it)) | TAKEN MetalExec Aggregate { keys (ran on ArrowMetal: aggregate_choice is ArrowMetal),LEFT AggregateExec (input rows 50000000 (exact) vs min_rows 250000; minmax_f64 over 1 i32 key (memory input): the measured table takes it at no group count and size (results/datafusion_groupby_sweep_2026-09-30.csv)) | LEFT AggregateExec (Partial aggregate whose Final was not replaced),0,1,1.01,0.00,3.37,6.53,0.00,6112,200,3.38,3.47,100,21,24,26.64,,,,,,,,,,,,,,,,19.39,2026-10-01 15:19:08,2026-10-01 15:19:27,2026-09-29 00:37:52,3,16.87,,,14.17,rounds,true,39.05,49.82,32.93,500,33.64,121.0,351.3,3,,,,,,,,on,all
new,50000000,part1,groupby,g1minmax32R2,"group-by 1 int32 key, R2 groups, min(y) AS lo, max(y) AS hi","SELECT k, min(y) AS lo, max(y) AS hi FROM grid GROUP BY k",186.12,417.51,0.446,2809.0,275.1,15,15,yes,0.000e0,1,TAKEN AggregateExec (input rows 50000000 (exact) vs min_rows 0; output kept at one partition (only projections above it)) | TAKEN MetalExec Aggregate { keys (ran on ArrowMetal: aggregate_choice is ArrowMetal),LEFT AggregateExec (input rows 50000000 (exact) vs min_rows 250000; minmax_f64 over 1 i32 key (memory input): the measured table takes it at no group count and size (results/datafusion_groupby_sweep_2026-09-30.csv)) | LEFT AggregateExec (Partial aggregate whose Final was not replaced),0,1,0.99,0.00,3.68,310.56,0.01,6112,21618695,3.45,5.22,100,6,6,504.16,,,,,,,,,,,,,,,,199.79,2026-10-01 15:21:56,2026-10-01 15:23:13,2026-09-29 00:37:52,3,191.11,,,420.38,rounds,true,543.13,559.66,218.58,500,227.35,429.5,3119.5,3,,,,,,,,on,all
new,50000000,part1,groupby,g1minmaxR2,"group-by 1 int32 key, R2 groups, min(x) AS lo, max(x) AS hi","SELECT k, min(x) AS lo, max(x) AS hi FROM grid GROUP BY k",194.03,274.92,0.706,2967.8,191.2,15,15,yes,0.000e0,1,TAKEN AggregateExec (input rows 50000000 (exact) vs min_rows 0; output kept at one partition (only projections above it)) | TAKEN MetalExec Aggregate { keys (ran on ArrowMetal: aggregate_choice is ArrowMetal),LEFT AggregateExec (input rows 50000000 (exact) vs min_rows 250000; minmax_f64 over 1 i32 key (memory input): the measured table takes it at no group count and size (results/datafusion_groupby_sweep_2026-09-30.csv)) | LEFT AggregateExec (Partial aggregate whose Final was not replaced),0,1,1.06,0.00,4.86,178.11,0.01,6112,21618695,3.45,5.22,100,6,6,392.47,,,,,,,,,,,,,,,,204.82,2026-10-01 15:21:56,2026-10-01 15:23:13,2026-09-29 00:37:52,3,201.84,,,277.51,rounds,true,365.21,385.44,213.94,500,219.96,279.2,3212.6,3,,,,,,,,on,all
new,50000000,part1,groupby,g2minmax100k,"group-by 2 int32 keys, 100k groups, min(x) AS lo, max(x) AS hi","SELECT k1, k2, min(x) AS lo, max(x) AS hi FROM grid GROUP BY k1, k2",68.12,22.42,3.038,1023.6,92.7,15,15,yes,0.000e0,1,TAKEN AggregateExec (input rows 50000000 (exact) vs min_rows 0; output kept at one partition (only projections above it)) | TAKEN MetalExec Aggregate { keys (ran on ArrowMetal: aggregate_choice is ArrowMetal),LEFT AggregateExec (input rows 50000000 (exact) vs min_rows 250000; minmax_f64 over 2+ i32 keys (memory input): the measured table takes it at no group count and size (results/datafusion_groupby_sweep_2026-09-30.csv)) | LEFT AggregateExec (Partial aggregate whose Final was not replaced),0,1,1.00,0.00,5.63,12.43,0.01,6112,100000,2.65,5.37,100,9,17,37.54,,,,,,,,,,,,,,,,77.41,2026-10-01 15:19:58,2026-10-01 15:20:20,2026-09-29 00:37:52,3,70.94,,,22.46,rounds,true,50.35,70.76,88.46,500,90.34,140.0,1250.3,3,,,,,,,,on,all
new,50000000,part1,groupby,g2minmax10k,"group-by 2 int32 keys, 10k groups, min(x) AS lo, max(x) AS hi","SELECT k1, k2, min(x) AS lo, max(x) AS hi FROM grid GROUP BY k1, k2",34.53,21.23,1.627,512.5,101.2,15,15,yes,0.000e0,1,TAKEN AggregateExec (input rows 50000000 (exact) vs min_rows 0; output kept at one partition (only projections above it)) | TAKEN MetalExec Aggregate { keys (ran on ArrowMetal: aggregate_choice is ArrowMetal),LEFT AggregateExec (input rows 50000000 (exact) vs min_rows 250000; minmax_f64 over 2+ i32 keys (memory input): the measured table takes it at no group count and size (results/datafusion_groupby_sweep_2026-09-30.csv)) | LEFT AggregateExec (Partial aggregate whose Final was not replaced),0,1,1.10,0.00,5.54,11.70,0.01,6112,10000,3.27,2.80,100,12,18,34.83,,,,,,,,,,,,,,,,44.74,2026-10-01 15:19:33,2026-10-01 15:19:52,2026-09-29 00:37:52,3,37.03,,,21.33,rounds,true,49.98,51.06,54.23,500,58.89,129.3,740.3,3,,,,,,,,on,all
new,50000000,part1,groupby,g2minmax1M,"group-by 2 int32 keys, 1M groups, min(x) AS lo, max(x) AS hi","SELECT k1, k2, min(x) AS lo, max(x) AS hi FROM grid GROUP BY k1, k2",94.68,29.00,3.265,1426.3,104.7,15,15,yes,0.000e0,1,TAKEN AggregateExec (input rows 50000000 (exact) vs min_rows 0; output kept at one partition (only projections above it)) | TAKEN MetalExec Aggregate { keys (ran on ArrowMetal: aggregate_choice is ArrowMetal),LEFT AggregateExec (input rows 50000000 (exact) vs min_rows 250000; minmax_f64 over 2+ i32 keys (memory input): the measured table takes it at no group count and size (results/datafusion_groupby_sweep_2026-09-30.csv)) | LEFT AggregateExec (Partial aggregate whose Final was not replaced),0,1,1.09,0.00,5.52,15.19,0.01,6112,1000000,3.22,4.63,100,9,14,46.10,,,,,,,,,,,,,,,,99.54,2026-10-01 15:21:06,2026-10-01 15:21:31,2026-09-29 00:37:52,3,94.72,,,29.09,rounds,true,78.01,88.64,116.45,500,117.42,162.7,1636.5,3,,,,,,,,on,all
new,50000000,part1,groupby,g2minmax200,"group-by 2 int32 keys, 200 groups, min(x) AS lo, max(x) AS hi","SELECT k1, k2, min(x) AS lo, max(x) AS hi FROM grid GROUP BY k1, k2",33.26,18.79,1.771,459.8,99.5,15,15,yes,0.000e0,1,TAKEN AggregateExec (input rows 50000000 (exact) vs min_rows 0; output kept at one partition (only projections above it)) | TAKEN MetalExec Aggregate { keys (ran on ArrowMetal: aggregate_choice is ArrowMetal),LEFT AggregateExec (input rows 50000000 (exact) vs min_rows 250000; minmax_f64 over 2+ i32 keys (memory input): the measured table takes it at no group count and size (results/datafusion_groupby_sweep_2026-09-30.csv)) | LEFT AggregateExec (Partial aggregate whose Final was not replaced),0,1,1.10,0.00,5.54,9.08,0.01,6112,200,3.38,3.47,100,12,19,37.95,,,,,,,,,,,,,,,,43.06,2026-10-01 15:19:08,2026-10-01 15:19:27,2026-09-29 00:37:52,3,33.89,,,19.48,rounds,true,45.87,57.89,55.35,500,55.81,141.8,674.9,3,,,,,,,,on,all
new,50000000,part1,groupby,g2minmax32100k,"group-by 2 int32 keys, 100k groups, min(y) AS lo, max(y) AS hi","SELECT k1, k2, min(y) AS lo, max(y) AS hi FROM grid GROUP BY k1, k2",59.21,23.80,2.487,885.3,87.8,15,15,yes,0.000e0,1,TAKEN AggregateExec (input rows 50000000 (exact) vs min_rows 0; output kept at one partition (only projections above it)) | TAKEN MetalExec Aggregate { keys (ran on ArrowMetal: aggregate_choice is ArrowMetal),LEFT AggregateExec (input rows 50000000 (exact) vs min_rows 250000; minmax_f64 over 2+ i32 keys (memory input): the measured table takes it at no group count and size (results/datafusion_groupby_sweep_2026-09-30.csv)) | LEFT AggregateExec (Partial aggregate whose Final was not replaced),0,1,1.11,0.00,4.49,14.46,0.01,6112,100000,2.65,5.37,100,9,16,49.26,,,,,,,,,,,,,,,,70.98,2026-10-01 15:19:58,2026-10-01 15:20:20,2026-09-29 00:37:52,3,60.57,,,23.87,rounds,true,53.18,68.79,86.62,500,88.17,134.5,1133.5,3,,,,,,,,on,all
new,50000000,part1,groupby,g2minmax3210k,"group-by 2 int32 keys, 10k groups, min(y) AS lo, max(y) AS hi","SELECT k1, k2, min(y) AS lo, max(y) AS hi FROM grid GROUP BY k1, k2",33.95,22.43,1.513,501.0,80.5,15,15,yes,0.000e0,1,TAKEN AggregateExec (input rows 50000000 (exact) vs min_rows 0; output kept at one partition (only projections above it)) | TAKEN MetalExec Aggregate { keys (ran on ArrowMetal: aggregate_choice is ArrowMetal),LEFT AggregateExec (input rows 50000000 (exact) vs min_rows 250000; minmax_f64 over 2+ i32 keys (memory input): the measured table takes it at no group count and size (results/datafusion_groupby_sweep_2026-09-30.csv)) | LEFT AggregateExec (Partial aggregate whose Final was not replaced),0,1,1.13,0.00,4.74,13.16,0.01,6112,10000,3.27,2.80,100,12,16,38.17,,,,,,,,,,,,,,,,41.72,2026-10-01 15:19:33,2026-10-01 15:19:52,2026-09-29 00:37:52,3,34.83,,,22.52,rounds,true,51.49,64.87,58.68,500,59.44,123.9,737.1,3,,,,,,,,on,all
new,50000000,part1,groupby,g2minmax321M,"group-by 2 int32 keys, 1M groups, min(y) AS lo, max(y) AS hi","SELECT k1, k2, min(y) AS lo, max(y) AS hi FROM grid GROUP BY k1, k2",79.02,40.60,1.946,1213.2,92.7,15,15,yes,0.000e0,1,TAKEN AggregateExec (input rows 50000000 (exact) vs min_rows 0; output kept at one partition (only projections above it)) | TAKEN MetalExec Aggregate { keys (ran on ArrowMetal: aggregate_choice is ArrowMetal),LEFT AggregateExec (input rows 50000000 (exact) vs min_rows 250000; minmax_f64 over 2+ i32 keys (memory input): the measured table takes it at no group count and size (results/datafusion_groupby_sweep_2026-09-30.csv)) | LEFT AggregateExec (Partial aggregate whose Final was not replaced),0,1,1.10,0.00,4.80,26.81,0.01,6112,1000000,3.22,4.63,100,9,11,51.13,,,,,,,,,,,,,,,,86.85,2026-10-01 15:21:06,2026-10-01 15:21:31,2026-09-29 00:37:52,3,80.52,,,41.27,rounds,true,92.67,93.36,102.38,500,103.63,154.6,1455.5,3,,,,,,,,on,all
new,50000000,part1,groupby,g2minmax32200,"group-by 2 int32 keys, 200 groups, min(y) AS lo, max(y) AS hi","SELECT k1, k2, min(y) AS lo, max(y) AS hi FROM grid GROUP BY k1, k2",31.34,16.96,1.848,456.1,84.8,15,15,yes,0.000e0,1,TAKEN AggregateExec (input rows 50000000 (exact) vs min_rows 0; output kept at one partition (only projections above it)) | TAKEN MetalExec Aggregate { keys (ran on ArrowMetal: aggregate_choice is ArrowMetal),LEFT AggregateExec (input rows 50000000 (exact) vs min_rows 250000; minmax_f64 over 2+ i32 keys (memory input): the measured table takes it at no group count and size (results/datafusion_groupby_sweep_2026-09-30.csv)) | LEFT AggregateExec (Partial aggregate whose Final was not replaced),0,1,1.04,0.00,4.54,8.19,0.00,6112,200,3.38,3.47,100,12,21,36.55,,,,,,,,,,,,,,,,39.97,2026-10-01 15:19:08,2026-10-01 15:19:27,2026-09-29 00:37:52,3,31.56,,,17.15,rounds,true,41.94,55.06,55.64,500,56.19,138.4,676.0,3,,,,,,,,on,all
new,50000000,part1,groupby,g2minmax32R2,"group-by 2 int32 keys, R2 groups, min(y) AS lo, max(y) AS hi","SELECT k1, k2, min(y) AS lo, max(y) AS hi FROM grid GROUP BY k1, k2",198.49,437.73,0.453,3047.4,296.2,15,15,yes,0.000e0,1,TAKEN AggregateExec (input rows 50000000 (exact) vs min_rows 0; output kept at one partition (only projections above it)) | TAKEN MetalExec Aggregate { keys (ran on ArrowMetal: aggregate_choice is ArrowMetal),LEFT AggregateExec (input rows 50000000 (exact) vs min_rows 250000; minmax_f64 over 2+ i32 keys (memory input): the measured table takes it at no group count and size (results/datafusion_groupby_sweep_2026-09-30.csv)) | LEFT AggregateExec (Partial aggregate whose Final was not replaced),0,1,1.09,0.00,4.95,330.60,0.01,6112,21616057,3.45,5.22,100,6,6,537.87,,,,,,,,,,,,,,,,208.57,2026-10-01 15:21:56,2026-10-01 15:23:13,2026-09-29 00:37:52,3,204.18,,,439.01,rounds,true,575.78,577.98,225.30,500,227.62,469.4,3307.6,3,,,,,,,,on,all
new,50000000,part1,groupby,g2minmaxR2,"group-by 2 int32 keys, R2 groups, min(x) AS lo, max(x) AS hi","SELECT k1, k2, min(x) AS lo, max(x) AS hi FROM grid GROUP BY k1, k2",209.50,293.14,0.715,3201.4,214.6,15,15,yes,0.000e0,1,TAKEN AggregateExec (input rows 50000000 (exact) vs min_rows 0; output kept at one partition (only projections above it)) | TAKEN MetalExec Aggregate { keys (ran on ArrowMetal: aggregate_choice is ArrowMetal),LEFT AggregateExec (input rows 50000000 (exact) vs min_rows 250000; minmax_f64 over 2+ i32 keys (memory input): the measured table takes it at no group count and size (results/datafusion_groupby_sweep_2026-09-30.csv)) | LEFT AggregateExec (Partial aggregate whose Final was not replaced),0,1,1.12,0.00,6.05,194.75,0.01,6112,21616057,3.45,5.22,100,6,6,373.23,,,,,,,,,,,,,,,,214.30,2026-10-01 15:21:56,2026-10-01 15:23:13,2026-09-29 00:37:52,3,214.38,,,297.73,rounds,true,406.11,427.93,240.62,500,243.30,362.1,3477.3,3,,,,,,,,on,all
old,10000000,b8192,groupby,g1minmax100k,"group-by 1 int32 key, 100k groups, min(x) AS lo, max(x) AS hi","SELECT k, min(x) AS lo, max(x) AS hi FROM grid GROUP BY k",15.85,16.28,0.974,196.8,13.9,15,15,yes,0.000e0,1,TAKEN AggregateExec (input rows 10000000 (exact) vs min_rows 0; output kept at one partition (only projections above it)) | TAKEN MetalExec Aggregate { keys (ran on ArrowMetal: aggregate_choice is ArrowMetal),LEFT AggregateExec (input rows 10000000 (exact) vs min_rows 250000; minmax_f64 over 1 i32 key (memory input): the measured table takes it at no group count and size (results/datafusion_groupby_sweep_2026-09-30.csv)) | LEFT AggregateExec (Partial aggregate whose Final was not replaced),0,1,0.15,0.00,1.26,13.82,0.02,1221,100000,3.31,4.52,100,21,21,33.91,,,,,,,,,,,,,,,,18.42,2026-10-01 15:00:39,2026-10-01 15:00:48,2026-09-29 00:37:52,3,16.07,,,16.34,rounds,true,47.07,56.53,33.73,500,38.36,47.7,338.1,3,,,,,,,,on,
old,10000000,b8192,groupby,g1minmax10k,"group-by 1 int32 key, 10k groups, min(x) AS lo, max(x) AS hi","SELECT k, min(x) AS lo, max(x) AS hi FROM grid GROUP BY k",5.83,15.27,0.382,63.9,13.3,15,15,yes,0.000e0,1,TAKEN AggregateExec (input rows 10000000 (exact) vs min_rows 0; output kept at one partition (only projections above it)) | TAKEN MetalExec Aggregate { keys (ran on ArrowMetal: aggregate_choice is ArrowMetal),LEFT AggregateExec (input rows 10000000 (exact) vs min_rows 250000; minmax_f64 over 1 i32 key (memory input): the measured table takes it at no group count and size (results/datafusion_groupby_sweep_2026-09-30.csv)) | LEFT AggregateExec (Partial aggregate whose Final was not replaced),0,1,0.16,0.00,1.31,13.17,0.02,1221,10000,3.37,3.34,100,53,22,47.24,,,,,,,,,,,,,,,,6.63,2026-10-01 15:00:26,2026-10-01 15:00:35,2026-09-29 00:37:52,3,5.84,,,15.40,rounds,true,32.07,38.02,14.12,500,19.05,27.4,113.6,3,,,,,,,,on,
old,10000000,b8192,groupby,g1minmax1M,"group-by 1 int32 key, 1M groups, min(x) AS lo, max(x) AS hi","SELECT k, min(x) AS lo, max(x) AS hi FROM grid GROUP BY k",19.42,27.46,0.707,273.1,19.8,15,15,yes,0.000e0,1,TAKEN AggregateExec (input rows 10000000 (exact) vs min_rows 0; output kept at one partition (only projections above it)) | TAKEN MetalExec Aggregate { keys (ran on ArrowMetal: aggregate_choice is ArrowMetal),LEFT AggregateExec (input rows 10000000 (exact) vs min_rows 250000; minmax_f64 over 1 i32 key (memory input): the measured table takes it at no group count and size (results/datafusion_groupby_sweep_2026-09-30.csv)) | LEFT AggregateExec (Partial aggregate whose Final was not replaced),0,1,0.15,0.00,1.35,20.63,0.02,1221,999951,3.17,3.29,100,18,15,64.81,,,,,,,,,,,,,,,,20.90,2026-10-01 15:02:13,2026-10-01 15:02:23,2026-09-29 00:37:52,3,19.44,,,27.72,rounds,true,87.52,88.32,38.02,500,38.89,77.5,421.4,3,,,,,,,,on,
old,10000000,b8192,groupby,g1minmax200,"group-by 1 int32 key, 200 groups, min(x) AS lo, max(x) AS hi","SELECT k, min(x) AS lo, max(x) AS hi FROM grid GROUP BY k",4.14,13.90,0.298,42.3,13.4,15,15,yes,0.000e0,1,TAKEN AggregateExec (input rows 10000000 (exact) vs min_rows 0; output kept at one partition (only projections above it)) | TAKEN MetalExec Aggregate { keys (ran on ArrowMetal: aggregate_choice is ArrowMetal),LEFT AggregateExec (input rows 10000000 (exact) vs min_rows 250000; minmax_f64 over 1 i32 key (memory input): the measured table takes it at no group count and size (results/datafusion_groupby_sweep_2026-09-30.csv)) | LEFT AggregateExec (Partial aggregate whose Final was not replaced),0,1,0.15,0.00,1.35,11.90,0.01,1221,200,3.49,3.49,100,69,24,148.85,,,,,,,,,,,,,,,,6.44,2026-10-01 15:00:13,2026-10-01 15:00:22,2026-09-29 00:37:52,3,4.22,,,14.00,rounds,true,33.98,47.35,18.72,500,18.75,22.2,90.1,3,,,,,,,,on,
old,10000000,b8192,groupby,g1minmaxR2,"group-by 1 int32 key, R2 groups, min(x) AS lo, max(x) AS hi","SELECT k, min(x) AS lo, max(x) AS hi FROM grid GROUP BY k",32.07,70.34,0.456,455.8,41.3,15,15,yes,0.000e0,1,TAKEN AggregateExec (input rows 10000000 (exact) vs min_rows 0; output kept at one partition (only projections above it)) | TAKEN MetalExec Aggregate { keys (ran on ArrowMetal: aggregate_choice is ArrowMetal),LEFT AggregateExec (input rows 10000000 (exact) vs min_rows 250000; minmax_f64 over 1 i32 key (memory input): the measured table takes it at no group count and size (results/datafusion_groupby_sweep_2026-09-30.csv)) | LEFT AggregateExec (Partial aggregate whose Final was not replaced),0,1,0.23,0.00,1.35,45.86,0.02,1221,4323738,3.43,4.88,100,13,9,111.95,,,,,,,,,,,,,,,,35.75,2026-10-01 15:02:28,2026-10-01 15:02:41,2026-09-29 00:37:52,3,32.09,,,70.93,rounds,true,155.61,182.03,51.34,500,54.01,131.4,583.4,3,,,,,,,,on,
old,10000000,b8192,groupby,g2minmax100k,"group-by 2 int32 keys, 100k groups, min(x) AS lo, max(x) AS hi","SELECT k1, k2, min(x) AS lo, max(x) AS hi FROM grid GROUP BY k1, k2",19.67,17.67,1.114,267.3,17.8,15,15,yes,0.000e0,1,TAKEN AggregateExec (input rows 10000000 (exact) vs min_rows 0; output kept at one partition (only projections above it)) | TAKEN MetalExec Aggregate { keys (ran on ArrowMetal: aggregate_choice is ArrowMetal),LEFT AggregateExec (input rows 10000000 (exact) vs min_rows 250000; minmax_f64 over 2+ i32 keys (memory input): the measured table takes it at no group count and size (results/datafusion_groupby_sweep_2026-09-30.csv)) | LEFT AggregateExec (Partial aggregate whose Final was not replaced),0,1,0.17,0.00,1.88,14.35,0.01,1221,100000,3.31,4.52,100,18,19,23.08,,,,,,,,,,,,,,,,28.24,2026-10-01 15:00:39,2026-10-01 15:00:48,2026-09-29 00:37:52,3,19.73,,,18.05,rounds,true,45.61,59.87,39.10,500,40.65,56.1,402.0,3,,,,,,,,on,
old,10000000,b8192,groupby,g2minmax10k,"group-by 2 int32 keys, 10k groups, min(x) AS lo, max(x) AS hi","SELECT k1, k2, min(x) AS lo, max(x) AS hi FROM grid GROUP BY k1, k2",10.33,16.10,0.641,118.1,17.8,15,15,yes,0.000e0,1,TAKEN AggregateExec (input rows 10000000 (exact) vs min_rows 0; output kept at one partition (only projections above it)) | TAKEN MetalExec Aggregate { keys (ran on ArrowMetal: aggregate_choice is ArrowMetal),LEFT AggregateExec (input rows 10000000 (exact) vs min_rows 250000; minmax_f64 over 2+ i32 keys (memory input): the measured table takes it at no group count and size (results/datafusion_groupby_sweep_2026-09-30.csv)) | LEFT AggregateExec (Partial aggregate whose Final was not replaced),0,1,0.18,0.00,1.97,13.28,0.01,1221,10000,3.37,3.34,100,31,21,22.58,,,,,,,,,,,,,,,,18.79,2026-10-01 15:00:26,2026-10-01 15:00:35,2026-09-29 00:37:52,3,10.44,,,16.71,rounds,true,46.35,58.06,24.96,500,25.33,51.5,219.7,3,,,,,,,,on,
old,10000000,b8192,groupby,g2minmax1M,"group-by 2 int32 keys, 1M groups, min(x) AS lo, max(x) AS hi","SELECT k1, k2, min(x) AS lo, max(x) AS hi FROM grid GROUP BY k1, k2",23.82,29.01,0.821,336.1,23.6,15,15,yes,0.000e0,1,TAKEN AggregateExec (input rows 10000000 (exact) vs min_rows 0; output kept at one partition (only projections above it)) | TAKEN MetalExec Aggregate { keys (ran on ArrowMetal: aggregate_choice is ArrowMetal),LEFT AggregateExec (input rows 10000000 (exact) vs min_rows 250000; minmax_f64 over 2+ i32 keys (memory input): the measured table takes it at no group count and size (results/datafusion_groupby_sweep_2026-09-30.csv)) | LEFT AggregateExec (Partial aggregate whose Final was not replaced),0,1,0.23,0.00,1.87,21.56,0.01,1221,999943,3.17,3.29,100,18,14,43.83,,,,,,,,,,,,,,,,33.13,2026-10-01 15:02:13,2026-10-01 15:02:23,2026-09-29 00:37:52,3,23.97,,,29.35,rounds,true,58.87,82.94,40.90,500,56.07,48.5,486.9,3,,,,,,,,on,
old,10000000,b8192,groupby,g2minmax200,"group-by 2 int32 keys, 200 groups, min(x) AS lo, max(x) AS hi","SELECT k1, k2, min(x) AS lo, max(x) AS hi FROM grid GROUP BY k1, k2",8.64,14.87,0.581,95.6,16.8,15,15,yes,0.000e0,1,TAKEN AggregateExec (input rows 10000000 (exact) vs min_rows 0; output kept at one partition (only projections above it)) | TAKEN MetalExec Aggregate { keys (ran on ArrowMetal: aggregate_choice is ArrowMetal),LEFT AggregateExec (input rows 10000000 (exact) vs min_rows 250000; minmax_f64 over 2+ i32 keys (memory input): the measured table takes it at no group count and size (results/datafusion_groupby_sweep_2026-09-30.csv)) | LEFT AggregateExec (Partial aggregate whose Final was not replaced),0,1,0.17,0.00,1.96,12.08,0.02,1221,200,3.49,3.49,100,37,22,22.30,,,,,,,,,,,,,,,,13.21,2026-10-01 15:00:13,2026-10-01 15:00:22,2026-09-29 00:37:52,3,8.71,,,14.89,rounds,true,28.52,46.42,13.47,500,17.50,22.3,148.7,3,,,,,,,,on,
old,10000000,b8192,groupby,g2minmaxR2,"group-by 2 int32 keys, R2 groups, min(x) AS lo, max(x) AS hi","SELECT k1, k2, min(x) AS lo, max(x) AS hi FROM grid GROUP BY k1, k2",36.77,71.68,0.513,530.6,43.8,15,15,yes,0.000e0,1,TAKEN AggregateExec (input rows 10000000 (exact) vs min_rows 0; output kept at one partition (only projections above it)) | TAKEN MetalExec Aggregate { keys (ran on ArrowMetal: aggregate_choice is ArrowMetal),LEFT AggregateExec (input rows 10000000 (exact) vs min_rows 250000; minmax_f64 over 2+ i32 keys (memory input): the measured table takes it at no group count and size (results/datafusion_groupby_sweep_2026-09-30.csv)) | LEFT AggregateExec (Partial aggregate whose Final was not replaced),0,1,0.17,0.00,1.88,47.27,0.02,1221,4321209,3.43,4.88,100,12,9,98.06,,,,,,,,,,,,,,,,57.82,2026-10-01 15:02:28,2026-10-01 15:02:41,2026-09-29 00:37:52,3,37.04,,,72.87,rounds,true,148.70,153.20,48.53,500,59.77,137.1,664.2,3,,,,,,,,on,
old,10000000,part1,groupby,g1minmax100k,"group-by 1 int32 key, 100k groups, min(x) AS lo, max(x) AS hi","SELECT k, min(x) AS lo, max(x) AS hi FROM grid GROUP BY k",15.15,16.85,0.899,193.0,14.2,15,15,yes,0.000e0,1,TAKEN AggregateExec (input rows 10000000 (exact) vs min_rows 0; output kept at one partition (only projections above it)) | TAKEN MetalExec Aggregate { keys (ran on ArrowMetal: aggregate_choice is ArrowMetal),LEFT AggregateExec (input rows 10000000 (exact) vs min_rows 250000; minmax_f64 over 1 i32 key (memory input): the measured table takes it at no group count and size (results/datafusion_groupby_sweep_2026-09-30.csv)) | LEFT AggregateExec (Partial aggregate whose Final was not replaced),0,1,0.21,0.00,1.25,14.57,0.01,1232,100000,3.07,2.96,100,22,21,33.10,,,,,,,,,,,,,,,,18.88,2026-10-01 15:05:32,2026-10-01 15:05:41,2026-09-29 00:37:52,3,15.74,,,16.99,rounds,true,45.70,58.75,26.74,500,28.39,46.2,316.4,3,,,,,,,,on,
old,10000000,part1,groupby,g1minmax10k,"group-by 1 int32 key, 10k groups, min(x) AS lo, max(x) AS hi","SELECT k, min(x) AS lo, max(x) AS hi FROM grid GROUP BY k",5.61,15.11,0.371,61.6,13.3,15,15,yes,0.000e0,1,TAKEN AggregateExec (input rows 10000000 (exact) vs min_rows 0; output kept at one partition (only projections above it)) | TAKEN MetalExec Aggregate { keys (ran on ArrowMetal: aggregate_choice is ArrowMetal),LEFT AggregateExec (input rows 10000000 (exact) vs min_rows 250000; minmax_f64 over 1 i32 key (memory input): the measured table takes it at no group count and size (results/datafusion_groupby_sweep_2026-09-30.csv)) | LEFT AggregateExec (Partial aggregate whose Final was not replaced),0,1,0.19,0.00,1.21,13.37,0.02,1232,10000,2.93,3.25,100,56,22,30.08,,,,,,,,,,,,,,,,6.35,2026-10-01 15:05:19,2026-10-01 15:05:28,2026-09-29 00:37:52,3,5.70,,,15.44,rounds,true,36.47,40.81,18.64,500,20.21,32.5,126.4,3,,,,,,,,on,
old,10000000,part1,groupby,g1minmax1M,"group-by 1 int32 key, 1M groups, min(x) AS lo, max(x) AS hi","SELECT k, min(x) AS lo, max(x) AS hi FROM grid GROUP BY k",19.04,27.45,0.693,278.6,19.0,15,15,yes,0.000e0,1,TAKEN AggregateExec (input rows 10000000 (exact) vs min_rows 0; output kept at one partition (only projections above it)) | TAKEN MetalExec Aggregate { keys (ran on ArrowMetal: aggregate_choice is ArrowMetal),LEFT AggregateExec (input rows 10000000 (exact) vs min_rows 250000; minmax_f64 over 1 i32 key (memory input): the measured table takes it at no group count and size (results/datafusion_groupby_sweep_2026-09-30.csv)) | LEFT AggregateExec (Partial aggregate whose Final was not replaced),0,1,0.17,0.00,1.27,20.82,0.02,1232,999951,2.96,4.97,100,20,14,48.31,,,,,,,,,,,,,,,,20.16,2026-10-01 15:05:46,2026-10-01 15:05:56,2026-09-29 00:37:52,3,19.07,,,27.53,rounds,true,74.83,76.05,34.13,500,38.06,60.8,432.6,3,,,,,,,,on,
old,10000000,part1,groupby,g1minmax200,"group-by 1 int32 key, 200 groups, min(x) AS lo, max(x) AS hi","SELECT k, min(x) AS lo, max(x) AS hi FROM grid GROUP BY k",3.94,13.66,0.288,41.1,13.2,15,15,yes,0.000e0,1,TAKEN AggregateExec (input rows 10000000 (exact) vs min_rows 0; output kept at one partition (only projections above it)) | TAKEN MetalExec Aggregate { keys (ran on ArrowMetal: aggregate_choice is ArrowMetal),LEFT AggregateExec (input rows 10000000 (exact) vs min_rows 250000; minmax_f64 over 1 i32 key (memory input): the measured table takes it at no group count and size (results/datafusion_groupby_sweep_2026-09-30.csv)) | LEFT AggregateExec (Partial aggregate whose Final was not replaced),0,1,0.21,0.00,1.24,11.88,0.01,1232,200,3.11,3.10,100,76,23,80.58,,,,,,,,,,,,,,,,5.93,2026-10-01 15:05:06,2026-10-01 15:05:15,2026-09-29 00:37:52,3,3.94,,,14.01,rounds,true,40.96,41.54,14.91,500,15.26,37.2,90.3,3,,,,,,,,on,
old,10000000,part1,groupby,g1minmaxR2,"group-by 1 int32 key, R2 groups, min(x) AS lo, max(x) AS hi","SELECT k, min(x) AS lo, max(x) AS hi FROM grid GROUP BY k",31.41,69.00,0.455,469.4,39.2,15,15,yes,0.000e0,1,TAKEN AggregateExec (input rows 10000000 (exact) vs min_rows 0; output kept at one partition (only projections above it)) | TAKEN MetalExec Aggregate { keys (ran on ArrowMetal: aggregate_choice is ArrowMetal),LEFT AggregateExec (input rows 10000000 (exact) vs min_rows 250000; minmax_f64 over 1 i32 key (memory input): the measured table takes it at no group count and size (results/datafusion_groupby_sweep_2026-09-30.csv)) | LEFT AggregateExec (Partial aggregate whose Final was not replaced),0,1,0.19,0.00,1.30,46.19,0.01,1232,4323738,3.27,2.93,100,13,9,121.89,,,,,,,,,,,,,,,,36.87,2026-10-01 15:06:41,2026-10-01 15:06:53,2026-09-29 00:37:52,3,31.63,,,69.33,rounds,true,116.95,151.88,50.41,500,51.02,88.1,632.1,3,,,,,,,,on,
old,10000000,part1,groupby,g2minmax100k,"group-by 2 int32 keys, 100k groups, min(x) AS lo, max(x) AS hi","SELECT k1, k2, min(x) AS lo, max(x) AS hi FROM grid GROUP BY k1, k2",19.45,17.46,1.114,266.0,17.1,15,15,yes,0.000e0,1,TAKEN AggregateExec (input rows 10000000 (exact) vs min_rows 0; output kept at one partition (only projections above it)) | TAKEN MetalExec Aggregate { keys (ran on ArrowMetal: aggregate_choice is ArrowMetal),LEFT AggregateExec (input rows 10000000 (exact) vs min_rows 250000; minmax_f64 over 2+ i32 keys (memory input): the measured table takes it at no group count and size (results/datafusion_groupby_sweep_2026-09-30.csv)) | LEFT AggregateExec (Partial aggregate whose Final was not replaced),0,1,0.22,0.00,1.76,14.48,0.01,1232,100000,3.07,2.96,100,19,18,20.38,,,,,,,,,,,,,,,,28.08,2026-10-01 15:05:32,2026-10-01 15:05:41,2026-09-29 00:37:52,3,19.46,,,17.67,rounds,true,50.69,50.92,37.00,500,37.88,46.3,414.6,3,,,,,,,,on,
old,10000000,part1,groupby,g2minmax10k,"group-by 2 int32 keys, 10k groups, min(x) AS lo, max(x) AS hi","SELECT k1, k2, min(x) AS lo, max(x) AS hi FROM grid GROUP BY k1, k2",10.07,16.36,0.615,116.2,16.0,15,15,yes,0.000e0,1,TAKEN AggregateExec (input rows 10000000 (exact) vs min_rows 0; output kept at one partition (only projections above it)) | TAKEN MetalExec Aggregate { keys (ran on ArrowMetal: aggregate_choice is ArrowMetal),LEFT AggregateExec (input rows 10000000 (exact) vs min_rows 250000; minmax_f64 over 2+ i32 keys (memory input): the measured table takes it at no group count and size (results/datafusion_groupby_sweep_2026-09-30.csv)) | LEFT AggregateExec (Partial aggregate whose Final was not replaced),0,1,0.18,0.00,1.68,14.13,0.01,1232,10000,2.93,3.25,100,33,21,23.16,,,,,,,,,,,,,,,,15.89,2026-10-01 15:05:19,2026-10-01 15:05:28,2026-09-29 00:37:52,3,10.14,,,16.97,rounds,true,49.17,54.78,25.17,500,25.85,56.1,217.1,3,,,,,,,,on,
old,10000000,part1,groupby,g2minmax1M,"group-by 2 int32 keys, 1M groups, min(x) AS lo, max(x) AS hi","SELECT k1, k2, min(x) AS lo, max(x) AS hi FROM grid GROUP BY k1, k2",23.35,29.01,0.805,343.0,22.5,15,15,yes,0.000e0,1,TAKEN AggregateExec (input rows 10000000 (exact) vs min_rows 0; output kept at one partition (only projections above it)) | TAKEN MetalExec Aggregate { keys (ran on ArrowMetal: aggregate_choice is ArrowMetal),LEFT AggregateExec (input rows 10000000 (exact) vs min_rows 250000; minmax_f64 over 2+ i32 keys (memory input): the measured table takes it at no group count and size (results/datafusion_groupby_sweep_2026-09-30.csv)) | LEFT AggregateExec (Partial aggregate whose Final was not replaced),0,1,0.23,0.00,1.70,21.91,0.01,1232,999943,2.96,4.97,100,18,14,48.85,,,,,,,,,,,,,,,,31.67,2026-10-01 15:05:46,2026-10-01 15:05:56,2026-09-29 00:37:52,3,23.47,,,29.03,rounds,true,68.86,95.39,43.54,500,43.59,64.3,514.5,3,,,,,,,,on,
old,10000000,part1,groupby,g2minmax200,"group-by 2 int32 keys, 200 groups, min(x) AS lo, max(x) AS hi","SELECT k1, k2, min(x) AS lo, max(x) AS hi FROM grid GROUP BY k1, k2",8.30,14.85,0.559,93.8,16.1,15,15,yes,0.000e0,1,TAKEN AggregateExec (input rows 10000000 (exact) vs min_rows 0; output kept at one partition (only projections above it)) | TAKEN MetalExec Aggregate { keys (ran on ArrowMetal: aggregate_choice is ArrowMetal),LEFT AggregateExec (input rows 10000000 (exact) vs min_rows 250000; minmax_f64 over 2+ i32 keys (memory input): the measured table takes it at no group count and size (results/datafusion_groupby_sweep_2026-09-30.csv)) | LEFT AggregateExec (Partial aggregate whose Final was not replaced),0,1,0.21,0.00,1.70,12.63,0.01,1232,200,3.11,3.10,100,37,22,24.48,,,,,,,,,,,,,,,,11.79,2026-10-01 15:05:06,2026-10-01 15:05:15,2026-09-29 00:37:52,3,8.30,,,15.23,rounds,true,35.33,38.27,21.29,500,27.73,33.9,182.9,3,,,,,,,,on,
old,10000000,part1,groupby,g2minmaxR2,"group-by 2 int32 keys, R2 groups, min(x) AS lo, max(x) AS hi","SELECT k1, k2, min(x) AS lo, max(x) AS hi FROM grid GROUP BY k1, k2",36.42,70.67,0.515,536.7,42.3,15,15,yes,0.000e0,1,TAKEN AggregateExec (input rows 10000000 (exact) vs min_rows 0; output kept at one partition (only projections above it)) | TAKEN MetalExec Aggregate { keys (ran on ArrowMetal: aggregate_choice is ArrowMetal),LEFT AggregateExec (input rows 10000000 (exact) vs min_rows 250000; minmax_f64 over 2+ i32 keys (memory input): the measured table takes it at no group count and size (results/datafusion_groupby_sweep_2026-09-30.csv)) | LEFT AggregateExec (Partial aggregate whose Final was not replaced),0,1,0.18,0.00,1.73,47.24,0.01,1232,4321209,3.27,2.93,100,12,9,106.57,,,,,,,,,,,,,,,,52.12,2026-10-01 15:06:41,2026-10-01 15:06:53,2026-09-29 00:37:52,3,36.71,,,70.67,rounds,true,130.34,139.96,55.85,500,58.11,106.4,723.0,3,,,,,,,,on,
old,50000000,b8192,groupby,g1minmax100k,"group-by 1 int32 key, 100k groups, min(x) AS lo, max(x) AS hi","SELECT k, min(x) AS lo, max(x) AS hi FROM grid GROUP BY k",50.96,66.98,0.761,691.1,70.3,15,15,yes,0.000e0,1,TAKEN AggregateExec (input rows 50000000 (exact) vs min_rows 0; output kept at one partition (only projections above it)) | TAKEN MetalExec Aggregate { keys (ran on ArrowMetal: aggregate_choice is ArrowMetal),LEFT AggregateExec (input rows 50000000 (exact) vs min_rows 250000; minmax_f64 over 1 i32 key (memory input): the measured table takes it at no group count and size (results/datafusion_groupby_sweep_2026-09-30.csv)) | LEFT AggregateExec (Partial aggregate whose Final was not replaced),0,1,0.86,0.00,6.45,57.85,0.01,6104,100000,2.82,2.97,100,9,9,92.63,,,,,,,,,,,,,,,,58.78,2026-10-01 15:13:38,2026-10-01 15:13:51,2026-09-29 00:37:52,3,53.65,,,67.70,rounds,true,116.54,141.06,68.06,500,70.25,133.7,873.5,3,,,,,,,,on,
old,50000000,b8192,groupby,g1minmax10k,"group-by 1 int32 key, 10k groups, min(x) AS lo, max(x) AS hi","SELECT k, min(x) AS lo, max(x) AS hi FROM grid GROUP BY k",20.33,64.11,0.317,242.8,73.2,15,15,yes,0.000e0,1,TAKEN AggregateExec (input rows 50000000 (exact) vs min_rows 0; output kept at one partition (only projections above it)) | TAKEN MetalExec Aggregate { keys (ran on ArrowMetal: aggregate_choice is ArrowMetal),LEFT AggregateExec (input rows 50000000 (exact) vs min_rows 250000; minmax_f64 over 1 i32 key (memory input): the measured table takes it at no group count and size (results/datafusion_groupby_sweep_2026-09-30.csv)) | LEFT AggregateExec (Partial aggregate whose Final was not replaced),0,1,0.89,0.00,6.05,55.90,0.01,6104,10000,2.58,2.89,100,18,9,91.29,,,,,,,,,,,,,,,,22.40,2026-10-01 15:13:21,2026-10-01 15:13:32,2026-09-29 00:37:52,3,20.38,,,64.38,rounds,true,86.89,112.18,37.92,500,38.47,115.9,424.9,3,,,,,,,,on,
old,50000000,b8192,groupby,g1minmax1M,"group-by 1 int32 key, 1M groups, min(x) AS lo, max(x) AS hi","SELECT k, min(x) AS lo, max(x) AS hi FROM grid GROUP BY k",74.82,96.31,0.777,1106.9,81.9,15,15,yes,0.000e0,1,TAKEN AggregateExec (input rows 50000000 (exact) vs min_rows 0; output kept at one partition (only projections above it)) | TAKEN MetalExec Aggregate { keys (ran on ArrowMetal: aggregate_choice is ArrowMetal),LEFT AggregateExec (input rows 50000000 (exact) vs min_rows 250000; minmax_f64 over 1 i32 key (memory input): the measured table takes it at no group count and size (results/datafusion_groupby_sweep_2026-09-30.csv)) | LEFT AggregateExec (Partial aggregate whose Final was not replaced),0,1,0.81,0.00,6.64,82.54,0.01,6104,1000000,2.81,2.64,100,9,7,124.77,,,,,,,,,,,,,,,,76.85,2026-10-01 15:13:57,2026-10-01 15:14:12,2026-09-29 00:37:52,3,75.43,,,96.75,rounds,true,140.37,149.67,94.32,500,95.45,126.5,1301.5,3,,,,,,,,on,
old,50000000,b8192,groupby,g1minmax200,"group-by 1 int32 key, 200 groups, min(x) AS lo, max(x) AS hi","SELECT k, min(x) AS lo, max(x) AS hi FROM grid GROUP BY k",17.94,45.12,0.398,198.5,72.5,15,15,yes,0.000e0,1,TAKEN AggregateExec (input rows 50000000 (exact) vs min_rows 0; output kept at one partition (only projections above it)) | TAKEN MetalExec Aggregate { keys (ran on ArrowMetal: aggregate_choice is ArrowMetal),LEFT AggregateExec (input rows 50000000 (exact) vs min_rows 250000; minmax_f64 over 1 i32 key (memory input): the measured table takes it at no group count and size (results/datafusion_groupby_sweep_2026-09-30.csv)) | LEFT AggregateExec (Partial aggregate whose Final was not replaced),0,1,0.90,0.00,6.08,36.87,0.01,6104,200,3.22,2.72,100,21,12,154.59,,,,,,,,,,,,,,,,19.22,2026-10-01 15:13:04,2026-10-01 15:13:15,2026-09-29 00:37:52,3,18.00,,,45.25,rounds,true,89.42,90.19,32.95,500,33.92,125.3,324.0,3,,,,,,,,on,
old,50000000,b8192,groupby,g1minmaxR2,"group-by 1 int32 key, R2 groups, min(x) AS lo, max(x) AS hi","SELECT k, min(x) AS lo, max(x) AS hi FROM grid GROUP BY k",199.82,652.08,0.306,3022.8,218.2,15,15,yes,0.000e0,1,TAKEN AggregateExec (input rows 50000000 (exact) vs min_rows 0; output kept at one partition (only projections above it)) | TAKEN MetalExec Aggregate { keys (ran on ArrowMetal: aggregate_choice is ArrowMetal),LEFT AggregateExec (input rows 50000000 (exact) vs min_rows 250000; minmax_f64 over 1 i32 key (memory input): the measured table takes it at no group count and size (results/datafusion_groupby_sweep_2026-09-30.csv)) | LEFT AggregateExec (Partial aggregate whose Final was not replaced),0,1,0.87,0.00,6.62,530.43,0.02,6104,21618695,2.59,2.81,100,6,6,822.83,,,,,,,,,,,,,,,,208.30,2026-10-01 15:14:17,2026-10-01 15:15:11,2026-09-29 00:37:52,3,203.68,,,652.38,rounds,true,794.07,804.49,231.68,500,234.23,375.2,3306.6,3,,,,,,,,on,
old,50000000,b8192,groupby,g2minmax100k,"group-by 2 int32 keys, 100k groups, min(x) AS lo, max(x) AS hi","SELECT k1, k2, min(x) AS lo, max(x) AS hi FROM grid GROUP BY k1, k2",70.14,70.34,0.997,1022.5,90.4,15,15,yes,0.000e0,1,TAKEN AggregateExec (input rows 50000000 (exact) vs min_rows 0; output kept at one partition (only projections above it)) | TAKEN MetalExec Aggregate { keys (ran on ArrowMetal: aggregate_choice is ArrowMetal),LEFT AggregateExec (input rows 50000000 (exact) vs min_rows 250000; minmax_f64 over 2+ i32 keys (memory input): the measured table takes it at no group count and size (results/datafusion_groupby_sweep_2026-09-30.csv)) | LEFT AggregateExec (Partial aggregate whose Final was not replaced),0,1,0.84,0.00,8.72,58.75,0.01,6104,100000,2.82,2.97,100,9,8,84.41,,,,,,,,,,,,,,,,85.24,2026-10-01 15:13:38,2026-10-01 15:13:51,2026-09-29 00:37:52,3,75.40,,,70.36,rounds,true,125.46,127.74,86.38,500,92.84,162.1,1235.1,3,,,,,,,,on,
old,50000000,b8192,groupby,g2minmax10k,"group-by 2 int32 keys, 10k groups, min(x) AS lo, max(x) AS hi","SELECT k1, k2, min(x) AS lo, max(x) AS hi FROM grid GROUP BY k1, k2",35.28,68.53,0.515,515.0,90.5,15,15,yes,0.000e0,1,TAKEN AggregateExec (input rows 50000000 (exact) vs min_rows 0; output kept at one partition (only projections above it)) | TAKEN MetalExec Aggregate { keys (ran on ArrowMetal: aggregate_choice is ArrowMetal),LEFT AggregateExec (input rows 50000000 (exact) vs min_rows 250000; minmax_f64 over 2+ i32 keys (memory input): the measured table takes it at no group count and size (results/datafusion_groupby_sweep_2026-09-30.csv)) | LEFT AggregateExec (Partial aggregate whose Final was not replaced),0,1,0.87,0.00,8.94,57.46,0.02,6104,10000,2.58,2.89,100,12,9,82.92,,,,,,,,,,,,,,,,50.06,2026-10-01 15:13:21,2026-10-01 15:13:32,2026-09-29 00:37:52,3,35.87,,,68.58,rounds,true,96.32,119.55,60.41,500,60.69,139.1,746.6,3,,,,,,,,on,
old,50000000,b8192,groupby,g2minmax1M,"group-by 2 int32 keys, 1M groups, min(x) AS lo, max(x) AS hi","SELECT k1, k2, min(x) AS lo, max(x) AS hi FROM grid GROUP BY k1, k2",95.60,101.26,0.944,1426.6,95.2,15,15,yes,0.000e0,1,TAKEN AggregateExec (input rows 50000000 (exact) vs min_rows 0; output kept at one partition (only projections above it)) | TAKEN MetalExec Aggregate { keys (ran on ArrowMetal: aggregate_choice is ArrowMetal),LEFT AggregateExec (input rows 50000000 (exact) vs min_rows 250000; minmax_f64 over 2+ i32 keys (memory input): the measured table takes it at no group count and size (results/datafusion_groupby_sweep_2026-09-30.csv)) | LEFT AggregateExec (Partial aggregate whose Final was not replaced),0,1,0.87,0.00,9.05,83.80,0.02,6104,1000000,2.81,2.64,100,9,6,111.65,,,,,,,,,,,,,,,,100.63,2026-10-01 15:13:57,2026-10-01 15:14:12,2026-09-29 00:37:52,3,95.72,,,101.26,rounds,true,141.74,158.93,115.26,500,120.14,135.9,1583.3,3,,,,,,,,on,
old,50000000,b8192,groupby,g2minmax200,"group-by 2 int32 keys, 200 groups, min(x) AS lo, max(x) AS hi","SELECT k1, k2, min(x) AS lo, max(x) AS hi FROM grid GROUP BY k1, k2",32.63,49.40,0.661,466.1,85.2,15,15,yes,0.000e0,1,TAKEN AggregateExec (input rows 50000000 (exact) vs min_rows 0; output kept at one partition (only projections above it)) | TAKEN MetalExec Aggregate { keys (ran on ArrowMetal: aggregate_choice is ArrowMetal),LEFT AggregateExec (input rows 50000000 (exact) vs min_rows 250000; minmax_f64 over 2+ i32 keys (memory input): the measured table takes it at no group count and size (results/datafusion_groupby_sweep_2026-09-30.csv)) | LEFT AggregateExec (Partial aggregate whose Final was not replaced),0,1,0.87,0.00,8.91,38.34,0.01,6104,200,3.22,2.72,100,12,10,71.72,,,,,,,,,,,,,,,,44.70,2026-10-01 15:13:04,2026-10-01 15:13:15,2026-09-29 00:37:52,3,33.00,,,49.51,rounds,true,97.73,98.64,54.91,500,59.01,139.8,696.5,3,,,,,,,,on,
old,50000000,b8192,groupby,g2minmaxR2,"group-by 2 int32 keys, R2 groups, min(x) AS lo, max(x) AS hi","SELECT k1, k2, min(x) AS lo, max(x) AS hi FROM grid GROUP BY k1, k2",217.56,682.60,0.319,3306.2,239.7,15,15,yes,0.000e0,1,TAKEN AggregateExec (input rows 50000000 (exact) vs min_rows 0; output kept at one partition (only projections above it)) | TAKEN MetalExec Aggregate { keys (ran on ArrowMetal: aggregate_choice is ArrowMetal),LEFT AggregateExec (input rows 50000000 (exact) vs min_rows 250000; minmax_f64 over 2+ i32 keys (memory input): the measured table takes it at no group count and size (results/datafusion_groupby_sweep_2026-09-30.csv)) | LEFT AggregateExec (Partial aggregate whose Final was not replaced),0,1,0.80,0.00,9.33,555.84,0.01,6104,21616057,2.59,2.81,100,6,6,842.05,,,,,,,,,,,,,,,,220.39,2026-10-01 15:14:17,2026-10-01 15:15:11,2026-09-29 00:37:52,3,228.28,,,689.59,rounds,true,859.03,879.62,247.79,500,249.34,460.0,3510.2,3,,,,,,,,on,
old,50000000,part1,groupby,g1minmax100k,"group-by 1 int32 key, 100k groups, min(x) AS lo, max(x) AS hi","SELECT k, min(x) AS lo, max(x) AS hi FROM grid GROUP BY k",44.78,65.29,0.686,674.0,71.8,15,15,yes,0.000e0,1,TAKEN AggregateExec (input rows 50000000 (exact) vs min_rows 0; output kept at one partition (only projections above it)) | TAKEN MetalExec Aggregate { keys (ran on ArrowMetal: aggregate_choice is ArrowMetal),LEFT AggregateExec (input rows 50000000 (exact) vs min_rows 250000; minmax_f64 over 1 i32 key (memory input): the measured table takes it at no group count and size (results/datafusion_groupby_sweep_2026-09-30.csv)) | LEFT AggregateExec (Partial aggregate whose Final was not replaced),0,1,1.12,0.00,5.72,57.31,0.01,6112,100000,2.83,3.98,100,12,9,98.04,,,,,,,,,,,,,,,,47.84,2026-10-01 15:16:10,2026-10-01 15:16:23,2026-09-29 00:37:52,3,45.62,,,65.40,rounds,true,96.09,126.98,68.86,500,74.07,103.7,835.5,3,,,,,,,,on,
old,50000000,part1,groupby,g1minmax10k,"group-by 1 int32 key, 10k groups, min(x) AS lo, max(x) AS hi","SELECT k, min(x) AS lo, max(x) AS hi FROM grid GROUP BY k",19.55,63.18,0.309,237.1,69.5,15,15,yes,0.000e0,1,TAKEN AggregateExec (input rows 50000000 (exact) vs min_rows 0; output kept at one partition (only projections above it)) | TAKEN MetalExec Aggregate { keys (ran on ArrowMetal: aggregate_choice is ArrowMetal),LEFT AggregateExec (input rows 50000000 (exact) vs min_rows 250000; minmax_f64 over 1 i32 key (memory input): the measured table takes it at no group count and size (results/datafusion_groupby_sweep_2026-09-30.csv)) | LEFT AggregateExec (Partial aggregate whose Final was not replaced),0,1,1.08,0.00,5.61,55.95,0.02,6112,10000,3.18,2.99,100,18,9,96.31,,,,,,,,,,,,,,,,21.69,2026-10-01 15:15:53,2026-10-01 15:16:05,2026-09-29 00:37:52,3,19.58,,,63.43,rounds,true,84.72,106.50,35.41,500,36.13,107.8,424.1,3,,,,,,,,on,
old,50000000,part1,groupby,g1minmax1M,"group-by 1 int32 key, 1M groups, min(x) AS lo, max(x) AS hi","SELECT k, min(x) AS lo, max(x) AS hi FROM grid GROUP BY k",73.78,95.06,0.776,1102.8,79.8,15,15,yes,0.000e0,1,TAKEN AggregateExec (input rows 50000000 (exact) vs min_rows 0; output kept at one partition (only projections above it)) | TAKEN MetalExec Aggregate { keys (ran on ArrowMetal: aggregate_choice is ArrowMetal),LEFT AggregateExec (input rows 50000000 (exact) vs min_rows 250000; minmax_f64 over 1 i32 key (memory input): the measured table takes it at no group count and size (results/datafusion_groupby_sweep_2026-09-30.csv)) | LEFT AggregateExec (Partial aggregate whose Final was not replaced),0,1,1.13,0.00,5.97,82.31,0.01,6112,1000000,3.18,3.68,100,9,7,157.19,,,,,,,,,,,,,,,,78.10,2026-10-01 15:16:49,2026-10-01 15:17:04,2026-09-29 00:37:52,3,74.37,,,95.99,rounds,true,130.58,150.65,94.36,500,94.56,119.8,1300.5,3,,,,,,,,on,
old,50000000,part1,groupby,g1minmax200,"group-by 1 int32 key, 200 groups, min(x) AS lo, max(x) AS hi","SELECT k, min(x) AS lo, max(x) AS hi FROM grid GROUP BY k",18.43,44.22,0.417,219.6,71.4,15,15,yes,0.000e0,1,TAKEN AggregateExec (input rows 50000000 (exact) vs min_rows 0; output kept at one partition (only projections above it)) | TAKEN MetalExec Aggregate { keys (ran on ArrowMetal: aggregate_choice is ArrowMetal),LEFT AggregateExec (input rows 50000000 (exact) vs min_rows 250000; minmax_f64 over 1 i32 key (memory input): the measured table takes it at no group count and size (results/datafusion_groupby_sweep_2026-09-30.csv)) | LEFT AggregateExec (Partial aggregate whose Final was not replaced),0,1,1.16,0.00,5.76,36.68,0.01,6112,200,2.67,3.69,100,21,12,135.55,,,,,,,,,,,,,,,,18.41,2026-10-01 15:15:17,2026-10-01 15:15:27,2026-09-29 00:37:52,3,18.45,,,44.43,rounds,true,63.92,89.41,33.45,500,33.79,103.5,343.1,3,,,,,,,,on,
old,50000000,part1,groupby,g1minmaxR2,"group-by 1 int32 key, R2 groups, min(x) AS lo, max(x) AS hi","SELECT k, min(x) AS lo, max(x) AS hi FROM grid GROUP BY k",197.75,649.62,0.304,2998.7,209.9,15,15,yes,0.000e0,1,TAKEN AggregateExec (input rows 50000000 (exact) vs min_rows 0; output kept at one partition (only projections above it)) | TAKEN MetalExec Aggregate { keys (ran on ArrowMetal: aggregate_choice is ArrowMetal),LEFT AggregateExec (input rows 50000000 (exact) vs min_rows 250000; minmax_f64 over 1 i32 key (memory input): the measured table takes it at no group count and size (results/datafusion_groupby_sweep_2026-09-30.csv)) | LEFT AggregateExec (Partial aggregate whose Final was not replaced),0,1,1.03,0.00,6.05,531.05,0.02,6112,21618695,3.47,3.93,100,6,6,820.09,,,,,,,,,,,,,,,,204.07,2026-10-01 15:17:09,2026-10-01 15:18:02,2026-09-29 00:37:52,3,198.56,,,652.72,rounds,true,786.30,800.19,216.67,500,224.10,357.9,3196.6,3,,,,,,,,on,
old,50000000,part1,groupby,g2minmax100k,"group-by 2 int32 keys, 100k groups, min(x) AS lo, max(x) AS hi","SELECT k1, k2, min(x) AS lo, max(x) AS hi FROM grid GROUP BY k1, k2",68.72,68.69,1.000,1019.2,88.7,15,15,yes,0.000e0,1,TAKEN AggregateExec (input rows 50000000 (exact) vs min_rows 0; output kept at one partition (only projections above it)) | TAKEN MetalExec Aggregate { keys (ran on ArrowMetal: aggregate_choice is ArrowMetal),LEFT AggregateExec (input rows 50000000 (exact) vs min_rows 250000; minmax_f64 over 2+ i32 keys (memory input): the measured table takes it at no group count and size (results/datafusion_groupby_sweep_2026-09-30.csv)) | LEFT AggregateExec (Partial aggregate whose Final was not replaced),0,1,1.18,0.00,8.12,58.29,0.01,6112,100000,2.83,3.98,100,9,9,80.83,,,,,,,,,,,,,,,,82.33,2026-10-01 15:16:10,2026-10-01 15:16:23,2026-09-29 00:37:52,3,70.08,,,68.98,rounds,true,110.43,122.42,90.04,500,94.46,141.6,1248.4,3,,,,,,,,on,
old,50000000,part1,groupby,g2minmax10k,"group-by 2 int32 keys, 10k groups, min(x) AS lo, max(x) AS hi","SELECT k1, k2, min(x) AS lo, max(x) AS hi FROM grid GROUP BY k1, k2",34.40,67.96,0.506,507.3,97.1,15,15,yes,0.000e0,1,TAKEN AggregateExec (input rows 50000000 (exact) vs min_rows 0; output kept at one partition (only projections above it)) | TAKEN MetalExec Aggregate { keys (ran on ArrowMetal: aggregate_choice is ArrowMetal),LEFT AggregateExec (input rows 50000000 (exact) vs min_rows 250000; minmax_f64 over 2+ i32 keys (memory input): the measured table takes it at no group count and size (results/datafusion_groupby_sweep_2026-09-30.csv)) | LEFT AggregateExec (Partial aggregate whose Final was not replaced),0,1,2.08,0.00,7.94,57.34,0.01,6112,10000,3.18,2.99,100,12,9,85.15,,,,,,,,,,,,,,,,49.87,2026-10-01 15:15:53,2026-10-01 15:16:05,2026-09-29 00:37:52,3,38.27,,,68.37,rounds,true,116.15,121.11,59.98,500,63.55,139.3,753.2,3,,,,,,,,on,
old,50000000,part1,groupby,g2minmax1M,"group-by 2 int32 keys, 1M groups, min(x) AS lo, max(x) AS hi","SELECT k1, k2, min(x) AS lo, max(x) AS hi FROM grid GROUP BY k1, k2",93.67,98.82,0.948,1413.2,94.4,15,15,yes,0.000e0,1,TAKEN AggregateExec (input rows 50000000 (exact) vs min_rows 0; output kept at one partition (only projections above it)) | TAKEN MetalExec Aggregate { keys (ran on ArrowMetal: aggregate_choice is ArrowMetal),LEFT AggregateExec (input rows 50000000 (exact) vs min_rows 250000; minmax_f64 over 2+ i32 keys (memory input): the measured table takes it at no group count and size (results/datafusion_groupby_sweep_2026-09-30.csv)) | LEFT AggregateExec (Partial aggregate whose Final was not replaced),0,1,1.14,0.00,8.26,83.53,0.01,6112,1000000,3.18,3.68,100,9,6,112.92,,,,,,,,,,,,,,,,103.27,2026-10-01 15:16:49,2026-10-01 15:17:04,2026-09-29 00:37:52,3,94.11,,,99.28,rounds,true,163.73,173.52,115.19,500,118.21,159.2,1622.5,3,,,,,,,,on,
old,50000000,part1,groupby,g2minmax200,"group-by 2 int32 keys, 200 groups, min(x) AS lo, max(x) AS hi","SELECT k1, k2, min(x) AS lo, max(x) AS hi FROM grid GROUP BY k1, k2",34.95,48.61,0.719,493.1,84.7,15,15,yes,0.000e0,1,TAKEN AggregateExec (input rows 50000000 (exact) vs min_rows 0; output kept at one partition (only projections above it)) | TAKEN MetalExec Aggregate { keys (ran on ArrowMetal: aggregate_choice is ArrowMetal),LEFT AggregateExec (input rows 50000000 (exact) vs min_rows 250000; minmax_f64 over 2+ i32 keys (memory input): the measured table takes it at no group count and size (results/datafusion_groupby_sweep_2026-09-30.csv)) | LEFT AggregateExec (Partial aggregate whose Final was not replaced),0,1,1.10,0.00,8.07,38.71,0.01,6112,200,2.67,3.69,100,12,10,69.78,,,,,,,,,,,,,,,,42.78,2026-10-01 15:15:17,2026-10-01 15:15:27,2026-09-29 00:37:52,3,35.76,,,48.68,rounds,true,83.54,100.25,55.41,500,55.68,124.8,681.0,3,,,,,,,,on,
old,50000000,part1,groupby,g2minmaxR2,"group-by 2 int32 keys, R2 groups, min(x) AS lo, max(x) AS hi","SELECT k1, k2, min(x) AS lo, max(x) AS hi FROM grid GROUP BY k1, k2",211.46,670.65,0.315,3233.1,236.8,15,15,yes,0.000e0,1,TAKEN AggregateExec (input rows 50000000 (exact) vs min_rows 0; output kept at one partition (only projections above it)) | TAKEN MetalExec Aggregate { keys (ran on ArrowMetal: aggregate_choice is ArrowMetal),LEFT AggregateExec (input rows 50000000 (exact) vs min_rows 250000; minmax_f64 over 2+ i32 keys (memory input): the measured table takes it at no group count and size (results/datafusion_groupby_sweep_2026-09-30.csv)) | LEFT AggregateExec (Partial aggregate whose Final was not replaced),0,1,1.17,0.00,8.53,546.51,0.02,6112,21616057,3.47,3.93,100,6,6,833.64,,,,,,,,,,,,,,,,210.75,2026-10-01 15:17:09,2026-10-01 15:18:02,2026-09-29 00:37:52,3,217.84,,,674.31,rounds,true,852.49,868.72,241.75,500,250.34,455.2,3528.8,3,,,,,,,,on,
