size,layout,family,case,label,sql,off_ms,on_ms,ratio,off_cpu_ms,on_cpu_ms,iters_off,iters_on,equal,max_rel_dev,nodes_taken,rule_on,rule_default,runtime_fallbacks,metal_nodes,input_ms,concat_ms,import_ms,kernel_ms,export_ms,input_batches,out_rows,block_load_start,block_load_end,warm_ms,untimed_off,untimed_on,on_first_ms,back_ms,back_cpu_ms,back_first_ms,equal_back,def_ms,def_cpu_ms,def_first_ms,equal_def,def_taken,def_handed_back,def_groups_est,def_probe_ms,def_input_ms,def_kernel_ms,def_choice,off_first_ms,block_t0,block_t1,last_sleep,rounds,off_round_median_ms,def_round_median_ms,back_round_median_ms,on_round_median_ms,method,def_gpu,def_idle_ms,def_idle_max_ms,off_idle_ms,idle_gap_ms,off_idle_max_ms,def_idle_cpu_ms,off_idle_cpu_ms,idle_reps
1000000,b8192,gsweep,avg_int_1i32_200,"avg_int, 1 i32 key(s), 200 groups in the key domain","SELECT k, avg(q) AS m FROM grid GROUP BY k",0.86,,,5.7,,30,,"yes",0.000e0,,,"LEFT AggregateExec (input rows 1000000 (exact) vs min_rows 250000; sum_avg_int over 1 i32 key (memory input): the measured table takes it at no group count and size (results/datafusion_groupby_sweep_2026-09-29.csv)) | LEFT AggregateExec (Partial aggregate whose Final was not replaced)",,0,0.00,0.00,0.00,0.00,0.00,0,200,3.35,2.70,100,0,,,,,,,0.85,5.7,1.15,"yes",0,0,0,0.0000,0.00,0.00,"LEFT AggregateExec (input rows 1000000 (exact) vs min_rows 250000; sum_avg_int over 1 i32 key (memory input): the measured table takes it at no group count and size (results/datafusion_groupby_sweep_2026-09-29.csv)) | LEFT AggregateExec (Partial aggregate whose Final was not replaced)",2.59,2026-09-29 17:21:14,2026-09-29 17:21:34,2026-09-29 00:37:52,30,0.91,0.90,,,alternate,false,6.19,6.57,7.23,500,8.15,15.8,16.0,3
1000000,b8192,gsweep,minmax_int_1i32_200,"minmax_int, 1 i32 key(s), 200 groups in the key domain","SELECT k, min(q) AS lo, max(q) AS hi FROM grid GROUP BY k",0.84,,,5.9,,30,,"yes",0.000e0,,,"LEFT AggregateExec (input rows 1000000 (exact) vs min_rows 250000; minmax_int over 1 i32 key (memory input): the measured table takes it at no group count and size (results/datafusion_groupby_sweep_2026-09-29.csv)) | LEFT AggregateExec (Partial aggregate whose Final was not replaced)",,0,0.00,0.00,0.00,0.00,0.00,0,200,3.35,2.70,100,0,,,,,,,0.85,5.8,1.97,"yes",0,0,0,0.0000,0.00,0.00,"LEFT AggregateExec (input rows 1000000 (exact) vs min_rows 250000; minmax_int over 1 i32 key (memory input): the measured table takes it at no group count and size (results/datafusion_groupby_sweep_2026-09-29.csv)) | LEFT AggregateExec (Partial aggregate whose Final was not replaced)",1.75,2026-09-29 17:21:14,2026-09-29 17:21:34,2026-09-29 00:37:52,30,0.90,0.90,,,alternate,false,6.99,7.21,6.62,500,7.03,17.9,17.3,3
1000000,b8192,gsweep,avg_int_2i32_200,"avg_int, 2 i32 key(s), 200 groups in the key domain","SELECT k1, k2, avg(q) AS m FROM grid GROUP BY k1, k2",1.35,,,11.8,,30,,"yes",0.000e0,,,"LEFT AggregateExec (input rows 1000000 (exact) vs min_rows 250000; sum_avg_int over 2+ i32 keys (memory input): the measured table takes it at no group count and size (results/datafusion_groupby_sweep_2026-09-29.csv)) | LEFT AggregateExec (Partial aggregate whose Final was not replaced)",,0,0.00,0.00,0.00,0.00,0.00,0,200,3.35,2.70,100,0,,,,,,,1.33,12.2,3.04,"yes",0,0,0,0.0000,0.00,0.00,"LEFT AggregateExec (input rows 1000000 (exact) vs min_rows 250000; sum_avg_int over 2+ i32 keys (memory input): the measured table takes it at no group count and size (results/datafusion_groupby_sweep_2026-09-29.csv)) | LEFT AggregateExec (Partial aggregate whose Final was not replaced)",4.46,2026-09-29 17:21:14,2026-09-29 17:21:34,2026-09-29 00:37:52,30,1.43,1.42,,,alternate,false,9.75,9.78,8.06,500,10.77,28.9,29.5,3
1000000,b8192,gsweep,avg_f64_1i64_200,"avg_f64, 1 i64 key(s), 200 groups in the key domain","SELECT kl, avg(x) AS m FROM grid GROUP BY kl",0.84,,,5.4,,30,,"yes",2.220e-16,,,"LEFT AggregateExec (input rows 1000000 (exact) vs min_rows 250000; sum_avg_f64 over 1 i64 key (memory input): the measured table takes it at no group count and size (results/datafusion_groupby_sweep_2026-09-29.csv)) | LEFT AggregateExec (Partial aggregate whose Final was not replaced)",,0,0.00,0.00,0.00,0.00,0.00,0,200,3.35,2.70,100,0,,,,,,,0.82,5.4,1.91,"yes",0,0,0,0.0000,0.00,0.00,"LEFT AggregateExec (input rows 1000000 (exact) vs min_rows 250000; sum_avg_f64 over 1 i64 key (memory input): the measured table takes it at no group count and size (results/datafusion_groupby_sweep_2026-09-29.csv)) | LEFT AggregateExec (Partial aggregate whose Final was not replaced)",2.23,2026-09-29 17:21:14,2026-09-29 17:21:34,2026-09-29 00:37:52,30,0.89,0.89,,,alternate,false,6.40,7.09,6.64,500,6.98,15.7,18.0,3
1000000,b8192,gsweep,minmax_f64_1i64_200,"minmax_f64, 1 i64 key(s), 200 groups in the key domain","SELECT kl, min(x) AS lo, max(x) AS hi FROM grid GROUP BY kl",0.87,,,6.0,,30,,"yes",0.000e0,,,"LEFT AggregateExec (input rows 1000000 (exact) vs min_rows 250000; minmax_f64 over 1 i64 key (memory input): the measured table takes it at no group count and size (results/datafusion_groupby_sweep_2026-09-29.csv)) | LEFT AggregateExec (Partial aggregate whose Final was not replaced)",,0,0.00,0.00,0.00,0.00,0.00,0,200,3.35,2.70,100,0,,,,,,,0.89,6.0,2.68,"yes",0,0,0,0.0000,0.00,0.00,"LEFT AggregateExec (input rows 1000000 (exact) vs min_rows 250000; minmax_f64 over 1 i64 key (memory input): the measured table takes it at no group count and size (results/datafusion_groupby_sweep_2026-09-29.csv)) | LEFT AggregateExec (Partial aggregate whose Final was not replaced)",3.14,2026-09-29 17:21:14,2026-09-29 17:21:34,2026-09-29 00:37:52,30,0.93,0.93,,,alternate,false,6.54,6.87,6.05,500,7.00,16.0,16.3,3
1000000,b8192,gsweep,avg_int_1i64_200,"avg_int, 1 i64 key(s), 200 groups in the key domain","SELECT kl, avg(q) AS m FROM grid GROUP BY kl",0.83,,,5.8,,30,,"yes",0.000e0,,,"LEFT AggregateExec (input rows 1000000 (exact) vs min_rows 250000; sum_avg_int over 1 i64 key (memory input): the measured table takes it at no group count and size (results/datafusion_groupby_sweep_2026-09-29.csv)) | LEFT AggregateExec (Partial aggregate whose Final was not replaced)",,0,0.00,0.00,0.00,0.00,0.00,0,200,3.35,2.70,100,0,,,,,,,0.87,5.7,2.07,"yes",0,0,0,0.0000,0.00,0.00,"LEFT AggregateExec (input rows 1000000 (exact) vs min_rows 250000; sum_avg_int over 1 i64 key (memory input): the measured table takes it at no group count and size (results/datafusion_groupby_sweep_2026-09-29.csv)) | LEFT AggregateExec (Partial aggregate whose Final was not replaced)",1.97,2026-09-29 17:21:14,2026-09-29 17:21:34,2026-09-29 00:37:52,30,0.90,0.90,,,alternate,false,5.89,7.28,3.27,500,6.30,17.6,13.7,3
1000000,b8192,gsweep,count_1i32_10k,"count, 1 i32 key(s), 10k groups in the key domain","SELECT k, count(*) AS n FROM grid GROUP BY k",1.21,,,10.4,,30,,"yes",0.000e0,,,"LEFT AggregateExec (input rows 1000000 (exact) vs min_rows 250000; count over 1 i32 key (memory input): the measured table takes it at no group count and size (results/datafusion_groupby_sweep_2026-09-29.csv)) | LEFT AggregateExec (Partial aggregate whose Final was not replaced)",,0,0.00,0.00,0.00,0.00,0.00,0,10000,2.70,2.59,100,0,,,,,,,1.21,11.0,1.60,"yes",0,0,0,0.0000,0.00,0.00,"LEFT AggregateExec (input rows 1000000 (exact) vs min_rows 250000; count over 1 i32 key (memory input): the measured table takes it at no group count and size (results/datafusion_groupby_sweep_2026-09-29.csv)) | LEFT AggregateExec (Partial aggregate whose Final was not replaced)",2.14,2026-09-29 17:21:37,2026-09-29 17:22:00,2026-09-29 00:37:52,30,1.29,1.28,,,alternate,false,8.19,9.92,6.48,500,9.32,30.4,29.7,3
1000000,b8192,gsweep,avg_f64_1i32_10k,"avg_f64, 1 i32 key(s), 10k groups in the key domain","SELECT k, avg(x) AS m FROM grid GROUP BY k",1.30,,,11.1,,30,,"yes",3.331e-16,,,"LEFT AggregateExec (input rows 1000000 (exact) vs min_rows 250000; sum_avg_f64 over 1 i32 key (memory input): the measured table takes it at no group count and size (results/datafusion_groupby_sweep_2026-09-29.csv)) | LEFT AggregateExec (Partial aggregate whose Final was not replaced)",,0,0.00,0.00,0.00,0.00,0.00,0,10000,2.70,2.59,100,0,,,,,,,1.30,12.2,2.88,"yes",0,0,0,0.0000,0.00,0.00,"LEFT AggregateExec (input rows 1000000 (exact) vs min_rows 250000; sum_avg_f64 over 1 i32 key (memory input): the measured table takes it at no group count and size (results/datafusion_groupby_sweep_2026-09-29.csv)) | LEFT AggregateExec (Partial aggregate whose Final was not replaced)",3.21,2026-09-29 17:21:37,2026-09-29 17:22:00,2026-09-29 00:37:52,30,1.37,1.38,,,alternate,false,9.29,11.73,10.60,500,10.76,33.0,33.2,3
1000000,b8192,gsweep,distinct_1i32_10k,"distinct, 1 i32 key(s), 10k groups in the key domain","SELECT DISTINCT k FROM grid",1.01,,,10.5,,30,,"yes",0.000e0,,,"LEFT AggregateExec (input rows 1000000 (exact) vs min_rows 250000; distinct over 1 i32 key (memory input): the measured table takes no group count at 1M rows (the first take is at 50M rows; results/datafusion_groupby_sweep_2026-09-29.csv)) | LEFT AggregateExec (Partial aggregate whose Final was not replaced)",,0,0.00,0.00,0.00,0.00,0.00,0,10000,2.70,2.59,100,0,,,,,,,1.06,9.0,2.36,"yes",0,0,0,0.0000,0.00,0.00,"LEFT AggregateExec (input rows 1000000 (exact) vs min_rows 250000; distinct over 1 i32 key (memory input): the measured table takes no group count at 1M rows (the first take is at 50M rows; results/datafusion_groupby_sweep_2026-09-29.csv)) | LEFT AggregateExec (Partial aggregate whose Final was not replaced)",2.28,2026-09-29 17:21:37,2026-09-29 17:22:00,2026-09-29 00:37:52,30,1.11,1.13,,,alternate,false,8.02,9.01,2.66,500,7.71,26.2,19.4,3
1000000,b8192,gsweep,avg_int_2i32_10k,"avg_int, 2 i32 key(s), 10k groups in the key domain","SELECT k1, k2, avg(q) AS m FROM grid GROUP BY k1, k2",1.83,,,18.1,,30,,"yes",0.000e0,,,"LEFT AggregateExec (input rows 1000000 (exact) vs min_rows 250000; sum_avg_int over 2+ i32 keys (memory input): the measured table takes it at no group count and size (results/datafusion_groupby_sweep_2026-09-29.csv)) | LEFT AggregateExec (Partial aggregate whose Final was not replaced)",,0,0.00,0.00,0.00,0.00,0.00,0,10000,2.70,2.59,100,0,,,,,,,1.85,18.6,4.59,"yes",0,0,0,0.0000,0.00,0.00,"LEFT AggregateExec (input rows 1000000 (exact) vs min_rows 250000; sum_avg_int over 2+ i32 keys (memory input): the measured table takes it at no group count and size (results/datafusion_groupby_sweep_2026-09-29.csv)) | LEFT AggregateExec (Partial aggregate whose Final was not replaced)",5.17,2026-09-29 17:21:37,2026-09-29 17:22:00,2026-09-29 00:37:52,30,1.93,1.92,,,alternate,false,6.68,10.92,11.28,500,14.21,43.5,49.5,3
1000000,b8192,gsweep,sum_f64_2i64_10k,"sum_f64, 2 i64 key(s), 10k groups in the key domain","SELECT kl1, kl2, sum(x) AS s FROM grid GROUP BY kl1, kl2",1.79,,,17.4,,30,,"yes",5.584e-16,,,"LEFT AggregateExec (input rows 1000000 (exact) vs min_rows 250000; sum_avg_f64 over 2+ i64 keys (memory input): the measured table takes it at no group count and size (results/datafusion_groupby_sweep_2026-09-29.csv)) | LEFT AggregateExec (Partial aggregate whose Final was not replaced)",,0,0.00,0.00,0.00,0.00,0.00,0,10000,2.70,2.59,100,0,,,,,,,1.79,17.2,3.25,"yes",0,0,0,0.0000,0.00,0.00,"LEFT AggregateExec (input rows 1000000 (exact) vs min_rows 250000; sum_avg_f64 over 2+ i64 keys (memory input): the measured table takes it at no group count and size (results/datafusion_groupby_sweep_2026-09-29.csv)) | LEFT AggregateExec (Partial aggregate whose Final was not replaced)",2.88,2026-09-29 17:21:37,2026-09-29 17:22:00,2026-09-29 00:37:52,30,1.90,1.89,,,alternate,false,11.22,12.65,9.66,500,11.13,49.3,47.0,3
1000000,b8192,gsweep,sum_int_2i64_10k,"sum_int, 2 i64 key(s), 10k groups in the key domain","SELECT kl1, kl2, sum(q) AS s FROM grid GROUP BY kl1, kl2",1.77,,,17.4,,30,,"yes",0.000e0,,,"LEFT AggregateExec (input rows 1000000 (exact) vs min_rows 250000; sum_avg_int over 2+ i64 keys (memory input): the measured table takes it at no group count and size (results/datafusion_groupby_sweep_2026-09-29.csv)) | LEFT AggregateExec (Partial aggregate whose Final was not replaced)",,0,0.00,0.00,0.00,0.00,0.00,0,10000,2.70,2.59,100,0,,,,,,,1.77,17.9,3.11,"yes",0,0,0,0.0000,0.00,0.00,"LEFT AggregateExec (input rows 1000000 (exact) vs min_rows 250000; sum_avg_int over 2+ i64 keys (memory input): the measured table takes it at no group count and size (results/datafusion_groupby_sweep_2026-09-29.csv)) | LEFT AggregateExec (Partial aggregate whose Final was not replaced)",3.00,2026-09-29 17:21:37,2026-09-29 17:22:00,2026-09-29 00:37:52,30,1.84,1.89,,,alternate,false,10.95,11.41,10.90,500,12.26,47.5,46.3,3
1000000,b8192,gsweep,minmax_int_2i64_10k,"minmax_int, 2 i64 key(s), 10k groups in the key domain","SELECT kl1, kl2, min(q) AS lo, max(q) AS hi FROM grid GROUP BY kl1, kl2",2.20,,,22.9,,30,,"yes",0.000e0,,,"LEFT AggregateExec (input rows 1000000 (exact) vs min_rows 250000; minmax_int over 2+ i64 keys (memory input): the measured table takes no group count at 1M rows (the first take is at 5M rows; results/datafusion_groupby_sweep_2026-09-29.csv)) | LEFT AggregateExec (Partial aggregate whose Final was not replaced)",,0,0.00,0.00,0.00,0.00,0.00,0,10000,2.70,2.59,100,0,,,,,,,2.23,23.2,3.62,"yes",0,0,0,0.0000,0.00,0.00,"LEFT AggregateExec (input rows 1000000 (exact) vs min_rows 250000; minmax_int over 2+ i64 keys (memory input): the measured table takes no group count at 1M rows (the first take is at 5M rows; results/datafusion_groupby_sweep_2026-09-29.csv)) | LEFT AggregateExec (Partial aggregate whose Final was not replaced)",3.86,2026-09-29 17:21:37,2026-09-29 17:22:00,2026-09-29 00:37:52,30,2.29,2.33,,,alternate,false,9.12,11.62,11.00,500,11.63,52.6,54.2,3
1000000,b8192,gsweep,count_1i32_100k,"count, 1 i32 key(s), 100k groups in the key domain","SELECT k, count(*) AS n FROM grid GROUP BY k",2.42,,,29.2,,30,,"yes",0.000e0,,,"LEFT AggregateExec (input rows 1000000 (exact) vs min_rows 250000; count over 1 i32 key (memory input): the measured table takes it at no group count and size (results/datafusion_groupby_sweep_2026-09-29.csv)) | LEFT AggregateExec (Partial aggregate whose Final was not replaced)",,0,0.00,0.00,0.00,0.00,0.00,0,99995,2.46,3.13,100,0,,,,,,,2.40,29.3,2.77,"yes",0,0,0,0.0000,0.00,0.00,"LEFT AggregateExec (input rows 1000000 (exact) vs min_rows 250000; count over 1 i32 key (memory input): the measured table takes it at no group count and size (results/datafusion_groupby_sweep_2026-09-29.csv)) | LEFT AggregateExec (Partial aggregate whose Final was not replaced)",3.69,2026-09-29 17:22:03,2026-09-29 17:22:38,2026-09-29 00:37:52,30,2.63,2.66,,,alternate,false,12.62,13.71,11.83,500,15.91,66.3,69.0,3
1000000,b8192,gsweep,avg_f64_1i32_100k,"avg_f64, 1 i32 key(s), 100k groups in the key domain","SELECT k, avg(x) AS m FROM grid GROUP BY k",2.61,,,32.4,,30,,"yes",4.441e-16,,,"LEFT AggregateExec (input rows 1000000 (exact) vs min_rows 250000; sum_avg_f64 over 1 i32 key (memory input): the measured table takes it at no group count and size (results/datafusion_groupby_sweep_2026-09-29.csv)) | LEFT AggregateExec (Partial aggregate whose Final was not replaced)",,0,0.00,0.00,0.00,0.00,0.00,0,99995,2.46,3.13,100,0,,,,,,,2.58,31.6,4.50,"yes",0,0,0,0.0000,0.00,0.00,"LEFT AggregateExec (input rows 1000000 (exact) vs min_rows 250000; sum_avg_f64 over 1 i32 key (memory input): the measured table takes it at no group count and size (results/datafusion_groupby_sweep_2026-09-29.csv)) | LEFT AggregateExec (Partial aggregate whose Final was not replaced)",4.73,2026-09-29 17:22:03,2026-09-29 17:22:38,2026-09-29 00:37:52,30,2.82,2.76,,,alternate,false,12.17,14.35,13.41,500,14.15,73.5,68.8,3
1000000,b8192,gsweep,count_2i32_100k,"count, 2 i32 key(s), 100k groups in the key domain","SELECT k1, k2, count(*) AS n FROM grid GROUP BY k1, k2",2.85,,,35.7,,30,,"yes",0.000e0,,,"LEFT AggregateExec (input rows 1000000 (exact) vs min_rows 250000; count over 2+ i32 keys (memory input): the measured table takes no group count at 1M rows (the first take is at 10M rows; results/datafusion_groupby_sweep_2026-09-29.csv)) | LEFT AggregateExec (Partial aggregate whose Final was not replaced)",,0,0.00,0.00,0.00,0.00,0.00,0,99998,2.46,3.13,100,0,,,,,,,2.83,35.5,6.19,"yes",0,0,0,0.0000,0.00,0.00,"LEFT AggregateExec (input rows 1000000 (exact) vs min_rows 250000; count over 2+ i32 keys (memory input): the measured table takes no group count at 1M rows (the first take is at 10M rows; results/datafusion_groupby_sweep_2026-09-29.csv)) | LEFT AggregateExec (Partial aggregate whose Final was not replaced)",6.31,2026-09-29 17:22:03,2026-09-29 17:22:38,2026-09-29 00:37:52,30,3.05,3.08,,,alternate,false,4.88,14.32,6.29,500,14.06,45.1,61.2,3
1000000,b8192,gsweep,avg_f64_2i32_100k,"avg_f64, 2 i32 key(s), 100k groups in the key domain","SELECT k1, k2, avg(x) AS m FROM grid GROUP BY k1, k2",3.08,,,38.3,,30,,"yes",3.331e-16,,,"LEFT AggregateExec (input rows 1000000 (exact) vs min_rows 250000; sum_avg_f64 over 2+ i32 keys (memory input): the measured table takes it at no group count and size (results/datafusion_groupby_sweep_2026-09-29.csv)) | LEFT AggregateExec (Partial aggregate whose Final was not replaced)",,0,0.00,0.00,0.00,0.00,0.00,0,99998,2.46,3.13,100,0,,,,,,,3.05,39.1,3.83,"yes",0,0,0,0.0000,0.00,0.00,"LEFT AggregateExec (input rows 1000000 (exact) vs min_rows 250000; sum_avg_f64 over 2+ i32 keys (memory input): the measured table takes it at no group count and size (results/datafusion_groupby_sweep_2026-09-29.csv)) | LEFT AggregateExec (Partial aggregate whose Final was not replaced)",3.66,2026-09-29 17:22:03,2026-09-29 17:22:38,2026-09-29 00:37:52,30,3.22,3.21,,,alternate,false,5.55,12.98,6.59,500,8.40,54.8,74.4,3
1000000,b8192,gsweep,count_1i64_100k,"count, 1 i64 key(s), 100k groups in the key domain","SELECT kl, count(*) AS n FROM grid GROUP BY kl",2.39,,,28.9,,30,,"yes",0.000e0,,,"LEFT AggregateExec (input rows 1000000 (exact) vs min_rows 250000; count over 1 i64 key (memory input): the measured table takes it at no group count and size (results/datafusion_groupby_sweep_2026-09-29.csv)) | LEFT AggregateExec (Partial aggregate whose Final was not replaced)",,0,0.00,0.00,0.00,0.00,0.00,0,99995,2.46,3.13,100,0,,,,,,,2.41,29.6,4.04,"yes",0,0,0,0.0000,0.00,0.00,"LEFT AggregateExec (input rows 1000000 (exact) vs min_rows 250000; count over 1 i64 key (memory input): the measured table takes it at no group count and size (results/datafusion_groupby_sweep_2026-09-29.csv)) | LEFT AggregateExec (Partial aggregate whose Final was not replaced)",3.37,2026-09-29 17:22:03,2026-09-29 17:22:38,2026-09-29 00:37:52,30,2.61,2.63,,,alternate,false,5.26,11.86,12.77,500,14.86,44.0,73.5,3
1000000,b8192,gsweep,minmax_f64_1i64_100k,"minmax_f64, 1 i64 key(s), 100k groups in the key domain","SELECT kl, min(x) AS lo, max(x) AS hi FROM grid GROUP BY kl",3.01,,,37.9,,30,,"yes",0.000e0,,,"LEFT AggregateExec (input rows 1000000 (exact) vs min_rows 250000; minmax_f64 over 1 i64 key (memory input): the measured table takes it at no group count and size (results/datafusion_groupby_sweep_2026-09-29.csv)) | LEFT AggregateExec (Partial aggregate whose Final was not replaced)",,0,0.00,0.00,0.00,0.00,0.00,0,99995,2.46,3.13,100,0,,,,,,,3.04,37.7,3.93,"yes",0,0,0,0.0000,0.00,0.00,"LEFT AggregateExec (input rows 1000000 (exact) vs min_rows 250000; minmax_f64 over 1 i64 key (memory input): the measured table takes it at no group count and size (results/datafusion_groupby_sweep_2026-09-29.csv)) | LEFT AggregateExec (Partial aggregate whose Final was not replaced)",3.73,2026-09-29 17:22:03,2026-09-29 17:22:38,2026-09-29 00:37:52,30,3.21,3.17,,,alternate,false,7.53,15.60,7.39,500,13.78,80.5,76.8,3
1000000,b8192,gsweep,sum_int_1i64_100k,"sum_int, 1 i64 key(s), 100k groups in the key domain","SELECT kl, sum(q) AS s FROM grid GROUP BY kl",2.34,,,28.6,,30,,"yes",0.000e0,,,"LEFT AggregateExec (input rows 1000000 (exact) vs min_rows 250000; sum_avg_int over 1 i64 key (memory input): the measured table takes it at no group count and size (results/datafusion_groupby_sweep_2026-09-29.csv)) | LEFT AggregateExec (Partial aggregate whose Final was not replaced)",,0,0.00,0.00,0.00,0.00,0.00,0,99995,2.46,3.13,100,0,,,,,,,2.37,28.9,3.68,"yes",0,0,0,0.0000,0.00,0.00,"LEFT AggregateExec (input rows 1000000 (exact) vs min_rows 250000; sum_avg_int over 1 i64 key (memory input): the measured table takes it at no group count and size (results/datafusion_groupby_sweep_2026-09-29.csv)) | LEFT AggregateExec (Partial aggregate whose Final was not replaced)",3.92,2026-09-29 17:22:03,2026-09-29 17:22:38,2026-09-29 00:37:52,30,2.58,2.60,,,alternate,false,13.01,14.79,5.15,500,5.39,72.0,41.4,3
1000000,b8192,gsweep,avg_f64_2i64_100k,"avg_f64, 2 i64 key(s), 100k groups in the key domain","SELECT kl1, kl2, avg(x) AS m FROM grid GROUP BY kl1, kl2",3.24,,,40.5,,30,,"yes",3.331e-16,,,"LEFT AggregateExec (input rows 1000000 (exact) vs min_rows 250000; sum_avg_f64 over 2+ i64 keys (memory input): the measured table takes it at no group count and size (results/datafusion_groupby_sweep_2026-09-29.csv)) | LEFT AggregateExec (Partial aggregate whose Final was not replaced)",,0,0.00,0.00,0.00,0.00,0.00,0,99998,2.46,3.13,100,0,,,,,,,3.23,40.1,5.51,"yes",0,0,0,0.0000,0.00,0.00,"LEFT AggregateExec (input rows 1000000 (exact) vs min_rows 250000; sum_avg_f64 over 2+ i64 keys (memory input): the measured table takes it at no group count and size (results/datafusion_groupby_sweep_2026-09-29.csv)) | LEFT AggregateExec (Partial aggregate whose Final was not replaced)",5.82,2026-09-29 17:22:03,2026-09-29 17:22:38,2026-09-29 00:37:52,30,3.36,3.37,,,alternate,false,15.01,15.92,6.56,500,16.89,95.2,65.7,3
1000000,b8192,gsweep,minmax_f64_2i64_100k,"minmax_f64, 2 i64 key(s), 100k groups in the key domain","SELECT kl1, kl2, min(x) AS lo, max(x) AS hi FROM grid GROUP BY kl1, kl2",3.60,,,46.5,,30,,"yes",0.000e0,,,"LEFT AggregateExec (input rows 1000000 (exact) vs min_rows 250000; minmax_f64 over 2+ i64 keys (memory input): the measured table takes it at no group count and size (results/datafusion_groupby_sweep_2026-09-29.csv)) | LEFT AggregateExec (Partial aggregate whose Final was not replaced)",,0,0.00,0.00,0.00,0.00,0.00,0,99998,2.46,3.13,100,0,,,,,,,3.67,47.0,4.70,"yes",0,0,0,0.0000,0.00,0.00,"LEFT AggregateExec (input rows 1000000 (exact) vs min_rows 250000; minmax_f64 over 2+ i64 keys (memory input): the measured table takes it at no group count and size (results/datafusion_groupby_sweep_2026-09-29.csv)) | LEFT AggregateExec (Partial aggregate whose Final was not replaced)",4.39,2026-09-29 17:22:03,2026-09-29 17:22:38,2026-09-29 00:37:52,30,3.89,3.91,,,alternate,false,15.28,15.67,15.02,500,16.81,102.7,104.3,3
1000000,b8192,gsweep,avg_int_2i64_100k,"avg_int, 2 i64 key(s), 100k groups in the key domain","SELECT kl1, kl2, avg(q) AS m FROM grid GROUP BY kl1, kl2",3.24,,,41.1,,30,,"yes",0.000e0,,,"LEFT AggregateExec (input rows 1000000 (exact) vs min_rows 250000; sum_avg_int over 2+ i64 keys (memory input): the measured table takes it at no group count and size (results/datafusion_groupby_sweep_2026-09-29.csv)) | LEFT AggregateExec (Partial aggregate whose Final was not replaced)",,0,0.00,0.00,0.00,0.00,0.00,0,99998,2.46,3.13,100,0,,,,,,,3.30,40.7,5.84,"yes",0,0,0,0.0000,0.00,0.00,"LEFT AggregateExec (input rows 1000000 (exact) vs min_rows 250000; sum_avg_int over 2+ i64 keys (memory input): the measured table takes it at no group count and size (results/datafusion_groupby_sweep_2026-09-29.csv)) | LEFT AggregateExec (Partial aggregate whose Final was not replaced)",6.03,2026-09-29 17:22:03,2026-09-29 17:22:38,2026-09-29 00:37:52,30,3.43,3.42,,,alternate,false,12.49,15.19,12.63,500,13.88,95.1,89.8,3
1000000,b8192,gsweep,avg_int_1i32_1M,"avg_int, 1 i32 key(s), 1M groups in the key domain","SELECT k, avg(q) AS m FROM grid GROUP BY k",3.78,,,48.4,,30,,"yes",0.000e0,,,"LEFT AggregateExec (input rows 1000000 (exact) vs min_rows 250000; sum_avg_int over 1 i32 key (memory input): the measured table takes it at no group count and size (results/datafusion_groupby_sweep_2026-09-29.csv)) | LEFT AggregateExec (Partial aggregate whose Final was not replaced)",,0,0.00,0.00,0.00,0.00,0.00,0,631988,3.13,2.79,100,0,,,,,,,3.69,48.6,6.71,"yes",0,0,0,0.0000,0.00,0.00,"LEFT AggregateExec (input rows 1000000 (exact) vs min_rows 250000; sum_avg_int over 1 i32 key (memory input): the measured table takes it at no group count and size (results/datafusion_groupby_sweep_2026-09-29.csv)) | LEFT AggregateExec (Partial aggregate whose Final was not replaced)",7.04,2026-09-29 17:22:40,2026-09-29 17:22:58,2026-09-29 00:37:52,30,4.05,4.06,,,alternate,false,12.60,14.88,9.74,500,15.83,106.2,103.0,3
1000000,b8192,gsweep,distinct_1i32_1M,"distinct, 1 i32 key(s), 1M groups in the key domain","SELECT DISTINCT k FROM grid",2.96,,,40.6,,30,,"yes",0.000e0,,,"LEFT AggregateExec (input rows 1000000 (exact) vs min_rows 250000; distinct over 1 i32 key (memory input): the measured table takes no group count at 1M rows (the first take is at 50M rows; results/datafusion_groupby_sweep_2026-09-29.csv)) | LEFT AggregateExec (Partial aggregate whose Final was not replaced)",,0,0.00,0.00,0.00,0.00,0.00,0,631988,3.13,2.79,100,0,,,,,,,3.04,39.2,5.24,"yes",0,0,0,0.0000,0.00,0.00,"LEFT AggregateExec (input rows 1000000 (exact) vs min_rows 250000; distinct over 1 i32 key (memory input): the measured table takes no group count at 1M rows (the first take is at 50M rows; results/datafusion_groupby_sweep_2026-09-29.csv)) | LEFT AggregateExec (Partial aggregate whose Final was not replaced)",6.72,2026-09-29 17:22:40,2026-09-29 17:22:58,2026-09-29 00:37:52,30,3.34,3.21,,,alternate,false,13.38,14.58,12.70,500,13.89,87.1,89.9,3
1000000,b8192,gsweep,sum_int_2i32_1M,"sum_int, 2 i32 key(s), 1M groups in the key domain","SELECT k1, k2, sum(q) AS s FROM grid GROUP BY k1, k2",3.77,,,49.7,,30,,"yes",0.000e0,,,"LEFT AggregateExec (input rows 1000000 (exact) vs min_rows 250000; sum_avg_int over 2+ i32 keys (memory input): the measured table takes it at no group count and size (results/datafusion_groupby_sweep_2026-09-29.csv)) | LEFT AggregateExec (Partial aggregate whose Final was not replaced)",,0,0.00,0.00,0.00,0.00,0.00,0,632071,3.13,2.79,100,0,,,,,,,3.81,50.2,6.64,"yes",0,0,0,0.0000,0.00,0.00,"LEFT AggregateExec (input rows 1000000 (exact) vs min_rows 250000; sum_avg_int over 2+ i32 keys (memory input): the measured table takes it at no group count and size (results/datafusion_groupby_sweep_2026-09-29.csv)) | LEFT AggregateExec (Partial aggregate whose Final was not replaced)",6.47,2026-09-29 17:22:40,2026-09-29 17:22:58,2026-09-29 00:37:52,30,3.99,3.99,,,alternate,false,15.05,15.70,15.45,500,15.85,112.7,113.1,3
1000000,b8192,gsweep,distinct_2i32_1M,"distinct, 2 i32 key(s), 1M groups in the key domain","SELECT DISTINCT k1, k2 FROM grid",3.30,,,44.9,,30,,"yes",0.000e0,,,"LEFT AggregateExec (input rows 1000000 (exact) vs min_rows 250000; distinct over 2+ i32 keys (memory input): the measured table takes no group count at 1M rows (the first take is at 10M rows; results/datafusion_groupby_sweep_2026-09-29.csv)) | LEFT AggregateExec (Partial aggregate whose Final was not replaced)",,0,0.00,0.00,0.00,0.00,0.00,0,632071,3.13,2.79,100,0,,,,,,,3.43,45.2,6.09,"yes",0,0,0,0.0000,0.00,0.00,"LEFT AggregateExec (input rows 1000000 (exact) vs min_rows 250000; distinct over 2+ i32 keys (memory input): the measured table takes no group count at 1M rows (the first take is at 10M rows; results/datafusion_groupby_sweep_2026-09-29.csv)) | LEFT AggregateExec (Partial aggregate whose Final was not replaced)",6.20,2026-09-29 17:22:40,2026-09-29 17:22:58,2026-09-29 00:37:52,30,3.57,3.65,,,alternate,false,8.04,13.11,13.13,500,15.62,78.3,100.4,3
1000000,b8192,gsweep,sum_f64_1i64_1M,"sum_f64, 1 i64 key(s), 1M groups in the key domain","SELECT kl, sum(x) AS s FROM grid GROUP BY kl",3.28,,,43.6,,30,,"yes",4.293e-16,,,"LEFT AggregateExec (input rows 1000000 (exact) vs min_rows 250000; sum_avg_f64 over 1 i64 key (memory input): the measured table takes it at no group count and size (results/datafusion_groupby_sweep_2026-09-29.csv)) | LEFT AggregateExec (Partial aggregate whose Final was not replaced)",,0,0.00,0.00,0.00,0.00,0.00,0,631988,3.13,2.79,100,0,,,,,,,3.35,44.1,5.91,"yes",0,0,0,0.0000,0.00,0.00,"LEFT AggregateExec (input rows 1000000 (exact) vs min_rows 250000; sum_avg_f64 over 1 i64 key (memory input): the measured table takes it at no group count and size (results/datafusion_groupby_sweep_2026-09-29.csv)) | LEFT AggregateExec (Partial aggregate whose Final was not replaced)",6.22,2026-09-29 17:22:40,2026-09-29 17:22:58,2026-09-29 00:37:52,30,3.66,3.64,,,alternate,false,9.10,15.80,16.52,500,16.58,81.1,99.8,3
1000000,b8192,gsweep,avg_f64_1i32_R2,"avg_f64, 1 i32 key(s), R2 groups in the key domain","SELECT k, avg(x) AS m FROM grid GROUP BY k",3.33,,,42.7,,30,,"yes",3.331e-16,,,"LEFT AggregateExec (input rows 1000000 (exact) vs min_rows 250000; sum_avg_f64 over 1 i32 key (memory input): the measured table takes it at no group count and size (results/datafusion_groupby_sweep_2026-09-29.csv)) | LEFT AggregateExec (Partial aggregate whose Final was not replaced)",,0,0.00,0.00,0.00,0.00,0.00,0,432472,2.79,2.41,100,0,,,,,,,3.24,42.3,3.72,"yes",0,0,0,0.0000,0.00,0.00,"LEFT AggregateExec (input rows 1000000 (exact) vs min_rows 250000; sum_avg_f64 over 1 i32 key (memory input): the measured table takes it at no group count and size (results/datafusion_groupby_sweep_2026-09-29.csv)) | LEFT AggregateExec (Partial aggregate whose Final was not replaced)",4.48,2026-09-29 17:23:00,2026-09-29 17:23:22,2026-09-29 00:37:52,30,3.56,3.59,,,alternate,false,13.72,15.87,13.71,500,15.64,98.2,100.5,3
1000000,b8192,gsweep,minmax_f64_1i32_R2,"minmax_f64, 1 i32 key(s), R2 groups in the key domain","SELECT k, min(x) AS lo, max(x) AS hi FROM grid GROUP BY k",3.80,,,49.6,,30,,"yes",0.000e0,,,"LEFT AggregateExec (input rows 1000000 (exact) vs min_rows 250000; minmax_f64 over 1 i32 key (memory input): the measured table takes it at no group count and size (results/datafusion_groupby_sweep_2026-09-29.csv)) | LEFT AggregateExec (Partial aggregate whose Final was not replaced)",,0,0.00,0.00,0.00,0.00,0.00,0,432472,2.79,2.41,100,0,,,,,,,3.79,49.2,6.37,"yes",0,0,0,0.0000,0.00,0.00,"LEFT AggregateExec (input rows 1000000 (exact) vs min_rows 250000; minmax_f64 over 1 i32 key (memory input): the measured table takes it at no group count and size (results/datafusion_groupby_sweep_2026-09-29.csv)) | LEFT AggregateExec (Partial aggregate whose Final was not replaced)",6.65,2026-09-29 17:23:00,2026-09-29 17:23:22,2026-09-29 00:37:52,30,4.02,4.03,,,alternate,false,14.87,15.78,15.99,500,16.04,105.4,110.9,3
1000000,b8192,gsweep,count_2i32_R2,"count, 2 i32 key(s), R2 groups in the key domain","SELECT k1, k2, count(*) AS n FROM grid GROUP BY k1, k2",3.54,,,44.9,,30,,"yes",0.000e0,,,"LEFT AggregateExec (input rows 1000000 (exact) vs min_rows 250000; count over 2+ i32 keys (memory input): the measured table takes no group count at 1M rows (the first take is at 10M rows; results/datafusion_groupby_sweep_2026-09-29.csv)) | LEFT AggregateExec (Partial aggregate whose Final was not replaced)",,0,0.00,0.00,0.00,0.00,0.00,0,432084,2.79,2.41,100,0,,,,,,,3.65,45.5,5.75,"yes",0,0,0,0.0000,0.00,0.00,"LEFT AggregateExec (input rows 1000000 (exact) vs min_rows 250000; count over 2+ i32 keys (memory input): the measured table takes no group count at 1M rows (the first take is at 10M rows; results/datafusion_groupby_sweep_2026-09-29.csv)) | LEFT AggregateExec (Partial aggregate whose Final was not replaced)",6.65,2026-09-29 17:23:00,2026-09-29 17:23:22,2026-09-29 00:37:52,30,3.76,3.77,,,alternate,false,8.92,14.41,15.45,500,17.28,93.9,100.1,3
1000000,b8192,gsweep,distinct_2i32_R2,"distinct, 2 i32 key(s), R2 groups in the key domain","SELECT DISTINCT k1, k2 FROM grid",3.15,,,42.2,,30,,"yes",0.000e0,,,"LEFT AggregateExec (input rows 1000000 (exact) vs min_rows 250000; distinct over 2+ i32 keys (memory input): the measured table takes no group count at 1M rows (the first take is at 10M rows; results/datafusion_groupby_sweep_2026-09-29.csv)) | LEFT AggregateExec (Partial aggregate whose Final was not replaced)",,0,0.00,0.00,0.00,0.00,0.00,0,432084,2.79,2.41,100,0,,,,,,,3.23,42.3,5.27,"yes",0,0,0,0.0000,0.00,0.00,"LEFT AggregateExec (input rows 1000000 (exact) vs min_rows 250000; distinct over 2+ i32 keys (memory input): the measured table takes no group count at 1M rows (the first take is at 10M rows; results/datafusion_groupby_sweep_2026-09-29.csv)) | LEFT AggregateExec (Partial aggregate whose Final was not replaced)",5.89,2026-09-29 17:23:00,2026-09-29 17:23:22,2026-09-29 00:37:52,30,3.34,3.38,,,alternate,false,13.38,14.99,14.67,500,15.18,96.2,98.3,3
1000000,b8192,gsweep,minmax_f64_1i64_R2,"minmax_f64, 1 i64 key(s), R2 groups in the key domain","SELECT kl, min(x) AS lo, max(x) AS hi FROM grid GROUP BY kl",3.85,,,50.4,,30,,"yes",0.000e0,,,"LEFT AggregateExec (input rows 1000000 (exact) vs min_rows 250000; minmax_f64 over 1 i64 key (memory input): the measured table takes it at no group count and size (results/datafusion_groupby_sweep_2026-09-29.csv)) | LEFT AggregateExec (Partial aggregate whose Final was not replaced)",,0,0.00,0.00,0.00,0.00,0.00,0,432472,2.79,2.41,100,0,,,,,,,3.90,49.3,6.43,"yes",0,0,0,0.0000,0.00,0.00,"LEFT AggregateExec (input rows 1000000 (exact) vs min_rows 250000; minmax_f64 over 1 i64 key (memory input): the measured table takes it at no group count and size (results/datafusion_groupby_sweep_2026-09-29.csv)) | LEFT AggregateExec (Partial aggregate whose Final was not replaced)",7.00,2026-09-29 17:23:00,2026-09-29 17:23:22,2026-09-29 00:37:52,30,4.24,4.24,,,alternate,false,16.47,17.40,17.14,500,17.53,107.8,112.3,3
1000000,b8192,gsweep,avg_int_2i64_R2,"avg_int, 2 i64 key(s), R2 groups in the key domain","SELECT kl1, kl2, avg(q) AS m FROM grid GROUP BY kl1, kl2",4.10,,,53.8,,30,,"yes",0.000e0,,,"LEFT AggregateExec (input rows 1000000 (exact) vs min_rows 250000; sum_avg_int over 2+ i64 keys (memory input): the measured table takes it at no group count and size (results/datafusion_groupby_sweep_2026-09-29.csv)) | LEFT AggregateExec (Partial aggregate whose Final was not replaced)",,0,0.00,0.00,0.00,0.00,0.00,0,432084,2.79,2.41,100,0,,,,,,,4.14,53.5,6.91,"yes",0,0,0,0.0000,0.00,0.00,"LEFT AggregateExec (input rows 1000000 (exact) vs min_rows 250000; sum_avg_int over 2+ i64 keys (memory input): the measured table takes it at no group count and size (results/datafusion_groupby_sweep_2026-09-29.csv)) | LEFT AggregateExec (Partial aggregate whose Final was not replaced)",7.84,2026-09-29 17:23:00,2026-09-29 17:23:22,2026-09-29 00:37:52,30,4.30,4.34,,,alternate,false,15.80,18.13,15.77,500,16.70,117.0,120.0,3
1000000,part1,gsweep,count_1i32_200,"count, 1 i32 key(s), 200 groups in the key domain","SELECT k, count(*) AS n FROM grid GROUP BY k",0.76,,,4.9,,30,,"yes",0.000e0,,,"LEFT AggregateExec (input rows 1000000 (exact) vs min_rows 250000; count over 1 i32 key (memory input): the measured table takes it at no group count and size (results/datafusion_groupby_sweep_2026-09-29.csv)) | LEFT AggregateExec (Partial aggregate whose Final was not replaced)",,0,0.00,0.00,0.00,0.00,0.00,0,200,2.38,2.25,100,0,,,,,,,0.76,5.0,1.03,"yes",0,0,0,0.0000,0.00,0.00,"LEFT AggregateExec (input rows 1000000 (exact) vs min_rows 250000; count over 1 i32 key (memory input): the measured table takes it at no group count and size (results/datafusion_groupby_sweep_2026-09-29.csv)) | LEFT AggregateExec (Partial aggregate whose Final was not replaced)",0.97,2026-09-29 17:23:24,2026-09-29 17:23:44,2026-09-29 00:37:52,30,0.79,0.80,,,alternate,false,7.17,7.53,5.60,500,6.01,16.7,14.5,3
1000000,part1,gsweep,sum_int_2i32_200,"sum_int, 2 i32 key(s), 200 groups in the key domain","SELECT k1, k2, sum(q) AS s FROM grid GROUP BY k1, k2",1.26,,,10.8,,30,,"yes",0.000e0,,,"LEFT AggregateExec (input rows 1000000 (exact) vs min_rows 250000; sum_avg_int over 2+ i32 keys (memory input): the measured table takes it at no group count and size (results/datafusion_groupby_sweep_2026-09-29.csv)) | LEFT AggregateExec (Partial aggregate whose Final was not replaced)",,0,0.00,0.00,0.00,0.00,0.00,0,200,2.38,2.25,100,0,,,,,,,1.26,10.8,3.13,"yes",0,0,0,0.0000,0.00,0.00,"LEFT AggregateExec (input rows 1000000 (exact) vs min_rows 250000; sum_avg_int over 2+ i32 keys (memory input): the measured table takes it at no group count and size (results/datafusion_groupby_sweep_2026-09-29.csv)) | LEFT AggregateExec (Partial aggregate whose Final was not replaced)",2.72,2026-09-29 17:23:24,2026-09-29 17:23:44,2026-09-29 00:37:52,30,1.29,1.30,,,alternate,false,8.54,10.49,9.07,500,9.23,26.2,25.5,3
1000000,part1,gsweep,minmax_int_2i32_200,"minmax_int, 2 i32 key(s), 200 groups in the key domain","SELECT k1, k2, min(q) AS lo, max(q) AS hi FROM grid GROUP BY k1, k2",1.31,,,11.3,,30,,"yes",0.000e0,,,"LEFT AggregateExec (input rows 1000000 (exact) vs min_rows 250000; minmax_int over 2+ i32 keys (memory input): the measured table takes it at no group count and size (results/datafusion_groupby_sweep_2026-09-29.csv)) | LEFT AggregateExec (Partial aggregate whose Final was not replaced)",,0,0.00,0.00,0.00,0.00,0.00,0,200,2.38,2.25,100,0,,,,,,,1.32,11.6,4.00,"yes",0,0,0,0.0000,0.00,0.00,"LEFT AggregateExec (input rows 1000000 (exact) vs min_rows 250000; minmax_int over 2+ i32 keys (memory input): the measured table takes it at no group count and size (results/datafusion_groupby_sweep_2026-09-29.csv)) | LEFT AggregateExec (Partial aggregate whose Final was not replaced)",2.45,2026-09-29 17:23:24,2026-09-29 17:23:44,2026-09-29 00:37:52,30,1.37,1.37,,,alternate,false,9.55,10.87,9.42,500,9.76,27.4,28.5,3
1000000,part1,gsweep,avg_f64_1i64_200,"avg_f64, 1 i64 key(s), 200 groups in the key domain","SELECT kl, avg(x) AS m FROM grid GROUP BY kl",0.78,,,5.2,,30,,"yes",3.331e-16,,,"LEFT AggregateExec (input rows 1000000 (exact) vs min_rows 250000; sum_avg_f64 over 1 i64 key (memory input): the measured table takes it at no group count and size (results/datafusion_groupby_sweep_2026-09-29.csv)) | LEFT AggregateExec (Partial aggregate whose Final was not replaced)",,0,0.00,0.00,0.00,0.00,0.00,0,200,2.38,2.25,100,0,,,,,,,0.79,4.9,1.75,"yes",0,0,0,0.0000,0.00,0.00,"LEFT AggregateExec (input rows 1000000 (exact) vs min_rows 250000; sum_avg_f64 over 1 i64 key (memory input): the measured table takes it at no group count and size (results/datafusion_groupby_sweep_2026-09-29.csv)) | LEFT AggregateExec (Partial aggregate whose Final was not replaced)",1.71,2026-09-29 17:23:24,2026-09-29 17:23:44,2026-09-29 00:37:52,30,0.83,0.84,,,alternate,false,6.90,7.84,4.67,500,5.71,15.5,15.3,3
1000000,part1,gsweep,avg_int_1i64_200,"avg_int, 1 i64 key(s), 200 groups in the key domain","SELECT kl, avg(q) AS m FROM grid GROUP BY kl",0.82,,,5.9,,30,,"yes",0.000e0,,,"LEFT AggregateExec (input rows 1000000 (exact) vs min_rows 250000; sum_avg_int over 1 i64 key (memory input): the measured table takes it at no group count and size (results/datafusion_groupby_sweep_2026-09-29.csv)) | LEFT AggregateExec (Partial aggregate whose Final was not replaced)",,0,0.00,0.00,0.00,0.00,0.00,0,200,2.38,2.25,100,0,,,,,,,0.84,5.9,2.04,"yes",0,0,0,0.0000,0.00,0.00,"LEFT AggregateExec (input rows 1000000 (exact) vs min_rows 250000; sum_avg_int over 1 i64 key (memory input): the measured table takes it at no group count and size (results/datafusion_groupby_sweep_2026-09-29.csv)) | LEFT AggregateExec (Partial aggregate whose Final was not replaced)",2.54,2026-09-29 17:23:24,2026-09-29 17:23:44,2026-09-29 00:37:52,30,0.88,0.89,,,alternate,false,6.64,6.99,6.36,500,6.45,16.8,16.3,3
1000000,part1,gsweep,count_2i64_200,"count, 2 i64 key(s), 200 groups in the key domain","SELECT kl1, kl2, count(*) AS n FROM grid GROUP BY kl1, kl2",1.27,,,11.0,,30,,"yes",0.000e0,,,"LEFT AggregateExec (input rows 1000000 (exact) vs min_rows 250000; count over 2+ i64 keys (memory input): the measured table takes it at no group count and size (results/datafusion_groupby_sweep_2026-09-29.csv)) | LEFT AggregateExec (Partial aggregate whose Final was not replaced)",,0,0.00,0.00,0.00,0.00,0.00,0,200,2.38,2.25,100,0,,,,,,,1.27,11.3,2.90,"yes",0,0,0,0.0000,0.00,0.00,"LEFT AggregateExec (input rows 1000000 (exact) vs min_rows 250000; count over 2+ i64 keys (memory input): the measured table takes it at no group count and size (results/datafusion_groupby_sweep_2026-09-29.csv)) | LEFT AggregateExec (Partial aggregate whose Final was not replaced)",4.27,2026-09-29 17:23:24,2026-09-29 17:23:44,2026-09-29 00:37:52,30,1.31,1.32,,,alternate,false,9.22,9.77,9.26,500,10.56,26.2,29.5,3
1000000,part1,gsweep,minmax_f64_1i32_10k,"minmax_f64, 1 i32 key(s), 10k groups in the key domain","SELECT k, min(x) AS lo, max(x) AS hi FROM grid GROUP BY k",1.65,,,16.9,,30,,"yes",0.000e0,,,"LEFT AggregateExec (input rows 1000000 (exact) vs min_rows 250000; minmax_f64 over 1 i32 key (memory input): the measured table takes it at no group count and size (results/datafusion_groupby_sweep_2026-09-29.csv)) | LEFT AggregateExec (Partial aggregate whose Final was not replaced)",,0,0.00,0.00,0.00,0.00,0.00,0,10000,2.25,2.04,100,0,,,,,,,1.66,16.1,2.36,"yes",0,0,0,0.0000,0.00,0.00,"LEFT AggregateExec (input rows 1000000 (exact) vs min_rows 250000; minmax_f64 over 1 i32 key (memory input): the measured table takes it at no group count and size (results/datafusion_groupby_sweep_2026-09-29.csv)) | LEFT AggregateExec (Partial aggregate whose Final was not replaced)",2.28,2026-09-29 17:23:46,2026-09-29 17:24:03,2026-09-29 00:37:52,30,1.76,1.77,,,alternate,false,10.44,12.31,11.00,500,12.22,41.3,40.3,3
1000000,part1,gsweep,sum_int_1i32_10k,"sum_int, 1 i32 key(s), 10k groups in the key domain","SELECT k, sum(q) AS s FROM grid GROUP BY k",1.19,,,10.7,,30,,"yes",0.000e0,,,"LEFT AggregateExec (input rows 1000000 (exact) vs min_rows 250000; sum_avg_int over 1 i32 key (memory input): the measured table takes it at no group count and size (results/datafusion_groupby_sweep_2026-09-29.csv)) | LEFT AggregateExec (Partial aggregate whose Final was not replaced)",,0,0.00,0.00,0.00,0.00,0.00,0,10000,2.25,2.04,100,0,,,,,,,1.20,9.9,2.54,"yes",0,0,0,0.0000,0.00,0.00,"LEFT AggregateExec (input rows 1000000 (exact) vs min_rows 250000; sum_avg_int over 1 i32 key (memory input): the measured table takes it at no group count and size (results/datafusion_groupby_sweep_2026-09-29.csv)) | LEFT AggregateExec (Partial aggregate whose Final was not replaced)",2.55,2026-09-29 17:23:46,2026-09-29 17:24:03,2026-09-29 00:37:52,30,1.27,1.27,,,alternate,false,7.71,8.71,9.83,500,10.28,25.8,32.1,3
1000000,part1,gsweep,avg_int_2i32_10k,"avg_int, 2 i32 key(s), 10k groups in the key domain","SELECT k1, k2, avg(q) AS m FROM grid GROUP BY k1, k2",1.86,,,18.0,,30,,"yes",0.000e0,,,"LEFT AggregateExec (input rows 1000000 (exact) vs min_rows 250000; sum_avg_int over 2+ i32 keys (memory input): the measured table takes it at no group count and size (results/datafusion_groupby_sweep_2026-09-29.csv)) | LEFT AggregateExec (Partial aggregate whose Final was not replaced)",,0,0.00,0.00,0.00,0.00,0.00,0,10000,2.25,2.04,100,0,,,,,,,1.86,18.4,3.28,"yes",0,0,0,0.0000,0.00,0.00,"LEFT AggregateExec (input rows 1000000 (exact) vs min_rows 250000; sum_avg_int over 2+ i32 keys (memory input): the measured table takes it at no group count and size (results/datafusion_groupby_sweep_2026-09-29.csv)) | LEFT AggregateExec (Partial aggregate whose Final was not replaced)",4.09,2026-09-29 17:23:46,2026-09-29 17:24:03,2026-09-29 00:37:52,30,1.93,1.95,,,alternate,false,10.71,14.25,11.55,500,13.28,49.8,47.3,3
1000000,part1,gsweep,count_1i64_10k,"count, 1 i64 key(s), 10k groups in the key domain","SELECT kl, count(*) AS n FROM grid GROUP BY kl",1.20,,,10.8,,30,,"yes",0.000e0,,,"LEFT AggregateExec (input rows 1000000 (exact) vs min_rows 250000; count over 1 i64 key (memory input): the measured table takes it at no group count and size (results/datafusion_groupby_sweep_2026-09-29.csv)) | LEFT AggregateExec (Partial aggregate whose Final was not replaced)",,0,0.00,0.00,0.00,0.00,0.00,0,10000,2.25,2.04,100,0,,,,,,,1.23,10.9,2.42,"yes",0,0,0,0.0000,0.00,0.00,"LEFT AggregateExec (input rows 1000000 (exact) vs min_rows 250000; count over 1 i64 key (memory input): the measured table takes it at no group count and size (results/datafusion_groupby_sweep_2026-09-29.csv)) | LEFT AggregateExec (Partial aggregate whose Final was not replaced)",2.16,2026-09-29 17:23:46,2026-09-29 17:24:03,2026-09-29 00:37:52,30,1.27,1.28,,,alternate,false,3.78,9.45,8.24,500,8.96,19.4,28.5,3
1000000,part1,gsweep,count_2i64_10k,"count, 2 i64 key(s), 10k groups in the key domain","SELECT kl1, kl2, count(*) AS n FROM grid GROUP BY kl1, kl2",1.78,,,17.8,,30,,"yes",0.000e0,,,"LEFT AggregateExec (input rows 1000000 (exact) vs min_rows 250000; count over 2+ i64 keys (memory input): the measured table takes it at no group count and size (results/datafusion_groupby_sweep_2026-09-29.csv)) | LEFT AggregateExec (Partial aggregate whose Final was not replaced)",,0,0.00,0.00,0.00,0.00,0.00,0,10000,2.25,2.04,100,0,,,,,,,1.79,17.2,3.04,"yes",0,0,0,0.0000,0.00,0.00,"LEFT AggregateExec (input rows 1000000 (exact) vs min_rows 250000; count over 2+ i64 keys (memory input): the measured table takes it at no group count and size (results/datafusion_groupby_sweep_2026-09-29.csv)) | LEFT AggregateExec (Partial aggregate whose Final was not replaced)",2.97,2026-09-29 17:23:46,2026-09-29 17:24:03,2026-09-29 00:37:52,30,1.85,1.85,,,alternate,false,10.50,10.80,11.00,500,11.02,45.1,45.7,3
1000000,part1,gsweep,count_1i32_100k,"count, 1 i32 key(s), 100k groups in the key domain","SELECT k, count(*) AS n FROM grid GROUP BY k",2.40,,,28.9,,30,,"yes",0.000e0,,,"LEFT AggregateExec (input rows 1000000 (exact) vs min_rows 250000; count over 1 i32 key (memory input): the measured table takes it at no group count and size (results/datafusion_groupby_sweep_2026-09-29.csv)) | LEFT AggregateExec (Partial aggregate whose Final was not replaced)",,0,0.00,0.00,0.00,0.00,0.00,0,99995,2.04,2.86,100,0,,,,,,,2.47,29.0,2.67,"yes",0,0,0,0.0000,0.00,0.00,"LEFT AggregateExec (input rows 1000000 (exact) vs min_rows 250000; count over 1 i32 key (memory input): the measured table takes it at no group count and size (results/datafusion_groupby_sweep_2026-09-29.csv)) | LEFT AggregateExec (Partial aggregate whose Final was not replaced)",3.66,2026-09-29 17:24:06,2026-09-29 17:24:37,2026-09-29 00:37:52,30,2.64,2.66,,,alternate,false,12.68,13.79,11.50,500,14.51,66.2,62.5,3
1000000,part1,gsweep,minmax_f64_1i32_100k,"minmax_f64, 1 i32 key(s), 100k groups in the key domain","SELECT k, min(x) AS lo, max(x) AS hi FROM grid GROUP BY k",2.82,,,36.8,,30,,"yes",0.000e0,,,"LEFT AggregateExec (input rows 1000000 (exact) vs min_rows 250000; minmax_f64 over 1 i32 key (memory input): the measured table takes it at no group count and size (results/datafusion_groupby_sweep_2026-09-29.csv)) | LEFT AggregateExec (Partial aggregate whose Final was not replaced)",,0,0.00,0.00,0.00,0.00,0.00,0,99995,2.04,2.86,100,0,,,,,,,2.88,37.1,5.29,"yes",0,0,0,0.0000,0.00,0.00,"LEFT AggregateExec (input rows 1000000 (exact) vs min_rows 250000; minmax_f64 over 1 i32 key (memory input): the measured table takes it at no group count and size (results/datafusion_groupby_sweep_2026-09-29.csv)) | LEFT AggregateExec (Partial aggregate whose Final was not replaced)",5.27,2026-09-29 17:24:06,2026-09-29 17:24:37,2026-09-29 00:37:52,30,3.08,3.10,,,alternate,false,13.88,14.14,14.45,500,15.58,81.9,85.6,3
1000000,part1,gsweep,sum_int_1i32_100k,"sum_int, 1 i32 key(s), 100k groups in the key domain","SELECT k, sum(q) AS s FROM grid GROUP BY k",2.43,,,27.0,,30,,"yes",0.000e0,,,"LEFT AggregateExec (input rows 1000000 (exact) vs min_rows 250000; sum_avg_int over 1 i32 key (memory input): the measured table takes it at no group count and size (results/datafusion_groupby_sweep_2026-09-29.csv)) | LEFT AggregateExec (Partial aggregate whose Final was not replaced)",,0,0.00,0.00,0.00,0.00,0.00,0,99995,2.04,2.86,100,0,,,,,,,2.20,27.7,4.05,"yes",0,0,0,0.0000,0.00,0.00,"LEFT AggregateExec (input rows 1000000 (exact) vs min_rows 250000; sum_avg_int over 1 i32 key (memory input): the measured table takes it at no group count and size (results/datafusion_groupby_sweep_2026-09-29.csv)) | LEFT AggregateExec (Partial aggregate whose Final was not replaced)",3.79,2026-09-29 17:24:06,2026-09-29 17:24:37,2026-09-29 00:37:52,30,2.65,2.68,,,alternate,false,12.65,14.04,11.80,500,13.33,65.4,63.8,3
1000000,part1,gsweep,sum_int_2i32_100k,"sum_int, 2 i32 key(s), 100k groups in the key domain","SELECT k1, k2, sum(q) AS s FROM grid GROUP BY k1, k2",2.74,,,35.3,,30,,"yes",0.000e0,,,"LEFT AggregateExec (input rows 1000000 (exact) vs min_rows 250000; sum_avg_int over 2+ i32 keys (memory input): the measured table takes it at no group count and size (results/datafusion_groupby_sweep_2026-09-29.csv)) | LEFT AggregateExec (Partial aggregate whose Final was not replaced)",,0,0.00,0.00,0.00,0.00,0.00,0,99998,2.04,2.86,100,0,,,,,,,2.85,35.3,4.85,"yes",0,0,0,0.0000,0.00,0.00,"LEFT AggregateExec (input rows 1000000 (exact) vs min_rows 250000; sum_avg_int over 2+ i32 keys (memory input): the measured table takes it at no group count and size (results/datafusion_groupby_sweep_2026-09-29.csv)) | LEFT AggregateExec (Partial aggregate whose Final was not replaced)",5.20,2026-09-29 17:24:06,2026-09-29 17:24:37,2026-09-29 00:37:52,30,2.94,3.02,,,alternate,false,13.79,14.54,13.57,500,16.94,81.4,82.6,3
1000000,part1,gsweep,minmax_int_2i32_100k,"minmax_int, 2 i32 key(s), 100k groups in the key domain","SELECT k1, k2, min(q) AS lo, max(q) AS hi FROM grid GROUP BY k1, k2",3.40,,,44.0,,30,,"yes",0.000e0,,,"LEFT AggregateExec (input rows 1000000 (exact) vs min_rows 250000; minmax_int over 2+ i32 keys (memory input): the measured table takes it at no group count and size (results/datafusion_groupby_sweep_2026-09-29.csv)) | LEFT AggregateExec (Partial aggregate whose Final was not replaced)",,0,0.00,0.00,0.00,0.00,0.00,0,99998,2.04,2.86,100,0,,,,,,,3.35,43.3,5.55,"yes",0,0,0,0.0000,0.00,0.00,"LEFT AggregateExec (input rows 1000000 (exact) vs min_rows 250000; minmax_int over 2+ i32 keys (memory input): the measured table takes it at no group count and size (results/datafusion_groupby_sweep_2026-09-29.csv)) | LEFT AggregateExec (Partial aggregate whose Final was not replaced)",5.66,2026-09-29 17:24:06,2026-09-29 17:24:37,2026-09-29 00:37:52,30,3.59,3.60,,,alternate,false,14.05,14.67,14.42,500,17.19,97.1,97.9,3
1000000,part1,gsweep,count_2i64_100k,"count, 2 i64 key(s), 100k groups in the key domain","SELECT kl1, kl2, count(*) AS n FROM grid GROUP BY kl1, kl2",3.07,,,38.4,,30,,"yes",0.000e0,,,"LEFT AggregateExec (input rows 1000000 (exact) vs min_rows 250000; count over 2+ i64 keys (memory input): the measured table takes it at no group count and size (results/datafusion_groupby_sweep_2026-09-29.csv)) | LEFT AggregateExec (Partial aggregate whose Final was not replaced)",,0,0.00,0.00,0.00,0.00,0.00,0,99998,2.04,2.86,100,0,,,,,,,3.10,37.3,5.16,"yes",0,0,0,0.0000,0.00,0.00,"LEFT AggregateExec (input rows 1000000 (exact) vs min_rows 250000; count over 2+ i64 keys (memory input): the measured table takes it at no group count and size (results/datafusion_groupby_sweep_2026-09-29.csv)) | LEFT AggregateExec (Partial aggregate whose Final was not replaced)",5.18,2026-09-29 17:24:06,2026-09-29 17:24:37,2026-09-29 00:37:52,30,3.23,3.23,,,alternate,false,14.71,16.44,14.74,500,15.55,89.4,85.9,3
1000000,part1,gsweep,sum_f64_2i64_100k,"sum_f64, 2 i64 key(s), 100k groups in the key domain","SELECT kl1, kl2, sum(x) AS s FROM grid GROUP BY kl1, kl2",3.00,,,37.5,,30,,"yes",5.621e-16,,,"LEFT AggregateExec (input rows 1000000 (exact) vs min_rows 250000; sum_avg_f64 over 2+ i64 keys (memory input): the measured table takes it at no group count and size (results/datafusion_groupby_sweep_2026-09-29.csv)) | LEFT AggregateExec (Partial aggregate whose Final was not replaced)",,0,0.00,0.00,0.00,0.00,0.00,0,99998,2.04,2.86,100,0,,,,,,,2.98,37.4,4.99,"yes",0,0,0,0.0000,0.00,0.00,"LEFT AggregateExec (input rows 1000000 (exact) vs min_rows 250000; sum_avg_f64 over 2+ i64 keys (memory input): the measured table takes it at no group count and size (results/datafusion_groupby_sweep_2026-09-29.csv)) | LEFT AggregateExec (Partial aggregate whose Final was not replaced)",5.28,2026-09-29 17:24:06,2026-09-29 17:24:37,2026-09-29 00:37:52,30,3.12,3.15,,,alternate,false,14.38,14.58,14.47,500,14.69,92.8,82.9,3
1000000,part1,gsweep,minmax_f64_2i64_100k,"minmax_f64, 2 i64 key(s), 100k groups in the key domain","SELECT kl1, kl2, min(x) AS lo, max(x) AS hi FROM grid GROUP BY kl1, kl2",3.66,,,46.3,,30,,"yes",0.000e0,,,"LEFT AggregateExec (input rows 1000000 (exact) vs min_rows 250000; minmax_f64 over 2+ i64 keys (memory input): the measured table takes it at no group count and size (results/datafusion_groupby_sweep_2026-09-29.csv)) | LEFT AggregateExec (Partial aggregate whose Final was not replaced)",,0,0.00,0.00,0.00,0.00,0.00,0,99998,2.04,2.86,100,0,,,,,,,3.67,45.4,6.10,"yes",0,0,0,0.0000,0.00,0.00,"LEFT AggregateExec (input rows 1000000 (exact) vs min_rows 250000; minmax_f64 over 2+ i64 keys (memory input): the measured table takes it at no group count and size (results/datafusion_groupby_sweep_2026-09-29.csv)) | LEFT AggregateExec (Partial aggregate whose Final was not replaced)",6.58,2026-09-29 17:24:06,2026-09-29 17:24:37,2026-09-29 00:37:52,30,3.83,3.83,,,alternate,false,14.68,14.82,15.78,500,17.49,108.1,108.5,3
1000000,part1,gsweep,avg_int_2i64_100k,"avg_int, 2 i64 key(s), 100k groups in the key domain","SELECT kl1, kl2, avg(q) AS m FROM grid GROUP BY kl1, kl2",3.33,,,40.8,,30,,"yes",0.000e0,,,"LEFT AggregateExec (input rows 1000000 (exact) vs min_rows 250000; sum_avg_int over 2+ i64 keys (memory input): the measured table takes it at no group count and size (results/datafusion_groupby_sweep_2026-09-29.csv)) | LEFT AggregateExec (Partial aggregate whose Final was not replaced)",,0,0.00,0.00,0.00,0.00,0.00,0,99998,2.04,2.86,100,0,,,,,,,3.32,39.7,5.62,"yes",0,0,0,0.0000,0.00,0.00,"LEFT AggregateExec (input rows 1000000 (exact) vs min_rows 250000; sum_avg_int over 2+ i64 keys (memory input): the measured table takes it at no group count and size (results/datafusion_groupby_sweep_2026-09-29.csv)) | LEFT AggregateExec (Partial aggregate whose Final was not replaced)",5.77,2026-09-29 17:24:06,2026-09-29 17:24:37,2026-09-29 00:37:52,30,3.40,3.44,,,alternate,false,8.63,13.00,14.50,500,14.69,82.9,93.7,3
1000000,part1,gsweep,avg_f64_1i32_1M,"avg_f64, 1 i32 key(s), 1M groups in the key domain","SELECT k, avg(x) AS m FROM grid GROUP BY k",3.75,,,49.9,,30,,"yes",2.220e-16,,,"LEFT AggregateExec (input rows 1000000 (exact) vs min_rows 250000; sum_avg_f64 over 1 i32 key (memory input): the measured table takes it at no group count and size (results/datafusion_groupby_sweep_2026-09-29.csv)) | LEFT AggregateExec (Partial aggregate whose Final was not replaced)",,0,0.00,0.00,0.00,0.00,0.00,0,631988,2.86,3.12,100,0,,,,,,,3.74,50.0,4.33,"yes",0,0,0,0.0000,0.00,0.00,"LEFT AggregateExec (input rows 1000000 (exact) vs min_rows 250000; sum_avg_f64 over 1 i32 key (memory input): the measured table takes it at no group count and size (results/datafusion_groupby_sweep_2026-09-29.csv)) | LEFT AggregateExec (Partial aggregate whose Final was not replaced)",4.68,2026-09-29 17:24:40,2026-09-29 17:25:12,2026-09-29 00:37:52,30,4.09,4.10,,,alternate,false,16.08,17.27,9.42,500,17.69,109.9,98.9,3
1000000,part1,gsweep,count_2i32_1M,"count, 2 i32 key(s), 1M groups in the key domain","SELECT k1, k2, count(*) AS n FROM grid GROUP BY k1, k2",3.97,,,51.5,,30,,"yes",0.000e0,,,"LEFT AggregateExec (input rows 1000000 (exact) vs min_rows 250000; count over 2+ i32 keys (memory input): the measured table takes no group count at 1M rows (the first take is at 10M rows; results/datafusion_groupby_sweep_2026-09-29.csv)) | LEFT AggregateExec (Partial aggregate whose Final was not replaced)",,0,0.00,0.00,0.00,0.00,0.00,0,632071,2.86,3.12,100,0,,,,,,,4.05,50.8,6.50,"yes",0,0,0,0.0000,0.00,0.00,"LEFT AggregateExec (input rows 1000000 (exact) vs min_rows 250000; count over 2+ i32 keys (memory input): the measured table takes no group count at 1M rows (the first take is at 10M rows; results/datafusion_groupby_sweep_2026-09-29.csv)) | LEFT AggregateExec (Partial aggregate whose Final was not replaced)",6.61,2026-09-29 17:24:40,2026-09-29 17:25:12,2026-09-29 00:37:52,30,4.22,4.24,,,alternate,false,13.98,17.44,14.72,500,15.56,106.1,115.4,3
1000000,part1,gsweep,sum_f64_2i32_1M,"sum_f64, 2 i32 key(s), 1M groups in the key domain","SELECT k1, k2, sum(x) AS s FROM grid GROUP BY k1, k2",3.98,,,52.7,,30,,"yes",4.841e-16,,,"LEFT AggregateExec (input rows 1000000 (exact) vs min_rows 250000; sum_avg_f64 over 2+ i32 keys (memory input): the measured table takes it at no group count and size (results/datafusion_groupby_sweep_2026-09-29.csv)) | LEFT AggregateExec (Partial aggregate whose Final was not replaced)",,0,0.00,0.00,0.00,0.00,0.00,0,632071,2.86,3.12,100,0,,,,,,,3.95,52.2,7.35,"yes",0,0,0,0.0000,0.00,0.00,"LEFT AggregateExec (input rows 1000000 (exact) vs min_rows 250000; sum_avg_f64 over 2+ i32 keys (memory input): the measured table takes it at no group count and size (results/datafusion_groupby_sweep_2026-09-29.csv)) | LEFT AggregateExec (Partial aggregate whose Final was not replaced)",7.99,2026-09-29 17:24:40,2026-09-29 17:25:12,2026-09-29 00:37:52,30,4.29,4.26,,,alternate,false,8.74,9.23,7.69,500,15.93,95.8,87.1,3
1000000,part1,gsweep,minmax_int_2i32_1M,"minmax_int, 2 i32 key(s), 1M groups in the key domain","SELECT k1, k2, min(q) AS lo, max(q) AS hi FROM grid GROUP BY k1, k2",4.63,,,59.1,,30,,"yes",0.000e0,,,"LEFT AggregateExec (input rows 1000000 (exact) vs min_rows 250000; minmax_int over 2+ i32 keys (memory input): the measured table takes it at no group count and size (results/datafusion_groupby_sweep_2026-09-29.csv)) | LEFT AggregateExec (Partial aggregate whose Final was not replaced)",,0,0.00,0.00,0.00,0.00,0.00,0,632071,2.86,3.12,100,0,,,,,,,4.59,60.0,7.17,"yes",0,0,0,0.0000,0.00,0.00,"LEFT AggregateExec (input rows 1000000 (exact) vs min_rows 250000; minmax_int over 2+ i32 keys (memory input): the measured table takes it at no group count and size (results/datafusion_groupby_sweep_2026-09-29.csv)) | LEFT AggregateExec (Partial aggregate whose Final was not replaced)",7.68,2026-09-29 17:24:40,2026-09-29 17:25:12,2026-09-29 00:37:52,30,4.88,4.89,,,alternate,false,10.01,15.76,15.52,500,18.04,120.6,119.9,3
1000000,part1,gsweep,count_1i64_1M,"count, 1 i64 key(s), 1M groups in the key domain","SELECT kl, count(*) AS n FROM grid GROUP BY kl",3.62,,,46.4,,30,,"yes",0.000e0,,,"LEFT AggregateExec (input rows 1000000 (exact) vs min_rows 250000; count over 1 i64 key (memory input): the measured table takes it at no group count and size (results/datafusion_groupby_sweep_2026-09-29.csv)) | LEFT AggregateExec (Partial aggregate whose Final was not replaced)",,0,0.00,0.00,0.00,0.00,0.00,0,631988,2.86,3.12,100,0,,,,,,,3.59,46.1,5.67,"yes",0,0,0,0.0000,0.00,0.00,"LEFT AggregateExec (input rows 1000000 (exact) vs min_rows 250000; count over 1 i64 key (memory input): the measured table takes it at no group count and size (results/datafusion_groupby_sweep_2026-09-29.csv)) | LEFT AggregateExec (Partial aggregate whose Final was not replaced)",5.69,2026-09-29 17:24:40,2026-09-29 17:25:12,2026-09-29 00:37:52,30,3.89,3.86,,,alternate,false,6.55,15.43,7.95,500,17.27,68.5,77.9,3
1000000,part1,gsweep,sum_int_1i64_1M,"sum_int, 1 i64 key(s), 1M groups in the key domain","SELECT kl, sum(q) AS s FROM grid GROUP BY kl",3.59,,,45.9,,30,,"yes",0.000e0,,,"LEFT AggregateExec (input rows 1000000 (exact) vs min_rows 250000; sum_avg_int over 1 i64 key (memory input): the measured table takes it at no group count and size (results/datafusion_groupby_sweep_2026-09-29.csv)) | LEFT AggregateExec (Partial aggregate whose Final was not replaced)",,0,0.00,0.00,0.00,0.00,0.00,0,631988,2.86,3.12,100,0,,,,,,,3.57,44.8,4.95,"yes",0,0,0,0.0000,0.00,0.00,"LEFT AggregateExec (input rows 1000000 (exact) vs min_rows 250000; sum_avg_int over 1 i64 key (memory input): the measured table takes it at no group count and size (results/datafusion_groupby_sweep_2026-09-29.csv)) | LEFT AggregateExec (Partial aggregate whose Final was not replaced)",5.36,2026-09-29 17:24:40,2026-09-29 17:25:12,2026-09-29 00:37:52,30,3.85,3.88,,,alternate,false,14.40,15.04,13.58,500,14.19,98.2,104.4,3
1000000,part1,gsweep,avg_int_1i64_1M,"avg_int, 1 i64 key(s), 1M groups in the key domain","SELECT kl, avg(q) AS m FROM grid GROUP BY kl",3.93,,,50.6,,30,,"yes",0.000e0,,,"LEFT AggregateExec (input rows 1000000 (exact) vs min_rows 250000; sum_avg_int over 1 i64 key (memory input): the measured table takes it at no group count and size (results/datafusion_groupby_sweep_2026-09-29.csv)) | LEFT AggregateExec (Partial aggregate whose Final was not replaced)",,0,0.00,0.00,0.00,0.00,0.00,0,631988,2.86,3.12,100,0,,,,,,,3.89,50.1,6.33,"yes",0,0,0,0.0000,0.00,0.00,"LEFT AggregateExec (input rows 1000000 (exact) vs min_rows 250000; sum_avg_int over 1 i64 key (memory input): the measured table takes it at no group count and size (results/datafusion_groupby_sweep_2026-09-29.csv)) | LEFT AggregateExec (Partial aggregate whose Final was not replaced)",6.46,2026-09-29 17:24:40,2026-09-29 17:25:12,2026-09-29 00:37:52,30,4.13,4.20,,,alternate,false,5.65,8.72,15.42,500,15.71,64.2,115.1,3
1000000,part1,gsweep,minmax_int_1i64_1M,"minmax_int, 1 i64 key(s), 1M groups in the key domain","SELECT kl, min(q) AS lo, max(q) AS hi FROM grid GROUP BY kl",4.15,,,53.0,,30,,"yes",0.000e0,,,"LEFT AggregateExec (input rows 1000000 (exact) vs min_rows 250000; minmax_int over 1 i64 key (memory input): the measured table takes it at no group count and size (results/datafusion_groupby_sweep_2026-09-29.csv)) | LEFT AggregateExec (Partial aggregate whose Final was not replaced)",,0,0.00,0.00,0.00,0.00,0.00,0,631988,2.86,3.12,100,0,,,,,,,4.12,53.1,4.77,"yes",0,0,0,0.0000,0.00,0.00,"LEFT AggregateExec (input rows 1000000 (exact) vs min_rows 250000; minmax_int over 1 i64 key (memory input): the measured table takes it at no group count and size (results/datafusion_groupby_sweep_2026-09-29.csv)) | LEFT AggregateExec (Partial aggregate whose Final was not replaced)",4.30,2026-09-29 17:24:40,2026-09-29 17:25:12,2026-09-29 00:37:52,30,4.44,4.36,,,alternate,false,16.08,17.58,7.44,500,14.63,113.0,87.8,3
1000000,part1,gsweep,distinct_2i64_1M,"distinct, 2 i64 key(s), 1M groups in the key domain","SELECT DISTINCT kl1, kl2 FROM grid",3.71,,,49.7,,30,,"yes",0.000e0,,,"LEFT AggregateExec (input rows 1000000 (exact) vs min_rows 250000; distinct over 2+ i64 keys (memory input): the measured table takes it at no group count and size (results/datafusion_groupby_sweep_2026-09-29.csv)) | LEFT AggregateExec (Partial aggregate whose Final was not replaced)",,0,0.00,0.00,0.00,0.00,0.00,0,632071,2.86,3.12,100,0,,,,,,,3.77,49.1,5.69,"yes",0,0,0,0.0000,0.00,0.00,"LEFT AggregateExec (input rows 1000000 (exact) vs min_rows 250000; distinct over 2+ i64 keys (memory input): the measured table takes it at no group count and size (results/datafusion_groupby_sweep_2026-09-29.csv)) | LEFT AggregateExec (Partial aggregate whose Final was not replaced)",6.43,2026-09-29 17:24:40,2026-09-29 17:25:12,2026-09-29 00:37:52,30,4.12,4.05,,,alternate,false,7.66,15.58,13.95,500,14.67,86.5,112.1,3
1000000,part1,gsweep,count_1i32_R2,"count, 1 i32 key(s), R2 groups in the key domain","SELECT k, count(*) AS n FROM grid GROUP BY k",3.17,,,41.3,,30,,"yes",0.000e0,,,"LEFT AggregateExec (input rows 1000000 (exact) vs min_rows 250000; count over 1 i32 key (memory input): the measured table takes it at no group count and size (results/datafusion_groupby_sweep_2026-09-29.csv)) | LEFT AggregateExec (Partial aggregate whose Final was not replaced)",,0,0.00,0.00,0.00,0.00,0.00,0,432472,3.12,2.81,100,0,,,,,,,3.21,42.2,3.47,"yes",0,0,0,0.0000,0.00,0.00,"LEFT AggregateExec (input rows 1000000 (exact) vs min_rows 250000; count over 1 i32 key (memory input): the measured table takes it at no group count and size (results/datafusion_groupby_sweep_2026-09-29.csv)) | LEFT AggregateExec (Partial aggregate whose Final was not replaced)",4.47,2026-09-29 17:25:14,2026-09-29 17:25:44,2026-09-29 00:37:52,30,3.35,3.40,,,alternate,false,7.28,15.08,11.38,500,13.49,80.3,95.4,3
1000000,part1,gsweep,minmax_f64_1i32_R2,"minmax_f64, 1 i32 key(s), R2 groups in the key domain","SELECT k, min(x) AS lo, max(x) AS hi FROM grid GROUP BY k",3.96,,,50.7,,30,,"yes",0.000e0,,,"LEFT AggregateExec (input rows 1000000 (exact) vs min_rows 250000; minmax_f64 over 1 i32 key (memory input): the measured table takes it at no group count and size (results/datafusion_groupby_sweep_2026-09-29.csv)) | LEFT AggregateExec (Partial aggregate whose Final was not replaced)",,0,0.00,0.00,0.00,0.00,0.00,0,432472,3.12,2.81,100,0,,,,,,,4.02,50.6,6.75,"yes",0,0,0,0.0000,0.00,0.00,"LEFT AggregateExec (input rows 1000000 (exact) vs min_rows 250000; minmax_f64 over 1 i32 key (memory input): the measured table takes it at no group count and size (results/datafusion_groupby_sweep_2026-09-29.csv)) | LEFT AggregateExec (Partial aggregate whose Final was not replaced)",7.48,2026-09-29 17:25:14,2026-09-29 17:25:44,2026-09-29 00:37:52,30,4.23,4.20,,,alternate,false,9.16,15.04,16.14,500,16.39,93.4,118.5,3
1000000,part1,gsweep,sum_f64_2i32_R2,"sum_f64, 2 i32 key(s), R2 groups in the key domain","SELECT k1, k2, sum(x) AS s FROM grid GROUP BY k1, k2",3.73,,,48.1,,30,,"yes",4.248e-16,,,"LEFT AggregateExec (input rows 1000000 (exact) vs min_rows 250000; sum_avg_f64 over 2+ i32 keys (memory input): the measured table takes it at no group count and size (results/datafusion_groupby_sweep_2026-09-29.csv)) | LEFT AggregateExec (Partial aggregate whose Final was not replaced)",,0,0.00,0.00,0.00,0.00,0.00,0,432084,3.12,2.81,100,0,,,,,,,3.81,48.0,5.86,"yes",0,0,0,0.0000,0.00,0.00,"LEFT AggregateExec (input rows 1000000 (exact) vs min_rows 250000; sum_avg_f64 over 2+ i32 keys (memory input): the measured table takes it at no group count and size (results/datafusion_groupby_sweep_2026-09-29.csv)) | LEFT AggregateExec (Partial aggregate whose Final was not replaced)",6.10,2026-09-29 17:25:14,2026-09-29 17:25:44,2026-09-29 00:37:52,30,3.95,3.95,,,alternate,false,14.25,14.52,14.67,500,14.89,109.8,112.8,3
1000000,part1,gsweep,minmax_f64_2i32_R2,"minmax_f64, 2 i32 key(s), R2 groups in the key domain","SELECT k1, k2, min(x) AS lo, max(x) AS hi FROM grid GROUP BY k1, k2",4.51,,,59.0,,30,,"yes",0.000e0,,,"LEFT AggregateExec (input rows 1000000 (exact) vs min_rows 250000; minmax_f64 over 2+ i32 keys (memory input): the measured table takes it at no group count and size (results/datafusion_groupby_sweep_2026-09-29.csv)) | LEFT AggregateExec (Partial aggregate whose Final was not replaced)",,0,0.00,0.00,0.00,0.00,0.00,0,432084,3.12,2.81,100,0,,,,,,,4.68,58.7,7.33,"yes",0,0,0,0.0000,0.00,0.00,"LEFT AggregateExec (input rows 1000000 (exact) vs min_rows 250000; minmax_f64 over 2+ i32 keys (memory input): the measured table takes it at no group count and size (results/datafusion_groupby_sweep_2026-09-29.csv)) | LEFT AggregateExec (Partial aggregate whose Final was not replaced)",7.69,2026-09-29 17:25:14,2026-09-29 17:25:44,2026-09-29 00:37:52,30,4.90,4.84,,,alternate,false,15.83,16.11,17.35,500,18.55,124.4,126.9,3
1000000,part1,gsweep,sum_int_1i64_R2,"sum_int, 1 i64 key(s), R2 groups in the key domain","SELECT kl, sum(q) AS s FROM grid GROUP BY kl",3.34,,,44.3,,30,,"yes",0.000e0,,,"LEFT AggregateExec (input rows 1000000 (exact) vs min_rows 250000; sum_avg_int over 1 i64 key (memory input): the measured table takes it at no group count and size (results/datafusion_groupby_sweep_2026-09-29.csv)) | LEFT AggregateExec (Partial aggregate whose Final was not replaced)",,0,0.00,0.00,0.00,0.00,0.00,0,432472,3.12,2.81,100,0,,,,,,,3.35,43.4,5.58,"yes",0,0,0,0.0000,0.00,0.00,"LEFT AggregateExec (input rows 1000000 (exact) vs min_rows 250000; sum_avg_int over 1 i64 key (memory input): the measured table takes it at no group count and size (results/datafusion_groupby_sweep_2026-09-29.csv)) | LEFT AggregateExec (Partial aggregate whose Final was not replaced)",5.72,2026-09-29 17:25:14,2026-09-29 17:25:44,2026-09-29 00:37:52,30,3.48,3.53,,,alternate,false,13.32,14.70,12.51,500,13.80,95.5,90.3,3
1000000,part1,gsweep,minmax_f64_2i64_R2,"minmax_f64, 2 i64 key(s), R2 groups in the key domain","SELECT kl1, kl2, min(x) AS lo, max(x) AS hi FROM grid GROUP BY kl1, kl2",4.87,,,63.0,,30,,"yes",0.000e0,,,"LEFT AggregateExec (input rows 1000000 (exact) vs min_rows 250000; minmax_f64 over 2+ i64 keys (memory input): the measured table takes it at no group count and size (results/datafusion_groupby_sweep_2026-09-29.csv)) | LEFT AggregateExec (Partial aggregate whose Final was not replaced)",,0,0.00,0.00,0.00,0.00,0.00,0,432084,3.12,2.81,100,0,,,,,,,4.78,62.7,7.32,"yes",0,0,0,0.0000,0.00,0.00,"LEFT AggregateExec (input rows 1000000 (exact) vs min_rows 250000; minmax_f64 over 2+ i64 keys (memory input): the measured table takes it at no group count and size (results/datafusion_groupby_sweep_2026-09-29.csv)) | LEFT AggregateExec (Partial aggregate whose Final was not replaced)",7.92,2026-09-29 17:25:14,2026-09-29 17:25:44,2026-09-29 00:37:52,30,5.12,5.10,,,alternate,false,16.77,17.85,16.06,500,16.70,132.3,133.1,3
1000000,part1,gsweep,avg_int_2i64_R2,"avg_int, 2 i64 key(s), R2 groups in the key domain","SELECT kl1, kl2, avg(q) AS m FROM grid GROUP BY kl1, kl2",4.34,,,56.0,,30,,"yes",0.000e0,,,"LEFT AggregateExec (input rows 1000000 (exact) vs min_rows 250000; sum_avg_int over 2+ i64 keys (memory input): the measured table takes it at no group count and size (results/datafusion_groupby_sweep_2026-09-29.csv)) | LEFT AggregateExec (Partial aggregate whose Final was not replaced)",,0,0.00,0.00,0.00,0.00,0.00,0,432084,3.12,2.81,100,0,,,,,,,4.39,54.2,7.21,"yes",0,0,0,0.0000,0.00,0.00,"LEFT AggregateExec (input rows 1000000 (exact) vs min_rows 250000; sum_avg_int over 2+ i64 keys (memory input): the measured table takes it at no group count and size (results/datafusion_groupby_sweep_2026-09-29.csv)) | LEFT AggregateExec (Partial aggregate whose Final was not replaced)",7.24,2026-09-29 17:25:14,2026-09-29 17:25:44,2026-09-29 00:37:52,30,4.69,4.69,,,alternate,false,15.60,16.01,15.37,500,16.22,122.5,124.3,3
1000000,part1,gsweep,minmax_int_2i64_R2,"minmax_int, 2 i64 key(s), R2 groups in the key domain","SELECT kl1, kl2, min(q) AS lo, max(q) AS hi FROM grid GROUP BY kl1, kl2",4.74,,,58.5,,30,,"yes",0.000e0,,,"LEFT AggregateExec (input rows 1000000 (exact) vs min_rows 250000; minmax_int over 2+ i64 keys (memory input): the measured table takes no group count at 1M rows (the first take is at 5M rows; results/datafusion_groupby_sweep_2026-09-29.csv)) | LEFT AggregateExec (Partial aggregate whose Final was not replaced)",,0,0.00,0.00,0.00,0.00,0.00,0,432084,3.12,2.81,100,0,,,,,,,4.70,60.4,5.47,"yes",0,0,0,0.0000,0.00,0.00,"LEFT AggregateExec (input rows 1000000 (exact) vs min_rows 250000; minmax_int over 2+ i64 keys (memory input): the measured table takes no group count at 1M rows (the first take is at 5M rows; results/datafusion_groupby_sweep_2026-09-29.csv)) | LEFT AggregateExec (Partial aggregate whose Final was not replaced)",5.23,2026-09-29 17:25:14,2026-09-29 17:25:44,2026-09-29 00:37:52,30,4.94,4.99,,,alternate,false,15.04,17.66,17.21,500,17.68,126.8,136.9,3
2000000,b8192,gsweep,avg_int_1i32_200,"avg_int, 1 i32 key(s), 200 groups in the key domain","SELECT k, avg(q) AS m FROM grid GROUP BY k",1.23,,,10.4,,30,,"yes",0.000e0,,,"LEFT AggregateExec (input rows 2000000 (exact) vs min_rows 250000; sum_avg_int over 1 i32 key (memory input): the measured table takes it at no group count and size (results/datafusion_groupby_sweep_2026-09-29.csv)) | LEFT AggregateExec (Partial aggregate whose Final was not replaced)",,0,0.00,0.00,0.00,0.00,0.00,0,200,2.81,2.35,100,0,,,,,,,1.22,10.3,1.66,"yes",0,0,0,0.0000,0.00,0.00,"LEFT AggregateExec (input rows 2000000 (exact) vs min_rows 250000; sum_avg_int over 1 i32 key (memory input): the measured table takes it at no group count and size (results/datafusion_groupby_sweep_2026-09-29.csv)) | LEFT AggregateExec (Partial aggregate whose Final was not replaced)",1.51,2026-09-29 17:25:46,2026-09-29 17:26:14,2026-09-29 00:37:52,30,1.29,1.30,,,alternate,false,8.67,9.03,8.58,500,9.46,27.2,27.1,3
2000000,b8192,gsweep,distinct_1i32_200,"distinct, 1 i32 key(s), 200 groups in the key domain","SELECT DISTINCT k FROM grid",0.93,,,7.4,,30,,"yes",0.000e0,,,"LEFT AggregateExec (input rows 2000000 (exact) vs min_rows 250000; distinct over 1 i32 key (memory input): the measured table takes no group count at 2M rows (the first take is at 50M rows; results/datafusion_groupby_sweep_2026-09-29.csv)) | LEFT AggregateExec (Partial aggregate whose Final was not replaced)",,0,0.00,0.00,0.00,0.00,0.00,0,200,2.81,2.35,100,0,,,,,,,0.92,7.4,2.28,"yes",0,0,0,0.0000,0.00,0.00,"LEFT AggregateExec (input rows 2000000 (exact) vs min_rows 250000; distinct over 1 i32 key (memory input): the measured table takes no group count at 2M rows (the first take is at 50M rows; results/datafusion_groupby_sweep_2026-09-29.csv)) | LEFT AggregateExec (Partial aggregate whose Final was not replaced)",1.86,2026-09-29 17:25:46,2026-09-29 17:26:14,2026-09-29 00:37:52,30,1.01,1.02,,,alternate,false,3.35,8.72,7.35,500,8.90,19.0,22.1,3
2000000,b8192,gsweep,minmax_f64_2i32_200,"minmax_f64, 2 i32 key(s), 200 groups in the key domain","SELECT k1, k2, min(x) AS lo, max(x) AS hi FROM grid GROUP BY k1, k2",2.14,,,20.6,,30,,"yes",0.000e0,,,"LEFT AggregateExec (input rows 2000000 (exact) vs min_rows 250000; minmax_f64 over 2+ i32 keys (memory input): the measured table takes it at no group count and size (results/datafusion_groupby_sweep_2026-09-29.csv)) | LEFT AggregateExec (Partial aggregate whose Final was not replaced)",,0,0.00,0.00,0.00,0.00,0.00,0,200,2.81,2.35,100,0,,,,,,,2.17,21.0,4.06,"yes",0,0,0,0.0000,0.00,0.00,"LEFT AggregateExec (input rows 2000000 (exact) vs min_rows 250000; minmax_f64 over 2+ i32 keys (memory input): the measured table takes it at no group count and size (results/datafusion_groupby_sweep_2026-09-29.csv)) | LEFT AggregateExec (Partial aggregate whose Final was not replaced)",5.53,2026-09-29 17:25:46,2026-09-29 17:26:14,2026-09-29 00:37:52,30,2.33,2.36,,,alternate,false,12.95,14.97,11.57,500,11.67,48.5,47.7,3
2000000,b8192,gsweep,avg_int_2i32_200,"avg_int, 2 i32 key(s), 200 groups in the key domain","SELECT k1, k2, avg(q) AS m FROM grid GROUP BY k1, k2",2.14,,,21.1,,30,,"yes",0.000e0,,,"LEFT AggregateExec (input rows 2000000 (exact) vs min_rows 250000; sum_avg_int over 2+ i32 keys (memory input): the measured table takes it at no group count and size (results/datafusion_groupby_sweep_2026-09-29.csv)) | LEFT AggregateExec (Partial aggregate whose Final was not replaced)",,0,0.00,0.00,0.00,0.00,0.00,0,200,2.81,2.35,100,0,,,,,,,2.15,20.8,3.76,"yes",0,0,0,0.0000,0.00,0.00,"LEFT AggregateExec (input rows 2000000 (exact) vs min_rows 250000; sum_avg_int over 2+ i32 keys (memory input): the measured table takes it at no group count and size (results/datafusion_groupby_sweep_2026-09-29.csv)) | LEFT AggregateExec (Partial aggregate whose Final was not replaced)",4.05,2026-09-29 17:25:46,2026-09-29 17:26:14,2026-09-29 00:37:52,30,2.27,2.27,,,alternate,false,11.89,12.61,10.10,500,11.55,51.6,49.9,3
2000000,b8192,gsweep,avg_f64_2i64_200,"avg_f64, 2 i64 key(s), 200 groups in the key domain","SELECT kl1, kl2, avg(x) AS m FROM grid GROUP BY kl1, kl2",2.11,,,20.7,,30,,"yes",2.776e-16,,,"LEFT AggregateExec (input rows 2000000 (exact) vs min_rows 250000; sum_avg_f64 over 2+ i64 keys (memory input): the measured table takes it at no group count and size (results/datafusion_groupby_sweep_2026-09-29.csv)) | LEFT AggregateExec (Partial aggregate whose Final was not replaced)",,0,0.00,0.00,0.00,0.00,0.00,0,200,2.81,2.35,100,0,,,,,,,2.10,20.4,4.61,"yes",0,0,0,0.0000,0.00,0.00,"LEFT AggregateExec (input rows 2000000 (exact) vs min_rows 250000; sum_avg_f64 over 2+ i64 keys (memory input): the measured table takes it at no group count and size (results/datafusion_groupby_sweep_2026-09-29.csv)) | LEFT AggregateExec (Partial aggregate whose Final was not replaced)",4.06,2026-09-29 17:25:46,2026-09-29 17:26:14,2026-09-29 00:37:52,30,2.21,2.26,,,alternate,false,11.39,12.55,10.39,500,12.59,49.3,53.3,3
2000000,b8192,gsweep,sum_int_2i64_200,"sum_int, 2 i64 key(s), 200 groups in the key domain","SELECT kl1, kl2, sum(q) AS s FROM grid GROUP BY kl1, kl2",2.06,,,20.0,,30,,"yes",0.000e0,,,"LEFT AggregateExec (input rows 2000000 (exact) vs min_rows 250000; sum_avg_int over 2+ i64 keys (memory input): the measured table takes it at no group count and size (results/datafusion_groupby_sweep_2026-09-29.csv)) | LEFT AggregateExec (Partial aggregate whose Final was not replaced)",,0,0.00,0.00,0.00,0.00,0.00,0,200,2.81,2.35,100,0,,,,,,,2.07,20.0,3.39,"yes",0,0,0,0.0000,0.00,0.00,"LEFT AggregateExec (input rows 2000000 (exact) vs min_rows 250000; sum_avg_int over 2+ i64 keys (memory input): the measured table takes it at no group count and size (results/datafusion_groupby_sweep_2026-09-29.csv)) | LEFT AggregateExec (Partial aggregate whose Final was not replaced)",3.04,2026-09-29 17:25:46,2026-09-29 17:26:14,2026-09-29 00:37:52,30,2.17,2.19,,,alternate,false,6.24,12.75,10.54,500,14.02,42.8,47.1,3
2000000,b8192,gsweep,avg_int_2i64_200,"avg_int, 2 i64 key(s), 200 groups in the key domain","SELECT kl1, kl2, avg(q) AS m FROM grid GROUP BY kl1, kl2",2.14,,,21.5,,30,,"yes",0.000e0,,,"LEFT AggregateExec (input rows 2000000 (exact) vs min_rows 250000; sum_avg_int over 2+ i64 keys (memory input): the measured table takes it at no group count and size (results/datafusion_groupby_sweep_2026-09-29.csv)) | LEFT AggregateExec (Partial aggregate whose Final was not replaced)",,0,0.00,0.00,0.00,0.00,0.00,0,200,2.81,2.35,100,0,,,,,,,2.17,21.7,3.57,"yes",0,0,0,0.0000,0.00,0.00,"LEFT AggregateExec (input rows 2000000 (exact) vs min_rows 250000; sum_avg_int over 2+ i64 keys (memory input): the measured table takes it at no group count and size (results/datafusion_groupby_sweep_2026-09-29.csv)) | LEFT AggregateExec (Partial aggregate whose Final was not replaced)",5.76,2026-09-29 17:25:46,2026-09-29 17:26:14,2026-09-29 00:37:52,30,2.29,2.37,,,alternate,false,9.56,10.77,12.13,500,13.14,50.7,52.6,3
2000000,b8192,gsweep,distinct_2i64_200,"distinct, 2 i64 key(s), 200 groups in the key domain","SELECT DISTINCT kl1, kl2 FROM grid",1.87,,,18.4,,30,,"yes",0.000e0,,,"LEFT AggregateExec (input rows 2000000 (exact) vs min_rows 250000; distinct over 2+ i64 keys (memory input): the measured table takes it at no group count and size (results/datafusion_groupby_sweep_2026-09-29.csv)) | LEFT AggregateExec (Partial aggregate whose Final was not replaced)",,0,0.00,0.00,0.00,0.00,0.00,0,200,2.81,2.35,100,0,,,,,,,1.85,18.5,3.06,"yes",0,0,0,0.0000,0.00,0.00,"LEFT AggregateExec (input rows 2000000 (exact) vs min_rows 250000; distinct over 2+ i64 keys (memory input): the measured table takes it at no group count and size (results/datafusion_groupby_sweep_2026-09-29.csv)) | LEFT AggregateExec (Partial aggregate whose Final was not replaced)",2.84,2026-09-29 17:25:46,2026-09-29 17:26:14,2026-09-29 00:37:52,30,1.99,1.97,,,alternate,false,9.98,13.42,12.41,500,13.33,43.6,40.3,3
2000000,b8192,gsweep,avg_f64_2i32_10k,"avg_f64, 2 i32 key(s), 10k groups in the key domain","SELECT k1, k2, avg(x) AS m FROM grid GROUP BY k1, k2",2.69,,,27.6,,30,,"yes",3.331e-16,,,"LEFT AggregateExec (input rows 2000000 (exact) vs min_rows 250000; sum_avg_f64 over 2+ i32 keys (memory input): the measured table takes it at no group count and size (results/datafusion_groupby_sweep_2026-09-29.csv)) | LEFT AggregateExec (Partial aggregate whose Final was not replaced)",,0,0.00,0.00,0.00,0.00,0.00,0,10000,2.35,2.25,100,0,,,,,,,2.74,28.2,3.38,"yes",0,0,0,0.0000,0.00,0.00,"LEFT AggregateExec (input rows 2000000 (exact) vs min_rows 250000; sum_avg_f64 over 2+ i32 keys (memory input): the measured table takes it at no group count and size (results/datafusion_groupby_sweep_2026-09-29.csv)) | LEFT AggregateExec (Partial aggregate whose Final was not replaced)",3.12,2026-09-29 17:26:16,2026-09-29 17:26:33,2026-09-29 00:37:52,30,2.81,2.84,,,alternate,false,13.33,15.79,11.51,500,13.93,67.1,66.1,3
2000000,b8192,gsweep,sum_int_2i32_10k,"sum_int, 2 i32 key(s), 10k groups in the key domain","SELECT k1, k2, sum(q) AS s FROM grid GROUP BY k1, k2",2.53,,,25.9,,30,,"yes",0.000e0,,,"LEFT AggregateExec (input rows 2000000 (exact) vs min_rows 250000; sum_avg_int over 2+ i32 keys (memory input): the measured table takes it at no group count and size (results/datafusion_groupby_sweep_2026-09-29.csv)) | LEFT AggregateExec (Partial aggregate whose Final was not replaced)",,0,0.00,0.00,0.00,0.00,0.00,0,10000,2.35,2.25,100,0,,,,,,,2.60,25.7,3.65,"yes",0,0,0,0.0000,0.00,0.00,"LEFT AggregateExec (input rows 2000000 (exact) vs min_rows 250000; sum_avg_int over 2+ i32 keys (memory input): the measured table takes it at no group count and size (results/datafusion_groupby_sweep_2026-09-29.csv)) | LEFT AggregateExec (Partial aggregate whose Final was not replaced)",3.58,2026-09-29 17:26:16,2026-09-29 17:26:33,2026-09-29 00:37:52,30,2.64,2.67,,,alternate,false,7.46,12.32,13.29,500,13.45,53.7,62.7,3
2000000,b8192,gsweep,minmax_f64_1i64_10k,"minmax_f64, 1 i64 key(s), 10k groups in the key domain","SELECT kl, min(x) AS lo, max(x) AS hi FROM grid GROUP BY kl",2.33,,,23.9,,30,,"yes",0.000e0,,,"LEFT AggregateExec (input rows 2000000 (exact) vs min_rows 250000; minmax_f64 over 1 i64 key (memory input): the measured table takes it at no group count and size (results/datafusion_groupby_sweep_2026-09-29.csv)) | LEFT AggregateExec (Partial aggregate whose Final was not replaced)",,0,0.00,0.00,0.00,0.00,0.00,0,10000,2.35,2.25,100,0,,,,,,,2.34,24.6,2.98,"yes",0,0,0,0.0000,0.00,0.00,"LEFT AggregateExec (input rows 2000000 (exact) vs min_rows 250000; minmax_f64 over 1 i64 key (memory input): the measured table takes it at no group count and size (results/datafusion_groupby_sweep_2026-09-29.csv)) | LEFT AggregateExec (Partial aggregate whose Final was not replaced)",4.17,2026-09-29 17:26:16,2026-09-29 17:26:33,2026-09-29 00:37:52,30,2.42,2.47,,,alternate,false,10.10,10.20,13.44,500,13.54,55.3,55.7,3
2000000,b8192,gsweep,count_2i64_10k,"count, 2 i64 key(s), 10k groups in the key domain","SELECT kl1, kl2, count(*) AS n FROM grid GROUP BY kl1, kl2",2.67,,,27.5,,30,,"yes",0.000e0,,,"LEFT AggregateExec (input rows 2000000 (exact) vs min_rows 250000; count over 2+ i64 keys (memory input): the measured table takes it at no group count and size (results/datafusion_groupby_sweep_2026-09-29.csv)) | LEFT AggregateExec (Partial aggregate whose Final was not replaced)",,0,0.00,0.00,0.00,0.00,0.00,0,10000,2.35,2.25,100,0,,,,,,,2.65,27.7,5.13,"yes",0,0,0,0.0000,0.00,0.00,"LEFT AggregateExec (input rows 2000000 (exact) vs min_rows 250000; count over 2+ i64 keys (memory input): the measured table takes it at no group count and size (results/datafusion_groupby_sweep_2026-09-29.csv)) | LEFT AggregateExec (Partial aggregate whose Final was not replaced)",4.47,2026-09-29 17:26:16,2026-09-29 17:26:33,2026-09-29 00:37:52,30,2.74,2.75,,,alternate,false,11.75,13.58,12.82,500,13.58,65.4,66.4,3
2000000,b8192,gsweep,sum_f64_2i64_10k,"sum_f64, 2 i64 key(s), 10k groups in the key domain","SELECT kl1, kl2, sum(x) AS s FROM grid GROUP BY kl1, kl2",2.67,,,26.5,,30,,"yes",6.682e-16,,,"LEFT AggregateExec (input rows 2000000 (exact) vs min_rows 250000; sum_avg_f64 over 2+ i64 keys (memory input): the measured table takes it at no group count and size (results/datafusion_groupby_sweep_2026-09-29.csv)) | LEFT AggregateExec (Partial aggregate whose Final was not replaced)",,0,0.00,0.00,0.00,0.00,0.00,0,10000,2.35,2.25,100,0,,,,,,,2.70,27.5,4.35,"yes",0,0,0,0.0000,0.00,0.00,"LEFT AggregateExec (input rows 2000000 (exact) vs min_rows 250000; sum_avg_f64 over 2+ i64 keys (memory input): the measured table takes it at no group count and size (results/datafusion_groupby_sweep_2026-09-29.csv)) | LEFT AggregateExec (Partial aggregate whose Final was not replaced)",4.92,2026-09-29 17:26:16,2026-09-29 17:26:33,2026-09-29 00:37:52,30,2.76,2.76,,,alternate,false,10.88,11.15,11.60,500,13.27,60.6,65.3,3
2000000,b8192,gsweep,avg_f64_1i32_100k,"avg_f64, 1 i32 key(s), 100k groups in the key domain","SELECT k, avg(x) AS m FROM grid GROUP BY k",4.52,,,57.6,,30,,"yes",3.331e-16,,,"LEFT AggregateExec (input rows 2000000 (exact) vs min_rows 250000; sum_avg_f64 over 1 i32 key (memory input): the measured table takes it at no group count and size (results/datafusion_groupby_sweep_2026-09-29.csv)) | LEFT AggregateExec (Partial aggregate whose Final was not replaced)",,0,0.00,0.00,0.00,0.00,0.00,0,100000,2.25,2.17,100,0,,,,,,,4.66,60.4,5.27,"yes",0,0,0,0.0000,0.00,0.00,"LEFT AggregateExec (input rows 2000000 (exact) vs min_rows 250000; sum_avg_f64 over 1 i32 key (memory input): the measured table takes it at no group count and size (results/datafusion_groupby_sweep_2026-09-29.csv)) | LEFT AggregateExec (Partial aggregate whose Final was not replaced)",5.18,2026-09-29 17:26:35,2026-09-29 17:26:57,2026-09-29 00:37:52,30,5.12,5.09,,,alternate,false,16.14,17.33,17.51,500,17.77,123.6,117.1,3
2000000,b8192,gsweep,count_2i32_100k,"count, 2 i32 key(s), 100k groups in the key domain","SELECT k1, k2, count(*) AS n FROM grid GROUP BY k1, k2",4.75,,,63.7,,30,,"yes",0.000e0,,,"LEFT AggregateExec (input rows 2000000 (exact) vs min_rows 250000; count over 2+ i32 keys (memory input): the measured table takes no group count at 2M rows (the first take is at 10M rows; results/datafusion_groupby_sweep_2026-09-29.csv)) | LEFT AggregateExec (Partial aggregate whose Final was not replaced)",,0,0.00,0.00,0.00,0.00,0.00,0,100000,2.25,2.17,100,0,,,,,,,4.79,64.5,7.52,"yes",0,0,0,0.0000,0.00,0.00,"LEFT AggregateExec (input rows 2000000 (exact) vs min_rows 250000; count over 2+ i32 keys (memory input): the measured table takes no group count at 2M rows (the first take is at 10M rows; results/datafusion_groupby_sweep_2026-09-29.csv)) | LEFT AggregateExec (Partial aggregate whose Final was not replaced)",8.13,2026-09-29 17:26:35,2026-09-29 17:26:57,2026-09-29 00:37:52,30,5.32,5.25,,,alternate,false,17.44,19.47,17.96,500,18.99,139.8,124.9,3
2000000,b8192,gsweep,count_1i64_100k,"count, 1 i64 key(s), 100k groups in the key domain","SELECT kl, count(*) AS n FROM grid GROUP BY kl",4.04,,,53.7,,30,,"yes",0.000e0,,,"LEFT AggregateExec (input rows 2000000 (exact) vs min_rows 250000; count over 1 i64 key (memory input): the measured table takes it at no group count and size (results/datafusion_groupby_sweep_2026-09-29.csv)) | LEFT AggregateExec (Partial aggregate whose Final was not replaced)",,0,0.00,0.00,0.00,0.00,0.00,0,100000,2.25,2.17,100,0,,,,,,,4.16,53.0,7.12,"yes",0,0,0,0.0000,0.00,0.00,"LEFT AggregateExec (input rows 2000000 (exact) vs min_rows 250000; count over 1 i64 key (memory input): the measured table takes it at no group count and size (results/datafusion_groupby_sweep_2026-09-29.csv)) | LEFT AggregateExec (Partial aggregate whose Final was not replaced)",6.59,2026-09-29 17:26:35,2026-09-29 17:26:57,2026-09-29 00:37:52,30,4.58,4.59,,,alternate,false,14.92,16.70,14.95,500,16.90,110.4,95.6,3
2000000,b8192,gsweep,avg_f64_1i64_100k,"avg_f64, 1 i64 key(s), 100k groups in the key domain","SELECT kl, avg(x) AS m FROM grid GROUP BY kl",4.45,,,58.5,,30,,"yes",4.441e-16,,,"LEFT AggregateExec (input rows 2000000 (exact) vs min_rows 250000; sum_avg_f64 over 1 i64 key (memory input): the measured table takes it at no group count and size (results/datafusion_groupby_sweep_2026-09-29.csv)) | LEFT AggregateExec (Partial aggregate whose Final was not replaced)",,0,0.00,0.00,0.00,0.00,0.00,0,100000,2.25,2.17,100,0,,,,,,,4.48,57.9,6.68,"yes",0,0,0,0.0000,0.00,0.00,"LEFT AggregateExec (input rows 2000000 (exact) vs min_rows 250000; sum_avg_f64 over 1 i64 key (memory input): the measured table takes it at no group count and size (results/datafusion_groupby_sweep_2026-09-29.csv)) | LEFT AggregateExec (Partial aggregate whose Final was not replaced)",7.40,2026-09-29 17:26:35,2026-09-29 17:26:57,2026-09-29 00:37:52,30,4.78,4.85,,,alternate,false,17.69,17.82,16.44,500,19.51,124.0,125.9,3
2000000,b8192,gsweep,distinct_1i64_100k,"distinct, 1 i64 key(s), 100k groups in the key domain","SELECT DISTINCT kl FROM grid",3.67,,,45.5,,30,,"yes",0.000e0,,,"LEFT AggregateExec (input rows 2000000 (exact) vs min_rows 250000; distinct over 1 i64 key (memory input): the measured table takes it at no group count and size (results/datafusion_groupby_sweep_2026-09-29.csv)) | LEFT AggregateExec (Partial aggregate whose Final was not replaced)",,0,0.00,0.00,0.00,0.00,0.00,0,100000,2.25,2.17,100,0,,,,,,,3.77,46.4,5.58,"yes",0,0,0,0.0000,0.00,0.00,"LEFT AggregateExec (input rows 2000000 (exact) vs min_rows 250000; distinct over 1 i64 key (memory input): the measured table takes it at no group count and size (results/datafusion_groupby_sweep_2026-09-29.csv)) | LEFT AggregateExec (Partial aggregate whose Final was not replaced)",5.64,2026-09-29 17:26:35,2026-09-29 17:26:57,2026-09-29 00:37:52,30,4.11,4.18,,,alternate,false,18.18,18.63,16.00,500,16.10,111.0,105.3,3
2000000,b8192,gsweep,sum_f64_2i64_100k,"sum_f64, 2 i64 key(s), 100k groups in the key domain","SELECT kl1, kl2, sum(x) AS s FROM grid GROUP BY kl1, kl2",5.09,,,68.6,,30,,"yes",6.365e-16,,,"LEFT AggregateExec (input rows 2000000 (exact) vs min_rows 250000; sum_avg_f64 over 2+ i64 keys (memory input): the measured table takes it at no group count and size (results/datafusion_groupby_sweep_2026-09-29.csv)) | LEFT AggregateExec (Partial aggregate whose Final was not replaced)",,0,0.00,0.00,0.00,0.00,0.00,0,100000,2.25,2.17,100,0,,,,,,,5.09,68.1,7.73,"yes",0,0,0,0.0000,0.00,0.00,"LEFT AggregateExec (input rows 2000000 (exact) vs min_rows 250000; sum_avg_f64 over 2+ i64 keys (memory input): the measured table takes it at no group count and size (results/datafusion_groupby_sweep_2026-09-29.csv)) | LEFT AggregateExec (Partial aggregate whose Final was not replaced)",8.31,2026-09-29 17:26:35,2026-09-29 17:26:57,2026-09-29 00:37:52,30,5.34,5.28,,,alternate,false,10.74,19.22,15.47,500,19.13,121.1,133.7,3
2000000,b8192,gsweep,minmax_f64_1i32_1M,"minmax_f64, 1 i32 key(s), 1M groups in the key domain","SELECT k, min(x) AS lo, max(x) AS hi FROM grid GROUP BY k",6.72,,,91.5,,30,,"yes",0.000e0,,,"LEFT AggregateExec (input rows 2000000 (exact) vs min_rows 250000; minmax_f64 over 1 i32 key (memory input): the measured table takes it at no group count and size (results/datafusion_groupby_sweep_2026-09-29.csv)) | LEFT AggregateExec (Partial aggregate whose Final was not replaced)",,0,0.00,0.00,0.00,0.00,0.00,0,864909,2.08,3.73,100,0,,,,,,,6.68,90.7,7.21,"yes",0,0,0,0.0000,0.00,0.00,"LEFT AggregateExec (input rows 2000000 (exact) vs min_rows 250000; minmax_f64 over 1 i32 key (memory input): the measured table takes it at no group count and size (results/datafusion_groupby_sweep_2026-09-29.csv)) | LEFT AggregateExec (Partial aggregate whose Final was not replaced)",7.69,2026-09-29 17:26:59,2026-09-29 17:27:31,2026-09-29 00:37:52,30,7.11,7.10,,,alternate,false,19.65,21.34,20.40,500,21.97,177.2,187.0,3
2000000,b8192,gsweep,sum_int_2i32_1M,"sum_int, 2 i32 key(s), 1M groups in the key domain","SELECT k1, k2, sum(q) AS s FROM grid GROUP BY k1, k2",5.93,,,82.0,,30,,"yes",0.000e0,,,"LEFT AggregateExec (input rows 2000000 (exact) vs min_rows 250000; sum_avg_int over 2+ i32 keys (memory input): the measured table takes it at no group count and size (results/datafusion_groupby_sweep_2026-09-29.csv)) | LEFT AggregateExec (Partial aggregate whose Final was not replaced)",,0,0.00,0.00,0.00,0.00,0.00,0,864755,2.08,3.73,100,0,,,,,,,5.98,82.3,8.54,"yes",0,0,0,0.0000,0.00,0.00,"LEFT AggregateExec (input rows 2000000 (exact) vs min_rows 250000; sum_avg_int over 2+ i32 keys (memory input): the measured table takes it at no group count and size (results/datafusion_groupby_sweep_2026-09-29.csv)) | LEFT AggregateExec (Partial aggregate whose Final was not replaced)",9.55,2026-09-29 17:26:59,2026-09-29 17:27:31,2026-09-29 00:37:52,30,6.33,6.28,,,alternate,false,13.46,18.03,18.48,500,19.47,135.9,165.2,3
2000000,b8192,gsweep,avg_int_2i32_1M,"avg_int, 2 i32 key(s), 1M groups in the key domain","SELECT k1, k2, avg(q) AS m FROM grid GROUP BY k1, k2",6.68,,,92.6,,30,,"yes",0.000e0,,,"LEFT AggregateExec (input rows 2000000 (exact) vs min_rows 250000; sum_avg_int over 2+ i32 keys (memory input): the measured table takes it at no group count and size (results/datafusion_groupby_sweep_2026-09-29.csv)) | LEFT AggregateExec (Partial aggregate whose Final was not replaced)",,0,0.00,0.00,0.00,0.00,0.00,0,864755,2.08,3.73,100,0,,,,,,,6.69,92.6,9.23,"yes",0,0,0,0.0000,0.00,0.00,"LEFT AggregateExec (input rows 2000000 (exact) vs min_rows 250000; sum_avg_int over 2+ i32 keys (memory input): the measured table takes it at no group count and size (results/datafusion_groupby_sweep_2026-09-29.csv)) | LEFT AggregateExec (Partial aggregate whose Final was not replaced)",9.35,2026-09-29 17:26:59,2026-09-29 17:27:31,2026-09-29 00:37:52,30,7.09,7.14,,,alternate,false,20.58,21.71,20.73,500,21.00,185.1,177.2,3
2000000,b8192,gsweep,sum_f64_1i64_1M,"sum_f64, 1 i64 key(s), 1M groups in the key domain","SELECT kl, sum(x) AS s FROM grid GROUP BY kl",5.40,,,71.3,,30,,"yes",4.322e-16,,,"LEFT AggregateExec (input rows 2000000 (exact) vs min_rows 250000; sum_avg_f64 over 1 i64 key (memory input): the measured table takes it at no group count and size (results/datafusion_groupby_sweep_2026-09-29.csv)) | LEFT AggregateExec (Partial aggregate whose Final was not replaced)",,0,0.00,0.00,0.00,0.00,0.00,0,864909,2.08,3.73,100,0,,,,,,,5.38,71.7,7.69,"yes",0,0,0,0.0000,0.00,0.00,"LEFT AggregateExec (input rows 2000000 (exact) vs min_rows 250000; sum_avg_f64 over 1 i64 key (memory input): the measured table takes it at no group count and size (results/datafusion_groupby_sweep_2026-09-29.csv)) | LEFT AggregateExec (Partial aggregate whose Final was not replaced)",8.19,2026-09-29 17:26:59,2026-09-29 17:27:31,2026-09-29 00:37:52,30,5.75,5.86,,,alternate,false,19.23,19.59,17.37,500,21.26,156.3,153.8,3
2000000,b8192,gsweep,count_2i64_1M,"count, 2 i64 key(s), 1M groups in the key domain","SELECT kl1, kl2, count(*) AS n FROM grid GROUP BY kl1, kl2",6.45,,,88.9,,30,,"yes",0.000e0,,,"LEFT AggregateExec (input rows 2000000 (exact) vs min_rows 250000; count over 2+ i64 keys (memory input): the measured table takes it at no group count and size (results/datafusion_groupby_sweep_2026-09-29.csv)) | LEFT AggregateExec (Partial aggregate whose Final was not replaced)",,0,0.00,0.00,0.00,0.00,0.00,0,864755,2.08,3.73,100,0,,,,,,,6.61,89.2,9.22,"yes",0,0,0,0.0000,0.00,0.00,"LEFT AggregateExec (input rows 2000000 (exact) vs min_rows 250000; count over 2+ i64 keys (memory input): the measured table takes it at no group count and size (results/datafusion_groupby_sweep_2026-09-29.csv)) | LEFT AggregateExec (Partial aggregate whose Final was not replaced)",10.27,2026-09-29 17:26:59,2026-09-29 17:27:31,2026-09-29 00:37:52,30,6.78,6.96,,,alternate,false,18.38,22.57,21.42,500,23.46,168.7,167.1,3
2000000,b8192,gsweep,avg_f64_2i64_1M,"avg_f64, 2 i64 key(s), 1M groups in the key domain","SELECT kl1, kl2, avg(x) AS m FROM grid GROUP BY kl1, kl2",7.24,,,97.7,,30,,"yes",3.331e-16,,,"LEFT AggregateExec (input rows 2000000 (exact) vs min_rows 250000; sum_avg_f64 over 2+ i64 keys (memory input): the measured table takes it at no group count and size (results/datafusion_groupby_sweep_2026-09-29.csv)) | LEFT AggregateExec (Partial aggregate whose Final was not replaced)",,0,0.00,0.00,0.00,0.00,0.00,0,864755,2.08,3.73,100,0,,,,,,,7.28,97.6,9.56,"yes",0,0,0,0.0000,0.00,0.00,"LEFT AggregateExec (input rows 2000000 (exact) vs min_rows 250000; sum_avg_f64 over 2+ i64 keys (memory input): the measured table takes it at no group count and size (results/datafusion_groupby_sweep_2026-09-29.csv)) | LEFT AggregateExec (Partial aggregate whose Final was not replaced)",10.31,2026-09-29 17:26:59,2026-09-29 17:27:31,2026-09-29 00:37:52,30,7.46,7.43,,,alternate,false,23.21,23.22,20.59,500,21.21,163.6,192.3,3
2000000,b8192,gsweep,minmax_f64_2i64_1M,"minmax_f64, 2 i64 key(s), 1M groups in the key domain","SELECT kl1, kl2, min(x) AS lo, max(x) AS hi FROM grid GROUP BY kl1, kl2",7.89,,,111.5,,30,,"yes",0.000e0,,,"LEFT AggregateExec (input rows 2000000 (exact) vs min_rows 250000; minmax_f64 over 2+ i64 keys (memory input): the measured table takes it at no group count and size (results/datafusion_groupby_sweep_2026-09-29.csv)) | LEFT AggregateExec (Partial aggregate whose Final was not replaced)",,0,0.00,0.00,0.00,0.00,0.00,0,864755,2.08,3.73,100,0,,,,,,,8.03,110.7,8.98,"yes",0,0,0,0.0000,0.00,0.00,"LEFT AggregateExec (input rows 2000000 (exact) vs min_rows 250000; minmax_f64 over 2+ i64 keys (memory input): the measured table takes it at no group count and size (results/datafusion_groupby_sweep_2026-09-29.csv)) | LEFT AggregateExec (Partial aggregate whose Final was not replaced)",10.58,2026-09-29 17:26:59,2026-09-29 17:27:31,2026-09-29 00:37:52,30,8.43,8.33,,,alternate,false,15.07,20.86,21.41,500,23.27,173.5,201.9,3
2000000,b8192,gsweep,minmax_int_2i64_1M,"minmax_int, 2 i64 key(s), 1M groups in the key domain","SELECT kl1, kl2, min(q) AS lo, max(q) AS hi FROM grid GROUP BY kl1, kl2",7.84,,,109.4,,30,,"yes",0.000e0,,,"LEFT AggregateExec (input rows 2000000 (exact) vs min_rows 250000; minmax_int over 2+ i64 keys (memory input): the measured table takes no group count at 2M rows (the first take is at 5M rows; results/datafusion_groupby_sweep_2026-09-29.csv)) | LEFT AggregateExec (Partial aggregate whose Final was not replaced)",,0,0.00,0.00,0.00,0.00,0.00,0,864755,2.08,3.73,100,0,,,,,,,7.89,109.6,10.52,"yes",0,0,0,0.0000,0.00,0.00,"LEFT AggregateExec (input rows 2000000 (exact) vs min_rows 250000; minmax_int over 2+ i64 keys (memory input): the measured table takes no group count at 2M rows (the first take is at 5M rows; results/datafusion_groupby_sweep_2026-09-29.csv)) | LEFT AggregateExec (Partial aggregate whose Final was not replaced)",11.41,2026-09-29 17:26:59,2026-09-29 17:27:31,2026-09-29 00:37:52,30,8.26,8.36,,,alternate,false,18.86,22.19,21.11,500,23.41,198.8,203.3,3
2000000,part1,gsweep,avg_f64_1i32_200,"avg_f64, 1 i32 key(s), 200 groups in the key domain","SELECT k, avg(x) AS m FROM grid GROUP BY k",1.10,,,9.0,,30,,"yes",2.220e-16,,,"LEFT AggregateExec (input rows 2000000 (exact) vs min_rows 250000; sum_avg_f64 over 1 i32 key (memory input): the measured table takes it at no group count and size (results/datafusion_groupby_sweep_2026-09-29.csv)) | LEFT AggregateExec (Partial aggregate whose Final was not replaced)",,0,0.00,0.00,0.00,0.00,0.00,0,200,3.29,2.68,100,0,,,,,,,1.09,9.0,1.28,"yes",0,0,0,0.0000,0.00,0.00,"LEFT AggregateExec (input rows 2000000 (exact) vs min_rows 250000; sum_avg_f64 over 1 i32 key (memory input): the measured table takes it at no group count and size (results/datafusion_groupby_sweep_2026-09-29.csv)) | LEFT AggregateExec (Partial aggregate whose Final was not replaced)",1.71,2026-09-29 17:27:53,2026-09-29 17:28:24,2026-09-29 00:37:52,30,1.16,1.15,,,alternate,false,8.44,9.86,8.39,500,8.65,24.8,22.7,3
2000000,part1,gsweep,sum_int_1i32_200,"sum_int, 1 i32 key(s), 200 groups in the key domain","SELECT k, sum(q) AS s FROM grid GROUP BY k",1.08,,,8.5,,30,,"yes",0.000e0,,,"LEFT AggregateExec (input rows 2000000 (exact) vs min_rows 250000; sum_avg_int over 1 i32 key (memory input): the measured table takes it at no group count and size (results/datafusion_groupby_sweep_2026-09-29.csv)) | LEFT AggregateExec (Partial aggregate whose Final was not replaced)",,0,0.00,0.00,0.00,0.00,0.00,0,200,3.29,2.68,100,0,,,,,,,1.09,8.4,2.28,"yes",0,0,0,0.0000,0.00,0.00,"LEFT AggregateExec (input rows 2000000 (exact) vs min_rows 250000; sum_avg_int over 1 i32 key (memory input): the measured table takes it at no group count and size (results/datafusion_groupby_sweep_2026-09-29.csv)) | LEFT AggregateExec (Partial aggregate whose Final was not replaced)",2.41,2026-09-29 17:27:53,2026-09-29 17:28:24,2026-09-29 00:37:52,30,1.12,1.12,,,alternate,false,3.18,8.66,7.17,500,8.75,17.5,23.2,3
2000000,part1,gsweep,minmax_int_1i32_200,"minmax_int, 1 i32 key(s), 200 groups in the key domain","SELECT k, min(q) AS lo, max(q) AS hi FROM grid GROUP BY k",1.18,,,9.4,,30,,"yes",0.000e0,,,"LEFT AggregateExec (input rows 2000000 (exact) vs min_rows 250000; minmax_int over 1 i32 key (memory input): the measured table takes it at no group count and size (results/datafusion_groupby_sweep_2026-09-29.csv)) | LEFT AggregateExec (Partial aggregate whose Final was not replaced)",,0,0.00,0.00,0.00,0.00,0.00,0,200,3.29,2.68,100,0,,,,,,,1.20,9.3,1.85,"yes",0,0,0,0.0000,0.00,0.00,"LEFT AggregateExec (input rows 2000000 (exact) vs min_rows 250000; minmax_int over 1 i32 key (memory input): the measured table takes it at no group count and size (results/datafusion_groupby_sweep_2026-09-29.csv)) | LEFT AggregateExec (Partial aggregate whose Final was not replaced)",1.69,2026-09-29 17:27:53,2026-09-29 17:28:24,2026-09-29 00:37:52,30,1.26,1.28,,,alternate,false,9.72,10.93,9.32,500,9.41,27.6,25.1,3
2000000,part1,gsweep,distinct_1i32_200,"distinct, 1 i32 key(s), 200 groups in the key domain","SELECT DISTINCT k FROM grid",0.94,,,7.1,,30,,"yes",0.000e0,,,"LEFT AggregateExec (input rows 2000000 (exact) vs min_rows 250000; distinct over 1 i32 key (memory input): the measured table takes no group count at 2M rows (the first take is at 50M rows; results/datafusion_groupby_sweep_2026-09-29.csv)) | LEFT AggregateExec (Partial aggregate whose Final was not replaced)",,0,0.00,0.00,0.00,0.00,0.00,0,200,3.29,2.68,100,0,,,,,,,0.92,7.2,2.55,"yes",0,0,0,0.0000,0.00,0.00,"LEFT AggregateExec (input rows 2000000 (exact) vs min_rows 250000; distinct over 1 i32 key (memory input): the measured table takes no group count at 2M rows (the first take is at 50M rows; results/datafusion_groupby_sweep_2026-09-29.csv)) | LEFT AggregateExec (Partial aggregate whose Final was not replaced)",1.84,2026-09-29 17:27:53,2026-09-29 17:28:24,2026-09-29 00:37:52,30,1.00,0.98,,,alternate,false,7.83,8.79,2.86,500,8.25,24.0,15.9,3
2000000,part1,gsweep,avg_f64_2i32_200,"avg_f64, 2 i32 key(s), 200 groups in the key domain","SELECT k1, k2, avg(x) AS m FROM grid GROUP BY k1, k2",2.06,,,19.9,,30,,"yes",2.220e-16,,,"LEFT AggregateExec (input rows 2000000 (exact) vs min_rows 250000; sum_avg_f64 over 2+ i32 keys (memory input): the measured table takes it at no group count and size (results/datafusion_groupby_sweep_2026-09-29.csv)) | LEFT AggregateExec (Partial aggregate whose Final was not replaced)",,0,0.00,0.00,0.00,0.00,0.00,0,200,3.29,2.68,100,0,,,,,,,2.04,19.8,4.17,"yes",0,0,0,0.0000,0.00,0.00,"LEFT AggregateExec (input rows 2000000 (exact) vs min_rows 250000; sum_avg_f64 over 2+ i32 keys (memory input): the measured table takes it at no group count and size (results/datafusion_groupby_sweep_2026-09-29.csv)) | LEFT AggregateExec (Partial aggregate whose Final was not replaced)",6.18,2026-09-29 17:27:53,2026-09-29 17:28:24,2026-09-29 00:37:52,30,2.33,2.40,,,alternate,false,11.28,13.90,8.76,500,14.42,45.3,45.9,3
2000000,part1,gsweep,minmax_int_2i32_200,"minmax_int, 2 i32 key(s), 200 groups in the key domain","SELECT k1, k2, min(q) AS lo, max(q) AS hi FROM grid GROUP BY k1, k2",2.11,,,20.3,,30,,"yes",0.000e0,,,"LEFT AggregateExec (input rows 2000000 (exact) vs min_rows 250000; minmax_int over 2+ i32 keys (memory input): the measured table takes it at no group count and size (results/datafusion_groupby_sweep_2026-09-29.csv)) | LEFT AggregateExec (Partial aggregate whose Final was not replaced)",,0,0.00,0.00,0.00,0.00,0.00,0,200,3.29,2.68,100,0,,,,,,,2.08,20.2,4.77,"yes",0,0,0,0.0000,0.00,0.00,"LEFT AggregateExec (input rows 2000000 (exact) vs min_rows 250000; minmax_int over 2+ i32 keys (memory input): the measured table takes it at no group count and size (results/datafusion_groupby_sweep_2026-09-29.csv)) | LEFT AggregateExec (Partial aggregate whose Final was not replaced)",5.04,2026-09-29 17:27:53,2026-09-29 17:28:24,2026-09-29 00:37:52,30,2.20,2.22,,,alternate,false,8.78,12.74,8.84,500,12.38,49.1,47.3,3
2000000,part1,gsweep,avg_f64_1i64_200,"avg_f64, 1 i64 key(s), 200 groups in the key domain","SELECT kl, avg(x) AS m FROM grid GROUP BY kl",1.12,,,9.1,,30,,"yes",2.220e-16,,,"LEFT AggregateExec (input rows 2000000 (exact) vs min_rows 250000; sum_avg_f64 over 1 i64 key (memory input): the measured table takes it at no group count and size (results/datafusion_groupby_sweep_2026-09-29.csv)) | LEFT AggregateExec (Partial aggregate whose Final was not replaced)",,0,0.00,0.00,0.00,0.00,0.00,0,200,3.29,2.68,100,0,,,,,,,1.13,9.3,2.01,"yes",0,0,0,0.0000,0.00,0.00,"LEFT AggregateExec (input rows 2000000 (exact) vs min_rows 250000; sum_avg_f64 over 1 i64 key (memory input): the measured table takes it at no group count and size (results/datafusion_groupby_sweep_2026-09-29.csv)) | LEFT AggregateExec (Partial aggregate whose Final was not replaced)",2.10,2026-09-29 17:27:53,2026-09-29 17:28:24,2026-09-29 00:37:52,30,1.16,1.17,,,alternate,false,9.43,9.75,9.09,500,9.48,23.3,25.5,3
2000000,part1,gsweep,minmax_int_1i64_200,"minmax_int, 1 i64 key(s), 200 groups in the key domain","SELECT kl, min(q) AS lo, max(q) AS hi FROM grid GROUP BY kl",1.17,,,9.3,,30,,"yes",0.000e0,,,"LEFT AggregateExec (input rows 2000000 (exact) vs min_rows 250000; minmax_int over 1 i64 key (memory input): the measured table takes it at no group count and size (results/datafusion_groupby_sweep_2026-09-29.csv)) | LEFT AggregateExec (Partial aggregate whose Final was not replaced)",,0,0.00,0.00,0.00,0.00,0.00,0,200,3.29,2.68,100,0,,,,,,,1.18,9.5,3.18,"yes",0,0,0,0.0000,0.00,0.00,"LEFT AggregateExec (input rows 2000000 (exact) vs min_rows 250000; minmax_int over 1 i64 key (memory input): the measured table takes it at no group count and size (results/datafusion_groupby_sweep_2026-09-29.csv)) | LEFT AggregateExec (Partial aggregate whose Final was not replaced)",3.01,2026-09-29 17:27:53,2026-09-29 17:28:24,2026-09-29 00:37:52,30,1.23,1.25,,,alternate,false,9.90,10.31,8.00,500,8.95,26.3,24.4,3
2000000,part1,gsweep,distinct_2i64_200,"distinct, 2 i64 key(s), 200 groups in the key domain","SELECT DISTINCT kl1, kl2 FROM grid",1.82,,,18.3,,30,,"yes",0.000e0,,,"LEFT AggregateExec (input rows 2000000 (exact) vs min_rows 250000; distinct over 2+ i64 keys (memory input): the measured table takes it at no group count and size (results/datafusion_groupby_sweep_2026-09-29.csv)) | LEFT AggregateExec (Partial aggregate whose Final was not replaced)",,0,0.00,0.00,0.00,0.00,0.00,0,200,3.29,2.68,100,0,,,,,,,1.84,18.3,4.18,"yes",0,0,0,0.0000,0.00,0.00,"LEFT AggregateExec (input rows 2000000 (exact) vs min_rows 250000; distinct over 2+ i64 keys (memory input): the measured table takes it at no group count and size (results/datafusion_groupby_sweep_2026-09-29.csv)) | LEFT AggregateExec (Partial aggregate whose Final was not replaced)",3.99,2026-09-29 17:27:53,2026-09-29 17:28:24,2026-09-29 00:37:52,30,1.89,1.94,,,alternate,false,11.88,13.05,11.28,500,12.81,45.4,44.8,3
2000000,part1,gsweep,sum_f64_1i32_10k,"sum_f64, 1 i32 key(s), 10k groups in the key domain","SELECT k, sum(x) AS s FROM grid GROUP BY k",1.53,,,14.5,,30,,"yes",5.585e-16,,,"LEFT AggregateExec (input rows 2000000 (exact) vs min_rows 250000; sum_avg_f64 over 1 i32 key (memory input): the measured table takes it at no group count and size (results/datafusion_groupby_sweep_2026-09-29.csv)) | LEFT AggregateExec (Partial aggregate whose Final was not replaced)",,0,0.00,0.00,0.00,0.00,0.00,0,10000,2.68,3.54,100,0,,,,,,,1.56,15.0,1.81,"yes",0,0,0,0.0000,0.00,0.00,"LEFT AggregateExec (input rows 2000000 (exact) vs min_rows 250000; sum_avg_f64 over 1 i32 key (memory input): the measured table takes it at no group count and size (results/datafusion_groupby_sweep_2026-09-29.csv)) | LEFT AggregateExec (Partial aggregate whose Final was not replaced)",2.40,2026-09-29 17:28:26,2026-09-29 17:28:40,2026-09-29 00:37:52,30,1.62,1.61,,,alternate,false,5.38,12.15,10.06,500,12.19,35.3,42.7,3
2000000,part1,gsweep,distinct_1i64_10k,"distinct, 1 i64 key(s), 10k groups in the key domain","SELECT DISTINCT kl FROM grid",1.30,,,12.7,,30,,"yes",0.000e0,,,"LEFT AggregateExec (input rows 2000000 (exact) vs min_rows 250000; distinct over 1 i64 key (memory input): the measured table takes it at no group count and size (results/datafusion_groupby_sweep_2026-09-29.csv)) | LEFT AggregateExec (Partial aggregate whose Final was not replaced)",,0,0.00,0.00,0.00,0.00,0.00,0,10000,2.68,3.54,100,0,,,,,,,1.35,12.6,2.12,"yes",0,0,0,0.0000,0.00,0.00,"LEFT AggregateExec (input rows 2000000 (exact) vs min_rows 250000; distinct over 1 i64 key (memory input): the measured table takes it at no group count and size (results/datafusion_groupby_sweep_2026-09-29.csv)) | LEFT AggregateExec (Partial aggregate whose Final was not replaced)",2.16,2026-09-29 17:28:26,2026-09-29 17:28:40,2026-09-29 00:37:52,30,1.37,1.39,,,alternate,false,7.41,10.81,9.66,500,10.35,35.3,34.9,3
2000000,part1,gsweep,minmax_f64_2i64_10k,"minmax_f64, 2 i64 key(s), 10k groups in the key domain","SELECT kl1, kl2, min(x) AS lo, max(x) AS hi FROM grid GROUP BY kl1, kl2",3.37,,,35.9,,30,,"yes",0.000e0,,,"LEFT AggregateExec (input rows 2000000 (exact) vs min_rows 250000; minmax_f64 over 2+ i64 keys (memory input): the measured table takes it at no group count and size (results/datafusion_groupby_sweep_2026-09-29.csv)) | LEFT AggregateExec (Partial aggregate whose Final was not replaced)",,0,0.00,0.00,0.00,0.00,0.00,0,10000,2.68,3.54,100,0,,,,,,,3.37,35.7,6.64,"yes",0,0,0,0.0000,0.00,0.00,"LEFT AggregateExec (input rows 2000000 (exact) vs min_rows 250000; minmax_f64 over 2+ i64 keys (memory input): the measured table takes it at no group count and size (results/datafusion_groupby_sweep_2026-09-29.csv)) | LEFT AggregateExec (Partial aggregate whose Final was not replaced)",6.16,2026-09-29 17:28:26,2026-09-29 17:28:40,2026-09-29 00:37:52,30,3.47,3.48,,,alternate,false,12.99,14.82,14.74,500,16.56,83.2,85.0,3
2000000,part1,gsweep,avg_int_2i64_10k,"avg_int, 2 i64 key(s), 10k groups in the key domain","SELECT kl1, kl2, avg(q) AS m FROM grid GROUP BY kl1, kl2",2.88,,,30.6,,30,,"yes",0.000e0,,,"LEFT AggregateExec (input rows 2000000 (exact) vs min_rows 250000; sum_avg_int over 2+ i64 keys (memory input): the measured table takes it at no group count and size (results/datafusion_groupby_sweep_2026-09-29.csv)) | LEFT AggregateExec (Partial aggregate whose Final was not replaced)",,0,0.00,0.00,0.00,0.00,0.00,0,10000,2.68,3.54,100,0,,,,,,,2.90,30.1,4.73,"yes",0,0,0,0.0000,0.00,0.00,"LEFT AggregateExec (input rows 2000000 (exact) vs min_rows 250000; sum_avg_int over 2+ i64 keys (memory input): the measured table takes it at no group count and size (results/datafusion_groupby_sweep_2026-09-29.csv)) | LEFT AggregateExec (Partial aggregate whose Final was not replaced)",4.63,2026-09-29 17:28:26,2026-09-29 17:28:40,2026-09-29 00:37:52,30,2.97,3.04,,,alternate,false,8.92,14.13,12.07,500,13.42,68.7,72.1,3
2000000,part1,gsweep,avg_f64_1i32_100k,"avg_f64, 1 i32 key(s), 100k groups in the key domain","SELECT k, avg(x) AS m FROM grid GROUP BY k",4.56,,,55.5,,30,,"yes",3.331e-16,,,"LEFT AggregateExec (input rows 2000000 (exact) vs min_rows 250000; sum_avg_f64 over 1 i32 key (memory input): the measured table takes it at no group count and size (results/datafusion_groupby_sweep_2026-09-29.csv)) | LEFT AggregateExec (Partial aggregate whose Final was not replaced)",,0,0.00,0.00,0.00,0.00,0.00,0,100000,3.26,3.34,100,0,,,,,,,4.66,58.3,5.17,"yes",0,0,0,0.0000,0.00,0.00,"LEFT AggregateExec (input rows 2000000 (exact) vs min_rows 250000; sum_avg_f64 over 1 i32 key (memory input): the measured table takes it at no group count and size (results/datafusion_groupby_sweep_2026-09-29.csv)) | LEFT AggregateExec (Partial aggregate whose Final was not replaced)",5.63,2026-09-29 17:29:02,2026-09-29 17:29:35,2026-09-29 00:37:52,30,5.01,5.09,,,alternate,false,16.82,18.08,16.68,500,18.79,122.9,130.1,3
2000000,part1,gsweep,sum_int_1i32_100k,"sum_int, 1 i32 key(s), 100k groups in the key domain","SELECT k, sum(q) AS s FROM grid GROUP BY k",4.34,,,56.0,,30,,"yes",0.000e0,,,"LEFT AggregateExec (input rows 2000000 (exact) vs min_rows 250000; sum_avg_int over 1 i32 key (memory input): the measured table takes it at no group count and size (results/datafusion_groupby_sweep_2026-09-29.csv)) | LEFT AggregateExec (Partial aggregate whose Final was not replaced)",,0,0.00,0.00,0.00,0.00,0.00,0,100000,3.26,3.34,100,0,,,,,,,4.51,55.9,7.40,"yes",0,0,0,0.0000,0.00,0.00,"LEFT AggregateExec (input rows 2000000 (exact) vs min_rows 250000; sum_avg_int over 1 i32 key (memory input): the measured table takes it at no group count and size (results/datafusion_groupby_sweep_2026-09-29.csv)) | LEFT AggregateExec (Partial aggregate whose Final was not replaced)",7.32,2026-09-29 17:29:02,2026-09-29 17:29:35,2026-09-29 00:37:52,30,4.77,4.72,,,alternate,false,15.39,16.74,18.45,500,19.66,116.0,102.6,3
2000000,part1,gsweep,distinct_1i32_100k,"distinct, 1 i32 key(s), 100k groups in the key domain","SELECT DISTINCT k FROM grid",3.95,,,48.7,,30,,"yes",0.000e0,,,"LEFT AggregateExec (input rows 2000000 (exact) vs min_rows 250000; distinct over 1 i32 key (memory input): the measured table takes no group count at 2M rows (the first take is at 50M rows; results/datafusion_groupby_sweep_2026-09-29.csv)) | LEFT AggregateExec (Partial aggregate whose Final was not replaced)",,0,0.00,0.00,0.00,0.00,0.00,0,100000,3.26,3.34,100,0,,,,,,,3.71,45.4,6.20,"yes",0,0,0,0.0000,0.00,0.00,"LEFT AggregateExec (input rows 2000000 (exact) vs min_rows 250000; distinct over 1 i32 key (memory input): the measured table takes no group count at 2M rows (the first take is at 50M rows; results/datafusion_groupby_sweep_2026-09-29.csv)) | LEFT AggregateExec (Partial aggregate whose Final was not replaced)",6.04,2026-09-29 17:29:02,2026-09-29 17:29:35,2026-09-29 00:37:52,30,4.30,4.28,,,alternate,false,7.14,18.53,17.13,500,17.16,84.3,106.4,3
2000000,part1,gsweep,avg_f64_2i32_100k,"avg_f64, 2 i32 key(s), 100k groups in the key domain","SELECT k1, k2, avg(x) AS m FROM grid GROUP BY k1, k2",5.21,,,70.4,,30,,"yes",3.331e-16,,,"LEFT AggregateExec (input rows 2000000 (exact) vs min_rows 250000; sum_avg_f64 over 2+ i32 keys (memory input): the measured table takes it at no group count and size (results/datafusion_groupby_sweep_2026-09-29.csv)) | LEFT AggregateExec (Partial aggregate whose Final was not replaced)",,0,0.00,0.00,0.00,0.00,0.00,0,100000,3.26,3.34,100,0,,,,,,,5.19,69.6,6.98,"yes",0,0,0,0.0000,0.00,0.00,"LEFT AggregateExec (input rows 2000000 (exact) vs min_rows 250000; sum_avg_f64 over 2+ i32 keys (memory input): the measured table takes it at no group count and size (results/datafusion_groupby_sweep_2026-09-29.csv)) | LEFT AggregateExec (Partial aggregate whose Final was not replaced)",9.80,2026-09-29 17:29:02,2026-09-29 17:29:35,2026-09-29 00:37:52,30,5.39,5.46,,,alternate,false,16.33,18.28,15.96,500,20.20,140.8,98.8,3
2000000,part1,gsweep,distinct_2i32_100k,"distinct, 2 i32 key(s), 100k groups in the key domain","SELECT DISTINCT k1, k2 FROM grid",4.63,,,57.5,,30,,"yes",0.000e0,,,"LEFT AggregateExec (input rows 2000000 (exact) vs min_rows 250000; distinct over 2+ i32 keys (memory input): the measured table takes no group count at 2M rows (the first take is at 10M rows; results/datafusion_groupby_sweep_2026-09-29.csv)) | LEFT AggregateExec (Partial aggregate whose Final was not replaced)",,0,0.00,0.00,0.00,0.00,0.00,0,100000,3.26,3.34,100,0,,,,,,,4.48,56.7,7.14,"yes",0,0,0,0.0000,0.00,0.00,"LEFT AggregateExec (input rows 2000000 (exact) vs min_rows 250000; distinct over 2+ i32 keys (memory input): the measured table takes no group count at 2M rows (the first take is at 10M rows; results/datafusion_groupby_sweep_2026-09-29.csv)) | LEFT AggregateExec (Partial aggregate whose Final was not replaced)",6.90,2026-09-29 17:29:02,2026-09-29 17:29:35,2026-09-29 00:37:52,30,5.14,5.05,,,alternate,false,16.84,18.50,15.59,500,16.79,127.3,124.7,3
2000000,part1,gsweep,sum_f64_1i64_100k,"sum_f64, 1 i64 key(s), 100k groups in the key domain","SELECT kl, sum(x) AS s FROM grid GROUP BY kl",4.04,,,52.8,,30,,"yes",7.113e-16,,,"LEFT AggregateExec (input rows 2000000 (exact) vs min_rows 250000; sum_avg_f64 over 1 i64 key (memory input): the measured table takes it at no group count and size (results/datafusion_groupby_sweep_2026-09-29.csv)) | LEFT AggregateExec (Partial aggregate whose Final was not replaced)",,0,0.00,0.00,0.00,0.00,0.00,0,100000,3.26,3.34,100,0,,,,,,,4.06,51.9,7.09,"yes",0,0,0,0.0000,0.00,0.00,"LEFT AggregateExec (input rows 2000000 (exact) vs min_rows 250000; sum_avg_f64 over 1 i64 key (memory input): the measured table takes it at no group count and size (results/datafusion_groupby_sweep_2026-09-29.csv)) | LEFT AggregateExec (Partial aggregate whose Final was not replaced)",6.37,2026-09-29 17:29:02,2026-09-29 17:29:35,2026-09-29 00:37:52,30,4.57,4.58,,,alternate,false,16.42,16.46,15.86,500,17.01,106.8,110.8,3
2000000,part1,gsweep,avg_f64_1i64_100k,"avg_f64, 1 i64 key(s), 100k groups in the key domain","SELECT kl, avg(x) AS m FROM grid GROUP BY kl",4.45,,,56.8,,30,,"yes",3.331e-16,,,"LEFT AggregateExec (input rows 2000000 (exact) vs min_rows 250000; sum_avg_f64 over 1 i64 key (memory input): the measured table takes it at no group count and size (results/datafusion_groupby_sweep_2026-09-29.csv)) | LEFT AggregateExec (Partial aggregate whose Final was not replaced)",,0,0.00,0.00,0.00,0.00,0.00,0,100000,3.26,3.34,100,0,,,,,,,4.45,57.3,7.20,"yes",0,0,0,0.0000,0.00,0.00,"LEFT AggregateExec (input rows 2000000 (exact) vs min_rows 250000; sum_avg_f64 over 1 i64 key (memory input): the measured table takes it at no group count and size (results/datafusion_groupby_sweep_2026-09-29.csv)) | LEFT AggregateExec (Partial aggregate whose Final was not replaced)",7.85,2026-09-29 17:29:02,2026-09-29 17:29:35,2026-09-29 00:37:52,30,4.62,4.71,,,alternate,false,13.50,16.59,10.15,500,17.68,116.6,116.2,3
2000000,part1,gsweep,sum_f64_2i64_100k,"sum_f64, 2 i64 key(s), 100k groups in the key domain","SELECT kl1, kl2, sum(x) AS s FROM grid GROUP BY kl1, kl2",5.05,,,68.6,,30,,"yes",5.935e-16,,,"LEFT AggregateExec (input rows 2000000 (exact) vs min_rows 250000; sum_avg_f64 over 2+ i64 keys (memory input): the measured table takes it at no group count and size (results/datafusion_groupby_sweep_2026-09-29.csv)) | LEFT AggregateExec (Partial aggregate whose Final was not replaced)",,0,0.00,0.00,0.00,0.00,0.00,0,100000,3.26,3.34,100,0,,,,,,,5.11,69.3,7.06,"yes",0,0,0,0.0000,0.00,0.00,"LEFT AggregateExec (input rows 2000000 (exact) vs min_rows 250000; sum_avg_f64 over 2+ i64 keys (memory input): the measured table takes it at no group count and size (results/datafusion_groupby_sweep_2026-09-29.csv)) | LEFT AggregateExec (Partial aggregate whose Final was not replaced)",7.66,2026-09-29 17:29:02,2026-09-29 17:29:35,2026-09-29 00:37:52,30,5.27,5.32,,,alternate,false,18.70,19.91,16.19,500,18.01,146.0,142.2,3
2000000,part1,gsweep,avg_int_2i64_100k,"avg_int, 2 i64 key(s), 100k groups in the key domain","SELECT kl1, kl2, avg(q) AS m FROM grid GROUP BY kl1, kl2",5.69,,,76.6,,30,,"yes",0.000e0,,,"LEFT AggregateExec (input rows 2000000 (exact) vs min_rows 250000; sum_avg_int over 2+ i64 keys (memory input): the measured table takes it at no group count and size (results/datafusion_groupby_sweep_2026-09-29.csv)) | LEFT AggregateExec (Partial aggregate whose Final was not replaced)",,0,0.00,0.00,0.00,0.00,0.00,0,100000,3.26,3.34,100,0,,,,,,,5.70,76.3,8.28,"yes",0,0,0,0.0000,0.00,0.00,"LEFT AggregateExec (input rows 2000000 (exact) vs min_rows 250000; sum_avg_int over 2+ i64 keys (memory input): the measured table takes it at no group count and size (results/datafusion_groupby_sweep_2026-09-29.csv)) | LEFT AggregateExec (Partial aggregate whose Final was not replaced)",8.92,2026-09-29 17:29:02,2026-09-29 17:29:35,2026-09-29 00:37:52,30,5.88,5.87,,,alternate,false,16.82,18.67,17.23,500,19.26,152.5,140.1,3
2000000,part1,gsweep,avg_f64_1i32_1M,"avg_f64, 1 i32 key(s), 1M groups in the key domain","SELECT k, avg(x) AS m FROM grid GROUP BY k",5.75,,,78.5,,30,,"yes",3.331e-16,,,"LEFT AggregateExec (input rows 2000000 (exact) vs min_rows 250000; sum_avg_f64 over 1 i32 key (memory input): the measured table takes it at no group count and size (results/datafusion_groupby_sweep_2026-09-29.csv)) | LEFT AggregateExec (Partial aggregate whose Final was not replaced)",,0,0.00,0.00,0.00,0.00,0.00,0,864909,3.34,2.58,100,0,,,,,,,5.74,78.6,6.08,"yes",0,0,0,0.0000,0.00,0.00,"LEFT AggregateExec (input rows 2000000 (exact) vs min_rows 250000; sum_avg_f64 over 1 i32 key (memory input): the measured table takes it at no group count and size (results/datafusion_groupby_sweep_2026-09-29.csv)) | LEFT AggregateExec (Partial aggregate whose Final was not replaced)",6.90,2026-09-29 17:29:37,2026-09-29 17:30:04,2026-09-29 00:37:52,30,6.18,6.26,,,alternate,false,19.18,19.46,20.12,500,20.41,164.4,159.1,3
2000000,part1,gsweep,minmax_f64_1i32_1M,"minmax_f64, 1 i32 key(s), 1M groups in the key domain","SELECT k, min(x) AS lo, max(x) AS hi FROM grid GROUP BY k",6.52,,,89.3,,30,,"yes",0.000e0,,,"LEFT AggregateExec (input rows 2000000 (exact) vs min_rows 250000; minmax_f64 over 1 i32 key (memory input): the measured table takes it at no group count and size (results/datafusion_groupby_sweep_2026-09-29.csv)) | LEFT AggregateExec (Partial aggregate whose Final was not replaced)",,0,0.00,0.00,0.00,0.00,0.00,0,864909,3.34,2.58,100,0,,,,,,,6.70,91.1,8.74,"yes",0,0,0,0.0000,0.00,0.00,"LEFT AggregateExec (input rows 2000000 (exact) vs min_rows 250000; minmax_f64 over 1 i32 key (memory input): the measured table takes it at no group count and size (results/datafusion_groupby_sweep_2026-09-29.csv)) | LEFT AggregateExec (Partial aggregate whose Final was not replaced)",9.95,2026-09-29 17:29:37,2026-09-29 17:30:04,2026-09-29 00:37:52,30,7.07,7.06,,,alternate,false,20.89,23.11,20.29,500,21.89,188.3,180.1,3
2000000,part1,gsweep,avg_int_1i32_1M,"avg_int, 1 i32 key(s), 1M groups in the key domain","SELECT k, avg(q) AS m FROM grid GROUP BY k",5.85,,,81.1,,30,,"yes",0.000e0,,,"LEFT AggregateExec (input rows 2000000 (exact) vs min_rows 250000; sum_avg_int over 1 i32 key (memory input): the measured table takes it at no group count and size (results/datafusion_groupby_sweep_2026-09-29.csv)) | LEFT AggregateExec (Partial aggregate whose Final was not replaced)",,0,0.00,0.00,0.00,0.00,0.00,0,864909,3.34,2.58,100,0,,,,,,,5.88,79.7,8.45,"yes",0,0,0,0.0000,0.00,0.00,"LEFT AggregateExec (input rows 2000000 (exact) vs min_rows 250000; sum_avg_int over 1 i32 key (memory input): the measured table takes it at no group count and size (results/datafusion_groupby_sweep_2026-09-29.csv)) | LEFT AggregateExec (Partial aggregate whose Final was not replaced)",8.79,2026-09-29 17:29:37,2026-09-29 17:30:04,2026-09-29 00:37:52,30,6.21,6.22,,,alternate,false,19.61,20.47,20.69,500,20.78,168.5,154.1,3
2000000,part1,gsweep,avg_f64_2i32_1M,"avg_f64, 2 i32 key(s), 1M groups in the key domain","SELECT k1, k2, avg(x) AS m FROM grid GROUP BY k1, k2",6.67,,,90.8,,30,,"yes",3.331e-16,,,"LEFT AggregateExec (input rows 2000000 (exact) vs min_rows 250000; sum_avg_f64 over 2+ i32 keys (memory input): the measured table takes it at no group count and size (results/datafusion_groupby_sweep_2026-09-29.csv)) | LEFT AggregateExec (Partial aggregate whose Final was not replaced)",,0,0.00,0.00,0.00,0.00,0.00,0,864755,3.34,2.58,100,0,,,,,,,6.69,91.4,9.04,"yes",0,0,0,0.0000,0.00,0.00,"LEFT AggregateExec (input rows 2000000 (exact) vs min_rows 250000; sum_avg_f64 over 2+ i32 keys (memory input): the measured table takes it at no group count and size (results/datafusion_groupby_sweep_2026-09-29.csv)) | LEFT AggregateExec (Partial aggregate whose Final was not replaced)",10.10,2026-09-29 17:29:37,2026-09-29 17:30:04,2026-09-29 00:37:52,30,7.06,7.12,,,alternate,false,21.77,24.18,16.95,500,17.98,187.1,173.0,3
2000000,part1,gsweep,avg_int_1i64_1M,"avg_int, 1 i64 key(s), 1M groups in the key domain","SELECT kl, avg(q) AS m FROM grid GROUP BY kl",5.99,,,80.1,,30,,"yes",0.000e0,,,"LEFT AggregateExec (input rows 2000000 (exact) vs min_rows 250000; sum_avg_int over 1 i64 key (memory input): the measured table takes it at no group count and size (results/datafusion_groupby_sweep_2026-09-29.csv)) | LEFT AggregateExec (Partial aggregate whose Final was not replaced)",,0,0.00,0.00,0.00,0.00,0.00,0,864909,3.34,2.58,100,0,,,,,,,5.92,80.5,8.23,"yes",0,0,0,0.0000,0.00,0.00,"LEFT AggregateExec (input rows 2000000 (exact) vs min_rows 250000; sum_avg_int over 1 i64 key (memory input): the measured table takes it at no group count and size (results/datafusion_groupby_sweep_2026-09-29.csv)) | LEFT AggregateExec (Partial aggregate whose Final was not replaced)",8.76,2026-09-29 17:29:37,2026-09-29 17:30:04,2026-09-29 00:37:52,30,6.15,6.18,,,alternate,false,21.14,22.44,18.65,500,18.76,170.4,168.6,3
2000000,part1,gsweep,minmax_f64_2i64_1M,"minmax_f64, 2 i64 key(s), 1M groups in the key domain","SELECT kl1, kl2, min(x) AS lo, max(x) AS hi FROM grid GROUP BY kl1, kl2",8.02,,,111.5,,30,,"yes",0.000e0,,,"LEFT AggregateExec (input rows 2000000 (exact) vs min_rows 250000; minmax_f64 over 2+ i64 keys (memory input): the measured table takes it at no group count and size (results/datafusion_groupby_sweep_2026-09-29.csv)) | LEFT AggregateExec (Partial aggregate whose Final was not replaced)",,0,0.00,0.00,0.00,0.00,0.00,0,864755,3.34,2.58,100,0,,,,,,,8.07,111.4,10.70,"yes",0,0,0,0.0000,0.00,0.00,"LEFT AggregateExec (input rows 2000000 (exact) vs min_rows 250000; minmax_f64 over 2+ i64 keys (memory input): the measured table takes it at no group count and size (results/datafusion_groupby_sweep_2026-09-29.csv)) | LEFT AggregateExec (Partial aggregate whose Final was not replaced)",12.08,2026-09-29 17:29:37,2026-09-29 17:30:04,2026-09-29 00:37:52,30,8.51,8.55,,,alternate,false,22.89,24.97,18.78,500,19.86,207.7,202.5,3
2000000,part1,gsweep,distinct_2i64_1M,"distinct, 2 i64 key(s), 1M groups in the key domain","SELECT DISTINCT kl1, kl2 FROM grid",5.74,,,79.3,,30,,"yes",0.000e0,,,"LEFT AggregateExec (input rows 2000000 (exact) vs min_rows 250000; distinct over 2+ i64 keys (memory input): the measured table takes it at no group count and size (results/datafusion_groupby_sweep_2026-09-29.csv)) | LEFT AggregateExec (Partial aggregate whose Final was not replaced)",,0,0.00,0.00,0.00,0.00,0.00,0,864755,3.34,2.58,100,0,,,,,,,5.81,77.9,8.06,"yes",0,0,0,0.0000,0.00,0.00,"LEFT AggregateExec (input rows 2000000 (exact) vs min_rows 250000; distinct over 2+ i64 keys (memory input): the measured table takes it at no group count and size (results/datafusion_groupby_sweep_2026-09-29.csv)) | LEFT AggregateExec (Partial aggregate whose Final was not replaced)",8.67,2026-09-29 17:29:37,2026-09-29 17:30:04,2026-09-29 00:37:52,30,6.17,6.15,,,alternate,false,20.42,21.87,19.68,500,20.20,162.7,168.3,3
5000000,b8192,gsweep,count_1i32_200,"count, 1 i32 key(s), 200 groups in the key domain","SELECT k, count(*) AS n FROM grid GROUP BY k",2.13,,,20.1,,30,,"yes",0.000e0,,,"LEFT AggregateExec (input rows 5000000 (exact) vs min_rows 250000; count over 1 i32 key (memory input): the measured table takes it at no group count and size (results/datafusion_groupby_sweep_2026-09-29.csv)) | LEFT AggregateExec (Partial aggregate whose Final was not replaced)",,0,0.00,0.00,0.00,0.00,0.00,0,200,2.58,5.48,100,0,,,,,,,2.12,20.3,2.39,"yes",0,0,0,0.0000,0.00,0.00,"LEFT AggregateExec (input rows 5000000 (exact) vs min_rows 250000; count over 1 i32 key (memory input): the measured table takes it at no group count and size (results/datafusion_groupby_sweep_2026-09-29.csv)) | LEFT AggregateExec (Partial aggregate whose Final was not replaced)",2.82,2026-09-29 17:30:06,2026-09-29 17:30:46,2026-09-29 00:37:52,30,2.32,2.25,,,alternate,false,13.03,14.41,10.77,500,12.26,49.6,48.6,3
5000000,b8192,gsweep,count_2i32_200,"count, 2 i32 key(s), 200 groups in the key domain","SELECT k1, k2, count(*) AS n FROM grid GROUP BY k1, k2",4.42,,,46.7,,30,,"yes",0.000e0,,,"LEFT AggregateExec (input rows 5000000 (exact) vs min_rows 250000; count over 2+ i32 keys (memory input): the measured table takes no group count at 5M rows (the first take is at 10M rows; results/datafusion_groupby_sweep_2026-09-29.csv)) | LEFT AggregateExec (Partial aggregate whose Final was not replaced)",,0,0.00,0.00,0.00,0.00,0.00,0,200,2.58,5.48,100,0,,,,,,,4.40,46.7,6.26,"yes",0,0,0,0.0000,0.00,0.00,"LEFT AggregateExec (input rows 5000000 (exact) vs min_rows 250000; count over 2+ i32 keys (memory input): the measured table takes no group count at 5M rows (the first take is at 10M rows; results/datafusion_groupby_sweep_2026-09-29.csv)) | LEFT AggregateExec (Partial aggregate whose Final was not replaced)",9.30,2026-09-29 17:30:06,2026-09-29 17:30:46,2026-09-29 00:37:52,30,4.71,4.71,,,alternate,false,15.96,17.94,16.71,500,17.70,100.9,101.7,3
5000000,b8192,gsweep,minmax_f64_2i32_200,"minmax_f64, 2 i32 key(s), 200 groups in the key domain","SELECT k1, k2, min(x) AS lo, max(x) AS hi FROM grid GROUP BY k1, k2",4.62,,,49.1,,30,,"yes",0.000e0,,,"LEFT AggregateExec (input rows 5000000 (exact) vs min_rows 250000; minmax_f64 over 2+ i32 keys (memory input): the measured table takes it at no group count and size (results/datafusion_groupby_sweep_2026-09-29.csv)) | LEFT AggregateExec (Partial aggregate whose Final was not replaced)",,0,0.00,0.00,0.00,0.00,0.00,0,200,2.58,5.48,100,0,,,,,,,4.65,48.9,6.60,"yes",0,0,0,0.0000,0.00,0.00,"LEFT AggregateExec (input rows 5000000 (exact) vs min_rows 250000; minmax_f64 over 2+ i32 keys (memory input): the measured table takes it at no group count and size (results/datafusion_groupby_sweep_2026-09-29.csv)) | LEFT AggregateExec (Partial aggregate whose Final was not replaced)",6.93,2026-09-29 17:30:06,2026-09-29 17:30:46,2026-09-29 00:37:52,30,4.93,4.91,,,alternate,false,9.22,18.88,10.53,500,16.93,90.2,94.6,3
5000000,b8192,gsweep,avg_int_2i32_200,"avg_int, 2 i32 key(s), 200 groups in the key domain","SELECT k1, k2, avg(q) AS m FROM grid GROUP BY k1, k2",4.78,,,50.1,,30,,"yes",0.000e0,,,"LEFT AggregateExec (input rows 5000000 (exact) vs min_rows 250000; sum_avg_int over 2+ i32 keys (memory input): the measured table takes it at no group count and size (results/datafusion_groupby_sweep_2026-09-29.csv)) | LEFT AggregateExec (Partial aggregate whose Final was not replaced)",,0,0.00,0.00,0.00,0.00,0.00,0,200,2.58,5.48,100,0,,,,,,,4.80,50.1,6.78,"yes",0,0,0,0.0000,0.00,0.00,"LEFT AggregateExec (input rows 5000000 (exact) vs min_rows 250000; sum_avg_int over 2+ i32 keys (memory input): the measured table takes it at no group count and size (results/datafusion_groupby_sweep_2026-09-29.csv)) | LEFT AggregateExec (Partial aggregate whose Final was not replaced)",7.34,2026-09-29 17:30:06,2026-09-29 17:30:46,2026-09-29 00:37:52,30,5.06,5.11,,,alternate,false,9.84,14.46,8.03,500,15.19,96.5,78.1,3
5000000,b8192,gsweep,sum_f64_1i64_200,"sum_f64, 1 i64 key(s), 200 groups in the key domain","SELECT kl, sum(x) AS s FROM grid GROUP BY kl",2.13,,,20.1,,30,,"yes",5.744e-16,,,"LEFT AggregateExec (input rows 5000000 (exact) vs min_rows 250000; sum_avg_f64 over 1 i64 key (memory input): the measured table takes it at no group count and size (results/datafusion_groupby_sweep_2026-09-29.csv)) | LEFT AggregateExec (Partial aggregate whose Final was not replaced)",,0,0.00,0.00,0.00,0.00,0.00,0,200,2.58,5.48,100,0,,,,,,,2.13,19.6,4.17,"yes",0,0,0,0.0000,0.00,0.00,"LEFT AggregateExec (input rows 5000000 (exact) vs min_rows 250000; sum_avg_f64 over 1 i64 key (memory input): the measured table takes it at no group count and size (results/datafusion_groupby_sweep_2026-09-29.csv)) | LEFT AggregateExec (Partial aggregate whose Final was not replaced)",3.97,2026-09-29 17:30:06,2026-09-29 17:30:46,2026-09-29 00:37:52,30,2.33,2.34,,,alternate,false,9.55,13.00,5.28,500,13.04,48.4,37.0,3
5000000,b8192,gsweep,avg_f64_1i64_200,"avg_f64, 1 i64 key(s), 200 groups in the key domain","SELECT kl, avg(x) AS m FROM grid GROUP BY kl",2.22,,,21.4,,30,,"yes",2.220e-16,,,"LEFT AggregateExec (input rows 5000000 (exact) vs min_rows 250000; sum_avg_f64 over 1 i64 key (memory input): the measured table takes it at no group count and size (results/datafusion_groupby_sweep_2026-09-29.csv)) | LEFT AggregateExec (Partial aggregate whose Final was not replaced)",,0,0.00,0.00,0.00,0.00,0.00,0,200,2.58,5.48,100,0,,,,,,,2.27,20.9,4.24,"yes",0,0,0,0.0000,0.00,0.00,"LEFT AggregateExec (input rows 5000000 (exact) vs min_rows 250000; sum_avg_f64 over 1 i64 key (memory input): the measured table takes it at no group count and size (results/datafusion_groupby_sweep_2026-09-29.csv)) | LEFT AggregateExec (Partial aggregate whose Final was not replaced)",4.16,2026-09-29 17:30:06,2026-09-29 17:30:46,2026-09-29 00:37:52,30,2.51,2.50,,,alternate,false,6.65,13.82,5.20,500,14.09,46.1,37.1,3
5000000,b8192,gsweep,minmax_f64_1i64_200,"minmax_f64, 1 i64 key(s), 200 groups in the key domain","SELECT kl, min(x) AS lo, max(x) AS hi FROM grid GROUP BY kl",2.37,,,22.3,,30,,"yes",0.000e0,,,"LEFT AggregateExec (input rows 5000000 (exact) vs min_rows 250000; minmax_f64 over 1 i64 key (memory input): the measured table takes it at no group count and size (results/datafusion_groupby_sweep_2026-09-29.csv)) | LEFT AggregateExec (Partial aggregate whose Final was not replaced)",,0,0.00,0.00,0.00,0.00,0.00,0,200,2.58,5.48,100,0,,,,,,,2.39,22.9,3.77,"yes",0,0,0,0.0000,0.00,0.00,"LEFT AggregateExec (input rows 5000000 (exact) vs min_rows 250000; minmax_f64 over 1 i64 key (memory input): the measured table takes it at no group count and size (results/datafusion_groupby_sweep_2026-09-29.csv)) | LEFT AggregateExec (Partial aggregate whose Final was not replaced)",3.53,2026-09-29 17:30:06,2026-09-29 17:30:46,2026-09-29 00:37:52,30,2.58,2.58,,,alternate,false,6.46,7.26,4.66,500,5.33,42.6,30.8,3
5000000,b8192,gsweep,avg_int_1i64_200,"avg_int, 1 i64 key(s), 200 groups in the key domain","SELECT kl, avg(q) AS m FROM grid GROUP BY kl",2.49,,,23.7,,30,,"yes",0.000e0,,,"LEFT AggregateExec (input rows 5000000 (exact) vs min_rows 250000; sum_avg_int over 1 i64 key (memory input): the measured table takes it at no group count and size (results/datafusion_groupby_sweep_2026-09-29.csv)) | LEFT AggregateExec (Partial aggregate whose Final was not replaced)",,0,0.00,0.00,0.00,0.00,0.00,0,200,2.58,5.48,100,0,,,,,,,2.47,24.5,3.28,"yes",0,0,0,0.0000,0.00,0.00,"LEFT AggregateExec (input rows 5000000 (exact) vs min_rows 250000; sum_avg_int over 1 i64 key (memory input): the measured table takes it at no group count and size (results/datafusion_groupby_sweep_2026-09-29.csv)) | LEFT AggregateExec (Partial aggregate whose Final was not replaced)",3.03,2026-09-29 17:30:06,2026-09-29 17:30:46,2026-09-29 00:37:52,30,2.97,3.03,,,alternate,false,4.35,4.58,6.08,500,14.51,29.5,42.5,3
5000000,b8192,gsweep,sum_f64_2i64_200,"sum_f64, 2 i64 key(s), 200 groups in the key domain","SELECT kl1, kl2, sum(x) AS s FROM grid GROUP BY kl1, kl2",4.78,,,47.8,,30,,"yes",4.391e-16,,,"LEFT AggregateExec (input rows 5000000 (exact) vs min_rows 250000; sum_avg_f64 over 2+ i64 keys (memory input): the measured table takes it at no group count and size (results/datafusion_groupby_sweep_2026-09-29.csv)) | LEFT AggregateExec (Partial aggregate whose Final was not replaced)",,0,0.00,0.00,0.00,0.00,0.00,0,200,2.58,5.48,100,0,,,,,,,5.22,46.2,7.11,"yes",0,0,0,0.0000,0.00,0.00,"LEFT AggregateExec (input rows 5000000 (exact) vs min_rows 250000; sum_avg_f64 over 2+ i64 keys (memory input): the measured table takes it at no group count and size (results/datafusion_groupby_sweep_2026-09-29.csv)) | LEFT AggregateExec (Partial aggregate whose Final was not replaced)",7.71,2026-09-29 17:30:06,2026-09-29 17:30:46,2026-09-29 00:37:52,30,5.84,5.88,,,alternate,false,22.17,23.69,12.90,500,13.32,92.3,94.3,3
5000000,b8192,gsweep,avg_int_2i64_200,"avg_int, 2 i64 key(s), 200 groups in the key domain","SELECT kl1, kl2, avg(q) AS m FROM grid GROUP BY kl1, kl2",4.90,,,51.1,,30,,"yes",0.000e0,,,"LEFT AggregateExec (input rows 5000000 (exact) vs min_rows 250000; sum_avg_int over 2+ i64 keys (memory input): the measured table takes it at no group count and size (results/datafusion_groupby_sweep_2026-09-29.csv)) | LEFT AggregateExec (Partial aggregate whose Final was not replaced)",,0,0.00,0.00,0.00,0.00,0.00,0,200,2.58,5.48,100,0,,,,,,,4.90,50.9,8.27,"yes",0,0,0,0.0000,0.00,0.00,"LEFT AggregateExec (input rows 5000000 (exact) vs min_rows 250000; sum_avg_int over 2+ i64 keys (memory input): the measured table takes it at no group count and size (results/datafusion_groupby_sweep_2026-09-29.csv)) | LEFT AggregateExec (Partial aggregate whose Final was not replaced)",8.36,2026-09-29 17:30:06,2026-09-29 17:30:46,2026-09-29 00:37:52,30,5.36,5.56,,,alternate,false,8.54,9.32,8.30,500,9.24,71.8,66.4,3
5000000,b8192,gsweep,minmax_int_2i64_200,"minmax_int, 2 i64 key(s), 200 groups in the key domain","SELECT kl1, kl2, min(q) AS lo, max(q) AS hi FROM grid GROUP BY kl1, kl2",4.62,,,49.7,,30,,"yes",0.000e0,,,"TAKEN AggregateExec (input rows 5000000 (exact) vs min_rows 250000; minmax_int over 2+ i64 keys (memory input): the measured table takes the 100k bucket(s) at 5M rows; MetalExec decides from a group-count estimate; output kept at one partition (only projections above it))",,0,0.00,0.00,0.00,0.00,0.00,0,200,2.58,5.48,100,0,,,,,,,4.78,49.5,6.44,"yes",1,1,196,0.0198,0.01,0.00,"TAKEN AggregateExec (input rows 5000000 (exact) vs min_rows 250000; minmax_int over 2+ i64 keys (memory input): the measured table takes the 100k bucket(s) at 5M rows; MetalExec decides from a group-count estimate; output kept at one partition (only projections above it)) | LEFT MetalExec Aggregate { keys (handed back to DataFusion: an estimated 196 groups (194 to 200, Chao1 over a 512-row sample) at 5000000 rows: minmax_int at the 200 bucket is not taken at any measured size (needs 1.65x at two or more sizes; 1M: 0.47x, 2M: 0.60x, 5M: 0.87x, 10M: 1.10x, 50M: 1.30x); left to DataFusion (from the first 16384 rows of each partition))",5.79,2026-09-29 17:30:06,2026-09-29 17:30:46,2026-09-29 00:37:52,30,5.15,5.25,,,alternate,false,14.99,29.31,15.36,500,21.72,82.3,98.9,3
5000000,b8192,gsweep,avg_f64_1i32_10k,"avg_f64, 1 i32 key(s), 10k groups in the key domain","SELECT k, avg(x) AS m FROM grid GROUP BY k",3.01,,,30.3,,30,,"yes",3.331e-16,,,"LEFT AggregateExec (input rows 5000000 (exact) vs min_rows 250000; sum_avg_f64 over 1 i32 key (memory input): the measured table takes it at no group count and size (results/datafusion_groupby_sweep_2026-09-29.csv)) | LEFT AggregateExec (Partial aggregate whose Final was not replaced)",,0,0.00,0.00,0.00,0.00,0.00,0,10000,3.14,3.58,100,0,,,,,,,3.03,30.9,3.36,"yes",0,0,0,0.0000,0.00,0.00,"LEFT AggregateExec (input rows 5000000 (exact) vs min_rows 250000; sum_avg_f64 over 1 i32 key (memory input): the measured table takes it at no group count and size (results/datafusion_groupby_sweep_2026-09-29.csv)) | LEFT AggregateExec (Partial aggregate whose Final was not replaced)",4.50,2026-09-29 17:37:30,2026-09-29 17:37:55,2026-09-29 00:37:52,30,3.13,3.20,,,alternate,false,10.14,13.32,13.08,500,14.94,71.6,68.6,3
5000000,b8192,gsweep,avg_f64_2i32_10k,"avg_f64, 2 i32 key(s), 10k groups in the key domain","SELECT k1, k2, avg(x) AS m FROM grid GROUP BY k1, k2",5.46,,,58.9,,30,,"yes",2.220e-16,,,"LEFT AggregateExec (input rows 5000000 (exact) vs min_rows 250000; sum_avg_f64 over 2+ i32 keys (memory input): the measured table takes it at no group count and size (results/datafusion_groupby_sweep_2026-09-29.csv)) | LEFT AggregateExec (Partial aggregate whose Final was not replaced)",,0,0.00,0.00,0.00,0.00,0.00,0,10000,3.14,3.58,100,0,,,,,,,5.37,58.5,8.12,"yes",0,0,0,0.0000,0.00,0.00,"LEFT AggregateExec (input rows 5000000 (exact) vs min_rows 250000; sum_avg_f64 over 2+ i32 keys (memory input): the measured table takes it at no group count and size (results/datafusion_groupby_sweep_2026-09-29.csv)) | LEFT AggregateExec (Partial aggregate whose Final was not replaced)",9.76,2026-09-29 17:37:30,2026-09-29 17:37:55,2026-09-29 00:37:52,30,5.75,5.77,,,alternate,false,13.11,13.91,11.97,500,17.38,113.4,108.0,3
5000000,b8192,gsweep,avg_int_2i32_10k,"avg_int, 2 i32 key(s), 10k groups in the key domain","SELECT k1, k2, avg(q) AS m FROM grid GROUP BY k1, k2",5.54,,,60.2,,30,,"yes",0.000e0,,,"LEFT AggregateExec (input rows 5000000 (exact) vs min_rows 250000; sum_avg_int over 2+ i32 keys (memory input): the measured table takes it at no group count and size (results/datafusion_groupby_sweep_2026-09-29.csv)) | LEFT AggregateExec (Partial aggregate whose Final was not replaced)",,0,0.00,0.00,0.00,0.00,0.00,0,10000,3.14,3.58,100,0,,,,,,,5.58,60.6,7.63,"yes",0,0,0,0.0000,0.00,0.00,"LEFT AggregateExec (input rows 5000000 (exact) vs min_rows 250000; sum_avg_int over 2+ i32 keys (memory input): the measured table takes it at no group count and size (results/datafusion_groupby_sweep_2026-09-29.csv)) | LEFT AggregateExec (Partial aggregate whose Final was not replaced)",8.17,2026-09-29 17:37:30,2026-09-29 17:37:55,2026-09-29 00:37:52,30,5.96,6.13,,,alternate,false,19.91,20.20,18.19,500,19.89,127.5,114.4,3
5000000,b8192,gsweep,avg_f64_2i64_10k,"avg_f64, 2 i64 key(s), 10k groups in the key domain","SELECT kl1, kl2, avg(x) AS m FROM grid GROUP BY kl1, kl2",5.62,,,59.6,,30,,"yes",3.331e-16,,,"LEFT AggregateExec (input rows 5000000 (exact) vs min_rows 250000; sum_avg_f64 over 2+ i64 keys (memory input): the measured table takes it at no group count and size (results/datafusion_groupby_sweep_2026-09-29.csv)) | LEFT AggregateExec (Partial aggregate whose Final was not replaced)",,0,0.00,0.00,0.00,0.00,0.00,0,10000,3.14,3.58,100,0,,,,,,,5.67,60.7,7.72,"yes",0,0,0,0.0000,0.00,0.00,"LEFT AggregateExec (input rows 5000000 (exact) vs min_rows 250000; sum_avg_f64 over 2+ i64 keys (memory input): the measured table takes it at no group count and size (results/datafusion_groupby_sweep_2026-09-29.csv)) | LEFT AggregateExec (Partial aggregate whose Final was not replaced)",9.83,2026-09-29 17:37:30,2026-09-29 17:37:55,2026-09-29 00:37:52,30,5.94,5.87,,,alternate,false,13.09,15.76,15.31,500,20.72,120.7,128.8,3
5000000,b8192,gsweep,sum_int_2i64_10k,"sum_int, 2 i64 key(s), 10k groups in the key domain","SELECT kl1, kl2, sum(q) AS s FROM grid GROUP BY kl1, kl2",5.16,,,55.6,,30,,"yes",0.000e0,,,"LEFT AggregateExec (input rows 5000000 (exact) vs min_rows 250000; sum_avg_int over 2+ i64 keys (memory input): the measured table takes it at no group count and size (results/datafusion_groupby_sweep_2026-09-29.csv)) | LEFT AggregateExec (Partial aggregate whose Final was not replaced)",,0,0.00,0.00,0.00,0.00,0.00,0,10000,3.14,3.58,100,0,,,,,,,5.18,55.3,7.32,"yes",0,0,0,0.0000,0.00,0.00,"LEFT AggregateExec (input rows 5000000 (exact) vs min_rows 250000; sum_avg_int over 2+ i64 keys (memory input): the measured table takes it at no group count and size (results/datafusion_groupby_sweep_2026-09-29.csv)) | LEFT AggregateExec (Partial aggregate whose Final was not replaced)",7.18,2026-09-29 17:37:30,2026-09-29 17:37:55,2026-09-29 00:37:52,30,5.46,5.49,,,alternate,false,14.67,16.43,11.18,500,12.71,107.4,111.5,3
5000000,b8192,gsweep,minmax_int_2i64_10k,"minmax_int, 2 i64 key(s), 10k groups in the key domain","SELECT kl1, kl2, min(q) AS lo, max(q) AS hi FROM grid GROUP BY kl1, kl2",6.13,,,67.3,,30,,"yes",0.000e0,,,"TAKEN AggregateExec (input rows 5000000 (exact) vs min_rows 250000; minmax_int over 2+ i64 keys (memory input): the measured table takes the 100k bucket(s) at 5M rows; MetalExec decides from a group-count estimate; output kept at one partition (only projections above it))",,0,0.00,0.00,0.00,0.00,0.00,0,10000,3.14,3.58,100,0,,,,,,,6.17,66.5,8.26,"yes",1,1,7742,0.0208,0.01,0.00,"TAKEN AggregateExec (input rows 5000000 (exact) vs min_rows 250000; minmax_int over 2+ i64 keys (memory input): the measured table takes the 100k bucket(s) at 5M rows; MetalExec decides from a group-count estimate; output kept at one partition (only projections above it)) | LEFT MetalExec Aggregate { keys (handed back to DataFusion: an estimated 7742 groups (4999 to 16477, Chao1 over a 512-row sample) at 5000000 rows: minmax_int at the 10k bucket is not taken at any measured size (needs 1.65x at two or more sizes; 1M: 0.76x, 2M: 0.89x, 5M: 1.00x, 10M: 1.10x, 50M: 1.10x); left to DataFusion (from the first 16384 rows of each partition))",8.92,2026-09-29 17:37:30,2026-09-29 17:37:55,2026-09-29 00:37:52,30,6.34,6.56,,,alternate,false,14.68,20.93,12.64,500,20.19,134.8,130.1,3
5000000,b8192,gsweep,distinct_2i64_10k,"distinct, 2 i64 key(s), 10k groups in the key domain","SELECT DISTINCT kl1, kl2 FROM grid",4.70,,,51.4,,30,,"yes",0.000e0,,,"LEFT AggregateExec (input rows 5000000 (exact) vs min_rows 250000; distinct over 2+ i64 keys (memory input): the measured table takes it at no group count and size (results/datafusion_groupby_sweep_2026-09-29.csv)) | LEFT AggregateExec (Partial aggregate whose Final was not replaced)",,0,0.00,0.00,0.00,0.00,0.00,0,10000,3.14,3.58,100,0,,,,,,,4.70,51.6,6.89,"yes",0,0,0,0.0000,0.00,0.00,"LEFT AggregateExec (input rows 5000000 (exact) vs min_rows 250000; distinct over 2+ i64 keys (memory input): the measured table takes it at no group count and size (results/datafusion_groupby_sweep_2026-09-29.csv)) | LEFT AggregateExec (Partial aggregate whose Final was not replaced)",6.63,2026-09-29 17:37:30,2026-09-29 17:37:55,2026-09-29 00:37:52,30,4.91,4.88,,,alternate,false,15.26,16.17,9.37,500,11.20,93.4,73.9,3
5000000,b8192,gsweep,minmax_int_1i64_100k,"minmax_int, 1 i64 key(s), 100k groups in the key domain","SELECT kl, min(q) AS lo, max(q) AS hi FROM grid GROUP BY kl",10.01,,,130.9,,30,,"yes",0.000e0,,,"LEFT AggregateExec (input rows 5000000 (exact) vs min_rows 250000; minmax_int over 1 i64 key (memory input): the measured table takes it at no group count and size (results/datafusion_groupby_sweep_2026-09-29.csv)) | LEFT AggregateExec (Partial aggregate whose Final was not replaced)",,0,0.00,0.00,0.00,0.00,0.00,0,100000,3.42,3.12,100,0,,,,,,,10.30,132.7,11.48,"yes",0,0,0,0.0000,0.00,0.00,"LEFT AggregateExec (input rows 5000000 (exact) vs min_rows 250000; minmax_int over 1 i64 key (memory input): the measured table takes it at no group count and size (results/datafusion_groupby_sweep_2026-09-29.csv)) | LEFT AggregateExec (Partial aggregate whose Final was not replaced)",11.50,2026-09-29 17:38:18,2026-09-29 17:38:26,2026-09-29 00:37:52,30,10.65,11.01,,,alternate,false,24.11,25.12,26.38,500,27.13,215.0,232.8,3
5000000,b8192,gsweep,minmax_int_2i64_100k,"minmax_int, 2 i64 key(s), 100k groups in the key domain","SELECT kl1, kl2, min(q) AS lo, max(q) AS hi FROM grid GROUP BY kl1, kl2",13.18,,,170.3,,15,,"yes",0.000e0,,,"TAKEN AggregateExec (input rows 5000000 (exact) vs min_rows 250000; minmax_int over 2+ i64 keys (memory input): the measured table takes the 100k bucket(s) at 5M rows; MetalExec decides from a group-count estimate; output kept at one partition (only projections above it))",,0,0.00,0.00,0.00,0.00,0.00,0,100000,3.42,3.12,100,27,,,,,,,6.46,14.8,62.16,"yes",1,0,114647,0.1481,0.14,4.47,"TAKEN AggregateExec (input rows 5000000 (exact) vs min_rows 250000; minmax_int over 2+ i64 keys (memory input): the measured table takes the 100k bucket(s) at 5M rows; MetalExec decides from a group-count estimate; output kept at one partition (only projections above it)) | TAKEN MetalExec Aggregate { keys (ran on ArrowMetal: an estimated 114647 groups (73796 to 233598, Chao1 over a 2048-row sample) at 5000000 rows: minmax_int at the 100k bucket is taken from 5M rows (from the first rows of each partition; a 2048-row sample of the whole input puts it at 90063 to 354992 groups))",16.80,2026-09-29 17:38:18,2026-09-29 17:38:26,2026-09-29 00:37:52,3,13.25,6.58,,,rounds,true,25.70,28.56,20.97,500,25.71,44.6,276.2,3
5000000,b8192,gsweep,minmax_f64_2i32_1M,"minmax_f64, 2 i32 key(s), 1M groups in the key domain","SELECT k1, k2, min(x) AS lo, max(x) AS hi FROM grid GROUP BY k1, k2",14.02,,,201.6,,30,,"yes",0.000e0,,,"LEFT AggregateExec (input rows 5000000 (exact) vs min_rows 250000; minmax_f64 over 2+ i32 keys (memory input): the measured table takes it at no group count and size (results/datafusion_groupby_sweep_2026-09-29.csv)) | LEFT AggregateExec (Partial aggregate whose Final was not replaced)",,0,0.00,0.00,0.00,0.00,0.00,0,993244,3.12,4.59,100,0,,,,,,,14.13,199.8,14.93,"yes",0,0,0,0.0000,0.00,0.00,"LEFT AggregateExec (input rows 5000000 (exact) vs min_rows 250000; minmax_f64 over 2+ i32 keys (memory input): the measured table takes it at no group count and size (results/datafusion_groupby_sweep_2026-09-29.csv)) | LEFT AggregateExec (Partial aggregate whose Final was not replaced)",14.70,2026-09-29 17:38:28,2026-09-29 17:38:58,2026-09-29 00:37:52,30,14.46,14.58,,,alternate,false,26.70,33.61,28.25,500,29.01,328.9,335.9,3
5000000,b8192,gsweep,minmax_int_2i32_1M,"minmax_int, 2 i32 key(s), 1M groups in the key domain","SELECT k1, k2, min(q) AS lo, max(q) AS hi FROM grid GROUP BY k1, k2",13.75,,,196.1,,30,,"yes",0.000e0,,,"LEFT AggregateExec (input rows 5000000 (exact) vs min_rows 250000; minmax_int over 2+ i32 keys (memory input): the measured table takes it at no group count and size (results/datafusion_groupby_sweep_2026-09-29.csv)) | LEFT AggregateExec (Partial aggregate whose Final was not replaced)",,0,0.00,0.00,0.00,0.00,0.00,0,993244,3.12,4.59,100,0,,,,,,,13.75,198.7,15.91,"yes",0,0,0,0.0000,0.00,0.00,"LEFT AggregateExec (input rows 5000000 (exact) vs min_rows 250000; minmax_int over 2+ i32 keys (memory input): the measured table takes it at no group count and size (results/datafusion_groupby_sweep_2026-09-29.csv)) | LEFT AggregateExec (Partial aggregate whose Final was not replaced)",16.70,2026-09-29 17:38:28,2026-09-29 17:38:58,2026-09-29 00:37:52,30,14.22,14.15,,,alternate,false,19.23,28.92,28.92,500,29.03,259.6,330.3,3
5000000,b8192,gsweep,distinct_2i32_1M,"distinct, 2 i32 key(s), 1M groups in the key domain","SELECT DISTINCT k1, k2 FROM grid",8.92,,,128.9,,30,,"yes",0.000e0,,,"LEFT AggregateExec (input rows 5000000 (exact) vs min_rows 250000; distinct over 2+ i32 keys (memory input): the measured table takes no group count at 5M rows (the first take is at 10M rows; results/datafusion_groupby_sweep_2026-09-29.csv)) | LEFT AggregateExec (Partial aggregate whose Final was not replaced)",,0,0.00,0.00,0.00,0.00,0.00,0,993244,3.12,4.59,100,0,,,,,,,8.87,128.0,11.06,"yes",0,0,0,0.0000,0.00,0.00,"LEFT AggregateExec (input rows 5000000 (exact) vs min_rows 250000; distinct over 2+ i32 keys (memory input): the measured table takes no group count at 5M rows (the first take is at 10M rows; results/datafusion_groupby_sweep_2026-09-29.csv)) | LEFT AggregateExec (Partial aggregate whose Final was not replaced)",11.69,2026-09-29 17:38:28,2026-09-29 17:38:58,2026-09-29 00:37:52,30,9.32,9.34,,,alternate,false,23.37,23.69,17.31,500,24.34,241.0,225.1,3
5000000,b8192,gsweep,avg_f64_1i64_1M,"avg_f64, 1 i64 key(s), 1M groups in the key domain","SELECT kl, avg(x) AS m FROM grid GROUP BY kl",10.90,,,151.8,,30,,"yes",3.331e-16,,,"LEFT AggregateExec (input rows 5000000 (exact) vs min_rows 250000; sum_avg_f64 over 1 i64 key (memory input): the measured table takes it at no group count and size (results/datafusion_groupby_sweep_2026-09-29.csv)) | LEFT AggregateExec (Partial aggregate whose Final was not replaced)",,0,0.00,0.00,0.00,0.00,0.00,0,993187,3.12,4.59,100,0,,,,,,,10.79,151.3,12.67,"yes",0,0,0,0.0000,0.00,0.00,"LEFT AggregateExec (input rows 5000000 (exact) vs min_rows 250000; sum_avg_f64 over 1 i64 key (memory input): the measured table takes it at no group count and size (results/datafusion_groupby_sweep_2026-09-29.csv)) | LEFT AggregateExec (Partial aggregate whose Final was not replaced)",14.40,2026-09-29 17:38:28,2026-09-29 17:38:58,2026-09-29 00:37:52,30,11.17,11.17,,,alternate,false,27.96,29.73,21.21,500,24.53,261.2,241.1,3
5000000,b8192,gsweep,sum_f64_2i64_1M,"sum_f64, 2 i64 key(s), 1M groups in the key domain","SELECT kl1, kl2, sum(x) AS s FROM grid GROUP BY kl1, kl2",12.28,,,171.3,,30,,"yes",6.304e-16,,,"LEFT AggregateExec (input rows 5000000 (exact) vs min_rows 250000; sum_avg_f64 over 2+ i64 keys (memory input): the measured table takes it at no group count and size (results/datafusion_groupby_sweep_2026-09-29.csv)) | LEFT AggregateExec (Partial aggregate whose Final was not replaced)",,0,0.00,0.00,0.00,0.00,0.00,0,993244,3.12,4.59,100,0,,,,,,,12.15,171.1,15.72,"yes",0,0,0,0.0000,0.00,0.00,"LEFT AggregateExec (input rows 5000000 (exact) vs min_rows 250000; sum_avg_f64 over 2+ i64 keys (memory input): the measured table takes it at no group count and size (results/datafusion_groupby_sweep_2026-09-29.csv)) | LEFT AggregateExec (Partial aggregate whose Final was not replaced)",16.52,2026-09-29 17:38:28,2026-09-29 17:38:58,2026-09-29 00:37:52,30,12.62,12.74,,,alternate,false,20.95,23.62,28.29,500,28.76,273.9,289.5,3
5000000,b8192,gsweep,sum_int_2i64_1M,"sum_int, 2 i64 key(s), 1M groups in the key domain","SELECT kl1, kl2, sum(q) AS s FROM grid GROUP BY kl1, kl2",12.07,,,168.3,,30,,"yes",0.000e0,,,"LEFT AggregateExec (input rows 5000000 (exact) vs min_rows 250000; sum_avg_int over 2+ i64 keys (memory input): the measured table takes it at no group count and size (results/datafusion_groupby_sweep_2026-09-29.csv)) | LEFT AggregateExec (Partial aggregate whose Final was not replaced)",,0,0.00,0.00,0.00,0.00,0.00,0,993244,3.12,4.59,100,0,,,,,,,12.20,169.7,14.14,"yes",0,0,0,0.0000,0.00,0.00,"LEFT AggregateExec (input rows 5000000 (exact) vs min_rows 250000; sum_avg_int over 2+ i64 keys (memory input): the measured table takes it at no group count and size (results/datafusion_groupby_sweep_2026-09-29.csv)) | LEFT AggregateExec (Partial aggregate whose Final was not replaced)",14.91,2026-09-29 17:38:28,2026-09-29 17:38:58,2026-09-29 00:37:52,30,12.55,12.59,,,alternate,false,23.44,25.64,20.65,500,23.19,290.2,270.2,3
5000000,b8192,gsweep,minmax_int_2i64_1M,"minmax_int, 2 i64 key(s), 1M groups in the key domain","SELECT kl1, kl2, min(q) AS lo, max(q) AS hi FROM grid GROUP BY kl1, kl2",15.30,,,217.8,,30,,"yes",0.000e0,,,"TAKEN AggregateExec (input rows 5000000 (exact) vs min_rows 250000; minmax_int over 2+ i64 keys (memory input): the measured table takes the 100k bucket(s) at 5M rows; MetalExec decides from a group-count estimate; output kept at one partition (only projections above it))",,0,0.00,0.00,0.00,0.00,0.00,0,993244,3.12,4.59,100,0,,,,,,,15.50,218.9,17.83,"yes",1,1,1048065,0.0765,0.01,0.00,"TAKEN AggregateExec (input rows 5000000 (exact) vs min_rows 250000; minmax_int over 2+ i64 keys (memory input): the measured table takes the 100k bucket(s) at 5M rows; MetalExec decides from a group-count estimate; output kept at one partition (only projections above it)) | LEFT MetalExec Aggregate { keys (handed back to DataFusion: an estimated 1048065 groups (350720 to 5000000, Chao1 over a 2048-row sample) at 5000000 rows: minmax_int at the 1M bucket is not taken at any measured size (needs 1.65x at two or more sizes; 5M: 1.60x, 10M: 1.80x, 50M: 1.80x); left to DataFusion (from the first 16384 rows of each partition))",19.71,2026-09-29 17:38:28,2026-09-29 17:38:58,2026-09-29 00:37:52,30,15.74,15.93,,,alternate,false,28.77,32.84,28.01,500,32.80,332.6,354.5,3
5000000,b8192,gsweep,avg_f64_1i32_R2,"avg_f64, 1 i32 key(s), R2 groups in the key domain","SELECT k, avg(x) AS m FROM grid GROUP BY k",12.73,,,181.3,,30,,"yes",3.331e-16,,,"LEFT AggregateExec (input rows 5000000 (exact) vs min_rows 250000; sum_avg_f64 over 1 i32 key (memory input): the measured table takes it at no group count and size (results/datafusion_groupby_sweep_2026-09-29.csv)) | LEFT AggregateExec (Partial aggregate whose Final was not replaced)",,0,0.00,0.00,0.00,0.00,0.00,0,2161856,3.18,3.52,100,0,,,,,,,12.82,181.9,13.25,"yes",0,0,0,0.0000,0.00,0.00,"LEFT AggregateExec (input rows 5000000 (exact) vs min_rows 250000; sum_avg_f64 over 1 i32 key (memory input): the measured table takes it at no group count and size (results/datafusion_groupby_sweep_2026-09-29.csv)) | LEFT AggregateExec (Partial aggregate whose Final was not replaced)",13.49,2026-09-29 17:40:01,2026-09-29 17:40:29,2026-09-29 00:37:52,30,13.60,13.57,,,alternate,false,18.50,20.11,29.91,500,30.58,240.2,291.0,3
5000000,b8192,gsweep,minmax_int_2i32_R2,"minmax_int, 2 i32 key(s), R2 groups in the key domain","SELECT k1, k2, min(q) AS lo, max(q) AS hi FROM grid GROUP BY k1, k2",17.20,,,240.3,,30,,"yes",0.000e0,,,"LEFT AggregateExec (input rows 5000000 (exact) vs min_rows 250000; minmax_int over 2+ i32 keys (memory input): the measured table takes it at no group count and size (results/datafusion_groupby_sweep_2026-09-29.csv)) | LEFT AggregateExec (Partial aggregate whose Final was not replaced)",,0,0.00,0.00,0.00,0.00,0.00,0,2161178,3.18,3.52,100,0,,,,,,,17.18,246.5,19.57,"yes",0,0,0,0.0000,0.00,0.00,"LEFT AggregateExec (input rows 5000000 (exact) vs min_rows 250000; minmax_int over 2+ i32 keys (memory input): the measured table takes it at no group count and size (results/datafusion_groupby_sweep_2026-09-29.csv)) | LEFT AggregateExec (Partial aggregate whose Final was not replaced)",21.53,2026-09-29 17:40:01,2026-09-29 17:40:29,2026-09-29 00:37:52,30,18.11,17.92,,,alternate,false,24.00,25.64,34.63,500,38.09,323.2,358.2,3
5000000,b8192,gsweep,distinct_1i64_R2,"distinct, 1 i64 key(s), R2 groups in the key domain","SELECT DISTINCT kl FROM grid",9.61,,,133.4,,30,,"yes",0.000e0,,,"LEFT AggregateExec (input rows 5000000 (exact) vs min_rows 250000; distinct over 1 i64 key (memory input): the measured table takes it at no group count and size (results/datafusion_groupby_sweep_2026-09-29.csv)) | LEFT AggregateExec (Partial aggregate whose Final was not replaced)",,0,0.00,0.00,0.00,0.00,0.00,0,2161856,3.18,3.52,100,0,,,,,,,9.75,135.0,10.53,"yes",0,0,0,0.0000,0.00,0.00,"LEFT AggregateExec (input rows 5000000 (exact) vs min_rows 250000; distinct over 1 i64 key (memory input): the measured table takes it at no group count and size (results/datafusion_groupby_sweep_2026-09-29.csv)) | LEFT AggregateExec (Partial aggregate whose Final was not replaced)",10.19,2026-09-29 17:40:01,2026-09-29 17:40:29,2026-09-29 00:37:52,30,10.73,10.42,,,alternate,false,26.20,26.79,18.80,500,26.16,262.9,235.6,3
5000000,b8192,gsweep,avg_f64_2i64_R2,"avg_f64, 2 i64 key(s), R2 groups in the key domain","SELECT kl1, kl2, avg(x) AS m FROM grid GROUP BY kl1, kl2",16.95,,,244.0,,30,,"yes",3.331e-16,,,"LEFT AggregateExec (input rows 5000000 (exact) vs min_rows 250000; sum_avg_f64 over 2+ i64 keys (memory input): the measured table takes it at no group count and size (results/datafusion_groupby_sweep_2026-09-29.csv)) | LEFT AggregateExec (Partial aggregate whose Final was not replaced)",,0,0.00,0.00,0.00,0.00,0.00,0,2161178,3.18,3.52,100,0,,,,,,,17.39,246.3,18.80,"yes",0,0,0,0.0000,0.00,0.00,"LEFT AggregateExec (input rows 5000000 (exact) vs min_rows 250000; sum_avg_f64 over 2+ i64 keys (memory input): the measured table takes it at no group count and size (results/datafusion_groupby_sweep_2026-09-29.csv)) | LEFT AggregateExec (Partial aggregate whose Final was not replaced)",21.13,2026-09-29 17:40:01,2026-09-29 17:40:29,2026-09-29 00:37:52,30,18.00,18.25,,,alternate,false,26.00,27.45,33.86,500,34.15,343.7,365.6,3
5000000,b8192,gsweep,minmax_int_2i64_R2,"minmax_int, 2 i64 key(s), R2 groups in the key domain","SELECT kl1, kl2, min(q) AS lo, max(q) AS hi FROM grid GROUP BY kl1, kl2",19.01,,,271.9,,30,,"yes",0.000e0,,,"TAKEN AggregateExec (input rows 5000000 (exact) vs min_rows 250000; minmax_int over 2+ i64 keys (memory input): the measured table takes the 100k bucket(s) at 5M rows; MetalExec decides from a group-count estimate; output kept at one partition (only projections above it))",,0,0.00,0.00,0.00,0.00,0.00,0,2161178,3.18,3.52,100,0,,,,,,,19.44,266.2,21.03,"yes",1,1,1048065,0.0674,0.01,0.00,"TAKEN AggregateExec (input rows 5000000 (exact) vs min_rows 250000; minmax_int over 2+ i64 keys (memory input): the measured table takes the 100k bucket(s) at 5M rows; MetalExec decides from a group-count estimate; output kept at one partition (only projections above it)) | LEFT MetalExec Aggregate { keys (handed back to DataFusion: an estimated 1048065 groups (350720 to 5000000, Chao1 over a 2048-row sample) at 5000000 rows: minmax_int at the 1M bucket is not taken at any measured size (needs 1.65x at two or more sizes; 5M: 1.60x, 10M: 1.80x, 50M: 1.80x); left to DataFusion (from the first 16384 rows of each partition))",21.92,2026-09-29 17:40:01,2026-09-29 17:40:29,2026-09-29 00:37:52,30,20.15,20.18,,,alternate,false,35.19,39.72,28.09,500,32.74,370.2,371.8,3
5000000,b8192,gsweep,distinct_2i64_R2,"distinct, 2 i64 key(s), R2 groups in the key domain","SELECT DISTINCT kl1, kl2 FROM grid",12.62,,,179.1,,30,,"yes",0.000e0,,,"LEFT AggregateExec (input rows 5000000 (exact) vs min_rows 250000; distinct over 2+ i64 keys (memory input): the measured table takes it at no group count and size (results/datafusion_groupby_sweep_2026-09-29.csv)) | LEFT AggregateExec (Partial aggregate whose Final was not replaced)",,0,0.00,0.00,0.00,0.00,0.00,0,2161178,3.18,3.52,100,0,,,,,,,12.48,177.9,14.52,"yes",0,0,0,0.0000,0.00,0.00,"LEFT AggregateExec (input rows 5000000 (exact) vs min_rows 250000; distinct over 2+ i64 keys (memory input): the measured table takes it at no group count and size (results/datafusion_groupby_sweep_2026-09-29.csv)) | LEFT AggregateExec (Partial aggregate whose Final was not replaced)",16.21,2026-09-29 17:40:01,2026-09-29 17:40:29,2026-09-29 00:37:52,30,13.08,13.23,,,alternate,false,27.16,27.46,30.02,500,30.44,305.4,312.0,3
5000000,part1,gsweep,minmax_int_1i32_200,"minmax_int, 1 i32 key(s), 200 groups in the key domain","SELECT k, min(q) AS lo, max(q) AS hi FROM grid GROUP BY k",2.18,,,21.0,,30,,"yes",0.000e0,,,"LEFT AggregateExec (input rows 5000000 (exact) vs min_rows 250000; minmax_int over 1 i32 key (memory input): the measured table takes it at no group count and size (results/datafusion_groupby_sweep_2026-09-29.csv)) | LEFT AggregateExec (Partial aggregate whose Final was not replaced)",,0,0.00,0.00,0.00,0.00,0.00,0,200,3.32,2.78,100,0,,,,,,,2.20,21.0,2.52,"yes",0,0,0,0.0000,0.00,0.00,"LEFT AggregateExec (input rows 5000000 (exact) vs min_rows 250000; minmax_int over 1 i32 key (memory input): the measured table takes it at no group count and size (results/datafusion_groupby_sweep_2026-09-29.csv)) | LEFT AggregateExec (Partial aggregate whose Final was not replaced)",2.94,2026-09-29 17:40:32,2026-09-29 17:40:53,2026-09-29 00:37:52,30,2.31,2.34,,,alternate,false,11.30,11.80,10.84,500,13.25,49.4,47.8,3
5000000,part1,gsweep,sum_int_2i32_200,"sum_int, 2 i32 key(s), 200 groups in the key domain","SELECT k1, k2, sum(q) AS s FROM grid GROUP BY k1, k2",4.33,,,46.1,,30,,"yes",0.000e0,,,"LEFT AggregateExec (input rows 5000000 (exact) vs min_rows 250000; sum_avg_int over 2+ i32 keys (memory input): the measured table takes it at no group count and size (results/datafusion_groupby_sweep_2026-09-29.csv)) | LEFT AggregateExec (Partial aggregate whose Final was not replaced)",,0,0.00,0.00,0.00,0.00,0.00,0,200,3.32,2.78,100,0,,,,,,,4.30,45.7,6.92,"yes",0,0,0,0.0000,0.00,0.00,"LEFT AggregateExec (input rows 5000000 (exact) vs min_rows 250000; sum_avg_int over 2+ i32 keys (memory input): the measured table takes it at no group count and size (results/datafusion_groupby_sweep_2026-09-29.csv)) | LEFT AggregateExec (Partial aggregate whose Final was not replaced)",7.41,2026-09-29 17:40:32,2026-09-29 17:40:53,2026-09-29 00:37:52,30,4.64,4.54,,,alternate,false,15.76,16.89,15.74,500,17.16,99.2,104.8,3
5000000,part1,gsweep,distinct_2i32_200,"distinct, 2 i32 key(s), 200 groups in the key domain","SELECT DISTINCT k1, k2 FROM grid",3.93,,,43.2,,30,,"yes",0.000e0,,,"LEFT AggregateExec (input rows 5000000 (exact) vs min_rows 250000; distinct over 2+ i32 keys (memory input): the measured table takes no group count at 5M rows (the first take is at 10M rows; results/datafusion_groupby_sweep_2026-09-29.csv)) | LEFT AggregateExec (Partial aggregate whose Final was not replaced)",,0,0.00,0.00,0.00,0.00,0.00,0,200,3.32,2.78,100,0,,,,,,,3.90,43.0,5.71,"yes",0,0,0,0.0000,0.00,0.00,"LEFT AggregateExec (input rows 5000000 (exact) vs min_rows 250000; distinct over 2+ i32 keys (memory input): the measured table takes no group count at 5M rows (the first take is at 10M rows; results/datafusion_groupby_sweep_2026-09-29.csv)) | LEFT AggregateExec (Partial aggregate whose Final was not replaced)",5.63,2026-09-29 17:40:32,2026-09-29 17:40:53,2026-09-29 00:37:52,30,4.04,4.01,,,alternate,false,7.99,15.78,15.41,500,18.36,81.9,92.0,3
5000000,part1,gsweep,sum_f64_1i64_200,"sum_f64, 1 i64 key(s), 200 groups in the key domain","SELECT kl, sum(x) AS s FROM grid GROUP BY kl",2.02,,,19.3,,30,,"yes",4.382e-16,,,"LEFT AggregateExec (input rows 5000000 (exact) vs min_rows 250000; sum_avg_f64 over 1 i64 key (memory input): the measured table takes it at no group count and size (results/datafusion_groupby_sweep_2026-09-29.csv)) | LEFT AggregateExec (Partial aggregate whose Final was not replaced)",,0,0.00,0.00,0.00,0.00,0.00,0,200,3.32,2.78,100,0,,,,,,,2.07,19.6,3.34,"yes",0,0,0,0.0000,0.00,0.00,"LEFT AggregateExec (input rows 5000000 (exact) vs min_rows 250000; sum_avg_f64 over 1 i64 key (memory input): the measured table takes it at no group count and size (results/datafusion_groupby_sweep_2026-09-29.csv)) | LEFT AggregateExec (Partial aggregate whose Final was not replaced)",4.36,2026-09-29 17:40:32,2026-09-29 17:40:53,2026-09-29 00:37:52,30,2.13,2.12,,,alternate,false,5.84,6.91,11.13,500,11.68,36.8,48.2,3
5000000,part1,gsweep,count_2i64_200,"count, 2 i64 key(s), 200 groups in the key domain","SELECT kl1, kl2, count(*) AS n FROM grid GROUP BY kl1, kl2",4.32,,,46.7,,30,,"yes",0.000e0,,,"LEFT AggregateExec (input rows 5000000 (exact) vs min_rows 250000; count over 2+ i64 keys (memory input): the measured table takes it at no group count and size (results/datafusion_groupby_sweep_2026-09-29.csv)) | LEFT AggregateExec (Partial aggregate whose Final was not replaced)",,0,0.00,0.00,0.00,0.00,0.00,0,200,3.32,2.78,100,0,,,,,,,4.41,46.9,7.30,"yes",0,0,0,0.0000,0.00,0.00,"LEFT AggregateExec (input rows 5000000 (exact) vs min_rows 250000; count over 2+ i64 keys (memory input): the measured table takes it at no group count and size (results/datafusion_groupby_sweep_2026-09-29.csv)) | LEFT AggregateExec (Partial aggregate whose Final was not replaced)",7.86,2026-09-29 17:40:32,2026-09-29 17:40:53,2026-09-29 00:37:52,30,4.58,4.56,,,alternate,false,15.54,16.73,15.14,500,15.73,97.5,95.8,3
5000000,part1,gsweep,minmax_int_2i64_200,"minmax_int, 2 i64 key(s), 200 groups in the key domain","SELECT kl1, kl2, min(q) AS lo, max(q) AS hi FROM grid GROUP BY kl1, kl2",4.48,,,48.2,,30,,"yes",0.000e0,,,"TAKEN AggregateExec (input rows 5000000 (exact) vs min_rows 250000; minmax_int over 2+ i64 keys (memory input): the measured table takes the 100k bucket(s) at 5M rows; MetalExec decides from a group-count estimate; output kept at one partition (only projections above it))",,0,0.00,0.00,0.00,0.00,0.00,0,200,3.32,2.78,100,0,,,,,,,4.55,49.0,7.18,"yes",1,1,206,0.0185,0.01,0.00,"TAKEN AggregateExec (input rows 5000000 (exact) vs min_rows 250000; minmax_int over 2+ i64 keys (memory input): the measured table takes the 100k bucket(s) at 5M rows; MetalExec decides from a group-count estimate; output kept at one partition (only projections above it)) | LEFT MetalExec Aggregate { keys (handed back to DataFusion: an estimated 206 groups (203 to 212, Chao1 over a 512-row sample) at 5000000 rows: minmax_int at the 200 bucket is not taken at any measured size (needs 1.65x at two or more sizes; 1M: 0.47x, 2M: 0.60x, 5M: 0.87x, 10M: 1.10x, 50M: 1.30x); left to DataFusion (from the first 16384 rows of each partition))",8.85,2026-09-29 17:40:32,2026-09-29 17:40:53,2026-09-29 00:37:52,30,4.68,4.76,,,alternate,false,13.46,15.56,8.88,500,15.65,103.6,65.6,3
5000000,part1,gsweep,sum_f64_2i32_10k,"sum_f64, 2 i32 key(s), 10k groups in the key domain","SELECT k1, k2, sum(x) AS s FROM grid GROUP BY k1, k2",4.97,,,53.5,,30,,"yes",4.493e-16,,,"LEFT AggregateExec (input rows 5000000 (exact) vs min_rows 250000; sum_avg_f64 over 2+ i32 keys (memory input): the measured table takes it at no group count and size (results/datafusion_groupby_sweep_2026-09-29.csv)) | LEFT AggregateExec (Partial aggregate whose Final was not replaced)",,0,0.00,0.00,0.00,0.00,0.00,0,10000,2.72,3.28,100,0,,,,,,,4.98,52.9,5.13,"yes",0,0,0,0.0000,0.00,0.00,"LEFT AggregateExec (input rows 5000000 (exact) vs min_rows 250000; sum_avg_f64 over 2+ i32 keys (memory input): the measured table takes it at no group count and size (results/datafusion_groupby_sweep_2026-09-29.csv)) | LEFT AggregateExec (Partial aggregate whose Final was not replaced)",5.73,2026-09-29 17:40:55,2026-09-29 17:41:13,2026-09-29 00:37:52,30,5.12,5.15,,,alternate,false,15.61,15.90,14.61,500,15.53,112.2,111.4,3
5000000,part1,gsweep,distinct_2i32_10k,"distinct, 2 i32 key(s), 10k groups in the key domain","SELECT DISTINCT k1, k2 FROM grid",4.46,,,49.1,,30,,"yes",0.000e0,,,"LEFT AggregateExec (input rows 5000000 (exact) vs min_rows 250000; distinct over 2+ i32 keys (memory input): the measured table takes no group count at 5M rows (the first take is at 10M rows; results/datafusion_groupby_sweep_2026-09-29.csv)) | LEFT AggregateExec (Partial aggregate whose Final was not replaced)",,0,0.00,0.00,0.00,0.00,0.00,0,10000,2.72,3.28,100,0,,,,,,,4.47,49.0,6.67,"yes",0,0,0,0.0000,0.00,0.00,"LEFT AggregateExec (input rows 5000000 (exact) vs min_rows 250000; distinct over 2+ i32 keys (memory input): the measured table takes no group count at 5M rows (the first take is at 10M rows; results/datafusion_groupby_sweep_2026-09-29.csv)) | LEFT AggregateExec (Partial aggregate whose Final was not replaced)",6.53,2026-09-29 17:40:55,2026-09-29 17:41:13,2026-09-29 00:37:52,30,4.57,4.59,,,alternate,false,11.03,13.92,9.07,500,16.86,104.2,94.2,3
5000000,part1,gsweep,count_1i64_10k,"count, 1 i64 key(s), 10k groups in the key domain","SELECT kl, count(*) AS n FROM grid GROUP BY kl",2.74,,,28.4,,30,,"yes",0.000e0,,,"LEFT AggregateExec (input rows 5000000 (exact) vs min_rows 250000; count over 1 i64 key (memory input): the measured table takes it at no group count and size (results/datafusion_groupby_sweep_2026-09-29.csv)) | LEFT AggregateExec (Partial aggregate whose Final was not replaced)",,0,0.00,0.00,0.00,0.00,0.00,0,10000,2.72,3.28,100,0,,,,,,,2.78,28.4,4.34,"yes",0,0,0,0.0000,0.00,0.00,"LEFT AggregateExec (input rows 5000000 (exact) vs min_rows 250000; count over 1 i64 key (memory input): the measured table takes it at no group count and size (results/datafusion_groupby_sweep_2026-09-29.csv)) | LEFT AggregateExec (Partial aggregate whose Final was not replaced)",4.53,2026-09-29 17:40:55,2026-09-29 17:41:13,2026-09-29 00:37:52,30,2.82,2.87,,,alternate,false,12.69,13.80,4.75,500,11.97,71.0,42.4,3
5000000,part1,gsweep,count_2i64_10k,"count, 2 i64 key(s), 10k groups in the key domain","SELECT kl1, kl2, count(*) AS n FROM grid GROUP BY kl1, kl2",5.20,,,55.7,,30,,"yes",0.000e0,,,"LEFT AggregateExec (input rows 5000000 (exact) vs min_rows 250000; count over 2+ i64 keys (memory input): the measured table takes it at no group count and size (results/datafusion_groupby_sweep_2026-09-29.csv)) | LEFT AggregateExec (Partial aggregate whose Final was not replaced)",,0,0.00,0.00,0.00,0.00,0.00,0,10000,2.72,3.28,100,0,,,,,,,5.24,55.7,8.29,"yes",0,0,0,0.0000,0.00,0.00,"LEFT AggregateExec (input rows 5000000 (exact) vs min_rows 250000; count over 2+ i64 keys (memory input): the measured table takes it at no group count and size (results/datafusion_groupby_sweep_2026-09-29.csv)) | LEFT AggregateExec (Partial aggregate whose Final was not replaced)",9.36,2026-09-29 17:40:55,2026-09-29 17:41:13,2026-09-29 00:37:52,30,5.43,5.41,,,alternate,false,15.65,18.33,12.12,500,18.10,102.6,98.8,3
5000000,part1,gsweep,minmax_int_2i64_10k,"minmax_int, 2 i64 key(s), 10k groups in the key domain","SELECT kl1, kl2, min(q) AS lo, max(q) AS hi FROM grid GROUP BY kl1, kl2",6.00,,,65.5,,30,,"yes",0.000e0,,,"TAKEN AggregateExec (input rows 5000000 (exact) vs min_rows 250000; minmax_int over 2+ i64 keys (memory input): the measured table takes the 100k bucket(s) at 5M rows; MetalExec decides from a group-count estimate; output kept at one partition (only projections above it))",,0,0.00,0.00,0.00,0.00,0.00,0,10000,2.72,3.28,100,0,,,,,,,6.12,65.7,10.04,"yes",1,1,8192,0.0216,0.01,0.00,"TAKEN AggregateExec (input rows 5000000 (exact) vs min_rows 250000; minmax_int over 2+ i64 keys (memory input): the measured table takes the 100k bucket(s) at 5M rows; MetalExec decides from a group-count estimate; output kept at one partition (only projections above it)) | LEFT MetalExec Aggregate { keys (handed back to DataFusion: an estimated 8192 groups (5211 to 18211, Chao1 over a 512-row sample) at 5000000 rows: minmax_int at the 10k bucket is not taken at any measured size (needs 1.65x at two or more sizes; 1M: 0.76x, 2M: 0.89x, 5M: 1.00x, 10M: 1.10x, 50M: 1.10x); left to DataFusion (from the first 16384 rows of each partition))",9.47,2026-09-29 17:40:55,2026-09-29 17:41:13,2026-09-29 00:37:52,30,6.38,6.28,,,alternate,false,12.86,17.39,18.69,500,19.52,122.5,128.4,3
5000000,part1,gsweep,sum_f64_1i32_100k,"sum_f64, 1 i32 key(s), 100k groups in the key domain","SELECT k, sum(x) AS s FROM grid GROUP BY k",6.10,,,77.7,,30,,"yes",6.973e-16,,,"LEFT AggregateExec (input rows 5000000 (exact) vs min_rows 250000; sum_avg_f64 over 1 i32 key (memory input): the measured table takes it at no group count and size (results/datafusion_groupby_sweep_2026-09-29.csv)) | LEFT AggregateExec (Partial aggregate whose Final was not replaced)",,0,0.00,0.00,0.00,0.00,0.00,0,100000,3.17,2.61,100,0,,,,,,,6.10,77.4,8.29,"yes",0,0,0,0.0000,0.00,0.00,"LEFT AggregateExec (input rows 5000000 (exact) vs min_rows 250000; sum_avg_f64 over 1 i32 key (memory input): the measured table takes it at no group count and size (results/datafusion_groupby_sweep_2026-09-29.csv)) | LEFT AggregateExec (Partial aggregate whose Final was not replaced)",7.67,2026-09-29 17:41:16,2026-09-29 17:41:43,2026-09-29 00:37:52,30,7.66,7.35,,,alternate,false,11.57,20.25,13.29,500,20.07,132.1,152.0,3
5000000,part1,gsweep,avg_f64_1i32_100k,"avg_f64, 1 i32 key(s), 100k groups in the key domain","SELECT k, avg(x) AS m FROM grid GROUP BY k",7.09,,,88.0,,30,,"yes",3.331e-16,,,"LEFT AggregateExec (input rows 5000000 (exact) vs min_rows 250000; sum_avg_f64 over 1 i32 key (memory input): the measured table takes it at no group count and size (results/datafusion_groupby_sweep_2026-09-29.csv)) | LEFT AggregateExec (Partial aggregate whose Final was not replaced)",,0,0.00,0.00,0.00,0.00,0.00,0,100000,3.17,2.61,100,0,,,,,,,6.94,92.2,8.18,"yes",0,0,0,0.0000,0.00,0.00,"LEFT AggregateExec (input rows 5000000 (exact) vs min_rows 250000; sum_avg_f64 over 1 i32 key (memory input): the measured table takes it at no group count and size (results/datafusion_groupby_sweep_2026-09-29.csv)) | LEFT AggregateExec (Partial aggregate whose Final was not replaced)",7.35,2026-09-29 17:41:16,2026-09-29 17:41:43,2026-09-29 00:37:52,30,8.01,7.89,,,alternate,false,11.48,12.54,13.53,500,16.69,123.3,163.3,3
5000000,part1,gsweep,distinct_1i32_100k,"distinct, 1 i32 key(s), 100k groups in the key domain","SELECT DISTINCT k FROM grid",5.33,,,64.9,,30,,"yes",0.000e0,,,"LEFT AggregateExec (input rows 5000000 (exact) vs min_rows 250000; distinct over 1 i32 key (memory input): the measured table takes no group count at 5M rows (the first take is at 50M rows; results/datafusion_groupby_sweep_2026-09-29.csv)) | LEFT AggregateExec (Partial aggregate whose Final was not replaced)",,0,0.00,0.00,0.00,0.00,0.00,0,100000,3.17,2.61,100,0,,,,,,,5.43,64.4,5.60,"yes",0,0,0,0.0000,0.00,0.00,"LEFT AggregateExec (input rows 5000000 (exact) vs min_rows 250000; distinct over 1 i32 key (memory input): the measured table takes no group count at 5M rows (the first take is at 50M rows; results/datafusion_groupby_sweep_2026-09-29.csv)) | LEFT AggregateExec (Partial aggregate whose Final was not replaced)",7.30,2026-09-29 17:41:16,2026-09-29 17:41:43,2026-09-29 00:37:52,30,5.98,6.22,,,alternate,false,10.30,11.83,12.39,500,17.98,114.8,107.0,3
5000000,part1,gsweep,minmax_f64_2i32_100k,"minmax_f64, 2 i32 key(s), 100k groups in the key domain","SELECT k1, k2, min(x) AS lo, max(x) AS hi FROM grid GROUP BY k1, k2",12.17,,,161.3,,30,,"yes",0.000e0,,,"LEFT AggregateExec (input rows 5000000 (exact) vs min_rows 250000; minmax_f64 over 2+ i32 keys (memory input): the measured table takes it at no group count and size (results/datafusion_groupby_sweep_2026-09-29.csv)) | LEFT AggregateExec (Partial aggregate whose Final was not replaced)",,0,0.00,0.00,0.00,0.00,0.00,0,100000,3.17,2.61,100,0,,,,,,,12.22,161.7,15.99,"yes",0,0,0,0.0000,0.00,0.00,"LEFT AggregateExec (input rows 5000000 (exact) vs min_rows 250000; minmax_f64 over 2+ i32 keys (memory input): the measured table takes it at no group count and size (results/datafusion_groupby_sweep_2026-09-29.csv)) | LEFT AggregateExec (Partial aggregate whose Final was not replaced)",15.71,2026-09-29 17:41:16,2026-09-29 17:41:43,2026-09-29 00:37:52,30,12.62,12.69,,,alternate,false,22.87,28.60,17.92,500,28.05,284.4,226.9,3
5000000,part1,gsweep,count_1i64_100k,"count, 1 i64 key(s), 100k groups in the key domain","SELECT kl, count(*) AS n FROM grid GROUP BY kl",6.53,,,82.9,,30,,"yes",0.000e0,,,"LEFT AggregateExec (input rows 5000000 (exact) vs min_rows 250000; count over 1 i64 key (memory input): the measured table takes it at no group count and size (results/datafusion_groupby_sweep_2026-09-29.csv)) | LEFT AggregateExec (Partial aggregate whose Final was not replaced)",,0,0.00,0.00,0.00,0.00,0.00,0,100000,3.17,2.61,100,0,,,,,,,6.41,85.8,9.04,"yes",0,0,0,0.0000,0.00,0.00,"LEFT AggregateExec (input rows 5000000 (exact) vs min_rows 250000; count over 1 i64 key (memory input): the measured table takes it at no group count and size (results/datafusion_groupby_sweep_2026-09-29.csv)) | LEFT AggregateExec (Partial aggregate whose Final was not replaced)",9.26,2026-09-29 17:41:16,2026-09-29 17:41:43,2026-09-29 00:37:52,30,7.47,7.35,,,alternate,false,19.70,21.49,12.65,500,13.41,169.8,138.6,3
5000000,part1,gsweep,distinct_1i64_100k,"distinct, 1 i64 key(s), 100k groups in the key domain","SELECT DISTINCT kl FROM grid",5.62,,,72.7,,30,,"yes",0.000e0,,,"LEFT AggregateExec (input rows 5000000 (exact) vs min_rows 250000; distinct over 1 i64 key (memory input): the measured table takes it at no group count and size (results/datafusion_groupby_sweep_2026-09-29.csv)) | LEFT AggregateExec (Partial aggregate whose Final was not replaced)",,0,0.00,0.00,0.00,0.00,0.00,0,100000,3.17,2.61,100,0,,,,,,,5.84,70.7,9.10,"yes",0,0,0,0.0000,0.00,0.00,"LEFT AggregateExec (input rows 5000000 (exact) vs min_rows 250000; distinct over 1 i64 key (memory input): the measured table takes it at no group count and size (results/datafusion_groupby_sweep_2026-09-29.csv)) | LEFT AggregateExec (Partial aggregate whose Final was not replaced)",11.03,2026-09-29 17:41:16,2026-09-29 17:41:43,2026-09-29 00:37:52,30,6.27,6.25,,,alternate,false,10.39,11.12,11.98,500,17.68,121.5,137.9,3
5000000,part1,gsweep,minmax_int_2i64_100k,"minmax_int, 2 i64 key(s), 100k groups in the key domain","SELECT kl1, kl2, min(q) AS lo, max(q) AS hi FROM grid GROUP BY kl1, kl2",12.98,,,171.3,,15,,"yes",0.000e0,,,"TAKEN AggregateExec (input rows 5000000 (exact) vs min_rows 250000; minmax_int over 2+ i64 keys (memory input): the measured table takes the 100k bucket(s) at 5M rows; MetalExec decides from a group-count estimate; output kept at one partition (only projections above it))",,0,0.00,0.00,0.00,0.00,0.00,0,100000,3.17,2.61,100,27,,,,,,,6.27,13.5,22.02,"yes",1,0,93437,0.1448,0.10,4.52,"TAKEN AggregateExec (input rows 5000000 (exact) vs min_rows 250000; minmax_int over 2+ i64 keys (memory input): the measured table takes the 100k bucket(s) at 5M rows; MetalExec decides from a group-count estimate; output kept at one partition (only projections above it)) | TAKEN MetalExec Aggregate { keys (ran on ArrowMetal: an estimated 93437 groups (62663 to 171950, Chao1 over a 2048-row sample) at 5000000 rows: minmax_int at the 100k bucket is taken from 5M rows (from the first rows of each partition; a 2048-row sample of the whole input puts it at 48291 to 110581 groups))",16.43,2026-09-29 17:41:16,2026-09-29 17:41:43,2026-09-29 00:37:52,3,13.17,7.48,,,rounds,true,28.99,33.37,28.09,500,28.48,44.6,289.2,3
5000000,part1,gsweep,sum_int_1i32_1M,"sum_int, 1 i32 key(s), 1M groups in the key domain","SELECT k, sum(q) AS s FROM grid GROUP BY k",8.90,,,125.6,,30,,"yes",0.000e0,,,"LEFT AggregateExec (input rows 5000000 (exact) vs min_rows 250000; sum_avg_int over 1 i32 key (memory input): the measured table takes it at no group count and size (results/datafusion_groupby_sweep_2026-09-29.csv)) | LEFT AggregateExec (Partial aggregate whose Final was not replaced)",,0,0.00,0.00,0.00,0.00,0.00,0,993187,2.56,3.10,100,0,,,,,,,8.79,123.1,9.71,"yes",0,0,0,0.0000,0.00,0.00,"LEFT AggregateExec (input rows 5000000 (exact) vs min_rows 250000; sum_avg_int over 1 i32 key (memory input): the measured table takes it at no group count and size (results/datafusion_groupby_sweep_2026-09-29.csv)) | LEFT AggregateExec (Partial aggregate whose Final was not replaced)",10.20,2026-09-29 17:41:45,2026-09-29 17:42:15,2026-09-29 00:37:52,30,9.28,9.31,,,alternate,false,22.30,23.10,24.87,500,26.40,224.5,234.6,3
5000000,part1,gsweep,minmax_int_1i32_1M,"minmax_int, 1 i32 key(s), 1M groups in the key domain","SELECT k, min(q) AS lo, max(q) AS hi FROM grid GROUP BY k",11.35,,,160.5,,30,,"yes",0.000e0,,,"LEFT AggregateExec (input rows 5000000 (exact) vs min_rows 250000; minmax_int over 1 i32 key (memory input): the measured table takes it at no group count and size (results/datafusion_groupby_sweep_2026-09-29.csv)) | LEFT AggregateExec (Partial aggregate whose Final was not replaced)",,0,0.00,0.00,0.00,0.00,0.00,0,993187,2.56,3.10,100,0,,,,,,,11.29,160.4,11.79,"yes",0,0,0,0.0000,0.00,0.00,"LEFT AggregateExec (input rows 5000000 (exact) vs min_rows 250000; minmax_int over 1 i32 key (memory input): the measured table takes it at no group count and size (results/datafusion_groupby_sweep_2026-09-29.csv)) | LEFT AggregateExec (Partial aggregate whose Final was not replaced)",14.16,2026-09-29 17:41:45,2026-09-29 17:42:15,2026-09-29 00:37:52,30,11.87,11.96,,,alternate,false,28.30,28.37,20.68,500,24.67,286.0,281.2,3
5000000,part1,gsweep,avg_f64_1i64_1M,"avg_f64, 1 i64 key(s), 1M groups in the key domain","SELECT kl, avg(x) AS m FROM grid GROUP BY kl",10.69,,,152.7,,30,,"yes",3.331e-16,,,"LEFT AggregateExec (input rows 5000000 (exact) vs min_rows 250000; sum_avg_f64 over 1 i64 key (memory input): the measured table takes it at no group count and size (results/datafusion_groupby_sweep_2026-09-29.csv)) | LEFT AggregateExec (Partial aggregate whose Final was not replaced)",,0,0.00,0.00,0.00,0.00,0.00,0,993187,2.56,3.10,100,0,,,,,,,10.95,154.2,12.95,"yes",0,0,0,0.0000,0.00,0.00,"LEFT AggregateExec (input rows 5000000 (exact) vs min_rows 250000; sum_avg_f64 over 1 i64 key (memory input): the measured table takes it at no group count and size (results/datafusion_groupby_sweep_2026-09-29.csv)) | LEFT AggregateExec (Partial aggregate whose Final was not replaced)",14.10,2026-09-29 17:41:45,2026-09-29 17:42:15,2026-09-29 00:37:52,30,11.12,11.22,,,alternate,false,19.73,23.91,18.04,500,26.57,254.5,239.1,3
5000000,part1,gsweep,sum_int_1i64_1M,"sum_int, 1 i64 key(s), 1M groups in the key domain","SELECT kl, sum(q) AS s FROM grid GROUP BY kl",9.33,,,130.8,,30,,"yes",0.000e0,,,"LEFT AggregateExec (input rows 5000000 (exact) vs min_rows 250000; sum_avg_int over 1 i64 key (memory input): the measured table takes it at no group count and size (results/datafusion_groupby_sweep_2026-09-29.csv)) | LEFT AggregateExec (Partial aggregate whose Final was not replaced)",,0,0.00,0.00,0.00,0.00,0.00,0,993187,2.56,3.10,100,0,,,,,,,9.16,129.4,10.51,"yes",0,0,0,0.0000,0.00,0.00,"LEFT AggregateExec (input rows 5000000 (exact) vs min_rows 250000; sum_avg_int over 1 i64 key (memory input): the measured table takes it at no group count and size (results/datafusion_groupby_sweep_2026-09-29.csv)) | LEFT AggregateExec (Partial aggregate whose Final was not replaced)",11.99,2026-09-29 17:41:45,2026-09-29 17:42:15,2026-09-29 00:37:52,30,9.75,9.81,,,alternate,false,23.14,24.99,22.98,500,26.19,244.8,243.8,3
5000000,part1,gsweep,minmax_f64_2i64_1M,"minmax_f64, 2 i64 key(s), 1M groups in the key domain","SELECT kl1, kl2, min(x) AS lo, max(x) AS hi FROM grid GROUP BY kl1, kl2",15.49,,,222.2,,30,,"yes",0.000e0,,,"LEFT AggregateExec (input rows 5000000 (exact) vs min_rows 250000; minmax_f64 over 2+ i64 keys (memory input): the measured table takes it at no group count and size (results/datafusion_groupby_sweep_2026-09-29.csv)) | LEFT AggregateExec (Partial aggregate whose Final was not replaced)",,0,0.00,0.00,0.00,0.00,0.00,0,993244,2.56,3.10,100,0,,,,,,,15.34,222.3,18.11,"yes",0,0,0,0.0000,0.00,0.00,"LEFT AggregateExec (input rows 5000000 (exact) vs min_rows 250000; minmax_f64 over 2+ i64 keys (memory input): the measured table takes it at no group count and size (results/datafusion_groupby_sweep_2026-09-29.csv)) | LEFT AggregateExec (Partial aggregate whose Final was not replaced)",20.66,2026-09-29 17:41:45,2026-09-29 17:42:15,2026-09-29 00:37:52,30,15.90,16.09,,,alternate,false,24.59,31.07,30.58,500,32.85,338.4,357.6,3
5000000,part1,gsweep,minmax_int_2i64_1M,"minmax_int, 2 i64 key(s), 1M groups in the key domain","SELECT kl1, kl2, min(q) AS lo, max(q) AS hi FROM grid GROUP BY kl1, kl2",15.19,,,216.9,,30,,"yes",0.000e0,,,"TAKEN AggregateExec (input rows 5000000 (exact) vs min_rows 250000; minmax_int over 2+ i64 keys (memory input): the measured table takes the 100k bucket(s) at 5M rows; MetalExec decides from a group-count estimate; output kept at one partition (only projections above it))",,0,0.00,0.00,0.00,0.00,0.00,0,993244,2.56,3.10,100,0,,,,,,,15.50,219.7,17.30,"yes",1,1,1048065,0.0693,0.02,0.00,"TAKEN AggregateExec (input rows 5000000 (exact) vs min_rows 250000; minmax_int over 2+ i64 keys (memory input): the measured table takes the 100k bucket(s) at 5M rows; MetalExec decides from a group-count estimate; output kept at one partition (only projections above it)) | LEFT MetalExec Aggregate { keys (handed back to DataFusion: an estimated 1048065 groups (350720 to 5000000, Chao1 over a 2048-row sample) at 5000000 rows: minmax_int at the 1M bucket is not taken at any measured size (needs 1.65x at two or more sizes; 5M: 1.60x, 10M: 1.80x, 50M: 1.80x); left to DataFusion (from the first 16384 rows of each partition))",18.45,2026-09-29 17:41:45,2026-09-29 17:42:15,2026-09-29 00:37:52,30,15.80,15.92,,,alternate,false,26.04,28.77,25.07,500,31.21,330.0,329.6,3
5000000,part1,gsweep,distinct_2i64_1M,"distinct, 2 i64 key(s), 1M groups in the key domain","SELECT DISTINCT kl1, kl2 FROM grid",9.80,,,140.8,,30,,"yes",0.000e0,,,"LEFT AggregateExec (input rows 5000000 (exact) vs min_rows 250000; distinct over 2+ i64 keys (memory input): the measured table takes it at no group count and size (results/datafusion_groupby_sweep_2026-09-29.csv)) | LEFT AggregateExec (Partial aggregate whose Final was not replaced)",,0,0.00,0.00,0.00,0.00,0.00,0,993244,2.56,3.10,100,0,,,,,,,9.85,139.2,11.83,"yes",0,0,0,0.0000,0.00,0.00,"LEFT AggregateExec (input rows 5000000 (exact) vs min_rows 250000; distinct over 2+ i64 keys (memory input): the measured table takes it at no group count and size (results/datafusion_groupby_sweep_2026-09-29.csv)) | LEFT AggregateExec (Partial aggregate whose Final was not replaced)",12.39,2026-09-29 17:41:45,2026-09-29 17:42:15,2026-09-29 00:37:52,30,10.10,10.23,,,alternate,false,23.78,24.88,17.16,500,21.70,254.7,224.3,3
5000000,part1,gsweep,sum_f64_1i32_R2,"sum_f64, 1 i32 key(s), R2 groups in the key domain","SELECT k, sum(x) AS s FROM grid GROUP BY k",11.07,,,152.9,,30,,"yes",4.439e-16,,,"LEFT AggregateExec (input rows 5000000 (exact) vs min_rows 250000; sum_avg_f64 over 1 i32 key (memory input): the measured table takes it at no group count and size (results/datafusion_groupby_sweep_2026-09-29.csv)) | LEFT AggregateExec (Partial aggregate whose Final was not replaced)",,0,0.00,0.00,0.00,0.00,0.00,0,2161856,3.10,3.00,100,0,,,,,,,11.13,156.9,11.83,"yes",0,0,0,0.0000,0.00,0.00,"LEFT AggregateExec (input rows 5000000 (exact) vs min_rows 250000; sum_avg_f64 over 1 i32 key (memory input): the measured table takes it at no group count and size (results/datafusion_groupby_sweep_2026-09-29.csv)) | LEFT AggregateExec (Partial aggregate whose Final was not replaced)",12.87,2026-09-29 17:42:17,2026-09-29 17:42:45,2026-09-29 00:37:52,30,11.70,12.16,,,alternate,false,27.66,27.90,21.33,500,26.07,256.6,256.8,3
5000000,part1,gsweep,distinct_2i32_R2,"distinct, 2 i32 key(s), R2 groups in the key domain","SELECT DISTINCT k1, k2 FROM grid",10.77,,,157.2,,30,,"yes",0.000e0,,,"LEFT AggregateExec (input rows 5000000 (exact) vs min_rows 250000; distinct over 2+ i32 keys (memory input): the measured table takes no group count at 5M rows (the first take is at 10M rows; results/datafusion_groupby_sweep_2026-09-29.csv)) | LEFT AggregateExec (Partial aggregate whose Final was not replaced)",,0,0.00,0.00,0.00,0.00,0.00,0,2161178,3.10,3.00,100,0,,,,,,,10.93,153.1,17.55,"yes",0,0,0,0.0000,0.00,0.00,"LEFT AggregateExec (input rows 5000000 (exact) vs min_rows 250000; distinct over 2+ i32 keys (memory input): the measured table takes no group count at 5M rows (the first take is at 10M rows; results/datafusion_groupby_sweep_2026-09-29.csv)) | LEFT AggregateExec (Partial aggregate whose Final was not replaced)",18.16,2026-09-29 17:42:17,2026-09-29 17:42:45,2026-09-29 00:37:52,30,11.56,11.55,,,alternate,false,22.31,25.10,21.19,500,25.60,268.5,258.6,3
5000000,part1,gsweep,count_1i64_R2,"count, 1 i64 key(s), R2 groups in the key domain","SELECT kl, count(*) AS n FROM grid GROUP BY kl",12.04,,,172.6,,30,,"yes",0.000e0,,,"LEFT AggregateExec (input rows 5000000 (exact) vs min_rows 250000; count over 1 i64 key (memory input): the measured table takes it at no group count and size (results/datafusion_groupby_sweep_2026-09-29.csv)) | LEFT AggregateExec (Partial aggregate whose Final was not replaced)",,0,0.00,0.00,0.00,0.00,0.00,0,2161856,3.10,3.00,100,0,,,,,,,11.95,171.6,13.95,"yes",0,0,0,0.0000,0.00,0.00,"LEFT AggregateExec (input rows 5000000 (exact) vs min_rows 250000; count over 1 i64 key (memory input): the measured table takes it at no group count and size (results/datafusion_groupby_sweep_2026-09-29.csv)) | LEFT AggregateExec (Partial aggregate whose Final was not replaced)",16.33,2026-09-29 17:42:17,2026-09-29 17:42:45,2026-09-29 00:37:52,30,12.66,12.62,,,alternate,false,15.63,18.68,21.96,500,23.75,204.1,284.7,3
5000000,part1,gsweep,distinct_1i64_R2,"distinct, 1 i64 key(s), R2 groups in the key domain","SELECT DISTINCT kl FROM grid",10.07,,,139.7,,30,,"yes",0.000e0,,,"LEFT AggregateExec (input rows 5000000 (exact) vs min_rows 250000; distinct over 1 i64 key (memory input): the measured table takes it at no group count and size (results/datafusion_groupby_sweep_2026-09-29.csv)) | LEFT AggregateExec (Partial aggregate whose Final was not replaced)",,0,0.00,0.00,0.00,0.00,0.00,0,2161856,3.10,3.00,100,0,,,,,,,9.90,139.6,10.72,"yes",0,0,0,0.0000,0.00,0.00,"LEFT AggregateExec (input rows 5000000 (exact) vs min_rows 250000; distinct over 1 i64 key (memory input): the measured table takes it at no group count and size (results/datafusion_groupby_sweep_2026-09-29.csv)) | LEFT AggregateExec (Partial aggregate whose Final was not replaced)",12.06,2026-09-29 17:42:17,2026-09-29 17:42:45,2026-09-29 00:37:52,30,10.59,10.64,,,alternate,false,24.88,27.10,25.34,500,26.19,268.5,265.5,3
5000000,part1,gsweep,sum_int_2i64_R2,"sum_int, 2 i64 key(s), R2 groups in the key domain","SELECT kl1, kl2, sum(q) AS s FROM grid GROUP BY kl1, kl2",15.07,,,215.0,,30,,"yes",0.000e0,,,"LEFT AggregateExec (input rows 5000000 (exact) vs min_rows 250000; sum_avg_int over 2+ i64 keys (memory input): the measured table takes it at no group count and size (results/datafusion_groupby_sweep_2026-09-29.csv)) | LEFT AggregateExec (Partial aggregate whose Final was not replaced)",,0,0.00,0.00,0.00,0.00,0.00,0,2161178,3.10,3.00,100,0,,,,,,,14.82,214.0,16.55,"yes",0,0,0,0.0000,0.00,0.00,"LEFT AggregateExec (input rows 5000000 (exact) vs min_rows 250000; sum_avg_int over 2+ i64 keys (memory input): the measured table takes it at no group count and size (results/datafusion_groupby_sweep_2026-09-29.csv)) | LEFT AggregateExec (Partial aggregate whose Final was not replaced)",18.84,2026-09-29 17:42:17,2026-09-29 17:42:45,2026-09-29 00:37:52,30,16.70,16.33,,,alternate,false,22.74,24.09,32.55,500,32.68,296.5,344.2,3
5000000,part1,gsweep,minmax_int_2i64_R2,"minmax_int, 2 i64 key(s), R2 groups in the key domain","SELECT kl1, kl2, min(q) AS lo, max(q) AS hi FROM grid GROUP BY kl1, kl2",18.81,,,273.5,,30,,"yes",0.000e0,,,"TAKEN AggregateExec (input rows 5000000 (exact) vs min_rows 250000; minmax_int over 2+ i64 keys (memory input): the measured table takes the 100k bucket(s) at 5M rows; MetalExec decides from a group-count estimate; output kept at one partition (only projections above it))",,0,0.00,0.00,0.00,0.00,0.00,0,2161178,3.10,3.00,100,0,,,,,,,19.18,271.5,21.64,"yes",1,1,2098176,0.0700,0.02,0.00,"TAKEN AggregateExec (input rows 5000000 (exact) vs min_rows 250000; minmax_int over 2+ i64 keys (memory input): the measured table takes the 100k bucket(s) at 5M rows; MetalExec decides from a group-count estimate; output kept at one partition (only projections above it)) | LEFT MetalExec Aggregate { keys (handed back to DataFusion: an estimated 2098176 groups (700757 to 5000000, Chao1 over a 2048-row sample) at 5000000 rows: minmax_int at the rows/2 bucket is not taken at any measured size (needs 1.65x at two or more sizes; 1M: 1.40x, 2M: 1.60x, 5M: 1.40x, 10M: 1.20x, 50M: 0.58x); left to DataFusion (from the first 16384 rows of each partition))",25.52,2026-09-29 17:42:17,2026-09-29 17:42:45,2026-09-29 00:37:52,30,19.90,19.96,,,alternate,false,36.64,36.89,33.54,500,37.66,418.0,396.5,3
10000000,b8192,gsweep,sum_int_1i32_200,"sum_int, 1 i32 key(s), 200 groups in the key domain","SELECT k, sum(q) AS s FROM grid GROUP BY k",3.82,,,38.1,,30,,"yes",0.000e0,,,"LEFT AggregateExec (input rows 10000000 (exact) vs min_rows 250000; sum_avg_int over 1 i32 key (memory input): the measured table takes it at no group count and size (results/datafusion_groupby_sweep_2026-09-29.csv)) | LEFT AggregateExec (Partial aggregate whose Final was not replaced)",,0,0.00,0.00,0.00,0.00,0.00,0,200,3.00,3.61,100,0,,,,,,,3.85,38.1,4.48,"yes",0,0,0,0.0000,0.00,0.00,"LEFT AggregateExec (input rows 10000000 (exact) vs min_rows 250000; sum_avg_int over 1 i32 key (memory input): the measured table takes it at no group count and size (results/datafusion_groupby_sweep_2026-09-29.csv)) | LEFT AggregateExec (Partial aggregate whose Final was not replaced)",4.65,2026-09-29 17:42:47,2026-09-29 17:43:22,2026-09-29 00:37:52,30,4.21,4.23,,,alternate,false,4.99,12.22,12.88,500,15.29,42.4,81.7,3
10000000,b8192,gsweep,avg_int_1i32_200,"avg_int, 1 i32 key(s), 200 groups in the key domain","SELECT k, avg(q) AS m FROM grid GROUP BY k",4.46,,,45.4,,30,,"yes",0.000e0,,,"LEFT AggregateExec (input rows 10000000 (exact) vs min_rows 250000; sum_avg_int over 1 i32 key (memory input): the measured table takes it at no group count and size (results/datafusion_groupby_sweep_2026-09-29.csv)) | LEFT AggregateExec (Partial aggregate whose Final was not replaced)",,0,0.00,0.00,0.00,0.00,0.00,0,200,3.00,3.61,100,0,,,,,,,4.50,44.9,7.26,"yes",0,0,0,0.0000,0.00,0.00,"LEFT AggregateExec (input rows 10000000 (exact) vs min_rows 250000; sum_avg_int over 1 i32 key (memory input): the measured table takes it at no group count and size (results/datafusion_groupby_sweep_2026-09-29.csv)) | LEFT AggregateExec (Partial aggregate whose Final was not replaced)",6.57,2026-09-29 17:42:47,2026-09-29 17:43:22,2026-09-29 00:37:52,30,4.77,4.90,,,alternate,false,11.73,13.08,13.29,500,13.56,92.7,90.2,3
10000000,b8192,gsweep,count_2i32_200,"count, 2 i32 key(s), 200 groups in the key domain","SELECT k1, k2, count(*) AS n FROM grid GROUP BY k1, k2",8.32,,,92.0,,30,,"yes",0.000e0,,,"TAKEN AggregateExec (input rows 10000000 (exact) vs min_rows 250000; count over 2+ i32 keys (memory input): the measured table takes the 100k, 1M bucket(s) at 10M rows; MetalExec decides from a group-count estimate; output kept at one partition (only projections above it))",,0,0.00,0.00,0.00,0.00,0.00,0,200,3.00,3.61,100,0,,,,,,,8.35,92.3,10.33,"yes",1,1,214,0.0174,0.01,0.00,"TAKEN AggregateExec (input rows 10000000 (exact) vs min_rows 250000; count over 2+ i32 keys (memory input): the measured table takes the 100k, 1M bucket(s) at 10M rows; MetalExec decides from a group-count estimate; output kept at one partition (only projections above it)) | LEFT MetalExec Aggregate { keys (handed back to DataFusion: an estimated 214 groups (208 to 223, Chao1 over a 512-row sample) at 10000000 rows: count at the 200 bucket is not taken at any measured size (needs 1.65x at two or more sizes; 1M: 0.56x, 2M: 0.88x, 5M: 1.20x, 10M: 1.60x, 50M: 2.10x); left to DataFusion (from the first 16384 rows of each partition))",11.71,2026-09-29 17:42:47,2026-09-29 17:43:22,2026-09-29 00:37:52,30,8.83,8.58,,,alternate,false,19.92,22.55,12.13,500,21.14,170.3,140.8,3
10000000,b8192,gsweep,avg_int_2i32_200,"avg_int, 2 i32 key(s), 200 groups in the key domain","SELECT k1, k2, avg(q) AS m FROM grid GROUP BY k1, k2",8.97,,,98.4,,30,,"yes",0.000e0,,,"LEFT AggregateExec (input rows 10000000 (exact) vs min_rows 250000; sum_avg_int over 2+ i32 keys (memory input): the measured table takes it at no group count and size (results/datafusion_groupby_sweep_2026-09-29.csv)) | LEFT AggregateExec (Partial aggregate whose Final was not replaced)",,0,0.00,0.00,0.00,0.00,0.00,0,200,3.00,3.61,100,0,,,,,,,8.85,97.8,10.58,"yes",0,0,0,0.0000,0.00,0.00,"LEFT AggregateExec (input rows 10000000 (exact) vs min_rows 250000; sum_avg_int over 2+ i32 keys (memory input): the measured table takes it at no group count and size (results/datafusion_groupby_sweep_2026-09-29.csv)) | LEFT AggregateExec (Partial aggregate whose Final was not replaced)",12.90,2026-09-29 17:42:47,2026-09-29 17:43:22,2026-09-29 00:37:52,30,9.50,9.49,,,alternate,false,21.55,22.97,22.64,500,23.35,196.3,193.3,3
10000000,b8192,gsweep,distinct_2i32_200,"distinct, 2 i32 key(s), 200 groups in the key domain","SELECT DISTINCT k1, k2 FROM grid",7.64,,,85.6,,15,,"yes",0.000e0,,,"TAKEN AggregateExec (input rows 10000000 (exact) vs min_rows 250000; distinct over 2+ i32 keys (memory input): the measured table takes the 200, 1M bucket(s) at 10M rows; MetalExec decides from a group-count estimate; output kept at one partition (only projections above it))",,0,0.00,0.00,0.00,0.00,0.00,0,200,3.00,3.61,100,41,,,,,,,4.40,9.3,18.50,"yes",1,0,214,0.0561,0.16,2.50,"TAKEN AggregateExec (input rows 10000000 (exact) vs min_rows 250000; distinct over 2+ i32 keys (memory input): the measured table takes the 200, 1M bucket(s) at 10M rows; MetalExec decides from a group-count estimate; output kept at one partition (only projections above it)) | TAKEN MetalExec Aggregate { keys (ran on ArrowMetal: an estimated 214 groups (208 to 223, Chao1 over a 512-row sample) at 10000000 rows: distinct at the 200 bucket is taken from 10M rows (from the first rows of each partition; a 512-row sample of the whole input puts it at 199 to 210 groups))",10.91,2026-09-29 17:42:47,2026-09-29 17:43:22,2026-09-29 00:37:52,3,7.82,4.90,,,rounds,true,22.01,27.47,23.11,500,24.25,37.5,165.2,3
10000000,b8192,gsweep,sum_f64_1i64_200,"sum_f64, 1 i64 key(s), 200 groups in the key domain","SELECT kl, sum(x) AS s FROM grid GROUP BY kl",3.94,,,38.2,,30,,"yes",4.394e-16,,,"LEFT AggregateExec (input rows 10000000 (exact) vs min_rows 250000; sum_avg_f64 over 1 i64 key (memory input): the measured table takes it at no group count and size (results/datafusion_groupby_sweep_2026-09-29.csv)) | LEFT AggregateExec (Partial aggregate whose Final was not replaced)",,0,0.00,0.00,0.00,0.00,0.00,0,200,3.00,3.61,100,0,,,,,,,3.91,38.6,6.25,"yes",0,0,0,0.0000,0.00,0.00,"LEFT AggregateExec (input rows 10000000 (exact) vs min_rows 250000; sum_avg_f64 over 1 i64 key (memory input): the measured table takes it at no group count and size (results/datafusion_groupby_sweep_2026-09-29.csv)) | LEFT AggregateExec (Partial aggregate whose Final was not replaced)",8.71,2026-09-29 17:42:47,2026-09-29 17:43:22,2026-09-29 00:37:52,30,4.20,4.13,,,alternate,false,10.53,13.44,9.48,500,9.79,76.8,65.6,3
10000000,b8192,gsweep,avg_f64_1i64_200,"avg_f64, 1 i64 key(s), 200 groups in the key domain","SELECT kl, avg(x) AS m FROM grid GROUP BY kl",4.19,,,40.7,,30,,"yes",2.220e-16,,,"LEFT AggregateExec (input rows 10000000 (exact) vs min_rows 250000; sum_avg_f64 over 1 i64 key (memory input): the measured table takes it at no group count and size (results/datafusion_groupby_sweep_2026-09-29.csv)) | LEFT AggregateExec (Partial aggregate whose Final was not replaced)",,0,0.00,0.00,0.00,0.00,0.00,0,200,3.00,3.61,100,0,,,,,,,4.13,40.6,6.60,"yes",0,0,0,0.0000,0.00,0.00,"LEFT AggregateExec (input rows 10000000 (exact) vs min_rows 250000; sum_avg_f64 over 1 i64 key (memory input): the measured table takes it at no group count and size (results/datafusion_groupby_sweep_2026-09-29.csv)) | LEFT AggregateExec (Partial aggregate whose Final was not replaced)",6.90,2026-09-29 17:42:47,2026-09-29 17:43:22,2026-09-29 00:37:52,30,4.62,4.51,,,alternate,false,13.63,17.32,12.79,500,15.53,90.1,89.0,3
10000000,b8192,gsweep,sum_f64_2i64_200,"sum_f64, 2 i64 key(s), 200 groups in the key domain","SELECT kl1, kl2, sum(x) AS s FROM grid GROUP BY kl1, kl2",8.38,,,91.2,,30,,"yes",4.349e-16,,,"LEFT AggregateExec (input rows 10000000 (exact) vs min_rows 250000; sum_avg_f64 over 2+ i64 keys (memory input): the measured table takes it at no group count and size (results/datafusion_groupby_sweep_2026-09-29.csv)) | LEFT AggregateExec (Partial aggregate whose Final was not replaced)",,0,0.00,0.00,0.00,0.00,0.00,0,200,3.00,3.61,100,0,,,,,,,8.36,91.5,11.73,"yes",0,0,0,0.0000,0.00,0.00,"LEFT AggregateExec (input rows 10000000 (exact) vs min_rows 250000; sum_avg_f64 over 2+ i64 keys (memory input): the measured table takes it at no group count and size (results/datafusion_groupby_sweep_2026-09-29.csv)) | LEFT AggregateExec (Partial aggregate whose Final was not replaced)",13.65,2026-09-29 17:42:47,2026-09-29 17:43:22,2026-09-29 00:37:52,30,9.04,9.10,,,alternate,false,20.87,21.70,25.79,500,29.21,185.3,185.9,3
10000000,b8192,gsweep,minmax_int_2i64_200,"minmax_int, 2 i64 key(s), 200 groups in the key domain","SELECT kl1, kl2, min(q) AS lo, max(q) AS hi FROM grid GROUP BY kl1, kl2",8.69,,,95.9,,30,,"yes",0.000e0,,,"TAKEN AggregateExec (input rows 10000000 (exact) vs min_rows 250000; minmax_int over 2+ i64 keys (memory input): the measured table takes the 100k bucket(s) at 10M rows; MetalExec decides from a group-count estimate; output kept at one partition (only projections above it))",,0,0.00,0.00,0.00,0.00,0.00,0,200,3.00,3.61,100,0,,,,,,,8.79,95.6,10.80,"yes",1,1,214,0.0214,0.01,0.00,"TAKEN AggregateExec (input rows 10000000 (exact) vs min_rows 250000; minmax_int over 2+ i64 keys (memory input): the measured table takes the 100k bucket(s) at 10M rows; MetalExec decides from a group-count estimate; output kept at one partition (only projections above it)) | LEFT MetalExec Aggregate { keys (handed back to DataFusion: an estimated 214 groups (208 to 223, Chao1 over a 512-row sample) at 10000000 rows: minmax_int at the 200 bucket is not taken at any measured size (needs 1.65x at two or more sizes; 1M: 0.47x, 2M: 0.60x, 5M: 0.87x, 10M: 1.10x, 50M: 1.30x); left to DataFusion (from the first 16384 rows of each partition))",12.45,2026-09-29 17:42:47,2026-09-29 17:43:22,2026-09-29 00:37:52,30,9.21,9.36,,,alternate,false,24.55,26.65,23.59,500,25.50,190.7,186.9,3
10000000,b8192,gsweep,avg_int_1i32_10k,"avg_int, 1 i32 key(s), 10k groups in the key domain","SELECT k, avg(q) AS m FROM grid GROUP BY k",5.26,,,58.7,,30,,"yes",0.000e0,,,"LEFT AggregateExec (input rows 10000000 (exact) vs min_rows 250000; sum_avg_int over 1 i32 key (memory input): the measured table takes it at no group count and size (results/datafusion_groupby_sweep_2026-09-29.csv)) | LEFT AggregateExec (Partial aggregate whose Final was not replaced)",,0,0.00,0.00,0.00,0.00,0.00,0,10000,3.47,3.49,100,0,,,,,,,5.60,56.5,5.75,"yes",0,0,0,0.0000,0.00,0.00,"LEFT AggregateExec (input rows 10000000 (exact) vs min_rows 250000; sum_avg_int over 1 i32 key (memory input): the measured table takes it at no group count and size (results/datafusion_groupby_sweep_2026-09-29.csv)) | LEFT AggregateExec (Partial aggregate whose Final was not replaced)",6.43,2026-09-29 17:43:44,2026-09-29 17:44:16,2026-09-29 00:37:52,30,5.73,5.90,,,alternate,false,11.88,14.77,6.76,500,9.56,94.1,58.4,3
10000000,b8192,gsweep,distinct_1i32_10k,"distinct, 1 i32 key(s), 10k groups in the key domain","SELECT DISTINCT k FROM grid",3.72,,,37.4,,30,,"yes",0.000e0,,,"LEFT AggregateExec (input rows 10000000 (exact) vs min_rows 250000; distinct over 1 i32 key (memory input): the measured table takes no group count at 10M rows (the first take is at 50M rows; results/datafusion_groupby_sweep_2026-09-29.csv)) | LEFT AggregateExec (Partial aggregate whose Final was not replaced)",,0,0.00,0.00,0.00,0.00,0.00,0,10000,3.47,3.49,100,0,,,,,,,3.76,39.7,5.60,"yes",0,0,0,0.0000,0.00,0.00,"LEFT AggregateExec (input rows 10000000 (exact) vs min_rows 250000; distinct over 1 i32 key (memory input): the measured table takes no group count at 10M rows (the first take is at 50M rows; results/datafusion_groupby_sweep_2026-09-29.csv)) | LEFT AggregateExec (Partial aggregate whose Final was not replaced)",6.49,2026-09-29 17:43:44,2026-09-29 17:44:16,2026-09-29 00:37:52,30,3.92,3.88,,,alternate,false,7.96,13.75,6.11,500,8.04,73.2,53.0,3
10000000,b8192,gsweep,count_2i32_10k,"count, 2 i32 key(s), 10k groups in the key domain","SELECT k1, k2, count(*) AS n FROM grid GROUP BY k1, k2",9.01,,,100.5,,30,,"yes",0.000e0,,,"TAKEN AggregateExec (input rows 10000000 (exact) vs min_rows 250000; count over 2+ i32 keys (memory input): the measured table takes the 100k, 1M bucket(s) at 10M rows; MetalExec decides from a group-count estimate; output kept at one partition (only projections above it))",,0,0.00,0.00,0.00,0.00,0.00,0,10000,3.47,3.49,100,0,,,,,,,9.22,101.3,11.85,"yes",1,1,10485,0.0169,0.01,0.00,"TAKEN AggregateExec (input rows 10000000 (exact) vs min_rows 250000; count over 2+ i32 keys (memory input): the measured table takes the 100k, 1M bucket(s) at 10M rows; MetalExec decides from a group-count estimate; output kept at one partition (only projections above it)) | LEFT MetalExec Aggregate { keys (handed back to DataFusion: an estimated 10485 groups (6307 to 27937, Chao1 over a 512-row sample) at 10000000 rows: count at the 10k bucket is taken from 50M rows (1M: 0.84x, 2M: 0.93x, 5M: 1.40x, 10M: 1.80x, 50M: 2.10x); left to DataFusion (from the first 16384 rows of each partition))",13.00,2026-09-29 17:43:44,2026-09-29 17:44:16,2026-09-29 00:37:52,30,9.60,9.63,,,alternate,false,11.71,22.52,21.98,500,22.42,113.4,195.3,3
10000000,b8192,gsweep,avg_int_2i32_10k,"avg_int, 2 i32 key(s), 10k groups in the key domain","SELECT k1, k2, avg(q) AS m FROM grid GROUP BY k1, k2",10.37,,,112.0,,30,,"yes",0.000e0,,,"LEFT AggregateExec (input rows 10000000 (exact) vs min_rows 250000; sum_avg_int over 2+ i32 keys (memory input): the measured table takes it at no group count and size (results/datafusion_groupby_sweep_2026-09-29.csv)) | LEFT AggregateExec (Partial aggregate whose Final was not replaced)",,0,0.00,0.00,0.00,0.00,0.00,0,10000,3.47,3.49,100,0,,,,,,,10.30,112.2,10.83,"yes",0,0,0,0.0000,0.00,0.00,"LEFT AggregateExec (input rows 10000000 (exact) vs min_rows 250000; sum_avg_int over 2+ i32 keys (memory input): the measured table takes it at no group count and size (results/datafusion_groupby_sweep_2026-09-29.csv)) | LEFT AggregateExec (Partial aggregate whose Final was not replaced)",10.58,2026-09-29 17:43:44,2026-09-29 17:44:16,2026-09-29 00:37:52,30,10.78,10.68,,,alternate,false,25.62,27.45,25.48,500,26.18,212.9,213.5,3
10000000,b8192,gsweep,distinct_2i32_10k,"distinct, 2 i32 key(s), 10k groups in the key domain","SELECT DISTINCT k1, k2 FROM grid",8.25,,,92.3,,30,,"yes",0.000e0,,,"TAKEN AggregateExec (input rows 10000000 (exact) vs min_rows 250000; distinct over 2+ i32 keys (memory input): the measured table takes the 200, 1M bucket(s) at 10M rows; MetalExec decides from a group-count estimate; output kept at one partition (only projections above it))",,0,0.00,0.00,0.00,0.00,0.00,0,10000,3.47,3.49,100,0,,,,,,,8.33,93.0,10.56,"yes",1,1,10485,0.0172,0.01,0.00,"TAKEN AggregateExec (input rows 10000000 (exact) vs min_rows 250000; distinct over 2+ i32 keys (memory input): the measured table takes the 200, 1M bucket(s) at 10M rows; MetalExec decides from a group-count estimate; output kept at one partition (only projections above it)) | LEFT MetalExec Aggregate { keys (handed back to DataFusion: an estimated 10485 groups (6307 to 27937, Chao1 over a 512-row sample) at 10000000 rows: distinct at the 10k bucket is taken from 50M rows (1M: 0.88x, 2M: 0.98x, 5M: 1.40x, 10M: 1.80x, 50M: 2.10x); left to DataFusion (from the first 16384 rows of each partition))",11.25,2026-09-29 17:43:44,2026-09-29 17:44:16,2026-09-29 00:37:52,30,8.63,8.67,,,alternate,false,19.61,21.67,22.98,500,23.33,176.0,180.5,3
10000000,b8192,gsweep,avg_f64_1i64_10k,"avg_f64, 1 i64 key(s), 10k groups in the key domain","SELECT kl, avg(x) AS m FROM grid GROUP BY kl",5.48,,,56.6,,30,,"yes",3.331e-16,,,"LEFT AggregateExec (input rows 10000000 (exact) vs min_rows 250000; sum_avg_f64 over 1 i64 key (memory input): the measured table takes it at no group count and size (results/datafusion_groupby_sweep_2026-09-29.csv)) | LEFT AggregateExec (Partial aggregate whose Final was not replaced)",,0,0.00,0.00,0.00,0.00,0.00,0,10000,3.47,3.49,100,0,,,,,,,5.47,56.9,5.89,"yes",0,0,0,0.0000,0.00,0.00,"LEFT AggregateExec (input rows 10000000 (exact) vs min_rows 250000; sum_avg_f64 over 1 i64 key (memory input): the measured table takes it at no group count and size (results/datafusion_groupby_sweep_2026-09-29.csv)) | LEFT AggregateExec (Partial aggregate whose Final was not replaced)",6.13,2026-09-29 17:43:44,2026-09-29 17:44:16,2026-09-29 00:37:52,30,5.83,5.77,,,alternate,false,19.73,19.78,17.37,500,17.64,119.8,121.5,3
10000000,b8192,gsweep,avg_int_2i64_10k,"avg_int, 2 i64 key(s), 10k groups in the key domain","SELECT kl1, kl2, avg(q) AS m FROM grid GROUP BY kl1, kl2",9.85,,,111.7,,30,,"yes",0.000e0,,,"LEFT AggregateExec (input rows 10000000 (exact) vs min_rows 250000; sum_avg_int over 2+ i64 keys (memory input): the measured table takes it at no group count and size (results/datafusion_groupby_sweep_2026-09-29.csv)) | LEFT AggregateExec (Partial aggregate whose Final was not replaced)",,0,0.00,0.00,0.00,0.00,0.00,0,10000,3.47,3.49,100,0,,,,,,,9.58,114.1,13.38,"yes",0,0,0,0.0000,0.00,0.00,"LEFT AggregateExec (input rows 10000000 (exact) vs min_rows 250000; sum_avg_int over 2+ i64 keys (memory input): the measured table takes it at no group count and size (results/datafusion_groupby_sweep_2026-09-29.csv)) | LEFT AggregateExec (Partial aggregate whose Final was not replaced)",15.32,2026-09-29 17:43:44,2026-09-29 17:44:16,2026-09-29 00:37:52,30,10.93,11.08,,,alternate,false,22.54,24.62,16.81,500,22.81,222.1,184.1,3
10000000,b8192,gsweep,minmax_int_2i64_10k,"minmax_int, 2 i64 key(s), 10k groups in the key domain","SELECT kl1, kl2, min(q) AS lo, max(q) AS hi FROM grid GROUP BY kl1, kl2",10.66,,,116.2,,30,,"yes",0.000e0,,,"TAKEN AggregateExec (input rows 10000000 (exact) vs min_rows 250000; minmax_int over 2+ i64 keys (memory input): the measured table takes the 100k bucket(s) at 10M rows; MetalExec decides from a group-count estimate; output kept at one partition (only projections above it))",,0,0.00,0.00,0.00,0.00,0.00,0,10000,3.47,3.49,100,0,,,,,,,10.73,116.4,13.11,"yes",1,1,10485,0.0240,0.01,0.00,"TAKEN AggregateExec (input rows 10000000 (exact) vs min_rows 250000; minmax_int over 2+ i64 keys (memory input): the measured table takes the 100k bucket(s) at 10M rows; MetalExec decides from a group-count estimate; output kept at one partition (only projections above it)) | LEFT MetalExec Aggregate { keys (handed back to DataFusion: an estimated 10485 groups (6307 to 27937, Chao1 over a 512-row sample) at 10000000 rows: minmax_int at the 10k bucket is not taken at any measured size (needs 1.65x at two or more sizes; 1M: 0.76x, 2M: 0.89x, 5M: 1.00x, 10M: 1.10x, 50M: 1.10x); left to DataFusion (from the first 16384 rows of each partition))",14.05,2026-09-29 17:43:44,2026-09-29 17:44:16,2026-09-29 00:37:52,30,11.13,11.13,,,alternate,false,20.66,32.66,25.07,500,26.22,184.7,230.5,3
10000000,b8192,gsweep,count_1i32_100k,"count, 1 i32 key(s), 100k groups in the key domain","SELECT k, count(*) AS n FROM grid GROUP BY k",9.49,,,116.5,,30,,"yes",0.000e0,,,"LEFT AggregateExec (input rows 10000000 (exact) vs min_rows 250000; count over 1 i32 key (memory input): the measured table takes it at no group count and size (results/datafusion_groupby_sweep_2026-09-29.csv)) | LEFT AggregateExec (Partial aggregate whose Final was not replaced)",,0,0.00,0.00,0.00,0.00,0.00,0,100000,3.49,5.37,100,0,,,,,,,9.70,117.3,9.87,"yes",0,0,0,0.0000,0.00,0.00,"LEFT AggregateExec (input rows 10000000 (exact) vs min_rows 250000; count over 1 i32 key (memory input): the measured table takes it at no group count and size (results/datafusion_groupby_sweep_2026-09-29.csv)) | LEFT AggregateExec (Partial aggregate whose Final was not replaced)",11.11,2026-09-29 17:44:18,2026-09-29 17:45:05,2026-09-29 00:37:52,30,10.63,10.89,,,alternate,false,17.45,22.72,18.78,500,23.45,165.4,220.0,3
10000000,b8192,gsweep,sum_f64_1i32_100k,"sum_f64, 1 i32 key(s), 100k groups in the key domain","SELECT k, sum(x) AS s FROM grid GROUP BY k",9.75,,,117.1,,30,,"yes",6.654e-16,,,"LEFT AggregateExec (input rows 10000000 (exact) vs min_rows 250000; sum_avg_f64 over 1 i32 key (memory input): the measured table takes it at no group count and size (results/datafusion_groupby_sweep_2026-09-29.csv)) | LEFT AggregateExec (Partial aggregate whose Final was not replaced)",,0,0.00,0.00,0.00,0.00,0.00,0,100000,3.49,5.37,100,0,,,,,,,9.52,118.0,11.08,"yes",0,0,0,0.0000,0.00,0.00,"LEFT AggregateExec (input rows 10000000 (exact) vs min_rows 250000; sum_avg_f64 over 1 i32 key (memory input): the measured table takes it at no group count and size (results/datafusion_groupby_sweep_2026-09-29.csv)) | LEFT AggregateExec (Partial aggregate whose Final was not replaced)",10.74,2026-09-29 17:44:18,2026-09-29 17:45:05,2026-09-29 00:37:52,30,10.76,10.75,,,alternate,false,21.10,25.03,20.09,500,28.47,225.7,230.3,3
10000000,b8192,gsweep,distinct_1i32_100k,"distinct, 1 i32 key(s), 100k groups in the key domain","SELECT DISTINCT k FROM grid",7.94,,,96.1,,30,,"yes",0.000e0,,,"LEFT AggregateExec (input rows 10000000 (exact) vs min_rows 250000; distinct over 1 i32 key (memory input): the measured table takes no group count at 10M rows (the first take is at 50M rows; results/datafusion_groupby_sweep_2026-09-29.csv)) | LEFT AggregateExec (Partial aggregate whose Final was not replaced)",,0,0.00,0.00,0.00,0.00,0.00,0,100000,3.49,5.37,100,0,,,,,,,7.95,95.1,10.85,"yes",0,0,0,0.0000,0.00,0.00,"LEFT AggregateExec (input rows 10000000 (exact) vs min_rows 250000; distinct over 1 i32 key (memory input): the measured table takes no group count at 10M rows (the first take is at 50M rows; results/datafusion_groupby_sweep_2026-09-29.csv)) | LEFT AggregateExec (Partial aggregate whose Final was not replaced)",12.35,2026-09-29 17:44:18,2026-09-29 17:45:05,2026-09-29 00:37:52,30,8.79,8.59,,,alternate,false,11.59,18.09,16.13,500,16.19,140.0,185.8,3
10000000,b8192,gsweep,count_2i32_100k,"count, 2 i32 key(s), 100k groups in the key domain","SELECT k1, k2, count(*) AS n FROM grid GROUP BY k1, k2",14.97,,,180.4,,15,,"yes",0.000e0,,,"TAKEN AggregateExec (input rows 10000000 (exact) vs min_rows 250000; count over 2+ i32 keys (memory input): the measured table takes the 100k, 1M bucket(s) at 10M rows; MetalExec decides from a group-count estimate; output kept at one partition (only projections above it))",,0,0.00,0.00,0.00,0.00,0.00,0,100000,3.49,5.37,100,23,,,,,,,5.48,11.6,18.43,"yes",1,0,67988,0.1536,0.17,3.53,"TAKEN AggregateExec (input rows 10000000 (exact) vs min_rows 250000; count over 2+ i32 keys (memory input): the measured table takes the 100k, 1M bucket(s) at 10M rows; MetalExec decides from a group-count estimate; output kept at one partition (only projections above it)) | TAKEN MetalExec Aggregate { keys (ran on ArrowMetal: an estimated 67988 groups (48291 to 110581, Chao1 over a 2048-row sample) at 10000000 rows: count at the 100k bucket is taken from 10M rows (from the first rows of each partition; a 2048-row sample of the whole input puts it at 54523 to 135023 groups))",17.13,2026-09-29 17:44:18,2026-09-29 17:45:05,2026-09-29 00:37:52,3,15.13,6.08,,,rounds,true,18.64,21.41,28.91,500,33.14,30.6,316.7,3
10000000,b8192,gsweep,minmax_int_2i32_100k,"minmax_int, 2 i32 key(s), 100k groups in the key domain","SELECT k1, k2, min(q) AS lo, max(q) AS hi FROM grid GROUP BY k1, k2",19.55,,,254.6,,30,,"yes",0.000e0,,,"LEFT AggregateExec (input rows 10000000 (exact) vs min_rows 250000; minmax_int over 2+ i32 keys (memory input): the measured table takes it at no group count and size (results/datafusion_groupby_sweep_2026-09-29.csv)) | LEFT AggregateExec (Partial aggregate whose Final was not replaced)",,0,0.00,0.00,0.00,0.00,0.00,0,100000,3.49,5.37,100,0,,,,,,,20.00,254.8,21.97,"yes",0,0,0,0.0000,0.00,0.00,"LEFT AggregateExec (input rows 10000000 (exact) vs min_rows 250000; minmax_int over 2+ i32 keys (memory input): the measured table takes it at no group count and size (results/datafusion_groupby_sweep_2026-09-29.csv)) | LEFT AggregateExec (Partial aggregate whose Final was not replaced)",26.05,2026-09-29 17:44:18,2026-09-29 17:45:05,2026-09-29 00:37:52,30,21.11,21.03,,,alternate,false,33.59,38.23,33.25,500,37.26,413.5,408.3,3
10000000,b8192,gsweep,distinct_2i32_100k,"distinct, 2 i32 key(s), 100k groups in the key domain","SELECT DISTINCT k1, k2 FROM grid",12.96,,,157.1,,30,,"yes",0.000e0,,,"TAKEN AggregateExec (input rows 10000000 (exact) vs min_rows 250000; distinct over 2+ i32 keys (memory input): the measured table takes the 200, 1M bucket(s) at 10M rows; MetalExec decides from a group-count estimate; output kept at one partition (only projections above it))",,0,0.00,0.00,0.00,0.00,0.00,0,100000,3.49,5.37,100,0,,,,,,,12.72,155.4,15.16,"yes",1,1,67988,0.0546,0.01,0.00,"TAKEN AggregateExec (input rows 10000000 (exact) vs min_rows 250000; distinct over 2+ i32 keys (memory input): the measured table takes the 200, 1M bucket(s) at 10M rows; MetalExec decides from a group-count estimate; output kept at one partition (only projections above it)) | LEFT MetalExec Aggregate { keys (handed back to DataFusion: an estimated 67988 groups (48291 to 110581, Chao1 over a 2048-row sample) at 10000000 rows: distinct at the 100k bucket is taken from 50M rows (1M: 1.30x, 2M: 1.50x, 5M: 1.70x, 10M: 2.60x, 50M: 3.00x); left to DataFusion (from the first 16384 rows of each partition))",15.46,2026-09-29 17:44:18,2026-09-29 17:45:05,2026-09-29 00:37:52,30,13.68,13.69,,,alternate,false,29.53,31.39,20.45,500,20.65,283.5,240.4,3
10000000,b8192,gsweep,count_1i64_100k,"count, 1 i64 key(s), 100k groups in the key domain","SELECT kl, count(*) AS n FROM grid GROUP BY kl",11.24,,,140.4,,30,,"yes",0.000e0,,,"LEFT AggregateExec (input rows 10000000 (exact) vs min_rows 250000; count over 1 i64 key (memory input): the measured table takes it at no group count and size (results/datafusion_groupby_sweep_2026-09-29.csv)) | LEFT AggregateExec (Partial aggregate whose Final was not replaced)",,0,0.00,0.00,0.00,0.00,0.00,0,100000,3.49,5.37,100,0,,,,,,,11.24,138.4,13.64,"yes",0,0,0,0.0000,0.00,0.00,"LEFT AggregateExec (input rows 10000000 (exact) vs min_rows 250000; count over 1 i64 key (memory input): the measured table takes it at no group count and size (results/datafusion_groupby_sweep_2026-09-29.csv)) | LEFT AggregateExec (Partial aggregate whose Final was not replaced)",14.96,2026-09-29 17:44:18,2026-09-29 17:45:05,2026-09-29 00:37:52,30,11.70,11.65,,,alternate,false,22.67,24.70,25.15,500,25.73,251.7,243.3,3
10000000,b8192,gsweep,sum_f64_1i64_100k,"sum_f64, 1 i64 key(s), 100k groups in the key domain","SELECT kl, sum(x) AS s FROM grid GROUP BY kl",11.31,,,138.4,,30,,"yes",6.853e-16,,,"LEFT AggregateExec (input rows 10000000 (exact) vs min_rows 250000; sum_avg_f64 over 1 i64 key (memory input): the measured table takes it at no group count and size (results/datafusion_groupby_sweep_2026-09-29.csv)) | LEFT AggregateExec (Partial aggregate whose Final was not replaced)",,0,0.00,0.00,0.00,0.00,0.00,0,100000,3.49,5.37,100,0,,,,,,,11.15,133.5,11.80,"yes",0,0,0,0.0000,0.00,0.00,"LEFT AggregateExec (input rows 10000000 (exact) vs min_rows 250000; sum_avg_f64 over 1 i64 key (memory input): the measured table takes it at no group count and size (results/datafusion_groupby_sweep_2026-09-29.csv)) | LEFT AggregateExec (Partial aggregate whose Final was not replaced)",13.88,2026-09-29 17:44:18,2026-09-29 17:45:05,2026-09-29 00:37:52,30,11.78,11.87,,,alternate,false,20.49,26.18,19.88,500,26.35,239.6,214.4,3
10000000,b8192,gsweep,sum_int_1i64_100k,"sum_int, 1 i64 key(s), 100k groups in the key domain","SELECT kl, sum(q) AS s FROM grid GROUP BY kl",11.19,,,135.2,,30,,"yes",0.000e0,,,"LEFT AggregateExec (input rows 10000000 (exact) vs min_rows 250000; sum_avg_int over 1 i64 key (memory input): the measured table takes it at no group count and size (results/datafusion_groupby_sweep_2026-09-29.csv)) | LEFT AggregateExec (Partial aggregate whose Final was not replaced)",,0,0.00,0.00,0.00,0.00,0.00,0,100000,3.49,5.37,100,0,,,,,,,11.31,135.0,13.89,"yes",0,0,0,0.0000,0.00,0.00,"LEFT AggregateExec (input rows 10000000 (exact) vs min_rows 250000; sum_avg_int over 1 i64 key (memory input): the measured table takes it at no group count and size (results/datafusion_groupby_sweep_2026-09-29.csv)) | LEFT AggregateExec (Partial aggregate whose Final was not replaced)",15.52,2026-09-29 17:44:18,2026-09-29 17:45:05,2026-09-29 00:37:52,30,11.66,11.74,,,alternate,false,26.91,28.20,28.23,500,28.26,258.3,255.9,3
10000000,b8192,gsweep,sum_f64_2i64_100k,"sum_f64, 2 i64 key(s), 100k groups in the key domain","SELECT kl1, kl2, sum(x) AS s FROM grid GROUP BY kl1, kl2",16.81,,,210.4,,30,,"yes",6.417e-16,,,"LEFT AggregateExec (input rows 10000000 (exact) vs min_rows 250000; sum_avg_f64 over 2+ i64 keys (memory input): the measured table takes it at no group count and size (results/datafusion_groupby_sweep_2026-09-29.csv)) | LEFT AggregateExec (Partial aggregate whose Final was not replaced)",,0,0.00,0.00,0.00,0.00,0.00,0,100000,3.49,5.37,100,0,,,,,,,16.82,210.2,18.92,"yes",0,0,0,0.0000,0.00,0.00,"LEFT AggregateExec (input rows 10000000 (exact) vs min_rows 250000; sum_avg_f64 over 2+ i64 keys (memory input): the measured table takes it at no group count and size (results/datafusion_groupby_sweep_2026-09-29.csv)) | LEFT AggregateExec (Partial aggregate whose Final was not replaced)",21.71,2026-09-29 17:44:18,2026-09-29 17:45:05,2026-09-29 00:37:52,30,17.42,17.28,,,alternate,false,28.91,33.11,24.95,500,27.17,331.5,277.8,3
10000000,b8192,gsweep,minmax_int_2i64_100k,"minmax_int, 2 i64 key(s), 100k groups in the key domain","SELECT kl1, kl2, min(q) AS lo, max(q) AS hi FROM grid GROUP BY kl1, kl2",22.03,,,292.0,,15,,"yes",0.000e0,,,"TAKEN AggregateExec (input rows 10000000 (exact) vs min_rows 250000; minmax_int over 2+ i64 keys (memory input): the measured table takes the 100k bucket(s) at 10M rows; MetalExec decides from a group-count estimate; output kept at one partition (only projections above it))",,0,0.00,0.00,0.00,0.00,0.00,0,100000,3.49,5.37,100,18,,,,,,,10.64,26.1,43.63,"yes",1,0,67988,0.2002,0.20,7.13,"TAKEN AggregateExec (input rows 10000000 (exact) vs min_rows 250000; minmax_int over 2+ i64 keys (memory input): the measured table takes the 100k bucket(s) at 10M rows; MetalExec decides from a group-count estimate; output kept at one partition (only projections above it)) | TAKEN MetalExec Aggregate { keys (ran on ArrowMetal: an estimated 67988 groups (48291 to 110581, Chao1 over a 2048-row sample) at 10000000 rows: minmax_int at the 100k bucket is taken from 5M rows (from the first rows of each partition; a 2048-row sample of the whole input puts it at 54523 to 135023 groups))",25.00,2026-09-29 17:44:18,2026-09-29 17:45:05,2026-09-29 00:37:52,3,22.37,10.66,,,rounds,true,31.75,40.85,32.31,500,33.86,63.4,415.2,3
10000000,b8192,gsweep,count_2i32_1M,"count, 2 i32 key(s), 1M groups in the key domain","SELECT k1, k2, count(*) AS n FROM grid GROUP BY k1, k2",17.87,,,258.0,,15,,"yes",0.000e0,,,"TAKEN AggregateExec (input rows 10000000 (exact) vs min_rows 250000; count over 2+ i32 keys (memory input): the measured table takes the 100k, 1M bucket(s) at 10M rows; MetalExec decides from a group-count estimate; output kept at one partition (only projections above it))",,0,0.00,0.00,0.00,0.00,0.00,0,999943,3.44,3.47,100,21,,,,,,,6.88,11.6,20.96,"yes",1,0,1282860,0.2032,0.16,4.76,"TAKEN AggregateExec (input rows 10000000 (exact) vs min_rows 250000; count over 2+ i32 keys (memory input): the measured table takes the 100k, 1M bucket(s) at 10M rows; MetalExec decides from a group-count estimate; output kept at one partition (only projections above it)) | TAKEN MetalExec Aggregate { keys (ran on ArrowMetal: an estimated 1282860 groups (880325 to 2217634, Chao1 over a 8192-row sample) at 10000000 rows: count at the 1M bucket is taken from 10M rows (from the first rows of each partition; a 2048-row sample of the whole input puts it at 350720 to 10000000 groups))",18.77,2026-09-29 17:46:07,2026-09-29 17:46:37,2026-09-29 00:37:52,3,18.03,6.92,,,rounds,true,26.91,29.51,29.46,500,36.77,37.2,394.9,3
10000000,b8192,gsweep,distinct_2i32_1M,"distinct, 2 i32 key(s), 1M groups in the key domain","SELECT DISTINCT k1, k2 FROM grid",14.30,,,208.6,,15,,"yes",0.000e0,,,"TAKEN AggregateExec (input rows 10000000 (exact) vs min_rows 250000; distinct over 2+ i32 keys (memory input): the measured table takes the 200, 1M bucket(s) at 10M rows; MetalExec decides from a group-count estimate; output kept at one partition (only projections above it))",,0,0.00,0.00,0.00,0.00,0.00,0,999943,3.44,3.47,100,24,,,,,,,5.61,11.4,11.62,"yes",1,0,1282860,0.2256,0.16,3.76,"TAKEN AggregateExec (input rows 10000000 (exact) vs min_rows 250000; distinct over 2+ i32 keys (memory input): the measured table takes the 200, 1M bucket(s) at 10M rows; MetalExec decides from a group-count estimate; output kept at one partition (only projections above it)) | TAKEN MetalExec Aggregate { keys (ran on ArrowMetal: an estimated 1282860 groups (880325 to 2217634, Chao1 over a 8192-row sample) at 10000000 rows: distinct at the 1M bucket is taken from 10M rows (from the first rows of each partition; a 2048-row sample of the whole input puts it at 350720 to 10000000 groups))",21.49,2026-09-29 17:46:07,2026-09-29 17:46:37,2026-09-29 00:37:52,3,14.44,5.80,,,rounds,true,22.64,27.71,22.35,500,30.91,35.4,309.5,3
10000000,b8192,gsweep,avg_f64_1i64_1M,"avg_f64, 1 i64 key(s), 1M groups in the key domain","SELECT kl, avg(x) AS m FROM grid GROUP BY kl",18.78,,,259.1,,30,,"yes",4.441e-16,,,"LEFT AggregateExec (input rows 10000000 (exact) vs min_rows 250000; sum_avg_f64 over 1 i64 key (memory input): the measured table takes it at no group count and size (results/datafusion_groupby_sweep_2026-09-29.csv)) | LEFT AggregateExec (Partial aggregate whose Final was not replaced)",,0,0.00,0.00,0.00,0.00,0.00,0,999951,3.44,3.47,100,0,,,,,,,18.72,263.4,22.57,"yes",0,0,0,0.0000,0.00,0.00,"LEFT AggregateExec (input rows 10000000 (exact) vs min_rows 250000; sum_avg_f64 over 1 i64 key (memory input): the measured table takes it at no group count and size (results/datafusion_groupby_sweep_2026-09-29.csv)) | LEFT AggregateExec (Partial aggregate whose Final was not replaced)",26.04,2026-09-29 17:46:07,2026-09-29 17:46:37,2026-09-29 00:37:52,30,19.38,19.26,,,alternate,false,29.87,31.83,34.50,500,36.80,387.1,408.3,3
10000000,b8192,gsweep,avg_f64_2i64_1M,"avg_f64, 2 i64 key(s), 1M groups in the key domain","SELECT kl1, kl2, avg(x) AS m FROM grid GROUP BY kl1, kl2",24.23,,,347.4,,30,,"yes",4.441e-16,,,"LEFT AggregateExec (input rows 10000000 (exact) vs min_rows 250000; sum_avg_f64 over 2+ i64 keys (memory input): the measured table takes it at no group count and size (results/datafusion_groupby_sweep_2026-09-29.csv)) | LEFT AggregateExec (Partial aggregate whose Final was not replaced)",,0,0.00,0.00,0.00,0.00,0.00,0,999943,3.44,3.47,100,0,,,,,,,24.08,339.0,25.00,"yes",0,0,0,0.0000,0.00,0.00,"LEFT AggregateExec (input rows 10000000 (exact) vs min_rows 250000; sum_avg_f64 over 2+ i64 keys (memory input): the measured table takes it at no group count and size (results/datafusion_groupby_sweep_2026-09-29.csv)) | LEFT AggregateExec (Partial aggregate whose Final was not replaced)",25.34,2026-09-29 17:46:07,2026-09-29 17:46:37,2026-09-29 00:37:52,30,24.77,24.85,,,alternate,false,42.54,48.87,34.21,500,42.08,500.3,465.6,3
10000000,b8192,gsweep,avg_int_2i64_1M,"avg_int, 2 i64 key(s), 1M groups in the key domain","SELECT kl1, kl2, avg(q) AS m FROM grid GROUP BY kl1, kl2",24.85,,,354.4,,30,,"yes",0.000e0,,,"LEFT AggregateExec (input rows 10000000 (exact) vs min_rows 250000; sum_avg_int over 2+ i64 keys (memory input): the measured table takes it at no group count and size (results/datafusion_groupby_sweep_2026-09-29.csv)) | LEFT AggregateExec (Partial aggregate whose Final was not replaced)",,0,0.00,0.00,0.00,0.00,0.00,0,999943,3.44,3.47,100,0,,,,,,,24.75,352.1,26.75,"yes",0,0,0,0.0000,0.00,0.00,"LEFT AggregateExec (input rows 10000000 (exact) vs min_rows 250000; sum_avg_int over 2+ i64 keys (memory input): the measured table takes it at no group count and size (results/datafusion_groupby_sweep_2026-09-29.csv)) | LEFT AggregateExec (Partial aggregate whose Final was not replaced)",27.88,2026-09-29 17:46:07,2026-09-29 17:46:37,2026-09-29 00:37:52,30,25.68,25.82,,,alternate,false,36.79,40.69,39.14,500,45.29,476.3,473.1,3
10000000,b8192,gsweep,minmax_int_2i64_1M,"minmax_int, 2 i64 key(s), 1M groups in the key domain","SELECT kl1, kl2, min(q) AS lo, max(q) AS hi FROM grid GROUP BY kl1, kl2",26.35,,,377.9,,30,,"yes",0.000e0,,,"TAKEN AggregateExec (input rows 10000000 (exact) vs min_rows 250000; minmax_int over 2+ i64 keys (memory input): the measured table takes the 100k bucket(s) at 10M rows; MetalExec decides from a group-count estimate; output kept at one partition (only projections above it))",,0,0.00,0.00,0.00,0.00,0.00,0,999943,3.44,3.47,100,0,,,,,,,26.25,377.0,27.44,"yes",1,1,1048065,0.0724,0.01,0.00,"TAKEN AggregateExec (input rows 10000000 (exact) vs min_rows 250000; minmax_int over 2+ i64 keys (memory input): the measured table takes the 100k bucket(s) at 10M rows; MetalExec decides from a group-count estimate; output kept at one partition (only projections above it)) | LEFT MetalExec Aggregate { keys (handed back to DataFusion: an estimated 1048065 groups (350720 to 10000000, Chao1 over a 2048-row sample) at 10000000 rows: minmax_int at the 1M bucket is not taken at any measured size (needs 1.65x at two or more sizes; 5M: 1.60x, 10M: 1.80x, 50M: 1.80x); left to DataFusion (from the first 16384 rows of each partition))",29.45,2026-09-29 17:46:07,2026-09-29 17:46:37,2026-09-29 00:37:52,30,27.28,27.35,,,alternate,false,38.16,41.01,38.96,500,44.91,519.0,537.3,3
10000000,b8192,gsweep,avg_f64_1i32_R2,"avg_f64, 1 i32 key(s), R2 groups in the key domain","SELECT k, avg(x) AS m FROM grid GROUP BY k",27.66,,,404.3,,30,,"yes",3.331e-16,,,"LEFT AggregateExec (input rows 10000000 (exact) vs min_rows 250000; sum_avg_f64 over 1 i32 key (memory input): the measured table takes it at no group count and size (results/datafusion_groupby_sweep_2026-09-29.csv)) | LEFT AggregateExec (Partial aggregate whose Final was not replaced)",,0,0.00,0.00,0.00,0.00,0.00,0,4323738,3.47,8.09,100,0,,,,,,,27.87,400.9,28.00,"yes",0,0,0,0.0000,0.00,0.00,"LEFT AggregateExec (input rows 10000000 (exact) vs min_rows 250000; sum_avg_f64 over 1 i32 key (memory input): the measured table takes it at no group count and size (results/datafusion_groupby_sweep_2026-09-29.csv)) | LEFT AggregateExec (Partial aggregate whose Final was not replaced)",31.22,2026-09-29 17:46:39,2026-09-29 17:47:29,2026-09-29 00:37:52,30,29.03,28.97,,,alternate,false,42.84,44.48,34.51,500,35.25,539.1,479.5,3
10000000,b8192,gsweep,minmax_int_1i32_R2,"minmax_int, 1 i32 key(s), R2 groups in the key domain","SELECT k, min(q) AS lo, max(q) AS hi FROM grid GROUP BY k",31.49,,,460.0,,30,,"yes",0.000e0,,,"LEFT AggregateExec (input rows 10000000 (exact) vs min_rows 250000; minmax_int over 1 i32 key (memory input): the measured table takes it at no group count and size (results/datafusion_groupby_sweep_2026-09-29.csv)) | LEFT AggregateExec (Partial aggregate whose Final was not replaced)",,0,0.00,0.00,0.00,0.00,0.00,0,4323738,3.47,8.09,100,0,,,,,,,31.42,460.0,31.48,"yes",0,0,0,0.0000,0.00,0.00,"LEFT AggregateExec (input rows 10000000 (exact) vs min_rows 250000; minmax_int over 1 i32 key (memory input): the measured table takes it at no group count and size (results/datafusion_groupby_sweep_2026-09-29.csv)) | LEFT AggregateExec (Partial aggregate whose Final was not replaced)",35.30,2026-09-29 17:46:39,2026-09-29 17:47:29,2026-09-29 00:37:52,30,32.97,32.97,,,alternate,false,36.94,45.59,37.06,500,40.50,466.9,497.9,3
10000000,b8192,gsweep,count_2i32_R2,"count, 2 i32 key(s), R2 groups in the key domain","SELECT k1, k2, count(*) AS n FROM grid GROUP BY k1, k2",27.94,,,407.4,,30,,"yes",0.000e0,,,"TAKEN AggregateExec (input rows 10000000 (exact) vs min_rows 250000; count over 2+ i32 keys (memory input): the measured table takes the 100k, 1M bucket(s) at 10M rows; MetalExec decides from a group-count estimate; output kept at one partition (only projections above it))",,0,0.00,0.00,0.00,0.00,0.00,0,4321209,3.47,8.09,100,0,,,,,,,28.03,404.0,30.70,"yes",1,1,6705155,0.1510,0.01,0.00,"TAKEN AggregateExec (input rows 10000000 (exact) vs min_rows 250000; count over 2+ i32 keys (memory input): the measured table takes the 100k, 1M bucket(s) at 10M rows; MetalExec decides from a group-count estimate; output kept at one partition (only projections above it)) | LEFT MetalExec Aggregate { keys (handed back to DataFusion: an estimated 6705155 groups (3052264 to 10000000, Chao1 over a 8192-row sample) at 10000000 rows: count at the rows/2 bucket is not taken at any measured size (needs 1.65x at two or more sizes; 1M: 1.10x, 2M: 1.50x, 5M: 1.90x, 10M: 2.00x, 50M: 0.90x); left to DataFusion (from the first 16384 rows of each partition))",31.01,2026-09-29 17:46:39,2026-09-29 17:47:29,2026-09-29 00:37:52,30,28.75,29.35,,,alternate,false,37.64,38.69,33.85,500,37.77,463.7,482.5,3
10000000,b8192,gsweep,avg_f64_2i32_R2,"avg_f64, 2 i32 key(s), R2 groups in the key domain","SELECT k1, k2, avg(x) AS m FROM grid GROUP BY k1, k2",32.10,,,471.1,,30,,"yes",3.331e-16,,,"LEFT AggregateExec (input rows 10000000 (exact) vs min_rows 250000; sum_avg_f64 over 2+ i32 keys (memory input): the measured table takes it at no group count and size (results/datafusion_groupby_sweep_2026-09-29.csv)) | LEFT AggregateExec (Partial aggregate whose Final was not replaced)",,0,0.00,0.00,0.00,0.00,0.00,0,4321209,3.47,8.09,100,0,,,,,,,31.91,471.7,37.22,"yes",0,0,0,0.0000,0.00,0.00,"LEFT AggregateExec (input rows 10000000 (exact) vs min_rows 250000; sum_avg_f64 over 2+ i32 keys (memory input): the measured table takes it at no group count and size (results/datafusion_groupby_sweep_2026-09-29.csv)) | LEFT AggregateExec (Partial aggregate whose Final was not replaced)",34.27,2026-09-29 17:46:39,2026-09-29 17:47:29,2026-09-29 00:37:52,30,33.12,33.31,,,alternate,false,47.29,51.60,36.40,500,40.59,639.6,511.3,3
10000000,b8192,gsweep,distinct_2i32_R2,"distinct, 2 i32 key(s), R2 groups in the key domain","SELECT DISTINCT k1, k2 FROM grid",22.49,,,326.2,,30,,"yes",0.000e0,,,"TAKEN AggregateExec (input rows 10000000 (exact) vs min_rows 250000; distinct over 2+ i32 keys (memory input): the measured table takes the 200, 1M bucket(s) at 10M rows; MetalExec decides from a group-count estimate; output kept at one partition (only projections above it))",,0,0.00,0.00,0.00,0.00,0.00,0,4321209,3.47,8.09,100,0,,,,,,,22.50,323.2,24.46,"yes",1,1,6705155,0.1450,0.01,0.00,"TAKEN AggregateExec (input rows 10000000 (exact) vs min_rows 250000; distinct over 2+ i32 keys (memory input): the measured table takes the 200, 1M bucket(s) at 10M rows; MetalExec decides from a group-count estimate; output kept at one partition (only projections above it)) | LEFT MetalExec Aggregate { keys (handed back to DataFusion: an estimated 6705155 groups (3052264 to 10000000, Chao1 over a 8192-row sample) at 10000000 rows: distinct at the rows/2 bucket is not taken at any measured size (needs 1.65x at two or more sizes; 1M: 1.20x, 2M: 1.70x, 5M: 2.20x, 10M: 2.10x, 50M: 0.84x); left to DataFusion (from the first 16384 rows of each partition))",25.07,2026-09-29 17:46:39,2026-09-29 17:47:29,2026-09-29 00:37:52,30,23.58,23.67,,,alternate,false,31.82,42.76,32.08,500,35.39,360.3,433.7,3
10000000,b8192,gsweep,distinct_1i64_R2,"distinct, 1 i64 key(s), R2 groups in the key domain","SELECT DISTINCT kl FROM grid",21.32,,,298.3,,30,,"yes",0.000e0,,,"LEFT AggregateExec (input rows 10000000 (exact) vs min_rows 250000; distinct over 1 i64 key (memory input): the measured table takes it at no group count and size (results/datafusion_groupby_sweep_2026-09-29.csv)) | LEFT AggregateExec (Partial aggregate whose Final was not replaced)",,0,0.00,0.00,0.00,0.00,0.00,0,4323738,3.47,8.09,100,0,,,,,,,21.10,304.3,23.86,"yes",0,0,0,0.0000,0.00,0.00,"LEFT AggregateExec (input rows 10000000 (exact) vs min_rows 250000; distinct over 1 i64 key (memory input): the measured table takes it at no group count and size (results/datafusion_groupby_sweep_2026-09-29.csv)) | LEFT AggregateExec (Partial aggregate whose Final was not replaced)",21.32,2026-09-29 17:46:39,2026-09-29 17:47:29,2026-09-29 00:37:52,30,22.74,22.46,,,alternate,false,40.06,40.54,39.29,500,40.69,450.7,458.3,3
10000000,b8192,gsweep,minmax_f64_2i64_R2,"minmax_f64, 2 i64 key(s), R2 groups in the key domain","SELECT kl1, kl2, min(x) AS lo, max(x) AS hi FROM grid GROUP BY kl1, kl2",40.30,,,585.4,,30,,"yes",0.000e0,,,"LEFT AggregateExec (input rows 10000000 (exact) vs min_rows 250000; minmax_f64 over 2+ i64 keys (memory input): the measured table takes it at no group count and size (results/datafusion_groupby_sweep_2026-09-29.csv)) | LEFT AggregateExec (Partial aggregate whose Final was not replaced)",,0,0.00,0.00,0.00,0.00,0.00,0,4321209,3.47,8.09,100,0,,,,,,,40.78,583.4,42.91,"yes",0,0,0,0.0000,0.00,0.00,"LEFT AggregateExec (input rows 10000000 (exact) vs min_rows 250000; minmax_f64 over 2+ i64 keys (memory input): the measured table takes it at no group count and size (results/datafusion_groupby_sweep_2026-09-29.csv)) | LEFT AggregateExec (Partial aggregate whose Final was not replaced)",44.31,2026-09-29 17:46:39,2026-09-29 17:47:29,2026-09-29 00:37:52,30,41.80,41.71,,,alternate,false,53.33,62.78,55.48,500,61.89,734.1,745.6,3
10000000,b8192,gsweep,minmax_int_2i64_R2,"minmax_int, 2 i64 key(s), R2 groups in the key domain","SELECT kl1, kl2, min(q) AS lo, max(q) AS hi FROM grid GROUP BY kl1, kl2",39.36,,,587.9,,30,,"yes",0.000e0,,,"TAKEN AggregateExec (input rows 10000000 (exact) vs min_rows 250000; minmax_int over 2+ i64 keys (memory input): the measured table takes the 100k bucket(s) at 10M rows; MetalExec decides from a group-count estimate; output kept at one partition (only projections above it))",,0,0.00,0.00,0.00,0.00,0.00,0,4321209,3.47,8.09,100,0,,,,,,,39.54,574.0,41.80,"yes",1,1,2098176,0.0697,0.01,0.00,"TAKEN AggregateExec (input rows 10000000 (exact) vs min_rows 250000; minmax_int over 2+ i64 keys (memory input): the measured table takes the 100k bucket(s) at 10M rows; MetalExec decides from a group-count estimate; output kept at one partition (only projections above it)) | LEFT MetalExec Aggregate { keys (handed back to DataFusion: an estimated 2098176 groups (700757 to 10000000, Chao1 over a 2048-row sample) at 10000000 rows: minmax_int at the 1M bucket is not taken at any measured size (needs 1.65x at two or more sizes; 5M: 1.60x, 10M: 1.80x, 50M: 1.80x); left to DataFusion (from the first 16384 rows of each partition))",40.95,2026-09-29 17:46:39,2026-09-29 17:47:29,2026-09-29 00:37:52,30,40.34,40.65,,,alternate,false,59.89,60.86,59.59,500,63.19,759.5,765.0,3
10000000,b8192,distinct,u_small,"distinct (int32, int32), 10k groups","SELECT DISTINCT region, sub FROM fact",8.29,,,92.9,,30,,"yes",0.000e0,,,"TAKEN AggregateExec (input rows 10000000 (exact) vs min_rows 250000; distinct over 2+ i32 keys (memory input): the measured table takes the 200, 1M bucket(s) at 10M rows; MetalExec decides from a group-count estimate; output kept at one partition (only projections above it))",,0,0.00,0.00,0.00,0.00,0.00,0,10000,3.20,3.26,100,0,,,,,,,8.30,93.2,9.05,"yes",1,1,10485,0.0163,0.01,0.00,"TAKEN AggregateExec (input rows 10000000 (exact) vs min_rows 250000; distinct over 2+ i32 keys (memory input): the measured table takes the 200, 1M bucket(s) at 10M rows; MetalExec decides from a group-count estimate; output kept at one partition (only projections above it)) | LEFT MetalExec Aggregate { keys (handed back to DataFusion: an estimated 10485 groups (6307 to 27937, Chao1 over a 512-row sample) at 10000000 rows: distinct at the 10k bucket is taken from 50M rows (1M: 0.88x, 2M: 0.98x, 5M: 1.40x, 10M: 1.80x, 50M: 2.10x); left to DataFusion (from the first 16384 rows of each partition))",10.27,2026-09-29 17:49:32,2026-09-29 17:49:36,2026-09-29 00:37:52,30,8.55,8.66,,,alternate,false,22.91,23.37,21.14,500,22.33,190.3,177.2,3
10000000,part1,gsweep,count_1i32_200,"count, 1 i32 key(s), 200 groups in the key domain","SELECT k, count(*) AS n FROM grid GROUP BY k",3.62,,,38.6,,30,,"yes",0.000e0,,,"LEFT AggregateExec (input rows 10000000 (exact) vs min_rows 250000; count over 1 i32 key (memory input): the measured table takes it at no group count and size (results/datafusion_groupby_sweep_2026-09-29.csv)) | LEFT AggregateExec (Partial aggregate whose Final was not replaced)",,0,0.00,0.00,0.00,0.00,0.00,0,200,3.26,2.93,100,0,,,,,,,3.64,38.3,3.82,"yes",0,0,0,0.0000,0.00,0.00,"LEFT AggregateExec (input rows 10000000 (exact) vs min_rows 250000; count over 1 i32 key (memory input): the measured table takes it at no group count and size (results/datafusion_groupby_sweep_2026-09-29.csv)) | LEFT AggregateExec (Partial aggregate whose Final was not replaced)",4.33,2026-09-29 17:49:38,2026-09-29 17:50:05,2026-09-29 00:37:52,30,3.92,3.87,,,alternate,false,11.51,18.18,7.87,500,14.19,81.3,68.0,3
10000000,part1,gsweep,count_2i32_200,"count, 2 i32 key(s), 200 groups in the key domain","SELECT k1, k2, count(*) AS n FROM grid GROUP BY k1, k2",8.03,,,90.5,,30,,"yes",0.000e0,,,"TAKEN AggregateExec (input rows 10000000 (exact) vs min_rows 250000; count over 2+ i32 keys (memory input): the measured table takes the 100k, 1M bucket(s) at 10M rows; MetalExec decides from a group-count estimate; output kept at one partition (only projections above it))",,0,0.00,0.00,0.00,0.00,0.00,0,200,3.26,2.93,100,0,,,,,,,8.19,90.7,10.63,"yes",1,1,199,0.0210,0.01,0.00,"TAKEN AggregateExec (input rows 10000000 (exact) vs min_rows 250000; count over 2+ i32 keys (memory input): the measured table takes the 100k, 1M bucket(s) at 10M rows; MetalExec decides from a group-count estimate; output kept at one partition (only projections above it)) | LEFT MetalExec Aggregate { keys (handed back to DataFusion: an estimated 199 groups (195 to 206, Chao1 over a 512-row sample) at 10000000 rows: count at the 200 bucket is not taken at any measured size (needs 1.65x at two or more sizes; 1M: 0.56x, 2M: 0.88x, 5M: 1.20x, 10M: 1.60x, 50M: 2.10x); left to DataFusion (from the first 16384 rows of each partition))",11.17,2026-09-29 17:49:38,2026-09-29 17:50:05,2026-09-29 00:37:52,30,8.25,8.39,,,alternate,false,19.80,21.76,21.53,500,22.71,179.9,174.9,3
10000000,part1,gsweep,minmax_f64_2i32_200,"minmax_f64, 2 i32 key(s), 200 groups in the key domain","SELECT k1, k2, min(x) AS lo, max(x) AS hi FROM grid GROUP BY k1, k2",8.38,,,93.5,,30,,"yes",0.000e0,,,"LEFT AggregateExec (input rows 10000000 (exact) vs min_rows 250000; minmax_f64 over 2+ i32 keys (memory input): the measured table takes it at no group count and size (results/datafusion_groupby_sweep_2026-09-29.csv)) | LEFT AggregateExec (Partial aggregate whose Final was not replaced)",,0,0.00,0.00,0.00,0.00,0.00,0,200,3.26,2.93,100,0,,,,,,,8.40,93.8,11.86,"yes",0,0,0,0.0000,0.00,0.00,"LEFT AggregateExec (input rows 10000000 (exact) vs min_rows 250000; minmax_f64 over 2+ i32 keys (memory input): the measured table takes it at no group count and size (results/datafusion_groupby_sweep_2026-09-29.csv)) | LEFT AggregateExec (Partial aggregate whose Final was not replaced)",12.85,2026-09-29 17:49:38,2026-09-29 17:50:05,2026-09-29 00:37:52,30,8.72,8.80,,,alternate,false,17.36,23.91,16.16,500,23.29,184.4,162.4,3
10000000,part1,gsweep,distinct_2i32_200,"distinct, 2 i32 key(s), 200 groups in the key domain","SELECT DISTINCT k1, k2 FROM grid",7.45,,,84.6,,15,,"yes",0.000e0,,,"TAKEN AggregateExec (input rows 10000000 (exact) vs min_rows 250000; distinct over 2+ i32 keys (memory input): the measured table takes the 200, 1M bucket(s) at 10M rows; MetalExec decides from a group-count estimate; output kept at one partition (only projections above it))",,0,0.00,0.00,0.00,0.00,0.00,0,200,3.26,2.93,100,41,,,,,,,3.73,10.3,14.99,"yes",1,0,199,0.0438,0.19,2.28,"TAKEN AggregateExec (input rows 10000000 (exact) vs min_rows 250000; distinct over 2+ i32 keys (memory input): the measured table takes the 200, 1M bucket(s) at 10M rows; MetalExec decides from a group-count estimate; output kept at one partition (only projections above it)) | TAKEN MetalExec Aggregate { keys (ran on ArrowMetal: an estimated 199 groups (195 to 206, Chao1 over a 512-row sample) at 10000000 rows: distinct at the 200 bucket is taken from 10M rows (from the first rows of each partition; a 512-row sample of the whole input puts it at 200 to 212 groups))",10.64,2026-09-29 17:49:38,2026-09-29 17:50:05,2026-09-29 00:37:52,3,7.91,6.36,,,rounds,true,17.89,23.34,19.71,500,21.91,31.1,143.4,3
10000000,part1,gsweep,minmax_f64_2i64_200,"minmax_f64, 2 i64 key(s), 200 groups in the key domain","SELECT kl1, kl2, min(x) AS lo, max(x) AS hi FROM grid GROUP BY kl1, kl2",8.40,,,94.6,,30,,"yes",0.000e0,,,"LEFT AggregateExec (input rows 10000000 (exact) vs min_rows 250000; minmax_f64 over 2+ i64 keys (memory input): the measured table takes it at no group count and size (results/datafusion_groupby_sweep_2026-09-29.csv)) | LEFT AggregateExec (Partial aggregate whose Final was not replaced)",,0,0.00,0.00,0.00,0.00,0.00,0,200,3.26,2.93,100,0,,,,,,,8.47,95.1,15.10,"yes",0,0,0,0.0000,0.00,0.00,"LEFT AggregateExec (input rows 10000000 (exact) vs min_rows 250000; minmax_f64 over 2+ i64 keys (memory input): the measured table takes it at no group count and size (results/datafusion_groupby_sweep_2026-09-29.csv)) | LEFT AggregateExec (Partial aggregate whose Final was not replaced)",14.51,2026-09-29 17:49:38,2026-09-29 17:50:05,2026-09-29 00:37:52,30,8.78,8.75,,,alternate,false,21.74,24.12,18.78,500,24.20,185.9,180.9,3
10000000,part1,gsweep,sum_int_2i64_200,"sum_int, 2 i64 key(s), 200 groups in the key domain","SELECT kl1, kl2, sum(q) AS s FROM grid GROUP BY kl1, kl2",8.12,,,90.2,,30,,"yes",0.000e0,,,"LEFT AggregateExec (input rows 10000000 (exact) vs min_rows 250000; sum_avg_int over 2+ i64 keys (memory input): the measured table takes it at no group count and size (results/datafusion_groupby_sweep_2026-09-29.csv)) | LEFT AggregateExec (Partial aggregate whose Final was not replaced)",,0,0.00,0.00,0.00,0.00,0.00,0,200,3.26,2.93,100,0,,,,,,,8.16,91.1,10.56,"yes",0,0,0,0.0000,0.00,0.00,"LEFT AggregateExec (input rows 10000000 (exact) vs min_rows 250000; sum_avg_int over 2+ i64 keys (memory input): the measured table takes it at no group count and size (results/datafusion_groupby_sweep_2026-09-29.csv)) | LEFT AggregateExec (Partial aggregate whose Final was not replaced)",11.56,2026-09-29 17:49:38,2026-09-29 17:50:05,2026-09-29 00:37:52,30,8.37,8.38,,,alternate,false,11.01,16.32,23.23,500,23.64,122.0,178.8,3
10000000,part1,gsweep,minmax_int_2i64_200,"minmax_int, 2 i64 key(s), 200 groups in the key domain","SELECT kl1, kl2, min(q) AS lo, max(q) AS hi FROM grid GROUP BY kl1, kl2",8.43,,,94.2,,30,,"yes",0.000e0,,,"TAKEN AggregateExec (input rows 10000000 (exact) vs min_rows 250000; minmax_int over 2+ i64 keys (memory input): the measured table takes the 100k bucket(s) at 10M rows; MetalExec decides from a group-count estimate; output kept at one partition (only projections above it))",,0,0.00,0.00,0.00,0.00,0.00,0,200,3.26,2.93,100,0,,,,,,,8.61,94.6,11.24,"yes",1,1,199,0.0226,0.02,0.00,"TAKEN AggregateExec (input rows 10000000 (exact) vs min_rows 250000; minmax_int over 2+ i64 keys (memory input): the measured table takes the 100k bucket(s) at 10M rows; MetalExec decides from a group-count estimate; output kept at one partition (only projections above it)) | LEFT MetalExec Aggregate { keys (handed back to DataFusion: an estimated 199 groups (195 to 206, Chao1 over a 512-row sample) at 10000000 rows: minmax_int at the 200 bucket is not taken at any measured size (needs 1.65x at two or more sizes; 1M: 0.47x, 2M: 0.60x, 5M: 0.87x, 10M: 1.10x, 50M: 1.30x); left to DataFusion (from the first 16384 rows of each partition))",11.75,2026-09-29 17:49:38,2026-09-29 17:50:05,2026-09-29 00:37:52,30,8.84,8.95,,,alternate,false,15.15,22.28,22.38,500,22.51,172.9,190.5,3
10000000,part1,gsweep,distinct_1i32_10k,"distinct, 1 i32 key(s), 10k groups in the key domain","SELECT DISTINCT k FROM grid",3.53,,,37.4,,30,,"yes",0.000e0,,,"LEFT AggregateExec (input rows 10000000 (exact) vs min_rows 250000; distinct over 1 i32 key (memory input): the measured table takes no group count at 10M rows (the first take is at 50M rows; results/datafusion_groupby_sweep_2026-09-29.csv)) | LEFT AggregateExec (Partial aggregate whose Final was not replaced)",,0,0.00,0.00,0.00,0.00,0.00,0,10000,3.25,4.90,100,0,,,,,,,3.57,38.0,4.21,"yes",0,0,0,0.0000,0.00,0.00,"LEFT AggregateExec (input rows 10000000 (exact) vs min_rows 250000; distinct over 1 i32 key (memory input): the measured table takes no group count at 10M rows (the first take is at 50M rows; results/datafusion_groupby_sweep_2026-09-29.csv)) | LEFT AggregateExec (Partial aggregate whose Final was not replaced)",3.82,2026-09-29 17:50:08,2026-09-29 17:50:39,2026-09-29 00:37:52,30,3.63,3.66,,,alternate,false,12.41,14.52,9.16,500,11.67,83.2,82.6,3
10000000,part1,gsweep,count_2i32_10k,"count, 2 i32 key(s), 10k groups in the key domain","SELECT k1, k2, count(*) AS n FROM grid GROUP BY k1, k2",8.97,,,100.4,,30,,"yes",0.000e0,,,"TAKEN AggregateExec (input rows 10000000 (exact) vs min_rows 250000; count over 2+ i32 keys (memory input): the measured table takes the 100k, 1M bucket(s) at 10M rows; MetalExec decides from a group-count estimate; output kept at one partition (only projections above it))",,0,0.00,0.00,0.00,0.00,0.00,0,10000,3.25,4.90,100,0,,,,,,,9.00,100.1,10.63,"yes",1,1,8290,0.0190,0.01,0.00,"TAKEN AggregateExec (input rows 10000000 (exact) vs min_rows 250000; count over 2+ i32 keys (memory input): the measured table takes the 100k, 1M bucket(s) at 10M rows; MetalExec decides from a group-count estimate; output kept at one partition (only projections above it)) | LEFT MetalExec Aggregate { keys (handed back to DataFusion: an estimated 8290 groups (5272 to 18434, Chao1 over a 512-row sample) at 10000000 rows: count at the 10k bucket is taken from 50M rows (1M: 0.84x, 2M: 0.93x, 5M: 1.40x, 10M: 1.80x, 50M: 2.10x); left to DataFusion (from the first 16384 rows of each partition))",10.51,2026-09-29 17:50:08,2026-09-29 17:50:39,2026-09-29 00:37:52,30,9.42,9.54,,,alternate,false,21.53,24.48,21.63,500,23.07,197.5,193.8,3
10000000,part1,gsweep,sum_int_2i32_10k,"sum_int, 2 i32 key(s), 10k groups in the key domain","SELECT k1, k2, sum(q) AS s FROM grid GROUP BY k1, k2",8.85,,,99.2,,30,,"yes",0.000e0,,,"LEFT AggregateExec (input rows 10000000 (exact) vs min_rows 250000; sum_avg_int over 2+ i32 keys (memory input): the measured table takes it at no group count and size (results/datafusion_groupby_sweep_2026-09-29.csv)) | LEFT AggregateExec (Partial aggregate whose Final was not replaced)",,0,0.00,0.00,0.00,0.00,0.00,0,10000,3.25,4.90,100,0,,,,,,,8.94,98.8,11.13,"yes",0,0,0,0.0000,0.00,0.00,"LEFT AggregateExec (input rows 10000000 (exact) vs min_rows 250000; sum_avg_int over 2+ i32 keys (memory input): the measured table takes it at no group count and size (results/datafusion_groupby_sweep_2026-09-29.csv)) | LEFT AggregateExec (Partial aggregate whose Final was not replaced)",12.40,2026-09-29 17:50:08,2026-09-29 17:50:39,2026-09-29 00:37:52,30,9.40,9.36,,,alternate,false,21.00,23.98,21.44,500,22.09,197.0,193.2,3
10000000,part1,gsweep,avg_int_2i32_10k,"avg_int, 2 i32 key(s), 10k groups in the key domain","SELECT k1, k2, avg(q) AS m FROM grid GROUP BY k1, k2",8.97,,,111.1,,30,,"yes",0.000e0,,,"LEFT AggregateExec (input rows 10000000 (exact) vs min_rows 250000; sum_avg_int over 2+ i32 keys (memory input): the measured table takes it at no group count and size (results/datafusion_groupby_sweep_2026-09-29.csv)) | LEFT AggregateExec (Partial aggregate whose Final was not replaced)",,0,0.00,0.00,0.00,0.00,0.00,0,10000,3.25,4.90,100,0,,,,,,,10.03,111.7,12.71,"yes",0,0,0,0.0000,0.00,0.00,"LEFT AggregateExec (input rows 10000000 (exact) vs min_rows 250000; sum_avg_int over 2+ i32 keys (memory input): the measured table takes it at no group count and size (results/datafusion_groupby_sweep_2026-09-29.csv)) | LEFT AggregateExec (Partial aggregate whose Final was not replaced)",13.83,2026-09-29 17:50:08,2026-09-29 17:50:39,2026-09-29 00:37:52,30,10.43,10.42,,,alternate,false,24.33,27.09,22.56,500,26.31,221.0,200.1,3
10000000,part1,gsweep,distinct_2i32_10k,"distinct, 2 i32 key(s), 10k groups in the key domain","SELECT DISTINCT k1, k2 FROM grid",8.08,,,92.2,,30,,"yes",0.000e0,,,"TAKEN AggregateExec (input rows 10000000 (exact) vs min_rows 250000; distinct over 2+ i32 keys (memory input): the measured table takes the 200, 1M bucket(s) at 10M rows; MetalExec decides from a group-count estimate; output kept at one partition (only projections above it))",,0,0.00,0.00,0.00,0.00,0.00,0,10000,3.25,4.90,100,0,,,,,,,8.12,91.5,11.57,"yes",1,1,8290,0.0170,0.01,0.00,"TAKEN AggregateExec (input rows 10000000 (exact) vs min_rows 250000; distinct over 2+ i32 keys (memory input): the measured table takes the 200, 1M bucket(s) at 10M rows; MetalExec decides from a group-count estimate; output kept at one partition (only projections above it)) | LEFT MetalExec Aggregate { keys (handed back to DataFusion: an estimated 8290 groups (5272 to 18434, Chao1 over a 512-row sample) at 10000000 rows: distinct at the 10k bucket is taken from 50M rows (1M: 0.88x, 2M: 0.98x, 5M: 1.40x, 10M: 1.80x, 50M: 2.10x); left to DataFusion (from the first 16384 rows of each partition))",11.40,2026-09-29 17:50:08,2026-09-29 17:50:39,2026-09-29 00:37:52,30,8.15,8.30,,,alternate,false,20.99,21.00,10.93,500,22.41,183.5,104.4,3
10000000,part1,gsweep,sum_int_1i64_10k,"sum_int, 1 i64 key(s), 10k groups in the key domain","SELECT kl, sum(q) AS s FROM grid GROUP BY kl",4.55,,,49.0,,30,,"yes",0.000e0,,,"LEFT AggregateExec (input rows 10000000 (exact) vs min_rows 250000; sum_avg_int over 1 i64 key (memory input): the measured table takes it at no group count and size (results/datafusion_groupby_sweep_2026-09-29.csv)) | LEFT AggregateExec (Partial aggregate whose Final was not replaced)",,0,0.00,0.00,0.00,0.00,0.00,0,10000,3.25,4.90,100,0,,,,,,,4.57,47.1,6.88,"yes",0,0,0,0.0000,0.00,0.00,"LEFT AggregateExec (input rows 10000000 (exact) vs min_rows 250000; sum_avg_int over 1 i64 key (memory input): the measured table takes it at no group count and size (results/datafusion_groupby_sweep_2026-09-29.csv)) | LEFT AggregateExec (Partial aggregate whose Final was not replaced)",6.84,2026-09-29 17:50:08,2026-09-29 17:50:39,2026-09-29 00:37:52,30,4.72,4.71,,,alternate,false,16.27,17.95,13.20,500,15.35,108.1,106.5,3
10000000,part1,gsweep,count_2i64_10k,"count, 2 i64 key(s), 10k groups in the key domain","SELECT kl1, kl2, count(*) AS n FROM grid GROUP BY kl1, kl2",9.31,,,102.5,,30,,"yes",0.000e0,,,"LEFT AggregateExec (input rows 10000000 (exact) vs min_rows 250000; count over 2+ i64 keys (memory input): the measured table takes it at no group count and size (results/datafusion_groupby_sweep_2026-09-29.csv)) | LEFT AggregateExec (Partial aggregate whose Final was not replaced)",,0,0.00,0.00,0.00,0.00,0.00,0,10000,3.25,4.90,100,0,,,,,,,9.35,102.8,12.61,"yes",0,0,0,0.0000,0.00,0.00,"LEFT AggregateExec (input rows 10000000 (exact) vs min_rows 250000; count over 2+ i64 keys (memory input): the measured table takes it at no group count and size (results/datafusion_groupby_sweep_2026-09-29.csv)) | LEFT AggregateExec (Partial aggregate whose Final was not replaced)",14.02,2026-09-29 17:50:08,2026-09-29 17:50:39,2026-09-29 00:37:52,30,9.67,9.76,,,alternate,false,22.83,23.76,23.64,500,23.64,208.0,202.8,3
10000000,part1,gsweep,minmax_int_2i64_10k,"minmax_int, 2 i64 key(s), 10k groups in the key domain","SELECT kl1, kl2, min(q) AS lo, max(q) AS hi FROM grid GROUP BY kl1, kl2",10.33,,,115.9,,30,,"yes",0.000e0,,,"TAKEN AggregateExec (input rows 10000000 (exact) vs min_rows 250000; minmax_int over 2+ i64 keys (memory input): the measured table takes the 100k bucket(s) at 10M rows; MetalExec decides from a group-count estimate; output kept at one partition (only projections above it))",,0,0.00,0.00,0.00,0.00,0.00,0,10000,3.25,4.90,100,0,,,,,,,10.42,116.6,12.91,"yes",1,1,8290,0.0225,0.01,0.00,"TAKEN AggregateExec (input rows 10000000 (exact) vs min_rows 250000; minmax_int over 2+ i64 keys (memory input): the measured table takes the 100k bucket(s) at 10M rows; MetalExec decides from a group-count estimate; output kept at one partition (only projections above it)) | LEFT MetalExec Aggregate { keys (handed back to DataFusion: an estimated 8290 groups (5272 to 18434, Chao1 over a 512-row sample) at 10000000 rows: minmax_int at the 10k bucket is not taken at any measured size (needs 1.65x at two or more sizes; 1M: 0.76x, 2M: 0.89x, 5M: 1.00x, 10M: 1.10x, 50M: 1.10x); left to DataFusion (from the first 16384 rows of each partition))",14.02,2026-09-29 17:50:08,2026-09-29 17:50:39,2026-09-29 00:37:52,30,10.75,10.96,,,alternate,false,24.72,25.82,11.78,500,22.60,222.4,115.9,3
10000000,part1,gsweep,avg_f64_1i32_100k,"avg_f64, 1 i32 key(s), 100k groups in the key domain","SELECT k, avg(x) AS m FROM grid GROUP BY k",11.54,,,138.1,,30,,"yes",3.331e-16,,,"LEFT AggregateExec (input rows 10000000 (exact) vs min_rows 250000; sum_avg_f64 over 1 i32 key (memory input): the measured table takes it at no group count and size (results/datafusion_groupby_sweep_2026-09-29.csv)) | LEFT AggregateExec (Partial aggregate whose Final was not replaced)",,0,0.00,0.00,0.00,0.00,0.00,0,100000,3.37,4.93,100,0,,,,,,,11.73,144.2,13.75,"yes",0,0,0,0.0000,0.00,0.00,"LEFT AggregateExec (input rows 10000000 (exact) vs min_rows 250000; sum_avg_f64 over 1 i32 key (memory input): the measured table takes it at no group count and size (results/datafusion_groupby_sweep_2026-09-29.csv)) | LEFT AggregateExec (Partial aggregate whose Final was not replaced)",13.47,2026-09-29 17:51:22,2026-09-29 17:51:57,2026-09-29 00:37:52,30,12.81,12.99,,,alternate,false,28.19,31.59,29.67,500,32.21,242.5,293.0,3
10000000,part1,gsweep,count_2i32_100k,"count, 2 i32 key(s), 100k groups in the key domain","SELECT k1, k2, count(*) AS n FROM grid GROUP BY k1, k2",14.48,,,180.1,,15,,"yes",0.000e0,,,"TAKEN AggregateExec (input rows 10000000 (exact) vs min_rows 250000; count over 2+ i32 keys (memory input): the measured table takes the 100k, 1M bucket(s) at 10M rows; MetalExec decides from a group-count estimate; output kept at one partition (only projections above it))",,0,0.00,0.00,0.00,0.00,0.00,0,100000,3.37,4.93,100,24,,,,,,,4.80,10.4,18.14,"yes",1,0,85483,0.1231,0.18,3.28,"TAKEN AggregateExec (input rows 10000000 (exact) vs min_rows 250000; count over 2+ i32 keys (memory input): the measured table takes the 100k, 1M bucket(s) at 10M rows; MetalExec decides from a group-count estimate; output kept at one partition (only projections above it)) | TAKEN MetalExec Aggregate { keys (ran on ArrowMetal: an estimated 85483 groups (58302 to 151410, Chao1 over a 2048-row sample) at 10000000 rows: count at the 100k bucket is taken from 10M rows (from the first rows of each partition; a 2048-row sample of the whole input puts it at 77259 to 255922 groups))",24.49,2026-09-29 17:51:22,2026-09-29 17:51:57,2026-09-29 00:37:52,3,14.98,6.26,,,rounds,true,15.39,19.69,31.52,500,31.64,23.8,314.4,3
10000000,part1,gsweep,avg_int_2i32_100k,"avg_int, 2 i32 key(s), 100k groups in the key domain","SELECT k1, k2, avg(q) AS m FROM grid GROUP BY k1, k2",17.37,,,222.5,,30,,"yes",0.000e0,,,"LEFT AggregateExec (input rows 10000000 (exact) vs min_rows 250000; sum_avg_int over 2+ i32 keys (memory input): the measured table takes it at no group count and size (results/datafusion_groupby_sweep_2026-09-29.csv)) | LEFT AggregateExec (Partial aggregate whose Final was not replaced)",,0,0.00,0.00,0.00,0.00,0.00,0,100000,3.37,4.93,100,0,,,,,,,17.41,220.4,19.02,"yes",0,0,0,0.0000,0.00,0.00,"LEFT AggregateExec (input rows 10000000 (exact) vs min_rows 250000; sum_avg_int over 2+ i32 keys (memory input): the measured table takes it at no group count and size (results/datafusion_groupby_sweep_2026-09-29.csv)) | LEFT AggregateExec (Partial aggregate whose Final was not replaced)",22.28,2026-09-29 17:51:22,2026-09-29 17:51:57,2026-09-29 00:37:52,30,17.99,17.88,,,alternate,false,21.77,25.32,33.00,500,33.86,307.2,361.9,3
10000000,part1,gsweep,distinct_2i32_100k,"distinct, 2 i32 key(s), 100k groups in the key domain","SELECT DISTINCT k1, k2 FROM grid",12.59,,,155.0,,30,,"yes",0.000e0,,,"TAKEN AggregateExec (input rows 10000000 (exact) vs min_rows 250000; distinct over 2+ i32 keys (memory input): the measured table takes the 200, 1M bucket(s) at 10M rows; MetalExec decides from a group-count estimate; output kept at one partition (only projections above it))",,0,0.00,0.00,0.00,0.00,0.00,0,100000,3.37,4.93,100,0,,,,,,,12.79,156.7,15.06,"yes",1,1,85483,0.0562,0.01,0.00,"TAKEN AggregateExec (input rows 10000000 (exact) vs min_rows 250000; distinct over 2+ i32 keys (memory input): the measured table takes the 200, 1M bucket(s) at 10M rows; MetalExec decides from a group-count estimate; output kept at one partition (only projections above it)) | LEFT MetalExec Aggregate { keys (handed back to DataFusion: an estimated 85483 groups (58302 to 151410, Chao1 over a 2048-row sample) at 10000000 rows: distinct at the 100k bucket is taken from 50M rows (1M: 1.30x, 2M: 1.50x, 5M: 1.70x, 10M: 2.60x, 50M: 3.00x); left to DataFusion (from the first 16384 rows of each partition))",16.34,2026-09-29 17:51:22,2026-09-29 17:51:57,2026-09-29 00:37:52,30,13.44,13.74,,,alternate,false,23.84,30.00,27.73,500,30.66,276.3,284.5,3
10000000,part1,gsweep,sum_f64_1i64_100k,"sum_f64, 1 i64 key(s), 100k groups in the key domain","SELECT kl, sum(x) AS s FROM grid GROUP BY kl",10.14,,,131.1,,30,,"yes",6.489e-16,,,"LEFT AggregateExec (input rows 10000000 (exact) vs min_rows 250000; sum_avg_f64 over 1 i64 key (memory input): the measured table takes it at no group count and size (results/datafusion_groupby_sweep_2026-09-29.csv)) | LEFT AggregateExec (Partial aggregate whose Final was not replaced)",,0,0.00,0.00,0.00,0.00,0.00,0,100000,3.37,4.93,100,0,,,,,,,10.06,125.9,11.50,"yes",0,0,0,0.0000,0.00,0.00,"LEFT AggregateExec (input rows 10000000 (exact) vs min_rows 250000; sum_avg_f64 over 1 i64 key (memory input): the measured table takes it at no group count and size (results/datafusion_groupby_sweep_2026-09-29.csv)) | LEFT AggregateExec (Partial aggregate whose Final was not replaced)",11.00,2026-09-29 17:51:22,2026-09-29 17:51:57,2026-09-29 00:37:52,30,11.25,11.27,,,alternate,false,23.41,26.15,25.10,500,25.13,242.2,248.5,3
10000000,part1,gsweep,minmax_f64_2i64_100k,"minmax_f64, 2 i64 key(s), 100k groups in the key domain","SELECT kl1, kl2, min(x) AS lo, max(x) AS hi FROM grid GROUP BY kl1, kl2",21.76,,,296.0,,30,,"yes",0.000e0,,,"LEFT AggregateExec (input rows 10000000 (exact) vs min_rows 250000; minmax_f64 over 2+ i64 keys (memory input): the measured table takes it at no group count and size (results/datafusion_groupby_sweep_2026-09-29.csv)) | LEFT AggregateExec (Partial aggregate whose Final was not replaced)",,0,0.00,0.00,0.00,0.00,0.00,0,100000,3.37,4.93,100,0,,,,,,,22.16,298.7,25.77,"yes",0,0,0,0.0000,0.00,0.00,"LEFT AggregateExec (input rows 10000000 (exact) vs min_rows 250000; minmax_f64 over 2+ i64 keys (memory input): the measured table takes it at no group count and size (results/datafusion_groupby_sweep_2026-09-29.csv)) | LEFT AggregateExec (Partial aggregate whose Final was not replaced)",27.21,2026-09-29 17:51:22,2026-09-29 17:51:57,2026-09-29 00:37:52,30,22.62,23.14,,,alternate,false,39.00,40.03,37.66,500,38.15,452.9,456.8,3
10000000,part1,gsweep,avg_int_2i64_100k,"avg_int, 2 i64 key(s), 100k groups in the key domain","SELECT kl1, kl2, avg(q) AS m FROM grid GROUP BY kl1, kl2",19.10,,,261.9,,30,,"yes",0.000e0,,,"LEFT AggregateExec (input rows 10000000 (exact) vs min_rows 250000; sum_avg_int over 2+ i64 keys (memory input): the measured table takes it at no group count and size (results/datafusion_groupby_sweep_2026-09-29.csv)) | LEFT AggregateExec (Partial aggregate whose Final was not replaced)",,0,0.00,0.00,0.00,0.00,0.00,0,100000,3.37,4.93,100,0,,,,,,,19.23,262.4,20.75,"yes",0,0,0,0.0000,0.00,0.00,"LEFT AggregateExec (input rows 10000000 (exact) vs min_rows 250000; sum_avg_int over 2+ i64 keys (memory input): the measured table takes it at no group count and size (results/datafusion_groupby_sweep_2026-09-29.csv)) | LEFT AggregateExec (Partial aggregate whose Final was not replaced)",21.84,2026-09-29 17:51:22,2026-09-29 17:51:57,2026-09-29 00:37:52,30,20.23,20.28,,,alternate,false,31.01,35.39,36.05,500,40.11,372.7,397.5,3
10000000,part1,gsweep,minmax_int_2i64_100k,"minmax_int, 2 i64 key(s), 100k groups in the key domain","SELECT kl1, kl2, min(q) AS lo, max(q) AS hi FROM grid GROUP BY kl1, kl2",21.24,,,285.2,,15,,"yes",0.000e0,,,"TAKEN AggregateExec (input rows 10000000 (exact) vs min_rows 250000; minmax_int over 2+ i64 keys (memory input): the measured table takes the 100k bucket(s) at 10M rows; MetalExec decides from a group-count estimate; output kept at one partition (only projections above it))",,0,0.00,0.00,0.00,0.00,0.00,0,100000,3.37,4.93,100,18,,,,,,,10.17,26.6,30.18,"yes",1,0,85483,0.1340,0.22,7.14,"TAKEN AggregateExec (input rows 10000000 (exact) vs min_rows 250000; minmax_int over 2+ i64 keys (memory input): the measured table takes the 100k bucket(s) at 10M rows; MetalExec decides from a group-count estimate; output kept at one partition (only projections above it)) | TAKEN MetalExec Aggregate { keys (ran on ArrowMetal: an estimated 85483 groups (58302 to 151410, Chao1 over a 2048-row sample) at 10000000 rows: minmax_int at the 100k bucket is taken from 5M rows (from the first rows of each partition; a 2048-row sample of the whole input puts it at 77259 to 255922 groups))",23.41,2026-09-29 17:51:22,2026-09-29 17:51:57,2026-09-29 00:37:52,3,21.56,10.44,,,rounds,true,33.94,50.23,36.30,500,40.74,67.0,434.3,3
10000000,part1,gsweep,count_1i32_1M,"count, 1 i32 key(s), 1M groups in the key domain","SELECT k, count(*) AS n FROM grid GROUP BY k",13.26,,,187.6,,30,,"yes",0.000e0,,,"LEFT AggregateExec (input rows 10000000 (exact) vs min_rows 250000; count over 1 i32 key (memory input): the measured table takes it at no group count and size (results/datafusion_groupby_sweep_2026-09-29.csv)) | LEFT AggregateExec (Partial aggregate whose Final was not replaced)",,0,0.00,0.00,0.00,0.00,0.00,0,999951,3.49,3.63,100,0,,,,,,,13.30,189.2,13.32,"yes",0,0,0,0.0000,0.00,0.00,"LEFT AggregateExec (input rows 10000000 (exact) vs min_rows 250000; count over 1 i32 key (memory input): the measured table takes it at no group count and size (results/datafusion_groupby_sweep_2026-09-29.csv)) | LEFT AggregateExec (Partial aggregate whose Final was not replaced)",14.07,2026-09-29 17:52:40,2026-09-29 17:53:17,2026-09-29 00:37:52,30,14.00,13.90,,,alternate,false,29.38,31.13,30.57,500,31.97,331.9,333.0,3
10000000,part1,gsweep,minmax_f64_1i32_1M,"minmax_f64, 1 i32 key(s), 1M groups in the key domain","SELECT k, min(x) AS lo, max(x) AS hi FROM grid GROUP BY k",18.72,,,274.2,,30,,"yes",0.000e0,,,"LEFT AggregateExec (input rows 10000000 (exact) vs min_rows 250000; minmax_f64 over 1 i32 key (memory input): the measured table takes it at no group count and size (results/datafusion_groupby_sweep_2026-09-29.csv)) | LEFT AggregateExec (Partial aggregate whose Final was not replaced)",,0,0.00,0.00,0.00,0.00,0.00,0,999951,3.49,3.63,100,0,,,,,,,18.78,274.2,19.91,"yes",0,0,0,0.0000,0.00,0.00,"LEFT AggregateExec (input rows 10000000 (exact) vs min_rows 250000; minmax_f64 over 1 i32 key (memory input): the measured table takes it at no group count and size (results/datafusion_groupby_sweep_2026-09-29.csv)) | LEFT AggregateExec (Partial aggregate whose Final was not replaced)",21.33,2026-09-29 17:52:40,2026-09-29 17:53:17,2026-09-29 00:37:52,30,19.87,20.28,,,alternate,false,33.06,36.49,34.95,500,38.42,412.8,423.2,3
10000000,part1,gsweep,avg_int_1i32_1M,"avg_int, 1 i32 key(s), 1M groups in the key domain","SELECT k, avg(q) AS m FROM grid GROUP BY k",16.91,,,240.5,,30,,"yes",0.000e0,,,"LEFT AggregateExec (input rows 10000000 (exact) vs min_rows 250000; sum_avg_int over 1 i32 key (memory input): the measured table takes it at no group count and size (results/datafusion_groupby_sweep_2026-09-29.csv)) | LEFT AggregateExec (Partial aggregate whose Final was not replaced)",,0,0.00,0.00,0.00,0.00,0.00,0,999951,3.49,3.63,100,0,,,,,,,16.74,240.8,18.56,"yes",0,0,0,0.0000,0.00,0.00,"LEFT AggregateExec (input rows 10000000 (exact) vs min_rows 250000; sum_avg_int over 1 i32 key (memory input): the measured table takes it at no group count and size (results/datafusion_groupby_sweep_2026-09-29.csv)) | LEFT AggregateExec (Partial aggregate whose Final was not replaced)",18.15,2026-09-29 17:52:40,2026-09-29 17:53:17,2026-09-29 00:37:52,30,17.43,17.41,,,alternate,false,34.23,37.18,34.98,500,35.72,387.9,389.7,3
10000000,part1,gsweep,distinct_1i32_1M,"distinct, 1 i32 key(s), 1M groups in the key domain","SELECT DISTINCT k FROM grid",9.77,,,142.3,,30,,"yes",0.000e0,,,"LEFT AggregateExec (input rows 10000000 (exact) vs min_rows 250000; distinct over 1 i32 key (memory input): the measured table takes no group count at 10M rows (the first take is at 50M rows; results/datafusion_groupby_sweep_2026-09-29.csv)) | LEFT AggregateExec (Partial aggregate whose Final was not replaced)",,0,0.00,0.00,0.00,0.00,0.00,0,999951,3.49,3.63,100,0,,,,,,,10.01,143.9,10.93,"yes",0,0,0,0.0000,0.00,0.00,"LEFT AggregateExec (input rows 10000000 (exact) vs min_rows 250000; distinct over 1 i32 key (memory input): the measured table takes no group count at 10M rows (the first take is at 50M rows; results/datafusion_groupby_sweep_2026-09-29.csv)) | LEFT AggregateExec (Partial aggregate whose Final was not replaced)",12.91,2026-09-29 17:52:40,2026-09-29 17:53:17,2026-09-29 00:37:52,30,10.58,10.65,,,alternate,false,16.90,25.73,24.75,500,25.57,225.9,258.8,3
10000000,part1,gsweep,count_2i32_1M,"count, 2 i32 key(s), 1M groups in the key domain","SELECT k1, k2, count(*) AS n FROM grid GROUP BY k1, k2",17.41,,,256.0,,15,,"yes",0.000e0,,,"TAKEN AggregateExec (input rows 10000000 (exact) vs min_rows 250000; count over 2+ i32 keys (memory input): the measured table takes the 100k, 1M bucket(s) at 10M rows; MetalExec decides from a group-count estimate; output kept at one partition (only projections above it))",,0,0.00,0.00,0.00,0.00,0.00,0,999943,3.49,3.63,100,21,,,,,,,6.34,12.1,21.34,"yes",1,0,1040798,0.1888,0.18,4.57,"TAKEN AggregateExec (input rows 10000000 (exact) vs min_rows 250000; count over 2+ i32 keys (memory input): the measured table takes the 100k, 1M bucket(s) at 10M rows; MetalExec decides from a group-count estimate; output kept at one partition (only projections above it)) | TAKEN MetalExec Aggregate { keys (ran on ArrowMetal: an estimated 1040798 groups (740276 to 1671653, Chao1 over a 8192-row sample) at 10000000 rows: count at the 1M bucket is taken from 10M rows (from the first rows of each partition; a 2048-row sample of the whole input puts it at 222231 to 10000000 groups))",21.97,2026-09-29 17:52:40,2026-09-29 17:53:17,2026-09-29 00:37:52,3,17.72,6.43,,,rounds,true,18.88,25.59,32.65,500,34.61,22.9,372.7,3
10000000,part1,gsweep,distinct_2i32_1M,"distinct, 2 i32 key(s), 1M groups in the key domain","SELECT DISTINCT k1, k2 FROM grid",14.43,,,208.2,,15,,"yes",0.000e0,,,"TAKEN AggregateExec (input rows 10000000 (exact) vs min_rows 250000; distinct over 2+ i32 keys (memory input): the measured table takes the 200, 1M bucket(s) at 10M rows; MetalExec decides from a group-count estimate; output kept at one partition (only projections above it))",,0,0.00,0.00,0.00,0.00,0.00,0,999943,3.49,3.63,100,24,,,,,,,5.34,11.1,10.66,"yes",1,0,1040798,0.1877,0.18,3.65,"TAKEN AggregateExec (input rows 10000000 (exact) vs min_rows 250000; distinct over 2+ i32 keys (memory input): the measured table takes the 200, 1M bucket(s) at 10M rows; MetalExec decides from a group-count estimate; output kept at one partition (only projections above it)) | TAKEN MetalExec Aggregate { keys (ran on ArrowMetal: an estimated 1040798 groups (740276 to 1671653, Chao1 over a 8192-row sample) at 10000000 rows: distinct at the 1M bucket is taken from 10M rows (from the first rows of each partition; a 2048-row sample of the whole input puts it at 222231 to 10000000 groups))",18.70,2026-09-29 17:52:40,2026-09-29 17:53:17,2026-09-29 00:37:52,3,14.49,5.63,,,rounds,true,24.39,28.12,31.87,500,31.92,35.8,346.1,3
10000000,part1,gsweep,minmax_f64_2i64_1M,"minmax_f64, 2 i64 key(s), 1M groups in the key domain","SELECT kl1, kl2, min(x) AS lo, max(x) AS hi FROM grid GROUP BY kl1, kl2",26.01,,,384.8,,30,,"yes",0.000e0,,,"LEFT AggregateExec (input rows 10000000 (exact) vs min_rows 250000; minmax_f64 over 2+ i64 keys (memory input): the measured table takes it at no group count and size (results/datafusion_groupby_sweep_2026-09-29.csv)) | LEFT AggregateExec (Partial aggregate whose Final was not replaced)",,0,0.00,0.00,0.00,0.00,0.00,0,999943,3.49,3.63,100,0,,,,,,,26.41,380.6,31.58,"yes",0,0,0,0.0000,0.00,0.00,"LEFT AggregateExec (input rows 10000000 (exact) vs min_rows 250000; minmax_f64 over 2+ i64 keys (memory input): the measured table takes it at no group count and size (results/datafusion_groupby_sweep_2026-09-29.csv)) | LEFT AggregateExec (Partial aggregate whose Final was not replaced)",36.73,2026-09-29 17:52:40,2026-09-29 17:53:17,2026-09-29 00:37:52,30,27.51,27.56,,,alternate,false,43.51,44.66,44.25,500,46.30,545.2,495.8,3
10000000,part1,gsweep,minmax_int_2i64_1M,"minmax_int, 2 i64 key(s), 1M groups in the key domain","SELECT kl1, kl2, min(q) AS lo, max(q) AS hi FROM grid GROUP BY kl1, kl2",25.93,,,377.7,,30,,"yes",0.000e0,,,"TAKEN AggregateExec (input rows 10000000 (exact) vs min_rows 250000; minmax_int over 2+ i64 keys (memory input): the measured table takes the 100k bucket(s) at 10M rows; MetalExec decides from a group-count estimate; output kept at one partition (only projections above it))",,0,0.00,0.00,0.00,0.00,0.00,0,999943,3.49,3.63,100,0,,,,,,,26.22,377.6,26.87,"yes",1,1,2098176,0.0697,0.02,0.00,"TAKEN AggregateExec (input rows 10000000 (exact) vs min_rows 250000; minmax_int over 2+ i64 keys (memory input): the measured table takes the 100k bucket(s) at 10M rows; MetalExec decides from a group-count estimate; output kept at one partition (only projections above it)) | LEFT MetalExec Aggregate { keys (handed back to DataFusion: an estimated 2098176 groups (700757 to 10000000, Chao1 over a 2048-row sample) at 10000000 rows: minmax_int at the 1M bucket is not taken at any measured size (needs 1.65x at two or more sizes; 5M: 1.60x, 10M: 1.80x, 50M: 1.80x); left to DataFusion (from the first 16384 rows of each partition))",28.33,2026-09-29 17:52:40,2026-09-29 17:53:17,2026-09-29 00:37:52,30,26.68,26.78,,,alternate,false,45.82,46.57,41.98,500,47.87,541.0,496.4,3
10000000,part1,gsweep,minmax_int_1i32_R2,"minmax_int, 1 i32 key(s), R2 groups in the key domain","SELECT k, min(q) AS lo, max(q) AS hi FROM grid GROUP BY k",30.44,,,451.6,,30,,"yes",0.000e0,,,"LEFT AggregateExec (input rows 10000000 (exact) vs min_rows 250000; minmax_int over 1 i32 key (memory input): the measured table takes it at no group count and size (results/datafusion_groupby_sweep_2026-09-29.csv)) | LEFT AggregateExec (Partial aggregate whose Final was not replaced)",,0,0.00,0.00,0.00,0.00,0.00,0,4323738,3.25,5.53,100,0,,,,,,,30.31,447.6,34.18,"yes",0,0,0,0.0000,0.00,0.00,"LEFT AggregateExec (input rows 10000000 (exact) vs min_rows 250000; minmax_int over 1 i32 key (memory input): the measured table takes it at no group count and size (results/datafusion_groupby_sweep_2026-09-29.csv)) | LEFT AggregateExec (Partial aggregate whose Final was not replaced)",32.26,2026-09-29 17:53:40,2026-09-29 17:54:49,2026-09-29 00:37:52,30,32.09,31.92,,,alternate,false,44.85,51.29,43.70,500,49.76,608.1,606.8,3
10000000,part1,gsweep,distinct_1i32_R2,"distinct, 1 i32 key(s), R2 groups in the key domain","SELECT DISTINCT k FROM grid",17.68,,,250.8,,30,,"yes",0.000e0,,,"LEFT AggregateExec (input rows 10000000 (exact) vs min_rows 250000; distinct over 1 i32 key (memory input): the measured table takes no group count at 10M rows (the first take is at 50M rows; results/datafusion_groupby_sweep_2026-09-29.csv)) | LEFT AggregateExec (Partial aggregate whose Final was not replaced)",,0,0.00,0.00,0.00,0.00,0.00,0,4323738,3.25,5.53,100,0,,,,,,,17.34,250.1,20.73,"yes",0,0,0,0.0000,0.00,0.00,"LEFT AggregateExec (input rows 10000000 (exact) vs min_rows 250000; distinct over 1 i32 key (memory input): the measured table takes no group count at 10M rows (the first take is at 50M rows; results/datafusion_groupby_sweep_2026-09-29.csv)) | LEFT AggregateExec (Partial aggregate whose Final was not replaced)",21.38,2026-09-29 17:53:40,2026-09-29 17:54:49,2026-09-29 00:37:52,30,19.38,19.38,,,alternate,false,35.07,36.04,37.34,500,38.31,432.5,427.5,3
10000000,part1,gsweep,count_2i32_R2,"count, 2 i32 key(s), R2 groups in the key domain","SELECT k1, k2, count(*) AS n FROM grid GROUP BY k1, k2",27.47,,,405.8,,30,,"yes",0.000e0,,,"TAKEN AggregateExec (input rows 10000000 (exact) vs min_rows 250000; count over 2+ i32 keys (memory input): the measured table takes the 100k, 1M bucket(s) at 10M rows; MetalExec decides from a group-count estimate; output kept at one partition (only projections above it))",,0,0.00,0.00,0.00,0.00,0.00,0,4321209,3.25,5.53,100,0,,,,,,,27.56,403.3,29.12,"yes",1,1,3348488,0.1495,0.01,0.00,"TAKEN AggregateExec (input rows 10000000 (exact) vs min_rows 250000; count over 2+ i32 keys (memory input): the measured table takes the 100k, 1M bucket(s) at 10M rows; MetalExec decides from a group-count estimate; output kept at one partition (only projections above it)) | LEFT MetalExec Aggregate { keys (handed back to DataFusion: an estimated 3348488 groups (1863908 to 10000000, Chao1 over a 8192-row sample) at 10000000 rows: the range reaches group counts the table decides differently; left to DataFusion (from the first 16384 rows of each partition))",27.93,2026-09-29 17:53:40,2026-09-29 17:54:49,2026-09-29 00:37:52,30,28.37,28.68,,,alternate,false,45.82,46.75,45.82,500,48.13,554.9,566.6,3
10000000,part1,gsweep,sum_f64_2i32_R2,"sum_f64, 2 i32 key(s), R2 groups in the key domain","SELECT k1, k2, sum(x) AS s FROM grid GROUP BY k1, k2",27.17,,,401.8,,30,,"yes",4.466e-16,,,"LEFT AggregateExec (input rows 10000000 (exact) vs min_rows 250000; sum_avg_f64 over 2+ i32 keys (memory input): the measured table takes it at no group count and size (results/datafusion_groupby_sweep_2026-09-29.csv)) | LEFT AggregateExec (Partial aggregate whose Final was not replaced)",,0,0.00,0.00,0.00,0.00,0.00,0,4321209,3.25,5.53,100,0,,,,,,,26.97,398.4,28.23,"yes",0,0,0,0.0000,0.00,0.00,"LEFT AggregateExec (input rows 10000000 (exact) vs min_rows 250000; sum_avg_f64 over 2+ i32 keys (memory input): the measured table takes it at no group count and size (results/datafusion_groupby_sweep_2026-09-29.csv)) | LEFT AggregateExec (Partial aggregate whose Final was not replaced)",29.75,2026-09-29 17:53:40,2026-09-29 17:54:49,2026-09-29 00:37:52,30,28.10,28.41,,,alternate,false,45.41,45.47,36.01,500,45.71,572.3,496.8,3
10000000,part1,gsweep,avg_f64_2i32_R2,"avg_f64, 2 i32 key(s), R2 groups in the key domain","SELECT k1, k2, avg(x) AS m FROM grid GROUP BY k1, k2",31.80,,,465.4,,30,,"yes",3.331e-16,,,"LEFT AggregateExec (input rows 10000000 (exact) vs min_rows 250000; sum_avg_f64 over 2+ i32 keys (memory input): the measured table takes it at no group count and size (results/datafusion_groupby_sweep_2026-09-29.csv)) | LEFT AggregateExec (Partial aggregate whose Final was not replaced)",,0,0.00,0.00,0.00,0.00,0.00,0,4321209,3.25,5.53,100,0,,,,,,,31.78,475.0,33.85,"yes",0,0,0,0.0000,0.00,0.00,"LEFT AggregateExec (input rows 10000000 (exact) vs min_rows 250000; sum_avg_f64 over 2+ i32 keys (memory input): the measured table takes it at no group count and size (results/datafusion_groupby_sweep_2026-09-29.csv)) | LEFT AggregateExec (Partial aggregate whose Final was not replaced)",35.04,2026-09-29 17:53:40,2026-09-29 17:54:49,2026-09-29 00:37:52,30,32.88,32.77,,,alternate,false,50.67,52.97,51.15,500,51.32,640.8,613.6,3
10000000,part1,gsweep,distinct_2i32_R2,"distinct, 2 i32 key(s), R2 groups in the key domain","SELECT DISTINCT k1, k2 FROM grid",22.11,,,323.9,,30,,"yes",0.000e0,,,"TAKEN AggregateExec (input rows 10000000 (exact) vs min_rows 250000; distinct over 2+ i32 keys (memory input): the measured table takes the 200, 1M bucket(s) at 10M rows; MetalExec decides from a group-count estimate; output kept at one partition (only projections above it))",,0,0.00,0.00,0.00,0.00,0.00,0,4321209,3.25,5.53,100,0,,,,,,,22.23,321.7,23.81,"yes",1,1,3348488,0.1586,0.01,0.00,"TAKEN AggregateExec (input rows 10000000 (exact) vs min_rows 250000; distinct over 2+ i32 keys (memory input): the measured table takes the 200, 1M bucket(s) at 10M rows; MetalExec decides from a group-count estimate; output kept at one partition (only projections above it)) | LEFT MetalExec Aggregate { keys (handed back to DataFusion: an estimated 3348488 groups (1863908 to 10000000, Chao1 over a 8192-row sample) at 10000000 rows: the range reaches group counts the table decides differently; left to DataFusion (from the first 16384 rows of each partition))",25.09,2026-09-29 17:53:40,2026-09-29 17:54:49,2026-09-29 00:37:52,30,23.37,23.53,,,alternate,false,32.17,41.84,39.71,500,41.86,428.1,490.5,3
10000000,part1,gsweep,sum_f64_1i64_R2,"sum_f64, 1 i64 key(s), R2 groups in the key domain","SELECT kl, sum(x) AS s FROM grid GROUP BY kl",25.78,,,371.5,,30,,"yes",4.438e-16,,,"LEFT AggregateExec (input rows 10000000 (exact) vs min_rows 250000; sum_avg_f64 over 1 i64 key (memory input): the measured table takes it at no group count and size (results/datafusion_groupby_sweep_2026-09-29.csv)) | LEFT AggregateExec (Partial aggregate whose Final was not replaced)",,0,0.00,0.00,0.00,0.00,0.00,0,4323738,3.25,5.53,100,0,,,,,,,25.34,359.1,26.52,"yes",0,0,0,0.0000,0.00,0.00,"LEFT AggregateExec (input rows 10000000 (exact) vs min_rows 250000; sum_avg_f64 over 1 i64 key (memory input): the measured table takes it at no group count and size (results/datafusion_groupby_sweep_2026-09-29.csv)) | LEFT AggregateExec (Partial aggregate whose Final was not replaced)",30.81,2026-09-29 17:53:40,2026-09-29 17:54:49,2026-09-29 00:37:52,30,27.48,27.39,,,alternate,false,45.68,45.98,45.60,500,45.78,568.3,562.1,3
10000000,part1,gsweep,count_2i64_R2,"count, 2 i64 key(s), R2 groups in the key domain","SELECT kl1, kl2, count(*) AS n FROM grid GROUP BY kl1, kl2",31.94,,,465.9,,30,,"yes",0.000e0,,,"LEFT AggregateExec (input rows 10000000 (exact) vs min_rows 250000; count over 2+ i64 keys (memory input): the measured table takes it at no group count and size (results/datafusion_groupby_sweep_2026-09-29.csv)) | LEFT AggregateExec (Partial aggregate whose Final was not replaced)",,0,0.00,0.00,0.00,0.00,0.00,0,4321209,3.25,5.53,100,0,,,,,,,32.08,467.4,32.65,"yes",0,0,0,0.0000,0.00,0.00,"LEFT AggregateExec (input rows 10000000 (exact) vs min_rows 250000; count over 2+ i64 keys (memory input): the measured table takes it at no group count and size (results/datafusion_groupby_sweep_2026-09-29.csv)) | LEFT AggregateExec (Partial aggregate whose Final was not replaced)",32.69,2026-09-29 17:53:40,2026-09-29 17:54:49,2026-09-29 00:37:52,30,33.45,33.65,,,alternate,false,50.23,52.92,51.16,500,52.69,629.0,635.5,3
10000000,part1,gsweep,minmax_f64_2i64_R2,"minmax_f64, 2 i64 key(s), R2 groups in the key domain","SELECT kl1, kl2, min(x) AS lo, max(x) AS hi FROM grid GROUP BY kl1, kl2",39.68,,,588.0,,30,,"yes",0.000e0,,,"LEFT AggregateExec (input rows 10000000 (exact) vs min_rows 250000; minmax_f64 over 2+ i64 keys (memory input): the measured table takes it at no group count and size (results/datafusion_groupby_sweep_2026-09-29.csv)) | LEFT AggregateExec (Partial aggregate whose Final was not replaced)",,0,0.00,0.00,0.00,0.00,0.00,0,4321209,3.25,5.53,100,0,,,,,,,39.47,585.4,41.19,"yes",0,0,0,0.0000,0.00,0.00,"LEFT AggregateExec (input rows 10000000 (exact) vs min_rows 250000; minmax_f64 over 2+ i64 keys (memory input): the measured table takes it at no group count and size (results/datafusion_groupby_sweep_2026-09-29.csv)) | LEFT AggregateExec (Partial aggregate whose Final was not replaced)",41.93,2026-09-29 17:53:40,2026-09-29 17:54:49,2026-09-29 00:37:52,30,41.28,40.93,,,alternate,false,58.56,59.76,58.04,500,60.90,785.8,773.5,3
10000000,part1,gsweep,avg_int_2i64_R2,"avg_int, 2 i64 key(s), R2 groups in the key domain","SELECT kl1, kl2, avg(q) AS m FROM grid GROUP BY kl1, kl2",36.07,,,532.2,,30,,"yes",0.000e0,,,"LEFT AggregateExec (input rows 10000000 (exact) vs min_rows 250000; sum_avg_int over 2+ i64 keys (memory input): the measured table takes it at no group count and size (results/datafusion_groupby_sweep_2026-09-29.csv)) | LEFT AggregateExec (Partial aggregate whose Final was not replaced)",,0,0.00,0.00,0.00,0.00,0.00,0,4321209,3.25,5.53,100,0,,,,,,,36.61,532.5,37.39,"yes",0,0,0,0.0000,0.00,0.00,"LEFT AggregateExec (input rows 10000000 (exact) vs min_rows 250000; sum_avg_int over 2+ i64 keys (memory input): the measured table takes it at no group count and size (results/datafusion_groupby_sweep_2026-09-29.csv)) | LEFT AggregateExec (Partial aggregate whose Final was not replaced)",37.81,2026-09-29 17:53:40,2026-09-29 17:54:49,2026-09-29 00:37:52,30,37.53,37.57,,,alternate,false,46.82,50.62,52.90,500,55.06,668.7,681.7,3
10000000,part1,gsweep,minmax_int_2i64_R2,"minmax_int, 2 i64 key(s), R2 groups in the key domain","SELECT kl1, kl2, min(q) AS lo, max(q) AS hi FROM grid GROUP BY kl1, kl2",39.13,,,583.0,,30,,"yes",0.000e0,,,"TAKEN AggregateExec (input rows 10000000 (exact) vs min_rows 250000; minmax_int over 2+ i64 keys (memory input): the measured table takes the 100k bucket(s) at 10M rows; MetalExec decides from a group-count estimate; output kept at one partition (only projections above it))",,0,0.00,0.00,0.00,0.00,0.00,0,4321209,3.25,5.53,100,0,,,,,,,39.40,581.6,42.01,"yes",1,1,1048065,0.0666,0.02,0.00,"TAKEN AggregateExec (input rows 10000000 (exact) vs min_rows 250000; minmax_int over 2+ i64 keys (memory input): the measured table takes the 100k bucket(s) at 10M rows; MetalExec decides from a group-count estimate; output kept at one partition (only projections above it)) | LEFT MetalExec Aggregate { keys (handed back to DataFusion: an estimated 1048065 groups (350720 to 10000000, Chao1 over a 2048-row sample) at 10000000 rows: minmax_int at the 1M bucket is not taken at any measured size (needs 1.65x at two or more sizes; 5M: 1.60x, 10M: 1.80x, 50M: 1.80x); left to DataFusion (from the first 16384 rows of each partition))",40.38,2026-09-29 17:53:40,2026-09-29 17:54:49,2026-09-29 00:37:52,30,40.33,40.53,,,alternate,false,58.07,61.69,54.23,500,59.37,745.7,647.8,3
10000000,part1,distinct,u_small,"distinct (int32, int32), 10k groups","SELECT DISTINCT region, sub FROM fact",8.12,,,91.6,,30,,"yes",0.000e0,,,"TAKEN AggregateExec (input rows 10000000 (exact) vs min_rows 250000; distinct over 2+ i32 keys (memory input): the measured table takes the 200, 1M bucket(s) at 10M rows; MetalExec decides from a group-count estimate; output kept at one partition (only projections above it))",,0,0.00,0.00,0.00,0.00,0.00,0,10000,3.44,3.44,100,0,,,,,,,8.25,92.7,8.41,"yes",1,1,6444,0.0167,0.01,0.00,"TAKEN AggregateExec (input rows 10000000 (exact) vs min_rows 250000; distinct over 2+ i32 keys (memory input): the measured table takes the 200, 1M bucket(s) at 10M rows; MetalExec decides from a group-count estimate; output kept at one partition (only projections above it)) | LEFT MetalExec Aggregate { keys (handed back to DataFusion: an estimated 6444 groups (4328 to 12376, Chao1 over a 512-row sample) at 10000000 rows: distinct at the 10k bucket is taken from 50M rows (1M: 0.88x, 2M: 0.98x, 5M: 1.40x, 10M: 1.80x, 50M: 2.10x); left to DataFusion (from the first 16384 rows of each partition))",10.57,2026-09-29 17:55:31,2026-09-29 17:55:35,2026-09-29 00:37:52,30,8.23,8.39,,,alternate,false,19.74,21.56,20.88,500,21.37,183.9,188.7,3
50000000,b8192,gsweep,sum_f64_1i32_200,"sum_f64, 1 i32 key(s), 200 groups in the key domain","SELECT k, sum(x) AS s FROM grid GROUP BY k",17.07,,,181.1,,30,,"yes",3.507e-16,,,"LEFT AggregateExec (input rows 50000000 (exact) vs min_rows 250000; sum_avg_f64 over 1 i32 key (memory input): the measured table takes it at no group count and size (results/datafusion_groupby_sweep_2026-09-29.csv)) | LEFT AggregateExec (Partial aggregate whose Final was not replaced)",,0,0.00,0.00,0.00,0.00,0.00,0,200,3.25,4.40,100,0,,,,,,,17.25,181.6,17.90,"yes",0,0,0,0.0000,0.00,0.00,"LEFT AggregateExec (input rows 50000000 (exact) vs min_rows 250000; sum_avg_f64 over 1 i32 key (memory input): the measured table takes it at no group count and size (results/datafusion_groupby_sweep_2026-09-29.csv)) | LEFT AggregateExec (Partial aggregate whose Final was not replaced)",19.00,2026-09-29 17:55:39,2026-09-29 17:56:19,2026-09-29 00:37:52,30,17.54,17.61,,,alternate,false,33.35,35.24,31.88,500,33.07,310.0,264.8,3
50000000,b8192,gsweep,distinct_1i32_200,"distinct, 1 i32 key(s), 200 groups in the key domain","SELECT DISTINCT k FROM grid",14.31,,,155.2,,30,,"yes",0.000e0,,,"TAKEN AggregateExec (input rows 50000000 (exact) vs min_rows 250000; distinct over 1 i32 key (memory input): the measured table takes the 100k, 1M bucket(s) at 50M rows; MetalExec decides from a group-count estimate; output kept at one partition (only projections above it))",,0,0.00,0.00,0.00,0.00,0.00,0,200,3.25,4.40,100,0,,,,,,,14.46,155.1,16.09,"yes",1,1,197,0.0148,0.01,0.00,"TAKEN AggregateExec (input rows 50000000 (exact) vs min_rows 250000; distinct over 1 i32 key (memory input): the measured table takes the 100k, 1M bucket(s) at 50M rows; MetalExec decides from a group-count estimate; output kept at one partition (only projections above it)) | LEFT MetalExec Aggregate { keys (handed back to DataFusion: an estimated 197 groups (195 to 199, Chao1 over a 512-row sample) at 50000000 rows: distinct at the 200 bucket is not taken at any measured size (needs 1.65x at two or more sizes; 1M: 0.48x, 2M: 0.59x, 5M: 0.87x, 10M: 1.10x, 50M: 1.50x); left to DataFusion (from the first 16384 rows of each partition))",20.35,2026-09-29 17:55:39,2026-09-29 17:56:19,2026-09-29 00:37:52,30,14.85,15.04,,,alternate,false,31.27,32.71,31.61,500,33.15,251.8,280.9,3
50000000,b8192,gsweep,count_2i32_200,"count, 2 i32 key(s), 200 groups in the key domain","SELECT k1, k2, count(*) AS n FROM grid GROUP BY k1, k2",33.59,,,446.8,,30,,"yes",0.000e0,,,"TAKEN AggregateExec (input rows 50000000 (exact) vs min_rows 250000; count over 2+ i32 keys (memory input): the measured table takes the 10k, 100k, 1M bucket(s) at 50M rows; MetalExec decides from a group-count estimate; output kept at one partition (only projections above it))",,0,0.00,0.00,0.00,0.00,0.00,0,200,3.25,4.40,100,0,,,,,,,32.76,450.7,36.99,"yes",1,1,203,0.0198,0.01,0.00,"TAKEN AggregateExec (input rows 50000000 (exact) vs min_rows 250000; count over 2+ i32 keys (memory input): the measured table takes the 10k, 100k, 1M bucket(s) at 50M rows; MetalExec decides from a group-count estimate; output kept at one partition (only projections above it)) | LEFT MetalExec Aggregate { keys (handed back to DataFusion: an estimated 203 groups (198 to 210, Chao1 over a 512-row sample) at 50000000 rows: count at the 200 bucket is not taken at any measured size (needs 1.65x at two or more sizes; 1M: 0.56x, 2M: 0.88x, 5M: 1.20x, 10M: 1.60x, 50M: 2.10x); left to DataFusion (from the first 16384 rows of each partition))",41.79,2026-09-29 17:55:39,2026-09-29 17:56:19,2026-09-29 00:37:52,30,35.54,35.10,,,alternate,false,56.75,61.94,55.97,500,58.48,652.5,662.5,3
50000000,b8192,gsweep,distinct_2i32_200,"distinct, 2 i32 key(s), 200 groups in the key domain","SELECT DISTINCT k1, k2 FROM grid",30.59,,,419.5,,15,,"yes",0.000e0,,,"TAKEN AggregateExec (input rows 50000000 (exact) vs min_rows 250000; distinct over 2+ i32 keys (memory input): the measured table takes the 200, 10k, 100k, 1M bucket(s) at 50M rows; MetalExec decides from a group-count estimate; output kept at one partition (only projections above it))",,0,0.00,0.00,0.00,0.00,0.00,0,200,3.25,4.40,100,13,,,,,,,13.94,50.1,45.53,"yes",1,0,203,0.1188,0.82,6.69,"TAKEN AggregateExec (input rows 50000000 (exact) vs min_rows 250000; distinct over 2+ i32 keys (memory input): the measured table takes the 200, 10k, 100k, 1M bucket(s) at 50M rows; MetalExec decides from a group-count estimate; output kept at one partition (only projections above it)) | TAKEN MetalExec Aggregate { keys (ran on ArrowMetal: an estimated 203 groups (198 to 210, Chao1 over a 512-row sample) at 50000000 rows: distinct at the 200 bucket is taken from 10M rows (from the first rows of each partition; a 512-row sample of the whole input puts it at 202 to 211 groups))",39.08,2026-09-29 17:55:39,2026-09-29 17:56:19,2026-09-29 00:37:52,3,30.85,14.04,,,rounds,true,47.25,47.57,54.60,500,55.76,102.1,627.5,3
50000000,b8192,gsweep,sum_int_1i64_200,"sum_int, 1 i64 key(s), 200 groups in the key domain","SELECT kl, sum(q) AS s FROM grid GROUP BY kl",17.37,,,183.0,,30,,"yes",0.000e0,,,"LEFT AggregateExec (input rows 50000000 (exact) vs min_rows 250000; sum_avg_int over 1 i64 key (memory input): the measured table takes it at no group count and size (results/datafusion_groupby_sweep_2026-09-29.csv)) | LEFT AggregateExec (Partial aggregate whose Final was not replaced)",,0,0.00,0.00,0.00,0.00,0.00,0,200,3.25,4.40,100,0,,,,,,,17.41,183.3,21.69,"yes",0,0,0,0.0000,0.00,0.00,"LEFT AggregateExec (input rows 50000000 (exact) vs min_rows 250000; sum_avg_int over 1 i64 key (memory input): the measured table takes it at no group count and size (results/datafusion_groupby_sweep_2026-09-29.csv)) | LEFT AggregateExec (Partial aggregate whose Final was not replaced)",22.55,2026-09-29 17:55:39,2026-09-29 17:56:19,2026-09-29 00:37:52,30,17.69,17.76,,,alternate,false,36.20,37.77,34.01,500,36.94,326.0,323.2,3
50000000,b8192,gsweep,avg_int_1i64_200,"avg_int, 1 i64 key(s), 200 groups in the key domain","SELECT kl, avg(q) AS m FROM grid GROUP BY kl",17.50,,,222.8,,30,,"yes",0.000e0,,,"LEFT AggregateExec (input rows 50000000 (exact) vs min_rows 250000; sum_avg_int over 1 i64 key (memory input): the measured table takes it at no group count and size (results/datafusion_groupby_sweep_2026-09-29.csv)) | LEFT AggregateExec (Partial aggregate whose Final was not replaced)",,0,0.00,0.00,0.00,0.00,0.00,0,200,3.25,4.40,100,0,,,,,,,17.66,223.3,24.46,"yes",0,0,0,0.0000,0.00,0.00,"LEFT AggregateExec (input rows 50000000 (exact) vs min_rows 250000; sum_avg_int over 1 i64 key (memory input): the measured table takes it at no group count and size (results/datafusion_groupby_sweep_2026-09-29.csv)) | LEFT AggregateExec (Partial aggregate whose Final was not replaced)",22.86,2026-09-29 17:55:39,2026-09-29 17:56:19,2026-09-29 00:37:52,30,20.37,20.77,,,alternate,false,38.10,40.91,35.24,500,41.14,372.8,347.5,3
50000000,b8192,gsweep,minmax_int_1i64_200,"minmax_int, 1 i64 key(s), 200 groups in the key domain","SELECT kl, min(q) AS lo, max(q) AS hi FROM grid GROUP BY kl",18.38,,,198.6,,30,,"yes",0.000e0,,,"LEFT AggregateExec (input rows 50000000 (exact) vs min_rows 250000; minmax_int over 1 i64 key (memory input): the measured table takes it at no group count and size (results/datafusion_groupby_sweep_2026-09-29.csv)) | LEFT AggregateExec (Partial aggregate whose Final was not replaced)",,0,0.00,0.00,0.00,0.00,0.00,0,200,3.25,4.40,100,0,,,,,,,18.61,198.5,19.82,"yes",0,0,0,0.0000,0.00,0.00,"LEFT AggregateExec (input rows 50000000 (exact) vs min_rows 250000; minmax_int over 1 i64 key (memory input): the measured table takes it at no group count and size (results/datafusion_groupby_sweep_2026-09-29.csv)) | LEFT AggregateExec (Partial aggregate whose Final was not replaced)",24.59,2026-09-29 17:55:39,2026-09-29 17:56:19,2026-09-29 00:37:52,30,19.26,19.30,,,alternate,false,35.79,37.45,37.41,500,38.17,338.2,333.5,3
50000000,b8192,gsweep,minmax_int_2i64_200,"minmax_int, 2 i64 key(s), 200 groups in the key domain","SELECT kl1, kl2, min(q) AS lo, max(q) AS hi FROM grid GROUP BY kl1, kl2",33.57,,,467.1,,30,,"yes",0.000e0,,,"TAKEN AggregateExec (input rows 50000000 (exact) vs min_rows 250000; minmax_int over 2+ i64 keys (memory input): the measured table takes the 100k bucket(s) at 50M rows; MetalExec decides from a group-count estimate; output kept at one partition (only projections above it))",,0,0.00,0.00,0.00,0.00,0.00,0,200,3.25,4.40,100,0,,,,,,,34.10,467.4,34.88,"yes",1,1,203,0.0227,0.01,0.00,"TAKEN AggregateExec (input rows 50000000 (exact) vs min_rows 250000; minmax_int over 2+ i64 keys (memory input): the measured table takes the 100k bucket(s) at 50M rows; MetalExec decides from a group-count estimate; output kept at one partition (only projections above it)) | LEFT MetalExec Aggregate { keys (handed back to DataFusion: an estimated 203 groups (198 to 210, Chao1 over a 512-row sample) at 50000000 rows: minmax_int at the 200 bucket is not taken at any measured size (needs 1.65x at two or more sizes; 1M: 0.47x, 2M: 0.60x, 5M: 0.87x, 10M: 1.10x, 50M: 1.30x); left to DataFusion (from the first 16384 rows of each partition))",46.94,2026-09-29 17:55:39,2026-09-29 17:56:19,2026-09-29 00:37:52,30,38.04,38.36,,,alternate,false,53.83,66.11,59.81,500,62.23,641.3,659.3,3
50000000,b8192,gsweep,sum_int_1i32_10k,"sum_int, 1 i32 key(s), 10k groups in the key domain","SELECT k, sum(q) AS s FROM grid GROUP BY k",18.76,,,198.9,,30,,"yes",0.000e0,,,"LEFT AggregateExec (input rows 50000000 (exact) vs min_rows 250000; sum_avg_int over 1 i32 key (memory input): the measured table takes it at no group count and size (results/datafusion_groupby_sweep_2026-09-29.csv)) | LEFT AggregateExec (Partial aggregate whose Final was not replaced)",,0,0.00,0.00,0.00,0.00,0.00,0,10000,3.09,4.95,100,0,,,,,,,18.91,198.8,19.52,"yes",0,0,0,0.0000,0.00,0.00,"LEFT AggregateExec (input rows 50000000 (exact) vs min_rows 250000; sum_avg_int over 1 i32 key (memory input): the measured table takes it at no group count and size (results/datafusion_groupby_sweep_2026-09-29.csv)) | LEFT AggregateExec (Partial aggregate whose Final was not replaced)",19.87,2026-09-29 17:57:03,2026-09-29 17:58:03,2026-09-29 00:37:52,30,19.42,19.56,,,alternate,false,37.60,38.75,33.89,500,40.20,324.6,337.1,3
50000000,b8192,gsweep,avg_int_1i32_10k,"avg_int, 1 i32 key(s), 10k groups in the key domain","SELECT k, avg(q) AS m FROM grid GROUP BY k",20.41,,,258.6,,30,,"yes",0.000e0,,,"LEFT AggregateExec (input rows 50000000 (exact) vs min_rows 250000; sum_avg_int over 1 i32 key (memory input): the measured table takes it at no group count and size (results/datafusion_groupby_sweep_2026-09-29.csv)) | LEFT AggregateExec (Partial aggregate whose Final was not replaced)",,0,0.00,0.00,0.00,0.00,0.00,0,10000,3.09,4.95,100,0,,,,,,,21.29,260.2,24.01,"yes",0,0,0,0.0000,0.00,0.00,"LEFT AggregateExec (input rows 50000000 (exact) vs min_rows 250000; sum_avg_int over 1 i32 key (memory input): the measured table takes it at no group count and size (results/datafusion_groupby_sweep_2026-09-29.csv)) | LEFT AggregateExec (Partial aggregate whose Final was not replaced)",26.08,2026-09-29 17:57:03,2026-09-29 17:58:03,2026-09-29 00:37:52,30,23.99,23.50,,,alternate,false,43.08,47.07,40.56,500,40.57,423.9,394.7,3
50000000,b8192,gsweep,distinct_1i32_10k,"distinct, 1 i32 key(s), 10k groups in the key domain","SELECT DISTINCT k FROM grid",15.80,,,165.4,,30,,"yes",0.000e0,,,"TAKEN AggregateExec (input rows 50000000 (exact) vs min_rows 250000; distinct over 1 i32 key (memory input): the measured table takes the 100k, 1M bucket(s) at 50M rows; MetalExec decides from a group-count estimate; output kept at one partition (only projections above it))",,0,0.00,0.00,0.00,0.00,0.00,0,10000,3.09,4.95,100,0,,,,,,,15.75,166.3,16.72,"yes",1,1,9526,0.0153,0.01,0.00,"TAKEN AggregateExec (input rows 50000000 (exact) vs min_rows 250000; distinct over 1 i32 key (memory input): the measured table takes the 100k, 1M bucket(s) at 50M rows; MetalExec decides from a group-count estimate; output kept at one partition (only projections above it)) | LEFT MetalExec Aggregate { keys (handed back to DataFusion: an estimated 9526 groups (5850 to 23640, Chao1 over a 512-row sample) at 50000000 rows: distinct at the 10k bucket is not taken at any measured size (needs 1.65x at two or more sizes; 1M: 0.78x, 2M: 0.64x, 5M: 1.10x, 10M: 1.30x, 50M: 1.40x); left to DataFusion (from the first 16384 rows of each partition))",20.91,2026-09-29 17:57:03,2026-09-29 17:58:03,2026-09-29 00:37:52,30,16.14,16.13,,,alternate,false,31.08,32.85,30.00,500,34.22,286.5,288.8,3
50000000,b8192,gsweep,count_2i32_10k,"count, 2 i32 key(s), 10k groups in the key domain","SELECT k1, k2, count(*) AS n FROM grid GROUP BY k1, k2",34.36,,,474.3,,15,,"yes",0.000e0,,,"TAKEN AggregateExec (input rows 50000000 (exact) vs min_rows 250000; count over 2+ i32 keys (memory input): the measured table takes the 10k, 100k, 1M bucket(s) at 50M rows; MetalExec decides from a group-count estimate; output kept at one partition (only projections above it))",,0,0.00,0.00,0.00,0.00,0.00,0,10000,3.09,4.95,100,12,,,,,,,16.92,51.1,40.97,"yes",1,0,8812,0.1127,0.83,9.55,"TAKEN AggregateExec (input rows 50000000 (exact) vs min_rows 250000; count over 2+ i32 keys (memory input): the measured table takes the 10k, 100k, 1M bucket(s) at 50M rows; MetalExec decides from a group-count estimate; output kept at one partition (only projections above it)) | TAKEN MetalExec Aggregate { keys (ran on ArrowMetal: an estimated 8812 groups (5512 to 20605, Chao1 over a 512-row sample) at 50000000 rows: count at the 10k bucket is taken from 50M rows (from the first rows of each partition; a 512-row sample of the whole input puts it at 6307 to 27937 groups))",42.15,2026-09-29 17:57:03,2026-09-29 17:58:03,2026-09-29 00:37:52,3,34.36,17.05,,,rounds,true,57.43,58.62,57.71,500,61.11,103.0,692.6,3
50000000,b8192,gsweep,sum_f64_2i32_10k,"sum_f64, 2 i32 key(s), 10k groups in the key domain","SELECT k1, k2, sum(x) AS s FROM grid GROUP BY k1, k2",34.07,,,468.0,,30,,"yes",5.641e-16,,,"LEFT AggregateExec (input rows 50000000 (exact) vs min_rows 250000; sum_avg_f64 over 2+ i32 keys (memory input): the measured table takes it at no group count and size (results/datafusion_groupby_sweep_2026-09-29.csv)) | LEFT AggregateExec (Partial aggregate whose Final was not replaced)",,0,0.00,0.00,0.00,0.00,0.00,0,10000,3.09,4.95,100,0,,,,,,,33.75,465.0,34.52,"yes",0,0,0,0.0000,0.00,0.00,"LEFT AggregateExec (input rows 50000000 (exact) vs min_rows 250000; sum_avg_f64 over 2+ i32 keys (memory input): the measured table takes it at no group count and size (results/datafusion_groupby_sweep_2026-09-29.csv)) | LEFT AggregateExec (Partial aggregate whose Final was not replaced)",43.83,2026-09-29 17:57:03,2026-09-29 17:58:03,2026-09-29 00:37:52,30,37.16,39.08,,,alternate,false,57.80,60.41,57.98,500,59.20,659.5,667.9,3
50000000,b8192,gsweep,sum_int_2i32_10k,"sum_int, 2 i32 key(s), 10k groups in the key domain","SELECT k1, k2, sum(q) AS s FROM grid GROUP BY k1, k2",33.82,,,466.8,,30,,"yes",0.000e0,,,"LEFT AggregateExec (input rows 50000000 (exact) vs min_rows 250000; sum_avg_int over 2+ i32 keys (memory input): the measured table takes it at no group count and size (results/datafusion_groupby_sweep_2026-09-29.csv)) | LEFT AggregateExec (Partial aggregate whose Final was not replaced)",,0,0.00,0.00,0.00,0.00,0.00,0,10000,3.09,4.95,100,0,,,,,,,33.94,467.1,42.83,"yes",0,0,0,0.0000,0.00,0.00,"LEFT AggregateExec (input rows 50000000 (exact) vs min_rows 250000; sum_avg_int over 2+ i32 keys (memory input): the measured table takes it at no group count and size (results/datafusion_groupby_sweep_2026-09-29.csv)) | LEFT AggregateExec (Partial aggregate whose Final was not replaced)",36.67,2026-09-29 17:57:03,2026-09-29 17:58:03,2026-09-29 00:37:52,30,38.66,36.87,,,alternate,false,54.94,59.57,57.83,500,62.32,650.8,653.6,3
50000000,b8192,gsweep,distinct_2i32_10k,"distinct, 2 i32 key(s), 10k groups in the key domain","SELECT DISTINCT k1, k2 FROM grid",31.34,,,432.2,,15,,"yes",0.000e0,,,"TAKEN AggregateExec (input rows 50000000 (exact) vs min_rows 250000; distinct over 2+ i32 keys (memory input): the measured table takes the 200, 10k, 100k, 1M bucket(s) at 50M rows; MetalExec decides from a group-count estimate; output kept at one partition (only projections above it))",,0,0.00,0.00,0.00,0.00,0.00,0,10000,3.09,4.95,100,13,,,,,,,15.57,48.1,38.06,"yes",1,0,8812,0.1255,0.84,8.08,"TAKEN AggregateExec (input rows 50000000 (exact) vs min_rows 250000; distinct over 2+ i32 keys (memory input): the measured table takes the 200, 10k, 100k, 1M bucket(s) at 50M rows; MetalExec decides from a group-count estimate; output kept at one partition (only projections above it)) | TAKEN MetalExec Aggregate { keys (ran on ArrowMetal: an estimated 8812 groups (5512 to 20605, Chao1 over a 512-row sample) at 50000000 rows: distinct at the 10k bucket is taken from 50M rows (from the first rows of each partition; a 512-row sample of the whole input puts it at 6307 to 27937 groups))",40.58,2026-09-29 17:57:03,2026-09-29 17:58:03,2026-09-29 00:37:52,3,32.50,15.63,,,rounds,true,42.39,52.30,47.20,500,56.61,91.9,596.1,3
50000000,b8192,gsweep,sum_int_1i64_10k,"sum_int, 1 i64 key(s), 10k groups in the key domain","SELECT kl, sum(q) AS s FROM grid GROUP BY kl",19.47,,,214.3,,30,,"yes",0.000e0,,,"LEFT AggregateExec (input rows 50000000 (exact) vs min_rows 250000; sum_avg_int over 1 i64 key (memory input): the measured table takes it at no group count and size (results/datafusion_groupby_sweep_2026-09-29.csv)) | LEFT AggregateExec (Partial aggregate whose Final was not replaced)",,0,0.00,0.00,0.00,0.00,0.00,0,10000,3.09,4.95,100,0,,,,,,,19.65,215.8,22.20,"yes",0,0,0,0.0000,0.00,0.00,"LEFT AggregateExec (input rows 50000000 (exact) vs min_rows 250000; sum_avg_int over 1 i64 key (memory input): the measured table takes it at no group count and size (results/datafusion_groupby_sweep_2026-09-29.csv)) | LEFT AggregateExec (Partial aggregate whose Final was not replaced)",27.28,2026-09-29 17:57:03,2026-09-29 17:58:03,2026-09-29 00:37:52,30,20.73,20.82,,,alternate,false,40.42,41.08,33.56,500,35.53,360.1,343.2,3
50000000,b8192,gsweep,minmax_f64_2i64_10k,"minmax_f64, 2 i64 key(s), 10k groups in the key domain","SELECT kl1, kl2, min(x) AS lo, max(x) AS hi FROM grid GROUP BY kl1, kl2",38.45,,,515.8,,30,,"yes",0.000e0,,,"LEFT AggregateExec (input rows 50000000 (exact) vs min_rows 250000; minmax_f64 over 2+ i64 keys (memory input): the measured table takes it at no group count and size (results/datafusion_groupby_sweep_2026-09-29.csv)) | LEFT AggregateExec (Partial aggregate whose Final was not replaced)",,0,0.00,0.00,0.00,0.00,0.00,0,10000,3.09,4.95,100,0,,,,,,,37.72,519.2,42.64,"yes",0,0,0,0.0000,0.00,0.00,"LEFT AggregateExec (input rows 50000000 (exact) vs min_rows 250000; minmax_f64 over 2+ i64 keys (memory input): the measured table takes it at no group count and size (results/datafusion_groupby_sweep_2026-09-29.csv)) | LEFT AggregateExec (Partial aggregate whose Final was not replaced)",45.44,2026-09-29 17:57:03,2026-09-29 17:58:03,2026-09-29 00:37:52,30,42.98,42.90,,,alternate,false,50.15,63.63,64.70,500,70.22,691.3,740.8,3
50000000,b8192,gsweep,avg_int_2i64_10k,"avg_int, 2 i64 key(s), 10k groups in the key domain","SELECT kl1, kl2, avg(q) AS m FROM grid GROUP BY kl1, kl2",38.30,,,534.6,,30,,"yes",0.000e0,,,"LEFT AggregateExec (input rows 50000000 (exact) vs min_rows 250000; sum_avg_int over 2+ i64 keys (memory input): the measured table takes it at no group count and size (results/datafusion_groupby_sweep_2026-09-29.csv)) | LEFT AggregateExec (Partial aggregate whose Final was not replaced)",,0,0.00,0.00,0.00,0.00,0.00,0,10000,3.09,4.95,100,0,,,,,,,38.06,533.2,43.43,"yes",0,0,0,0.0000,0.00,0.00,"LEFT AggregateExec (input rows 50000000 (exact) vs min_rows 250000; sum_avg_int over 2+ i64 keys (memory input): the measured table takes it at no group count and size (results/datafusion_groupby_sweep_2026-09-29.csv)) | LEFT AggregateExec (Partial aggregate whose Final was not replaced)",43.80,2026-09-29 17:57:03,2026-09-29 17:58:03,2026-09-29 00:37:52,30,43.57,43.57,,,alternate,false,67.97,76.35,63.89,500,67.00,744.7,740.4,3
50000000,b8192,gsweep,minmax_int_2i64_10k,"minmax_int, 2 i64 key(s), 10k groups in the key domain","SELECT kl1, kl2, min(q) AS lo, max(q) AS hi FROM grid GROUP BY kl1, kl2",36.96,,,516.7,,30,,"yes",0.000e0,,,"TAKEN AggregateExec (input rows 50000000 (exact) vs min_rows 250000; minmax_int over 2+ i64 keys (memory input): the measured table takes the 100k bucket(s) at 50M rows; MetalExec decides from a group-count estimate; output kept at one partition (only projections above it))",,0,0.00,0.00,0.00,0.00,0.00,0,10000,3.09,4.95,100,0,,,,,,,37.18,507.5,39.93,"yes",1,1,8812,0.0247,0.01,0.00,"TAKEN AggregateExec (input rows 50000000 (exact) vs min_rows 250000; minmax_int over 2+ i64 keys (memory input): the measured table takes the 100k bucket(s) at 50M rows; MetalExec decides from a group-count estimate; output kept at one partition (only projections above it)) | LEFT MetalExec Aggregate { keys (handed back to DataFusion: an estimated 8812 groups (5512 to 20605, Chao1 over a 512-row sample) at 50000000 rows: minmax_int at the 10k bucket is not taken at any measured size (needs 1.65x at two or more sizes; 1M: 0.76x, 2M: 0.89x, 5M: 1.00x, 10M: 1.10x, 50M: 1.10x); left to DataFusion (from the first 16384 rows of each partition))",42.85,2026-09-29 17:57:03,2026-09-29 17:58:03,2026-09-29 00:37:52,30,42.36,41.84,,,alternate,false,63.84,69.32,54.14,500,61.30,718.5,700.8,3
50000000,b8192,gsweep,sum_f64_1i32_100k,"sum_f64, 1 i32 key(s), 100k groups in the key domain","SELECT k, sum(x) AS s FROM grid GROUP BY k",31.72,,,416.3,,30,,"yes",6.550e-16,,,"LEFT AggregateExec (input rows 50000000 (exact) vs min_rows 250000; sum_avg_f64 over 1 i32 key (memory input): the measured table takes it at no group count and size (results/datafusion_groupby_sweep_2026-09-29.csv)) | LEFT AggregateExec (Partial aggregate whose Final was not replaced)",,0,0.00,0.00,0.00,0.00,0.00,0,100000,3.34,5.08,100,0,,,,,,,32.06,413.7,34.30,"yes",0,0,0,0.0000,0.00,0.00,"LEFT AggregateExec (input rows 50000000 (exact) vs min_rows 250000; sum_avg_f64 over 1 i32 key (memory input): the measured table takes it at no group count and size (results/datafusion_groupby_sweep_2026-09-29.csv)) | LEFT AggregateExec (Partial aggregate whose Final was not replaced)",33.32,2026-09-29 17:58:47,2026-09-29 17:59:49,2026-09-29 00:37:52,30,34.11,35.42,,,alternate,false,56.09,57.92,56.23,500,57.87,613.4,622.7,3
50000000,b8192,gsweep,minmax_f64_1i32_100k,"minmax_f64, 1 i32 key(s), 100k groups in the key domain","SELECT k, min(x) AS lo, max(x) AS hi FROM grid GROUP BY k",46.92,,,669.8,,30,,"yes",0.000e0,,,"LEFT AggregateExec (input rows 50000000 (exact) vs min_rows 250000; minmax_f64 over 1 i32 key (memory input): the measured table takes it at no group count and size (results/datafusion_groupby_sweep_2026-09-29.csv)) | LEFT AggregateExec (Partial aggregate whose Final was not replaced)",,0,0.00,0.00,0.00,0.00,0.00,0,100000,3.34,5.08,100,0,,,,,,,45.48,651.9,51.84,"yes",0,0,0,0.0000,0.00,0.00,"LEFT AggregateExec (input rows 50000000 (exact) vs min_rows 250000; minmax_f64 over 1 i32 key (memory input): the measured table takes it at no group count and size (results/datafusion_groupby_sweep_2026-09-29.csv)) | LEFT AggregateExec (Partial aggregate whose Final was not replaced)",51.12,2026-09-29 17:58:47,2026-09-29 17:59:49,2026-09-29 00:37:52,30,51.59,50.46,,,alternate,false,64.64,70.37,70.35,500,72.38,835.0,853.5,3
50000000,b8192,gsweep,minmax_int_1i32_100k,"minmax_int, 1 i32 key(s), 100k groups in the key domain","SELECT k, min(q) AS lo, max(q) AS hi FROM grid GROUP BY k",43.40,,,626.9,,30,,"yes",0.000e0,,,"LEFT AggregateExec (input rows 50000000 (exact) vs min_rows 250000; minmax_int over 1 i32 key (memory input): the measured table takes it at no group count and size (results/datafusion_groupby_sweep_2026-09-29.csv)) | LEFT AggregateExec (Partial aggregate whose Final was not replaced)",,0,0.00,0.00,0.00,0.00,0.00,0,100000,3.34,5.08,100,0,,,,,,,45.44,629.0,50.42,"yes",0,0,0,0.0000,0.00,0.00,"LEFT AggregateExec (input rows 50000000 (exact) vs min_rows 250000; minmax_int over 1 i32 key (memory input): the measured table takes it at no group count and size (results/datafusion_groupby_sweep_2026-09-29.csv)) | LEFT AggregateExec (Partial aggregate whose Final was not replaced)",47.98,2026-09-29 17:58:47,2026-09-29 17:59:49,2026-09-29 00:37:52,30,48.77,48.44,,,alternate,false,69.06,75.56,64.77,500,71.64,816.7,800.8,3
50000000,b8192,gsweep,distinct_1i32_100k,"distinct, 1 i32 key(s), 100k groups in the key domain","SELECT DISTINCT k FROM grid",24.89,,,317.3,,15,,"yes",0.000e0,,,"TAKEN AggregateExec (input rows 50000000 (exact) vs min_rows 250000; distinct over 1 i32 key (memory input): the measured table takes the 100k, 1M bucket(s) at 50M rows; MetalExec decides from a group-count estimate; output kept at one partition (only projections above it))",,0,0.00,0.00,0.00,0.00,0.00,0,100000,3.34,5.08,100,15,,,,,,,12.05,29.0,36.71,"yes",1,0,108507,0.2089,0.81,7.22,"TAKEN AggregateExec (input rows 50000000 (exact) vs min_rows 250000; distinct over 1 i32 key (memory input): the measured table takes the 100k, 1M bucket(s) at 50M rows; MetalExec decides from a group-count estimate; output kept at one partition (only projections above it)) | TAKEN MetalExec Aggregate { keys (ran on ArrowMetal: an estimated 108507 groups (70643 to 214655, Chao1 over a 2048-row sample) at 50000000 rows: distinct at the 100k bucket is taken from 50M rows (from the first rows of each partition; a 2048-row sample of the whole input puts it at 67758 to 198392 groups))",24.73,2026-09-29 17:58:47,2026-09-29 17:59:49,2026-09-29 00:37:52,3,25.14,12.11,,,rounds,true,42.67,45.01,39.73,500,46.59,80.4,442.6,3
50000000,b8192,gsweep,count_2i32_100k,"count, 2 i32 key(s), 100k groups in the key domain","SELECT k1, k2, count(*) AS n FROM grid GROUP BY k1, k2",52.95,,,740.7,,15,,"yes",0.000e0,,,"TAKEN AggregateExec (input rows 50000000 (exact) vs min_rows 250000; count over 2+ i32 keys (memory input): the measured table takes the 10k, 100k, 1M bucket(s) at 50M rows; MetalExec decides from a group-count estimate; output kept at one partition (only projections above it))",,0,0.00,0.00,0.00,0.00,0.00,0,100000,3.34,5.08,100,9,,,,,,,17.85,52.4,32.59,"yes",1,0,67988,0.3070,0.88,9.94,"TAKEN AggregateExec (input rows 50000000 (exact) vs min_rows 250000; count over 2+ i32 keys (memory input): the measured table takes the 10k, 100k, 1M bucket(s) at 50M rows; MetalExec decides from a group-count estimate; output kept at one partition (only projections above it)) | TAKEN MetalExec Aggregate { keys (ran on ArrowMetal: an estimated 67988 groups (48291 to 110581, Chao1 over a 2048-row sample) at 50000000 rows: count at the 100k bucket is taken from 10M rows (from the first rows of each partition; a 2048-row sample of the whole input puts it at 81080 to 282588 groups))",63.22,2026-09-29 17:58:47,2026-09-29 17:59:49,2026-09-29 00:37:52,3,53.95,18.14,,,rounds,true,46.30,57.46,78.48,500,78.55,83.9,953.0,3
50000000,b8192,gsweep,distinct_2i32_100k,"distinct, 2 i32 key(s), 100k groups in the key domain","SELECT DISTINCT k1, k2 FROM grid",42.98,,,618.2,,15,,"yes",0.000e0,,,"TAKEN AggregateExec (input rows 50000000 (exact) vs min_rows 250000; distinct over 2+ i32 keys (memory input): the measured table takes the 200, 10k, 100k, 1M bucket(s) at 50M rows; MetalExec decides from a group-count estimate; output kept at one partition (only projections above it))",,0,0.00,0.00,0.00,0.00,0.00,0,100000,3.34,5.08,100,11,,,,,,,16.03,42.7,26.91,"yes",1,0,67988,0.3234,0.81,8.37,"TAKEN AggregateExec (input rows 50000000 (exact) vs min_rows 250000; distinct over 2+ i32 keys (memory input): the measured table takes the 200, 10k, 100k, 1M bucket(s) at 50M rows; MetalExec decides from a group-count estimate; output kept at one partition (only projections above it)) | TAKEN MetalExec Aggregate { keys (ran on ArrowMetal: an estimated 67988 groups (48291 to 110581, Chao1 over a 2048-row sample) at 50000000 rows: distinct at the 100k bucket is taken from 50M rows (from the first rows of each partition; a 2048-row sample of the whole input puts it at 81080 to 282588 groups))",61.46,2026-09-29 17:58:47,2026-09-29 17:59:49,2026-09-29 00:37:52,3,46.74,16.44,,,rounds,true,42.23,56.12,61.03,500,74.17,88.2,813.3,3
50000000,b8192,gsweep,sum_f64_1i64_100k,"sum_f64, 1 i64 key(s), 100k groups in the key domain","SELECT kl, sum(x) AS s FROM grid GROUP BY kl",36.84,,,504.6,,30,,"yes",4.944e-16,,,"LEFT AggregateExec (input rows 50000000 (exact) vs min_rows 250000; sum_avg_f64 over 1 i64 key (memory input): the measured table takes it at no group count and size (results/datafusion_groupby_sweep_2026-09-29.csv)) | LEFT AggregateExec (Partial aggregate whose Final was not replaced)",,0,0.00,0.00,0.00,0.00,0.00,0,100000,3.34,5.08,100,0,,,,,,,35.71,497.8,40.53,"yes",0,0,0,0.0000,0.00,0.00,"LEFT AggregateExec (input rows 50000000 (exact) vs min_rows 250000; sum_avg_f64 over 1 i64 key (memory input): the measured table takes it at no group count and size (results/datafusion_groupby_sweep_2026-09-29.csv)) | LEFT AggregateExec (Partial aggregate whose Final was not replaced)",47.83,2026-09-29 17:58:47,2026-09-29 17:59:49,2026-09-29 00:37:52,30,38.59,40.02,,,alternate,false,56.76,70.12,56.93,500,70.17,679.4,671.6,3
50000000,b8192,gsweep,avg_f64_1i64_100k,"avg_f64, 1 i64 key(s), 100k groups in the key domain","SELECT kl, avg(x) AS m FROM grid GROUP BY kl",47.60,,,654.3,,30,,"yes",3.331e-16,,,"LEFT AggregateExec (input rows 50000000 (exact) vs min_rows 250000; sum_avg_f64 over 1 i64 key (memory input): the measured table takes it at no group count and size (results/datafusion_groupby_sweep_2026-09-29.csv)) | LEFT AggregateExec (Partial aggregate whose Final was not replaced)",,0,0.00,0.00,0.00,0.00,0.00,0,100000,3.34,5.08,100,0,,,,,,,47.92,662.1,52.19,"yes",0,0,0,0.0000,0.00,0.00,"LEFT AggregateExec (input rows 50000000 (exact) vs min_rows 250000; sum_avg_f64 over 1 i64 key (memory input): the measured table takes it at no group count and size (results/datafusion_groupby_sweep_2026-09-29.csv)) | LEFT AggregateExec (Partial aggregate whose Final was not replaced)",52.97,2026-09-29 17:58:47,2026-09-29 17:59:49,2026-09-29 00:37:52,30,51.38,50.08,,,alternate,false,73.03,73.83,70.51,500,71.12,846.7,848.1,3
50000000,b8192,gsweep,avg_int_1i64_100k,"avg_int, 1 i64 key(s), 100k groups in the key domain","SELECT kl, avg(q) AS m FROM grid GROUP BY kl",50.18,,,716.3,,30,,"yes",0.000e0,,,"LEFT AggregateExec (input rows 50000000 (exact) vs min_rows 250000; sum_avg_int over 1 i64 key (memory input): the measured table takes it at no group count and size (results/datafusion_groupby_sweep_2026-09-29.csv)) | LEFT AggregateExec (Partial aggregate whose Final was not replaced)",,0,0.00,0.00,0.00,0.00,0.00,0,100000,3.34,5.08,100,0,,,,,,,49.90,710.7,54.80,"yes",0,0,0,0.0000,0.00,0.00,"LEFT AggregateExec (input rows 50000000 (exact) vs min_rows 250000; sum_avg_int over 1 i64 key (memory input): the measured table takes it at no group count and size (results/datafusion_groupby_sweep_2026-09-29.csv)) | LEFT AggregateExec (Partial aggregate whose Final was not replaced)",54.76,2026-09-29 17:58:47,2026-09-29 17:59:49,2026-09-29 00:37:52,30,52.57,53.68,,,alternate,false,65.10,74.86,73.95,500,76.02,860.1,863.4,3
50000000,b8192,gsweep,minmax_int_2i64_100k,"minmax_int, 2 i64 key(s), 100k groups in the key domain","SELECT kl1, kl2, min(q) AS lo, max(q) AS hi FROM grid GROUP BY kl1, kl2",84.88,,,1206.7,,15,,"yes",0.000e0,,,"TAKEN AggregateExec (input rows 50000000 (exact) vs min_rows 250000; minmax_int over 2+ i64 keys (memory input): the measured table takes the 100k bucket(s) at 50M rows; MetalExec decides from a group-count estimate; output kept at one partition (only projections above it))",,0,0.00,0.00,0.00,0.00,0.00,0,100000,3.34,5.08,100,9,,,,,,,42.70,118.3,109.07,"yes",1,0,67988,0.4077,1.23,28.13,"TAKEN AggregateExec (input rows 50000000 (exact) vs min_rows 250000; minmax_int over 2+ i64 keys (memory input): the measured table takes the 100k bucket(s) at 50M rows; MetalExec decides from a group-count estimate; output kept at one partition (only projections above it)) | TAKEN MetalExec Aggregate { keys (ran on ArrowMetal: an estimated 67988 groups (48291 to 110581, Chao1 over a 2048-row sample) at 50000000 rows: minmax_int at the 100k bucket is taken from 5M rows (from the first rows of each partition; a 2048-row sample of the whole input puts it at 81080 to 282588 groups))",86.78,2026-09-29 17:58:47,2026-09-29 17:59:49,2026-09-29 00:37:52,3,85.14,42.84,,,rounds,true,68.95,95.34,108.95,500,110.01,149.3,1377.7,3
50000000,b8192,gsweep,minmax_f64_1i32_1M,"minmax_f64, 1 i32 key(s), 1M groups in the key domain","SELECT k, min(x) AS lo, max(x) AS hi FROM grid GROUP BY k",74.71,,,1087.3,,30,,"yes",0.000e0,,,"LEFT AggregateExec (input rows 50000000 (exact) vs min_rows 250000; minmax_f64 over 1 i32 key (memory input): the measured table takes it at no group count and size (results/datafusion_groupby_sweep_2026-09-29.csv)) | LEFT AggregateExec (Partial aggregate whose Final was not replaced)",,0,0.00,0.00,0.00,0.00,0.00,0,1000000,3.35,9.74,100,0,,,,,,,74.67,1088.8,75.34,"yes",0,0,0,0.0000,0.00,0.00,"LEFT AggregateExec (input rows 50000000 (exact) vs min_rows 250000; minmax_f64 over 1 i32 key (memory input): the measured table takes it at no group count and size (results/datafusion_groupby_sweep_2026-09-29.csv)) | LEFT AggregateExec (Partial aggregate whose Final was not replaced)",76.78,2026-09-29 18:00:32,2026-09-29 18:02:05,2026-09-29 00:37:52,30,76.26,76.67,,,alternate,false,82.23,95.17,96.73,500,97.83,1167.7,1262.4,3
50000000,b8192,gsweep,distinct_1i32_1M,"distinct, 1 i32 key(s), 1M groups in the key domain","SELECT DISTINCT k FROM grid",36.15,,,534.2,,15,,"yes",0.000e0,,,"TAKEN AggregateExec (input rows 50000000 (exact) vs min_rows 250000; distinct over 1 i32 key (memory input): the measured table takes the 100k, 1M bucket(s) at 50M rows; MetalExec decides from a group-count estimate; output kept at one partition (only projections above it))",,0,0.00,0.00,0.00,0.00,0.00,0,1000000,3.35,9.74,100,12,,,,,,,13.19,30.6,38.75,"yes",1,0,1040798,0.2670,0.79,8.36,"TAKEN AggregateExec (input rows 50000000 (exact) vs min_rows 250000; distinct over 1 i32 key (memory input): the measured table takes the 100k, 1M bucket(s) at 50M rows; MetalExec decides from a group-count estimate; output kept at one partition (only projections above it)) | TAKEN MetalExec Aggregate { keys (ran on ArrowMetal: an estimated 1040798 groups (740276 to 1671653, Chao1 over a 8192-row sample) at 50000000 rows: distinct at the 1M bucket is taken from 50M rows (from the first rows of each partition; a 2048-row sample of the whole input puts it at 222231 to 50000000 groups))",37.08,2026-09-29 18:00:32,2026-09-29 18:02:05,2026-09-29 00:37:52,3,36.32,13.74,,,rounds,true,33.74,34.15,46.40,500,58.68,43.9,663.0,3
50000000,b8192,gsweep,count_2i32_1M,"count, 2 i32 key(s), 1M groups in the key domain","SELECT k1, k2, count(*) AS n FROM grid GROUP BY k1, k2",73.68,,,1093.2,,15,,"yes",0.000e0,,,"TAKEN AggregateExec (input rows 50000000 (exact) vs min_rows 250000; count over 2+ i32 keys (memory input): the measured table takes the 10k, 100k, 1M bucket(s) at 50M rows; MetalExec decides from a group-count estimate; output kept at one partition (only projections above it))",,0,0.00,0.00,0.00,0.00,0.00,0,1000000,3.35,9.74,100,9,,,,,,,19.61,43.3,35.61,"yes",1,0,924251,0.3758,0.88,11.29,"TAKEN AggregateExec (input rows 50000000 (exact) vs min_rows 250000; count over 2+ i32 keys (memory input): the measured table takes the 10k, 100k, 1M bucket(s) at 50M rows; MetalExec decides from a group-count estimate; output kept at one partition (only projections above it)) | TAKEN MetalExec Aggregate { keys (ran on ArrowMetal: an estimated 924251 groups (669966 to 1431655, Chao1 over a 8192-row sample) at 50000000 rows: count at the 1M bucket is taken from 10M rows (from the first rows of each partition; a 2048-row sample of the whole input puts it at 268759 to 50000000 groups))",78.87,2026-09-29 18:00:32,2026-09-29 18:02:05,2026-09-29 00:37:52,3,73.89,20.02,,,rounds,true,55.43,66.12,101.45,500,103.31,81.5,1246.9,3
50000000,b8192,gsweep,sum_f64_2i32_1M,"sum_f64, 2 i32 key(s), 1M groups in the key domain","SELECT k1, k2, sum(x) AS s FROM grid GROUP BY k1, k2",75.65,,,1125.6,,30,,"yes",9.890e-16,,,"LEFT AggregateExec (input rows 50000000 (exact) vs min_rows 250000; sum_avg_f64 over 2+ i32 keys (memory input): the measured table takes it at no group count and size (results/datafusion_groupby_sweep_2026-09-29.csv)) | LEFT AggregateExec (Partial aggregate whose Final was not replaced)",,0,0.00,0.00,0.00,0.00,0.00,0,1000000,3.35,9.74,100,0,,,,,,,75.95,1121.9,77.73,"yes",0,0,0,0.0000,0.00,0.00,"LEFT AggregateExec (input rows 50000000 (exact) vs min_rows 250000; sum_avg_f64 over 2+ i32 keys (memory input): the measured table takes it at no group count and size (results/datafusion_groupby_sweep_2026-09-29.csv)) | LEFT AggregateExec (Partial aggregate whose Final was not replaced)",86.23,2026-09-29 18:00:32,2026-09-29 18:02:05,2026-09-29 00:37:52,30,77.79,77.86,,,alternate,false,100.12,104.50,98.50,500,99.00,1318.1,1322.7,3
50000000,b8192,gsweep,avg_f64_2i32_1M,"avg_f64, 2 i32 key(s), 1M groups in the key domain","SELECT k1, k2, avg(x) AS m FROM grid GROUP BY k1, k2",90.71,,,1333.5,,30,,"yes",6.661e-16,,,"LEFT AggregateExec (input rows 50000000 (exact) vs min_rows 250000; sum_avg_f64 over 2+ i32 keys (memory input): the measured table takes it at no group count and size (results/datafusion_groupby_sweep_2026-09-29.csv)) | LEFT AggregateExec (Partial aggregate whose Final was not replaced)",,0,0.00,0.00,0.00,0.00,0.00,0,1000000,3.35,9.74,100,0,,,,,,,90.17,1333.9,90.97,"yes",0,0,0,0.0000,0.00,0.00,"LEFT AggregateExec (input rows 50000000 (exact) vs min_rows 250000; sum_avg_f64 over 2+ i32 keys (memory input): the measured table takes it at no group count and size (results/datafusion_groupby_sweep_2026-09-29.csv)) | LEFT AggregateExec (Partial aggregate whose Final was not replaced)",90.09,2026-09-29 18:00:32,2026-09-29 18:02:05,2026-09-29 00:37:52,30,92.82,93.66,,,alternate,false,111.85,116.71,111.63,500,114.21,1510.5,1495.2,3
50000000,b8192,gsweep,distinct_2i32_1M,"distinct, 2 i32 key(s), 1M groups in the key domain","SELECT DISTINCT k1, k2 FROM grid",59.88,,,894.3,,15,,"yes",0.000e0,,,"TAKEN AggregateExec (input rows 50000000 (exact) vs min_rows 250000; distinct over 2+ i32 keys (memory input): the measured table takes the 200, 10k, 100k, 1M bucket(s) at 50M rows; MetalExec decides from a group-count estimate; output kept at one partition (only projections above it))",,0,0.00,0.00,0.00,0.00,0.00,0,1000000,3.35,9.74,100,9,,,,,,,17.29,50.3,45.38,"yes",1,0,924251,0.3719,0.86,9.40,"TAKEN AggregateExec (input rows 50000000 (exact) vs min_rows 250000; distinct over 2+ i32 keys (memory input): the measured table takes the 200, 10k, 100k, 1M bucket(s) at 50M rows; MetalExec decides from a group-count estimate; output kept at one partition (only projections above it)) | TAKEN MetalExec Aggregate { keys (ran on ArrowMetal: an estimated 924251 groups (669966 to 1431655, Chao1 over a 8192-row sample) at 50000000 rows: distinct at the 1M bucket is taken from 10M rows (from the first rows of each partition; a 2048-row sample of the whole input puts it at 268759 to 50000000 groups))",63.10,2026-09-29 18:00:32,2026-09-29 18:02:05,2026-09-29 00:37:52,3,59.93,17.50,,,rounds,true,45.58,59.12,80.60,500,81.97,76.4,1066.6,3
50000000,b8192,gsweep,count_1i64_1M,"count, 1 i64 key(s), 1M groups in the key domain","SELECT kl, count(*) AS n FROM grid GROUP BY kl",62.63,,,905.3,,30,,"yes",0.000e0,,,"LEFT AggregateExec (input rows 50000000 (exact) vs min_rows 250000; count over 1 i64 key (memory input): the measured table takes it at no group count and size (results/datafusion_groupby_sweep_2026-09-29.csv)) | LEFT AggregateExec (Partial aggregate whose Final was not replaced)",,0,0.00,0.00,0.00,0.00,0.00,0,1000000,3.35,9.74,100,0,,,,,,,61.94,890.9,70.06,"yes",0,0,0,0.0000,0.00,0.00,"LEFT AggregateExec (input rows 50000000 (exact) vs min_rows 250000; count over 1 i64 key (memory input): the measured table takes it at no group count and size (results/datafusion_groupby_sweep_2026-09-29.csv)) | LEFT AggregateExec (Partial aggregate whose Final was not replaced)",70.85,2026-09-29 18:00:32,2026-09-29 18:02:05,2026-09-29 00:37:52,30,63.96,64.23,,,alternate,false,80.78,83.04,83.50,500,83.74,1036.5,1031.9,3
50000000,b8192,gsweep,minmax_f64_1i64_1M,"minmax_f64, 1 i64 key(s), 1M groups in the key domain","SELECT kl, min(x) AS lo, max(x) AS hi FROM grid GROUP BY kl",85.34,,,1221.8,,30,,"yes",0.000e0,,,"LEFT AggregateExec (input rows 50000000 (exact) vs min_rows 250000; minmax_f64 over 1 i64 key (memory input): the measured table takes it at no group count and size (results/datafusion_groupby_sweep_2026-09-29.csv)) | LEFT AggregateExec (Partial aggregate whose Final was not replaced)",,0,0.00,0.00,0.00,0.00,0.00,0,1000000,3.35,9.74,100,0,,,,,,,85.53,1228.5,86.55,"yes",0,0,0,0.0000,0.00,0.00,"LEFT AggregateExec (input rows 50000000 (exact) vs min_rows 250000; minmax_f64 over 1 i64 key (memory input): the measured table takes it at no group count and size (results/datafusion_groupby_sweep_2026-09-29.csv)) | LEFT AggregateExec (Partial aggregate whose Final was not replaced)",85.02,2026-09-29 18:00:32,2026-09-29 18:02:05,2026-09-29 00:37:52,30,88.09,87.75,,,alternate,false,107.71,109.74,105.33,500,108.94,1392.6,1381.3,3
50000000,b8192,gsweep,avg_int_1i64_1M,"avg_int, 1 i64 key(s), 1M groups in the key domain","SELECT kl, avg(q) AS m FROM grid GROUP BY kl",83.13,,,1188.2,,30,,"yes",0.000e0,,,"LEFT AggregateExec (input rows 50000000 (exact) vs min_rows 250000; sum_avg_int over 1 i64 key (memory input): the measured table takes it at no group count and size (results/datafusion_groupby_sweep_2026-09-29.csv)) | LEFT AggregateExec (Partial aggregate whose Final was not replaced)",,0,0.00,0.00,0.00,0.00,0.00,0,1000000,3.35,9.74,100,0,,,,,,,84.07,1196.2,83.49,"yes",0,0,0,0.0000,0.00,0.00,"LEFT AggregateExec (input rows 50000000 (exact) vs min_rows 250000; sum_avg_int over 1 i64 key (memory input): the measured table takes it at no group count and size (results/datafusion_groupby_sweep_2026-09-29.csv)) | LEFT AggregateExec (Partial aggregate whose Final was not replaced)",83.03,2026-09-29 18:00:32,2026-09-29 18:02:05,2026-09-29 00:37:52,30,85.61,85.54,,,alternate,false,103.75,105.06,104.38,500,104.80,1317.9,1320.7,3
50000000,b8192,gsweep,count_2i64_1M,"count, 2 i64 key(s), 1M groups in the key domain","SELECT kl1, kl2, count(*) AS n FROM grid GROUP BY kl1, kl2",92.81,,,1369.0,,30,,"yes",0.000e0,,,"LEFT AggregateExec (input rows 50000000 (exact) vs min_rows 250000; count over 2+ i64 keys (memory input): the measured table takes it at no group count and size (results/datafusion_groupby_sweep_2026-09-29.csv)) | LEFT AggregateExec (Partial aggregate whose Final was not replaced)",,0,0.00,0.00,0.00,0.00,0.00,0,1000000,3.35,9.74,100,0,,,,,,,92.97,1371.9,92.28,"yes",0,0,0,0.0000,0.00,0.00,"LEFT AggregateExec (input rows 50000000 (exact) vs min_rows 250000; count over 2+ i64 keys (memory input): the measured table takes it at no group count and size (results/datafusion_groupby_sweep_2026-09-29.csv)) | LEFT AggregateExec (Partial aggregate whose Final was not replaced)",89.51,2026-09-29 18:00:32,2026-09-29 18:02:05,2026-09-29 00:37:52,30,96.05,95.59,,,alternate,false,98.98,111.61,109.36,500,110.21,1405.1,1473.3,3
50000000,b8192,gsweep,minmax_int_2i64_1M,"minmax_int, 2 i64 key(s), 1M groups in the key domain","SELECT kl1, kl2, min(q) AS lo, max(q) AS hi FROM grid GROUP BY kl1, kl2",117.43,,,1718.5,,30,,"yes",0.000e0,,,"TAKEN AggregateExec (input rows 50000000 (exact) vs min_rows 250000; minmax_int over 2+ i64 keys (memory input): the measured table takes the 100k bucket(s) at 50M rows; MetalExec decides from a group-count estimate; output kept at one partition (only projections above it))",,0,0.00,0.00,0.00,0.00,0.00,0,1000000,3.35,9.74,100,0,,,,,,,115.59,1690.8,116.27,"yes",1,1,1048065,0.0699,0.01,0.00,"TAKEN AggregateExec (input rows 50000000 (exact) vs min_rows 250000; minmax_int over 2+ i64 keys (memory input): the measured table takes the 100k bucket(s) at 50M rows; MetalExec decides from a group-count estimate; output kept at one partition (only projections above it)) | LEFT MetalExec Aggregate { keys (handed back to DataFusion: an estimated 1048065 groups (350720 to 50000000, Chao1 over a 2048-row sample) at 50000000 rows: minmax_int at the 1M bucket is not taken at any measured size (needs 1.65x at two or more sizes; 5M: 1.60x, 10M: 1.80x, 50M: 1.80x); left to DataFusion (from the first 16384 rows of each partition))",114.09,2026-09-29 18:00:32,2026-09-29 18:02:05,2026-09-29 00:37:52,30,120.70,120.31,,,alternate,false,136.56,136.82,132.94,500,134.62,1787.9,1769.8,3
50000000,b8192,gsweep,sum_f64_1i32_R2,"sum_f64, 1 i32 key(s), R2 groups in the key domain","SELECT k, sum(x) AS s FROM grid GROUP BY k",149.42,,,2232.4,,30,,"yes",5.669e-16,,,"LEFT AggregateExec (input rows 50000000 (exact) vs min_rows 250000; sum_avg_f64 over 1 i32 key (memory input): the measured table takes it at no group count and size (results/datafusion_groupby_sweep_2026-09-29.csv)) | LEFT AggregateExec (Partial aggregate whose Final was not replaced)",,0,0.00,0.00,0.00,0.00,0.00,0,21618695,3.37,10.00,100,0,,,,,,,149.46,2242.6,161.39,"yes",0,0,0,0.0000,0.00,0.00,"LEFT AggregateExec (input rows 50000000 (exact) vs min_rows 250000; sum_avg_f64 over 1 i32 key (memory input): the measured table takes it at no group count and size (results/datafusion_groupby_sweep_2026-09-29.csv)) | LEFT AggregateExec (Partial aggregate whose Final was not replaced)",168.01,2026-09-29 18:03:49,2026-09-29 18:06:50,2026-09-29 00:37:52,30,159.17,160.65,,,alternate,false,180.55,183.73,165.85,500,173.16,2426.8,2313.3,3
50000000,b8192,gsweep,distinct_1i32_R2,"distinct, 1 i32 key(s), R2 groups in the key domain","SELECT DISTINCT k FROM grid",116.49,,,1731.5,,30,,"yes",0.000e0,,,"TAKEN AggregateExec (input rows 50000000 (exact) vs min_rows 250000; distinct over 1 i32 key (memory input): the measured table takes the 100k, 1M bucket(s) at 50M rows; MetalExec decides from a group-count estimate; output kept at one partition (only projections above it))",,0,0.00,0.00,0.00,0.00,0.00,0,21618695,3.37,10.00,100,0,,,,,,,120.39,1771.0,137.07,"yes",1,1,8383490,0.1179,0.01,0.00,"TAKEN AggregateExec (input rows 50000000 (exact) vs min_rows 250000; distinct over 1 i32 key (memory input): the measured table takes the 100k, 1M bucket(s) at 50M rows; MetalExec decides from a group-count estimate; output kept at one partition (only projections above it)) | LEFT MetalExec Aggregate { keys (handed back to DataFusion: an estimated 8383490 groups (3548008 to 50000000, Chao1 over a 8192-row sample) at 50000000 rows: no bucket holds that group count at this row count; left to DataFusion (from the first 16384 rows of each partition))",125.11,2026-09-29 18:03:49,2026-09-29 18:06:50,2026-09-29 00:37:52,30,129.03,129.54,,,alternate,false,150.23,151.15,140.23,500,152.38,1960.4,2011.2,3
50000000,b8192,gsweep,avg_f64_2i32_R2,"avg_f64, 2 i32 key(s), R2 groups in the key domain","SELECT k1, k2, avg(x) AS m FROM grid GROUP BY k1, k2",196.69,,,2973.7,,30,,"yes",4.441e-16,,,"LEFT AggregateExec (input rows 50000000 (exact) vs min_rows 250000; sum_avg_f64 over 2+ i32 keys (memory input): the measured table takes it at no group count and size (results/datafusion_groupby_sweep_2026-09-29.csv)) | LEFT AggregateExec (Partial aggregate whose Final was not replaced)",,0,0.00,0.00,0.00,0.00,0.00,0,21616057,3.37,10.00,100,0,,,,,,,197.54,2982.0,191.71,"yes",0,0,0,0.0000,0.00,0.00,"LEFT AggregateExec (input rows 50000000 (exact) vs min_rows 250000; sum_avg_f64 over 2+ i32 keys (memory input): the measured table takes it at no group count and size (results/datafusion_groupby_sweep_2026-09-29.csv)) | LEFT AggregateExec (Partial aggregate whose Final was not replaced)",194.50,2026-09-29 18:03:49,2026-09-29 18:06:50,2026-09-29 00:37:52,30,205.35,204.33,,,alternate,false,221.53,223.96,225.11,500,225.63,3155.8,3182.6,3
50000000,b8192,gsweep,minmax_f64_2i32_R2,"minmax_f64, 2 i32 key(s), R2 groups in the key domain","SELECT k1, k2, min(x) AS lo, max(x) AS hi FROM grid GROUP BY k1, k2",219.89,,,3287.9,,30,,"yes",0.000e0,,,"LEFT AggregateExec (input rows 50000000 (exact) vs min_rows 250000; minmax_f64 over 2+ i32 keys (memory input): the measured table takes it at no group count and size (results/datafusion_groupby_sweep_2026-09-29.csv)) | LEFT AggregateExec (Partial aggregate whose Final was not replaced)",,0,0.00,0.00,0.00,0.00,0.00,0,21616057,3.37,10.00,100,0,,,,,,,220.46,3288.9,218.67,"yes",0,0,0,0.0000,0.00,0.00,"LEFT AggregateExec (input rows 50000000 (exact) vs min_rows 250000; minmax_f64 over 2+ i32 keys (memory input): the measured table takes it at no group count and size (results/datafusion_groupby_sweep_2026-09-29.csv)) | LEFT AggregateExec (Partial aggregate whose Final was not replaced)",225.13,2026-09-29 18:03:49,2026-09-29 18:06:50,2026-09-29 00:37:52,30,233.47,233.25,,,alternate,false,245.92,256.00,247.57,500,248.82,3387.7,3373.5,3
50000000,b8192,gsweep,avg_int_2i32_R2,"avg_int, 2 i32 key(s), R2 groups in the key domain","SELECT k1, k2, avg(q) AS m FROM grid GROUP BY k1, k2",205.10,,,2994.0,,30,,"yes",0.000e0,,,"LEFT AggregateExec (input rows 50000000 (exact) vs min_rows 250000; sum_avg_int over 2+ i32 keys (memory input): the measured table takes it at no group count and size (results/datafusion_groupby_sweep_2026-09-29.csv)) | LEFT AggregateExec (Partial aggregate whose Final was not replaced)",,0,0.00,0.00,0.00,0.00,0.00,0,21616057,3.37,10.00,100,0,,,,,,,205.14,2956.8,201.73,"yes",0,0,0,0.0000,0.00,0.00,"LEFT AggregateExec (input rows 50000000 (exact) vs min_rows 250000; sum_avg_int over 2+ i32 keys (memory input): the measured table takes it at no group count and size (results/datafusion_groupby_sweep_2026-09-29.csv)) | LEFT AggregateExec (Partial aggregate whose Final was not replaced)",207.57,2026-09-29 18:03:49,2026-09-29 18:06:50,2026-09-29 00:37:52,30,212.32,213.84,,,alternate,false,226.51,231.62,225.84,500,229.89,3102.6,3114.4,3
50000000,b8192,gsweep,distinct_2i32_R2,"distinct, 2 i32 key(s), R2 groups in the key domain","SELECT DISTINCT k1, k2 FROM grid",149.14,,,2031.8,,30,,"yes",0.000e0,,,"TAKEN AggregateExec (input rows 50000000 (exact) vs min_rows 250000; distinct over 2+ i32 keys (memory input): the measured table takes the 200, 10k, 100k, 1M bucket(s) at 50M rows; MetalExec decides from a group-count estimate; output kept at one partition (only projections above it))",,0,0.00,0.00,0.00,0.00,0.00,0,21616057,3.37,10.00,100,0,,,,,,,149.17,2054.4,149.76,"yes",1,1,16775169,0.1485,0.01,0.00,"TAKEN AggregateExec (input rows 50000000 (exact) vs min_rows 250000; distinct over 2+ i32 keys (memory input): the measured table takes the 200, 10k, 100k, 1M bucket(s) at 50M rows; MetalExec decides from a group-count estimate; output kept at one partition (only projections above it)) | LEFT MetalExec Aggregate { keys (handed back to DataFusion: an estimated 16775169 groups (5597184 to 50000000, Chao1 over a 8192-row sample) at 50000000 rows: distinct at the rows/2 bucket is not taken at any measured size (needs 1.65x at two or more sizes; 1M: 1.20x, 2M: 1.70x, 5M: 2.20x, 10M: 2.10x, 50M: 0.84x); left to DataFusion (from the first 16384 rows of each partition))",155.92,2026-09-29 18:03:49,2026-09-29 18:06:50,2026-09-29 00:37:52,30,156.69,156.06,,,alternate,false,173.21,176.34,168.19,500,179.57,2194.1,2162.3,3
50000000,b8192,gsweep,minmax_int_1i64_R2,"minmax_int, 1 i64 key(s), R2 groups in the key domain","SELECT kl, min(q) AS lo, max(q) AS hi FROM grid GROUP BY kl",216.93,,,3003.0,,30,,"yes",0.000e0,,,"LEFT AggregateExec (input rows 50000000 (exact) vs min_rows 250000; minmax_int over 1 i64 key (memory input): the measured table takes it at no group count and size (results/datafusion_groupby_sweep_2026-09-29.csv)) | LEFT AggregateExec (Partial aggregate whose Final was not replaced)",,0,0.00,0.00,0.00,0.00,0.00,0,21618695,3.37,10.00,100,0,,,,,,,216.02,2994.8,212.46,"yes",0,0,0,0.0000,0.00,0.00,"LEFT AggregateExec (input rows 50000000 (exact) vs min_rows 250000; minmax_int over 1 i64 key (memory input): the measured table takes it at no group count and size (results/datafusion_groupby_sweep_2026-09-29.csv)) | LEFT AggregateExec (Partial aggregate whose Final was not replaced)",213.65,2026-09-29 18:03:49,2026-09-29 18:06:50,2026-09-29 00:37:52,30,226.00,225.29,,,alternate,false,241.89,252.05,245.88,500,246.29,3102.4,3103.1,3
50000000,b8192,gsweep,minmax_int_2i64_R2,"minmax_int, 2 i64 key(s), R2 groups in the key domain","SELECT kl1, kl2, min(q) AS lo, max(q) AS hi FROM grid GROUP BY kl1, kl2",237.95,,,3196.1,,30,,"yes",0.000e0,,,"TAKEN AggregateExec (input rows 50000000 (exact) vs min_rows 250000; minmax_int over 2+ i64 keys (memory input): the measured table takes the 100k bucket(s) at 50M rows; MetalExec decides from a group-count estimate; output kept at one partition (only projections above it))",,0,0.00,0.00,0.00,0.00,0.00,0,21616057,3.37,10.00,100,0,,,,,,,237.53,3241.9,237.90,"yes",1,1,2098176,0.0746,0.01,0.00,"TAKEN AggregateExec (input rows 50000000 (exact) vs min_rows 250000; minmax_int over 2+ i64 keys (memory input): the measured table takes the 100k bucket(s) at 50M rows; MetalExec decides from a group-count estimate; output kept at one partition (only projections above it)) | LEFT MetalExec Aggregate { keys (handed back to DataFusion: an estimated 2098176 groups (700757 to 50000000, Chao1 over a 2048-row sample) at 50000000 rows: minmax_int at the 1M bucket is not taken at any measured size (needs 1.65x at two or more sizes; 5M: 1.60x, 10M: 1.80x, 50M: 1.80x); left to DataFusion (from the first 16384 rows of each partition))",243.92,2026-09-29 18:03:49,2026-09-29 18:06:50,2026-09-29 00:37:52,30,293.30,295.42,,,alternate,false,256.29,259.07,260.71,500,262.52,3315.3,3353.3,3
50000000,b8192,distinct,u_small,"distinct (int32, int32), 10k groups","SELECT DISTINCT region, sub FROM fact",40.86,,,387.0,,15,,"yes",0.000e0,,,"TAKEN AggregateExec (input rows 50000000 (exact) vs min_rows 250000; distinct over 2+ i32 keys (memory input): the measured table takes the 200, 10k, 100k, 1M bucket(s) at 50M rows; MetalExec decides from a group-count estimate; output kept at one partition (only projections above it))",,0,0.00,0.00,0.00,0.00,0.00,0,10000,3.33,3.23,100,12,,,,,,,15.07,47.5,32.31,"yes",1,0,9526,0.1230,0.86,8.07,"TAKEN AggregateExec (input rows 50000000 (exact) vs min_rows 250000; distinct over 2+ i32 keys (memory input): the measured table takes the 200, 10k, 100k, 1M bucket(s) at 50M rows; MetalExec decides from a group-count estimate; output kept at one partition (only projections above it)) | TAKEN MetalExec Aggregate { keys (ran on ArrowMetal: an estimated 9526 groups (5850 to 23640, Chao1 over a 512-row sample) at 50000000 rows: distinct at the 10k bucket is taken from 50M rows (from the first rows of each partition; a 512-row sample of the whole input puts it at 5919 to 23929 groups))",41.49,2026-09-29 18:08:14,2026-09-29 18:08:19,2026-09-29 00:37:52,3,40.88,15.21,,,rounds,true,44.16,55.89,53.71,500,59.06,82.5,591.1,3
50000000,part1,gsweep,sum_f64_1i32_200,"sum_f64, 1 i32 key(s), 200 groups in the key domain","SELECT k, sum(x) AS s FROM grid GROUP BY k",16.85,,,166.3,,30,,"yes",3.506e-16,,,"LEFT AggregateExec (input rows 50000000 (exact) vs min_rows 250000; sum_avg_f64 over 1 i32 key (memory input): the measured table takes it at no group count and size (results/datafusion_groupby_sweep_2026-09-29.csv)) | LEFT AggregateExec (Partial aggregate whose Final was not replaced)",,0,0.00,0.00,0.00,0.00,0.00,0,200,3.23,3.99,100,0,,,,,,,15.86,173.6,19.72,"yes",0,0,0,0.0000,0.00,0.00,"LEFT AggregateExec (input rows 50000000 (exact) vs min_rows 250000; sum_avg_f64 over 1 i32 key (memory input): the measured table takes it at no group count and size (results/datafusion_groupby_sweep_2026-09-29.csv)) | LEFT AggregateExec (Partial aggregate whose Final was not replaced)",19.59,2026-09-29 18:08:23,2026-09-29 18:09:20,2026-09-29 00:37:52,30,19.40,19.41,,,alternate,false,33.77,37.76,29.05,500,29.87,305.4,236.6,3
50000000,part1,gsweep,distinct_1i32_200,"distinct, 1 i32 key(s), 200 groups in the key domain","SELECT DISTINCT k FROM grid",13.59,,,150.3,,30,,"yes",0.000e0,,,"TAKEN AggregateExec (input rows 50000000 (exact) vs min_rows 250000; distinct over 1 i32 key (memory input): the measured table takes the 100k, 1M bucket(s) at 50M rows; MetalExec decides from a group-count estimate; output kept at one partition (only projections above it))",,0,0.00,0.00,0.00,0.00,0.00,0,200,3.23,3.99,100,0,,,,,,,13.53,149.6,18.59,"yes",1,1,199,0.0158,0.01,0.00,"TAKEN AggregateExec (input rows 50000000 (exact) vs min_rows 250000; distinct over 1 i32 key (memory input): the measured table takes the 100k, 1M bucket(s) at 50M rows; MetalExec decides from a group-count estimate; output kept at one partition (only projections above it)) | LEFT MetalExec Aggregate { keys (handed back to DataFusion: an estimated 199 groups (196 to 205, Chao1 over a 512-row sample) at 50000000 rows: distinct at the 200 bucket is not taken at any measured size (needs 1.65x at two or more sizes; 1M: 0.48x, 2M: 0.59x, 5M: 0.87x, 10M: 1.10x, 50M: 1.50x); left to DataFusion (from the first 16384 rows of each partition))",21.03,2026-09-29 18:08:23,2026-09-29 18:09:20,2026-09-29 00:37:52,30,13.85,14.01,,,alternate,false,29.17,30.42,24.08,500,27.13,284.1,272.7,3
50000000,part1,gsweep,count_2i32_200,"count, 2 i32 key(s), 200 groups in the key domain","SELECT k1, k2, count(*) AS n FROM grid GROUP BY k1, k2",31.54,,,446.7,,30,,"yes",0.000e0,,,"TAKEN AggregateExec (input rows 50000000 (exact) vs min_rows 250000; count over 2+ i32 keys (memory input): the measured table takes the 10k, 100k, 1M bucket(s) at 50M rows; MetalExec decides from a group-count estimate; output kept at one partition (only projections above it))",,0,0.00,0.00,0.00,0.00,0.00,0,200,3.23,3.99,100,0,,,,,,,31.86,446.8,32.59,"yes",1,1,204,0.0208,0.01,0.00,"TAKEN AggregateExec (input rows 50000000 (exact) vs min_rows 250000; count over 2+ i32 keys (memory input): the measured table takes the 10k, 100k, 1M bucket(s) at 50M rows; MetalExec decides from a group-count estimate; output kept at one partition (only projections above it)) | LEFT MetalExec Aggregate { keys (handed back to DataFusion: an estimated 204 groups (200 to 211, Chao1 over a 512-row sample) at 50000000 rows: count at the 200 bucket is not taken at any measured size (needs 1.65x at two or more sizes; 1M: 0.56x, 2M: 0.88x, 5M: 1.20x, 10M: 1.60x, 50M: 2.10x); left to DataFusion (from the first 16384 rows of each partition))",42.66,2026-09-29 18:08:23,2026-09-29 18:09:20,2026-09-29 00:37:52,30,33.91,34.01,,,alternate,false,54.10,57.39,45.42,500,48.76,683.4,613.3,3
50000000,part1,gsweep,minmax_f64_2i32_200,"minmax_f64, 2 i32 key(s), 200 groups in the key domain","SELECT k1, k2, min(x) AS lo, max(x) AS hi FROM grid GROUP BY k1, k2",32.55,,,458.1,,30,,"yes",0.000e0,,,"LEFT AggregateExec (input rows 50000000 (exact) vs min_rows 250000; minmax_f64 over 2+ i32 keys (memory input): the measured table takes it at no group count and size (results/datafusion_groupby_sweep_2026-09-29.csv)) | LEFT AggregateExec (Partial aggregate whose Final was not replaced)",,0,0.00,0.00,0.00,0.00,0.00,0,200,3.23,3.99,100,0,,,,,,,32.51,459.0,33.14,"yes",0,0,0,0.0000,0.00,0.00,"LEFT AggregateExec (input rows 50000000 (exact) vs min_rows 250000; minmax_f64 over 2+ i32 keys (memory input): the measured table takes it at no group count and size (results/datafusion_groupby_sweep_2026-09-29.csv)) | LEFT AggregateExec (Partial aggregate whose Final was not replaced)",33.86,2026-09-29 18:08:23,2026-09-29 18:09:20,2026-09-29 00:37:52,30,34.80,36.91,,,alternate,false,51.52,53.43,55.20,500,57.64,662.8,698.1,3
50000000,part1,gsweep,sum_int_2i32_200,"sum_int, 2 i32 key(s), 200 groups in the key domain","SELECT k1, k2, sum(q) AS s FROM grid GROUP BY k1, k2",31.43,,,440.9,,30,,"yes",0.000e0,,,"LEFT AggregateExec (input rows 50000000 (exact) vs min_rows 250000; sum_avg_int over 2+ i32 keys (memory input): the measured table takes it at no group count and size (results/datafusion_groupby_sweep_2026-09-29.csv)) | LEFT AggregateExec (Partial aggregate whose Final was not replaced)",,0,0.00,0.00,0.00,0.00,0.00,0,200,3.23,3.99,100,0,,,,,,,31.41,441.6,38.67,"yes",0,0,0,0.0000,0.00,0.00,"LEFT AggregateExec (input rows 50000000 (exact) vs min_rows 250000; sum_avg_int over 2+ i32 keys (memory input): the measured table takes it at no group count and size (results/datafusion_groupby_sweep_2026-09-29.csv)) | LEFT AggregateExec (Partial aggregate whose Final was not replaced)",37.94,2026-09-29 18:08:23,2026-09-29 18:09:20,2026-09-29 00:37:52,30,35.00,35.70,,,alternate,false,52.98,56.92,47.14,500,55.04,677.5,617.5,3
50000000,part1,gsweep,avg_int_2i32_200,"avg_int, 2 i32 key(s), 200 groups in the key domain","SELECT k1, k2, avg(q) AS m FROM grid GROUP BY k1, k2",33.73,,,479.1,,30,,"yes",0.000e0,,,"LEFT AggregateExec (input rows 50000000 (exact) vs min_rows 250000; sum_avg_int over 2+ i32 keys (memory input): the measured table takes it at no group count and size (results/datafusion_groupby_sweep_2026-09-29.csv)) | LEFT AggregateExec (Partial aggregate whose Final was not replaced)",,0,0.00,0.00,0.00,0.00,0.00,0,200,3.23,3.99,100,0,,,,,,,34.28,477.1,36.21,"yes",0,0,0,0.0000,0.00,0.00,"LEFT AggregateExec (input rows 50000000 (exact) vs min_rows 250000; sum_avg_int over 2+ i32 keys (memory input): the measured table takes it at no group count and size (results/datafusion_groupby_sweep_2026-09-29.csv)) | LEFT AggregateExec (Partial aggregate whose Final was not replaced)",37.89,2026-09-29 18:08:23,2026-09-29 18:09:20,2026-09-29 00:37:52,30,37.73,38.08,,,alternate,false,55.27,58.24,55.67,500,57.81,713.2,707.9,3
50000000,part1,gsweep,distinct_2i32_200,"distinct, 2 i32 key(s), 200 groups in the key domain","SELECT DISTINCT k1, k2 FROM grid",30.15,,,414.1,,15,,"yes",0.000e0,,,"TAKEN AggregateExec (input rows 50000000 (exact) vs min_rows 250000; distinct over 2+ i32 keys (memory input): the measured table takes the 200, 10k, 100k, 1M bucket(s) at 50M rows; MetalExec decides from a group-count estimate; output kept at one partition (only projections above it))",,0,0.00,0.00,0.00,0.00,0.00,0,200,3.23,3.99,100,13,,,,,,,12.73,45.1,28.46,"yes",1,0,204,0.1112,1.03,6.40,"TAKEN AggregateExec (input rows 50000000 (exact) vs min_rows 250000; distinct over 2+ i32 keys (memory input): the measured table takes the 200, 10k, 100k, 1M bucket(s) at 50M rows; MetalExec decides from a group-count estimate; output kept at one partition (only projections above it)) | TAKEN MetalExec Aggregate { keys (ran on ArrowMetal: an estimated 204 groups (200 to 211, Chao1 over a 512-row sample) at 50000000 rows: distinct at the 200 bucket is taken from 10M rows (from the first rows of each partition; a 512-row sample of the whole input puts it at 198 to 208 groups))",34.88,2026-09-29 18:08:23,2026-09-29 18:09:20,2026-09-29 00:37:52,3,30.33,13.03,,,rounds,true,36.65,37.06,50.88,500,53.15,83.3,636.7,3
50000000,part1,gsweep,sum_f64_1i64_200,"sum_f64, 1 i64 key(s), 200 groups in the key domain","SELECT kl, sum(x) AS s FROM grid GROUP BY kl",16.05,,,176.0,,30,,"yes",3.498e-16,,,"LEFT AggregateExec (input rows 50000000 (exact) vs min_rows 250000; sum_avg_f64 over 1 i64 key (memory input): the measured table takes it at no group count and size (results/datafusion_groupby_sweep_2026-09-29.csv)) | LEFT AggregateExec (Partial aggregate whose Final was not replaced)",,0,0.00,0.00,0.00,0.00,0.00,0,200,3.23,3.99,100,0,,,,,,,15.97,175.5,18.65,"yes",0,0,0,0.0000,0.00,0.00,"LEFT AggregateExec (input rows 50000000 (exact) vs min_rows 250000; sum_avg_f64 over 1 i64 key (memory input): the measured table takes it at no group count and size (results/datafusion_groupby_sweep_2026-09-29.csv)) | LEFT AggregateExec (Partial aggregate whose Final was not replaced)",20.00,2026-09-29 18:08:23,2026-09-29 18:09:20,2026-09-29 00:37:52,30,16.55,16.38,,,alternate,false,31.24,34.94,32.05,500,33.13,290.4,292.9,3
50000000,part1,gsweep,sum_int_1i64_200,"sum_int, 1 i64 key(s), 200 groups in the key domain","SELECT kl, sum(q) AS s FROM grid GROUP BY kl",16.02,,,175.8,,30,,"yes",0.000e0,,,"LEFT AggregateExec (input rows 50000000 (exact) vs min_rows 250000; sum_avg_int over 1 i64 key (memory input): the measured table takes it at no group count and size (results/datafusion_groupby_sweep_2026-09-29.csv)) | LEFT AggregateExec (Partial aggregate whose Final was not replaced)",,0,0.00,0.00,0.00,0.00,0.00,0,200,3.23,3.99,100,0,,,,,,,16.02,174.9,18.09,"yes",0,0,0,0.0000,0.00,0.00,"LEFT AggregateExec (input rows 50000000 (exact) vs min_rows 250000; sum_avg_int over 1 i64 key (memory input): the measured table takes it at no group count and size (results/datafusion_groupby_sweep_2026-09-29.csv)) | LEFT AggregateExec (Partial aggregate whose Final was not replaced)",19.27,2026-09-29 18:08:23,2026-09-29 18:09:20,2026-09-29 00:37:52,30,16.51,16.51,,,alternate,false,25.76,27.14,30.97,500,33.62,318.1,329.0,3
50000000,part1,gsweep,minmax_int_2i64_200,"minmax_int, 2 i64 key(s), 200 groups in the key domain","SELECT kl1, kl2, min(q) AS lo, max(q) AS hi FROM grid GROUP BY kl1, kl2",32.48,,,464.0,,30,,"yes",0.000e0,,,"TAKEN AggregateExec (input rows 50000000 (exact) vs min_rows 250000; minmax_int over 2+ i64 keys (memory input): the measured table takes the 100k bucket(s) at 50M rows; MetalExec decides from a group-count estimate; output kept at one partition (only projections above it))",,0,0.00,0.00,0.00,0.00,0.00,0,200,3.23,3.99,100,0,,,,,,,32.55,461.5,38.04,"yes",1,1,204,0.0230,0.02,0.00,"TAKEN AggregateExec (input rows 50000000 (exact) vs min_rows 250000; minmax_int over 2+ i64 keys (memory input): the measured table takes the 100k bucket(s) at 50M rows; MetalExec decides from a group-count estimate; output kept at one partition (only projections above it)) | LEFT MetalExec Aggregate { keys (handed back to DataFusion: an estimated 204 groups (200 to 211, Chao1 over a 512-row sample) at 50000000 rows: minmax_int at the 200 bucket is not taken at any measured size (needs 1.65x at two or more sizes; 1M: 0.47x, 2M: 0.60x, 5M: 0.87x, 10M: 1.10x, 50M: 1.30x); left to DataFusion (from the first 16384 rows of each partition))",38.62,2026-09-29 18:08:23,2026-09-29 18:09:20,2026-09-29 00:37:52,30,36.57,36.19,,,alternate,false,57.39,57.63,52.16,500,57.01,687.8,693.0,3
50000000,part1,gsweep,distinct_2i64_200,"distinct, 2 i64 key(s), 200 groups in the key domain","SELECT DISTINCT kl1, kl2 FROM grid",30.28,,,420.2,,30,,"yes",0.000e0,,,"LEFT AggregateExec (input rows 50000000 (exact) vs min_rows 250000; distinct over 2+ i64 keys (memory input): the measured table takes it at no group count and size (results/datafusion_groupby_sweep_2026-09-29.csv)) | LEFT AggregateExec (Partial aggregate whose Final was not replaced)",,0,0.00,0.00,0.00,0.00,0.00,0,200,3.23,3.99,100,0,,,,,,,30.01,419.6,34.49,"yes",0,0,0,0.0000,0.00,0.00,"LEFT AggregateExec (input rows 50000000 (exact) vs min_rows 250000; distinct over 2+ i64 keys (memory input): the measured table takes it at no group count and size (results/datafusion_groupby_sweep_2026-09-29.csv)) | LEFT AggregateExec (Partial aggregate whose Final was not replaced)",31.87,2026-09-29 18:08:23,2026-09-29 18:09:20,2026-09-29 00:37:52,30,34.42,34.00,,,alternate,false,51.13,56.78,52.78,500,54.55,646.6,641.3,3
50000000,part1,gsweep,count_1i32_10k,"count, 1 i32 key(s), 10k groups in the key domain","SELECT k, count(*) AS n FROM grid GROUP BY k",18.06,,,204.2,,30,,"yes",0.000e0,,,"LEFT AggregateExec (input rows 50000000 (exact) vs min_rows 250000; count over 1 i32 key (memory input): the measured table takes it at no group count and size (results/datafusion_groupby_sweep_2026-09-29.csv)) | LEFT AggregateExec (Partial aggregate whose Final was not replaced)",,0,0.00,0.00,0.00,0.00,0.00,0,10000,3.02,6.64,100,0,,,,,,,18.26,207.5,18.95,"yes",0,0,0,0.0000,0.00,0.00,"LEFT AggregateExec (input rows 50000000 (exact) vs min_rows 250000; count over 1 i32 key (memory input): the measured table takes it at no group count and size (results/datafusion_groupby_sweep_2026-09-29.csv)) | LEFT AggregateExec (Partial aggregate whose Final was not replaced)",19.19,2026-09-29 18:09:44,2026-09-29 18:10:46,2026-09-29 00:37:52,30,18.88,18.85,,,alternate,false,34.56,36.04,35.85,500,38.71,365.9,366.8,3
50000000,part1,gsweep,minmax_f64_1i32_10k,"minmax_f64, 1 i32 key(s), 10k groups in the key domain","SELECT k, min(x) AS lo, max(x) AS hi FROM grid GROUP BY k",19.82,,,236.8,,30,,"yes",0.000e0,,,"LEFT AggregateExec (input rows 50000000 (exact) vs min_rows 250000; minmax_f64 over 1 i32 key (memory input): the measured table takes it at no group count and size (results/datafusion_groupby_sweep_2026-09-29.csv)) | LEFT AggregateExec (Partial aggregate whose Final was not replaced)",,0,0.00,0.00,0.00,0.00,0.00,0,10000,3.02,6.64,100,0,,,,,,,20.28,234.8,23.24,"yes",0,0,0,0.0000,0.00,0.00,"LEFT AggregateExec (input rows 50000000 (exact) vs min_rows 250000; minmax_f64 over 1 i32 key (memory input): the measured table takes it at no group count and size (results/datafusion_groupby_sweep_2026-09-29.csv)) | LEFT AggregateExec (Partial aggregate whose Final was not replaced)",25.59,2026-09-29 18:09:44,2026-09-29 18:10:46,2026-09-29 00:37:52,30,21.10,21.06,,,alternate,false,34.49,39.77,40.91,500,41.00,377.2,408.0,3
50000000,part1,gsweep,distinct_1i32_10k,"distinct, 1 i32 key(s), 10k groups in the key domain","SELECT DISTINCT k FROM grid",14.90,,,162.1,,30,,"yes",0.000e0,,,"TAKEN AggregateExec (input rows 50000000 (exact) vs min_rows 250000; distinct over 1 i32 key (memory input): the measured table takes the 100k, 1M bucket(s) at 50M rows; MetalExec decides from a group-count estimate; output kept at one partition (only projections above it))",,0,0.00,0.00,0.00,0.00,0.00,0,10000,3.02,6.64,100,0,,,,,,,14.98,162.3,16.89,"yes",1,1,9429,0.0381,0.01,0.00,"TAKEN AggregateExec (input rows 50000000 (exact) vs min_rows 250000; distinct over 1 i32 key (memory input): the measured table takes the 100k, 1M bucket(s) at 50M rows; MetalExec decides from a group-count estimate; output kept at one partition (only projections above it)) | LEFT MetalExec Aggregate { keys (handed back to DataFusion: an estimated 9429 groups (8384 to 10812, Chao1 over a 2048-row sample) at 50000000 rows: distinct at the 10k bucket is not taken at any measured size (needs 1.65x at two or more sizes; 1M: 0.78x, 2M: 0.64x, 5M: 1.10x, 10M: 1.30x, 50M: 1.40x); left to DataFusion (from the first 16384 rows of each partition))",18.72,2026-09-29 18:09:44,2026-09-29 18:10:46,2026-09-29 00:37:52,30,15.04,15.20,,,alternate,false,23.60,31.24,30.43,500,31.86,264.8,308.2,3
50000000,part1,gsweep,count_2i32_10k,"count, 2 i32 key(s), 10k groups in the key domain","SELECT k1, k2, count(*) AS n FROM grid GROUP BY k1, k2",33.37,,,471.7,,15,,"yes",0.000e0,,,"TAKEN AggregateExec (input rows 50000000 (exact) vs min_rows 250000; count over 2+ i32 keys (memory input): the measured table takes the 10k, 100k, 1M bucket(s) at 50M rows; MetalExec decides from a group-count estimate; output kept at one partition (only projections above it))",,0,0.00,0.00,0.00,0.00,0.00,0,10000,3.02,6.64,100,12,,,,,,,15.88,51.4,37.53,"yes",1,0,8290,0.1951,1.10,9.34,"TAKEN AggregateExec (input rows 50000000 (exact) vs min_rows 250000; count over 2+ i32 keys (memory input): the measured table takes the 10k, 100k, 1M bucket(s) at 50M rows; MetalExec decides from a group-count estimate; output kept at one partition (only projections above it)) | TAKEN MetalExec Aggregate { keys (ran on ArrowMetal: an estimated 8290 groups (5272 to 18434, Chao1 over a 512-row sample) at 50000000 rows: count at the 10k bucket is taken from 50M rows (from the first rows of each partition; a 2048-row sample of the whole input puts it at 8599 to 11161 groups))",38.50,2026-09-29 18:09:44,2026-09-29 18:10:46,2026-09-29 00:37:52,3,34.43,16.11,,,rounds,true,37.57,50.68,57.10,500,61.25,70.4,698.1,3
50000000,part1,gsweep,sum_f64_2i32_10k,"sum_f64, 2 i32 key(s), 10k groups in the key domain","SELECT k1, k2, sum(x) AS s FROM grid GROUP BY k1, k2",33.05,,,462.5,,30,,"yes",7.131e-16,,,"LEFT AggregateExec (input rows 50000000 (exact) vs min_rows 250000; sum_avg_f64 over 2+ i32 keys (memory input): the measured table takes it at no group count and size (results/datafusion_groupby_sweep_2026-09-29.csv)) | LEFT AggregateExec (Partial aggregate whose Final was not replaced)",,0,0.00,0.00,0.00,0.00,0.00,0,10000,3.02,6.64,100,0,,,,,,,33.14,461.8,37.59,"yes",0,0,0,0.0000,0.00,0.00,"LEFT AggregateExec (input rows 50000000 (exact) vs min_rows 250000; sum_avg_f64 over 2+ i32 keys (memory input): the measured table takes it at no group count and size (results/datafusion_groupby_sweep_2026-09-29.csv)) | LEFT AggregateExec (Partial aggregate whose Final was not replaced)",45.58,2026-09-29 18:09:44,2026-09-29 18:10:46,2026-09-29 00:37:52,30,37.65,36.88,,,alternate,false,54.70,56.72,56.77,500,58.26,698.7,704.2,3
50000000,part1,gsweep,avg_int_2i32_10k,"avg_int, 2 i32 key(s), 10k groups in the key domain","SELECT k1, k2, avg(q) AS m FROM grid GROUP BY k1, k2",37.64,,,522.9,,30,,"yes",0.000e0,,,"LEFT AggregateExec (input rows 50000000 (exact) vs min_rows 250000; sum_avg_int over 2+ i32 keys (memory input): the measured table takes it at no group count and size (results/datafusion_groupby_sweep_2026-09-29.csv)) | LEFT AggregateExec (Partial aggregate whose Final was not replaced)",,0,0.00,0.00,0.00,0.00,0.00,0,10000,3.02,6.64,100,0,,,,,,,36.91,525.3,36.83,"yes",0,0,0,0.0000,0.00,0.00,"LEFT AggregateExec (input rows 50000000 (exact) vs min_rows 250000; sum_avg_int over 2+ i32 keys (memory input): the measured table takes it at no group count and size (results/datafusion_groupby_sweep_2026-09-29.csv)) | LEFT AggregateExec (Partial aggregate whose Final was not replaced)",41.51,2026-09-29 18:09:44,2026-09-29 18:10:46,2026-09-29 00:37:52,30,41.63,40.78,,,alternate,false,56.06,60.55,61.71,500,65.04,732.9,777.9,3
50000000,part1,gsweep,distinct_2i32_10k,"distinct, 2 i32 key(s), 10k groups in the key domain","SELECT DISTINCT k1, k2 FROM grid",31.23,,,429.4,,15,,"yes",0.000e0,,,"TAKEN AggregateExec (input rows 50000000 (exact) vs min_rows 250000; distinct over 2+ i32 keys (memory input): the measured table takes the 200, 10k, 100k, 1M bucket(s) at 50M rows; MetalExec decides from a group-count estimate; output kept at one partition (only projections above it))",,0,0.00,0.00,0.00,0.00,0.00,0,10000,3.02,6.64,100,13,,,,,,,14.27,49.2,32.91,"yes",1,0,8290,0.1898,1.11,7.87,"TAKEN AggregateExec (input rows 50000000 (exact) vs min_rows 250000; distinct over 2+ i32 keys (memory input): the measured table takes the 200, 10k, 100k, 1M bucket(s) at 50M rows; MetalExec decides from a group-count estimate; output kept at one partition (only projections above it)) | TAKEN MetalExec Aggregate { keys (ran on ArrowMetal: an estimated 8290 groups (5272 to 18434, Chao1 over a 512-row sample) at 50000000 rows: distinct at the 10k bucket is taken from 50M rows (from the first rows of each partition; a 2048-row sample of the whole input puts it at 8599 to 11161 groups))",32.58,2026-09-29 18:09:44,2026-09-29 18:10:46,2026-09-29 00:37:52,3,31.25,14.55,,,rounds,true,41.15,51.08,51.29,500,53.33,93.8,655.5,3
50000000,part1,gsweep,minmax_f64_1i64_10k,"minmax_f64, 1 i64 key(s), 10k groups in the key domain","SELECT kl, min(x) AS lo, max(x) AS hi FROM grid GROUP BY kl",21.16,,,248.2,,30,,"yes",0.000e0,,,"LEFT AggregateExec (input rows 50000000 (exact) vs min_rows 250000; minmax_f64 over 1 i64 key (memory input): the measured table takes it at no group count and size (results/datafusion_groupby_sweep_2026-09-29.csv)) | LEFT AggregateExec (Partial aggregate whose Final was not replaced)",,0,0.00,0.00,0.00,0.00,0.00,0,10000,3.02,6.64,100,0,,,,,,,21.05,246.8,25.07,"yes",0,0,0,0.0000,0.00,0.00,"LEFT AggregateExec (input rows 50000000 (exact) vs min_rows 250000; minmax_f64 over 1 i64 key (memory input): the measured table takes it at no group count and size (results/datafusion_groupby_sweep_2026-09-29.csv)) | LEFT AggregateExec (Partial aggregate whose Final was not replaced)",28.81,2026-09-29 18:09:44,2026-09-29 18:10:46,2026-09-29 00:37:52,30,22.26,21.62,,,alternate,false,40.09,41.47,37.85,500,38.95,430.1,427.6,3
50000000,part1,gsweep,minmax_int_1i64_10k,"minmax_int, 1 i64 key(s), 10k groups in the key domain","SELECT kl, min(q) AS lo, max(q) AS hi FROM grid GROUP BY kl",20.32,,,234.8,,30,,"yes",0.000e0,,,"LEFT AggregateExec (input rows 50000000 (exact) vs min_rows 250000; minmax_int over 1 i64 key (memory input): the measured table takes it at no group count and size (results/datafusion_groupby_sweep_2026-09-29.csv)) | LEFT AggregateExec (Partial aggregate whose Final was not replaced)",,0,0.00,0.00,0.00,0.00,0.00,0,10000,3.02,6.64,100,0,,,,,,,20.28,236.5,21.30,"yes",0,0,0,0.0000,0.00,0.00,"LEFT AggregateExec (input rows 50000000 (exact) vs min_rows 250000; minmax_int over 1 i64 key (memory input): the measured table takes it at no group count and size (results/datafusion_groupby_sweep_2026-09-29.csv)) | LEFT AggregateExec (Partial aggregate whose Final was not replaced)",22.48,2026-09-29 18:09:44,2026-09-29 18:10:46,2026-09-29 00:37:52,30,21.36,21.41,,,alternate,false,37.18,39.24,38.43,500,40.31,418.5,420.9,3
50000000,part1,gsweep,distinct_1i64_10k,"distinct, 1 i64 key(s), 10k groups in the key domain","SELECT DISTINCT kl FROM grid",16.04,,,177.9,,30,,"yes",0.000e0,,,"LEFT AggregateExec (input rows 50000000 (exact) vs min_rows 250000; distinct over 1 i64 key (memory input): the measured table takes it at no group count and size (results/datafusion_groupby_sweep_2026-09-29.csv)) | LEFT AggregateExec (Partial aggregate whose Final was not replaced)",,0,0.00,0.00,0.00,0.00,0.00,0,10000,3.02,6.64,100,0,,,,,,,16.18,179.4,17.53,"yes",0,0,0,0.0000,0.00,0.00,"LEFT AggregateExec (input rows 50000000 (exact) vs min_rows 250000; distinct over 1 i64 key (memory input): the measured table takes it at no group count and size (results/datafusion_groupby_sweep_2026-09-29.csv)) | LEFT AggregateExec (Partial aggregate whose Final was not replaced)",18.66,2026-09-29 18:09:44,2026-09-29 18:10:46,2026-09-29 00:37:52,30,16.38,16.46,,,alternate,false,34.11,34.29,30.80,500,31.86,325.0,326.7,3
50000000,part1,gsweep,sum_int_2i64_10k,"sum_int, 2 i64 key(s), 10k groups in the key domain","SELECT kl1, kl2, sum(q) AS s FROM grid GROUP BY kl1, kl2",34.02,,,471.5,,30,,"yes",0.000e0,,,"LEFT AggregateExec (input rows 50000000 (exact) vs min_rows 250000; sum_avg_int over 2+ i64 keys (memory input): the measured table takes it at no group count and size (results/datafusion_groupby_sweep_2026-09-29.csv)) | LEFT AggregateExec (Partial aggregate whose Final was not replaced)",,0,0.00,0.00,0.00,0.00,0.00,0,10000,3.02,6.64,100,0,,,,,,,34.26,469.8,38.71,"yes",0,0,0,0.0000,0.00,0.00,"LEFT AggregateExec (input rows 50000000 (exact) vs min_rows 250000; sum_avg_int over 2+ i64 keys (memory input): the measured table takes it at no group count and size (results/datafusion_groupby_sweep_2026-09-29.csv)) | LEFT AggregateExec (Partial aggregate whose Final was not replaced)",43.38,2026-09-29 18:09:44,2026-09-29 18:10:46,2026-09-29 00:37:52,30,40.00,40.08,,,alternate,false,61.17,61.88,55.18,500,60.19,712.4,706.9,3
50000000,part1,gsweep,minmax_int_2i64_10k,"minmax_int, 2 i64 key(s), 10k groups in the key domain","SELECT kl1, kl2, min(q) AS lo, max(q) AS hi FROM grid GROUP BY kl1, kl2",37.74,,,503.5,,30,,"yes",0.000e0,,,"TAKEN AggregateExec (input rows 50000000 (exact) vs min_rows 250000; minmax_int over 2+ i64 keys (memory input): the measured table takes the 100k bucket(s) at 50M rows; MetalExec decides from a group-count estimate; output kept at one partition (only projections above it))",,0,0.00,0.00,0.00,0.00,0.00,0,10000,3.02,6.64,100,0,,,,,,,38.02,501.6,40.48,"yes",1,1,8290,0.0242,0.02,0.00,"TAKEN AggregateExec (input rows 50000000 (exact) vs min_rows 250000; minmax_int over 2+ i64 keys (memory input): the measured table takes the 100k bucket(s) at 50M rows; MetalExec decides from a group-count estimate; output kept at one partition (only projections above it)) | LEFT MetalExec Aggregate { keys (handed back to DataFusion: an estimated 8290 groups (5272 to 18434, Chao1 over a 512-row sample) at 50000000 rows: minmax_int at the 10k bucket is not taken at any measured size (needs 1.65x at two or more sizes; 1M: 0.76x, 2M: 0.89x, 5M: 1.00x, 10M: 1.10x, 50M: 1.10x); left to DataFusion (from the first 16384 rows of each partition))",40.41,2026-09-29 18:09:44,2026-09-29 18:10:46,2026-09-29 00:37:52,30,47.44,45.89,,,alternate,false,60.88,60.99,61.70,500,63.59,739.2,726.8,3
50000000,part1,gsweep,avg_f64_1i32_100k,"avg_f64, 1 i32 key(s), 100k groups in the key domain","SELECT k, avg(x) AS m FROM grid GROUP BY k",37.97,,,553.8,,30,,"yes",3.331e-16,,,"LEFT AggregateExec (input rows 50000000 (exact) vs min_rows 250000; sum_avg_f64 over 1 i32 key (memory input): the measured table takes it at no group count and size (results/datafusion_groupby_sweep_2026-09-29.csv)) | LEFT AggregateExec (Partial aggregate whose Final was not replaced)",,0,0.00,0.00,0.00,0.00,0.00,0,100000,2.94,9.16,100,0,,,,,,,37.49,550.5,40.24,"yes",0,0,0,0.0000,0.00,0.00,"LEFT AggregateExec (input rows 50000000 (exact) vs min_rows 250000; sum_avg_f64 over 1 i32 key (memory input): the measured table takes it at no group count and size (results/datafusion_groupby_sweep_2026-09-29.csv)) | LEFT AggregateExec (Partial aggregate whose Final was not replaced)",42.19,2026-09-29 18:12:10,2026-09-29 18:13:06,2026-09-29 00:37:52,30,41.62,41.57,,,alternate,false,53.83,58.39,58.13,500,62.53,729.7,767.0,3
50000000,part1,gsweep,avg_int_1i32_100k,"avg_int, 1 i32 key(s), 100k groups in the key domain","SELECT k, avg(q) AS m FROM grid GROUP BY k",40.39,,,581.9,,30,,"yes",0.000e0,,,"LEFT AggregateExec (input rows 50000000 (exact) vs min_rows 250000; sum_avg_int over 1 i32 key (memory input): the measured table takes it at no group count and size (results/datafusion_groupby_sweep_2026-09-29.csv)) | LEFT AggregateExec (Partial aggregate whose Final was not replaced)",,0,0.00,0.00,0.00,0.00,0.00,0,100000,2.94,9.16,100,0,,,,,,,39.74,583.9,41.04,"yes",0,0,0,0.0000,0.00,0.00,"LEFT AggregateExec (input rows 50000000 (exact) vs min_rows 250000; sum_avg_int over 1 i32 key (memory input): the measured table takes it at no group count and size (results/datafusion_groupby_sweep_2026-09-29.csv)) | LEFT AggregateExec (Partial aggregate whose Final was not replaced)",45.27,2026-09-29 18:12:10,2026-09-29 18:13:06,2026-09-29 00:37:52,30,44.52,43.76,,,alternate,false,57.34,62.25,59.94,500,62.40,807.5,798.0,3
50000000,part1,gsweep,distinct_1i32_100k,"distinct, 1 i32 key(s), 100k groups in the key domain","SELECT DISTINCT k FROM grid",22.47,,,302.4,,15,,"yes",0.000e0,,,"TAKEN AggregateExec (input rows 50000000 (exact) vs min_rows 250000; distinct over 1 i32 key (memory input): the measured table takes the 100k, 1M bucket(s) at 50M rows; MetalExec decides from a group-count estimate; output kept at one partition (only projections above it))",,0,0.00,0.00,0.00,0.00,0.00,0,100000,2.94,9.16,100,16,,,,,,,10.98,32.9,37.89,"yes",1,0,67988,0.1775,1.07,6.98,"TAKEN AggregateExec (input rows 50000000 (exact) vs min_rows 250000; distinct over 1 i32 key (memory input): the measured table takes the 100k, 1M bucket(s) at 50M rows; MetalExec decides from a group-count estimate; output kept at one partition (only projections above it)) | TAKEN MetalExec Aggregate { keys (ran on ArrowMetal: an estimated 67988 groups (48291 to 110581, Chao1 over a 2048-row sample) at 50000000 rows: distinct at the 100k bucket is taken from 50M rows (from the first rows of each partition; a 2048-row sample of the whole input puts it at 54523 to 135023 groups))",24.00,2026-09-29 18:12:10,2026-09-29 18:13:06,2026-09-29 00:37:52,3,23.56,11.07,,,rounds,true,46.48,46.82,40.80,500,45.94,93.9,487.4,3
50000000,part1,gsweep,count_2i32_100k,"count, 2 i32 key(s), 100k groups in the key domain","SELECT k1, k2, count(*) AS n FROM grid GROUP BY k1, k2",51.35,,,769.4,,15,,"yes",0.000e0,,,"TAKEN AggregateExec (input rows 50000000 (exact) vs min_rows 250000; count over 2+ i32 keys (memory input): the measured table takes the 10k, 100k, 1M bucket(s) at 50M rows; MetalExec decides from a group-count estimate; output kept at one partition (only projections above it))",,0,0.00,0.00,0.00,0.00,0.00,0,100000,2.94,9.16,100,9,,,,,,,15.80,50.2,32.73,"yes",1,0,85231,0.2448,1.11,9.23,"TAKEN AggregateExec (input rows 50000000 (exact) vs min_rows 250000; count over 2+ i32 keys (memory input): the measured table takes the 10k, 100k, 1M bucket(s) at 50M rows; MetalExec decides from a group-count estimate; output kept at one partition (only projections above it)) | TAKEN MetalExec Aggregate { keys (ran on ArrowMetal: an estimated 85231 groups (58132 to 150960, Chao1 over a 2048-row sample) at 50000000 rows: count at the 100k bucket is taken from 10M rows (from the first rows of each partition; a 2048-row sample of the whole input puts it at 54523 to 135023 groups))",60.90,2026-09-29 18:12:10,2026-09-29 18:13:06,2026-09-29 00:37:52,3,52.50,16.47,,,rounds,true,42.22,60.47,73.26,500,77.33,77.5,969.3,3
50000000,part1,gsweep,sum_f64_2i32_100k,"sum_f64, 2 i32 key(s), 100k groups in the key domain","SELECT k1, k2, sum(x) AS s FROM grid GROUP BY k1, k2",50.64,,,771.0,,30,,"yes",6.827e-16,,,"LEFT AggregateExec (input rows 50000000 (exact) vs min_rows 250000; sum_avg_f64 over 2+ i32 keys (memory input): the measured table takes it at no group count and size (results/datafusion_groupby_sweep_2026-09-29.csv)) | LEFT AggregateExec (Partial aggregate whose Final was not replaced)",,0,0.00,0.00,0.00,0.00,0.00,0,100000,2.94,9.16,100,0,,,,,,,52.95,763.6,59.02,"yes",0,0,0,0.0000,0.00,0.00,"LEFT AggregateExec (input rows 50000000 (exact) vs min_rows 250000; sum_avg_f64 over 2+ i32 keys (memory input): the measured table takes it at no group count and size (results/datafusion_groupby_sweep_2026-09-29.csv)) | LEFT AggregateExec (Partial aggregate whose Final was not replaced)",61.57,2026-09-29 18:12:10,2026-09-29 18:13:06,2026-09-29 00:37:52,30,54.89,55.16,,,alternate,false,67.84,68.99,65.45,500,69.30,913.4,888.9,3
50000000,part1,gsweep,minmax_int_2i32_100k,"minmax_int, 2 i32 key(s), 100k groups in the key domain","SELECT k1, k2, min(q) AS lo, max(q) AS hi FROM grid GROUP BY k1, k2",66.91,,,1017.1,,30,,"yes",0.000e0,,,"LEFT AggregateExec (input rows 50000000 (exact) vs min_rows 250000; minmax_int over 2+ i32 keys (memory input): the measured table takes it at no group count and size (results/datafusion_groupby_sweep_2026-09-29.csv)) | LEFT AggregateExec (Partial aggregate whose Final was not replaced)",,0,0.00,0.00,0.00,0.00,0.00,0,100000,2.94,9.16,100,0,,,,,,,67.01,995.2,67.57,"yes",0,0,0,0.0000,0.00,0.00,"LEFT AggregateExec (input rows 50000000 (exact) vs min_rows 250000; minmax_int over 2+ i32 keys (memory input): the measured table takes it at no group count and size (results/datafusion_groupby_sweep_2026-09-29.csv)) | LEFT AggregateExec (Partial aggregate whose Final was not replaced)",67.06,2026-09-29 18:12:10,2026-09-29 18:13:06,2026-09-29 00:37:52,30,72.70,71.80,,,alternate,false,87.68,91.96,87.36,500,89.57,1214.2,1099.3,3
50000000,part1,gsweep,distinct_2i32_100k,"distinct, 2 i32 key(s), 100k groups in the key domain","SELECT DISTINCT k1, k2 FROM grid",41.25,,,646.4,,15,,"yes",0.000e0,,,"TAKEN AggregateExec (input rows 50000000 (exact) vs min_rows 250000; distinct over 2+ i32 keys (memory input): the measured table takes the 200, 10k, 100k, 1M bucket(s) at 50M rows; MetalExec decides from a group-count estimate; output kept at one partition (only projections above it))",,0,0.00,0.00,0.00,0.00,0.00,0,100000,2.94,9.16,100,12,,,,,,,14.76,50.4,38.20,"yes",1,0,85231,0.2306,1.11,8.20,"TAKEN AggregateExec (input rows 50000000 (exact) vs min_rows 250000; distinct over 2+ i32 keys (memory input): the measured table takes the 200, 10k, 100k, 1M bucket(s) at 50M rows; MetalExec decides from a group-count estimate; output kept at one partition (only projections above it)) | TAKEN MetalExec Aggregate { keys (ran on ArrowMetal: an estimated 85231 groups (58132 to 150960, Chao1 over a 2048-row sample) at 50000000 rows: distinct at the 100k bucket is taken from 50M rows (from the first rows of each partition; a 2048-row sample of the whole input puts it at 54523 to 135023 groups))",48.44,2026-09-29 18:12:10,2026-09-29 18:13:06,2026-09-29 00:37:52,3,43.50,14.97,,,rounds,true,37.68,54.71,69.38,500,69.54,76.1,859.9,3
50000000,part1,gsweep,sum_f64_1i64_100k,"sum_f64, 1 i64 key(s), 100k groups in the key domain","SELECT kl, sum(x) AS s FROM grid GROUP BY kl",33.98,,,482.3,,30,,"yes",6.279e-16,,,"LEFT AggregateExec (input rows 50000000 (exact) vs min_rows 250000; sum_avg_f64 over 1 i64 key (memory input): the measured table takes it at no group count and size (results/datafusion_groupby_sweep_2026-09-29.csv)) | LEFT AggregateExec (Partial aggregate whose Final was not replaced)",,0,0.00,0.00,0.00,0.00,0.00,0,100000,2.94,9.16,100,0,,,,,,,33.65,483.1,38.54,"yes",0,0,0,0.0000,0.00,0.00,"LEFT AggregateExec (input rows 50000000 (exact) vs min_rows 250000; sum_avg_f64 over 1 i64 key (memory input): the measured table takes it at no group count and size (results/datafusion_groupby_sweep_2026-09-29.csv)) | LEFT AggregateExec (Partial aggregate whose Final was not replaced)",40.97,2026-09-29 18:12:10,2026-09-29 18:13:06,2026-09-29 00:37:52,30,37.99,37.39,,,alternate,false,48.46,59.07,50.00,500,58.18,659.1,661.8,3
50000000,part1,gsweep,minmax_int_2i64_100k,"minmax_int, 2 i64 key(s), 100k groups in the key domain","SELECT kl1, kl2, min(q) AS lo, max(q) AS hi FROM grid GROUP BY kl1, kl2",83.07,,,1209.1,,15,,"yes",0.000e0,,,"TAKEN AggregateExec (input rows 50000000 (exact) vs min_rows 250000; minmax_int over 2+ i64 keys (memory input): the measured table takes the 100k bucket(s) at 50M rows; MetalExec decides from a group-count estimate; output kept at one partition (only projections above it))",,0,0.00,0.00,0.00,0.00,0.00,0,100000,2.94,9.16,100,9,,,,,,,41.60,127.5,81.17,"yes",1,0,85231,0.3421,1.23,28.03,"TAKEN AggregateExec (input rows 50000000 (exact) vs min_rows 250000; minmax_int over 2+ i64 keys (memory input): the measured table takes the 100k bucket(s) at 50M rows; MetalExec decides from a group-count estimate; output kept at one partition (only projections above it)) | TAKEN MetalExec Aggregate { keys (ran on ArrowMetal: an estimated 85231 groups (58132 to 150960, Chao1 over a 2048-row sample) at 50000000 rows: minmax_int at the 100k bucket is taken from 5M rows (from the first rows of each partition; a 2048-row sample of the whole input puts it at 54523 to 135023 groups))",85.84,2026-09-29 18:12:10,2026-09-29 18:13:06,2026-09-29 00:37:52,3,83.51,41.78,,,rounds,true,62.09,98.48,95.60,500,96.06,164.1,1380.7,3
50000000,part1,gsweep,avg_f64_1i32_1M,"avg_f64, 1 i32 key(s), 1M groups in the key domain","SELECT k, avg(x) AS m FROM grid GROUP BY k",67.02,,,994.6,,30,,"yes",4.441e-16,,,"LEFT AggregateExec (input rows 50000000 (exact) vs min_rows 250000; sum_avg_f64 over 1 i32 key (memory input): the measured table takes it at no group count and size (results/datafusion_groupby_sweep_2026-09-29.csv)) | LEFT AggregateExec (Partial aggregate whose Final was not replaced)",,0,0.00,0.00,0.00,0.00,0.00,0,1000000,3.20,5.39,100,0,,,,,,,67.26,991.9,68.46,"yes",0,0,0,0.0000,0.00,0.00,"LEFT AggregateExec (input rows 50000000 (exact) vs min_rows 250000; sum_avg_f64 over 1 i32 key (memory input): the measured table takes it at no group count and size (results/datafusion_groupby_sweep_2026-09-29.csv)) | LEFT AggregateExec (Partial aggregate whose Final was not replaced)",68.48,2026-09-29 18:15:30,2026-09-29 18:16:05,2026-09-29 00:37:52,30,68.14,68.34,,,alternate,false,79.49,87.24,86.29,500,87.34,1158.0,1184.0,3
50000000,part1,gsweep,distinct_1i32_1M,"distinct, 1 i32 key(s), 1M groups in the key domain","SELECT DISTINCT k FROM grid",35.33,,,531.1,,15,,"yes",0.000e0,,,"TAKEN AggregateExec (input rows 50000000 (exact) vs min_rows 250000; distinct over 1 i32 key (memory input): the measured table takes the 100k, 1M bucket(s) at 50M rows; MetalExec decides from a group-count estimate; output kept at one partition (only projections above it))",,0,0.00,0.00,0.00,0.00,0.00,0,1000000,3.20,5.39,100,12,,,,,,,12.00,31.4,32.59,"yes",1,0,1390443,0.2152,1.04,7.86,"TAKEN AggregateExec (input rows 50000000 (exact) vs min_rows 250000; distinct over 1 i32 key (memory input): the measured table takes the 100k, 1M bucket(s) at 50M rows; MetalExec decides from a group-count estimate; output kept at one partition (only projections above it)) | TAKEN MetalExec Aggregate { keys (ran on ArrowMetal: an estimated 1390443 groups (940258 to 2482345, Chao1 over a 8192-row sample) at 50000000 rows: distinct at the 1M bucket is taken from 50M rows (from the first rows of each partition; a 2048-row sample of the whole input puts it at 268759 to 50000000 groups))",35.27,2026-09-29 18:15:30,2026-09-29 18:16:05,2026-09-29 00:37:52,3,35.54,12.26,,,rounds,true,32.28,43.86,51.44,500,57.21,48.5,686.4,3
50000000,part1,gsweep,count_2i32_1M,"count, 2 i32 key(s), 1M groups in the key domain","SELECT k1, k2, count(*) AS n FROM grid GROUP BY k1, k2",72.67,,,1097.5,,15,,"yes",0.000e0,,,"TAKEN AggregateExec (input rows 50000000 (exact) vs min_rows 250000; count over 2+ i32 keys (memory input): the measured table takes the 10k, 100k, 1M bucket(s) at 50M rows; MetalExec decides from a group-count estimate; output kept at one partition (only projections above it))",,0,0.00,0.00,0.00,0.00,0.00,0,1000000,3.20,5.39,100,9,,,,,,,18.29,46.3,35.33,"yes",1,0,899052,0.3131,1.10,11.37,"TAKEN AggregateExec (input rows 50000000 (exact) vs min_rows 250000; count over 2+ i32 keys (memory input): the measured table takes the 10k, 100k, 1M bucket(s) at 50M rows; MetalExec decides from a group-count estimate; output kept at one partition (only projections above it)) | TAKEN MetalExec Aggregate { keys (ran on ArrowMetal: an estimated 899052 groups (654492 to 1381620, Chao1 over a 8192-row sample) at 50000000 rows: count at the 1M bucket is taken from 10M rows (from the first rows of each partition; a 2048-row sample of the whole input puts it at 350720 to 50000000 groups))",80.95,2026-09-29 18:15:30,2026-09-29 18:16:05,2026-09-29 00:37:52,3,72.72,18.38,,,rounds,true,50.71,62.82,92.68,500,95.88,70.8,1289.4,3
50000000,part1,gsweep,distinct_2i32_1M,"distinct, 2 i32 key(s), 1M groups in the key domain","SELECT DISTINCT k1, k2 FROM grid",56.34,,,859.3,,15,,"yes",0.000e0,,,"TAKEN AggregateExec (input rows 50000000 (exact) vs min_rows 250000; distinct over 2+ i32 keys (memory input): the measured table takes the 200, 10k, 100k, 1M bucket(s) at 50M rows; MetalExec decides from a group-count estimate; output kept at one partition (only projections above it))",,0,0.00,0.00,0.00,0.00,0.00,0,1000000,3.20,5.39,100,9,,,,,,,15.99,47.5,25.07,"yes",1,0,899052,0.2894,1.10,9.45,"TAKEN AggregateExec (input rows 50000000 (exact) vs min_rows 250000; distinct over 2+ i32 keys (memory input): the measured table takes the 200, 10k, 100k, 1M bucket(s) at 50M rows; MetalExec decides from a group-count estimate; output kept at one partition (only projections above it)) | TAKEN MetalExec Aggregate { keys (ran on ArrowMetal: an estimated 899052 groups (654492 to 1381620, Chao1 over a 8192-row sample) at 50000000 rows: distinct at the 1M bucket is taken from 10M rows (from the first rows of each partition; a 2048-row sample of the whole input puts it at 350720 to 50000000 groups))",66.65,2026-09-29 18:15:30,2026-09-29 18:16:05,2026-09-29 00:37:52,3,56.52,16.15,,,rounds,true,41.68,48.46,75.32,500,84.33,78.0,1053.9,3
50000000,part1,gsweep,minmax_int_2i64_1M,"minmax_int, 2 i64 key(s), 1M groups in the key domain","SELECT kl1, kl2, min(q) AS lo, max(q) AS hi FROM grid GROUP BY kl1, kl2",109.50,,,1631.9,,30,,"yes",0.000e0,,,"TAKEN AggregateExec (input rows 50000000 (exact) vs min_rows 250000; minmax_int over 2+ i64 keys (memory input): the measured table takes the 100k bucket(s) at 50M rows; MetalExec decides from a group-count estimate; output kept at one partition (only projections above it))",,0,0.00,0.00,0.00,0.00,0.00,0,1000000,3.20,5.39,100,0,,,,,,,109.52,1632.1,110.65,"yes",1,1,1048065,0.0764,0.02,0.00,"TAKEN AggregateExec (input rows 50000000 (exact) vs min_rows 250000; minmax_int over 2+ i64 keys (memory input): the measured table takes the 100k bucket(s) at 50M rows; MetalExec decides from a group-count estimate; output kept at one partition (only projections above it)) | LEFT MetalExec Aggregate { keys (handed back to DataFusion: an estimated 1048065 groups (350720 to 50000000, Chao1 over a 2048-row sample) at 50000000 rows: minmax_int at the 1M bucket is not taken at any measured size (needs 1.65x at two or more sizes; 5M: 1.60x, 10M: 1.80x, 50M: 1.80x); left to DataFusion (from the first 16384 rows of each partition))",116.23,2026-09-29 18:15:30,2026-09-29 18:16:05,2026-09-29 00:37:52,30,111.22,111.35,,,alternate,false,132.15,144.89,122.79,500,131.66,1815.9,1748.7,3
50000000,part1,gsweep,avg_int_1i32_R2,"avg_int, 1 i32 key(s), R2 groups in the key domain","SELECT k, avg(q) AS m FROM grid GROUP BY k",178.92,,,2735.4,,30,,"yes",0.000e0,,,"LEFT AggregateExec (input rows 50000000 (exact) vs min_rows 250000; sum_avg_int over 1 i32 key (memory input): the measured table takes it at no group count and size (results/datafusion_groupby_sweep_2026-09-29.csv)) | LEFT AggregateExec (Partial aggregate whose Final was not replaced)",,0,0.00,0.00,0.00,0.00,0.00,0,21618695,3.25,9.88,100,0,,,,,,,178.98,2731.0,182.60,"yes",0,0,0,0.0000,0.00,0.00,"LEFT AggregateExec (input rows 50000000 (exact) vs min_rows 250000; sum_avg_int over 1 i32 key (memory input): the measured table takes it at no group count and size (results/datafusion_groupby_sweep_2026-09-29.csv)) | LEFT AggregateExec (Partial aggregate whose Final was not replaced)",184.66,2026-09-29 18:16:49,2026-09-29 18:20:20,2026-09-29 00:37:52,30,186.92,185.29,,,alternate,false,195.93,208.78,206.50,500,211.07,2937.9,2987.7,3
50000000,part1,gsweep,distinct_1i32_R2,"distinct, 1 i32 key(s), R2 groups in the key domain","SELECT DISTINCT k FROM grid",114.29,,,1748.5,,30,,"yes",0.000e0,,,"TAKEN AggregateExec (input rows 50000000 (exact) vs min_rows 250000; distinct over 1 i32 key (memory input): the measured table takes the 100k, 1M bucket(s) at 50M rows; MetalExec decides from a group-count estimate; output kept at one partition (only projections above it))",,0,0.00,0.00,0.00,0.00,0.00,0,21618695,3.25,9.88,100,0,,,,,,,117.96,1776.6,130.35,"yes",1,1,16775169,0.1260,0.01,0.00,"TAKEN AggregateExec (input rows 50000000 (exact) vs min_rows 250000; distinct over 1 i32 key (memory input): the measured table takes the 100k, 1M bucket(s) at 50M rows; MetalExec decides from a group-count estimate; output kept at one partition (only projections above it)) | LEFT MetalExec Aggregate { keys (handed back to DataFusion: an estimated 16775169 groups (5597184 to 50000000, Chao1 over a 8192-row sample) at 50000000 rows: distinct at the rows/2 bucket is not taken at any measured size (needs 1.65x at two or more sizes; 1M: 1.40x, 2M: 1.50x, 5M: 2.20x, 10M: 2.10x, 50M: 0.80x); left to DataFusion (from the first 16384 rows of each partition))",129.41,2026-09-29 18:16:49,2026-09-29 18:20:20,2026-09-29 00:37:52,30,126.90,129.30,,,alternate,false,140.02,142.94,135.75,500,140.88,1900.1,1905.9,3
50000000,part1,gsweep,sum_f64_2i32_R2,"sum_f64, 2 i32 key(s), R2 groups in the key domain","SELECT k1, k2, sum(x) AS s FROM grid GROUP BY k1, k2",169.94,,,2582.2,,30,,"yes",5.313e-16,,,"LEFT AggregateExec (input rows 50000000 (exact) vs min_rows 250000; sum_avg_f64 over 2+ i32 keys (memory input): the measured table takes it at no group count and size (results/datafusion_groupby_sweep_2026-09-29.csv)) | LEFT AggregateExec (Partial aggregate whose Final was not replaced)",,0,0.00,0.00,0.00,0.00,0.00,0,21616057,3.25,9.88,100,0,,,,,,,170.04,2581.2,167.28,"yes",0,0,0,0.0000,0.00,0.00,"LEFT AggregateExec (input rows 50000000 (exact) vs min_rows 250000; sum_avg_f64 over 2+ i32 keys (memory input): the measured table takes it at no group count and size (results/datafusion_groupby_sweep_2026-09-29.csv)) | LEFT AggregateExec (Partial aggregate whose Final was not replaced)",168.83,2026-09-29 18:16:49,2026-09-29 18:20:20,2026-09-29 00:37:52,30,174.86,174.19,,,alternate,false,190.88,191.16,194.18,500,195.21,2752.9,2774.1,3
50000000,part1,gsweep,avg_f64_2i32_R2,"avg_f64, 2 i32 key(s), R2 groups in the key domain","SELECT k1, k2, avg(x) AS m FROM grid GROUP BY k1, k2",198.11,,,3003.3,,30,,"yes",4.441e-16,,,"LEFT AggregateExec (input rows 50000000 (exact) vs min_rows 250000; sum_avg_f64 over 2+ i32 keys (memory input): the measured table takes it at no group count and size (results/datafusion_groupby_sweep_2026-09-29.csv)) | LEFT AggregateExec (Partial aggregate whose Final was not replaced)",,0,0.00,0.00,0.00,0.00,0.00,0,21616057,3.25,9.88,100,0,,,,,,,196.66,3011.1,197.16,"yes",0,0,0,0.0000,0.00,0.00,"LEFT AggregateExec (input rows 50000000 (exact) vs min_rows 250000; sum_avg_f64 over 2+ i32 keys (memory input): the measured table takes it at no group count and size (results/datafusion_groupby_sweep_2026-09-29.csv)) | LEFT AggregateExec (Partial aggregate whose Final was not replaced)",195.85,2026-09-29 18:16:49,2026-09-29 18:20:20,2026-09-29 00:37:52,30,206.16,205.21,,,alternate,false,213.38,221.47,222.75,500,226.86,3125.6,3104.7,3
50000000,part1,gsweep,sum_int_2i32_R2,"sum_int, 2 i32 key(s), R2 groups in the key domain","SELECT k1, k2, sum(q) AS s FROM grid GROUP BY k1, k2",176.27,,,2582.4,,30,,"yes",0.000e0,,,"LEFT AggregateExec (input rows 50000000 (exact) vs min_rows 250000; sum_avg_int over 2+ i32 keys (memory input): the measured table takes it at no group count and size (results/datafusion_groupby_sweep_2026-09-29.csv)) | LEFT AggregateExec (Partial aggregate whose Final was not replaced)",,0,0.00,0.00,0.00,0.00,0.00,0,21616057,3.25,9.88,100,0,,,,,,,174.60,2626.9,175.21,"yes",0,0,0,0.0000,0.00,0.00,"LEFT AggregateExec (input rows 50000000 (exact) vs min_rows 250000; sum_avg_int over 2+ i32 keys (memory input): the measured table takes it at no group count and size (results/datafusion_groupby_sweep_2026-09-29.csv)) | LEFT AggregateExec (Partial aggregate whose Final was not replaced)",179.99,2026-09-29 18:16:49,2026-09-29 18:20:20,2026-09-29 00:37:52,30,182.59,181.63,,,alternate,false,193.51,194.14,191.43,500,197.37,2746.6,2648.2,3
50000000,part1,gsweep,minmax_int_2i32_R2,"minmax_int, 2 i32 key(s), R2 groups in the key domain","SELECT k1, k2, min(q) AS lo, max(q) AS hi FROM grid GROUP BY k1, k2",216.60,,,3256.5,,30,,"yes",0.000e0,,,"LEFT AggregateExec (input rows 50000000 (exact) vs min_rows 250000; minmax_int over 2+ i32 keys (memory input): the measured table takes it at no group count and size (results/datafusion_groupby_sweep_2026-09-29.csv)) | LEFT AggregateExec (Partial aggregate whose Final was not replaced)",,0,0.00,0.00,0.00,0.00,0.00,0,21616057,3.25,9.88,100,0,,,,,,,216.19,3240.7,221.18,"yes",0,0,0,0.0000,0.00,0.00,"LEFT AggregateExec (input rows 50000000 (exact) vs min_rows 250000; minmax_int over 2+ i32 keys (memory input): the measured table takes it at no group count and size (results/datafusion_groupby_sweep_2026-09-29.csv)) | LEFT AggregateExec (Partial aggregate whose Final was not replaced)",218.83,2026-09-29 18:16:49,2026-09-29 18:20:20,2026-09-29 00:37:52,30,227.23,226.72,,,alternate,false,229.19,231.11,239.61,500,241.44,3304.7,3363.8,3
50000000,part1,gsweep,distinct_2i32_R2,"distinct, 2 i32 key(s), R2 groups in the key domain","SELECT DISTINCT k1, k2 FROM grid",143.86,,,2092.2,,30,,"yes",0.000e0,,,"TAKEN AggregateExec (input rows 50000000 (exact) vs min_rows 250000; distinct over 2+ i32 keys (memory input): the measured table takes the 200, 10k, 100k, 1M bucket(s) at 50M rows; MetalExec decides from a group-count estimate; output kept at one partition (only projections above it))",,0,0.00,0.00,0.00,0.00,0.00,0,21616057,3.25,9.88,100,0,,,,,,,145.12,2108.0,143.43,"yes",1,1,11180716,0.1510,0.01,0.00,"TAKEN AggregateExec (input rows 50000000 (exact) vs min_rows 250000; distinct over 2+ i32 keys (memory input): the measured table takes the 200, 10k, 100k, 1M bucket(s) at 50M rows; MetalExec decides from a group-count estimate; output kept at one partition (only projections above it)) | LEFT MetalExec Aggregate { keys (handed back to DataFusion: an estimated 11180716 groups (4289711 to 50000000, Chao1 over a 8192-row sample) at 50000000 rows: no bucket holds that group count at this row count; left to DataFusion (from the first 16384 rows of each partition))",152.70,2026-09-29 18:16:49,2026-09-29 18:20:20,2026-09-29 00:37:52,30,151.42,150.78,,,alternate,false,158.29,162.51,160.92,500,164.79,2259.5,2289.3,3
50000000,part1,gsweep,avg_f64_1i64_R2,"avg_f64, 1 i64 key(s), R2 groups in the key domain","SELECT kl, avg(x) AS m FROM grid GROUP BY kl",193.41,,,2845.8,,30,,"yes",3.331e-16,,,"LEFT AggregateExec (input rows 50000000 (exact) vs min_rows 250000; sum_avg_f64 over 1 i64 key (memory input): the measured table takes it at no group count and size (results/datafusion_groupby_sweep_2026-09-29.csv)) | LEFT AggregateExec (Partial aggregate whose Final was not replaced)",,0,0.00,0.00,0.00,0.00,0.00,0,21618695,3.25,9.88,100,0,,,,,,,190.88,2762.8,186.48,"yes",0,0,0,0.0000,0.00,0.00,"LEFT AggregateExec (input rows 50000000 (exact) vs min_rows 250000; sum_avg_f64 over 1 i64 key (memory input): the measured table takes it at no group count and size (results/datafusion_groupby_sweep_2026-09-29.csv)) | LEFT AggregateExec (Partial aggregate whose Final was not replaced)",195.43,2026-09-29 18:16:49,2026-09-29 18:20:20,2026-09-29 00:37:52,30,196.85,197.80,,,alternate,false,220.34,220.49,206.14,500,217.99,3080.3,2975.1,3
50000000,part1,gsweep,distinct_1i64_R2,"distinct, 1 i64 key(s), R2 groups in the key domain","SELECT DISTINCT kl FROM grid",128.24,,,1864.1,,30,,"yes",0.000e0,,,"LEFT AggregateExec (input rows 50000000 (exact) vs min_rows 250000; distinct over 1 i64 key (memory input): the measured table takes it at no group count and size (results/datafusion_groupby_sweep_2026-09-29.csv)) | LEFT AggregateExec (Partial aggregate whose Final was not replaced)",,0,0.00,0.00,0.00,0.00,0.00,0,21618695,3.25,9.88,100,0,,,,,,,132.68,1858.6,140.07,"yes",0,0,0,0.0000,0.00,0.00,"LEFT AggregateExec (input rows 50000000 (exact) vs min_rows 250000; distinct over 1 i64 key (memory input): the measured table takes it at no group count and size (results/datafusion_groupby_sweep_2026-09-29.csv)) | LEFT AggregateExec (Partial aggregate whose Final was not replaced)",137.29,2026-09-29 18:16:49,2026-09-29 18:20:20,2026-09-29 00:37:52,30,149.97,151.07,,,alternate,false,160.76,161.95,160.87,500,170.93,2123.5,2068.3,3
50000000,part1,gsweep,minmax_int_2i64_R2,"minmax_int, 2 i64 key(s), R2 groups in the key domain","SELECT kl1, kl2, min(q) AS lo, max(q) AS hi FROM grid GROUP BY kl1, kl2",223.94,,,3302.6,,30,,"yes",0.000e0,,,"TAKEN AggregateExec (input rows 50000000 (exact) vs min_rows 250000; minmax_int over 2+ i64 keys (memory input): the measured table takes the 100k bucket(s) at 50M rows; MetalExec decides from a group-count estimate; output kept at one partition (only projections above it))",,0,0.00,0.00,0.00,0.00,0.00,0,21616057,3.25,9.88,100,0,,,,,,,231.39,3326.2,222.40,"yes",1,1,11180716,0.2372,0.02,0.00,"TAKEN AggregateExec (input rows 50000000 (exact) vs min_rows 250000; minmax_int over 2+ i64 keys (memory input): the measured table takes the 100k bucket(s) at 50M rows; MetalExec decides from a group-count estimate; output kept at one partition (only projections above it)) | LEFT MetalExec Aggregate { keys (handed back to DataFusion: an estimated 11180716 groups (4289711 to 50000000, Chao1 over a 8192-row sample) at 50000000 rows: no bucket holds that group count at this row count; left to DataFusion (from the first 16384 rows of each partition))",221.20,2026-09-29 18:16:49,2026-09-29 18:20:20,2026-09-29 00:37:52,30,233.58,237.97,,,alternate,false,247.98,254.39,245.16,500,248.51,3471.5,3517.8,3
50000000,part1,distinct,u_small,"distinct (int32, int32), 10k groups","SELECT DISTINCT region, sub FROM fact",31.89,,,425.2,,15,,"yes",0.000e0,,,"TAKEN AggregateExec (input rows 50000000 (exact) vs min_rows 250000; distinct over 2+ i32 keys (memory input): the measured table takes the 200, 10k, 100k, 1M bucket(s) at 50M rows; MetalExec decides from a group-count estimate; output kept at one partition (only projections above it))",,0,0.00,0.00,0.00,0.00,0.00,0,10000,3.46,3.50,100,12,,,,,,,14.16,43.2,38.75,"yes",1,0,12680,0.1018,1.16,8.07,"TAKEN AggregateExec (input rows 50000000 (exact) vs min_rows 250000; distinct over 2+ i32 keys (memory input): the measured table takes the 200, 10k, 100k, 1M bucket(s) at 50M rows; MetalExec decides from a group-count estimate; output kept at one partition (only projections above it)) | TAKEN MetalExec Aggregate { keys (ran on ArrowMetal: an estimated 12680 groups (7268 to 41093, Chao1 over a 512-row sample) at 50000000 rows: distinct at the 10k bucket is taken from 50M rows (from the first rows of each partition; a 512-row sample of the whole input puts it at 4531 to 13518 groups))",40.86,2026-09-29 18:21:44,2026-09-29 18:21:49,2026-09-29 00:37:52,3,32.02,14.33,,,rounds,true,33.64,45.31,52.27,500,53.07,63.7,639.8,3
