size,layout,family,case,label,sql,off_ms,on_ms,ratio,off_cpu_ms,on_cpu_ms,iters_off,iters_on,equal,max_rel_dev,nodes_taken,rule_on,rule_default,runtime_fallbacks,metal_nodes,input_ms,concat_ms,import_ms,kernel_ms,export_ms,input_batches,out_rows,block_load_start,block_load_end,warm_ms,untimed_off,untimed_on,on_first_ms,back_ms,back_cpu_ms,back_first_ms,equal_back,def_ms,def_cpu_ms,def_first_ms,equal_def,def_taken,def_handed_back,def_groups_est,def_probe_ms,def_input_ms,def_kernel_ms,def_choice,off_first_ms,block_t0,block_t1,last_sleep,rounds,off_round_median_ms,def_round_median_ms,back_round_median_ms,on_round_median_ms,method,def_gpu,def_idle_ms,def_idle_max_ms,off_idle_ms,idle_gap_ms,off_idle_max_ms,def_idle_cpu_ms,off_idle_cpu_ms,idle_reps,idle_gap2_ms,def_idle2_ms,def_idle2_max_ms,off_idle2_ms,off_idle2_max_ms,def_idle2_cpu_ms,off_idle2_cpu_ms,idle_ctx,on_config
1000000,b8192,gsweep,avg_int_2i32_200,"avg_int, 2 i32 key(s), 200 groups in the key domain","SELECT k1, k2, avg(q) AS m FROM grid GROUP BY k1, k2",1.38,,,12.2,,30,,"yes",0.000e0,,,"LEFT AggregateExec (input rows 1000000 (exact) vs min_rows 250000; sum_avg_int over 2+ i32 keys (memory input): the measured table takes it at no group count and size (results/datafusion_groupby_sweep_2026-10-01.csv)) | LEFT AggregateExec (Partial aggregate whose Final was not replaced)",,0,0.00,0.00,0.00,0.00,0.00,0,200,3.27,3.27,100,0,,,,,,,1.38,12.3,1.64,"yes",0,0,0,0.0000,0.00,0.00,"LEFT AggregateExec (input rows 1000000 (exact) vs min_rows 250000; sum_avg_int over 2+ i32 keys (memory input): the measured table takes it at no group count and size (results/datafusion_groupby_sweep_2026-10-01.csv)) | LEFT AggregateExec (Partial aggregate whose Final was not replaced)",3.72,2026-10-02 00:48:28,2026-10-02 00:48:31,2026-09-29 00:37:52,30,1.56,1.50,,,alternate,false,,,,,,,,0,,,,,,,,def,all
1000000,b8192,gsweep,minmax_int_2i32_200,"minmax_int, 2 i32 key(s), 200 groups in the key domain","SELECT k1, k2, min(q) AS lo, max(q) AS hi FROM grid GROUP BY k1, k2",1.35,,,12.0,,30,,"yes",0.000e0,,,"LEFT AggregateExec (input rows 1000000 (exact) vs min_rows 250000; minmax_int over 2+ i32 keys (memory input): the measured table takes no group count at 1M rows (the first take is at 50M rows; results/datafusion_groupby_sweep_2026-10-01.csv)) | LEFT AggregateExec (Partial aggregate whose Final was not replaced)",,0,0.00,0.00,0.00,0.00,0.00,0,200,3.27,3.27,100,0,,,,,,,1.37,11.6,1.73,"yes",0,0,0,0.0000,0.00,0.00,"LEFT AggregateExec (input rows 1000000 (exact) vs min_rows 250000; minmax_int over 2+ i32 keys (memory input): the measured table takes no group count at 1M rows (the first take is at 50M rows; results/datafusion_groupby_sweep_2026-10-01.csv)) | LEFT AggregateExec (Partial aggregate whose Final was not replaced)",1.62,2026-10-02 00:48:28,2026-10-02 00:48:31,2026-09-29 00:37:52,30,1.49,1.55,,,alternate,false,,,,,,,,0,,,,,,,,def,all
1000000,b8192,gsweep,sum_f64_1i64_200,"sum_f64, 1 i64 key(s), 200 groups in the key domain","SELECT kl, sum(x) AS s FROM grid GROUP BY kl",0.79,,,5.0,,30,,"yes",3.707e-16,,,"LEFT AggregateExec (input rows 1000000 (exact) vs min_rows 250000; sum_avg_f64 over 1 i64 key (memory input): the measured table takes it at no group count and size (results/datafusion_groupby_sweep_2026-10-01.csv)) | LEFT AggregateExec (Partial aggregate whose Final was not replaced)",,0,0.00,0.00,0.00,0.00,0.00,0,200,3.27,3.27,100,0,,,,,,,0.78,4.8,0.93,"yes",0,0,0,0.0000,0.00,0.00,"LEFT AggregateExec (input rows 1000000 (exact) vs min_rows 250000; sum_avg_f64 over 1 i64 key (memory input): the measured table takes it at no group count and size (results/datafusion_groupby_sweep_2026-10-01.csv)) | LEFT AggregateExec (Partial aggregate whose Final was not replaced)",0.95,2026-10-02 00:48:28,2026-10-02 00:48:31,2026-09-29 00:37:52,30,0.84,0.85,,,alternate,false,,,,,,,,0,,,,,,,,def,all
1000000,b8192,gsweep,avg_f64_1i64_200,"avg_f64, 1 i64 key(s), 200 groups in the key domain","SELECT kl, avg(x) AS m FROM grid GROUP BY kl",0.81,,,5.2,,30,,"yes",2.220e-16,,,"LEFT AggregateExec (input rows 1000000 (exact) vs min_rows 250000; sum_avg_f64 over 1 i64 key (memory input): the measured table takes it at no group count and size (results/datafusion_groupby_sweep_2026-10-01.csv)) | LEFT AggregateExec (Partial aggregate whose Final was not replaced)",,0,0.00,0.00,0.00,0.00,0.00,0,200,3.27,3.27,100,0,,,,,,,0.82,5.5,0.84,"yes",0,0,0,0.0000,0.00,0.00,"LEFT AggregateExec (input rows 1000000 (exact) vs min_rows 250000; sum_avg_f64 over 1 i64 key (memory input): the measured table takes it at no group count and size (results/datafusion_groupby_sweep_2026-10-01.csv)) | LEFT AggregateExec (Partial aggregate whose Final was not replaced)",0.82,2026-10-02 00:48:28,2026-10-02 00:48:31,2026-09-29 00:37:52,30,0.85,0.87,,,alternate,false,,,,,,,,0,,,,,,,,def,all
1000000,b8192,gsweep,distinct_1i64_200,"distinct, 1 i64 key(s), 200 groups in the key domain","SELECT DISTINCT kl FROM grid",0.65,,,4.3,,30,,"yes",0.000e0,,,"LEFT AggregateExec (input rows 1000000 (exact) vs min_rows 250000; distinct over 1 i64 key (memory input): the measured table takes it at no group count and size (results/datafusion_groupby_sweep_2026-10-01.csv)) | LEFT AggregateExec (Partial aggregate whose Final was not replaced)",,0,0.00,0.00,0.00,0.00,0.00,0,200,3.27,3.27,100,0,,,,,,,0.66,4.2,0.70,"yes",0,0,0,0.0000,0.00,0.00,"LEFT AggregateExec (input rows 1000000 (exact) vs min_rows 250000; distinct over 1 i64 key (memory input): the measured table takes it at no group count and size (results/datafusion_groupby_sweep_2026-10-01.csv)) | LEFT AggregateExec (Partial aggregate whose Final was not replaced)",0.69,2026-10-02 00:48:28,2026-10-02 00:48:31,2026-09-29 00:37:52,30,0.69,0.71,,,alternate,false,,,,,,,,0,,,,,,,,def,all
1000000,b8192,gsweep,count_2i64_200,"count, 2 i64 key(s), 200 groups in the key domain","SELECT kl1, kl2, count(*) AS n FROM grid GROUP BY kl1, kl2",1.31,,,11.2,,30,,"yes",0.000e0,,,"LEFT AggregateExec (input rows 1000000 (exact) vs min_rows 250000; count over 2+ i64 keys (memory input): the measured table takes it at no group count and size (results/datafusion_groupby_sweep_2026-10-01.csv)) | LEFT AggregateExec (Partial aggregate whose Final was not replaced)",,0,0.00,0.00,0.00,0.00,0.00,0,200,3.27,3.27,100,0,,,,,,,1.29,11.1,1.40,"yes",0,0,0,0.0000,0.00,0.00,"LEFT AggregateExec (input rows 1000000 (exact) vs min_rows 250000; count over 2+ i64 keys (memory input): the measured table takes it at no group count and size (results/datafusion_groupby_sweep_2026-10-01.csv)) | LEFT AggregateExec (Partial aggregate whose Final was not replaced)",1.35,2026-10-02 00:48:28,2026-10-02 00:48:31,2026-09-29 00:37:52,30,1.43,1.44,,,alternate,false,,,,,,,,0,,,,,,,,def,all
1000000,b8192,gsweep,avg_f64_2i64_200,"avg_f64, 2 i64 key(s), 200 groups in the key domain","SELECT kl1, kl2, avg(x) AS m FROM grid GROUP BY kl1, kl2",1.31,,,11.4,,30,,"yes",2.220e-16,,,"LEFT AggregateExec (input rows 1000000 (exact) vs min_rows 250000; sum_avg_f64 over 2+ i64 keys (memory input): the measured table takes it at no group count and size (results/datafusion_groupby_sweep_2026-10-01.csv)) | LEFT AggregateExec (Partial aggregate whose Final was not replaced)",,0,0.00,0.00,0.00,0.00,0.00,0,200,3.27,3.27,100,0,,,,,,,1.34,11.5,1.59,"yes",0,0,0,0.0000,0.00,0.00,"LEFT AggregateExec (input rows 1000000 (exact) vs min_rows 250000; sum_avg_f64 over 2+ i64 keys (memory input): the measured table takes it at no group count and size (results/datafusion_groupby_sweep_2026-10-01.csv)) | LEFT AggregateExec (Partial aggregate whose Final was not replaced)",1.49,2026-10-02 00:48:28,2026-10-02 00:48:31,2026-09-29 00:37:52,30,1.45,1.49,,,alternate,false,,,,,,,,0,,,,,,,,def,all
1000000,b8192,gsweep,avg_int_2i64_200,"avg_int, 2 i64 key(s), 200 groups in the key domain","SELECT kl1, kl2, avg(q) AS m FROM grid GROUP BY kl1, kl2",1.33,,,12.0,,30,,"yes",0.000e0,,,"LEFT AggregateExec (input rows 1000000 (exact) vs min_rows 250000; sum_avg_int over 2+ i64 keys (memory input): the measured table takes it at no group count and size (results/datafusion_groupby_sweep_2026-10-01.csv)) | LEFT AggregateExec (Partial aggregate whose Final was not replaced)",,0,0.00,0.00,0.00,0.00,0.00,0,200,3.27,3.27,100,0,,,,,,,1.40,11.9,1.54,"yes",0,0,0,0.0000,0.00,0.00,"LEFT AggregateExec (input rows 1000000 (exact) vs min_rows 250000; sum_avg_int over 2+ i64 keys (memory input): the measured table takes it at no group count and size (results/datafusion_groupby_sweep_2026-10-01.csv)) | LEFT AggregateExec (Partial aggregate whose Final was not replaced)",1.51,2026-10-02 00:48:28,2026-10-02 00:48:31,2026-09-29 00:37:52,30,1.49,1.53,,,alternate,false,,,,,,,,0,,,,,,,,def,all
1000000,b8192,gsweep,sum_f64_1i32_10k,"sum_f64, 1 i32 key(s), 10k groups in the key domain","SELECT k, sum(x) AS s FROM grid GROUP BY k",1.22,,,10.7,,30,,"yes",7.262e-16,,,"LEFT AggregateExec (input rows 1000000 (exact) vs min_rows 250000; sum_avg_f64 over 1 i32 key (memory input): the measured table takes it at no group count and size (results/datafusion_groupby_sweep_2026-10-01.csv)) | LEFT AggregateExec (Partial aggregate whose Final was not replaced)",,0,0.00,0.00,0.00,0.00,0.00,0,10000,3.44,3.73,100,0,,,,,,,1.23,10.1,1.53,"yes",0,0,0,0.0000,0.00,0.00,"LEFT AggregateExec (input rows 1000000 (exact) vs min_rows 250000; sum_avg_f64 over 1 i32 key (memory input): the measured table takes it at no group count and size (results/datafusion_groupby_sweep_2026-10-01.csv)) | LEFT AggregateExec (Partial aggregate whose Final was not replaced)",1.88,2026-10-02 00:49:35,2026-10-02 00:49:38,2026-09-29 00:37:52,30,1.29,1.32,,,alternate,false,,,,,,,,0,,,,,,,,def,all
1000000,b8192,gsweep,minmax_int_1i32_10k,"minmax_int, 1 i32 key(s), 10k groups in the key domain","SELECT k, min(q) AS lo, max(q) AS hi FROM grid GROUP BY k",1.64,,,16.2,,30,,"yes",0.000e0,,,"LEFT AggregateExec (input rows 1000000 (exact) vs min_rows 250000; minmax_int over 1 i32 key (memory input): the measured table takes it at no group count and size (results/datafusion_groupby_sweep_2026-10-01.csv)) | LEFT AggregateExec (Partial aggregate whose Final was not replaced)",,0,0.00,0.00,0.00,0.00,0.00,0,10000,3.44,3.73,100,0,,,,,,,1.64,16.0,1.87,"yes",0,0,0,0.0000,0.00,0.00,"LEFT AggregateExec (input rows 1000000 (exact) vs min_rows 250000; minmax_int over 1 i32 key (memory input): the measured table takes it at no group count and size (results/datafusion_groupby_sweep_2026-10-01.csv)) | LEFT AggregateExec (Partial aggregate whose Final was not replaced)",1.74,2026-10-02 00:49:35,2026-10-02 00:49:38,2026-09-29 00:37:52,30,1.74,1.74,,,alternate,false,,,,,,,,0,,,,,,,,def,all
1000000,b8192,gsweep,minmax_f64_2i32_10k,"minmax_f64, 2 i32 key(s), 10k groups in the key domain","SELECT k1, k2, min(x) AS lo, max(x) AS hi FROM grid GROUP BY k1, k2",2.24,,,23.4,,30,,"yes",0.000e0,,,"LEFT AggregateExec (input rows 1000000 (exact) vs min_rows 250000; minmax_f64 over 2+ i32 keys (memory input): the measured table takes it at no group count and size (results/datafusion_groupby_sweep_2026-10-01.csv)) | LEFT AggregateExec (Partial aggregate whose Final was not replaced)",,0,0.00,0.00,0.00,0.00,0.00,0,10000,3.44,3.73,100,0,,,,,,,2.23,23.4,2.68,"yes",0,0,0,0.0000,0.00,0.00,"LEFT AggregateExec (input rows 1000000 (exact) vs min_rows 250000; minmax_f64 over 2+ i32 keys (memory input): the measured table takes it at no group count and size (results/datafusion_groupby_sweep_2026-10-01.csv)) | LEFT AggregateExec (Partial aggregate whose Final was not replaced)",2.53,2026-10-02 00:49:35,2026-10-02 00:49:38,2026-09-29 00:37:52,30,2.55,2.68,,,alternate,false,,,,,,,,0,,,,,,,,def,all
1000000,b8192,gsweep,avg_int_2i32_10k,"avg_int, 2 i32 key(s), 10k groups in the key domain","SELECT k1, k2, avg(q) AS m FROM grid GROUP BY k1, k2",1.89,,,18.8,,30,,"yes",0.000e0,,,"LEFT AggregateExec (input rows 1000000 (exact) vs min_rows 250000; sum_avg_int over 2+ i32 keys (memory input): the measured table takes it at no group count and size (results/datafusion_groupby_sweep_2026-10-01.csv)) | LEFT AggregateExec (Partial aggregate whose Final was not replaced)",,0,0.00,0.00,0.00,0.00,0.00,0,10000,3.44,3.73,100,0,,,,,,,1.88,18.8,2.25,"yes",0,0,0,0.0000,0.00,0.00,"LEFT AggregateExec (input rows 1000000 (exact) vs min_rows 250000; sum_avg_int over 2+ i32 keys (memory input): the measured table takes it at no group count and size (results/datafusion_groupby_sweep_2026-10-01.csv)) | LEFT AggregateExec (Partial aggregate whose Final was not replaced)",1.91,2026-10-02 00:49:35,2026-10-02 00:49:38,2026-09-29 00:37:52,30,2.02,2.05,,,alternate,false,,,,,,,,0,,,,,,,,def,all
1000000,b8192,gsweep,minmax_int_1i64_10k,"minmax_int, 1 i64 key(s), 10k groups in the key domain","SELECT kl, min(q) AS lo, max(q) AS hi FROM grid GROUP BY kl",1.65,,,16.5,,30,,"yes",0.000e0,,,"LEFT AggregateExec (input rows 1000000 (exact) vs min_rows 250000; minmax_int over 1 i64 key (memory input): the measured table takes no group count at 1M rows (the first take is at 50M rows; results/datafusion_groupby_sweep_2026-10-01.csv)) | LEFT AggregateExec (Partial aggregate whose Final was not replaced)",,0,0.00,0.00,0.00,0.00,0.00,0,10000,3.44,3.73,100,0,,,,,,,1.68,16.9,1.96,"yes",0,0,0,0.0000,0.00,0.00,"LEFT AggregateExec (input rows 1000000 (exact) vs min_rows 250000; minmax_int over 1 i64 key (memory input): the measured table takes no group count at 1M rows (the first take is at 50M rows; results/datafusion_groupby_sweep_2026-10-01.csv)) | LEFT AggregateExec (Partial aggregate whose Final was not replaced)",1.98,2026-10-02 00:49:35,2026-10-02 00:49:38,2026-09-29 00:37:52,30,1.82,1.79,,,alternate,false,,,,,,,,0,,,,,,,,def,all
1000000,b8192,gsweep,count_2i64_10k,"count, 2 i64 key(s), 10k groups in the key domain","SELECT kl1, kl2, count(*) AS n FROM grid GROUP BY kl1, kl2",1.79,,,18.2,,30,,"yes",0.000e0,,,"LEFT AggregateExec (input rows 1000000 (exact) vs min_rows 250000; count over 2+ i64 keys (memory input): the measured table takes it at no group count and size (results/datafusion_groupby_sweep_2026-10-01.csv)) | LEFT AggregateExec (Partial aggregate whose Final was not replaced)",,0,0.00,0.00,0.00,0.00,0.00,0,10000,3.44,3.73,100,0,,,,,,,1.81,18.1,2.07,"yes",0,0,0,0.0000,0.00,0.00,"LEFT AggregateExec (input rows 1000000 (exact) vs min_rows 250000; count over 2+ i64 keys (memory input): the measured table takes it at no group count and size (results/datafusion_groupby_sweep_2026-10-01.csv)) | LEFT AggregateExec (Partial aggregate whose Final was not replaced)",2.12,2026-10-02 00:49:35,2026-10-02 00:49:38,2026-09-29 00:37:52,30,1.88,1.97,,,alternate,false,,,,,,,,0,,,,,,,,def,all
1000000,b8192,gsweep,sum_f64_2i64_10k,"sum_f64, 2 i64 key(s), 10k groups in the key domain","SELECT kl1, kl2, sum(x) AS s FROM grid GROUP BY kl1, kl2",1.82,,,17.9,,30,,"yes",5.220e-16,,,"LEFT AggregateExec (input rows 1000000 (exact) vs min_rows 250000; sum_avg_f64 over 2+ i64 keys (memory input): the measured table takes it at no group count and size (results/datafusion_groupby_sweep_2026-10-01.csv)) | LEFT AggregateExec (Partial aggregate whose Final was not replaced)",,0,0.00,0.00,0.00,0.00,0.00,0,10000,3.44,3.73,100,0,,,,,,,1.85,18.0,2.05,"yes",0,0,0,0.0000,0.00,0.00,"LEFT AggregateExec (input rows 1000000 (exact) vs min_rows 250000; sum_avg_f64 over 2+ i64 keys (memory input): the measured table takes it at no group count and size (results/datafusion_groupby_sweep_2026-10-01.csv)) | LEFT AggregateExec (Partial aggregate whose Final was not replaced)",1.90,2026-10-02 00:49:35,2026-10-02 00:49:38,2026-09-29 00:37:52,30,2.04,1.94,,,alternate,false,,,,,,,,0,,,,,,,,def,all
1000000,b8192,gsweep,minmax_f64_2i64_10k,"minmax_f64, 2 i64 key(s), 10k groups in the key domain","SELECT kl1, kl2, min(x) AS lo, max(x) AS hi FROM grid GROUP BY kl1, kl2",2.31,,,24.2,,30,,"yes",0.000e0,,,"LEFT AggregateExec (input rows 1000000 (exact) vs min_rows 250000; minmax_f64 over 2+ i64 keys (memory input): the measured table takes it at no group count and size (results/datafusion_groupby_sweep_2026-10-01.csv)) | LEFT AggregateExec (Partial aggregate whose Final was not replaced)",,0,0.00,0.00,0.00,0.00,0.00,0,10000,3.44,3.73,100,0,,,,,,,2.34,24.5,2.65,"yes",0,0,0,0.0000,0.00,0.00,"LEFT AggregateExec (input rows 1000000 (exact) vs min_rows 250000; minmax_f64 over 2+ i64 keys (memory input): the measured table takes it at no group count and size (results/datafusion_groupby_sweep_2026-10-01.csv)) | LEFT AggregateExec (Partial aggregate whose Final was not replaced)",2.65,2026-10-02 00:49:35,2026-10-02 00:49:38,2026-09-29 00:37:52,30,2.57,2.50,,,alternate,false,,,,,,,,0,,,,,,,,def,all
1000000,b8192,gsweep,minmax_f32_1i32_100k,"minmax_f32, 1 i32 key(s), 100k groups in the key domain","SELECT k, min(y) AS lo, max(y) AS hi FROM grid GROUP BY k",2.81,,,35.1,,30,,"yes",0.000e0,,,"LEFT AggregateExec (input rows 1000000 (exact) vs min_rows 250000; minmax_f64 over 1 i32 key (memory input): the measured table takes it at no group count and size (results/datafusion_groupby_sweep_2026-10-01.csv)) | LEFT AggregateExec (Partial aggregate whose Final was not replaced)",,0,0.00,0.00,0.00,0.00,0.00,0,99995,3.38,3.38,100,0,,,,,,,2.85,35.4,3.19,"yes",0,0,0,0.0000,0.00,0.00,"LEFT AggregateExec (input rows 1000000 (exact) vs min_rows 250000; minmax_f64 over 1 i32 key (memory input): the measured table takes it at no group count and size (results/datafusion_groupby_sweep_2026-10-01.csv)) | LEFT AggregateExec (Partial aggregate whose Final was not replaced)",3.60,2026-10-02 00:50:23,2026-10-02 00:50:25,2026-09-29 00:37:52,30,3.09,3.13,,,alternate,false,,,,,,,,0,,,,,,,,def,all
1000000,b8192,gsweep,sum_f64_2i32_100k,"sum_f64, 2 i32 key(s), 100k groups in the key domain","SELECT k1, k2, sum(x) AS s FROM grid GROUP BY k1, k2",2.92,,,36.1,,30,,"yes",6.070e-16,,,"LEFT AggregateExec (input rows 1000000 (exact) vs min_rows 250000; sum_avg_f64 over 2+ i32 keys (memory input): the measured table takes it at no group count and size (results/datafusion_groupby_sweep_2026-10-01.csv)) | LEFT AggregateExec (Partial aggregate whose Final was not replaced)",,0,0.00,0.00,0.00,0.00,0.00,0,99998,3.38,3.38,100,0,,,,,,,2.84,35.6,3.10,"yes",0,0,0,0.0000,0.00,0.00,"LEFT AggregateExec (input rows 1000000 (exact) vs min_rows 250000; sum_avg_f64 over 2+ i32 keys (memory input): the measured table takes it at no group count and size (results/datafusion_groupby_sweep_2026-10-01.csv)) | LEFT AggregateExec (Partial aggregate whose Final was not replaced)",3.06,2026-10-02 00:50:23,2026-10-02 00:50:25,2026-09-29 00:37:52,30,3.11,3.10,,,alternate,false,,,,,,,,0,,,,,,,,def,all
1000000,b8192,gsweep,avg_f64_2i32_100k,"avg_f64, 2 i32 key(s), 100k groups in the key domain","SELECT k1, k2, avg(x) AS m FROM grid GROUP BY k1, k2",3.08,,,38.4,,30,,"yes",3.886e-16,,,"LEFT AggregateExec (input rows 1000000 (exact) vs min_rows 250000; sum_avg_f64 over 2+ i32 keys (memory input): the measured table takes it at no group count and size (results/datafusion_groupby_sweep_2026-10-01.csv)) | LEFT AggregateExec (Partial aggregate whose Final was not replaced)",,0,0.00,0.00,0.00,0.00,0.00,0,99998,3.38,3.38,100,0,,,,,,,3.08,38.1,3.50,"yes",0,0,0,0.0000,0.00,0.00,"LEFT AggregateExec (input rows 1000000 (exact) vs min_rows 250000; sum_avg_f64 over 2+ i32 keys (memory input): the measured table takes it at no group count and size (results/datafusion_groupby_sweep_2026-10-01.csv)) | LEFT AggregateExec (Partial aggregate whose Final was not replaced)",3.00,2026-10-02 00:50:23,2026-10-02 00:50:25,2026-09-29 00:37:52,30,3.27,3.34,,,alternate,false,,,,,,,,0,,,,,,,,def,all
1000000,b8192,gsweep,count_2i64_100k,"count, 2 i64 key(s), 100k groups in the key domain","SELECT kl1, kl2, count(*) AS n FROM grid GROUP BY kl1, kl2",3.07,,,37.0,,30,,"yes",0.000e0,,,"LEFT AggregateExec (input rows 1000000 (exact) vs min_rows 250000; count over 2+ i64 keys (memory input): the measured table takes it at no group count and size (results/datafusion_groupby_sweep_2026-10-01.csv)) | LEFT AggregateExec (Partial aggregate whose Final was not replaced)",,0,0.00,0.00,0.00,0.00,0.00,0,99998,3.38,3.38,100,0,,,,,,,3.13,37.8,3.32,"yes",0,0,0,0.0000,0.00,0.00,"LEFT AggregateExec (input rows 1000000 (exact) vs min_rows 250000; count over 2+ i64 keys (memory input): the measured table takes it at no group count and size (results/datafusion_groupby_sweep_2026-10-01.csv)) | LEFT AggregateExec (Partial aggregate whose Final was not replaced)",3.23,2026-10-02 00:50:23,2026-10-02 00:50:25,2026-09-29 00:37:52,30,3.27,3.31,,,alternate,false,,,,,,,,0,,,,,,,,def,all
1000000,b8192,gsweep,sum_int_2i64_100k,"sum_int, 2 i64 key(s), 100k groups in the key domain","SELECT kl1, kl2, sum(q) AS s FROM grid GROUP BY kl1, kl2",3.10,,,37.7,,30,,"yes",0.000e0,,,"LEFT AggregateExec (input rows 1000000 (exact) vs min_rows 250000; sum_avg_int over 2+ i64 keys (memory input): the measured table takes it at no group count and size (results/datafusion_groupby_sweep_2026-10-01.csv)) | LEFT AggregateExec (Partial aggregate whose Final was not replaced)",,0,0.00,0.00,0.00,0.00,0.00,0,99998,3.38,3.38,100,0,,,,,,,3.08,37.0,3.36,"yes",0,0,0,0.0000,0.00,0.00,"LEFT AggregateExec (input rows 1000000 (exact) vs min_rows 250000; sum_avg_int over 2+ i64 keys (memory input): the measured table takes it at no group count and size (results/datafusion_groupby_sweep_2026-10-01.csv)) | LEFT AggregateExec (Partial aggregate whose Final was not replaced)",2.89,2026-10-02 00:50:23,2026-10-02 00:50:25,2026-09-29 00:37:52,30,3.21,3.31,,,alternate,false,,,,,,,,0,,,,,,,,def,all
1000000,b8192,gsweep,distinct_2i64_100k,"distinct, 2 i64 key(s), 100k groups in the key domain","SELECT DISTINCT kl1, kl2 FROM grid",2.66,,,34.3,,30,,"yes",0.000e0,,,"LEFT AggregateExec (input rows 1000000 (exact) vs min_rows 250000; distinct over 2+ i64 keys (memory input): the measured table takes it at no group count and size (results/datafusion_groupby_sweep_2026-10-01.csv)) | LEFT AggregateExec (Partial aggregate whose Final was not replaced)",,0,0.00,0.00,0.00,0.00,0.00,0,99998,3.38,3.38,100,0,,,,,,,2.66,33.8,2.77,"yes",0,0,0,0.0000,0.00,0.00,"LEFT AggregateExec (input rows 1000000 (exact) vs min_rows 250000; distinct over 2+ i64 keys (memory input): the measured table takes it at no group count and size (results/datafusion_groupby_sweep_2026-10-01.csv)) | LEFT AggregateExec (Partial aggregate whose Final was not replaced)",3.44,2026-10-02 00:50:23,2026-10-02 00:50:25,2026-09-29 00:37:52,30,2.87,2.88,,,alternate,false,,,,,,,,0,,,,,,,,def,all
1000000,b8192,gsweep,count_1i32_1M,"count, 1 i32 key(s), 1M groups in the key domain","SELECT k, count(*) AS n FROM grid GROUP BY k",3.36,,,42.9,,30,,"yes",0.000e0,,,"LEFT AggregateExec (input rows 1000000 (exact) vs min_rows 250000; count over 1 i32 key (memory input): the measured table takes it at no group count and size (results/datafusion_groupby_sweep_2026-10-01.csv)) | LEFT AggregateExec (Partial aggregate whose Final was not replaced)",,0,0.00,0.00,0.00,0.00,0.00,0,631988,3.44,4.45,100,0,,,,,,,3.45,43.3,4.21,"yes",0,0,0,0.0000,0.00,0.00,"LEFT AggregateExec (input rows 1000000 (exact) vs min_rows 250000; count over 1 i32 key (memory input): the measured table takes it at no group count and size (results/datafusion_groupby_sweep_2026-10-01.csv)) | LEFT AggregateExec (Partial aggregate whose Final was not replaced)",4.39,2026-10-02 00:51:30,2026-10-02 00:51:34,2026-09-29 00:37:52,30,3.67,3.71,,,alternate,false,,,,,,,,0,,,,,,,,def,all
1000000,b8192,gsweep,minmax_f64_1i32_1M,"minmax_f64, 1 i32 key(s), 1M groups in the key domain","SELECT k, min(x) AS lo, max(x) AS hi FROM grid GROUP BY k",3.95,,,52.0,,30,,"yes",0.000e0,,,"LEFT AggregateExec (input rows 1000000 (exact) vs min_rows 250000; minmax_f64 over 1 i32 key (memory input): the measured table takes it at no group count and size (results/datafusion_groupby_sweep_2026-10-01.csv)) | LEFT AggregateExec (Partial aggregate whose Final was not replaced)",,0,0.00,0.00,0.00,0.00,0.00,0,631988,3.44,4.45,100,0,,,,,,,4.10,51.8,4.17,"yes",0,0,0,0.0000,0.00,0.00,"LEFT AggregateExec (input rows 1000000 (exact) vs min_rows 250000; minmax_f64 over 1 i32 key (memory input): the measured table takes it at no group count and size (results/datafusion_groupby_sweep_2026-10-01.csv)) | LEFT AggregateExec (Partial aggregate whose Final was not replaced)",4.26,2026-10-02 00:51:30,2026-10-02 00:51:34,2026-09-29 00:37:52,30,4.31,4.29,,,alternate,false,,,,,,,,0,,,,,,,,def,all
1000000,b8192,gsweep,sum_int_2i32_1M,"sum_int, 2 i32 key(s), 1M groups in the key domain","SELECT k1, k2, sum(q) AS s FROM grid GROUP BY k1, k2",3.91,,,49.0,,30,,"yes",0.000e0,,,"LEFT AggregateExec (input rows 1000000 (exact) vs min_rows 250000; sum_avg_int over 2+ i32 keys (memory input): the measured table takes it at no group count and size (results/datafusion_groupby_sweep_2026-10-01.csv)) | LEFT AggregateExec (Partial aggregate whose Final was not replaced)",,0,0.00,0.00,0.00,0.00,0.00,0,632071,3.44,4.45,100,0,,,,,,,3.92,50.0,4.51,"yes",0,0,0,0.0000,0.00,0.00,"LEFT AggregateExec (input rows 1000000 (exact) vs min_rows 250000; sum_avg_int over 2+ i32 keys (memory input): the measured table takes it at no group count and size (results/datafusion_groupby_sweep_2026-10-01.csv)) | LEFT AggregateExec (Partial aggregate whose Final was not replaced)",3.97,2026-10-02 00:51:30,2026-10-02 00:51:34,2026-09-29 00:37:52,30,4.29,4.26,,,alternate,false,,,,,,,,0,,,,,,,,def,all
1000000,b8192,gsweep,avg_int_1i64_1M,"avg_int, 1 i64 key(s), 1M groups in the key domain","SELECT kl, avg(q) AS m FROM grid GROUP BY kl",4.03,,,51.7,,30,,"yes",0.000e0,,,"LEFT AggregateExec (input rows 1000000 (exact) vs min_rows 250000; sum_avg_int over 1 i64 key (memory input): the measured table takes it at no group count and size (results/datafusion_groupby_sweep_2026-10-01.csv)) | LEFT AggregateExec (Partial aggregate whose Final was not replaced)",,0,0.00,0.00,0.00,0.00,0.00,0,631988,3.44,4.45,100,0,,,,,,,4.01,48.5,4.23,"yes",0,0,0,0.0000,0.00,0.00,"LEFT AggregateExec (input rows 1000000 (exact) vs min_rows 250000; sum_avg_int over 1 i64 key (memory input): the measured table takes it at no group count and size (results/datafusion_groupby_sweep_2026-10-01.csv)) | LEFT AggregateExec (Partial aggregate whose Final was not replaced)",4.04,2026-10-02 00:51:30,2026-10-02 00:51:34,2026-09-29 00:37:52,30,4.28,4.29,,,alternate,false,,,,,,,,0,,,,,,,,def,all
1000000,b8192,gsweep,avg_f64_2i64_1M,"avg_f64, 2 i64 key(s), 1M groups in the key domain","SELECT kl1, kl2, avg(x) AS m FROM grid GROUP BY kl1, kl2",4.44,,,57.3,,30,,"yes",2.220e-16,,,"LEFT AggregateExec (input rows 1000000 (exact) vs min_rows 250000; sum_avg_f64 over 2+ i64 keys (memory input): the measured table takes it at no group count and size (results/datafusion_groupby_sweep_2026-10-01.csv)) | LEFT AggregateExec (Partial aggregate whose Final was not replaced)",,0,0.00,0.00,0.00,0.00,0.00,0,632071,3.44,4.45,100,0,,,,,,,4.55,57.3,4.78,"yes",0,0,0,0.0000,0.00,0.00,"LEFT AggregateExec (input rows 1000000 (exact) vs min_rows 250000; sum_avg_f64 over 2+ i64 keys (memory input): the measured table takes it at no group count and size (results/datafusion_groupby_sweep_2026-10-01.csv)) | LEFT AggregateExec (Partial aggregate whose Final was not replaced)",4.75,2026-10-02 00:51:30,2026-10-02 00:51:34,2026-09-29 00:37:52,30,4.84,4.84,,,alternate,false,,,,,,,,0,,,,,,,,def,all
1000000,b8192,gsweep,minmax_f32_2i64_1M,"minmax_f32, 2 i64 key(s), 1M groups in the key domain","SELECT kl1, kl2, min(y) AS lo, max(y) AS hi FROM grid GROUP BY kl1, kl2",4.34,,,58.0,,30,,"yes",0.000e0,,,"LEFT AggregateExec (input rows 1000000 (exact) vs min_rows 250000; minmax_f64 over 2+ i64 keys (memory input): the measured table takes it at no group count and size (results/datafusion_groupby_sweep_2026-10-01.csv)) | LEFT AggregateExec (Partial aggregate whose Final was not replaced)",,0,0.00,0.00,0.00,0.00,0.00,0,632071,3.44,4.45,100,0,,,,,,,4.43,56.8,4.77,"yes",0,0,0,0.0000,0.00,0.00,"LEFT AggregateExec (input rows 1000000 (exact) vs min_rows 250000; minmax_f64 over 2+ i64 keys (memory input): the measured table takes it at no group count and size (results/datafusion_groupby_sweep_2026-10-01.csv)) | LEFT AggregateExec (Partial aggregate whose Final was not replaced)",4.45,2026-10-02 00:51:30,2026-10-02 00:51:34,2026-09-29 00:37:52,30,4.84,4.87,,,alternate,false,,,,,,,,0,,,,,,,,def,all
1000000,b8192,gsweep,minmax_f64_2i32_R2,"minmax_f64, 2 i32 key(s), R2 groups in the key domain","SELECT k1, k2, min(x) AS lo, max(x) AS hi FROM grid GROUP BY k1, k2",4.34,,,55.2,,30,,"yes",0.000e0,,,"LEFT AggregateExec (input rows 1000000 (exact) vs min_rows 250000; minmax_f64 over 2+ i32 keys (memory input): the measured table takes it at no group count and size (results/datafusion_groupby_sweep_2026-10-01.csv)) | LEFT AggregateExec (Partial aggregate whose Final was not replaced)",,0,0.00,0.00,0.00,0.00,0.00,0,432084,3.46,4.63,100,0,,,,,,,4.42,56.7,4.84,"yes",0,0,0,0.0000,0.00,0.00,"LEFT AggregateExec (input rows 1000000 (exact) vs min_rows 250000; minmax_f64 over 2+ i32 keys (memory input): the measured table takes it at no group count and size (results/datafusion_groupby_sweep_2026-10-01.csv)) | LEFT AggregateExec (Partial aggregate whose Final was not replaced)",5.54,2026-10-02 00:53:59,2026-10-02 00:54:02,2026-09-29 00:37:52,30,4.78,4.78,,,alternate,false,,,,,,,,0,,,,,,,,def,all
1000000,b8192,gsweep,sum_int_2i32_R2,"sum_int, 2 i32 key(s), R2 groups in the key domain","SELECT k1, k2, sum(q) AS s FROM grid GROUP BY k1, k2",3.62,,,46.2,,30,,"yes",0.000e0,,,"LEFT AggregateExec (input rows 1000000 (exact) vs min_rows 250000; sum_avg_int over 2+ i32 keys (memory input): the measured table takes it at no group count and size (results/datafusion_groupby_sweep_2026-10-01.csv)) | LEFT AggregateExec (Partial aggregate whose Final was not replaced)",,0,0.00,0.00,0.00,0.00,0.00,0,432084,3.46,4.63,100,0,,,,,,,3.69,44.8,4.21,"yes",0,0,0,0.0000,0.00,0.00,"LEFT AggregateExec (input rows 1000000 (exact) vs min_rows 250000; sum_avg_int over 2+ i32 keys (memory input): the measured table takes it at no group count and size (results/datafusion_groupby_sweep_2026-10-01.csv)) | LEFT AggregateExec (Partial aggregate whose Final was not replaced)",3.59,2026-10-02 00:53:59,2026-10-02 00:54:02,2026-09-29 00:37:52,30,3.87,3.92,,,alternate,false,,,,,,,,0,,,,,,,,def,all
1000000,b8192,gsweep,sum_int_1i64_R2,"sum_int, 1 i64 key(s), R2 groups in the key domain","SELECT kl, sum(q) AS s FROM grid GROUP BY kl",3.27,,,39.7,,30,,"yes",0.000e0,,,"LEFT AggregateExec (input rows 1000000 (exact) vs min_rows 250000; sum_avg_int over 1 i64 key (memory input): the measured table takes it at no group count and size (results/datafusion_groupby_sweep_2026-10-01.csv)) | LEFT AggregateExec (Partial aggregate whose Final was not replaced)",,0,0.00,0.00,0.00,0.00,0.00,0,432472,3.46,4.63,100,0,,,,,,,3.30,41.9,3.42,"yes",0,0,0,0.0000,0.00,0.00,"LEFT AggregateExec (input rows 1000000 (exact) vs min_rows 250000; sum_avg_int over 1 i64 key (memory input): the measured table takes it at no group count and size (results/datafusion_groupby_sweep_2026-10-01.csv)) | LEFT AggregateExec (Partial aggregate whose Final was not replaced)",3.53,2026-10-02 00:53:59,2026-10-02 00:54:02,2026-09-29 00:37:52,30,3.48,3.56,,,alternate,false,,,,,,,,0,,,,,,,,def,all
1000000,b8192,gsweep,minmax_f64_2i64_R2,"minmax_f64, 2 i64 key(s), R2 groups in the key domain","SELECT kl1, kl2, min(x) AS lo, max(x) AS hi FROM grid GROUP BY kl1, kl2",4.64,,,59.3,,30,,"yes",0.000e0,,,"LEFT AggregateExec (input rows 1000000 (exact) vs min_rows 250000; minmax_f64 over 2+ i64 keys (memory input): the measured table takes it at no group count and size (results/datafusion_groupby_sweep_2026-10-01.csv)) | LEFT AggregateExec (Partial aggregate whose Final was not replaced)",,0,0.00,0.00,0.00,0.00,0.00,0,432084,3.46,4.63,100,0,,,,,,,4.75,59.7,4.98,"yes",0,0,0,0.0000,0.00,0.00,"LEFT AggregateExec (input rows 1000000 (exact) vs min_rows 250000; minmax_f64 over 2+ i64 keys (memory input): the measured table takes it at no group count and size (results/datafusion_groupby_sweep_2026-10-01.csv)) | LEFT AggregateExec (Partial aggregate whose Final was not replaced)",4.45,2026-10-02 00:53:59,2026-10-02 00:54:02,2026-09-29 00:37:52,30,5.03,4.99,,,alternate,false,,,,,,,,0,,,,,,,,def,all
1000000,b8192,gsweep,sum_int_2i64_R2,"sum_int, 2 i64 key(s), R2 groups in the key domain","SELECT kl1, kl2, sum(q) AS s FROM grid GROUP BY kl1, kl2",3.81,,,48.5,,30,,"yes",0.000e0,,,"LEFT AggregateExec (input rows 1000000 (exact) vs min_rows 250000; sum_avg_int over 2+ i64 keys (memory input): the measured table takes it at no group count and size (results/datafusion_groupby_sweep_2026-10-01.csv)) | LEFT AggregateExec (Partial aggregate whose Final was not replaced)",,0,0.00,0.00,0.00,0.00,0.00,0,432084,3.46,4.63,100,0,,,,,,,3.84,49.7,4.13,"yes",0,0,0,0.0000,0.00,0.00,"LEFT AggregateExec (input rows 1000000 (exact) vs min_rows 250000; sum_avg_int over 2+ i64 keys (memory input): the measured table takes it at no group count and size (results/datafusion_groupby_sweep_2026-10-01.csv)) | LEFT AggregateExec (Partial aggregate whose Final was not replaced)",3.99,2026-10-02 00:53:59,2026-10-02 00:54:02,2026-09-29 00:37:52,30,4.21,4.26,,,alternate,false,,,,,,,,0,,,,,,,,def,all
1000000,b8192,gsweep,minmax_int_2i64_R2,"minmax_int, 2 i64 key(s), R2 groups in the key domain","SELECT kl1, kl2, min(q) AS lo, max(q) AS hi FROM grid GROUP BY kl1, kl2",4.61,,,59.6,,30,,"yes",0.000e0,,,"LEFT AggregateExec (input rows 1000000 (exact) vs min_rows 250000; minmax_int over 2+ i64 keys (memory input): the measured table takes no group count at 1M rows (the first take is at 50M rows; results/datafusion_groupby_sweep_2026-10-01.csv)) | LEFT AggregateExec (Partial aggregate whose Final was not replaced)",,0,0.00,0.00,0.00,0.00,0.00,0,432084,3.46,4.63,100,0,,,,,,,4.50,58.1,5.25,"yes",0,0,0,0.0000,0.00,0.00,"LEFT AggregateExec (input rows 1000000 (exact) vs min_rows 250000; minmax_int over 2+ i64 keys (memory input): the measured table takes no group count at 1M rows (the first take is at 50M rows; results/datafusion_groupby_sweep_2026-10-01.csv)) | LEFT AggregateExec (Partial aggregate whose Final was not replaced)",4.48,2026-10-02 00:53:59,2026-10-02 00:54:02,2026-09-29 00:37:52,30,4.90,4.90,,,alternate,false,,,,,,,,0,,,,,,,,def,all
1000000,part1,gsweep,avg_f64_1i32_200,"avg_f64, 1 i32 key(s), 200 groups in the key domain","SELECT k, avg(x) AS m FROM grid GROUP BY k",0.79,,,5.2,,30,,"yes",2.220e-16,,,"LEFT AggregateExec (input rows 1000000 (exact) vs min_rows 250000; sum_avg_f64 over 1 i32 key (memory input): the measured table takes it at no group count and size (results/datafusion_groupby_sweep_2026-10-01.csv)) | LEFT AggregateExec (Partial aggregate whose Final was not replaced)",,0,0.00,0.00,0.00,0.00,0.00,0,200,3.48,3.48,100,0,,,,,,,0.80,4.9,1.08,"yes",0,0,0,0.0000,0.00,0.00,"LEFT AggregateExec (input rows 1000000 (exact) vs min_rows 250000; sum_avg_f64 over 1 i32 key (memory input): the measured table takes it at no group count and size (results/datafusion_groupby_sweep_2026-10-01.csv)) | LEFT AggregateExec (Partial aggregate whose Final was not replaced)",0.94,2026-10-02 00:55:47,2026-10-02 00:55:51,2026-09-29 00:37:52,30,0.82,0.83,,,alternate,false,,,,,,,,0,,,,,,,,def,all
1000000,part1,gsweep,avg_int_1i32_200,"avg_int, 1 i32 key(s), 200 groups in the key domain","SELECT k, avg(q) AS m FROM grid GROUP BY k",0.82,,,5.3,,30,,"yes",0.000e0,,,"LEFT AggregateExec (input rows 1000000 (exact) vs min_rows 250000; sum_avg_int over 1 i32 key (memory input): the measured table takes it at no group count and size (results/datafusion_groupby_sweep_2026-10-01.csv)) | LEFT AggregateExec (Partial aggregate whose Final was not replaced)",,0,0.00,0.00,0.00,0.00,0.00,0,200,3.48,3.48,100,0,,,,,,,0.84,5.5,0.88,"yes",0,0,0,0.0000,0.00,0.00,"LEFT AggregateExec (input rows 1000000 (exact) vs min_rows 250000; sum_avg_int over 1 i32 key (memory input): the measured table takes it at no group count and size (results/datafusion_groupby_sweep_2026-10-01.csv)) | LEFT AggregateExec (Partial aggregate whose Final was not replaced)",0.87,2026-10-02 00:55:47,2026-10-02 00:55:51,2026-09-29 00:37:52,30,0.86,0.87,,,alternate,false,,,,,,,,0,,,,,,,,def,all
1000000,part1,gsweep,minmax_int_1i32_200,"minmax_int, 1 i32 key(s), 200 groups in the key domain","SELECT k, min(q) AS lo, max(q) AS hi FROM grid GROUP BY k",0.85,,,5.4,,30,,"yes",0.000e0,,,"LEFT AggregateExec (input rows 1000000 (exact) vs min_rows 250000; minmax_int over 1 i32 key (memory input): the measured table takes it at no group count and size (results/datafusion_groupby_sweep_2026-10-01.csv)) | LEFT AggregateExec (Partial aggregate whose Final was not replaced)",,0,0.00,0.00,0.00,0.00,0.00,0,200,3.48,3.48,100,0,,,,,,,0.84,5.3,0.90,"yes",0,0,0,0.0000,0.00,0.00,"LEFT AggregateExec (input rows 1000000 (exact) vs min_rows 250000; minmax_int over 1 i32 key (memory input): the measured table takes it at no group count and size (results/datafusion_groupby_sweep_2026-10-01.csv)) | LEFT AggregateExec (Partial aggregate whose Final was not replaced)",0.87,2026-10-02 00:55:47,2026-10-02 00:55:51,2026-09-29 00:37:52,30,0.89,0.92,,,alternate,false,,,,,,,,0,,,,,,,,def,all
1000000,part1,gsweep,count_2i32_200,"count, 2 i32 key(s), 200 groups in the key domain","SELECT k1, k2, count(*) AS n FROM grid GROUP BY k1, k2",1.26,,,10.8,,30,,"yes",0.000e0,,,"LEFT AggregateExec (input rows 1000000 (exact) vs min_rows 250000; count over 2+ i32 keys (memory input): the measured table takes no group count at 1M rows (the first take is at 50M rows; results/datafusion_groupby_sweep_2026-10-01.csv)) | LEFT AggregateExec (Partial aggregate whose Final was not replaced)",,0,0.00,0.00,0.00,0.00,0.00,0,200,3.48,3.48,100,0,,,,,,,1.26,11.1,1.33,"yes",0,0,0,0.0000,0.00,0.00,"LEFT AggregateExec (input rows 1000000 (exact) vs min_rows 250000; count over 2+ i32 keys (memory input): the measured table takes no group count at 1M rows (the first take is at 50M rows; results/datafusion_groupby_sweep_2026-10-01.csv)) | LEFT AggregateExec (Partial aggregate whose Final was not replaced)",1.49,2026-10-02 00:55:47,2026-10-02 00:55:51,2026-09-29 00:37:52,30,1.39,1.40,,,alternate,false,,,,,,,,0,,,,,,,,def,all
1000000,part1,gsweep,minmax_f32_2i32_200,"minmax_f32, 2 i32 key(s), 200 groups in the key domain","SELECT k1, k2, min(y) AS lo, max(y) AS hi FROM grid GROUP BY k1, k2",1.33,,,11.6,,30,,"yes",0.000e0,,,"LEFT AggregateExec (input rows 1000000 (exact) vs min_rows 250000; minmax_f64 over 2+ i32 keys (memory input): the measured table takes it at no group count and size (results/datafusion_groupby_sweep_2026-10-01.csv)) | LEFT AggregateExec (Partial aggregate whose Final was not replaced)",,0,0.00,0.00,0.00,0.00,0.00,0,200,3.48,3.48,100,0,,,,,,,1.32,11.4,1.55,"yes",0,0,0,0.0000,0.00,0.00,"LEFT AggregateExec (input rows 1000000 (exact) vs min_rows 250000; minmax_f64 over 2+ i32 keys (memory input): the measured table takes it at no group count and size (results/datafusion_groupby_sweep_2026-10-01.csv)) | LEFT AggregateExec (Partial aggregate whose Final was not replaced)",1.36,2026-10-02 00:55:47,2026-10-02 00:55:51,2026-09-29 00:37:52,30,1.44,1.51,,,alternate,false,,,,,,,,0,,,,,,,,def,all
1000000,part1,gsweep,count_1i64_200,"count, 1 i64 key(s), 200 groups in the key domain","SELECT kl, count(*) AS n FROM grid GROUP BY kl",0.77,,,5.0,,30,,"yes",0.000e0,,,"LEFT AggregateExec (input rows 1000000 (exact) vs min_rows 250000; count over 1 i64 key (memory input): the measured table takes it at no group count and size (results/datafusion_groupby_sweep_2026-10-01.csv)) | LEFT AggregateExec (Partial aggregate whose Final was not replaced)",,0,0.00,0.00,0.00,0.00,0.00,0,200,3.48,3.48,100,0,,,,,,,0.76,4.7,0.82,"yes",0,0,0,0.0000,0.00,0.00,"LEFT AggregateExec (input rows 1000000 (exact) vs min_rows 250000; count over 1 i64 key (memory input): the measured table takes it at no group count and size (results/datafusion_groupby_sweep_2026-10-01.csv)) | LEFT AggregateExec (Partial aggregate whose Final was not replaced)",0.82,2026-10-02 00:55:47,2026-10-02 00:55:51,2026-09-29 00:37:52,30,0.80,0.80,,,alternate,false,,,,,,,,0,,,,,,,,def,all
1000000,part1,gsweep,avg_f64_1i64_200,"avg_f64, 1 i64 key(s), 200 groups in the key domain","SELECT kl, avg(x) AS m FROM grid GROUP BY kl",0.77,,,5.0,,30,,"yes",2.220e-16,,,"LEFT AggregateExec (input rows 1000000 (exact) vs min_rows 250000; sum_avg_f64 over 1 i64 key (memory input): the measured table takes it at no group count and size (results/datafusion_groupby_sweep_2026-10-01.csv)) | LEFT AggregateExec (Partial aggregate whose Final was not replaced)",,0,0.00,0.00,0.00,0.00,0.00,0,200,3.48,3.48,100,0,,,,,,,0.78,5.0,0.82,"yes",0,0,0,0.0000,0.00,0.00,"LEFT AggregateExec (input rows 1000000 (exact) vs min_rows 250000; sum_avg_f64 over 1 i64 key (memory input): the measured table takes it at no group count and size (results/datafusion_groupby_sweep_2026-10-01.csv)) | LEFT AggregateExec (Partial aggregate whose Final was not replaced)",0.83,2026-10-02 00:55:47,2026-10-02 00:55:51,2026-09-29 00:37:52,30,0.80,0.82,,,alternate,false,,,,,,,,0,,,,,,,,def,all
1000000,part1,gsweep,minmax_f64_1i64_200,"minmax_f64, 1 i64 key(s), 200 groups in the key domain","SELECT kl, min(x) AS lo, max(x) AS hi FROM grid GROUP BY kl",0.84,,,5.7,,30,,"yes",0.000e0,,,"LEFT AggregateExec (input rows 1000000 (exact) vs min_rows 250000; minmax_f64 over 1 i64 key (memory input): the measured table takes it at no group count and size (results/datafusion_groupby_sweep_2026-10-01.csv)) | LEFT AggregateExec (Partial aggregate whose Final was not replaced)",,0,0.00,0.00,0.00,0.00,0.00,0,200,3.48,3.48,100,0,,,,,,,0.84,5.7,1.04,"yes",0,0,0,0.0000,0.00,0.00,"LEFT AggregateExec (input rows 1000000 (exact) vs min_rows 250000; minmax_f64 over 1 i64 key (memory input): the measured table takes it at no group count and size (results/datafusion_groupby_sweep_2026-10-01.csv)) | LEFT AggregateExec (Partial aggregate whose Final was not replaced)",0.98,2026-10-02 00:55:47,2026-10-02 00:55:51,2026-09-29 00:37:52,30,0.90,0.92,,,alternate,false,,,,,,,,0,,,,,,,,def,all
1000000,part1,gsweep,sum_int_1i64_200,"sum_int, 1 i64 key(s), 200 groups in the key domain","SELECT kl, sum(q) AS s FROM grid GROUP BY kl",0.74,,,4.6,,30,,"yes",0.000e0,,,"LEFT AggregateExec (input rows 1000000 (exact) vs min_rows 250000; sum_avg_int over 1 i64 key (memory input): the measured table takes it at no group count and size (results/datafusion_groupby_sweep_2026-10-01.csv)) | LEFT AggregateExec (Partial aggregate whose Final was not replaced)",,0,0.00,0.00,0.00,0.00,0.00,0,200,3.48,3.48,100,0,,,,,,,0.75,4.6,0.79,"yes",0,0,0,0.0000,0.00,0.00,"LEFT AggregateExec (input rows 1000000 (exact) vs min_rows 250000; sum_avg_int over 1 i64 key (memory input): the measured table takes it at no group count and size (results/datafusion_groupby_sweep_2026-10-01.csv)) | LEFT AggregateExec (Partial aggregate whose Final was not replaced)",0.80,2026-10-02 00:55:47,2026-10-02 00:55:51,2026-09-29 00:37:52,30,0.78,0.80,,,alternate,false,,,,,,,,0,,,,,,,,def,all
1000000,part1,gsweep,avg_f64_2i64_200,"avg_f64, 2 i64 key(s), 200 groups in the key domain","SELECT kl1, kl2, avg(x) AS m FROM grid GROUP BY kl1, kl2",1.30,,,11.4,,30,,"yes",3.331e-16,,,"LEFT AggregateExec (input rows 1000000 (exact) vs min_rows 250000; sum_avg_f64 over 2+ i64 keys (memory input): the measured table takes it at no group count and size (results/datafusion_groupby_sweep_2026-10-01.csv)) | LEFT AggregateExec (Partial aggregate whose Final was not replaced)",,0,0.00,0.00,0.00,0.00,0.00,0,200,3.48,3.48,100,0,,,,,,,1.31,11.1,1.50,"yes",0,0,0,0.0000,0.00,0.00,"LEFT AggregateExec (input rows 1000000 (exact) vs min_rows 250000; sum_avg_f64 over 2+ i64 keys (memory input): the measured table takes it at no group count and size (results/datafusion_groupby_sweep_2026-10-01.csv)) | LEFT AggregateExec (Partial aggregate whose Final was not replaced)",1.44,2026-10-02 00:55:47,2026-10-02 00:55:51,2026-09-29 00:37:52,30,1.43,1.46,,,alternate,false,,,,,,,,0,,,,,,,,def,all
1000000,part1,gsweep,minmax_f64_2i64_200,"minmax_f64, 2 i64 key(s), 200 groups in the key domain","SELECT kl1, kl2, min(x) AS lo, max(x) AS hi FROM grid GROUP BY kl1, kl2",1.36,,,11.8,,30,,"yes",0.000e0,,,"LEFT AggregateExec (input rows 1000000 (exact) vs min_rows 250000; minmax_f64 over 2+ i64 keys (memory input): the measured table takes it at no group count and size (results/datafusion_groupby_sweep_2026-10-01.csv)) | LEFT AggregateExec (Partial aggregate whose Final was not replaced)",,0,0.00,0.00,0.00,0.00,0.00,0,200,3.48,3.48,100,0,,,,,,,1.36,11.9,1.43,"yes",0,0,0,0.0000,0.00,0.00,"LEFT AggregateExec (input rows 1000000 (exact) vs min_rows 250000; minmax_f64 over 2+ i64 keys (memory input): the measured table takes it at no group count and size (results/datafusion_groupby_sweep_2026-10-01.csv)) | LEFT AggregateExec (Partial aggregate whose Final was not replaced)",1.48,2026-10-02 00:55:47,2026-10-02 00:55:51,2026-09-29 00:37:52,30,1.51,1.48,,,alternate,false,,,,,,,,0,,,,,,,,def,all
1000000,part1,gsweep,sum_int_2i64_200,"sum_int, 2 i64 key(s), 200 groups in the key domain","SELECT kl1, kl2, sum(q) AS s FROM grid GROUP BY kl1, kl2",1.29,,,10.7,,30,,"yes",0.000e0,,,"LEFT AggregateExec (input rows 1000000 (exact) vs min_rows 250000; sum_avg_int over 2+ i64 keys (memory input): the measured table takes it at no group count and size (results/datafusion_groupby_sweep_2026-10-01.csv)) | LEFT AggregateExec (Partial aggregate whose Final was not replaced)",,0,0.00,0.00,0.00,0.00,0.00,0,200,3.48,3.48,100,0,,,,,,,1.29,11.1,1.46,"yes",0,0,0,0.0000,0.00,0.00,"LEFT AggregateExec (input rows 1000000 (exact) vs min_rows 250000; sum_avg_int over 2+ i64 keys (memory input): the measured table takes it at no group count and size (results/datafusion_groupby_sweep_2026-10-01.csv)) | LEFT AggregateExec (Partial aggregate whose Final was not replaced)",1.35,2026-10-02 00:55:47,2026-10-02 00:55:51,2026-09-29 00:37:52,30,1.36,1.40,,,alternate,false,,,,,,,,0,,,,,,,,def,all
1000000,part1,gsweep,minmax_int_2i64_200,"minmax_int, 2 i64 key(s), 200 groups in the key domain","SELECT kl1, kl2, min(q) AS lo, max(q) AS hi FROM grid GROUP BY kl1, kl2",1.36,,,11.6,,30,,"yes",0.000e0,,,"LEFT AggregateExec (input rows 1000000 (exact) vs min_rows 250000; minmax_int over 2+ i64 keys (memory input): the measured table takes no group count at 1M rows (the first take is at 50M rows; results/datafusion_groupby_sweep_2026-10-01.csv)) | LEFT AggregateExec (Partial aggregate whose Final was not replaced)",,0,0.00,0.00,0.00,0.00,0.00,0,200,3.48,3.48,100,0,,,,,,,1.38,11.6,1.53,"yes",0,0,0,0.0000,0.00,0.00,"LEFT AggregateExec (input rows 1000000 (exact) vs min_rows 250000; minmax_int over 2+ i64 keys (memory input): the measured table takes no group count at 1M rows (the first take is at 50M rows; results/datafusion_groupby_sweep_2026-10-01.csv)) | LEFT AggregateExec (Partial aggregate whose Final was not replaced)",1.40,2026-10-02 00:55:47,2026-10-02 00:55:51,2026-09-29 00:37:52,30,1.44,1.50,,,alternate,false,,,,,,,,0,,,,,,,,def,all
1000000,part1,gsweep,distinct_2i64_200,"distinct, 2 i64 key(s), 200 groups in the key domain","SELECT DISTINCT kl1, kl2 FROM grid",1.12,,,9.9,,30,,"yes",0.000e0,,,"LEFT AggregateExec (input rows 1000000 (exact) vs min_rows 250000; distinct over 2+ i64 keys (memory input): the measured table takes it at no group count and size (results/datafusion_groupby_sweep_2026-10-01.csv)) | LEFT AggregateExec (Partial aggregate whose Final was not replaced)",,0,0.00,0.00,0.00,0.00,0.00,0,200,3.48,3.48,100,0,,,,,,,1.17,10.3,1.22,"yes",0,0,0,0.0000,0.00,0.00,"LEFT AggregateExec (input rows 1000000 (exact) vs min_rows 250000; distinct over 2+ i64 keys (memory input): the measured table takes it at no group count and size (results/datafusion_groupby_sweep_2026-10-01.csv)) | LEFT AggregateExec (Partial aggregate whose Final was not replaced)",1.16,2026-10-02 00:55:47,2026-10-02 00:55:51,2026-09-29 00:37:52,30,1.24,1.25,,,alternate,false,,,,,,,,0,,,,,,,,def,all
1000000,part1,gsweep,sum_f64_1i32_10k,"sum_f64, 1 i32 key(s), 10k groups in the key domain","SELECT k, sum(x) AS s FROM grid GROUP BY k",1.19,,,10.3,,30,,"yes",6.074e-16,,,"LEFT AggregateExec (input rows 1000000 (exact) vs min_rows 250000; sum_avg_f64 over 1 i32 key (memory input): the measured table takes it at no group count and size (results/datafusion_groupby_sweep_2026-10-01.csv)) | LEFT AggregateExec (Partial aggregate whose Final was not replaced)",,0,0.00,0.00,0.00,0.00,0.00,0,10000,3.31,4.65,100,0,,,,,,,1.18,10.3,1.34,"yes",0,0,0,0.0000,0.00,0.00,"LEFT AggregateExec (input rows 1000000 (exact) vs min_rows 250000; sum_avg_f64 over 1 i32 key (memory input): the measured table takes it at no group count and size (results/datafusion_groupby_sweep_2026-10-01.csv)) | LEFT AggregateExec (Partial aggregate whose Final was not replaced)",1.42,2026-10-02 00:56:16,2026-10-02 00:56:19,2026-09-29 00:37:52,30,1.30,1.27,,,alternate,false,,,,,,,,0,,,,,,,,def,all
1000000,part1,gsweep,minmax_f64_1i32_10k,"minmax_f64, 1 i32 key(s), 10k groups in the key domain","SELECT k, min(x) AS lo, max(x) AS hi FROM grid GROUP BY k",1.66,,,17.1,,30,,"yes",0.000e0,,,"LEFT AggregateExec (input rows 1000000 (exact) vs min_rows 250000; minmax_f64 over 1 i32 key (memory input): the measured table takes it at no group count and size (results/datafusion_groupby_sweep_2026-10-01.csv)) | LEFT AggregateExec (Partial aggregate whose Final was not replaced)",,0,0.00,0.00,0.00,0.00,0.00,0,10000,3.31,4.65,100,0,,,,,,,1.73,16.7,1.98,"yes",0,0,0,0.0000,0.00,0.00,"LEFT AggregateExec (input rows 1000000 (exact) vs min_rows 250000; minmax_f64 over 1 i32 key (memory input): the measured table takes it at no group count and size (results/datafusion_groupby_sweep_2026-10-01.csv)) | LEFT AggregateExec (Partial aggregate whose Final was not replaced)",1.74,2026-10-02 00:56:16,2026-10-02 00:56:19,2026-09-29 00:37:52,30,1.82,1.84,,,alternate,false,,,,,,,,0,,,,,,,,def,all
1000000,part1,gsweep,avg_f64_2i32_10k,"avg_f64, 2 i32 key(s), 10k groups in the key domain","SELECT k1, k2, avg(x) AS m FROM grid GROUP BY k1, k2",1.84,,,18.8,,30,,"yes",3.331e-16,,,"LEFT AggregateExec (input rows 1000000 (exact) vs min_rows 250000; sum_avg_f64 over 2+ i32 keys (memory input): the measured table takes it at no group count and size (results/datafusion_groupby_sweep_2026-10-01.csv)) | LEFT AggregateExec (Partial aggregate whose Final was not replaced)",,0,0.00,0.00,0.00,0.00,0.00,0,10000,3.31,4.65,100,0,,,,,,,1.83,17.6,1.91,"yes",0,0,0,0.0000,0.00,0.00,"LEFT AggregateExec (input rows 1000000 (exact) vs min_rows 250000; sum_avg_f64 over 2+ i32 keys (memory input): the measured table takes it at no group count and size (results/datafusion_groupby_sweep_2026-10-01.csv)) | LEFT AggregateExec (Partial aggregate whose Final was not replaced)",1.86,2026-10-02 00:56:16,2026-10-02 00:56:19,2026-09-29 00:37:52,30,1.99,1.96,,,alternate,false,,,,,,,,0,,,,,,,,def,all
1000000,part1,gsweep,count_1i64_10k,"count, 1 i64 key(s), 10k groups in the key domain","SELECT kl, count(*) AS n FROM grid GROUP BY kl",1.23,,,10.9,,30,,"yes",0.000e0,,,"LEFT AggregateExec (input rows 1000000 (exact) vs min_rows 250000; count over 1 i64 key (memory input): the measured table takes it at no group count and size (results/datafusion_groupby_sweep_2026-10-01.csv)) | LEFT AggregateExec (Partial aggregate whose Final was not replaced)",,0,0.00,0.00,0.00,0.00,0.00,0,10000,3.31,4.65,100,0,,,,,,,1.22,11.7,1.38,"yes",0,0,0,0.0000,0.00,0.00,"LEFT AggregateExec (input rows 1000000 (exact) vs min_rows 250000; count over 1 i64 key (memory input): the measured table takes it at no group count and size (results/datafusion_groupby_sweep_2026-10-01.csv)) | LEFT AggregateExec (Partial aggregate whose Final was not replaced)",1.38,2026-10-02 00:56:16,2026-10-02 00:56:19,2026-09-29 00:37:52,30,1.32,1.31,,,alternate,false,,,,,,,,0,,,,,,,,def,all
1000000,part1,gsweep,avg_int_1i64_10k,"avg_int, 1 i64 key(s), 10k groups in the key domain","SELECT kl, avg(q) AS m FROM grid GROUP BY kl",1.35,,,12.1,,30,,"yes",0.000e0,,,"LEFT AggregateExec (input rows 1000000 (exact) vs min_rows 250000; sum_avg_int over 1 i64 key (memory input): the measured table takes it at no group count and size (results/datafusion_groupby_sweep_2026-10-01.csv)) | LEFT AggregateExec (Partial aggregate whose Final was not replaced)",,0,0.00,0.00,0.00,0.00,0.00,0,10000,3.31,4.65,100,0,,,,,,,1.39,12.6,1.45,"yes",0,0,0,0.0000,0.00,0.00,"LEFT AggregateExec (input rows 1000000 (exact) vs min_rows 250000; sum_avg_int over 1 i64 key (memory input): the measured table takes it at no group count and size (results/datafusion_groupby_sweep_2026-10-01.csv)) | LEFT AggregateExec (Partial aggregate whose Final was not replaced)",1.34,2026-10-02 00:56:16,2026-10-02 00:56:19,2026-09-29 00:37:52,30,1.46,1.45,,,alternate,false,,,,,,,,0,,,,,,,,def,all
1000000,part1,gsweep,minmax_int_1i64_10k,"minmax_int, 1 i64 key(s), 10k groups in the key domain","SELECT kl, min(q) AS lo, max(q) AS hi FROM grid GROUP BY kl",1.66,,,16.1,,30,,"yes",0.000e0,,,"LEFT AggregateExec (input rows 1000000 (exact) vs min_rows 250000; minmax_int over 1 i64 key (memory input): the measured table takes no group count at 1M rows (the first take is at 50M rows; results/datafusion_groupby_sweep_2026-10-01.csv)) | LEFT AggregateExec (Partial aggregate whose Final was not replaced)",,0,0.00,0.00,0.00,0.00,0.00,0,10000,3.31,4.65,100,0,,,,,,,1.66,15.6,1.74,"yes",0,0,0,0.0000,0.00,0.00,"LEFT AggregateExec (input rows 1000000 (exact) vs min_rows 250000; minmax_int over 1 i64 key (memory input): the measured table takes no group count at 1M rows (the first take is at 50M rows; results/datafusion_groupby_sweep_2026-10-01.csv)) | LEFT AggregateExec (Partial aggregate whose Final was not replaced)",1.85,2026-10-02 00:56:16,2026-10-02 00:56:19,2026-09-29 00:37:52,30,1.75,1.76,,,alternate,false,,,,,,,,0,,,,,,,,def,all
1000000,part1,gsweep,distinct_1i64_10k,"distinct, 1 i64 key(s), 10k groups in the key domain","SELECT DISTINCT kl FROM grid",1.03,,,9.5,,30,,"yes",0.000e0,,,"LEFT AggregateExec (input rows 1000000 (exact) vs min_rows 250000; distinct over 1 i64 key (memory input): the measured table takes it at no group count and size (results/datafusion_groupby_sweep_2026-10-01.csv)) | LEFT AggregateExec (Partial aggregate whose Final was not replaced)",,0,0.00,0.00,0.00,0.00,0.00,0,10000,3.31,4.65,100,0,,,,,,,1.09,9.8,1.14,"yes",0,0,0,0.0000,0.00,0.00,"LEFT AggregateExec (input rows 1000000 (exact) vs min_rows 250000; distinct over 1 i64 key (memory input): the measured table takes it at no group count and size (results/datafusion_groupby_sweep_2026-10-01.csv)) | LEFT AggregateExec (Partial aggregate whose Final was not replaced)",1.12,2026-10-02 00:56:16,2026-10-02 00:56:19,2026-09-29 00:37:52,30,1.18,1.17,,,alternate,false,,,,,,,,0,,,,,,,,def,all
1000000,part1,gsweep,count_2i64_10k,"count, 2 i64 key(s), 10k groups in the key domain","SELECT kl1, kl2, count(*) AS n FROM grid GROUP BY kl1, kl2",1.75,,,17.0,,30,,"yes",0.000e0,,,"LEFT AggregateExec (input rows 1000000 (exact) vs min_rows 250000; count over 2+ i64 keys (memory input): the measured table takes it at no group count and size (results/datafusion_groupby_sweep_2026-10-01.csv)) | LEFT AggregateExec (Partial aggregate whose Final was not replaced)",,0,0.00,0.00,0.00,0.00,0.00,0,10000,3.31,4.65,100,0,,,,,,,1.82,17.1,2.08,"yes",0,0,0,0.0000,0.00,0.00,"LEFT AggregateExec (input rows 1000000 (exact) vs min_rows 250000; count over 2+ i64 keys (memory input): the measured table takes it at no group count and size (results/datafusion_groupby_sweep_2026-10-01.csv)) | LEFT AggregateExec (Partial aggregate whose Final was not replaced)",1.86,2026-10-02 00:56:16,2026-10-02 00:56:19,2026-09-29 00:37:52,30,1.93,1.91,,,alternate,false,,,,,,,,0,,,,,,,,def,all
1000000,part1,gsweep,sum_f64_2i64_10k,"sum_f64, 2 i64 key(s), 10k groups in the key domain","SELECT kl1, kl2, sum(x) AS s FROM grid GROUP BY kl1, kl2",1.80,,,17.6,,30,,"yes",5.578e-16,,,"LEFT AggregateExec (input rows 1000000 (exact) vs min_rows 250000; sum_avg_f64 over 2+ i64 keys (memory input): the measured table takes it at no group count and size (results/datafusion_groupby_sweep_2026-10-01.csv)) | LEFT AggregateExec (Partial aggregate whose Final was not replaced)",,0,0.00,0.00,0.00,0.00,0.00,0,10000,3.31,4.65,100,0,,,,,,,1.85,17.3,2.02,"yes",0,0,0,0.0000,0.00,0.00,"LEFT AggregateExec (input rows 1000000 (exact) vs min_rows 250000; sum_avg_f64 over 2+ i64 keys (memory input): the measured table takes it at no group count and size (results/datafusion_groupby_sweep_2026-10-01.csv)) | LEFT AggregateExec (Partial aggregate whose Final was not replaced)",1.92,2026-10-02 00:56:16,2026-10-02 00:56:19,2026-09-29 00:37:52,30,1.95,1.92,,,alternate,false,,,,,,,,0,,,,,,,,def,all
1000000,part1,gsweep,minmax_f64_2i64_10k,"minmax_f64, 2 i64 key(s), 10k groups in the key domain","SELECT kl1, kl2, min(x) AS lo, max(x) AS hi FROM grid GROUP BY kl1, kl2",2.36,,,24.6,,30,,"yes",0.000e0,,,"LEFT AggregateExec (input rows 1000000 (exact) vs min_rows 250000; minmax_f64 over 2+ i64 keys (memory input): the measured table takes it at no group count and size (results/datafusion_groupby_sweep_2026-10-01.csv)) | LEFT AggregateExec (Partial aggregate whose Final was not replaced)",,0,0.00,0.00,0.00,0.00,0.00,0,10000,3.31,4.65,100,0,,,,,,,2.34,24.6,2.44,"yes",0,0,0,0.0000,0.00,0.00,"LEFT AggregateExec (input rows 1000000 (exact) vs min_rows 250000; minmax_f64 over 2+ i64 keys (memory input): the measured table takes it at no group count and size (results/datafusion_groupby_sweep_2026-10-01.csv)) | LEFT AggregateExec (Partial aggregate whose Final was not replaced)",2.45,2026-10-02 00:56:16,2026-10-02 00:56:19,2026-09-29 00:37:52,30,2.58,2.60,,,alternate,false,,,,,,,,0,,,,,,,,def,all
1000000,part1,gsweep,minmax_f32_2i64_10k,"minmax_f32, 2 i64 key(s), 10k groups in the key domain","SELECT kl1, kl2, min(y) AS lo, max(y) AS hi FROM grid GROUP BY kl1, kl2",2.30,,,22.9,,30,,"yes",0.000e0,,,"LEFT AggregateExec (input rows 1000000 (exact) vs min_rows 250000; minmax_f64 over 2+ i64 keys (memory input): the measured table takes it at no group count and size (results/datafusion_groupby_sweep_2026-10-01.csv)) | LEFT AggregateExec (Partial aggregate whose Final was not replaced)",,0,0.00,0.00,0.00,0.00,0.00,0,10000,3.31,4.65,100,0,,,,,,,2.28,23.1,2.59,"yes",0,0,0,0.0000,0.00,0.00,"LEFT AggregateExec (input rows 1000000 (exact) vs min_rows 250000; minmax_f64 over 2+ i64 keys (memory input): the measured table takes it at no group count and size (results/datafusion_groupby_sweep_2026-10-01.csv)) | LEFT AggregateExec (Partial aggregate whose Final was not replaced)",2.29,2026-10-02 00:56:16,2026-10-02 00:56:19,2026-09-29 00:37:52,30,2.40,2.44,,,alternate,false,,,,,,,,0,,,,,,,,def,all
1000000,part1,gsweep,minmax_f64_1i32_100k,"minmax_f64, 1 i32 key(s), 100k groups in the key domain","SELECT k, min(x) AS lo, max(x) AS hi FROM grid GROUP BY k",2.90,,,36.0,,30,,"yes",0.000e0,,,"LEFT AggregateExec (input rows 1000000 (exact) vs min_rows 250000; minmax_f64 over 1 i32 key (memory input): the measured table takes it at no group count and size (results/datafusion_groupby_sweep_2026-10-01.csv)) | LEFT AggregateExec (Partial aggregate whose Final was not replaced)",,0,0.00,0.00,0.00,0.00,0.00,0,99995,3.42,4.50,100,0,,,,,,,2.89,36.0,3.53,"yes",0,0,0,0.0000,0.00,0.00,"LEFT AggregateExec (input rows 1000000 (exact) vs min_rows 250000; minmax_f64 over 1 i32 key (memory input): the measured table takes it at no group count and size (results/datafusion_groupby_sweep_2026-10-01.csv)) | LEFT AggregateExec (Partial aggregate whose Final was not replaced)",3.89,2026-10-02 00:57:44,2026-10-02 00:57:48,2026-09-29 00:37:52,30,3.10,3.15,,,alternate,false,,,,,,,,0,,,,,,,,def,all
1000000,part1,gsweep,minmax_int_1i32_100k,"minmax_int, 1 i32 key(s), 100k groups in the key domain","SELECT k, min(q) AS lo, max(q) AS hi FROM grid GROUP BY k",2.86,,,35.7,,30,,"yes",0.000e0,,,"LEFT AggregateExec (input rows 1000000 (exact) vs min_rows 250000; minmax_int over 1 i32 key (memory input): the measured table takes it at no group count and size (results/datafusion_groupby_sweep_2026-10-01.csv)) | LEFT AggregateExec (Partial aggregate whose Final was not replaced)",,0,0.00,0.00,0.00,0.00,0.00,0,99995,3.42,4.50,100,0,,,,,,,2.82,35.2,2.87,"yes",0,0,0,0.0000,0.00,0.00,"LEFT AggregateExec (input rows 1000000 (exact) vs min_rows 250000; minmax_int over 1 i32 key (memory input): the measured table takes it at no group count and size (results/datafusion_groupby_sweep_2026-10-01.csv)) | LEFT AggregateExec (Partial aggregate whose Final was not replaced)",2.84,2026-10-02 00:57:44,2026-10-02 00:57:48,2026-09-29 00:37:52,30,3.05,3.14,,,alternate,false,,,,,,,,0,,,,,,,,def,all
1000000,part1,gsweep,minmax_f64_1i64_100k,"minmax_f64, 1 i64 key(s), 100k groups in the key domain","SELECT kl, min(x) AS lo, max(x) AS hi FROM grid GROUP BY kl",3.09,,,39.0,,30,,"yes",0.000e0,,,"LEFT AggregateExec (input rows 1000000 (exact) vs min_rows 250000; minmax_f64 over 1 i64 key (memory input): the measured table takes it at no group count and size (results/datafusion_groupby_sweep_2026-10-01.csv)) | LEFT AggregateExec (Partial aggregate whose Final was not replaced)",,0,0.00,0.00,0.00,0.00,0.00,0,99995,3.42,4.50,100,0,,,,,,,3.07,38.4,3.25,"yes",0,0,0,0.0000,0.00,0.00,"LEFT AggregateExec (input rows 1000000 (exact) vs min_rows 250000; minmax_f64 over 1 i64 key (memory input): the measured table takes it at no group count and size (results/datafusion_groupby_sweep_2026-10-01.csv)) | LEFT AggregateExec (Partial aggregate whose Final was not replaced)",3.32,2026-10-02 00:57:44,2026-10-02 00:57:48,2026-09-29 00:37:52,30,3.29,3.36,,,alternate,false,,,,,,,,0,,,,,,,,def,all
1000000,part1,gsweep,sum_int_1i64_100k,"sum_int, 1 i64 key(s), 100k groups in the key domain","SELECT kl, sum(q) AS s FROM grid GROUP BY kl",2.52,,,28.2,,30,,"yes",0.000e0,,,"LEFT AggregateExec (input rows 1000000 (exact) vs min_rows 250000; sum_avg_int over 1 i64 key (memory input): the measured table takes it at no group count and size (results/datafusion_groupby_sweep_2026-10-01.csv)) | LEFT AggregateExec (Partial aggregate whose Final was not replaced)",,0,0.00,0.00,0.00,0.00,0.00,0,99995,3.42,4.50,100,0,,,,,,,2.53,30.4,2.93,"yes",0,0,0,0.0000,0.00,0.00,"LEFT AggregateExec (input rows 1000000 (exact) vs min_rows 250000; sum_avg_int over 1 i64 key (memory input): the measured table takes it at no group count and size (results/datafusion_groupby_sweep_2026-10-01.csv)) | LEFT AggregateExec (Partial aggregate whose Final was not replaced)",3.47,2026-10-02 00:57:44,2026-10-02 00:57:48,2026-09-29 00:37:52,30,2.76,2.79,,,alternate,false,,,,,,,,0,,,,,,,,def,all
1000000,part1,gsweep,minmax_int_1i64_100k,"minmax_int, 1 i64 key(s), 100k groups in the key domain","SELECT kl, min(q) AS lo, max(q) AS hi FROM grid GROUP BY kl",3.03,,,36.7,,30,,"yes",0.000e0,,,"LEFT AggregateExec (input rows 1000000 (exact) vs min_rows 250000; minmax_int over 1 i64 key (memory input): the measured table takes no group count at 1M rows (the first take is at 50M rows; results/datafusion_groupby_sweep_2026-10-01.csv)) | LEFT AggregateExec (Partial aggregate whose Final was not replaced)",,0,0.00,0.00,0.00,0.00,0.00,0,99995,3.42,4.50,100,0,,,,,,,3.03,38.1,3.27,"yes",0,0,0,0.0000,0.00,0.00,"LEFT AggregateExec (input rows 1000000 (exact) vs min_rows 250000; minmax_int over 1 i64 key (memory input): the measured table takes no group count at 1M rows (the first take is at 50M rows; results/datafusion_groupby_sweep_2026-10-01.csv)) | LEFT AggregateExec (Partial aggregate whose Final was not replaced)",3.61,2026-10-02 00:57:44,2026-10-02 00:57:48,2026-09-29 00:37:52,30,3.24,3.26,,,alternate,false,,,,,,,,0,,,,,,,,def,all
1000000,part1,gsweep,distinct_1i64_100k,"distinct, 1 i64 key(s), 100k groups in the key domain","SELECT DISTINCT kl FROM grid",2.17,,,25.4,,30,,"yes",0.000e0,,,"LEFT AggregateExec (input rows 1000000 (exact) vs min_rows 250000; distinct over 1 i64 key (memory input): the measured table takes it at no group count and size (results/datafusion_groupby_sweep_2026-10-01.csv)) | LEFT AggregateExec (Partial aggregate whose Final was not replaced)",,0,0.00,0.00,0.00,0.00,0.00,0,99995,3.42,4.50,100,0,,,,,,,2.20,25.4,2.64,"yes",0,0,0,0.0000,0.00,0.00,"LEFT AggregateExec (input rows 1000000 (exact) vs min_rows 250000; distinct over 1 i64 key (memory input): the measured table takes it at no group count and size (results/datafusion_groupby_sweep_2026-10-01.csv)) | LEFT AggregateExec (Partial aggregate whose Final was not replaced)",2.49,2026-10-02 00:57:44,2026-10-02 00:57:48,2026-09-29 00:37:52,30,2.53,2.45,,,alternate,false,,,,,,,,0,,,,,,,,def,all
1000000,part1,gsweep,minmax_f32_2i64_100k,"minmax_f32, 2 i64 key(s), 100k groups in the key domain","SELECT kl1, kl2, min(y) AS lo, max(y) AS hi FROM grid GROUP BY kl1, kl2",3.50,,,45.0,,30,,"yes",0.000e0,,,"LEFT AggregateExec (input rows 1000000 (exact) vs min_rows 250000; minmax_f64 over 2+ i64 keys (memory input): the measured table takes it at no group count and size (results/datafusion_groupby_sweep_2026-10-01.csv)) | LEFT AggregateExec (Partial aggregate whose Final was not replaced)",,0,0.00,0.00,0.00,0.00,0.00,0,99998,3.42,4.50,100,0,,,,,,,3.46,44.5,3.74,"yes",0,0,0,0.0000,0.00,0.00,"LEFT AggregateExec (input rows 1000000 (exact) vs min_rows 250000; minmax_f64 over 2+ i64 keys (memory input): the measured table takes it at no group count and size (results/datafusion_groupby_sweep_2026-10-01.csv)) | LEFT AggregateExec (Partial aggregate whose Final was not replaced)",3.46,2026-10-02 00:57:44,2026-10-02 00:57:48,2026-09-29 00:37:52,30,3.78,3.78,,,alternate,false,,,,,,,,0,,,,,,,,def,all
1000000,part1,gsweep,minmax_int_2i64_100k,"minmax_int, 2 i64 key(s), 100k groups in the key domain","SELECT kl1, kl2, min(q) AS lo, max(q) AS hi FROM grid GROUP BY kl1, kl2",3.63,,,46.1,,30,,"yes",0.000e0,,,"LEFT AggregateExec (input rows 1000000 (exact) vs min_rows 250000; minmax_int over 2+ i64 keys (memory input): the measured table takes no group count at 1M rows (the first take is at 50M rows; results/datafusion_groupby_sweep_2026-10-01.csv)) | LEFT AggregateExec (Partial aggregate whose Final was not replaced)",,0,0.00,0.00,0.00,0.00,0.00,0,99998,3.42,4.50,100,0,,,,,,,3.69,46.1,3.89,"yes",0,0,0,0.0000,0.00,0.00,"LEFT AggregateExec (input rows 1000000 (exact) vs min_rows 250000; minmax_int over 2+ i64 keys (memory input): the measured table takes no group count at 1M rows (the first take is at 50M rows; results/datafusion_groupby_sweep_2026-10-01.csv)) | LEFT AggregateExec (Partial aggregate whose Final was not replaced)",3.65,2026-10-02 00:57:44,2026-10-02 00:57:48,2026-09-29 00:37:52,30,3.90,3.91,,,alternate,false,,,,,,,,0,,,,,,,,def,all
1000000,part1,gsweep,avg_f64_1i32_1M,"avg_f64, 1 i32 key(s), 1M groups in the key domain","SELECT k, avg(x) AS m FROM grid GROUP BY k",3.89,,,50.1,,30,,"yes",2.220e-16,,,"LEFT AggregateExec (input rows 1000000 (exact) vs min_rows 250000; sum_avg_f64 over 1 i32 key (memory input): the measured table takes it at no group count and size (results/datafusion_groupby_sweep_2026-10-01.csv)) | LEFT AggregateExec (Partial aggregate whose Final was not replaced)",,0,0.00,0.00,0.00,0.00,0.00,0,631988,2.96,2.96,100,0,,,,,,,3.88,49.6,4.47,"yes",0,0,0,0.0000,0.00,0.00,"LEFT AggregateExec (input rows 1000000 (exact) vs min_rows 250000; sum_avg_f64 over 1 i32 key (memory input): the measured table takes it at no group count and size (results/datafusion_groupby_sweep_2026-10-01.csv)) | LEFT AggregateExec (Partial aggregate whose Final was not replaced)",4.39,2026-10-02 00:59:33,2026-10-02 00:59:36,2026-09-29 00:37:52,30,4.00,4.08,,,alternate,false,,,,,,,,0,,,,,,,,def,all
1000000,part1,gsweep,minmax_f32_1i32_1M,"minmax_f32, 1 i32 key(s), 1M groups in the key domain","SELECT k, min(y) AS lo, max(y) AS hi FROM grid GROUP BY k",3.73,,,49.1,,30,,"yes",0.000e0,,,"LEFT AggregateExec (input rows 1000000 (exact) vs min_rows 250000; minmax_f64 over 1 i32 key (memory input): the measured table takes it at no group count and size (results/datafusion_groupby_sweep_2026-10-01.csv)) | LEFT AggregateExec (Partial aggregate whose Final was not replaced)",,0,0.00,0.00,0.00,0.00,0.00,0,631988,2.96,2.96,100,0,,,,,,,3.92,50.1,4.31,"yes",0,0,0,0.0000,0.00,0.00,"LEFT AggregateExec (input rows 1000000 (exact) vs min_rows 250000; minmax_f64 over 1 i32 key (memory input): the measured table takes it at no group count and size (results/datafusion_groupby_sweep_2026-10-01.csv)) | LEFT AggregateExec (Partial aggregate whose Final was not replaced)",3.81,2026-10-02 00:59:33,2026-10-02 00:59:36,2026-09-29 00:37:52,30,4.21,4.19,,,alternate,false,,,,,,,,0,,,,,,,,def,all
1000000,part1,gsweep,avg_f64_2i32_1M,"avg_f64, 2 i32 key(s), 1M groups in the key domain","SELECT k1, k2, avg(x) AS m FROM grid GROUP BY k1, k2",4.30,,,56.9,,30,,"yes",2.220e-16,,,"LEFT AggregateExec (input rows 1000000 (exact) vs min_rows 250000; sum_avg_f64 over 2+ i32 keys (memory input): the measured table takes it at no group count and size (results/datafusion_groupby_sweep_2026-10-01.csv)) | LEFT AggregateExec (Partial aggregate whose Final was not replaced)",,0,0.00,0.00,0.00,0.00,0.00,0,632071,2.96,2.96,100,0,,,,,,,4.34,54.9,4.92,"yes",0,0,0,0.0000,0.00,0.00,"LEFT AggregateExec (input rows 1000000 (exact) vs min_rows 250000; sum_avg_f64 over 2+ i32 keys (memory input): the measured table takes it at no group count and size (results/datafusion_groupby_sweep_2026-10-01.csv)) | LEFT AggregateExec (Partial aggregate whose Final was not replaced)",4.50,2026-10-02 00:59:33,2026-10-02 00:59:36,2026-09-29 00:37:52,30,4.64,4.69,,,alternate,false,,,,,,,,0,,,,,,,,def,all
1000000,part1,gsweep,minmax_int_2i32_1M,"minmax_int, 2 i32 key(s), 1M groups in the key domain","SELECT k1, k2, min(q) AS lo, max(q) AS hi FROM grid GROUP BY k1, k2",4.67,,,60.2,,30,,"yes",0.000e0,,,"LEFT AggregateExec (input rows 1000000 (exact) vs min_rows 250000; minmax_int over 2+ i32 keys (memory input): the measured table takes no group count at 1M rows (the first take is at 50M rows; results/datafusion_groupby_sweep_2026-10-01.csv)) | LEFT AggregateExec (Partial aggregate whose Final was not replaced)",,0,0.00,0.00,0.00,0.00,0.00,0,632071,2.96,2.96,100,0,,,,,,,4.65,59.6,4.98,"yes",0,0,0,0.0000,0.00,0.00,"LEFT AggregateExec (input rows 1000000 (exact) vs min_rows 250000; minmax_int over 2+ i32 keys (memory input): the measured table takes no group count at 1M rows (the first take is at 50M rows; results/datafusion_groupby_sweep_2026-10-01.csv)) | LEFT AggregateExec (Partial aggregate whose Final was not replaced)",4.82,2026-10-02 00:59:33,2026-10-02 00:59:36,2026-09-29 00:37:52,30,5.03,5.03,,,alternate,false,,,,,,,,0,,,,,,,,def,all
1000000,part1,gsweep,avg_f64_2i64_1M,"avg_f64, 2 i64 key(s), 1M groups in the key domain","SELECT kl1, kl2, avg(x) AS m FROM grid GROUP BY kl1, kl2",4.67,,,58.5,,30,,"yes",2.220e-16,,,"LEFT AggregateExec (input rows 1000000 (exact) vs min_rows 250000; sum_avg_f64 over 2+ i64 keys (memory input): the measured table takes it at no group count and size (results/datafusion_groupby_sweep_2026-10-01.csv)) | LEFT AggregateExec (Partial aggregate whose Final was not replaced)",,0,0.00,0.00,0.00,0.00,0.00,0,632071,2.96,2.96,100,0,,,,,,,4.68,59.4,4.83,"yes",0,0,0,0.0000,0.00,0.00,"LEFT AggregateExec (input rows 1000000 (exact) vs min_rows 250000; sum_avg_f64 over 2+ i64 keys (memory input): the measured table takes it at no group count and size (results/datafusion_groupby_sweep_2026-10-01.csv)) | LEFT AggregateExec (Partial aggregate whose Final was not replaced)",4.96,2026-10-02 00:59:33,2026-10-02 00:59:36,2026-09-29 00:37:52,30,5.00,4.98,,,alternate,false,,,,,,,,0,,,,,,,,def,all
1000000,part1,gsweep,minmax_f64_2i64_1M,"minmax_f64, 2 i64 key(s), 1M groups in the key domain","SELECT kl1, kl2, min(x) AS lo, max(x) AS hi FROM grid GROUP BY kl1, kl2",5.01,,,62.6,,30,,"yes",0.000e0,,,"LEFT AggregateExec (input rows 1000000 (exact) vs min_rows 250000; minmax_f64 over 2+ i64 keys (memory input): the measured table takes it at no group count and size (results/datafusion_groupby_sweep_2026-10-01.csv)) | LEFT AggregateExec (Partial aggregate whose Final was not replaced)",,0,0.00,0.00,0.00,0.00,0.00,0,632071,2.96,2.96,100,0,,,,,,,4.93,64.0,5.84,"yes",0,0,0,0.0000,0.00,0.00,"LEFT AggregateExec (input rows 1000000 (exact) vs min_rows 250000; minmax_f64 over 2+ i64 keys (memory input): the measured table takes it at no group count and size (results/datafusion_groupby_sweep_2026-10-01.csv)) | LEFT AggregateExec (Partial aggregate whose Final was not replaced)",5.29,2026-10-02 00:59:33,2026-10-02 00:59:36,2026-09-29 00:37:52,30,5.34,5.31,,,alternate,false,,,,,,,,0,,,,,,,,def,all
1000000,part1,gsweep,minmax_f64_1i32_R2,"minmax_f64, 1 i32 key(s), R2 groups in the key domain","SELECT k, min(x) AS lo, max(x) AS hi FROM grid GROUP BY k",4.02,,,50.4,,30,,"yes",0.000e0,,,"LEFT AggregateExec (input rows 1000000 (exact) vs min_rows 250000; minmax_f64 over 1 i32 key (memory input): the measured table takes it at no group count and size (results/datafusion_groupby_sweep_2026-10-01.csv)) | LEFT AggregateExec (Partial aggregate whose Final was not replaced)",,0,0.00,0.00,0.00,0.00,0.00,0,432472,3.12,4.47,100,0,,,,,,,3.84,50.4,4.42,"yes",0,0,0,0.0000,0.00,0.00,"LEFT AggregateExec (input rows 1000000 (exact) vs min_rows 250000; minmax_f64 over 1 i32 key (memory input): the measured table takes it at no group count and size (results/datafusion_groupby_sweep_2026-10-01.csv)) | LEFT AggregateExec (Partial aggregate whose Final was not replaced)",5.23,2026-10-02 00:59:41,2026-10-02 00:59:44,2026-09-29 00:37:52,30,4.35,4.26,,,alternate,false,,,,,,,,0,,,,,,,,def,all
1000000,part1,gsweep,minmax_f64_2i32_R2,"minmax_f64, 2 i32 key(s), R2 groups in the key domain","SELECT k1, k2, min(x) AS lo, max(x) AS hi FROM grid GROUP BY k1, k2",4.71,,,58.6,,30,,"yes",0.000e0,,,"LEFT AggregateExec (input rows 1000000 (exact) vs min_rows 250000; minmax_f64 over 2+ i32 keys (memory input): the measured table takes it at no group count and size (results/datafusion_groupby_sweep_2026-10-01.csv)) | LEFT AggregateExec (Partial aggregate whose Final was not replaced)",,0,0.00,0.00,0.00,0.00,0.00,0,432084,3.12,4.47,100,0,,,,,,,4.64,60.1,4.97,"yes",0,0,0,0.0000,0.00,0.00,"LEFT AggregateExec (input rows 1000000 (exact) vs min_rows 250000; minmax_f64 over 2+ i32 keys (memory input): the measured table takes it at no group count and size (results/datafusion_groupby_sweep_2026-10-01.csv)) | LEFT AggregateExec (Partial aggregate whose Final was not replaced)",4.69,2026-10-02 00:59:41,2026-10-02 00:59:44,2026-09-29 00:37:52,30,4.93,4.93,,,alternate,false,,,,,,,,0,,,,,,,,def,all
1000000,part1,gsweep,minmax_int_2i32_R2,"minmax_int, 2 i32 key(s), R2 groups in the key domain","SELECT k1, k2, min(q) AS lo, max(q) AS hi FROM grid GROUP BY k1, k2",4.50,,,58.7,,30,,"yes",0.000e0,,,"LEFT AggregateExec (input rows 1000000 (exact) vs min_rows 250000; minmax_int over 2+ i32 keys (memory input): the measured table takes no group count at 1M rows (the first take is at 50M rows; results/datafusion_groupby_sweep_2026-10-01.csv)) | LEFT AggregateExec (Partial aggregate whose Final was not replaced)",,0,0.00,0.00,0.00,0.00,0.00,0,432084,3.12,4.47,100,0,,,,,,,4.42,57.4,4.71,"yes",0,0,0,0.0000,0.00,0.00,"LEFT AggregateExec (input rows 1000000 (exact) vs min_rows 250000; minmax_int over 2+ i32 keys (memory input): the measured table takes no group count at 1M rows (the first take is at 50M rows; results/datafusion_groupby_sweep_2026-10-01.csv)) | LEFT AggregateExec (Partial aggregate whose Final was not replaced)",4.82,2026-10-02 00:59:41,2026-10-02 00:59:44,2026-09-29 00:37:52,30,4.85,4.92,,,alternate,false,,,,,,,,0,,,,,,,,def,all
1000000,part1,gsweep,minmax_f32_1i64_R2,"minmax_f32, 1 i64 key(s), R2 groups in the key domain","SELECT kl, min(y) AS lo, max(y) AS hi FROM grid GROUP BY kl",3.86,,,49.5,,30,,"yes",0.000e0,,,"LEFT AggregateExec (input rows 1000000 (exact) vs min_rows 250000; minmax_f64 over 1 i64 key (memory input): the measured table takes it at no group count and size (results/datafusion_groupby_sweep_2026-10-01.csv)) | LEFT AggregateExec (Partial aggregate whose Final was not replaced)",,0,0.00,0.00,0.00,0.00,0.00,0,432472,3.12,4.47,100,0,,,,,,,3.95,49.2,4.12,"yes",0,0,0,0.0000,0.00,0.00,"LEFT AggregateExec (input rows 1000000 (exact) vs min_rows 250000; minmax_f64 over 1 i64 key (memory input): the measured table takes it at no group count and size (results/datafusion_groupby_sweep_2026-10-01.csv)) | LEFT AggregateExec (Partial aggregate whose Final was not replaced)",4.32,2026-10-02 00:59:41,2026-10-02 00:59:44,2026-09-29 00:37:52,30,4.13,4.17,,,alternate,false,,,,,,,,0,,,,,,,,def,all
1000000,part1,gsweep,sum_int_1i64_R2,"sum_int, 1 i64 key(s), R2 groups in the key domain","SELECT kl, sum(q) AS s FROM grid GROUP BY kl",3.40,,,42.4,,30,,"yes",0.000e0,,,"LEFT AggregateExec (input rows 1000000 (exact) vs min_rows 250000; sum_avg_int over 1 i64 key (memory input): the measured table takes it at no group count and size (results/datafusion_groupby_sweep_2026-10-01.csv)) | LEFT AggregateExec (Partial aggregate whose Final was not replaced)",,0,0.00,0.00,0.00,0.00,0.00,0,432472,3.12,4.47,100,0,,,,,,,3.48,43.9,3.54,"yes",0,0,0,0.0000,0.00,0.00,"LEFT AggregateExec (input rows 1000000 (exact) vs min_rows 250000; sum_avg_int over 1 i64 key (memory input): the measured table takes it at no group count and size (results/datafusion_groupby_sweep_2026-10-01.csv)) | LEFT AggregateExec (Partial aggregate whose Final was not replaced)",3.60,2026-10-02 00:59:41,2026-10-02 00:59:44,2026-09-29 00:37:52,30,3.60,3.67,,,alternate,false,,,,,,,,0,,,,,,,,def,all
1000000,part1,gsweep,minmax_int_1i64_R2,"minmax_int, 1 i64 key(s), R2 groups in the key domain","SELECT kl, min(q) AS lo, max(q) AS hi FROM grid GROUP BY kl",4.02,,,51.5,,30,,"yes",0.000e0,,,"LEFT AggregateExec (input rows 1000000 (exact) vs min_rows 250000; minmax_int over 1 i64 key (memory input): the measured table takes no group count at 1M rows (the first take is at 50M rows; results/datafusion_groupby_sweep_2026-10-01.csv)) | LEFT AggregateExec (Partial aggregate whose Final was not replaced)",,0,0.00,0.00,0.00,0.00,0.00,0,432472,3.12,4.47,100,0,,,,,,,4.01,50.4,4.21,"yes",0,0,0,0.0000,0.00,0.00,"LEFT AggregateExec (input rows 1000000 (exact) vs min_rows 250000; minmax_int over 1 i64 key (memory input): the measured table takes no group count at 1M rows (the first take is at 50M rows; results/datafusion_groupby_sweep_2026-10-01.csv)) | LEFT AggregateExec (Partial aggregate whose Final was not replaced)",4.36,2026-10-02 00:59:41,2026-10-02 00:59:44,2026-09-29 00:37:52,30,4.36,4.42,,,alternate,false,,,,,,,,0,,,,,,,,def,all
1000000,part1,gsweep,avg_f64_2i64_R2,"avg_f64, 2 i64 key(s), R2 groups in the key domain","SELECT kl1, kl2, avg(x) AS m FROM grid GROUP BY kl1, kl2",4.37,,,57.0,,30,,"yes",2.220e-16,,,"LEFT AggregateExec (input rows 1000000 (exact) vs min_rows 250000; sum_avg_f64 over 2+ i64 keys (memory input): the measured table takes it at no group count and size (results/datafusion_groupby_sweep_2026-10-01.csv)) | LEFT AggregateExec (Partial aggregate whose Final was not replaced)",,0,0.00,0.00,0.00,0.00,0.00,0,432084,3.12,4.47,100,0,,,,,,,4.46,54.6,4.78,"yes",0,0,0,0.0000,0.00,0.00,"LEFT AggregateExec (input rows 1000000 (exact) vs min_rows 250000; sum_avg_f64 over 2+ i64 keys (memory input): the measured table takes it at no group count and size (results/datafusion_groupby_sweep_2026-10-01.csv)) | LEFT AggregateExec (Partial aggregate whose Final was not replaced)",4.35,2026-10-02 00:59:41,2026-10-02 00:59:44,2026-09-29 00:37:52,30,4.62,4.77,,,alternate,false,,,,,,,,0,,,,,,,,def,all
2000000,b8192,gsweep,avg_f64_2i32_200,"avg_f64, 2 i32 key(s), 200 groups in the key domain","SELECT k1, k2, avg(x) AS m FROM grid GROUP BY k1, k2",2.08,,,20.4,,30,,"yes",2.220e-16,,,"LEFT AggregateExec (input rows 2000000 (exact) vs min_rows 250000; sum_avg_f64 over 2+ i32 keys (memory input): the measured table takes it at no group count and size (results/datafusion_groupby_sweep_2026-10-01.csv)) | LEFT AggregateExec (Partial aggregate whose Final was not replaced)",,0,0.00,0.00,0.00,0.00,0.00,0,200,3.17,3.17,100,0,,,,,,,2.14,20.1,2.36,"yes",0,0,0,0.0000,0.00,0.00,"LEFT AggregateExec (input rows 2000000 (exact) vs min_rows 250000; sum_avg_f64 over 2+ i32 keys (memory input): the measured table takes it at no group count and size (results/datafusion_groupby_sweep_2026-10-01.csv)) | LEFT AggregateExec (Partial aggregate whose Final was not replaced)",3.52,2026-10-02 01:12:33,2026-10-02 01:12:35,2026-09-29 00:37:52,30,2.29,2.29,,,alternate,false,,,,,,,,0,,,,,,,,def,all
2000000,b8192,gsweep,avg_int_2i32_200,"avg_int, 2 i32 key(s), 200 groups in the key domain","SELECT k1, k2, avg(q) AS m FROM grid GROUP BY k1, k2",2.17,,,21.4,,30,,"yes",0.000e0,,,"LEFT AggregateExec (input rows 2000000 (exact) vs min_rows 250000; sum_avg_int over 2+ i32 keys (memory input): the measured table takes it at no group count and size (results/datafusion_groupby_sweep_2026-10-01.csv)) | LEFT AggregateExec (Partial aggregate whose Final was not replaced)",,0,0.00,0.00,0.00,0.00,0.00,0,200,3.17,3.17,100,0,,,,,,,2.21,21.6,2.69,"yes",0,0,0,0.0000,0.00,0.00,"LEFT AggregateExec (input rows 2000000 (exact) vs min_rows 250000; sum_avg_int over 2+ i32 keys (memory input): the measured table takes it at no group count and size (results/datafusion_groupby_sweep_2026-10-01.csv)) | LEFT AggregateExec (Partial aggregate whose Final was not replaced)",2.75,2026-10-02 01:12:33,2026-10-02 01:12:35,2026-09-29 00:37:52,30,2.34,2.47,,,alternate,false,,,,,,,,0,,,,,,,,def,all
2000000,b8192,gsweep,minmax_int_2i32_200,"minmax_int, 2 i32 key(s), 200 groups in the key domain","SELECT k1, k2, min(q) AS lo, max(q) AS hi FROM grid GROUP BY k1, k2",2.13,,,20.7,,30,,"yes",0.000e0,,,"LEFT AggregateExec (input rows 2000000 (exact) vs min_rows 250000; minmax_int over 2+ i32 keys (memory input): the measured table takes no group count at 2M rows (the first take is at 50M rows; results/datafusion_groupby_sweep_2026-10-01.csv)) | LEFT AggregateExec (Partial aggregate whose Final was not replaced)",,0,0.00,0.00,0.00,0.00,0.00,0,200,3.17,3.17,100,0,,,,,,,2.18,20.7,2.66,"yes",0,0,0,0.0000,0.00,0.00,"LEFT AggregateExec (input rows 2000000 (exact) vs min_rows 250000; minmax_int over 2+ i32 keys (memory input): the measured table takes no group count at 2M rows (the first take is at 50M rows; results/datafusion_groupby_sweep_2026-10-01.csv)) | LEFT AggregateExec (Partial aggregate whose Final was not replaced)",2.41,2026-10-02 01:12:33,2026-10-02 01:12:35,2026-09-29 00:37:52,30,2.37,2.39,,,alternate,false,,,,,,,,0,,,,,,,,def,all
2000000,b8192,gsweep,minmax_f64_2i64_200,"minmax_f64, 2 i64 key(s), 200 groups in the key domain","SELECT kl1, kl2, min(x) AS lo, max(x) AS hi FROM grid GROUP BY kl1, kl2",2.24,,,21.1,,30,,"yes",0.000e0,,,"LEFT AggregateExec (input rows 2000000 (exact) vs min_rows 250000; minmax_f64 over 2+ i64 keys (memory input): the measured table takes it at no group count and size (results/datafusion_groupby_sweep_2026-10-01.csv)) | LEFT AggregateExec (Partial aggregate whose Final was not replaced)",,0,0.00,0.00,0.00,0.00,0.00,0,200,3.17,3.17,100,0,,,,,,,2.17,21.4,2.29,"yes",0,0,0,0.0000,0.00,0.00,"LEFT AggregateExec (input rows 2000000 (exact) vs min_rows 250000; minmax_f64 over 2+ i64 keys (memory input): the measured table takes it at no group count and size (results/datafusion_groupby_sweep_2026-10-01.csv)) | LEFT AggregateExec (Partial aggregate whose Final was not replaced)",2.89,2026-10-02 01:12:33,2026-10-02 01:12:35,2026-09-29 00:37:52,30,2.48,2.53,,,alternate,false,,,,,,,,0,,,,,,,,def,all
2000000,b8192,gsweep,sum_int_2i64_200,"sum_int, 2 i64 key(s), 200 groups in the key domain","SELECT kl1, kl2, sum(q) AS s FROM grid GROUP BY kl1, kl2",2.06,,,19.9,,30,,"yes",0.000e0,,,"LEFT AggregateExec (input rows 2000000 (exact) vs min_rows 250000; sum_avg_int over 2+ i64 keys (memory input): the measured table takes it at no group count and size (results/datafusion_groupby_sweep_2026-10-01.csv)) | LEFT AggregateExec (Partial aggregate whose Final was not replaced)",,0,0.00,0.00,0.00,0.00,0.00,0,200,3.17,3.17,100,0,,,,,,,2.07,20.1,2.60,"yes",0,0,0,0.0000,0.00,0.00,"LEFT AggregateExec (input rows 2000000 (exact) vs min_rows 250000; sum_avg_int over 2+ i64 keys (memory input): the measured table takes it at no group count and size (results/datafusion_groupby_sweep_2026-10-01.csv)) | LEFT AggregateExec (Partial aggregate whose Final was not replaced)",2.48,2026-10-02 01:12:33,2026-10-02 01:12:35,2026-09-29 00:37:52,30,2.32,2.28,,,alternate,false,,,,,,,,0,,,,,,,,def,all
2000000,b8192,gsweep,sum_f64_1i32_10k,"sum_f64, 1 i32 key(s), 10k groups in the key domain","SELECT k, sum(x) AS s FROM grid GROUP BY k",1.55,,,14.2,,30,,"yes",7.005e-16,,,"LEFT AggregateExec (input rows 2000000 (exact) vs min_rows 250000; sum_avg_f64 over 1 i32 key (memory input): the measured table takes it at no group count and size (results/datafusion_groupby_sweep_2026-10-01.csv)) | LEFT AggregateExec (Partial aggregate whose Final was not replaced)",,0,0.00,0.00,0.00,0.00,0.00,0,10000,3.23,3.23,100,0,,,,,,,1.54,14.5,1.88,"yes",0,0,0,0.0000,0.00,0.00,"LEFT AggregateExec (input rows 2000000 (exact) vs min_rows 250000; sum_avg_f64 over 1 i32 key (memory input): the measured table takes it at no group count and size (results/datafusion_groupby_sweep_2026-10-01.csv)) | LEFT AggregateExec (Partial aggregate whose Final was not replaced)",2.33,2026-10-02 01:12:39,2026-10-02 01:12:42,2026-09-29 00:37:52,30,1.64,1.69,,,alternate,false,,,,,,,,0,,,,,,,,def,all
2000000,b8192,gsweep,count_2i32_10k,"count, 2 i32 key(s), 10k groups in the key domain","SELECT k1, k2, count(*) AS n FROM grid GROUP BY k1, k2",2.60,,,26.7,,30,,"yes",0.000e0,,,"LEFT AggregateExec (input rows 2000000 (exact) vs min_rows 250000; count over 2+ i32 keys (memory input): the measured table takes no group count at 2M rows (the first take is at 50M rows; results/datafusion_groupby_sweep_2026-10-01.csv)) | LEFT AggregateExec (Partial aggregate whose Final was not replaced)",,0,0.00,0.00,0.00,0.00,0.00,0,10000,3.23,3.23,100,0,,,,,,,2.54,26.7,2.84,"yes",0,0,0,0.0000,0.00,0.00,"LEFT AggregateExec (input rows 2000000 (exact) vs min_rows 250000; count over 2+ i32 keys (memory input): the measured table takes no group count at 2M rows (the first take is at 50M rows; results/datafusion_groupby_sweep_2026-10-01.csv)) | LEFT AggregateExec (Partial aggregate whose Final was not replaced)",2.66,2026-10-02 01:12:39,2026-10-02 01:12:42,2026-09-29 00:37:52,30,2.77,2.79,,,alternate,false,,,,,,,,0,,,,,,,,def,all
2000000,b8192,gsweep,minmax_f64_2i32_10k,"minmax_f64, 2 i32 key(s), 10k groups in the key domain","SELECT k1, k2, min(x) AS lo, max(x) AS hi FROM grid GROUP BY k1, k2",3.33,,,35.5,,30,,"yes",0.000e0,,,"LEFT AggregateExec (input rows 2000000 (exact) vs min_rows 250000; minmax_f64 over 2+ i32 keys (memory input): the measured table takes it at no group count and size (results/datafusion_groupby_sweep_2026-10-01.csv)) | LEFT AggregateExec (Partial aggregate whose Final was not replaced)",,0,0.00,0.00,0.00,0.00,0.00,0,10000,3.23,3.23,100,0,,,,,,,3.33,35.1,3.77,"yes",0,0,0,0.0000,0.00,0.00,"LEFT AggregateExec (input rows 2000000 (exact) vs min_rows 250000; minmax_f64 over 2+ i32 keys (memory input): the measured table takes it at no group count and size (results/datafusion_groupby_sweep_2026-10-01.csv)) | LEFT AggregateExec (Partial aggregate whose Final was not replaced)",3.33,2026-10-02 01:12:39,2026-10-02 01:12:42,2026-09-29 00:37:52,30,3.60,3.54,,,alternate,false,,,,,,,,0,,,,,,,,def,all
2000000,b8192,gsweep,minmax_f32_2i32_10k,"minmax_f32, 2 i32 key(s), 10k groups in the key domain","SELECT k1, k2, min(y) AS lo, max(y) AS hi FROM grid GROUP BY k1, k2",3.21,,,34.4,,30,,"yes",0.000e0,,,"LEFT AggregateExec (input rows 2000000 (exact) vs min_rows 250000; minmax_f64 over 2+ i32 keys (memory input): the measured table takes it at no group count and size (results/datafusion_groupby_sweep_2026-10-01.csv)) | LEFT AggregateExec (Partial aggregate whose Final was not replaced)",,0,0.00,0.00,0.00,0.00,0.00,0,10000,3.23,3.23,100,0,,,,,,,3.26,35.0,3.69,"yes",0,0,0,0.0000,0.00,0.00,"LEFT AggregateExec (input rows 2000000 (exact) vs min_rows 250000; minmax_f64 over 2+ i32 keys (memory input): the measured table takes it at no group count and size (results/datafusion_groupby_sweep_2026-10-01.csv)) | LEFT AggregateExec (Partial aggregate whose Final was not replaced)",3.18,2026-10-02 01:12:39,2026-10-02 01:12:42,2026-09-29 00:37:52,30,3.51,3.57,,,alternate,false,,,,,,,,0,,,,,,,,def,all
2000000,b8192,gsweep,sum_int_2i32_10k,"sum_int, 2 i32 key(s), 10k groups in the key domain","SELECT k1, k2, sum(q) AS s FROM grid GROUP BY k1, k2",2.61,,,26.4,,30,,"yes",0.000e0,,,"LEFT AggregateExec (input rows 2000000 (exact) vs min_rows 250000; sum_avg_int over 2+ i32 keys (memory input): the measured table takes it at no group count and size (results/datafusion_groupby_sweep_2026-10-01.csv)) | LEFT AggregateExec (Partial aggregate whose Final was not replaced)",,0,0.00,0.00,0.00,0.00,0.00,0,10000,3.23,3.23,100,0,,,,,,,2.63,26.4,3.00,"yes",0,0,0,0.0000,0.00,0.00,"LEFT AggregateExec (input rows 2000000 (exact) vs min_rows 250000; sum_avg_int over 2+ i32 keys (memory input): the measured table takes it at no group count and size (results/datafusion_groupby_sweep_2026-10-01.csv)) | LEFT AggregateExec (Partial aggregate whose Final was not replaced)",2.55,2026-10-02 01:12:39,2026-10-02 01:12:42,2026-09-29 00:37:52,30,2.74,2.76,,,alternate,false,,,,,,,,0,,,,,,,,def,all
2000000,b8192,gsweep,avg_f64_2i64_10k,"avg_f64, 2 i64 key(s), 10k groups in the key domain","SELECT kl1, kl2, avg(x) AS m FROM grid GROUP BY kl1, kl2",2.85,,,28.6,,30,,"yes",3.331e-16,,,"LEFT AggregateExec (input rows 2000000 (exact) vs min_rows 250000; sum_avg_f64 over 2+ i64 keys (memory input): the measured table takes it at no group count and size (results/datafusion_groupby_sweep_2026-10-01.csv)) | LEFT AggregateExec (Partial aggregate whose Final was not replaced)",,0,0.00,0.00,0.00,0.00,0.00,0,10000,3.23,3.23,100,0,,,,,,,2.82,29.4,2.99,"yes",0,0,0,0.0000,0.00,0.00,"LEFT AggregateExec (input rows 2000000 (exact) vs min_rows 250000; sum_avg_f64 over 2+ i64 keys (memory input): the measured table takes it at no group count and size (results/datafusion_groupby_sweep_2026-10-01.csv)) | LEFT AggregateExec (Partial aggregate whose Final was not replaced)",3.17,2026-10-02 01:12:39,2026-10-02 01:12:42,2026-09-29 00:37:52,30,2.97,3.02,,,alternate,false,,,,,,,,0,,,,,,,,def,all
2000000,b8192,gsweep,minmax_f32_2i64_10k,"minmax_f32, 2 i64 key(s), 10k groups in the key domain","SELECT kl1, kl2, min(y) AS lo, max(y) AS hi FROM grid GROUP BY kl1, kl2",3.31,,,34.6,,30,,"yes",0.000e0,,,"LEFT AggregateExec (input rows 2000000 (exact) vs min_rows 250000; minmax_f64 over 2+ i64 keys (memory input): the measured table takes it at no group count and size (results/datafusion_groupby_sweep_2026-10-01.csv)) | LEFT AggregateExec (Partial aggregate whose Final was not replaced)",,0,0.00,0.00,0.00,0.00,0.00,0,10000,3.23,3.23,100,0,,,,,,,3.27,34.6,3.71,"yes",0,0,0,0.0000,0.00,0.00,"LEFT AggregateExec (input rows 2000000 (exact) vs min_rows 250000; minmax_f64 over 2+ i64 keys (memory input): the measured table takes it at no group count and size (results/datafusion_groupby_sweep_2026-10-01.csv)) | LEFT AggregateExec (Partial aggregate whose Final was not replaced)",3.27,2026-10-02 01:12:39,2026-10-02 01:12:42,2026-09-29 00:37:52,30,3.51,3.59,,,alternate,false,,,,,,,,0,,,,,,,,def,all
2000000,b8192,gsweep,sum_f64_1i32_100k,"sum_f64, 1 i32 key(s), 100k groups in the key domain","SELECT k, sum(x) AS s FROM grid GROUP BY k",4.13,,,50.5,,30,,"yes",6.383e-16,,,"LEFT AggregateExec (input rows 2000000 (exact) vs min_rows 250000; sum_avg_f64 over 1 i32 key (memory input): the measured table takes it at no group count and size (results/datafusion_groupby_sweep_2026-10-01.csv)) | LEFT AggregateExec (Partial aggregate whose Final was not replaced)",,0,0.00,0.00,0.00,0.00,0.00,0,100000,3.21,3.60,100,0,,,,,,,4.11,49.0,5.07,"yes",0,0,0,0.0000,0.00,0.00,"LEFT AggregateExec (input rows 2000000 (exact) vs min_rows 250000; sum_avg_f64 over 1 i32 key (memory input): the measured table takes it at no group count and size (results/datafusion_groupby_sweep_2026-10-01.csv)) | LEFT AggregateExec (Partial aggregate whose Final was not replaced)",4.64,2026-10-02 01:12:47,2026-10-02 01:12:52,2026-09-29 00:37:52,30,4.83,4.55,,,alternate,false,,,,,,,,0,,,,,,,,def,all
2000000,b8192,gsweep,minmax_f64_1i32_100k,"minmax_f64, 1 i32 key(s), 100k groups in the key domain","SELECT k, min(x) AS lo, max(x) AS hi FROM grid GROUP BY k",5.20,,,68.6,,30,,"yes",0.000e0,,,"LEFT AggregateExec (input rows 2000000 (exact) vs min_rows 250000; minmax_f64 over 1 i32 key (memory input): the measured table takes it at no group count and size (results/datafusion_groupby_sweep_2026-10-01.csv)) | LEFT AggregateExec (Partial aggregate whose Final was not replaced)",,0,0.00,0.00,0.00,0.00,0.00,0,100000,3.21,3.60,100,0,,,,,,,5.21,69.6,5.52,"yes",0,0,0,0.0000,0.00,0.00,"LEFT AggregateExec (input rows 2000000 (exact) vs min_rows 250000; minmax_f64 over 1 i32 key (memory input): the measured table takes it at no group count and size (results/datafusion_groupby_sweep_2026-10-01.csv)) | LEFT AggregateExec (Partial aggregate whose Final was not replaced)",6.09,2026-10-02 01:12:47,2026-10-02 01:12:52,2026-09-29 00:37:52,30,5.93,6.00,,,alternate,false,,,,,,,,0,,,,,,,,def,all
2000000,b8192,gsweep,minmax_f32_1i32_100k,"minmax_f32, 1 i32 key(s), 100k groups in the key domain","SELECT k, min(y) AS lo, max(y) AS hi FROM grid GROUP BY k",5.05,,,64.0,,30,,"yes",0.000e0,,,"LEFT AggregateExec (input rows 2000000 (exact) vs min_rows 250000; minmax_f64 over 1 i32 key (memory input): the measured table takes it at no group count and size (results/datafusion_groupby_sweep_2026-10-01.csv)) | LEFT AggregateExec (Partial aggregate whose Final was not replaced)",,0,0.00,0.00,0.00,0.00,0.00,0,100000,3.21,3.60,100,0,,,,,,,5.34,64.0,6.13,"yes",0,0,0,0.0000,0.00,0.00,"LEFT AggregateExec (input rows 2000000 (exact) vs min_rows 250000; minmax_f64 over 1 i32 key (memory input): the measured table takes it at no group count and size (results/datafusion_groupby_sweep_2026-10-01.csv)) | LEFT AggregateExec (Partial aggregate whose Final was not replaced)",4.83,2026-10-02 01:12:47,2026-10-02 01:12:52,2026-09-29 00:37:52,30,5.76,5.89,,,alternate,false,,,,,,,,0,,,,,,,,def,all
2000000,b8192,gsweep,minmax_f32_2i32_100k,"minmax_f32, 2 i32 key(s), 100k groups in the key domain","SELECT k1, k2, min(y) AS lo, max(y) AS hi FROM grid GROUP BY k1, k2",5.81,,,78.0,,30,,"yes",0.000e0,,,"LEFT AggregateExec (input rows 2000000 (exact) vs min_rows 250000; minmax_f64 over 2+ i32 keys (memory input): the measured table takes it at no group count and size (results/datafusion_groupby_sweep_2026-10-01.csv)) | LEFT AggregateExec (Partial aggregate whose Final was not replaced)",,0,0.00,0.00,0.00,0.00,0.00,0,100000,3.21,3.60,100,0,,,,,,,5.95,76.1,6.26,"yes",0,0,0,0.0000,0.00,0.00,"LEFT AggregateExec (input rows 2000000 (exact) vs min_rows 250000; minmax_f64 over 2+ i32 keys (memory input): the measured table takes it at no group count and size (results/datafusion_groupby_sweep_2026-10-01.csv)) | LEFT AggregateExec (Partial aggregate whose Final was not replaced)",6.42,2026-10-02 01:12:47,2026-10-02 01:12:52,2026-09-29 00:37:52,30,6.31,6.44,,,alternate,false,,,,,,,,0,,,,,,,,def,all
2000000,b8192,gsweep,count_1i64_100k,"count, 1 i64 key(s), 100k groups in the key domain","SELECT kl, count(*) AS n FROM grid GROUP BY kl",4.28,,,51.1,,30,,"yes",0.000e0,,,"LEFT AggregateExec (input rows 2000000 (exact) vs min_rows 250000; count over 1 i64 key (memory input): the measured table takes it at no group count and size (results/datafusion_groupby_sweep_2026-10-01.csv)) | LEFT AggregateExec (Partial aggregate whose Final was not replaced)",,0,0.00,0.00,0.00,0.00,0.00,0,100000,3.21,3.60,100,0,,,,,,,4.34,53.4,5.73,"yes",0,0,0,0.0000,0.00,0.00,"LEFT AggregateExec (input rows 2000000 (exact) vs min_rows 250000; count over 1 i64 key (memory input): the measured table takes it at no group count and size (results/datafusion_groupby_sweep_2026-10-01.csv)) | LEFT AggregateExec (Partial aggregate whose Final was not replaced)",4.66,2026-10-02 01:12:47,2026-10-02 01:12:52,2026-09-29 00:37:52,30,5.15,5.01,,,alternate,false,,,,,,,,0,,,,,,,,def,all
2000000,b8192,gsweep,minmax_f64_2i64_100k,"minmax_f64, 2 i64 key(s), 100k groups in the key domain","SELECT kl1, kl2, min(x) AS lo, max(x) AS hi FROM grid GROUP BY kl1, kl2",6.59,,,89.6,,30,,"yes",0.000e0,,,"LEFT AggregateExec (input rows 2000000 (exact) vs min_rows 250000; minmax_f64 over 2+ i64 keys (memory input): the measured table takes it at no group count and size (results/datafusion_groupby_sweep_2026-10-01.csv)) | LEFT AggregateExec (Partial aggregate whose Final was not replaced)",,0,0.00,0.00,0.00,0.00,0.00,0,100000,3.21,3.60,100,0,,,,,,,6.64,90.1,6.98,"yes",0,0,0,0.0000,0.00,0.00,"LEFT AggregateExec (input rows 2000000 (exact) vs min_rows 250000; minmax_f64 over 2+ i64 keys (memory input): the measured table takes it at no group count and size (results/datafusion_groupby_sweep_2026-10-01.csv)) | LEFT AggregateExec (Partial aggregate whose Final was not replaced)",6.60,2026-10-02 01:12:47,2026-10-02 01:12:52,2026-09-29 00:37:52,30,7.05,7.14,,,alternate,false,,,,,,,,0,,,,,,,,def,all
2000000,b8192,gsweep,minmax_f32_2i64_100k,"minmax_f32, 2 i64 key(s), 100k groups in the key domain","SELECT kl1, kl2, min(y) AS lo, max(y) AS hi FROM grid GROUP BY kl1, kl2",6.14,,,84.1,,30,,"yes",0.000e0,,,"LEFT AggregateExec (input rows 2000000 (exact) vs min_rows 250000; minmax_f64 over 2+ i64 keys (memory input): the measured table takes it at no group count and size (results/datafusion_groupby_sweep_2026-10-01.csv)) | LEFT AggregateExec (Partial aggregate whose Final was not replaced)",,0,0.00,0.00,0.00,0.00,0.00,0,100000,3.21,3.60,100,0,,,,,,,6.25,83.5,6.83,"yes",0,0,0,0.0000,0.00,0.00,"LEFT AggregateExec (input rows 2000000 (exact) vs min_rows 250000; minmax_f64 over 2+ i64 keys (memory input): the measured table takes it at no group count and size (results/datafusion_groupby_sweep_2026-10-01.csv)) | LEFT AggregateExec (Partial aggregate whose Final was not replaced)",7.09,2026-10-02 01:12:47,2026-10-02 01:12:52,2026-09-29 00:37:52,30,6.53,6.56,,,alternate,false,,,,,,,,0,,,,,,,,def,all
2000000,b8192,gsweep,avg_int_2i64_100k,"avg_int, 2 i64 key(s), 100k groups in the key domain","SELECT kl1, kl2, avg(q) AS m FROM grid GROUP BY kl1, kl2",5.87,,,78.3,,30,,"yes",0.000e0,,,"LEFT AggregateExec (input rows 2000000 (exact) vs min_rows 250000; sum_avg_int over 2+ i64 keys (memory input): the measured table takes it at no group count and size (results/datafusion_groupby_sweep_2026-10-01.csv)) | LEFT AggregateExec (Partial aggregate whose Final was not replaced)",,0,0.00,0.00,0.00,0.00,0.00,0,100000,3.21,3.60,100,0,,,,,,,5.93,76.3,6.45,"yes",0,0,0,0.0000,0.00,0.00,"LEFT AggregateExec (input rows 2000000 (exact) vs min_rows 250000; sum_avg_int over 2+ i64 keys (memory input): the measured table takes it at no group count and size (results/datafusion_groupby_sweep_2026-10-01.csv)) | LEFT AggregateExec (Partial aggregate whose Final was not replaced)",5.84,2026-10-02 01:12:47,2026-10-02 01:12:52,2026-09-29 00:37:52,30,6.18,6.17,,,alternate,false,,,,,,,,0,,,,,,,,def,all
2000000,b8192,gsweep,avg_f64_1i32_1M,"avg_f64, 1 i32 key(s), 1M groups in the key domain","SELECT k, avg(x) AS m FROM grid GROUP BY k",5.72,,,78.6,,30,,"yes",3.331e-16,,,"LEFT AggregateExec (input rows 2000000 (exact) vs min_rows 250000; sum_avg_f64 over 1 i32 key (memory input): the measured table takes it at no group count and size (results/datafusion_groupby_sweep_2026-10-01.csv)) | LEFT AggregateExec (Partial aggregate whose Final was not replaced)",,0,0.00,0.00,0.00,0.00,0.00,0,864909,3.47,4.79,100,0,,,,,,,5.80,77.1,6.39,"yes",0,0,0,0.0000,0.00,0.00,"LEFT AggregateExec (input rows 2000000 (exact) vs min_rows 250000; sum_avg_f64 over 1 i32 key (memory input): the measured table takes it at no group count and size (results/datafusion_groupby_sweep_2026-10-01.csv)) | LEFT AggregateExec (Partial aggregate whose Final was not replaced)",6.49,2026-10-02 01:12:56,2026-10-02 01:13:02,2026-09-29 00:37:52,30,6.22,6.29,,,alternate,false,,,,,,,,0,,,,,,,,def,all
2000000,b8192,gsweep,avg_int_1i32_1M,"avg_int, 1 i32 key(s), 1M groups in the key domain","SELECT k, avg(q) AS m FROM grid GROUP BY k",6.02,,,80.2,,30,,"yes",0.000e0,,,"LEFT AggregateExec (input rows 2000000 (exact) vs min_rows 250000; sum_avg_int over 1 i32 key (memory input): the measured table takes it at no group count and size (results/datafusion_groupby_sweep_2026-10-01.csv)) | LEFT AggregateExec (Partial aggregate whose Final was not replaced)",,0,0.00,0.00,0.00,0.00,0.00,0,864909,3.47,4.79,100,0,,,,,,,6.10,80.5,7.68,"yes",0,0,0,0.0000,0.00,0.00,"LEFT AggregateExec (input rows 2000000 (exact) vs min_rows 250000; sum_avg_int over 1 i32 key (memory input): the measured table takes it at no group count and size (results/datafusion_groupby_sweep_2026-10-01.csv)) | LEFT AggregateExec (Partial aggregate whose Final was not replaced)",6.22,2026-10-02 01:12:56,2026-10-02 01:13:02,2026-09-29 00:37:52,30,6.33,6.51,,,alternate,false,,,,,,,,0,,,,,,,,def,all
2000000,b8192,gsweep,distinct_1i32_1M,"distinct, 1 i32 key(s), 1M groups in the key domain","SELECT DISTINCT k FROM grid",4.36,,,60.5,,30,,"yes",0.000e0,,,"LEFT AggregateExec (input rows 2000000 (exact) vs min_rows 250000; distinct over 1 i32 key (memory input): the measured table takes it at no group count and size (results/datafusion_groupby_sweep_2026-10-01.csv)) | LEFT AggregateExec (Partial aggregate whose Final was not replaced)",,0,0.00,0.00,0.00,0.00,0.00,0,864909,3.47,4.79,100,0,,,,,,,4.52,59.7,4.79,"yes",0,0,0,0.0000,0.00,0.00,"LEFT AggregateExec (input rows 2000000 (exact) vs min_rows 250000; distinct over 1 i32 key (memory input): the measured table takes it at no group count and size (results/datafusion_groupby_sweep_2026-10-01.csv)) | LEFT AggregateExec (Partial aggregate whose Final was not replaced)",5.19,2026-10-02 01:12:56,2026-10-02 01:13:02,2026-09-29 00:37:52,30,4.94,4.91,,,alternate,false,,,,,,,,0,,,,,,,,def,all
2000000,b8192,gsweep,count_2i32_1M,"count, 2 i32 key(s), 1M groups in the key domain","SELECT k1, k2, count(*) AS n FROM grid GROUP BY k1, k2",6.13,,,83.0,,30,,"yes",0.000e0,,,"LEFT AggregateExec (input rows 2000000 (exact) vs min_rows 250000; count over 2+ i32 keys (memory input): the measured table takes no group count at 2M rows (the first take is at 50M rows; results/datafusion_groupby_sweep_2026-10-01.csv)) | LEFT AggregateExec (Partial aggregate whose Final was not replaced)",,0,0.00,0.00,0.00,0.00,0.00,0,864755,3.47,4.79,100,0,,,,,,,6.21,83.7,7.17,"yes",0,0,0,0.0000,0.00,0.00,"LEFT AggregateExec (input rows 2000000 (exact) vs min_rows 250000; count over 2+ i32 keys (memory input): the measured table takes no group count at 2M rows (the first take is at 50M rows; results/datafusion_groupby_sweep_2026-10-01.csv)) | LEFT AggregateExec (Partial aggregate whose Final was not replaced)",6.07,2026-10-02 01:12:56,2026-10-02 01:13:02,2026-09-29 00:37:52,30,6.58,6.60,,,alternate,false,,,,,,,,0,,,,,,,,def,all
2000000,b8192,gsweep,sum_f64_1i64_1M,"sum_f64, 1 i64 key(s), 1M groups in the key domain","SELECT kl, sum(x) AS s FROM grid GROUP BY kl",5.68,,,77.2,,30,,"yes",4.369e-16,,,"LEFT AggregateExec (input rows 2000000 (exact) vs min_rows 250000; sum_avg_f64 over 1 i64 key (memory input): the measured table takes it at no group count and size (results/datafusion_groupby_sweep_2026-10-01.csv)) | LEFT AggregateExec (Partial aggregate whose Final was not replaced)",,0,0.00,0.00,0.00,0.00,0.00,0,864909,3.47,4.79,100,0,,,,,,,5.78,75.6,6.15,"yes",0,0,0,0.0000,0.00,0.00,"LEFT AggregateExec (input rows 2000000 (exact) vs min_rows 250000; sum_avg_f64 over 1 i64 key (memory input): the measured table takes it at no group count and size (results/datafusion_groupby_sweep_2026-10-01.csv)) | LEFT AggregateExec (Partial aggregate whose Final was not replaced)",5.71,2026-10-02 01:12:56,2026-10-02 01:13:02,2026-09-29 00:37:52,30,6.02,6.23,,,alternate,false,,,,,,,,0,,,,,,,,def,all
2000000,b8192,gsweep,avg_f64_1i64_1M,"avg_f64, 1 i64 key(s), 1M groups in the key domain","SELECT kl, avg(x) AS m FROM grid GROUP BY kl",6.30,,,82.9,,30,,"yes",3.331e-16,,,"LEFT AggregateExec (input rows 2000000 (exact) vs min_rows 250000; sum_avg_f64 over 1 i64 key (memory input): the measured table takes it at no group count and size (results/datafusion_groupby_sweep_2026-10-01.csv)) | LEFT AggregateExec (Partial aggregate whose Final was not replaced)",,0,0.00,0.00,0.00,0.00,0.00,0,864909,3.47,4.79,100,0,,,,,,,6.19,83.7,6.73,"yes",0,0,0,0.0000,0.00,0.00,"LEFT AggregateExec (input rows 2000000 (exact) vs min_rows 250000; sum_avg_f64 over 1 i64 key (memory input): the measured table takes it at no group count and size (results/datafusion_groupby_sweep_2026-10-01.csv)) | LEFT AggregateExec (Partial aggregate whose Final was not replaced)",6.50,2026-10-02 01:12:56,2026-10-02 01:13:02,2026-09-29 00:37:52,30,6.72,6.91,,,alternate,false,,,,,,,,0,,,,,,,,def,all
2000000,b8192,gsweep,minmax_int_1i64_1M,"minmax_int, 1 i64 key(s), 1M groups in the key domain","SELECT kl, min(q) AS lo, max(q) AS hi FROM grid GROUP BY kl",6.94,,,90.4,,30,,"yes",0.000e0,,,"LEFT AggregateExec (input rows 2000000 (exact) vs min_rows 250000; minmax_int over 1 i64 key (memory input): the measured table takes no group count at 2M rows (the first take is at 50M rows; results/datafusion_groupby_sweep_2026-10-01.csv)) | LEFT AggregateExec (Partial aggregate whose Final was not replaced)",,0,0.00,0.00,0.00,0.00,0.00,0,864909,3.47,4.79,100,0,,,,,,,6.98,90.4,7.47,"yes",0,0,0,0.0000,0.00,0.00,"LEFT AggregateExec (input rows 2000000 (exact) vs min_rows 250000; minmax_int over 1 i64 key (memory input): the measured table takes no group count at 2M rows (the first take is at 50M rows; results/datafusion_groupby_sweep_2026-10-01.csv)) | LEFT AggregateExec (Partial aggregate whose Final was not replaced)",7.14,2026-10-02 01:12:56,2026-10-02 01:13:02,2026-09-29 00:37:52,30,7.38,7.38,,,alternate,false,,,,,,,,0,,,,,,,,def,all
2000000,b8192,gsweep,avg_f64_2i64_1M,"avg_f64, 2 i64 key(s), 1M groups in the key domain","SELECT kl1, kl2, avg(x) AS m FROM grid GROUP BY kl1, kl2",7.61,,,92.3,,30,,"yes",3.331e-16,,,"LEFT AggregateExec (input rows 2000000 (exact) vs min_rows 250000; sum_avg_f64 over 2+ i64 keys (memory input): the measured table takes it at no group count and size (results/datafusion_groupby_sweep_2026-10-01.csv)) | LEFT AggregateExec (Partial aggregate whose Final was not replaced)",,0,0.00,0.00,0.00,0.00,0.00,0,864755,3.47,4.79,100,0,,,,,,,7.49,99.1,8.27,"yes",0,0,0,0.0000,0.00,0.00,"LEFT AggregateExec (input rows 2000000 (exact) vs min_rows 250000; sum_avg_f64 over 2+ i64 keys (memory input): the measured table takes it at no group count and size (results/datafusion_groupby_sweep_2026-10-01.csv)) | LEFT AggregateExec (Partial aggregate whose Final was not replaced)",7.91,2026-10-02 01:12:56,2026-10-02 01:13:02,2026-09-29 00:37:52,30,7.86,7.88,,,alternate,false,,,,,,,,0,,,,,,,,def,all
2000000,part1,gsweep,count_1i32_200,"count, 1 i32 key(s), 200 groups in the key domain","SELECT k, count(*) AS n FROM grid GROUP BY k",1.10,,,9.0,,30,,"yes",0.000e0,,,"LEFT AggregateExec (input rows 2000000 (exact) vs min_rows 250000; count over 1 i32 key (memory input): the measured table takes it at no group count and size (results/datafusion_groupby_sweep_2026-10-01.csv)) | LEFT AggregateExec (Partial aggregate whose Final was not replaced)",,0,0.00,0.00,0.00,0.00,0.00,0,200,3.37,3.37,100,0,,,,,,,1.12,8.6,1.41,"yes",0,0,0,0.0000,0.00,0.00,"LEFT AggregateExec (input rows 2000000 (exact) vs min_rows 250000; count over 1 i32 key (memory input): the measured table takes it at no group count and size (results/datafusion_groupby_sweep_2026-10-01.csv)) | LEFT AggregateExec (Partial aggregate whose Final was not replaced)",1.32,2026-10-02 01:19:09,2026-10-02 01:19:11,2026-09-29 00:37:52,30,1.15,1.17,,,alternate,false,,,,,,,,0,,,,,,,,def,all
2000000,part1,gsweep,minmax_f32_1i32_200,"minmax_f32, 1 i32 key(s), 200 groups in the key domain","SELECT k, min(y) AS lo, max(y) AS hi FROM grid GROUP BY k",1.19,,,9.5,,30,,"yes",0.000e0,,,"LEFT AggregateExec (input rows 2000000 (exact) vs min_rows 250000; minmax_f64 over 1 i32 key (memory input): the measured table takes it at no group count and size (results/datafusion_groupby_sweep_2026-10-01.csv)) | LEFT AggregateExec (Partial aggregate whose Final was not replaced)",,0,0.00,0.00,0.00,0.00,0.00,0,200,3.37,3.37,100,0,,,,,,,1.20,9.3,1.26,"yes",0,0,0,0.0000,0.00,0.00,"LEFT AggregateExec (input rows 2000000 (exact) vs min_rows 250000; minmax_f64 over 1 i32 key (memory input): the measured table takes it at no group count and size (results/datafusion_groupby_sweep_2026-10-01.csv)) | LEFT AggregateExec (Partial aggregate whose Final was not replaced)",1.22,2026-10-02 01:19:09,2026-10-02 01:19:11,2026-09-29 00:37:52,30,1.28,1.27,,,alternate,false,,,,,,,,0,,,,,,,,def,all
2000000,part1,gsweep,sum_f64_2i32_200,"sum_f64, 2 i32 key(s), 200 groups in the key domain","SELECT k1, k2, sum(x) AS s FROM grid GROUP BY k1, k2",2.02,,,19.6,,30,,"yes",5.484e-16,,,"LEFT AggregateExec (input rows 2000000 (exact) vs min_rows 250000; sum_avg_f64 over 2+ i32 keys (memory input): the measured table takes it at no group count and size (results/datafusion_groupby_sweep_2026-10-01.csv)) | LEFT AggregateExec (Partial aggregate whose Final was not replaced)",,0,0.00,0.00,0.00,0.00,0.00,0,200,3.37,3.37,100,0,,,,,,,2.03,19.5,2.05,"yes",0,0,0,0.0000,0.00,0.00,"LEFT AggregateExec (input rows 2000000 (exact) vs min_rows 250000; sum_avg_f64 over 2+ i32 keys (memory input): the measured table takes it at no group count and size (results/datafusion_groupby_sweep_2026-10-01.csv)) | LEFT AggregateExec (Partial aggregate whose Final was not replaced)",2.09,2026-10-02 01:19:09,2026-10-02 01:19:11,2026-09-29 00:37:52,30,2.30,2.16,,,alternate,false,,,,,,,,0,,,,,,,,def,all
2000000,part1,gsweep,minmax_f64_1i64_200,"minmax_f64, 1 i64 key(s), 200 groups in the key domain","SELECT kl, min(x) AS lo, max(x) AS hi FROM grid GROUP BY kl",1.22,,,9.9,,30,,"yes",0.000e0,,,"LEFT AggregateExec (input rows 2000000 (exact) vs min_rows 250000; minmax_f64 over 1 i64 key (memory input): the measured table takes it at no group count and size (results/datafusion_groupby_sweep_2026-10-01.csv)) | LEFT AggregateExec (Partial aggregate whose Final was not replaced)",,0,0.00,0.00,0.00,0.00,0.00,0,200,3.37,3.37,100,0,,,,,,,1.23,9.8,1.36,"yes",0,0,0,0.0000,0.00,0.00,"LEFT AggregateExec (input rows 2000000 (exact) vs min_rows 250000; minmax_f64 over 1 i64 key (memory input): the measured table takes it at no group count and size (results/datafusion_groupby_sweep_2026-10-01.csv)) | LEFT AggregateExec (Partial aggregate whose Final was not replaced)",1.25,2026-10-02 01:19:09,2026-10-02 01:19:11,2026-09-29 00:37:52,30,1.35,1.31,,,alternate,false,,,,,,,,0,,,,,,,,def,all
2000000,part1,gsweep,minmax_int_1i64_200,"minmax_int, 1 i64 key(s), 200 groups in the key domain","SELECT kl, min(q) AS lo, max(q) AS hi FROM grid GROUP BY kl",1.20,,,9.5,,30,,"yes",0.000e0,,,"LEFT AggregateExec (input rows 2000000 (exact) vs min_rows 250000; minmax_int over 1 i64 key (memory input): the measured table takes no group count at 2M rows (the first take is at 50M rows; results/datafusion_groupby_sweep_2026-10-01.csv)) | LEFT AggregateExec (Partial aggregate whose Final was not replaced)",,0,0.00,0.00,0.00,0.00,0.00,0,200,3.37,3.37,100,0,,,,,,,1.21,9.4,1.28,"yes",0,0,0,0.0000,0.00,0.00,"LEFT AggregateExec (input rows 2000000 (exact) vs min_rows 250000; minmax_int over 1 i64 key (memory input): the measured table takes no group count at 2M rows (the first take is at 50M rows; results/datafusion_groupby_sweep_2026-10-01.csv)) | LEFT AggregateExec (Partial aggregate whose Final was not replaced)",1.26,2026-10-02 01:19:09,2026-10-02 01:19:11,2026-09-29 00:37:52,30,1.29,1.32,,,alternate,false,,,,,,,,0,,,,,,,,def,all
2000000,part1,gsweep,count_2i64_200,"count, 2 i64 key(s), 200 groups in the key domain","SELECT kl1, kl2, count(*) AS n FROM grid GROUP BY kl1, kl2",2.02,,,19.6,,30,,"yes",0.000e0,,,"LEFT AggregateExec (input rows 2000000 (exact) vs min_rows 250000; count over 2+ i64 keys (memory input): the measured table takes it at no group count and size (results/datafusion_groupby_sweep_2026-10-01.csv)) | LEFT AggregateExec (Partial aggregate whose Final was not replaced)",,0,0.00,0.00,0.00,0.00,0.00,0,200,3.37,3.37,100,0,,,,,,,2.03,19.8,2.15,"yes",0,0,0,0.0000,0.00,0.00,"LEFT AggregateExec (input rows 2000000 (exact) vs min_rows 250000; count over 2+ i64 keys (memory input): the measured table takes it at no group count and size (results/datafusion_groupby_sweep_2026-10-01.csv)) | LEFT AggregateExec (Partial aggregate whose Final was not replaced)",2.25,2026-10-02 01:19:09,2026-10-02 01:19:11,2026-09-29 00:37:52,30,2.28,2.22,,,alternate,false,,,,,,,,0,,,,,,,,def,all
2000000,part1,gsweep,avg_f64_2i64_200,"avg_f64, 2 i64 key(s), 200 groups in the key domain","SELECT kl1, kl2, avg(x) AS m FROM grid GROUP BY kl1, kl2",2.07,,,20.0,,30,,"yes",3.331e-16,,,"LEFT AggregateExec (input rows 2000000 (exact) vs min_rows 250000; sum_avg_f64 over 2+ i64 keys (memory input): the measured table takes it at no group count and size (results/datafusion_groupby_sweep_2026-10-01.csv)) | LEFT AggregateExec (Partial aggregate whose Final was not replaced)",,0,0.00,0.00,0.00,0.00,0.00,0,200,3.37,3.37,100,0,,,,,,,2.07,20.0,2.58,"yes",0,0,0,0.0000,0.00,0.00,"LEFT AggregateExec (input rows 2000000 (exact) vs min_rows 250000; sum_avg_f64 over 2+ i64 keys (memory input): the measured table takes it at no group count and size (results/datafusion_groupby_sweep_2026-10-01.csv)) | LEFT AggregateExec (Partial aggregate whose Final was not replaced)",2.44,2026-10-02 01:19:09,2026-10-02 01:19:11,2026-09-29 00:37:52,30,2.29,2.26,,,alternate,false,,,,,,,,0,,,,,,,,def,all
2000000,part1,gsweep,minmax_f64_2i64_200,"minmax_f64, 2 i64 key(s), 200 groups in the key domain","SELECT kl1, kl2, min(x) AS lo, max(x) AS hi FROM grid GROUP BY kl1, kl2",2.13,,,20.5,,30,,"yes",0.000e0,,,"LEFT AggregateExec (input rows 2000000 (exact) vs min_rows 250000; minmax_f64 over 2+ i64 keys (memory input): the measured table takes it at no group count and size (results/datafusion_groupby_sweep_2026-10-01.csv)) | LEFT AggregateExec (Partial aggregate whose Final was not replaced)",,0,0.00,0.00,0.00,0.00,0.00,0,200,3.37,3.37,100,0,,,,,,,2.15,20.5,2.61,"yes",0,0,0,0.0000,0.00,0.00,"LEFT AggregateExec (input rows 2000000 (exact) vs min_rows 250000; minmax_f64 over 2+ i64 keys (memory input): the measured table takes it at no group count and size (results/datafusion_groupby_sweep_2026-10-01.csv)) | LEFT AggregateExec (Partial aggregate whose Final was not replaced)",2.22,2026-10-02 01:19:09,2026-10-02 01:19:11,2026-09-29 00:37:52,30,2.43,2.41,,,alternate,false,,,,,,,,0,,,,,,,,def,all
2000000,part1,gsweep,minmax_f64_1i32_10k,"minmax_f64, 1 i32 key(s), 10k groups in the key domain","SELECT k, min(x) AS lo, max(x) AS hi FROM grid GROUP BY k",2.20,,,22.9,,30,,"yes",0.000e0,,,"LEFT AggregateExec (input rows 2000000 (exact) vs min_rows 250000; minmax_f64 over 1 i32 key (memory input): the measured table takes it at no group count and size (results/datafusion_groupby_sweep_2026-10-01.csv)) | LEFT AggregateExec (Partial aggregate whose Final was not replaced)",,0,0.00,0.00,0.00,0.00,0.00,0,10000,3.18,3.17,100,0,,,,,,,2.22,23.3,2.57,"yes",0,0,0,0.0000,0.00,0.00,"LEFT AggregateExec (input rows 2000000 (exact) vs min_rows 250000; minmax_f64 over 1 i32 key (memory input): the measured table takes it at no group count and size (results/datafusion_groupby_sweep_2026-10-01.csv)) | LEFT AggregateExec (Partial aggregate whose Final was not replaced)",3.10,2026-10-02 01:19:16,2026-10-02 01:19:19,2026-09-29 00:37:52,30,2.44,2.37,,,alternate,false,,,,,,,,0,,,,,,,,def,all
2000000,part1,gsweep,minmax_f32_1i32_10k,"minmax_f32, 1 i32 key(s), 10k groups in the key domain","SELECT k, min(y) AS lo, max(y) AS hi FROM grid GROUP BY k",2.19,,,22.9,,30,,"yes",0.000e0,,,"LEFT AggregateExec (input rows 2000000 (exact) vs min_rows 250000; minmax_f64 over 1 i32 key (memory input): the measured table takes it at no group count and size (results/datafusion_groupby_sweep_2026-10-01.csv)) | LEFT AggregateExec (Partial aggregate whose Final was not replaced)",,0,0.00,0.00,0.00,0.00,0.00,0,10000,3.18,3.17,100,0,,,,,,,2.14,22.0,2.58,"yes",0,0,0,0.0000,0.00,0.00,"LEFT AggregateExec (input rows 2000000 (exact) vs min_rows 250000; minmax_f64 over 1 i32 key (memory input): the measured table takes it at no group count and size (results/datafusion_groupby_sweep_2026-10-01.csv)) | LEFT AggregateExec (Partial aggregate whose Final was not replaced)",2.44,2026-10-02 01:19:16,2026-10-02 01:19:19,2026-09-29 00:37:52,30,2.28,2.46,,,alternate,false,,,,,,,,0,,,,,,,,def,all
2000000,part1,gsweep,avg_f64_2i32_10k,"avg_f64, 2 i32 key(s), 10k groups in the key domain","SELECT k1, k2, avg(x) AS m FROM grid GROUP BY k1, k2",2.69,,,28.1,,30,,"yes",3.331e-16,,,"LEFT AggregateExec (input rows 2000000 (exact) vs min_rows 250000; sum_avg_f64 over 2+ i32 keys (memory input): the measured table takes it at no group count and size (results/datafusion_groupby_sweep_2026-10-01.csv)) | LEFT AggregateExec (Partial aggregate whose Final was not replaced)",,0,0.00,0.00,0.00,0.00,0.00,0,10000,3.18,3.17,100,0,,,,,,,2.74,27.6,2.85,"yes",0,0,0,0.0000,0.00,0.00,"LEFT AggregateExec (input rows 2000000 (exact) vs min_rows 250000; sum_avg_f64 over 2+ i32 keys (memory input): the measured table takes it at no group count and size (results/datafusion_groupby_sweep_2026-10-01.csv)) | LEFT AggregateExec (Partial aggregate whose Final was not replaced)",3.11,2026-10-02 01:19:16,2026-10-02 01:19:19,2026-09-29 00:37:52,30,2.86,2.85,,,alternate,false,,,,,,,,0,,,,,,,,def,all
2000000,part1,gsweep,avg_int_2i32_10k,"avg_int, 2 i32 key(s), 10k groups in the key domain","SELECT k1, k2, avg(q) AS m FROM grid GROUP BY k1, k2",2.79,,,28.9,,30,,"yes",0.000e0,,,"LEFT AggregateExec (input rows 2000000 (exact) vs min_rows 250000; sum_avg_int over 2+ i32 keys (memory input): the measured table takes it at no group count and size (results/datafusion_groupby_sweep_2026-10-01.csv)) | LEFT AggregateExec (Partial aggregate whose Final was not replaced)",,0,0.00,0.00,0.00,0.00,0.00,0,10000,3.18,3.17,100,0,,,,,,,2.80,28.8,3.71,"yes",0,0,0,0.0000,0.00,0.00,"LEFT AggregateExec (input rows 2000000 (exact) vs min_rows 250000; sum_avg_int over 2+ i32 keys (memory input): the measured table takes it at no group count and size (results/datafusion_groupby_sweep_2026-10-01.csv)) | LEFT AggregateExec (Partial aggregate whose Final was not replaced)",3.21,2026-10-02 01:19:16,2026-10-02 01:19:19,2026-09-29 00:37:52,30,2.94,2.99,,,alternate,false,,,,,,,,0,,,,,,,,def,all
2000000,part1,gsweep,minmax_f32_2i64_10k,"minmax_f32, 2 i64 key(s), 10k groups in the key domain","SELECT kl1, kl2, min(y) AS lo, max(y) AS hi FROM grid GROUP BY kl1, kl2",3.22,,,35.1,,30,,"yes",0.000e0,,,"LEFT AggregateExec (input rows 2000000 (exact) vs min_rows 250000; minmax_f64 over 2+ i64 keys (memory input): the measured table takes it at no group count and size (results/datafusion_groupby_sweep_2026-10-01.csv)) | LEFT AggregateExec (Partial aggregate whose Final was not replaced)",,0,0.00,0.00,0.00,0.00,0.00,0,10000,3.18,3.17,100,0,,,,,,,3.24,34.6,3.96,"yes",0,0,0,0.0000,0.00,0.00,"LEFT AggregateExec (input rows 2000000 (exact) vs min_rows 250000; minmax_f64 over 2+ i64 keys (memory input): the measured table takes it at no group count and size (results/datafusion_groupby_sweep_2026-10-01.csv)) | LEFT AggregateExec (Partial aggregate whose Final was not replaced)",3.21,2026-10-02 01:19:16,2026-10-02 01:19:19,2026-09-29 00:37:52,30,3.49,3.54,,,alternate,false,,,,,,,,0,,,,,,,,def,all
2000000,part1,gsweep,avg_int_2i64_10k,"avg_int, 2 i64 key(s), 10k groups in the key domain","SELECT kl1, kl2, avg(q) AS m FROM grid GROUP BY kl1, kl2",2.90,,,29.5,,30,,"yes",0.000e0,,,"LEFT AggregateExec (input rows 2000000 (exact) vs min_rows 250000; sum_avg_int over 2+ i64 keys (memory input): the measured table takes it at no group count and size (results/datafusion_groupby_sweep_2026-10-01.csv)) | LEFT AggregateExec (Partial aggregate whose Final was not replaced)",,0,0.00,0.00,0.00,0.00,0.00,0,10000,3.18,3.17,100,0,,,,,,,2.89,29.6,3.26,"yes",0,0,0,0.0000,0.00,0.00,"LEFT AggregateExec (input rows 2000000 (exact) vs min_rows 250000; sum_avg_int over 2+ i64 keys (memory input): the measured table takes it at no group count and size (results/datafusion_groupby_sweep_2026-10-01.csv)) | LEFT AggregateExec (Partial aggregate whose Final was not replaced)",2.92,2026-10-02 01:19:16,2026-10-02 01:19:19,2026-09-29 00:37:52,30,3.06,3.04,,,alternate,false,,,,,,,,0,,,,,,,,def,all
2000000,part1,gsweep,minmax_int_2i64_10k,"minmax_int, 2 i64 key(s), 10k groups in the key domain","SELECT kl1, kl2, min(q) AS lo, max(q) AS hi FROM grid GROUP BY kl1, kl2",3.21,,,34.8,,30,,"yes",0.000e0,,,"LEFT AggregateExec (input rows 2000000 (exact) vs min_rows 250000; minmax_int over 2+ i64 keys (memory input): the measured table takes no group count at 2M rows (the first take is at 50M rows; results/datafusion_groupby_sweep_2026-10-01.csv)) | LEFT AggregateExec (Partial aggregate whose Final was not replaced)",,0,0.00,0.00,0.00,0.00,0.00,0,10000,3.18,3.17,100,0,,,,,,,3.22,34.4,3.43,"yes",0,0,0,0.0000,0.00,0.00,"LEFT AggregateExec (input rows 2000000 (exact) vs min_rows 250000; minmax_int over 2+ i64 keys (memory input): the measured table takes no group count at 2M rows (the first take is at 50M rows; results/datafusion_groupby_sweep_2026-10-01.csv)) | LEFT AggregateExec (Partial aggregate whose Final was not replaced)",3.64,2026-10-02 01:19:16,2026-10-02 01:19:19,2026-09-29 00:37:52,30,3.49,3.57,,,alternate,false,,,,,,,,0,,,,,,,,def,all
2000000,part1,gsweep,distinct_2i64_10k,"distinct, 2 i64 key(s), 10k groups in the key domain","SELECT DISTINCT kl1, kl2 FROM grid",2.38,,,24.1,,30,,"yes",0.000e0,,,"LEFT AggregateExec (input rows 2000000 (exact) vs min_rows 250000; distinct over 2+ i64 keys (memory input): the measured table takes it at no group count and size (results/datafusion_groupby_sweep_2026-10-01.csv)) | LEFT AggregateExec (Partial aggregate whose Final was not replaced)",,0,0.00,0.00,0.00,0.00,0.00,0,10000,3.18,3.17,100,0,,,,,,,2.32,24.9,2.58,"yes",0,0,0,0.0000,0.00,0.00,"LEFT AggregateExec (input rows 2000000 (exact) vs min_rows 250000; distinct over 2+ i64 keys (memory input): the measured table takes it at no group count and size (results/datafusion_groupby_sweep_2026-10-01.csv)) | LEFT AggregateExec (Partial aggregate whose Final was not replaced)",2.76,2026-10-02 01:19:16,2026-10-02 01:19:19,2026-09-29 00:37:52,30,2.50,2.52,,,alternate,false,,,,,,,,0,,,,,,,,def,all
2000000,part1,gsweep,count_1i64_100k,"count, 1 i64 key(s), 100k groups in the key domain","SELECT kl, count(*) AS n FROM grid GROUP BY kl",4.42,,,57.4,,30,,"yes",0.000e0,,,"LEFT AggregateExec (input rows 2000000 (exact) vs min_rows 250000; count over 1 i64 key (memory input): the measured table takes it at no group count and size (results/datafusion_groupby_sweep_2026-10-01.csv)) | LEFT AggregateExec (Partial aggregate whose Final was not replaced)",,0,0.00,0.00,0.00,0.00,0.00,0,100000,3.15,3.15,100,0,,,,,,,4.37,54.9,5.26,"yes",0,0,0,0.0000,0.00,0.00,"LEFT AggregateExec (input rows 2000000 (exact) vs min_rows 250000; count over 1 i64 key (memory input): the measured table takes it at no group count and size (results/datafusion_groupby_sweep_2026-10-01.csv)) | LEFT AggregateExec (Partial aggregate whose Final was not replaced)",5.77,2026-10-02 01:19:23,2026-10-02 01:19:25,2026-09-29 00:37:52,30,5.01,4.94,,,alternate,false,,,,,,,,0,,,,,,,,def,all
2000000,part1,gsweep,sum_f64_2i64_100k,"sum_f64, 2 i64 key(s), 100k groups in the key domain","SELECT kl1, kl2, sum(x) AS s FROM grid GROUP BY kl1, kl2",5.24,,,70.8,,30,,"yes",6.359e-16,,,"LEFT AggregateExec (input rows 2000000 (exact) vs min_rows 250000; sum_avg_f64 over 2+ i64 keys (memory input): the measured table takes it at no group count and size (results/datafusion_groupby_sweep_2026-10-01.csv)) | LEFT AggregateExec (Partial aggregate whose Final was not replaced)",,0,0.00,0.00,0.00,0.00,0.00,0,100000,3.15,3.15,100,0,,,,,,,5.18,69.4,6.01,"yes",0,0,0,0.0000,0.00,0.00,"LEFT AggregateExec (input rows 2000000 (exact) vs min_rows 250000; sum_avg_f64 over 2+ i64 keys (memory input): the measured table takes it at no group count and size (results/datafusion_groupby_sweep_2026-10-01.csv)) | LEFT AggregateExec (Partial aggregate whose Final was not replaced)",5.37,2026-10-02 01:19:23,2026-10-02 01:19:25,2026-09-29 00:37:52,30,5.57,5.62,,,alternate,false,,,,,,,,0,,,,,,,,def,all
2000000,part1,gsweep,distinct_2i64_100k,"distinct, 2 i64 key(s), 100k groups in the key domain","SELECT DISTINCT kl1, kl2 FROM grid",4.59,,,62.2,,30,,"yes",0.000e0,,,"LEFT AggregateExec (input rows 2000000 (exact) vs min_rows 250000; distinct over 2+ i64 keys (memory input): the measured table takes it at no group count and size (results/datafusion_groupby_sweep_2026-10-01.csv)) | LEFT AggregateExec (Partial aggregate whose Final was not replaced)",,0,0.00,0.00,0.00,0.00,0.00,0,100000,3.15,3.15,100,0,,,,,,,4.58,62.2,4.72,"yes",0,0,0,0.0000,0.00,0.00,"LEFT AggregateExec (input rows 2000000 (exact) vs min_rows 250000; distinct over 2+ i64 keys (memory input): the measured table takes it at no group count and size (results/datafusion_groupby_sweep_2026-10-01.csv)) | LEFT AggregateExec (Partial aggregate whose Final was not replaced)",5.61,2026-10-02 01:19:23,2026-10-02 01:19:25,2026-09-29 00:37:52,30,5.05,5.06,,,alternate,false,,,,,,,,0,,,,,,,,def,all
2000000,part1,gsweep,sum_f64_1i32_1M,"sum_f64, 1 i32 key(s), 1M groups in the key domain","SELECT k, sum(x) AS s FROM grid GROUP BY k",5.19,,,71.3,,30,,"yes",4.378e-16,,,"LEFT AggregateExec (input rows 2000000 (exact) vs min_rows 250000; sum_avg_f64 over 1 i32 key (memory input): the measured table takes it at no group count and size (results/datafusion_groupby_sweep_2026-10-01.csv)) | LEFT AggregateExec (Partial aggregate whose Final was not replaced)",,0,0.00,0.00,0.00,0.00,0.00,0,864909,3.40,4.81,100,0,,,,,,,5.15,67.6,6.05,"yes",0,0,0,0.0000,0.00,0.00,"LEFT AggregateExec (input rows 2000000 (exact) vs min_rows 250000; sum_avg_f64 over 1 i32 key (memory input): the measured table takes it at no group count and size (results/datafusion_groupby_sweep_2026-10-01.csv)) | LEFT AggregateExec (Partial aggregate whose Final was not replaced)",6.77,2026-10-02 01:19:50,2026-10-02 01:19:54,2026-09-29 00:37:52,30,5.70,5.67,,,alternate,false,,,,,,,,0,,,,,,,,def,all
2000000,part1,gsweep,sum_int_1i32_1M,"sum_int, 1 i32 key(s), 1M groups in the key domain","SELECT k, sum(q) AS s FROM grid GROUP BY k",5.15,,,67.7,,30,,"yes",0.000e0,,,"LEFT AggregateExec (input rows 2000000 (exact) vs min_rows 250000; sum_avg_int over 1 i32 key (memory input): the measured table takes it at no group count and size (results/datafusion_groupby_sweep_2026-10-01.csv)) | LEFT AggregateExec (Partial aggregate whose Final was not replaced)",,0,0.00,0.00,0.00,0.00,0.00,0,864909,3.40,4.81,100,0,,,,,,,5.32,71.1,6.14,"yes",0,0,0,0.0000,0.00,0.00,"LEFT AggregateExec (input rows 2000000 (exact) vs min_rows 250000; sum_avg_int over 1 i32 key (memory input): the measured table takes it at no group count and size (results/datafusion_groupby_sweep_2026-10-01.csv)) | LEFT AggregateExec (Partial aggregate whose Final was not replaced)",5.82,2026-10-02 01:19:50,2026-10-02 01:19:54,2026-09-29 00:37:52,30,5.56,5.69,,,alternate,false,,,,,,,,0,,,,,,,,def,all
2000000,part1,gsweep,avg_int_1i32_1M,"avg_int, 1 i32 key(s), 1M groups in the key domain","SELECT k, avg(q) AS m FROM grid GROUP BY k",5.78,,,77.8,,30,,"yes",0.000e0,,,"LEFT AggregateExec (input rows 2000000 (exact) vs min_rows 250000; sum_avg_int over 1 i32 key (memory input): the measured table takes it at no group count and size (results/datafusion_groupby_sweep_2026-10-01.csv)) | LEFT AggregateExec (Partial aggregate whose Final was not replaced)",,0,0.00,0.00,0.00,0.00,0.00,0,864909,3.40,4.81,100,0,,,,,,,5.90,79.3,6.85,"yes",0,0,0,0.0000,0.00,0.00,"LEFT AggregateExec (input rows 2000000 (exact) vs min_rows 250000; sum_avg_int over 1 i32 key (memory input): the measured table takes it at no group count and size (results/datafusion_groupby_sweep_2026-10-01.csv)) | LEFT AggregateExec (Partial aggregate whose Final was not replaced)",6.00,2026-10-02 01:19:50,2026-10-02 01:19:54,2026-09-29 00:37:52,30,6.21,6.33,,,alternate,false,,,,,,,,0,,,,,,,,def,all
2000000,part1,gsweep,sum_f64_2i32_1M,"sum_f64, 2 i32 key(s), 1M groups in the key domain","SELECT k1, k2, sum(x) AS s FROM grid GROUP BY k1, k2",6.16,,,82.6,,30,,"yes",4.482e-16,,,"LEFT AggregateExec (input rows 2000000 (exact) vs min_rows 250000; sum_avg_f64 over 2+ i32 keys (memory input): the measured table takes it at no group count and size (results/datafusion_groupby_sweep_2026-10-01.csv)) | LEFT AggregateExec (Partial aggregate whose Final was not replaced)",,0,0.00,0.00,0.00,0.00,0.00,0,864755,3.40,4.81,100,0,,,,,,,6.06,81.5,7.00,"yes",0,0,0,0.0000,0.00,0.00,"LEFT AggregateExec (input rows 2000000 (exact) vs min_rows 250000; sum_avg_f64 over 2+ i32 keys (memory input): the measured table takes it at no group count and size (results/datafusion_groupby_sweep_2026-10-01.csv)) | LEFT AggregateExec (Partial aggregate whose Final was not replaced)",6.33,2026-10-02 01:19:50,2026-10-02 01:19:54,2026-09-29 00:37:52,30,6.56,6.55,,,alternate,false,,,,,,,,0,,,,,,,,def,all
2000000,part1,gsweep,avg_int_2i32_1M,"avg_int, 2 i32 key(s), 1M groups in the key domain","SELECT k1, k2, avg(q) AS m FROM grid GROUP BY k1, k2",6.83,,,91.0,,30,,"yes",0.000e0,,,"LEFT AggregateExec (input rows 2000000 (exact) vs min_rows 250000; sum_avg_int over 2+ i32 keys (memory input): the measured table takes it at no group count and size (results/datafusion_groupby_sweep_2026-10-01.csv)) | LEFT AggregateExec (Partial aggregate whose Final was not replaced)",,0,0.00,0.00,0.00,0.00,0.00,0,864755,3.40,4.81,100,0,,,,,,,6.98,91.9,7.24,"yes",0,0,0,0.0000,0.00,0.00,"LEFT AggregateExec (input rows 2000000 (exact) vs min_rows 250000; sum_avg_int over 2+ i32 keys (memory input): the measured table takes it at no group count and size (results/datafusion_groupby_sweep_2026-10-01.csv)) | LEFT AggregateExec (Partial aggregate whose Final was not replaced)",7.84,2026-10-02 01:19:50,2026-10-02 01:19:54,2026-09-29 00:37:52,30,7.30,7.53,,,alternate,false,,,,,,,,0,,,,,,,,def,all
2000000,part1,gsweep,avg_int_1i64_1M,"avg_int, 1 i64 key(s), 1M groups in the key domain","SELECT kl, avg(q) AS m FROM grid GROUP BY kl",6.25,,,82.3,,30,,"yes",0.000e0,,,"LEFT AggregateExec (input rows 2000000 (exact) vs min_rows 250000; sum_avg_int over 1 i64 key (memory input): the measured table takes it at no group count and size (results/datafusion_groupby_sweep_2026-10-01.csv)) | LEFT AggregateExec (Partial aggregate whose Final was not replaced)",,0,0.00,0.00,0.00,0.00,0.00,0,864909,3.40,4.81,100,0,,,,,,,6.32,84.6,6.80,"yes",0,0,0,0.0000,0.00,0.00,"LEFT AggregateExec (input rows 2000000 (exact) vs min_rows 250000; sum_avg_int over 1 i64 key (memory input): the measured table takes it at no group count and size (results/datafusion_groupby_sweep_2026-10-01.csv)) | LEFT AggregateExec (Partial aggregate whose Final was not replaced)",6.73,2026-10-02 01:19:50,2026-10-02 01:19:54,2026-09-29 00:37:52,30,6.88,6.97,,,alternate,false,,,,,,,,0,,,,,,,,def,all
5000000,b8192,gsweep,sum_int_1i32_200,"sum_int, 1 i32 key(s), 200 groups in the key domain","SELECT k, sum(q) AS s FROM grid GROUP BY k",2.10,,,20.0,,30,,"yes",0.000e0,,,"LEFT AggregateExec (input rows 5000000 (exact) vs min_rows 250000; sum_avg_int over 1 i32 key (memory input): the measured table takes it at no group count and size (results/datafusion_groupby_sweep_2026-10-01.csv)) | LEFT AggregateExec (Partial aggregate whose Final was not replaced)",,0,0.00,0.00,0.00,0.00,0.00,0,200,3.49,3.49,100,0,,,,,,,2.12,19.7,2.30,"yes",0,0,0,0.0000,0.00,0.00,"LEFT AggregateExec (input rows 5000000 (exact) vs min_rows 250000; sum_avg_int over 1 i32 key (memory input): the measured table takes it at no group count and size (results/datafusion_groupby_sweep_2026-10-01.csv)) | LEFT AggregateExec (Partial aggregate whose Final was not replaced)",2.68,2026-10-02 01:23:00,2026-10-02 01:23:02,2026-09-29 00:37:52,30,2.35,2.34,,,alternate,false,,,,,,,,0,,,,,,,,def,all
5000000,b8192,gsweep,minmax_f64_2i32_200,"minmax_f64, 2 i32 key(s), 200 groups in the key domain","SELECT k1, k2, min(x) AS lo, max(x) AS hi FROM grid GROUP BY k1, k2",4.62,,,48.8,,30,,"yes",0.000e0,,,"LEFT AggregateExec (input rows 5000000 (exact) vs min_rows 250000; minmax_f64 over 2+ i32 keys (memory input): the measured table takes it at no group count and size (results/datafusion_groupby_sweep_2026-10-01.csv)) | LEFT AggregateExec (Partial aggregate whose Final was not replaced)",,0,0.00,0.00,0.00,0.00,0.00,0,200,3.49,3.49,100,0,,,,,,,4.63,48.6,5.04,"yes",0,0,0,0.0000,0.00,0.00,"LEFT AggregateExec (input rows 5000000 (exact) vs min_rows 250000; minmax_f64 over 2+ i32 keys (memory input): the measured table takes it at no group count and size (results/datafusion_groupby_sweep_2026-10-01.csv)) | LEFT AggregateExec (Partial aggregate whose Final was not replaced)",4.64,2026-10-02 01:23:00,2026-10-02 01:23:02,2026-09-29 00:37:52,30,5.12,5.09,,,alternate,false,,,,,,,,0,,,,,,,,def,all
5000000,b8192,gsweep,minmax_f32_2i32_200,"minmax_f32, 2 i32 key(s), 200 groups in the key domain","SELECT k1, k2, min(y) AS lo, max(y) AS hi FROM grid GROUP BY k1, k2",4.56,,,47.8,,30,,"yes",0.000e0,,,"LEFT AggregateExec (input rows 5000000 (exact) vs min_rows 250000; minmax_f64 over 2+ i32 keys (memory input): the measured table takes it at no group count and size (results/datafusion_groupby_sweep_2026-10-01.csv)) | LEFT AggregateExec (Partial aggregate whose Final was not replaced)",,0,0.00,0.00,0.00,0.00,0.00,0,200,3.49,3.49,100,0,,,,,,,4.63,48.3,4.99,"yes",0,0,0,0.0000,0.00,0.00,"LEFT AggregateExec (input rows 5000000 (exact) vs min_rows 250000; minmax_f64 over 2+ i32 keys (memory input): the measured table takes it at no group count and size (results/datafusion_groupby_sweep_2026-10-01.csv)) | LEFT AggregateExec (Partial aggregate whose Final was not replaced)",4.93,2026-10-02 01:23:00,2026-10-02 01:23:02,2026-09-29 00:37:52,30,5.05,5.07,,,alternate,false,,,,,,,,0,,,,,,,,def,all
5000000,b8192,gsweep,count_2i64_200,"count, 2 i64 key(s), 200 groups in the key domain","SELECT kl1, kl2, count(*) AS n FROM grid GROUP BY kl1, kl2",4.48,,,46.4,,30,,"yes",0.000e0,,,"LEFT AggregateExec (input rows 5000000 (exact) vs min_rows 250000; count over 2+ i64 keys (memory input): the measured table takes it at no group count and size (results/datafusion_groupby_sweep_2026-10-01.csv)) | LEFT AggregateExec (Partial aggregate whose Final was not replaced)",,0,0.00,0.00,0.00,0.00,0.00,0,200,3.49,3.49,100,0,,,,,,,4.55,47.1,4.69,"yes",0,0,0,0.0000,0.00,0.00,"LEFT AggregateExec (input rows 5000000 (exact) vs min_rows 250000; count over 2+ i64 keys (memory input): the measured table takes it at no group count and size (results/datafusion_groupby_sweep_2026-10-01.csv)) | LEFT AggregateExec (Partial aggregate whose Final was not replaced)",5.17,2026-10-02 01:23:00,2026-10-02 01:23:02,2026-09-29 00:37:52,30,4.92,5.01,,,alternate,false,,,,,,,,0,,,,,,,,def,all
5000000,b8192,gsweep,minmax_f64_1i32_10k,"minmax_f64, 1 i32 key(s), 10k groups in the key domain","SELECT k, min(x) AS lo, max(x) AS hi FROM grid GROUP BY k",3.66,,,39.5,,30,,"yes",0.000e0,,,"LEFT AggregateExec (input rows 5000000 (exact) vs min_rows 250000; minmax_f64 over 1 i32 key (memory input): the measured table takes it at no group count and size (results/datafusion_groupby_sweep_2026-10-01.csv)) | LEFT AggregateExec (Partial aggregate whose Final was not replaced)",,0,0.00,0.00,0.00,0.00,0.00,0,10000,3.29,4.38,100,0,,,,,,,3.76,39.7,4.07,"yes",0,0,0,0.0000,0.00,0.00,"LEFT AggregateExec (input rows 5000000 (exact) vs min_rows 250000; minmax_f64 over 1 i32 key (memory input): the measured table takes it at no group count and size (results/datafusion_groupby_sweep_2026-10-01.csv)) | LEFT AggregateExec (Partial aggregate whose Final was not replaced)",4.54,2026-10-02 01:23:06,2026-10-02 01:23:10,2026-09-29 00:37:52,30,4.08,4.04,,,alternate,false,,,,,,,,0,,,,,,,,def,all
5000000,b8192,gsweep,sum_int_1i32_10k,"sum_int, 1 i32 key(s), 10k groups in the key domain","SELECT k, sum(q) AS s FROM grid GROUP BY k",2.67,,,25.9,,30,,"yes",0.000e0,,,"LEFT AggregateExec (input rows 5000000 (exact) vs min_rows 250000; sum_avg_int over 1 i32 key (memory input): the measured table takes it at no group count and size (results/datafusion_groupby_sweep_2026-10-01.csv)) | LEFT AggregateExec (Partial aggregate whose Final was not replaced)",,0,0.00,0.00,0.00,0.00,0.00,0,10000,3.29,4.38,100,0,,,,,,,2.68,26.2,2.96,"yes",0,0,0,0.0000,0.00,0.00,"LEFT AggregateExec (input rows 5000000 (exact) vs min_rows 250000; sum_avg_int over 1 i32 key (memory input): the measured table takes it at no group count and size (results/datafusion_groupby_sweep_2026-10-01.csv)) | LEFT AggregateExec (Partial aggregate whose Final was not replaced)",3.14,2026-10-02 01:23:06,2026-10-02 01:23:10,2026-09-29 00:37:52,30,2.90,2.88,,,alternate,false,,,,,,,,0,,,,,,,,def,all
5000000,b8192,gsweep,avg_int_1i32_10k,"avg_int, 1 i32 key(s), 10k groups in the key domain","SELECT k, avg(q) AS m FROM grid GROUP BY k",3.21,,,32.9,,30,,"yes",0.000e0,,,"LEFT AggregateExec (input rows 5000000 (exact) vs min_rows 250000; sum_avg_int over 1 i32 key (memory input): the measured table takes it at no group count and size (results/datafusion_groupby_sweep_2026-10-01.csv)) | LEFT AggregateExec (Partial aggregate whose Final was not replaced)",,0,0.00,0.00,0.00,0.00,0.00,0,10000,3.29,4.38,100,0,,,,,,,3.23,33.0,3.66,"yes",0,0,0,0.0000,0.00,0.00,"LEFT AggregateExec (input rows 5000000 (exact) vs min_rows 250000; sum_avg_int over 1 i32 key (memory input): the measured table takes it at no group count and size (results/datafusion_groupby_sweep_2026-10-01.csv)) | LEFT AggregateExec (Partial aggregate whose Final was not replaced)",3.19,2026-10-02 01:23:06,2026-10-02 01:23:10,2026-09-29 00:37:52,30,3.35,3.44,,,alternate,false,,,,,,,,0,,,,,,,,def,all
5000000,b8192,gsweep,minmax_int_1i32_10k,"minmax_int, 1 i32 key(s), 10k groups in the key domain","SELECT k, min(q) AS lo, max(q) AS hi FROM grid GROUP BY k",3.51,,,37.3,,30,,"yes",0.000e0,,,"LEFT AggregateExec (input rows 5000000 (exact) vs min_rows 250000; minmax_int over 1 i32 key (memory input): the measured table takes it at no group count and size (results/datafusion_groupby_sweep_2026-10-01.csv)) | LEFT AggregateExec (Partial aggregate whose Final was not replaced)",,0,0.00,0.00,0.00,0.00,0.00,0,10000,3.29,4.38,100,0,,,,,,,3.54,35.7,4.29,"yes",0,0,0,0.0000,0.00,0.00,"LEFT AggregateExec (input rows 5000000 (exact) vs min_rows 250000; minmax_int over 1 i32 key (memory input): the measured table takes it at no group count and size (results/datafusion_groupby_sweep_2026-10-01.csv)) | LEFT AggregateExec (Partial aggregate whose Final was not replaced)",3.78,2026-10-02 01:23:06,2026-10-02 01:23:10,2026-09-29 00:37:52,30,3.80,3.73,,,alternate,false,,,,,,,,0,,,,,,,,def,all
5000000,b8192,gsweep,sum_f64_1i64_10k,"sum_f64, 1 i64 key(s), 10k groups in the key domain","SELECT kl, sum(x) AS s FROM grid GROUP BY kl",2.82,,,28.1,,30,,"yes",5.895e-16,,,"LEFT AggregateExec (input rows 5000000 (exact) vs min_rows 250000; sum_avg_f64 over 1 i64 key (memory input): the measured table takes it at no group count and size (results/datafusion_groupby_sweep_2026-10-01.csv)) | LEFT AggregateExec (Partial aggregate whose Final was not replaced)",,0,0.00,0.00,0.00,0.00,0.00,0,10000,3.29,4.38,100,0,,,,,,,2.85,27.9,2.98,"yes",0,0,0,0.0000,0.00,0.00,"LEFT AggregateExec (input rows 5000000 (exact) vs min_rows 250000; sum_avg_f64 over 1 i64 key (memory input): the measured table takes it at no group count and size (results/datafusion_groupby_sweep_2026-10-01.csv)) | LEFT AggregateExec (Partial aggregate whose Final was not replaced)",2.98,2026-10-02 01:23:06,2026-10-02 01:23:10,2026-09-29 00:37:52,30,3.02,3.04,,,alternate,false,,,,,,,,0,,,,,,,,def,all
5000000,b8192,gsweep,avg_f64_1i64_10k,"avg_f64, 1 i64 key(s), 10k groups in the key domain","SELECT kl, avg(x) AS m FROM grid GROUP BY kl",3.21,,,32.3,,30,,"yes",2.220e-16,,,"LEFT AggregateExec (input rows 5000000 (exact) vs min_rows 250000; sum_avg_f64 over 1 i64 key (memory input): the measured table takes it at no group count and size (results/datafusion_groupby_sweep_2026-10-01.csv)) | LEFT AggregateExec (Partial aggregate whose Final was not replaced)",,0,0.00,0.00,0.00,0.00,0.00,0,10000,3.29,4.38,100,0,,,,,,,3.23,32.8,3.16,"yes",0,0,0,0.0000,0.00,0.00,"LEFT AggregateExec (input rows 5000000 (exact) vs min_rows 250000; sum_avg_f64 over 1 i64 key (memory input): the measured table takes it at no group count and size (results/datafusion_groupby_sweep_2026-10-01.csv)) | LEFT AggregateExec (Partial aggregate whose Final was not replaced)",3.42,2026-10-02 01:23:06,2026-10-02 01:23:10,2026-09-29 00:37:52,30,3.42,3.45,,,alternate,false,,,,,,,,0,,,,,,,,def,all
5000000,b8192,gsweep,sum_int_1i64_10k,"sum_int, 1 i64 key(s), 10k groups in the key domain","SELECT kl, sum(q) AS s FROM grid GROUP BY kl",2.83,,,28.5,,30,,"yes",0.000e0,,,"LEFT AggregateExec (input rows 5000000 (exact) vs min_rows 250000; sum_avg_int over 1 i64 key (memory input): the measured table takes it at no group count and size (results/datafusion_groupby_sweep_2026-10-01.csv)) | LEFT AggregateExec (Partial aggregate whose Final was not replaced)",,0,0.00,0.00,0.00,0.00,0.00,0,10000,3.29,4.38,100,0,,,,,,,2.87,28.5,3.15,"yes",0,0,0,0.0000,0.00,0.00,"LEFT AggregateExec (input rows 5000000 (exact) vs min_rows 250000; sum_avg_int over 1 i64 key (memory input): the measured table takes it at no group count and size (results/datafusion_groupby_sweep_2026-10-01.csv)) | LEFT AggregateExec (Partial aggregate whose Final was not replaced)",2.80,2026-10-02 01:23:06,2026-10-02 01:23:10,2026-09-29 00:37:52,30,2.97,3.10,,,alternate,false,,,,,,,,0,,,,,,,,def,all
5000000,b8192,gsweep,minmax_int_1i64_10k,"minmax_int, 1 i64 key(s), 10k groups in the key domain","SELECT kl, min(q) AS lo, max(q) AS hi FROM grid GROUP BY kl",3.65,,,38.5,,30,,"yes",0.000e0,,,"LEFT AggregateExec (input rows 5000000 (exact) vs min_rows 250000; minmax_int over 1 i64 key (memory input): the measured table takes no group count at 5M rows (the first take is at 50M rows; results/datafusion_groupby_sweep_2026-10-01.csv)) | LEFT AggregateExec (Partial aggregate whose Final was not replaced)",,0,0.00,0.00,0.00,0.00,0.00,0,10000,3.29,4.38,100,0,,,,,,,3.68,38.7,3.82,"yes",0,0,0,0.0000,0.00,0.00,"LEFT AggregateExec (input rows 5000000 (exact) vs min_rows 250000; minmax_int over 1 i64 key (memory input): the measured table takes no group count at 5M rows (the first take is at 50M rows; results/datafusion_groupby_sweep_2026-10-01.csv)) | LEFT AggregateExec (Partial aggregate whose Final was not replaced)",4.38,2026-10-02 01:23:06,2026-10-02 01:23:10,2026-09-29 00:37:52,30,4.01,3.96,,,alternate,false,,,,,,,,0,,,,,,,,def,all
5000000,b8192,gsweep,avg_f64_1i32_100k,"avg_f64, 1 i32 key(s), 100k groups in the key domain","SELECT k, avg(x) AS m FROM grid GROUP BY k",7.30,,,90.9,,30,,"yes",3.331e-16,,,"LEFT AggregateExec (input rows 5000000 (exact) vs min_rows 250000; sum_avg_f64 over 1 i32 key (memory input): the measured table takes it at no group count and size (results/datafusion_groupby_sweep_2026-10-01.csv)) | LEFT AggregateExec (Partial aggregate whose Final was not replaced)",,0,0.00,0.00,0.00,0.00,0.00,0,100000,3.48,3.92,100,0,,,,,,,7.69,91.1,8.40,"yes",0,0,0,0.0000,0.00,0.00,"LEFT AggregateExec (input rows 5000000 (exact) vs min_rows 250000; sum_avg_f64 over 1 i32 key (memory input): the measured table takes it at no group count and size (results/datafusion_groupby_sweep_2026-10-01.csv)) | LEFT AggregateExec (Partial aggregate whose Final was not replaced)",9.07,2026-10-02 01:25:55,2026-10-02 01:26:02,2026-09-29 00:37:52,30,8.33,8.36,,,alternate,false,,,,,,,,0,,,,,,,,def,all
5000000,b8192,gsweep,minmax_f32_2i32_100k,"minmax_f32, 2 i32 key(s), 100k groups in the key domain","SELECT k1, k2, min(y) AS lo, max(y) AS hi FROM grid GROUP BY k1, k2",11.62,,,148.0,,30,,"yes",0.000e0,,,"LEFT AggregateExec (input rows 5000000 (exact) vs min_rows 250000; minmax_f64 over 2+ i32 keys (memory input): the measured table takes it at no group count and size (results/datafusion_groupby_sweep_2026-10-01.csv)) | LEFT AggregateExec (Partial aggregate whose Final was not replaced)",,0,0.00,0.00,0.00,0.00,0.00,0,100000,3.48,3.92,100,0,,,,,,,11.82,150.7,11.85,"yes",0,0,0,0.0000,0.00,0.00,"LEFT AggregateExec (input rows 5000000 (exact) vs min_rows 250000; minmax_f64 over 2+ i32 keys (memory input): the measured table takes it at no group count and size (results/datafusion_groupby_sweep_2026-10-01.csv)) | LEFT AggregateExec (Partial aggregate whose Final was not replaced)",11.70,2026-10-02 01:25:55,2026-10-02 01:26:02,2026-09-29 00:37:52,30,12.29,12.44,,,alternate,false,,,,,,,,0,,,,,,,,def,all
5000000,b8192,gsweep,sum_int_2i32_100k,"sum_int, 2 i32 key(s), 100k groups in the key domain","SELECT k1, k2, sum(q) AS s FROM grid GROUP BY k1, k2",8.79,,,115.4,,30,,"yes",0.000e0,,,"LEFT AggregateExec (input rows 5000000 (exact) vs min_rows 250000; sum_avg_int over 2+ i32 keys (memory input): the measured table takes it at no group count and size (results/datafusion_groupby_sweep_2026-10-01.csv)) | LEFT AggregateExec (Partial aggregate whose Final was not replaced)",,0,0.00,0.00,0.00,0.00,0.00,0,100000,3.48,3.92,100,0,,,,,,,9.02,110.5,9.12,"yes",0,0,0,0.0000,0.00,0.00,"LEFT AggregateExec (input rows 5000000 (exact) vs min_rows 250000; sum_avg_int over 2+ i32 keys (memory input): the measured table takes it at no group count and size (results/datafusion_groupby_sweep_2026-10-01.csv)) | LEFT AggregateExec (Partial aggregate whose Final was not replaced)",8.85,2026-10-02 01:25:55,2026-10-02 01:26:02,2026-09-29 00:37:52,30,9.49,9.70,,,alternate,false,,,,,,,,0,,,,,,,,def,all
5000000,b8192,gsweep,count_1i64_100k,"count, 1 i64 key(s), 100k groups in the key domain","SELECT kl, count(*) AS n FROM grid GROUP BY kl",7.22,,,85.6,,30,,"yes",0.000e0,,,"LEFT AggregateExec (input rows 5000000 (exact) vs min_rows 250000; count over 1 i64 key (memory input): the measured table takes it at no group count and size (results/datafusion_groupby_sweep_2026-10-01.csv)) | LEFT AggregateExec (Partial aggregate whose Final was not replaced)",,0,0.00,0.00,0.00,0.00,0.00,0,100000,3.48,3.92,100,0,,,,,,,7.70,98.7,8.26,"yes",0,0,0,0.0000,0.00,0.00,"LEFT AggregateExec (input rows 5000000 (exact) vs min_rows 250000; count over 1 i64 key (memory input): the measured table takes it at no group count and size (results/datafusion_groupby_sweep_2026-10-01.csv)) | LEFT AggregateExec (Partial aggregate whose Final was not replaced)",7.87,2026-10-02 01:25:55,2026-10-02 01:26:02,2026-09-29 00:37:52,30,8.13,8.30,,,alternate,false,,,,,,,,0,,,,,,,,def,all
5000000,b8192,gsweep,minmax_int_1i64_100k,"minmax_int, 1 i64 key(s), 100k groups in the key domain","SELECT kl, min(q) AS lo, max(q) AS hi FROM grid GROUP BY kl",10.88,,,135.8,,30,,"yes",0.000e0,,,"LEFT AggregateExec (input rows 5000000 (exact) vs min_rows 250000; minmax_int over 1 i64 key (memory input): the measured table takes no group count at 5M rows (the first take is at 50M rows; results/datafusion_groupby_sweep_2026-10-01.csv)) | LEFT AggregateExec (Partial aggregate whose Final was not replaced)",,0,0.00,0.00,0.00,0.00,0.00,0,100000,3.48,3.92,100,0,,,,,,,10.50,129.9,11.99,"yes",0,0,0,0.0000,0.00,0.00,"LEFT AggregateExec (input rows 5000000 (exact) vs min_rows 250000; minmax_int over 1 i64 key (memory input): the measured table takes no group count at 5M rows (the first take is at 50M rows; results/datafusion_groupby_sweep_2026-10-01.csv)) | LEFT AggregateExec (Partial aggregate whose Final was not replaced)",12.71,2026-10-02 01:25:55,2026-10-02 01:26:02,2026-09-29 00:37:52,30,11.70,11.59,,,alternate,false,,,,,,,,0,,,,,,,,def,all
5000000,b8192,gsweep,distinct_1i64_100k,"distinct, 1 i64 key(s), 100k groups in the key domain","SELECT DISTINCT kl FROM grid",6.14,,,73.1,,30,,"yes",0.000e0,,,"LEFT AggregateExec (input rows 5000000 (exact) vs min_rows 250000; distinct over 1 i64 key (memory input): the measured table takes it at no group count and size (results/datafusion_groupby_sweep_2026-10-01.csv)) | LEFT AggregateExec (Partial aggregate whose Final was not replaced)",,0,0.00,0.00,0.00,0.00,0.00,0,100000,3.48,3.92,100,0,,,,,,,6.11,73.0,7.39,"yes",0,0,0,0.0000,0.00,0.00,"LEFT AggregateExec (input rows 5000000 (exact) vs min_rows 250000; distinct over 1 i64 key (memory input): the measured table takes it at no group count and size (results/datafusion_groupby_sweep_2026-10-01.csv)) | LEFT AggregateExec (Partial aggregate whose Final was not replaced)",7.34,2026-10-02 01:25:55,2026-10-02 01:26:02,2026-09-29 00:37:52,30,7.12,7.10,,,alternate,false,,,,,,,,0,,,,,,,,def,all
5000000,b8192,gsweep,count_2i64_100k,"count, 2 i64 key(s), 100k groups in the key domain","SELECT kl1, kl2, count(*) AS n FROM grid GROUP BY kl1, kl2",9.70,,,127.6,,30,,"yes",0.000e0,,,"LEFT AggregateExec (input rows 5000000 (exact) vs min_rows 250000; count over 2+ i64 keys (memory input): the measured table takes it at no group count and size (results/datafusion_groupby_sweep_2026-10-01.csv)) | LEFT AggregateExec (Partial aggregate whose Final was not replaced)",,0,0.00,0.00,0.00,0.00,0.00,0,100000,3.48,3.92,100,0,,,,,,,9.72,124.9,10.20,"yes",0,0,0,0.0000,0.00,0.00,"LEFT AggregateExec (input rows 5000000 (exact) vs min_rows 250000; count over 2+ i64 keys (memory input): the measured table takes it at no group count and size (results/datafusion_groupby_sweep_2026-10-01.csv)) | LEFT AggregateExec (Partial aggregate whose Final was not replaced)",10.02,2026-10-02 01:25:55,2026-10-02 01:26:02,2026-09-29 00:37:52,30,10.14,10.18,,,alternate,false,,,,,,,,0,,,,,,,,def,all
5000000,b8192,gsweep,avg_f64_2i64_100k,"avg_f64, 2 i64 key(s), 100k groups in the key domain","SELECT kl1, kl2, avg(x) AS m FROM grid GROUP BY kl1, kl2",10.96,,,143.3,,30,,"yes",4.441e-16,,,"LEFT AggregateExec (input rows 5000000 (exact) vs min_rows 250000; sum_avg_f64 over 2+ i64 keys (memory input): the measured table takes it at no group count and size (results/datafusion_groupby_sweep_2026-10-01.csv)) | LEFT AggregateExec (Partial aggregate whose Final was not replaced)",,0,0.00,0.00,0.00,0.00,0.00,0,100000,3.48,3.92,100,0,,,,,,,11.18,140.9,11.75,"yes",0,0,0,0.0000,0.00,0.00,"LEFT AggregateExec (input rows 5000000 (exact) vs min_rows 250000; sum_avg_f64 over 2+ i64 keys (memory input): the measured table takes it at no group count and size (results/datafusion_groupby_sweep_2026-10-01.csv)) | LEFT AggregateExec (Partial aggregate whose Final was not replaced)",11.00,2026-10-02 01:25:55,2026-10-02 01:26:02,2026-09-29 00:37:52,30,11.57,11.49,,,alternate,false,,,,,,,,0,,,,,,,,def,all
5000000,b8192,gsweep,count_2i32_1M,"count, 2 i32 key(s), 1M groups in the key domain","SELECT k1, k2, count(*) AS n FROM grid GROUP BY k1, k2",10.87,,,153.9,,30,,"yes",0.000e0,,,"LEFT AggregateExec (input rows 5000000 (exact) vs min_rows 250000; count over 2+ i32 keys (memory input): the measured table takes no group count at 5M rows (the first take is at 50M rows; results/datafusion_groupby_sweep_2026-10-01.csv)) | LEFT AggregateExec (Partial aggregate whose Final was not replaced)",,0,0.00,0.00,0.00,0.00,0.00,0,993244,3.44,3.38,100,0,,,,,,,11.14,149.4,12.64,"yes",0,0,0,0.0000,0.00,0.00,"LEFT AggregateExec (input rows 5000000 (exact) vs min_rows 250000; count over 2+ i32 keys (memory input): the measured table takes no group count at 5M rows (the first take is at 50M rows; results/datafusion_groupby_sweep_2026-10-01.csv)) | LEFT AggregateExec (Partial aggregate whose Final was not replaced)",13.00,2026-10-02 01:26:47,2026-10-02 01:26:58,2026-09-29 00:37:52,30,11.41,11.47,,,alternate,false,,,,,,,,0,,,,,,,,def,all
5000000,b8192,gsweep,minmax_int_2i32_1M,"minmax_int, 2 i32 key(s), 1M groups in the key domain","SELECT k1, k2, min(q) AS lo, max(q) AS hi FROM grid GROUP BY k1, k2",14.23,,,197.6,,30,,"yes",0.000e0,,,"LEFT AggregateExec (input rows 5000000 (exact) vs min_rows 250000; minmax_int over 2+ i32 keys (memory input): the measured table takes no group count at 5M rows (the first take is at 50M rows; results/datafusion_groupby_sweep_2026-10-01.csv)) | LEFT AggregateExec (Partial aggregate whose Final was not replaced)",,0,0.00,0.00,0.00,0.00,0.00,0,993244,3.44,3.38,100,0,,,,,,,14.29,197.6,15.00,"yes",0,0,0,0.0000,0.00,0.00,"LEFT AggregateExec (input rows 5000000 (exact) vs min_rows 250000; minmax_int over 2+ i32 keys (memory input): the measured table takes no group count at 5M rows (the first take is at 50M rows; results/datafusion_groupby_sweep_2026-10-01.csv)) | LEFT AggregateExec (Partial aggregate whose Final was not replaced)",14.06,2026-10-02 01:26:47,2026-10-02 01:26:58,2026-09-29 00:37:52,30,14.69,14.71,,,alternate,false,,,,,,,,0,,,,,,,,def,all
5000000,b8192,gsweep,count_1i64_1M,"count, 1 i64 key(s), 1M groups in the key domain","SELECT kl, count(*) AS n FROM grid GROUP BY kl",9.80,,,131.6,,30,,"yes",0.000e0,,,"LEFT AggregateExec (input rows 5000000 (exact) vs min_rows 250000; count over 1 i64 key (memory input): the measured table takes it at no group count and size (results/datafusion_groupby_sweep_2026-10-01.csv)) | LEFT AggregateExec (Partial aggregate whose Final was not replaced)",,0,0.00,0.00,0.00,0.00,0.00,0,993187,3.44,3.38,100,0,,,,,,,9.76,134.0,10.35,"yes",0,0,0,0.0000,0.00,0.00,"LEFT AggregateExec (input rows 5000000 (exact) vs min_rows 250000; count over 1 i64 key (memory input): the measured table takes it at no group count and size (results/datafusion_groupby_sweep_2026-10-01.csv)) | LEFT AggregateExec (Partial aggregate whose Final was not replaced)",9.81,2026-10-02 01:26:47,2026-10-02 01:26:58,2026-09-29 00:37:52,30,10.18,10.26,,,alternate,false,,,,,,,,0,,,,,,,,def,all
5000000,b8192,gsweep,sum_int_1i64_1M,"sum_int, 1 i64 key(s), 1M groups in the key domain","SELECT kl, sum(q) AS s FROM grid GROUP BY kl",9.71,,,132.5,,30,,"yes",0.000e0,,,"LEFT AggregateExec (input rows 5000000 (exact) vs min_rows 250000; sum_avg_int over 1 i64 key (memory input): the measured table takes it at no group count and size (results/datafusion_groupby_sweep_2026-10-01.csv)) | LEFT AggregateExec (Partial aggregate whose Final was not replaced)",,0,0.00,0.00,0.00,0.00,0.00,0,993187,3.44,3.38,100,0,,,,,,,9.68,134.1,10.30,"yes",0,0,0,0.0000,0.00,0.00,"LEFT AggregateExec (input rows 5000000 (exact) vs min_rows 250000; sum_avg_int over 1 i64 key (memory input): the measured table takes it at no group count and size (results/datafusion_groupby_sweep_2026-10-01.csv)) | LEFT AggregateExec (Partial aggregate whose Final was not replaced)",10.14,2026-10-02 01:26:47,2026-10-02 01:26:58,2026-09-29 00:37:52,30,10.25,10.26,,,alternate,false,,,,,,,,0,,,,,,,,def,all
5000000,b8192,gsweep,minmax_int_1i64_1M,"minmax_int, 1 i64 key(s), 1M groups in the key domain","SELECT kl, min(q) AS lo, max(q) AS hi FROM grid GROUP BY kl",13.08,,,179.0,,30,,"yes",0.000e0,,,"LEFT AggregateExec (input rows 5000000 (exact) vs min_rows 250000; minmax_int over 1 i64 key (memory input): the measured table takes no group count at 5M rows (the first take is at 50M rows; results/datafusion_groupby_sweep_2026-10-01.csv)) | LEFT AggregateExec (Partial aggregate whose Final was not replaced)",,0,0.00,0.00,0.00,0.00,0.00,0,993187,3.44,3.38,100,0,,,,,,,12.93,175.5,13.79,"yes",0,0,0,0.0000,0.00,0.00,"LEFT AggregateExec (input rows 5000000 (exact) vs min_rows 250000; minmax_int over 1 i64 key (memory input): the measured table takes no group count at 5M rows (the first take is at 50M rows; results/datafusion_groupby_sweep_2026-10-01.csv)) | LEFT AggregateExec (Partial aggregate whose Final was not replaced)",13.04,2026-10-02 01:26:47,2026-10-02 01:26:58,2026-09-29 00:37:52,30,13.34,13.42,,,alternate,false,,,,,,,,0,,,,,,,,def,all
5000000,b8192,gsweep,distinct_1i64_1M,"distinct, 1 i64 key(s), 1M groups in the key domain","SELECT DISTINCT kl FROM grid",7.84,,,105.3,,30,,"yes",0.000e0,,,"LEFT AggregateExec (input rows 5000000 (exact) vs min_rows 250000; distinct over 1 i64 key (memory input): the measured table takes it at no group count and size (results/datafusion_groupby_sweep_2026-10-01.csv)) | LEFT AggregateExec (Partial aggregate whose Final was not replaced)",,0,0.00,0.00,0.00,0.00,0.00,0,993187,3.44,3.38,100,0,,,,,,,7.92,107.5,8.19,"yes",0,0,0,0.0000,0.00,0.00,"LEFT AggregateExec (input rows 5000000 (exact) vs min_rows 250000; distinct over 1 i64 key (memory input): the measured table takes it at no group count and size (results/datafusion_groupby_sweep_2026-10-01.csv)) | LEFT AggregateExec (Partial aggregate whose Final was not replaced)",8.47,2026-10-02 01:26:47,2026-10-02 01:26:58,2026-09-29 00:37:52,30,8.18,8.31,,,alternate,false,,,,,,,,0,,,,,,,,def,all
5000000,b8192,gsweep,avg_f64_2i64_1M,"avg_f64, 2 i64 key(s), 1M groups in the key domain","SELECT kl1, kl2, avg(x) AS m FROM grid GROUP BY kl1, kl2",14.60,,,199.5,,30,,"yes",3.331e-16,,,"LEFT AggregateExec (input rows 5000000 (exact) vs min_rows 250000; sum_avg_f64 over 2+ i64 keys (memory input): the measured table takes it at no group count and size (results/datafusion_groupby_sweep_2026-10-01.csv)) | LEFT AggregateExec (Partial aggregate whose Final was not replaced)",,0,0.00,0.00,0.00,0.00,0.00,0,993244,3.44,3.38,100,0,,,,,,,14.52,199.9,15.51,"yes",0,0,0,0.0000,0.00,0.00,"LEFT AggregateExec (input rows 5000000 (exact) vs min_rows 250000; sum_avg_f64 over 2+ i64 keys (memory input): the measured table takes it at no group count and size (results/datafusion_groupby_sweep_2026-10-01.csv)) | LEFT AggregateExec (Partial aggregate whose Final was not replaced)",14.61,2026-10-02 01:26:47,2026-10-02 01:26:58,2026-09-29 00:37:52,30,14.94,14.92,,,alternate,false,,,,,,,,0,,,,,,,,def,all
5000000,b8192,gsweep,avg_int_2i64_1M,"avg_int, 2 i64 key(s), 1M groups in the key domain","SELECT kl1, kl2, avg(q) AS m FROM grid GROUP BY kl1, kl2",14.79,,,200.3,,30,,"yes",0.000e0,,,"LEFT AggregateExec (input rows 5000000 (exact) vs min_rows 250000; sum_avg_int over 2+ i64 keys (memory input): the measured table takes it at no group count and size (results/datafusion_groupby_sweep_2026-10-01.csv)) | LEFT AggregateExec (Partial aggregate whose Final was not replaced)",,0,0.00,0.00,0.00,0.00,0.00,0,993244,3.44,3.38,100,0,,,,,,,14.89,204.5,15.25,"yes",0,0,0,0.0000,0.00,0.00,"LEFT AggregateExec (input rows 5000000 (exact) vs min_rows 250000; sum_avg_int over 2+ i64 keys (memory input): the measured table takes it at no group count and size (results/datafusion_groupby_sweep_2026-10-01.csv)) | LEFT AggregateExec (Partial aggregate whose Final was not replaced)",14.87,2026-10-02 01:26:47,2026-10-02 01:26:58,2026-09-29 00:37:52,30,15.03,15.23,,,alternate,false,,,,,,,,0,,,,,,,,def,all
5000000,b8192,gsweep,minmax_int_2i64_1M,"minmax_int, 2 i64 key(s), 1M groups in the key domain","SELECT kl1, kl2, min(q) AS lo, max(q) AS hi FROM grid GROUP BY kl1, kl2",15.95,,,221.2,,30,,"yes",0.000e0,,,"LEFT AggregateExec (input rows 5000000 (exact) vs min_rows 250000; minmax_int over 2+ i64 keys (memory input): the measured table takes no group count at 5M rows (the first take is at 50M rows; results/datafusion_groupby_sweep_2026-10-01.csv)) | LEFT AggregateExec (Partial aggregate whose Final was not replaced)",,0,0.00,0.00,0.00,0.00,0.00,0,993244,3.44,3.38,100,0,,,,,,,15.76,219.3,16.80,"yes",0,0,0,0.0000,0.00,0.00,"LEFT AggregateExec (input rows 5000000 (exact) vs min_rows 250000; minmax_int over 2+ i64 keys (memory input): the measured table takes no group count at 5M rows (the first take is at 50M rows; results/datafusion_groupby_sweep_2026-10-01.csv)) | LEFT AggregateExec (Partial aggregate whose Final was not replaced)",15.97,2026-10-02 01:26:47,2026-10-02 01:26:58,2026-09-29 00:37:52,30,16.36,16.31,,,alternate,false,,,,,,,,0,,,,,,,,def,all
5000000,b8192,gsweep,distinct_2i64_1M,"distinct, 2 i64 key(s), 1M groups in the key domain","SELECT DISTINCT kl1, kl2 FROM grid",10.40,,,143.5,,30,,"yes",0.000e0,,,"LEFT AggregateExec (input rows 5000000 (exact) vs min_rows 250000; distinct over 2+ i64 keys (memory input): the measured table takes it at no group count and size (results/datafusion_groupby_sweep_2026-10-01.csv)) | LEFT AggregateExec (Partial aggregate whose Final was not replaced)",,0,0.00,0.00,0.00,0.00,0.00,0,993244,3.44,3.38,100,0,,,,,,,10.32,142.0,10.94,"yes",0,0,0,0.0000,0.00,0.00,"LEFT AggregateExec (input rows 5000000 (exact) vs min_rows 250000; distinct over 2+ i64 keys (memory input): the measured table takes it at no group count and size (results/datafusion_groupby_sweep_2026-10-01.csv)) | LEFT AggregateExec (Partial aggregate whose Final was not replaced)",10.41,2026-10-02 01:26:47,2026-10-02 01:26:58,2026-09-29 00:37:52,30,10.77,10.70,,,alternate,false,,,,,,,,0,,,,,,,,def,all
5000000,b8192,gsweep,minmax_f32_1i32_R2,"minmax_f32, 1 i32 key(s), R2 groups in the key domain","SELECT k, min(y) AS lo, max(y) AS hi FROM grid GROUP BY k",13.91,,,194.8,,30,,"yes",0.000e0,,,"LEFT AggregateExec (input rows 5000000 (exact) vs min_rows 250000; minmax_f64 over 1 i32 key (memory input): the measured table takes it at no group count and size (results/datafusion_groupby_sweep_2026-10-01.csv)) | LEFT AggregateExec (Partial aggregate whose Final was not replaced)",,0,0.00,0.00,0.00,0.00,0.00,0,2161856,3.34,5.75,100,0,,,,,,,13.97,190.9,14.11,"yes",0,0,0,0.0000,0.00,0.00,"LEFT AggregateExec (input rows 5000000 (exact) vs min_rows 250000; minmax_f64 over 1 i32 key (memory input): the measured table takes it at no group count and size (results/datafusion_groupby_sweep_2026-10-01.csv)) | LEFT AggregateExec (Partial aggregate whose Final was not replaced)",15.52,2026-10-02 01:27:03,2026-10-02 01:27:13,2026-09-29 00:37:52,30,14.52,14.64,,,alternate,false,,,,,,,,0,,,,,,,,def,all
5000000,b8192,gsweep,avg_int_1i32_R2,"avg_int, 1 i32 key(s), R2 groups in the key domain","SELECT k, avg(q) AS m FROM grid GROUP BY k",13.53,,,188.4,,30,,"yes",0.000e0,,,"LEFT AggregateExec (input rows 5000000 (exact) vs min_rows 250000; sum_avg_int over 1 i32 key (memory input): the measured table takes it at no group count and size (results/datafusion_groupby_sweep_2026-10-01.csv)) | LEFT AggregateExec (Partial aggregate whose Final was not replaced)",,0,0.00,0.00,0.00,0.00,0.00,0,2161856,3.34,5.75,100,0,,,,,,,13.62,186.9,14.51,"yes",0,0,0,0.0000,0.00,0.00,"LEFT AggregateExec (input rows 5000000 (exact) vs min_rows 250000; sum_avg_int over 1 i32 key (memory input): the measured table takes it at no group count and size (results/datafusion_groupby_sweep_2026-10-01.csv)) | LEFT AggregateExec (Partial aggregate whose Final was not replaced)",14.06,2026-10-02 01:27:03,2026-10-02 01:27:13,2026-09-29 00:37:52,30,14.22,14.17,,,alternate,false,,,,,,,,0,,,,,,,,def,all
5000000,b8192,gsweep,minmax_int_1i32_R2,"minmax_int, 1 i32 key(s), R2 groups in the key domain","SELECT k, min(q) AS lo, max(q) AS hi FROM grid GROUP BY k",15.32,,,211.0,,30,,"yes",0.000e0,,,"LEFT AggregateExec (input rows 5000000 (exact) vs min_rows 250000; minmax_int over 1 i32 key (memory input): the measured table takes it at no group count and size (results/datafusion_groupby_sweep_2026-10-01.csv)) | LEFT AggregateExec (Partial aggregate whose Final was not replaced)",,0,0.00,0.00,0.00,0.00,0.00,0,2161856,3.34,5.75,100,0,,,,,,,15.58,216.2,15.90,"yes",0,0,0,0.0000,0.00,0.00,"LEFT AggregateExec (input rows 5000000 (exact) vs min_rows 250000; minmax_int over 1 i32 key (memory input): the measured table takes it at no group count and size (results/datafusion_groupby_sweep_2026-10-01.csv)) | LEFT AggregateExec (Partial aggregate whose Final was not replaced)",15.45,2026-10-02 01:27:03,2026-10-02 01:27:13,2026-09-29 00:37:52,30,16.03,16.08,,,alternate,false,,,,,,,,0,,,,,,,,def,all
5000000,b8192,gsweep,sum_f64_1i64_R2,"sum_f64, 1 i64 key(s), R2 groups in the key domain","SELECT kl, sum(x) AS s FROM grid GROUP BY kl",12.52,,,172.9,,30,,"yes",4.440e-16,,,"LEFT AggregateExec (input rows 5000000 (exact) vs min_rows 250000; sum_avg_f64 over 1 i64 key (memory input): the measured table takes it at no group count and size (results/datafusion_groupby_sweep_2026-10-01.csv)) | LEFT AggregateExec (Partial aggregate whose Final was not replaced)",,0,0.00,0.00,0.00,0.00,0.00,0,2161856,3.34,5.75,100,0,,,,,,,12.84,175.1,13.52,"yes",0,0,0,0.0000,0.00,0.00,"LEFT AggregateExec (input rows 5000000 (exact) vs min_rows 250000; sum_avg_f64 over 1 i64 key (memory input): the measured table takes it at no group count and size (results/datafusion_groupby_sweep_2026-10-01.csv)) | LEFT AggregateExec (Partial aggregate whose Final was not replaced)",12.90,2026-10-02 01:27:03,2026-10-02 01:27:13,2026-09-29 00:37:52,30,13.33,13.29,,,alternate,false,,,,,,,,0,,,,,,,,def,all
5000000,b8192,gsweep,distinct_1i64_R2,"distinct, 1 i64 key(s), R2 groups in the key domain","SELECT DISTINCT kl FROM grid",10.74,,,146.9,,30,,"yes",0.000e0,,,"LEFT AggregateExec (input rows 5000000 (exact) vs min_rows 250000; distinct over 1 i64 key (memory input): the measured table takes it at no group count and size (results/datafusion_groupby_sweep_2026-10-01.csv)) | LEFT AggregateExec (Partial aggregate whose Final was not replaced)",,0,0.00,0.00,0.00,0.00,0.00,0,2161856,3.34,5.75,100,0,,,,,,,10.62,144.1,11.16,"yes",0,0,0,0.0000,0.00,0.00,"LEFT AggregateExec (input rows 5000000 (exact) vs min_rows 250000; distinct over 1 i64 key (memory input): the measured table takes it at no group count and size (results/datafusion_groupby_sweep_2026-10-01.csv)) | LEFT AggregateExec (Partial aggregate whose Final was not replaced)",10.31,2026-10-02 01:27:03,2026-10-02 01:27:13,2026-09-29 00:37:52,30,11.09,11.09,,,alternate,false,,,,,,,,0,,,,,,,,def,all
5000000,b8192,gsweep,minmax_f32_2i64_R2,"minmax_f32, 2 i64 key(s), R2 groups in the key domain","SELECT kl1, kl2, min(y) AS lo, max(y) AS hi FROM grid GROUP BY kl1, kl2",17.92,,,253.0,,30,,"yes",0.000e0,,,"LEFT AggregateExec (input rows 5000000 (exact) vs min_rows 250000; minmax_f64 over 2+ i64 keys (memory input): the measured table takes it at no group count and size (results/datafusion_groupby_sweep_2026-10-01.csv)) | LEFT AggregateExec (Partial aggregate whose Final was not replaced)",,0,0.00,0.00,0.00,0.00,0.00,0,2161178,3.34,5.75,100,0,,,,,,,18.10,251.8,18.70,"yes",0,0,0,0.0000,0.00,0.00,"LEFT AggregateExec (input rows 5000000 (exact) vs min_rows 250000; minmax_f64 over 2+ i64 keys (memory input): the measured table takes it at no group count and size (results/datafusion_groupby_sweep_2026-10-01.csv)) | LEFT AggregateExec (Partial aggregate whose Final was not replaced)",18.82,2026-10-02 01:27:03,2026-10-02 01:27:13,2026-09-29 00:37:52,30,18.62,18.83,,,alternate,false,,,,,,,,0,,,,,,,,def,all
5000000,b8192,gsweep,avg_int_2i64_R2,"avg_int, 2 i64 key(s), R2 groups in the key domain","SELECT kl1, kl2, avg(q) AS m FROM grid GROUP BY kl1, kl2",18.19,,,245.6,,30,,"yes",0.000e0,,,"LEFT AggregateExec (input rows 5000000 (exact) vs min_rows 250000; sum_avg_int over 2+ i64 keys (memory input): the measured table takes it at no group count and size (results/datafusion_groupby_sweep_2026-10-01.csv)) | LEFT AggregateExec (Partial aggregate whose Final was not replaced)",,0,0.00,0.00,0.00,0.00,0.00,0,2161178,3.34,5.75,100,0,,,,,,,18.22,250.1,19.30,"yes",0,0,0,0.0000,0.00,0.00,"LEFT AggregateExec (input rows 5000000 (exact) vs min_rows 250000; sum_avg_int over 2+ i64 keys (memory input): the measured table takes it at no group count and size (results/datafusion_groupby_sweep_2026-10-01.csv)) | LEFT AggregateExec (Partial aggregate whose Final was not replaced)",18.71,2026-10-02 01:27:03,2026-10-02 01:27:13,2026-09-29 00:37:52,30,18.66,18.73,,,alternate,false,,,,,,,,0,,,,,,,,def,all
5000000,part1,gsweep,avg_f64_1i32_200,"avg_f64, 1 i32 key(s), 200 groups in the key domain","SELECT k, avg(x) AS m FROM grid GROUP BY k",2.15,,,20.4,,30,,"yes",2.220e-16,,,"LEFT AggregateExec (input rows 5000000 (exact) vs min_rows 250000; sum_avg_f64 over 1 i32 key (memory input): the measured table takes it at no group count and size (results/datafusion_groupby_sweep_2026-10-01.csv)) | LEFT AggregateExec (Partial aggregate whose Final was not replaced)",,0,0.00,0.00,0.00,0.00,0.00,0,200,3.30,3.30,100,0,,,,,,,2.11,20.6,2.47,"yes",0,0,0,0.0000,0.00,0.00,"LEFT AggregateExec (input rows 5000000 (exact) vs min_rows 250000; sum_avg_f64 over 1 i32 key (memory input): the measured table takes it at no group count and size (results/datafusion_groupby_sweep_2026-10-01.csv)) | LEFT AggregateExec (Partial aggregate whose Final was not replaced)",3.26,2026-10-02 01:30:39,2026-10-02 01:30:41,2026-09-29 00:37:52,30,2.34,2.28,,,alternate,false,,,,,,,,0,,,,,,,,def,all
5000000,part1,gsweep,minmax_f32_2i32_200,"minmax_f32, 2 i32 key(s), 200 groups in the key domain","SELECT k1, k2, min(y) AS lo, max(y) AS hi FROM grid GROUP BY k1, k2",4.44,,,47.5,,30,,"yes",0.000e0,,,"LEFT AggregateExec (input rows 5000000 (exact) vs min_rows 250000; minmax_f64 over 2+ i32 keys (memory input): the measured table takes it at no group count and size (results/datafusion_groupby_sweep_2026-10-01.csv)) | LEFT AggregateExec (Partial aggregate whose Final was not replaced)",,0,0.00,0.00,0.00,0.00,0.00,0,200,3.30,3.30,100,0,,,,,,,4.42,47.7,5.36,"yes",0,0,0,0.0000,0.00,0.00,"LEFT AggregateExec (input rows 5000000 (exact) vs min_rows 250000; minmax_f64 over 2+ i32 keys (memory input): the measured table takes it at no group count and size (results/datafusion_groupby_sweep_2026-10-01.csv)) | LEFT AggregateExec (Partial aggregate whose Final was not replaced)",4.63,2026-10-02 01:30:39,2026-10-02 01:30:41,2026-09-29 00:37:52,30,4.99,5.07,,,alternate,false,,,,,,,,0,,,,,,,,def,all
5000000,part1,gsweep,avg_int_2i32_200,"avg_int, 2 i32 key(s), 200 groups in the key domain","SELECT k1, k2, avg(q) AS m FROM grid GROUP BY k1, k2",4.67,,,49.4,,30,,"yes",0.000e0,,,"LEFT AggregateExec (input rows 5000000 (exact) vs min_rows 250000; sum_avg_int over 2+ i32 keys (memory input): the measured table takes it at no group count and size (results/datafusion_groupby_sweep_2026-10-01.csv)) | LEFT AggregateExec (Partial aggregate whose Final was not replaced)",,0,0.00,0.00,0.00,0.00,0.00,0,200,3.30,3.30,100,0,,,,,,,4.61,49.1,5.50,"yes",0,0,0,0.0000,0.00,0.00,"LEFT AggregateExec (input rows 5000000 (exact) vs min_rows 250000; sum_avg_int over 2+ i32 keys (memory input): the measured table takes it at no group count and size (results/datafusion_groupby_sweep_2026-10-01.csv)) | LEFT AggregateExec (Partial aggregate whose Final was not replaced)",5.12,2026-10-02 01:30:39,2026-10-02 01:30:41,2026-09-29 00:37:52,30,5.21,5.10,,,alternate,false,,,,,,,,0,,,,,,,,def,all
5000000,part1,gsweep,minmax_int_2i32_200,"minmax_int, 2 i32 key(s), 200 groups in the key domain","SELECT k1, k2, min(q) AS lo, max(q) AS hi FROM grid GROUP BY k1, k2",4.52,,,48.0,,30,,"yes",0.000e0,,,"LEFT AggregateExec (input rows 5000000 (exact) vs min_rows 250000; minmax_int over 2+ i32 keys (memory input): the measured table takes no group count at 5M rows (the first take is at 50M rows; results/datafusion_groupby_sweep_2026-10-01.csv)) | LEFT AggregateExec (Partial aggregate whose Final was not replaced)",,0,0.00,0.00,0.00,0.00,0.00,0,200,3.30,3.30,100,0,,,,,,,4.48,48.0,5.07,"yes",0,0,0,0.0000,0.00,0.00,"LEFT AggregateExec (input rows 5000000 (exact) vs min_rows 250000; minmax_int over 2+ i32 keys (memory input): the measured table takes no group count at 5M rows (the first take is at 50M rows; results/datafusion_groupby_sweep_2026-10-01.csv)) | LEFT AggregateExec (Partial aggregate whose Final was not replaced)",5.16,2026-10-02 01:30:39,2026-10-02 01:30:41,2026-09-29 00:37:52,30,5.04,5.00,,,alternate,false,,,,,,,,0,,,,,,,,def,all
5000000,part1,gsweep,minmax_f32_1i64_200,"minmax_f32, 1 i64 key(s), 200 groups in the key domain","SELECT kl, min(y) AS lo, max(y) AS hi FROM grid GROUP BY kl",2.21,,,21.0,,30,,"yes",0.000e0,,,"LEFT AggregateExec (input rows 5000000 (exact) vs min_rows 250000; minmax_f64 over 1 i64 key (memory input): the measured table takes it at no group count and size (results/datafusion_groupby_sweep_2026-10-01.csv)) | LEFT AggregateExec (Partial aggregate whose Final was not replaced)",,0,0.00,0.00,0.00,0.00,0.00,0,200,3.30,3.30,100,0,,,,,,,2.19,21.2,2.82,"yes",0,0,0,0.0000,0.00,0.00,"LEFT AggregateExec (input rows 5000000 (exact) vs min_rows 250000; minmax_f64 over 1 i64 key (memory input): the measured table takes it at no group count and size (results/datafusion_groupby_sweep_2026-10-01.csv)) | LEFT AggregateExec (Partial aggregate whose Final was not replaced)",2.42,2026-10-02 01:30:39,2026-10-02 01:30:41,2026-09-29 00:37:52,30,2.46,2.52,,,alternate,false,,,,,,,,0,,,,,,,,def,all
5000000,part1,gsweep,sum_f64_1i32_10k,"sum_f64, 1 i32 key(s), 10k groups in the key domain","SELECT k, sum(x) AS s FROM grid GROUP BY k",2.60,,,25.5,,30,,"yes",6.005e-16,,,"LEFT AggregateExec (input rows 5000000 (exact) vs min_rows 250000; sum_avg_f64 over 1 i32 key (memory input): the measured table takes it at no group count and size (results/datafusion_groupby_sweep_2026-10-01.csv)) | LEFT AggregateExec (Partial aggregate whose Final was not replaced)",,0,0.00,0.00,0.00,0.00,0.00,0,10000,3.20,3.20,100,0,,,,,,,2.60,25.7,3.11,"yes",0,0,0,0.0000,0.00,0.00,"LEFT AggregateExec (input rows 5000000 (exact) vs min_rows 250000; sum_avg_f64 over 1 i32 key (memory input): the measured table takes it at no group count and size (results/datafusion_groupby_sweep_2026-10-01.csv)) | LEFT AggregateExec (Partial aggregate whose Final was not replaced)",3.22,2026-10-02 01:30:46,2026-10-02 01:30:48,2026-09-29 00:37:52,30,2.71,2.74,,,alternate,false,,,,,,,,0,,,,,,,,def,all
5000000,part1,gsweep,avg_int_1i32_10k,"avg_int, 1 i32 key(s), 10k groups in the key domain","SELECT k, avg(q) AS m FROM grid GROUP BY k",3.11,,,32.0,,30,,"yes",0.000e0,,,"LEFT AggregateExec (input rows 5000000 (exact) vs min_rows 250000; sum_avg_int over 1 i32 key (memory input): the measured table takes it at no group count and size (results/datafusion_groupby_sweep_2026-10-01.csv)) | LEFT AggregateExec (Partial aggregate whose Final was not replaced)",,0,0.00,0.00,0.00,0.00,0.00,0,10000,3.20,3.20,100,0,,,,,,,3.17,33.5,3.17,"yes",0,0,0,0.0000,0.00,0.00,"LEFT AggregateExec (input rows 5000000 (exact) vs min_rows 250000; sum_avg_int over 1 i32 key (memory input): the measured table takes it at no group count and size (results/datafusion_groupby_sweep_2026-10-01.csv)) | LEFT AggregateExec (Partial aggregate whose Final was not replaced)",3.12,2026-10-02 01:30:46,2026-10-02 01:30:48,2026-09-29 00:37:52,30,3.25,3.30,,,alternate,false,,,,,,,,0,,,,,,,,def,all
5000000,part1,gsweep,sum_int_1i64_10k,"sum_int, 1 i64 key(s), 10k groups in the key domain","SELECT kl, sum(q) AS s FROM grid GROUP BY kl",2.68,,,27.0,,30,,"yes",0.000e0,,,"LEFT AggregateExec (input rows 5000000 (exact) vs min_rows 250000; sum_avg_int over 1 i64 key (memory input): the measured table takes it at no group count and size (results/datafusion_groupby_sweep_2026-10-01.csv)) | LEFT AggregateExec (Partial aggregate whose Final was not replaced)",,0,0.00,0.00,0.00,0.00,0.00,0,10000,3.20,3.20,100,0,,,,,,,2.73,28.1,2.92,"yes",0,0,0,0.0000,0.00,0.00,"LEFT AggregateExec (input rows 5000000 (exact) vs min_rows 250000; sum_avg_int over 1 i64 key (memory input): the measured table takes it at no group count and size (results/datafusion_groupby_sweep_2026-10-01.csv)) | LEFT AggregateExec (Partial aggregate whose Final was not replaced)",2.73,2026-10-02 01:30:46,2026-10-02 01:30:48,2026-09-29 00:37:52,30,2.89,2.86,,,alternate,false,,,,,,,,0,,,,,,,,def,all
5000000,part1,gsweep,minmax_int_1i64_10k,"minmax_int, 1 i64 key(s), 10k groups in the key domain","SELECT kl, min(q) AS lo, max(q) AS hi FROM grid GROUP BY kl",3.47,,,37.1,,30,,"yes",0.000e0,,,"LEFT AggregateExec (input rows 5000000 (exact) vs min_rows 250000; minmax_int over 1 i64 key (memory input): the measured table takes no group count at 5M rows (the first take is at 50M rows; results/datafusion_groupby_sweep_2026-10-01.csv)) | LEFT AggregateExec (Partial aggregate whose Final was not replaced)",,0,0.00,0.00,0.00,0.00,0.00,0,10000,3.20,3.20,100,0,,,,,,,3.49,36.7,3.80,"yes",0,0,0,0.0000,0.00,0.00,"LEFT AggregateExec (input rows 5000000 (exact) vs min_rows 250000; minmax_int over 1 i64 key (memory input): the measured table takes no group count at 5M rows (the first take is at 50M rows; results/datafusion_groupby_sweep_2026-10-01.csv)) | LEFT AggregateExec (Partial aggregate whose Final was not replaced)",3.93,2026-10-02 01:30:46,2026-10-02 01:30:48,2026-09-29 00:37:52,30,3.74,3.69,,,alternate,false,,,,,,,,0,,,,,,,,def,all
5000000,part1,gsweep,sum_f64_2i64_10k,"sum_f64, 2 i64 key(s), 10k groups in the key domain","SELECT kl1, kl2, sum(x) AS s FROM grid GROUP BY kl1, kl2",5.08,,,54.9,,30,,"yes",4.863e-16,,,"LEFT AggregateExec (input rows 5000000 (exact) vs min_rows 250000; sum_avg_f64 over 2+ i64 keys (memory input): the measured table takes it at no group count and size (results/datafusion_groupby_sweep_2026-10-01.csv)) | LEFT AggregateExec (Partial aggregate whose Final was not replaced)",,0,0.00,0.00,0.00,0.00,0.00,0,10000,3.20,3.20,100,0,,,,,,,5.15,54.4,5.84,"yes",0,0,0,0.0000,0.00,0.00,"LEFT AggregateExec (input rows 5000000 (exact) vs min_rows 250000; sum_avg_f64 over 2+ i64 keys (memory input): the measured table takes it at no group count and size (results/datafusion_groupby_sweep_2026-10-01.csv)) | LEFT AggregateExec (Partial aggregate whose Final was not replaced)",5.43,2026-10-02 01:30:46,2026-10-02 01:30:48,2026-09-29 00:37:52,30,5.55,5.60,,,alternate,false,,,,,,,,0,,,,,,,,def,all
5000000,part1,gsweep,sum_f64_1i32_100k,"sum_f64, 1 i32 key(s), 100k groups in the key domain","SELECT k, sum(x) AS s FROM grid GROUP BY k",6.34,,,78.1,,30,,"yes",7.179e-16,,,"LEFT AggregateExec (input rows 5000000 (exact) vs min_rows 250000; sum_avg_f64 over 1 i32 key (memory input): the measured table takes it at no group count and size (results/datafusion_groupby_sweep_2026-10-01.csv)) | LEFT AggregateExec (Partial aggregate whose Final was not replaced)",,0,0.00,0.00,0.00,0.00,0.00,0,100000,3.18,4.58,100,0,,,,,,,6.41,79.0,6.99,"yes",0,0,0,0.0000,0.00,0.00,"LEFT AggregateExec (input rows 5000000 (exact) vs min_rows 250000; sum_avg_f64 over 1 i32 key (memory input): the measured table takes it at no group count and size (results/datafusion_groupby_sweep_2026-10-01.csv)) | LEFT AggregateExec (Partial aggregate whose Final was not replaced)",7.75,2026-10-02 01:30:53,2026-10-02 01:30:59,2026-09-29 00:37:52,30,7.08,7.25,,,alternate,false,,,,,,,,0,,,,,,,,def,all
5000000,part1,gsweep,count_2i32_100k,"count, 2 i32 key(s), 100k groups in the key domain","SELECT k1, k2, count(*) AS n FROM grid GROUP BY k1, k2",8.76,,,114.9,,30,,"yes",0.000e0,,,"LEFT AggregateExec (input rows 5000000 (exact) vs min_rows 250000; count over 2+ i32 keys (memory input): the measured table takes no group count at 5M rows (the first take is at 50M rows; results/datafusion_groupby_sweep_2026-10-01.csv)) | LEFT AggregateExec (Partial aggregate whose Final was not replaced)",,0,0.00,0.00,0.00,0.00,0.00,0,100000,3.18,4.58,100,0,,,,,,,8.71,111.5,9.75,"yes",0,0,0,0.0000,0.00,0.00,"LEFT AggregateExec (input rows 5000000 (exact) vs min_rows 250000; count over 2+ i32 keys (memory input): the measured table takes no group count at 5M rows (the first take is at 50M rows; results/datafusion_groupby_sweep_2026-10-01.csv)) | LEFT AggregateExec (Partial aggregate whose Final was not replaced)",9.07,2026-10-02 01:30:53,2026-10-02 01:30:59,2026-09-29 00:37:52,30,9.49,9.39,,,alternate,false,,,,,,,,0,,,,,,,,def,all
5000000,part1,gsweep,sum_f64_2i32_100k,"sum_f64, 2 i32 key(s), 100k groups in the key domain","SELECT k1, k2, sum(x) AS s FROM grid GROUP BY k1, k2",8.58,,,112.3,,30,,"yes",7.292e-16,,,"LEFT AggregateExec (input rows 5000000 (exact) vs min_rows 250000; sum_avg_f64 over 2+ i32 keys (memory input): the measured table takes it at no group count and size (results/datafusion_groupby_sweep_2026-10-01.csv)) | LEFT AggregateExec (Partial aggregate whose Final was not replaced)",,0,0.00,0.00,0.00,0.00,0.00,0,100000,3.18,4.58,100,0,,,,,,,8.72,114.2,9.90,"yes",0,0,0,0.0000,0.00,0.00,"LEFT AggregateExec (input rows 5000000 (exact) vs min_rows 250000; sum_avg_f64 over 2+ i32 keys (memory input): the measured table takes it at no group count and size (results/datafusion_groupby_sweep_2026-10-01.csv)) | LEFT AggregateExec (Partial aggregate whose Final was not replaced)",8.89,2026-10-02 01:30:53,2026-10-02 01:30:59,2026-09-29 00:37:52,30,9.43,9.53,,,alternate,false,,,,,,,,0,,,,,,,,def,all
5000000,part1,gsweep,avg_f64_2i32_100k,"avg_f64, 2 i32 key(s), 100k groups in the key domain","SELECT k1, k2, avg(x) AS m FROM grid GROUP BY k1, k2",9.74,,,129.8,,30,,"yes",3.331e-16,,,"LEFT AggregateExec (input rows 5000000 (exact) vs min_rows 250000; sum_avg_f64 over 2+ i32 keys (memory input): the measured table takes it at no group count and size (results/datafusion_groupby_sweep_2026-10-01.csv)) | LEFT AggregateExec (Partial aggregate whose Final was not replaced)",,0,0.00,0.00,0.00,0.00,0.00,0,100000,3.18,4.58,100,0,,,,,,,9.62,126.9,10.78,"yes",0,0,0,0.0000,0.00,0.00,"LEFT AggregateExec (input rows 5000000 (exact) vs min_rows 250000; sum_avg_f64 over 2+ i32 keys (memory input): the measured table takes it at no group count and size (results/datafusion_groupby_sweep_2026-10-01.csv)) | LEFT AggregateExec (Partial aggregate whose Final was not replaced)",10.39,2026-10-02 01:30:53,2026-10-02 01:30:59,2026-09-29 00:37:52,30,10.24,10.53,,,alternate,false,,,,,,,,0,,,,,,,,def,all
5000000,part1,gsweep,minmax_int_2i32_100k,"minmax_int, 2 i32 key(s), 100k groups in the key domain","SELECT k1, k2, min(q) AS lo, max(q) AS hi FROM grid GROUP BY k1, k2",12.21,,,159.7,,30,,"yes",0.000e0,,,"LEFT AggregateExec (input rows 5000000 (exact) vs min_rows 250000; minmax_int over 2+ i32 keys (memory input): the measured table takes no group count at 5M rows (the first take is at 50M rows; results/datafusion_groupby_sweep_2026-10-01.csv)) | LEFT AggregateExec (Partial aggregate whose Final was not replaced)",,0,0.00,0.00,0.00,0.00,0.00,0,100000,3.18,4.58,100,0,,,,,,,11.99,158.8,13.16,"yes",0,0,0,0.0000,0.00,0.00,"LEFT AggregateExec (input rows 5000000 (exact) vs min_rows 250000; minmax_int over 2+ i32 keys (memory input): the measured table takes no group count at 5M rows (the first take is at 50M rows; results/datafusion_groupby_sweep_2026-10-01.csv)) | LEFT AggregateExec (Partial aggregate whose Final was not replaced)",13.28,2026-10-02 01:30:53,2026-10-02 01:30:59,2026-09-29 00:37:52,30,12.75,12.87,,,alternate,false,,,,,,,,0,,,,,,,,def,all
5000000,part1,gsweep,sum_f64_1i64_100k,"sum_f64, 1 i64 key(s), 100k groups in the key domain","SELECT kl, sum(x) AS s FROM grid GROUP BY kl",7.32,,,87.7,,30,,"yes",7.083e-16,,,"LEFT AggregateExec (input rows 5000000 (exact) vs min_rows 250000; sum_avg_f64 over 1 i64 key (memory input): the measured table takes it at no group count and size (results/datafusion_groupby_sweep_2026-10-01.csv)) | LEFT AggregateExec (Partial aggregate whose Final was not replaced)",,0,0.00,0.00,0.00,0.00,0.00,0,100000,3.18,4.58,100,0,,,,,,,6.94,88.3,8.13,"yes",0,0,0,0.0000,0.00,0.00,"LEFT AggregateExec (input rows 5000000 (exact) vs min_rows 250000; sum_avg_f64 over 1 i64 key (memory input): the measured table takes it at no group count and size (results/datafusion_groupby_sweep_2026-10-01.csv)) | LEFT AggregateExec (Partial aggregate whose Final was not replaced)",8.07,2026-10-02 01:30:53,2026-10-02 01:30:59,2026-09-29 00:37:52,30,8.13,8.10,,,alternate,false,,,,,,,,0,,,,,,,,def,all
5000000,part1,gsweep,minmax_f64_2i64_100k,"minmax_f64, 2 i64 key(s), 100k groups in the key domain","SELECT kl1, kl2, min(x) AS lo, max(x) AS hi FROM grid GROUP BY kl1, kl2",13.61,,,180.8,,30,,"yes",0.000e0,,,"LEFT AggregateExec (input rows 5000000 (exact) vs min_rows 250000; minmax_f64 over 2+ i64 keys (memory input): the measured table takes it at no group count and size (results/datafusion_groupby_sweep_2026-10-01.csv)) | LEFT AggregateExec (Partial aggregate whose Final was not replaced)",,0,0.00,0.00,0.00,0.00,0.00,0,100000,3.18,4.58,100,0,,,,,,,14.01,180.1,14.79,"yes",0,0,0,0.0000,0.00,0.00,"LEFT AggregateExec (input rows 5000000 (exact) vs min_rows 250000; minmax_f64 over 2+ i64 keys (memory input): the measured table takes it at no group count and size (results/datafusion_groupby_sweep_2026-10-01.csv)) | LEFT AggregateExec (Partial aggregate whose Final was not replaced)",14.08,2026-10-02 01:30:53,2026-10-02 01:30:59,2026-09-29 00:37:52,30,14.43,14.53,,,alternate,false,,,,,,,,0,,,,,,,,def,all
5000000,part1,gsweep,count_1i32_1M,"count, 1 i32 key(s), 1M groups in the key domain","SELECT k, count(*) AS n FROM grid GROUP BY k",8.85,,,119.8,,30,,"yes",0.000e0,,,"LEFT AggregateExec (input rows 5000000 (exact) vs min_rows 250000; count over 1 i32 key (memory input): the measured table takes it at no group count and size (results/datafusion_groupby_sweep_2026-10-01.csv)) | LEFT AggregateExec (Partial aggregate whose Final was not replaced)",,0,0.00,0.00,0.00,0.00,0.00,0,993187,2.95,4.15,100,0,,,,,,,8.60,118.5,9.45,"yes",0,0,0,0.0000,0.00,0.00,"LEFT AggregateExec (input rows 5000000 (exact) vs min_rows 250000; count over 1 i32 key (memory input): the measured table takes it at no group count and size (results/datafusion_groupby_sweep_2026-10-01.csv)) | LEFT AggregateExec (Partial aggregate whose Final was not replaced)",10.68,2026-10-02 01:32:04,2026-10-02 01:32:12,2026-09-29 00:37:52,30,9.13,9.17,,,alternate,false,,,,,,,,0,,,,,,,,def,all
5000000,part1,gsweep,count_2i32_1M,"count, 2 i32 key(s), 1M groups in the key domain","SELECT k1, k2, count(*) AS n FROM grid GROUP BY k1, k2",10.87,,,152.2,,30,,"yes",0.000e0,,,"LEFT AggregateExec (input rows 5000000 (exact) vs min_rows 250000; count over 2+ i32 keys (memory input): the measured table takes no group count at 5M rows (the first take is at 50M rows; results/datafusion_groupby_sweep_2026-10-01.csv)) | LEFT AggregateExec (Partial aggregate whose Final was not replaced)",,0,0.00,0.00,0.00,0.00,0.00,0,993244,2.95,4.15,100,0,,,,,,,10.83,151.9,11.44,"yes",0,0,0,0.0000,0.00,0.00,"LEFT AggregateExec (input rows 5000000 (exact) vs min_rows 250000; count over 2+ i32 keys (memory input): the measured table takes no group count at 5M rows (the first take is at 50M rows; results/datafusion_groupby_sweep_2026-10-01.csv)) | LEFT AggregateExec (Partial aggregate whose Final was not replaced)",11.23,2026-10-02 01:32:04,2026-10-02 01:32:12,2026-09-29 00:37:52,30,11.30,11.42,,,alternate,false,,,,,,,,0,,,,,,,,def,all
5000000,part1,gsweep,sum_f64_2i32_1M,"sum_f64, 2 i32 key(s), 1M groups in the key domain","SELECT k1, k2, sum(x) AS s FROM grid GROUP BY k1, k2",11.01,,,153.5,,30,,"yes",7.131e-16,,,"LEFT AggregateExec (input rows 5000000 (exact) vs min_rows 250000; sum_avg_f64 over 2+ i32 keys (memory input): the measured table takes it at no group count and size (results/datafusion_groupby_sweep_2026-10-01.csv)) | LEFT AggregateExec (Partial aggregate whose Final was not replaced)",,0,0.00,0.00,0.00,0.00,0.00,0,993244,2.95,4.15,100,0,,,,,,,10.93,153.8,11.23,"yes",0,0,0,0.0000,0.00,0.00,"LEFT AggregateExec (input rows 5000000 (exact) vs min_rows 250000; sum_avg_f64 over 2+ i32 keys (memory input): the measured table takes it at no group count and size (results/datafusion_groupby_sweep_2026-10-01.csv)) | LEFT AggregateExec (Partial aggregate whose Final was not replaced)",11.16,2026-10-02 01:32:04,2026-10-02 01:32:12,2026-09-29 00:37:52,30,11.50,11.40,,,alternate,false,,,,,,,,0,,,,,,,,def,all
5000000,part1,gsweep,minmax_f32_1i64_1M,"minmax_f32, 1 i64 key(s), 1M groups in the key domain","SELECT kl, min(y) AS lo, max(y) AS hi FROM grid GROUP BY kl",11.59,,,159.1,,30,,"yes",0.000e0,,,"LEFT AggregateExec (input rows 5000000 (exact) vs min_rows 250000; minmax_f64 over 1 i64 key (memory input): the measured table takes it at no group count and size (results/datafusion_groupby_sweep_2026-10-01.csv)) | LEFT AggregateExec (Partial aggregate whose Final was not replaced)",,0,0.00,0.00,0.00,0.00,0.00,0,993187,2.95,4.15,100,0,,,,,,,11.61,161.4,11.77,"yes",0,0,0,0.0000,0.00,0.00,"LEFT AggregateExec (input rows 5000000 (exact) vs min_rows 250000; minmax_f64 over 1 i64 key (memory input): the measured table takes it at no group count and size (results/datafusion_groupby_sweep_2026-10-01.csv)) | LEFT AggregateExec (Partial aggregate whose Final was not replaced)",11.56,2026-10-02 01:32:04,2026-10-02 01:32:12,2026-09-29 00:37:52,30,12.05,12.03,,,alternate,false,,,,,,,,0,,,,,,,,def,all
5000000,part1,gsweep,sum_int_1i64_1M,"sum_int, 1 i64 key(s), 1M groups in the key domain","SELECT kl, sum(q) AS s FROM grid GROUP BY kl",9.81,,,130.2,,30,,"yes",0.000e0,,,"LEFT AggregateExec (input rows 5000000 (exact) vs min_rows 250000; sum_avg_int over 1 i64 key (memory input): the measured table takes it at no group count and size (results/datafusion_groupby_sweep_2026-10-01.csv)) | LEFT AggregateExec (Partial aggregate whose Final was not replaced)",,0,0.00,0.00,0.00,0.00,0.00,0,993187,2.95,4.15,100,0,,,,,,,9.72,131.8,10.35,"yes",0,0,0,0.0000,0.00,0.00,"LEFT AggregateExec (input rows 5000000 (exact) vs min_rows 250000; sum_avg_int over 1 i64 key (memory input): the measured table takes it at no group count and size (results/datafusion_groupby_sweep_2026-10-01.csv)) | LEFT AggregateExec (Partial aggregate whose Final was not replaced)",9.63,2026-10-02 01:32:04,2026-10-02 01:32:12,2026-09-29 00:37:52,30,10.21,10.26,,,alternate,false,,,,,,,,0,,,,,,,,def,all
5000000,part1,gsweep,avg_int_1i64_1M,"avg_int, 1 i64 key(s), 1M groups in the key domain","SELECT kl, avg(q) AS m FROM grid GROUP BY kl",11.58,,,159.6,,30,,"yes",0.000e0,,,"LEFT AggregateExec (input rows 5000000 (exact) vs min_rows 250000; sum_avg_int over 1 i64 key (memory input): the measured table takes it at no group count and size (results/datafusion_groupby_sweep_2026-10-01.csv)) | LEFT AggregateExec (Partial aggregate whose Final was not replaced)",,0,0.00,0.00,0.00,0.00,0.00,0,993187,2.95,4.15,100,0,,,,,,,11.76,160.2,12.23,"yes",0,0,0,0.0000,0.00,0.00,"LEFT AggregateExec (input rows 5000000 (exact) vs min_rows 250000; sum_avg_int over 1 i64 key (memory input): the measured table takes it at no group count and size (results/datafusion_groupby_sweep_2026-10-01.csv)) | LEFT AggregateExec (Partial aggregate whose Final was not replaced)",11.87,2026-10-02 01:32:04,2026-10-02 01:32:12,2026-09-29 00:37:52,30,12.05,12.14,,,alternate,false,,,,,,,,0,,,,,,,,def,all
5000000,part1,gsweep,avg_f64_2i64_1M,"avg_f64, 2 i64 key(s), 1M groups in the key domain","SELECT kl1, kl2, avg(x) AS m FROM grid GROUP BY kl1, kl2",14.28,,,193.9,,30,,"yes",3.331e-16,,,"LEFT AggregateExec (input rows 5000000 (exact) vs min_rows 250000; sum_avg_f64 over 2+ i64 keys (memory input): the measured table takes it at no group count and size (results/datafusion_groupby_sweep_2026-10-01.csv)) | LEFT AggregateExec (Partial aggregate whose Final was not replaced)",,0,0.00,0.00,0.00,0.00,0.00,0,993244,2.95,4.15,100,0,,,,,,,14.46,197.3,14.96,"yes",0,0,0,0.0000,0.00,0.00,"LEFT AggregateExec (input rows 5000000 (exact) vs min_rows 250000; sum_avg_f64 over 2+ i64 keys (memory input): the measured table takes it at no group count and size (results/datafusion_groupby_sweep_2026-10-01.csv)) | LEFT AggregateExec (Partial aggregate whose Final was not replaced)",14.64,2026-10-02 01:32:04,2026-10-02 01:32:12,2026-09-29 00:37:52,30,14.75,14.74,,,alternate,false,,,,,,,,0,,,,,,,,def,all
5000000,part1,gsweep,sum_int_2i64_1M,"sum_int, 2 i64 key(s), 1M groups in the key domain","SELECT kl1, kl2, sum(q) AS s FROM grid GROUP BY kl1, kl2",12.56,,,169.7,,30,,"yes",0.000e0,,,"LEFT AggregateExec (input rows 5000000 (exact) vs min_rows 250000; sum_avg_int over 2+ i64 keys (memory input): the measured table takes it at no group count and size (results/datafusion_groupby_sweep_2026-10-01.csv)) | LEFT AggregateExec (Partial aggregate whose Final was not replaced)",,0,0.00,0.00,0.00,0.00,0.00,0,993244,2.95,4.15,100,0,,,,,,,12.53,173.0,12.93,"yes",0,0,0,0.0000,0.00,0.00,"LEFT AggregateExec (input rows 5000000 (exact) vs min_rows 250000; sum_avg_int over 2+ i64 keys (memory input): the measured table takes it at no group count and size (results/datafusion_groupby_sweep_2026-10-01.csv)) | LEFT AggregateExec (Partial aggregate whose Final was not replaced)",12.57,2026-10-02 01:32:04,2026-10-02 01:32:12,2026-09-29 00:37:52,30,12.90,12.92,,,alternate,false,,,,,,,,0,,,,,,,,def,all
5000000,part1,gsweep,avg_int_1i32_R2,"avg_int, 1 i32 key(s), R2 groups in the key domain","SELECT k, avg(q) AS m FROM grid GROUP BY k",13.36,,,180.1,,30,,"yes",0.000e0,,,"LEFT AggregateExec (input rows 5000000 (exact) vs min_rows 250000; sum_avg_int over 1 i32 key (memory input): the measured table takes it at no group count and size (results/datafusion_groupby_sweep_2026-10-01.csv)) | LEFT AggregateExec (Partial aggregate whose Final was not replaced)",,0,0.00,0.00,0.00,0.00,0.00,0,2161856,3.30,7.58,100,0,,,,,,,13.31,182.6,14.78,"yes",0,0,0,0.0000,0.00,0.00,"LEFT AggregateExec (input rows 5000000 (exact) vs min_rows 250000; sum_avg_int over 1 i32 key (memory input): the measured table takes it at no group count and size (results/datafusion_groupby_sweep_2026-10-01.csv)) | LEFT AggregateExec (Partial aggregate whose Final was not replaced)",15.10,2026-10-02 01:35:58,2026-10-02 01:36:14,2026-09-29 00:37:52,30,13.98,13.88,,,alternate,false,,,,,,,,0,,,,,,,,def,all
5000000,part1,gsweep,distinct_1i32_R2,"distinct, 1 i32 key(s), R2 groups in the key domain","SELECT DISTINCT k FROM grid",9.21,,,124.1,,30,,"yes",0.000e0,,,"LEFT AggregateExec (input rows 5000000 (exact) vs min_rows 250000; distinct over 1 i32 key (memory input): the measured table takes it at no group count and size (results/datafusion_groupby_sweep_2026-10-01.csv)) | LEFT AggregateExec (Partial aggregate whose Final was not replaced)",,0,0.00,0.00,0.00,0.00,0.00,0,2161856,3.30,7.58,100,0,,,,,,,9.10,125.2,9.73,"yes",0,0,0,0.0000,0.00,0.00,"LEFT AggregateExec (input rows 5000000 (exact) vs min_rows 250000; distinct over 1 i32 key (memory input): the measured table takes it at no group count and size (results/datafusion_groupby_sweep_2026-10-01.csv)) | LEFT AggregateExec (Partial aggregate whose Final was not replaced)",10.91,2026-10-02 01:35:58,2026-10-02 01:36:14,2026-09-29 00:37:52,30,10.21,10.00,,,alternate,false,,,,,,,,0,,,,,,,,def,all
5000000,part1,gsweep,minmax_f64_2i32_R2,"minmax_f64, 2 i32 key(s), R2 groups in the key domain","SELECT k1, k2, min(x) AS lo, max(x) AS hi FROM grid GROUP BY k1, k2",18.07,,,249.2,,30,,"yes",0.000e0,,,"LEFT AggregateExec (input rows 5000000 (exact) vs min_rows 250000; minmax_f64 over 2+ i32 keys (memory input): the measured table takes it at no group count and size (results/datafusion_groupby_sweep_2026-10-01.csv)) | LEFT AggregateExec (Partial aggregate whose Final was not replaced)",,0,0.00,0.00,0.00,0.00,0.00,0,2161178,3.30,7.58,100,0,,,,,,,17.98,248.1,18.38,"yes",0,0,0,0.0000,0.00,0.00,"LEFT AggregateExec (input rows 5000000 (exact) vs min_rows 250000; minmax_f64 over 2+ i32 keys (memory input): the measured table takes it at no group count and size (results/datafusion_groupby_sweep_2026-10-01.csv)) | LEFT AggregateExec (Partial aggregate whose Final was not replaced)",18.50,2026-10-02 01:35:58,2026-10-02 01:36:14,2026-09-29 00:37:52,30,18.87,18.65,,,alternate,false,,,,,,,,0,,,,,,,,def,all
5000000,part1,gsweep,sum_int_2i32_R2,"sum_int, 2 i32 key(s), R2 groups in the key domain","SELECT k1, k2, sum(q) AS s FROM grid GROUP BY k1, k2",13.71,,,191.5,,30,,"yes",0.000e0,,,"LEFT AggregateExec (input rows 5000000 (exact) vs min_rows 250000; sum_avg_int over 2+ i32 keys (memory input): the measured table takes it at no group count and size (results/datafusion_groupby_sweep_2026-10-01.csv)) | LEFT AggregateExec (Partial aggregate whose Final was not replaced)",,0,0.00,0.00,0.00,0.00,0.00,0,2161178,3.30,7.58,100,0,,,,,,,13.74,189.8,15.30,"yes",0,0,0,0.0000,0.00,0.00,"LEFT AggregateExec (input rows 5000000 (exact) vs min_rows 250000; sum_avg_int over 2+ i32 keys (memory input): the measured table takes it at no group count and size (results/datafusion_groupby_sweep_2026-10-01.csv)) | LEFT AggregateExec (Partial aggregate whose Final was not replaced)",13.82,2026-10-02 01:35:58,2026-10-02 01:36:14,2026-09-29 00:37:52,30,14.28,14.20,,,alternate,false,,,,,,,,0,,,,,,,,def,all
5000000,part1,gsweep,count_1i64_R2,"count, 1 i64 key(s), R2 groups in the key domain","SELECT kl, count(*) AS n FROM grid GROUP BY kl",12.75,,,175.1,,30,,"yes",0.000e0,,,"LEFT AggregateExec (input rows 5000000 (exact) vs min_rows 250000; count over 1 i64 key (memory input): the measured table takes it at no group count and size (results/datafusion_groupby_sweep_2026-10-01.csv)) | LEFT AggregateExec (Partial aggregate whose Final was not replaced)",,0,0.00,0.00,0.00,0.00,0.00,0,2161856,3.30,7.58,100,0,,,,,,,12.70,172.1,13.35,"yes",0,0,0,0.0000,0.00,0.00,"LEFT AggregateExec (input rows 5000000 (exact) vs min_rows 250000; count over 1 i64 key (memory input): the measured table takes it at no group count and size (results/datafusion_groupby_sweep_2026-10-01.csv)) | LEFT AggregateExec (Partial aggregate whose Final was not replaced)",13.68,2026-10-02 01:35:58,2026-10-02 01:36:14,2026-09-29 00:37:52,30,13.38,13.28,,,alternate,false,,,,,,,,0,,,,,,,,def,all
5000000,part1,gsweep,minmax_f64_1i64_R2,"minmax_f64, 1 i64 key(s), R2 groups in the key domain","SELECT kl, min(x) AS lo, max(x) AS hi FROM grid GROUP BY kl",16.90,,,235.5,,30,,"yes",0.000e0,,,"LEFT AggregateExec (input rows 5000000 (exact) vs min_rows 250000; minmax_f64 over 1 i64 key (memory input): the measured table takes it at no group count and size (results/datafusion_groupby_sweep_2026-10-01.csv)) | LEFT AggregateExec (Partial aggregate whose Final was not replaced)",,0,0.00,0.00,0.00,0.00,0.00,0,2161856,3.30,7.58,100,0,,,,,,,16.89,234.9,17.61,"yes",0,0,0,0.0000,0.00,0.00,"LEFT AggregateExec (input rows 5000000 (exact) vs min_rows 250000; minmax_f64 over 1 i64 key (memory input): the measured table takes it at no group count and size (results/datafusion_groupby_sweep_2026-10-01.csv)) | LEFT AggregateExec (Partial aggregate whose Final was not replaced)",17.72,2026-10-02 01:35:58,2026-10-02 01:36:14,2026-09-29 00:37:52,30,17.89,17.96,,,alternate,false,,,,,,,,0,,,,,,,,def,all
5000000,part1,gsweep,avg_int_1i64_R2,"avg_int, 1 i64 key(s), R2 groups in the key domain","SELECT kl, avg(q) AS m FROM grid GROUP BY kl",15.11,,,204.4,,30,,"yes",0.000e0,,,"LEFT AggregateExec (input rows 5000000 (exact) vs min_rows 250000; sum_avg_int over 1 i64 key (memory input): the measured table takes it at no group count and size (results/datafusion_groupby_sweep_2026-10-01.csv)) | LEFT AggregateExec (Partial aggregate whose Final was not replaced)",,0,0.00,0.00,0.00,0.00,0.00,0,2161856,3.30,7.58,100,0,,,,,,,15.05,205.5,15.83,"yes",0,0,0,0.0000,0.00,0.00,"LEFT AggregateExec (input rows 5000000 (exact) vs min_rows 250000; sum_avg_int over 1 i64 key (memory input): the measured table takes it at no group count and size (results/datafusion_groupby_sweep_2026-10-01.csv)) | LEFT AggregateExec (Partial aggregate whose Final was not replaced)",15.25,2026-10-02 01:35:58,2026-10-02 01:36:14,2026-09-29 00:37:52,30,15.77,15.70,,,alternate,false,,,,,,,,0,,,,,,,,def,all
5000000,part1,gsweep,count_2i64_R2,"count, 2 i64 key(s), R2 groups in the key domain","SELECT kl1, kl2, count(*) AS n FROM grid GROUP BY kl1, kl2",15.69,,,220.1,,30,,"yes",0.000e0,,,"LEFT AggregateExec (input rows 5000000 (exact) vs min_rows 250000; count over 2+ i64 keys (memory input): the measured table takes it at no group count and size (results/datafusion_groupby_sweep_2026-10-01.csv)) | LEFT AggregateExec (Partial aggregate whose Final was not replaced)",,0,0.00,0.00,0.00,0.00,0.00,0,2161178,3.30,7.58,100,0,,,,,,,15.80,217.0,15.85,"yes",0,0,0,0.0000,0.00,0.00,"LEFT AggregateExec (input rows 5000000 (exact) vs min_rows 250000; count over 2+ i64 keys (memory input): the measured table takes it at no group count and size (results/datafusion_groupby_sweep_2026-10-01.csv)) | LEFT AggregateExec (Partial aggregate whose Final was not replaced)",15.79,2026-10-02 01:35:58,2026-10-02 01:36:14,2026-09-29 00:37:52,30,16.46,16.50,,,alternate,false,,,,,,,,0,,,,,,,,def,all
5000000,part1,gsweep,avg_f64_2i64_R2,"avg_f64, 2 i64 key(s), R2 groups in the key domain","SELECT kl1, kl2, avg(x) AS m FROM grid GROUP BY kl1, kl2",18.03,,,247.0,,30,,"yes",3.331e-16,,,"LEFT AggregateExec (input rows 5000000 (exact) vs min_rows 250000; sum_avg_f64 over 2+ i64 keys (memory input): the measured table takes it at no group count and size (results/datafusion_groupby_sweep_2026-10-01.csv)) | LEFT AggregateExec (Partial aggregate whose Final was not replaced)",,0,0.00,0.00,0.00,0.00,0.00,0,2161178,3.30,7.58,100,0,,,,,,,17.73,247.4,19.23,"yes",0,0,0,0.0000,0.00,0.00,"LEFT AggregateExec (input rows 5000000 (exact) vs min_rows 250000; sum_avg_f64 over 2+ i64 keys (memory input): the measured table takes it at no group count and size (results/datafusion_groupby_sweep_2026-10-01.csv)) | LEFT AggregateExec (Partial aggregate whose Final was not replaced)",17.67,2026-10-02 01:35:58,2026-10-02 01:36:14,2026-09-29 00:37:52,30,18.48,18.51,,,alternate,false,,,,,,,,0,,,,,,,,def,all
5000000,part1,gsweep,minmax_f64_2i64_R2,"minmax_f64, 2 i64 key(s), R2 groups in the key domain","SELECT kl1, kl2, min(x) AS lo, max(x) AS hi FROM grid GROUP BY kl1, kl2",20.24,,,281.0,,30,,"yes",0.000e0,,,"LEFT AggregateExec (input rows 5000000 (exact) vs min_rows 250000; minmax_f64 over 2+ i64 keys (memory input): the measured table takes it at no group count and size (results/datafusion_groupby_sweep_2026-10-01.csv)) | LEFT AggregateExec (Partial aggregate whose Final was not replaced)",,0,0.00,0.00,0.00,0.00,0.00,0,2161178,3.30,7.58,100,0,,,,,,,20.10,279.6,21.18,"yes",0,0,0,0.0000,0.00,0.00,"LEFT AggregateExec (input rows 5000000 (exact) vs min_rows 250000; minmax_f64 over 2+ i64 keys (memory input): the measured table takes it at no group count and size (results/datafusion_groupby_sweep_2026-10-01.csv)) | LEFT AggregateExec (Partial aggregate whose Final was not replaced)",21.98,2026-10-02 01:35:58,2026-10-02 01:36:14,2026-09-29 00:37:52,30,20.93,20.57,,,alternate,false,,,,,,,,0,,,,,,,,def,all
5000000,part1,gsweep,distinct_2i64_R2,"distinct, 2 i64 key(s), R2 groups in the key domain","SELECT DISTINCT kl1, kl2 FROM grid",12.92,,,184.0,,30,,"yes",0.000e0,,,"LEFT AggregateExec (input rows 5000000 (exact) vs min_rows 250000; distinct over 2+ i64 keys (memory input): the measured table takes it at no group count and size (results/datafusion_groupby_sweep_2026-10-01.csv)) | LEFT AggregateExec (Partial aggregate whose Final was not replaced)",,0,0.00,0.00,0.00,0.00,0.00,0,2161178,3.30,7.58,100,0,,,,,,,12.99,181.1,13.61,"yes",0,0,0,0.0000,0.00,0.00,"LEFT AggregateExec (input rows 5000000 (exact) vs min_rows 250000; distinct over 2+ i64 keys (memory input): the measured table takes it at no group count and size (results/datafusion_groupby_sweep_2026-10-01.csv)) | LEFT AggregateExec (Partial aggregate whose Final was not replaced)",13.30,2026-10-02 01:35:58,2026-10-02 01:36:14,2026-09-29 00:37:52,30,13.58,13.55,,,alternate,false,,,,,,,,0,,,,,,,,def,all
5000000,part1,distinct,u_small,"distinct (int32, int32), 10k groups","SELECT DISTINCT region, sub FROM fact",4.37,,,49.6,,30,,"yes",0.000e0,,,"LEFT AggregateExec (input rows 5000000 (exact) vs min_rows 250000; distinct over 2+ i32 keys (memory input): the measured table takes no group count at 5M rows (the first take is at 50M rows; results/datafusion_groupby_sweep_2026-10-01.csv)) | LEFT AggregateExec (Partial aggregate whose Final was not replaced)",,0,0.00,0.00,0.00,0.00,0.00,0,10000,3.49,3.49,100,0,,,,,,,4.42,49.5,4.75,"yes",0,0,0,0.0000,0.00,0.00,"LEFT AggregateExec (input rows 5000000 (exact) vs min_rows 250000; distinct over 2+ i32 keys (memory input): the measured table takes no group count at 5M rows (the first take is at 50M rows; results/datafusion_groupby_sweep_2026-10-01.csv)) | LEFT AggregateExec (Partial aggregate whose Final was not replaced)",5.44,2026-10-02 03:18:31,2026-10-02 03:18:32,2026-09-29 00:37:52,30,4.58,4.57,,,alternate,false,,,,,,,,0,,,,,,,,def,all
10000000,b8192,gsweep,minmax_f64_1i32_200,"minmax_f64, 1 i32 key(s), 200 groups in the key domain","SELECT k, min(x) AS lo, max(x) AS hi FROM grid GROUP BY k",4.06,,,42.0,,30,,"yes",0.000e0,,,"LEFT AggregateExec (input rows 10000000 (exact) vs min_rows 250000; minmax_f64 over 1 i32 key (memory input): the measured table takes it at no group count and size (results/datafusion_groupby_sweep_2026-10-01.csv)) | LEFT AggregateExec (Partial aggregate whose Final was not replaced)",,0,0.00,0.00,0.00,0.00,0.00,0,200,3.29,3.50,100,0,,,,,,,4.15,42.3,4.88,"yes",0,0,0,0.0000,0.00,0.00,"LEFT AggregateExec (input rows 10000000 (exact) vs min_rows 250000; minmax_f64 over 1 i32 key (memory input): the measured table takes it at no group count and size (results/datafusion_groupby_sweep_2026-10-01.csv)) | LEFT AggregateExec (Partial aggregate whose Final was not replaced)",5.04,2026-10-02 03:18:37,2026-10-02 03:18:43,2026-09-29 00:37:52,30,4.37,4.37,,,alternate,false,,,,,,,,0,,,,,,,,def,all
10000000,b8192,gsweep,count_2i32_200,"count, 2 i32 key(s), 200 groups in the key domain","SELECT k1, k2, count(*) AS n FROM grid GROUP BY k1, k2",8.05,,,90.9,,30,,"yes",0.000e0,,,"LEFT AggregateExec (input rows 10000000 (exact) vs min_rows 250000; count over 2+ i32 keys (memory input): the measured table takes no group count at 10M rows (the first take is at 50M rows; results/datafusion_groupby_sweep_2026-10-01.csv)) | LEFT AggregateExec (Partial aggregate whose Final was not replaced)",,0,0.00,0.00,0.00,0.00,0.00,0,200,3.29,3.50,100,0,,,,,,,7.56,91.5,8.36,"yes",0,0,0,0.0000,0.00,0.00,"LEFT AggregateExec (input rows 10000000 (exact) vs min_rows 250000; count over 2+ i32 keys (memory input): the measured table takes no group count at 10M rows (the first take is at 50M rows; results/datafusion_groupby_sweep_2026-10-01.csv)) | LEFT AggregateExec (Partial aggregate whose Final was not replaced)",8.34,2026-10-02 03:18:37,2026-10-02 03:18:43,2026-09-29 00:37:52,30,8.54,8.59,,,alternate,false,,,,,,,,0,,,,,,,,def,all
10000000,b8192,gsweep,minmax_f64_1i64_200,"minmax_f64, 1 i64 key(s), 200 groups in the key domain","SELECT kl, min(x) AS lo, max(x) AS hi FROM grid GROUP BY kl",4.20,,,42.5,,30,,"yes",0.000e0,,,"LEFT AggregateExec (input rows 10000000 (exact) vs min_rows 250000; minmax_f64 over 1 i64 key (memory input): the measured table takes it at no group count and size (results/datafusion_groupby_sweep_2026-10-01.csv)) | LEFT AggregateExec (Partial aggregate whose Final was not replaced)",,0,0.00,0.00,0.00,0.00,0.00,0,200,3.29,3.50,100,0,,,,,,,4.21,42.6,4.28,"yes",0,0,0,0.0000,0.00,0.00,"LEFT AggregateExec (input rows 10000000 (exact) vs min_rows 250000; minmax_f64 over 1 i64 key (memory input): the measured table takes it at no group count and size (results/datafusion_groupby_sweep_2026-10-01.csv)) | LEFT AggregateExec (Partial aggregate whose Final was not replaced)",4.22,2026-10-02 03:18:37,2026-10-02 03:18:43,2026-09-29 00:37:52,30,4.41,4.35,,,alternate,false,,,,,,,,0,,,,,,,,def,all
10000000,b8192,gsweep,distinct_1i64_200,"distinct, 1 i64 key(s), 200 groups in the key domain","SELECT DISTINCT kl FROM grid",3.25,,,32.5,,30,,"yes",0.000e0,,,"LEFT AggregateExec (input rows 10000000 (exact) vs min_rows 250000; distinct over 1 i64 key (memory input): the measured table takes it at no group count and size (results/datafusion_groupby_sweep_2026-10-01.csv)) | LEFT AggregateExec (Partial aggregate whose Final was not replaced)",,0,0.00,0.00,0.00,0.00,0.00,0,200,3.29,3.50,100,0,,,,,,,3.24,32.9,3.29,"yes",0,0,0,0.0000,0.00,0.00,"LEFT AggregateExec (input rows 10000000 (exact) vs min_rows 250000; distinct over 1 i64 key (memory input): the measured table takes it at no group count and size (results/datafusion_groupby_sweep_2026-10-01.csv)) | LEFT AggregateExec (Partial aggregate whose Final was not replaced)",3.22,2026-10-02 03:18:37,2026-10-02 03:18:43,2026-09-29 00:37:52,30,3.38,3.41,,,alternate,false,,,,,,,,0,,,,,,,,def,all
10000000,b8192,gsweep,sum_f64_2i64_200,"sum_f64, 2 i64 key(s), 200 groups in the key domain","SELECT kl1, kl2, sum(x) AS s FROM grid GROUP BY kl1, kl2",8.19,,,91.1,,30,,"yes",4.377e-16,,,"LEFT AggregateExec (input rows 10000000 (exact) vs min_rows 250000; sum_avg_f64 over 2+ i64 keys (memory input): the measured table takes it at no group count and size (results/datafusion_groupby_sweep_2026-10-01.csv)) | LEFT AggregateExec (Partial aggregate whose Final was not replaced)",,0,0.00,0.00,0.00,0.00,0.00,0,200,3.29,3.50,100,0,,,,,,,8.35,91.3,9.11,"yes",0,0,0,0.0000,0.00,0.00,"LEFT AggregateExec (input rows 10000000 (exact) vs min_rows 250000; sum_avg_f64 over 2+ i64 keys (memory input): the measured table takes it at no group count and size (results/datafusion_groupby_sweep_2026-10-01.csv)) | LEFT AggregateExec (Partial aggregate whose Final was not replaced)",8.45,2026-10-02 03:18:37,2026-10-02 03:18:43,2026-09-29 00:37:52,30,8.67,8.73,,,alternate,false,,,,,,,,0,,,,,,,,def,all
10000000,b8192,gsweep,avg_f64_2i64_200,"avg_f64, 2 i64 key(s), 200 groups in the key domain","SELECT kl1, kl2, avg(x) AS m FROM grid GROUP BY kl1, kl2",8.45,,,93.7,,30,,"yes",2.220e-16,,,"LEFT AggregateExec (input rows 10000000 (exact) vs min_rows 250000; sum_avg_f64 over 2+ i64 keys (memory input): the measured table takes it at no group count and size (results/datafusion_groupby_sweep_2026-10-01.csv)) | LEFT AggregateExec (Partial aggregate whose Final was not replaced)",,0,0.00,0.00,0.00,0.00,0.00,0,200,3.29,3.50,100,0,,,,,,,8.50,93.8,9.29,"yes",0,0,0,0.0000,0.00,0.00,"LEFT AggregateExec (input rows 10000000 (exact) vs min_rows 250000; sum_avg_f64 over 2+ i64 keys (memory input): the measured table takes it at no group count and size (results/datafusion_groupby_sweep_2026-10-01.csv)) | LEFT AggregateExec (Partial aggregate whose Final was not replaced)",8.49,2026-10-02 03:18:37,2026-10-02 03:18:43,2026-09-29 00:37:52,30,8.93,8.75,,,alternate,false,,,,,,,,0,,,,,,,,def,all
10000000,b8192,gsweep,minmax_f64_2i64_200,"minmax_f64, 2 i64 key(s), 200 groups in the key domain","SELECT kl1, kl2, min(x) AS lo, max(x) AS hi FROM grid GROUP BY kl1, kl2",8.60,,,96.1,,30,,"yes",0.000e0,,,"LEFT AggregateExec (input rows 10000000 (exact) vs min_rows 250000; minmax_f64 over 2+ i64 keys (memory input): the measured table takes it at no group count and size (results/datafusion_groupby_sweep_2026-10-01.csv)) | LEFT AggregateExec (Partial aggregate whose Final was not replaced)",,0,0.00,0.00,0.00,0.00,0.00,0,200,3.29,3.50,100,0,,,,,,,8.67,96.2,8.97,"yes",0,0,0,0.0000,0.00,0.00,"LEFT AggregateExec (input rows 10000000 (exact) vs min_rows 250000; minmax_f64 over 2+ i64 keys (memory input): the measured table takes it at no group count and size (results/datafusion_groupby_sweep_2026-10-01.csv)) | LEFT AggregateExec (Partial aggregate whose Final was not replaced)",10.87,2026-10-02 03:18:37,2026-10-02 03:18:43,2026-09-29 00:37:52,30,9.07,9.15,,,alternate,false,,,,,,,,0,,,,,,,,def,all
10000000,b8192,gsweep,sum_int_2i64_200,"sum_int, 2 i64 key(s), 200 groups in the key domain","SELECT kl1, kl2, sum(q) AS s FROM grid GROUP BY kl1, kl2",8.34,,,91.1,,30,,"yes",0.000e0,,,"LEFT AggregateExec (input rows 10000000 (exact) vs min_rows 250000; sum_avg_int over 2+ i64 keys (memory input): the measured table takes it at no group count and size (results/datafusion_groupby_sweep_2026-10-01.csv)) | LEFT AggregateExec (Partial aggregate whose Final was not replaced)",,0,0.00,0.00,0.00,0.00,0.00,0,200,3.29,3.50,100,0,,,,,,,8.32,91.7,9.11,"yes",0,0,0,0.0000,0.00,0.00,"LEFT AggregateExec (input rows 10000000 (exact) vs min_rows 250000; sum_avg_int over 2+ i64 keys (memory input): the measured table takes it at no group count and size (results/datafusion_groupby_sweep_2026-10-01.csv)) | LEFT AggregateExec (Partial aggregate whose Final was not replaced)",9.12,2026-10-02 03:18:37,2026-10-02 03:18:43,2026-09-29 00:37:52,30,8.73,8.72,,,alternate,false,,,,,,,,0,,,,,,,,def,all
10000000,b8192,gsweep,distinct_2i64_200,"distinct, 2 i64 key(s), 200 groups in the key domain","SELECT DISTINCT kl1, kl2 FROM grid",7.63,,,85.7,,30,,"yes",0.000e0,,,"LEFT AggregateExec (input rows 10000000 (exact) vs min_rows 250000; distinct over 2+ i64 keys (memory input): the measured table takes it at no group count and size (results/datafusion_groupby_sweep_2026-10-01.csv)) | LEFT AggregateExec (Partial aggregate whose Final was not replaced)",,0,0.00,0.00,0.00,0.00,0.00,0,200,3.29,3.50,100,0,,,,,,,7.64,85.9,8.10,"yes",0,0,0,0.0000,0.00,0.00,"LEFT AggregateExec (input rows 10000000 (exact) vs min_rows 250000; distinct over 2+ i64 keys (memory input): the measured table takes it at no group count and size (results/datafusion_groupby_sweep_2026-10-01.csv)) | LEFT AggregateExec (Partial aggregate whose Final was not replaced)",7.91,2026-10-02 03:18:37,2026-10-02 03:18:43,2026-09-29 00:37:52,30,8.06,8.07,,,alternate,false,,,,,,,,0,,,,,,,,def,all
10000000,b8192,gsweep,minmax_f32_1i32_10k,"minmax_f32, 1 i32 key(s), 10k groups in the key domain","SELECT k, min(y) AS lo, max(y) AS hi FROM grid GROUP BY k",5.59,,,60.2,,30,,"yes",0.000e0,,,"LEFT AggregateExec (input rows 10000000 (exact) vs min_rows 250000; minmax_f64 over 1 i32 key (memory input): the measured table takes it at no group count and size (results/datafusion_groupby_sweep_2026-10-01.csv)) | LEFT AggregateExec (Partial aggregate whose Final was not replaced)",,0,0.00,0.00,0.00,0.00,0.00,0,10000,3.38,5.03,100,0,,,,,,,5.65,60.3,6.33,"yes",0,0,0,0.0000,0.00,0.00,"LEFT AggregateExec (input rows 10000000 (exact) vs min_rows 250000; minmax_f64 over 1 i32 key (memory input): the measured table takes it at no group count and size (results/datafusion_groupby_sweep_2026-10-01.csv)) | LEFT AggregateExec (Partial aggregate whose Final was not replaced)",6.39,2026-10-02 03:18:48,2026-10-02 03:18:55,2026-09-29 00:37:52,30,5.76,5.77,,,alternate,false,,,,,,,,0,,,,,,,,def,all
10000000,b8192,gsweep,sum_int_1i32_10k,"sum_int, 1 i32 key(s), 10k groups in the key domain","SELECT k, sum(q) AS s FROM grid GROUP BY k",4.56,,,45.7,,30,,"yes",0.000e0,,,"LEFT AggregateExec (input rows 10000000 (exact) vs min_rows 250000; sum_avg_int over 1 i32 key (memory input): the measured table takes it at no group count and size (results/datafusion_groupby_sweep_2026-10-01.csv)) | LEFT AggregateExec (Partial aggregate whose Final was not replaced)",,0,0.00,0.00,0.00,0.00,0.00,0,10000,3.38,5.03,100,0,,,,,,,4.54,46.4,5.21,"yes",0,0,0,0.0000,0.00,0.00,"LEFT AggregateExec (input rows 10000000 (exact) vs min_rows 250000; sum_avg_int over 1 i32 key (memory input): the measured table takes it at no group count and size (results/datafusion_groupby_sweep_2026-10-01.csv)) | LEFT AggregateExec (Partial aggregate whose Final was not replaced)",4.47,2026-10-02 03:18:48,2026-10-02 03:18:55,2026-09-29 00:37:52,30,4.66,4.65,,,alternate,false,,,,,,,,0,,,,,,,,def,all
10000000,b8192,gsweep,avg_int_1i32_10k,"avg_int, 1 i32 key(s), 10k groups in the key domain","SELECT k, avg(q) AS m FROM grid GROUP BY k",5.47,,,58.5,,30,,"yes",0.000e0,,,"LEFT AggregateExec (input rows 10000000 (exact) vs min_rows 250000; sum_avg_int over 1 i32 key (memory input): the measured table takes it at no group count and size (results/datafusion_groupby_sweep_2026-10-01.csv)) | LEFT AggregateExec (Partial aggregate whose Final was not replaced)",,0,0.00,0.00,0.00,0.00,0.00,0,10000,3.38,5.03,100,0,,,,,,,5.56,57.7,5.67,"yes",0,0,0,0.0000,0.00,0.00,"LEFT AggregateExec (input rows 10000000 (exact) vs min_rows 250000; sum_avg_int over 1 i32 key (memory input): the measured table takes it at no group count and size (results/datafusion_groupby_sweep_2026-10-01.csv)) | LEFT AggregateExec (Partial aggregate whose Final was not replaced)",5.46,2026-10-02 03:18:48,2026-10-02 03:18:55,2026-09-29 00:37:52,30,5.68,5.80,,,alternate,false,,,,,,,,0,,,,,,,,def,all
10000000,b8192,gsweep,distinct_1i32_10k,"distinct, 1 i32 key(s), 10k groups in the key domain","SELECT DISTINCT k FROM grid",3.66,,,38.3,,30,,"yes",0.000e0,,,"LEFT AggregateExec (input rows 10000000 (exact) vs min_rows 250000; distinct over 1 i32 key (memory input): the measured table takes it at no group count and size (results/datafusion_groupby_sweep_2026-10-01.csv)) | LEFT AggregateExec (Partial aggregate whose Final was not replaced)",,0,0.00,0.00,0.00,0.00,0.00,0,10000,3.38,5.03,100,0,,,,,,,3.69,38.2,3.80,"yes",0,0,0,0.0000,0.00,0.00,"LEFT AggregateExec (input rows 10000000 (exact) vs min_rows 250000; distinct over 1 i32 key (memory input): the measured table takes it at no group count and size (results/datafusion_groupby_sweep_2026-10-01.csv)) | LEFT AggregateExec (Partial aggregate whose Final was not replaced)",3.80,2026-10-02 03:18:48,2026-10-02 03:18:55,2026-09-29 00:37:52,30,3.78,3.80,,,alternate,false,,,,,,,,0,,,,,,,,def,all
10000000,b8192,gsweep,count_2i32_10k,"count, 2 i32 key(s), 10k groups in the key domain","SELECT k1, k2, count(*) AS n FROM grid GROUP BY k1, k2",9.07,,,100.4,,30,,"yes",0.000e0,,,"LEFT AggregateExec (input rows 10000000 (exact) vs min_rows 250000; count over 2+ i32 keys (memory input): the measured table takes no group count at 10M rows (the first take is at 50M rows; results/datafusion_groupby_sweep_2026-10-01.csv)) | LEFT AggregateExec (Partial aggregate whose Final was not replaced)",,0,0.00,0.00,0.00,0.00,0.00,0,10000,3.38,5.03,100,0,,,,,,,9.04,100.8,9.77,"yes",0,0,0,0.0000,0.00,0.00,"LEFT AggregateExec (input rows 10000000 (exact) vs min_rows 250000; count over 2+ i32 keys (memory input): the measured table takes no group count at 10M rows (the first take is at 50M rows; results/datafusion_groupby_sweep_2026-10-01.csv)) | LEFT AggregateExec (Partial aggregate whose Final was not replaced)",9.17,2026-10-02 03:18:48,2026-10-02 03:18:55,2026-09-29 00:37:52,30,9.38,9.46,,,alternate,false,,,,,,,,0,,,,,,,,def,all
10000000,b8192,gsweep,sum_f64_2i32_10k,"sum_f64, 2 i32 key(s), 10k groups in the key domain","SELECT k1, k2, sum(x) AS s FROM grid GROUP BY k1, k2",9.04,,,100.1,,30,,"yes",6.764e-16,,,"LEFT AggregateExec (input rows 10000000 (exact) vs min_rows 250000; sum_avg_f64 over 2+ i32 keys (memory input): the measured table takes it at no group count and size (results/datafusion_groupby_sweep_2026-10-01.csv)) | LEFT AggregateExec (Partial aggregate whose Final was not replaced)",,0,0.00,0.00,0.00,0.00,0.00,0,10000,3.38,5.03,100,0,,,,,,,9.09,99.7,9.30,"yes",0,0,0,0.0000,0.00,0.00,"LEFT AggregateExec (input rows 10000000 (exact) vs min_rows 250000; sum_avg_f64 over 2+ i32 keys (memory input): the measured table takes it at no group count and size (results/datafusion_groupby_sweep_2026-10-01.csv)) | LEFT AggregateExec (Partial aggregate whose Final was not replaced)",9.47,2026-10-02 03:18:48,2026-10-02 03:18:55,2026-09-29 00:37:52,30,9.41,9.48,,,alternate,false,,,,,,,,0,,,,,,,,def,all
10000000,b8192,gsweep,avg_f64_1i64_10k,"avg_f64, 1 i64 key(s), 10k groups in the key domain","SELECT kl, avg(x) AS m FROM grid GROUP BY kl",5.43,,,57.5,,30,,"yes",3.331e-16,,,"LEFT AggregateExec (input rows 10000000 (exact) vs min_rows 250000; sum_avg_f64 over 1 i64 key (memory input): the measured table takes it at no group count and size (results/datafusion_groupby_sweep_2026-10-01.csv)) | LEFT AggregateExec (Partial aggregate whose Final was not replaced)",,0,0.00,0.00,0.00,0.00,0.00,0,10000,3.38,5.03,100,0,,,,,,,5.49,57.3,5.56,"yes",0,0,0,0.0000,0.00,0.00,"LEFT AggregateExec (input rows 10000000 (exact) vs min_rows 250000; sum_avg_f64 over 1 i64 key (memory input): the measured table takes it at no group count and size (results/datafusion_groupby_sweep_2026-10-01.csv)) | LEFT AggregateExec (Partial aggregate whose Final was not replaced)",5.63,2026-10-02 03:18:48,2026-10-02 03:18:55,2026-09-29 00:37:52,30,5.61,5.64,,,alternate,false,,,,,,,,0,,,,,,,,def,all
10000000,b8192,gsweep,count_2i64_10k,"count, 2 i64 key(s), 10k groups in the key domain","SELECT kl1, kl2, count(*) AS n FROM grid GROUP BY kl1, kl2",9.36,,,102.8,,30,,"yes",0.000e0,,,"LEFT AggregateExec (input rows 10000000 (exact) vs min_rows 250000; count over 2+ i64 keys (memory input): the measured table takes it at no group count and size (results/datafusion_groupby_sweep_2026-10-01.csv)) | LEFT AggregateExec (Partial aggregate whose Final was not replaced)",,0,0.00,0.00,0.00,0.00,0.00,0,10000,3.38,5.03,100,0,,,,,,,8.69,103.1,10.11,"yes",0,0,0,0.0000,0.00,0.00,"LEFT AggregateExec (input rows 10000000 (exact) vs min_rows 250000; count over 2+ i64 keys (memory input): the measured table takes it at no group count and size (results/datafusion_groupby_sweep_2026-10-01.csv)) | LEFT AggregateExec (Partial aggregate whose Final was not replaced)",9.39,2026-10-02 03:18:48,2026-10-02 03:18:55,2026-09-29 00:37:52,30,9.65,9.81,,,alternate,false,,,,,,,,0,,,,,,,,def,all
10000000,b8192,gsweep,sum_f64_2i64_10k,"sum_f64, 2 i64 key(s), 10k groups in the key domain","SELECT kl1, kl2, sum(x) AS s FROM grid GROUP BY kl1, kl2",9.27,,,101.4,,30,,"yes",4.912e-16,,,"LEFT AggregateExec (input rows 10000000 (exact) vs min_rows 250000; sum_avg_f64 over 2+ i64 keys (memory input): the measured table takes it at no group count and size (results/datafusion_groupby_sweep_2026-10-01.csv)) | LEFT AggregateExec (Partial aggregate whose Final was not replaced)",,0,0.00,0.00,0.00,0.00,0.00,0,10000,3.38,5.03,100,0,,,,,,,9.27,102.1,10.03,"yes",0,0,0,0.0000,0.00,0.00,"LEFT AggregateExec (input rows 10000000 (exact) vs min_rows 250000; sum_avg_f64 over 2+ i64 keys (memory input): the measured table takes it at no group count and size (results/datafusion_groupby_sweep_2026-10-01.csv)) | LEFT AggregateExec (Partial aggregate whose Final was not replaced)",9.93,2026-10-02 03:18:48,2026-10-02 03:18:55,2026-09-29 00:37:52,30,9.66,9.70,,,alternate,false,,,,,,,,0,,,,,,,,def,all
10000000,b8192,gsweep,minmax_int_2i64_10k,"minmax_int, 2 i64 key(s), 10k groups in the key domain","SELECT kl1, kl2, min(q) AS lo, max(q) AS hi FROM grid GROUP BY kl1, kl2",10.49,,,116.2,,30,,"yes",0.000e0,,,"LEFT AggregateExec (input rows 10000000 (exact) vs min_rows 250000; minmax_int over 2+ i64 keys (memory input): the measured table takes no group count at 10M rows (the first take is at 50M rows; results/datafusion_groupby_sweep_2026-10-01.csv)) | LEFT AggregateExec (Partial aggregate whose Final was not replaced)",,0,0.00,0.00,0.00,0.00,0.00,0,10000,3.38,5.03,100,0,,,,,,,10.53,116.0,10.89,"yes",0,0,0,0.0000,0.00,0.00,"LEFT AggregateExec (input rows 10000000 (exact) vs min_rows 250000; minmax_int over 2+ i64 keys (memory input): the measured table takes no group count at 10M rows (the first take is at 50M rows; results/datafusion_groupby_sweep_2026-10-01.csv)) | LEFT AggregateExec (Partial aggregate whose Final was not replaced)",10.71,2026-10-02 03:18:48,2026-10-02 03:18:55,2026-09-29 00:37:52,30,10.78,10.88,,,alternate,false,,,,,,,,0,,,,,,,,def,all
10000000,b8192,gsweep,avg_int_1i32_100k,"avg_int, 1 i32 key(s), 100k groups in the key domain","SELECT k, avg(q) AS m FROM grid GROUP BY k",12.17,,,150.2,,30,,"yes",0.000e0,,,"LEFT AggregateExec (input rows 10000000 (exact) vs min_rows 250000; sum_avg_int over 1 i32 key (memory input): the measured table takes it at no group count and size (results/datafusion_groupby_sweep_2026-10-01.csv)) | LEFT AggregateExec (Partial aggregate whose Final was not replaced)",,0,0.00,0.00,0.00,0.00,0.00,0,100000,3.23,4.45,100,0,,,,,,,12.50,154.8,13.20,"yes",0,0,0,0.0000,0.00,0.00,"LEFT AggregateExec (input rows 10000000 (exact) vs min_rows 250000; sum_avg_int over 1 i32 key (memory input): the measured table takes it at no group count and size (results/datafusion_groupby_sweep_2026-10-01.csv)) | LEFT AggregateExec (Partial aggregate whose Final was not replaced)",13.59,2026-10-02 03:20:20,2026-10-02 03:20:30,2026-09-29 00:37:52,30,12.99,13.07,,,alternate,false,,,,,,,,0,,,,,,,,def,all
10000000,b8192,gsweep,count_2i32_100k,"count, 2 i32 key(s), 100k groups in the key domain","SELECT k1, k2, count(*) AS n FROM grid GROUP BY k1, k2",15.17,,,184.9,,30,,"yes",0.000e0,,,"LEFT AggregateExec (input rows 10000000 (exact) vs min_rows 250000; count over 2+ i32 keys (memory input): the measured table takes no group count at 10M rows (the first take is at 50M rows; results/datafusion_groupby_sweep_2026-10-01.csv)) | LEFT AggregateExec (Partial aggregate whose Final was not replaced)",,0,0.00,0.00,0.00,0.00,0.00,0,100000,3.23,4.45,100,0,,,,,,,14.97,184.3,15.97,"yes",0,0,0,0.0000,0.00,0.00,"LEFT AggregateExec (input rows 10000000 (exact) vs min_rows 250000; count over 2+ i32 keys (memory input): the measured table takes no group count at 10M rows (the first take is at 50M rows; results/datafusion_groupby_sweep_2026-10-01.csv)) | LEFT AggregateExec (Partial aggregate whose Final was not replaced)",15.64,2026-10-02 03:20:20,2026-10-02 03:20:30,2026-09-29 00:37:52,30,15.83,15.73,,,alternate,false,,,,,,,,0,,,,,,,,def,all
10000000,b8192,gsweep,minmax_f64_2i32_100k,"minmax_f64, 2 i32 key(s), 100k groups in the key domain","SELECT k1, k2, min(x) AS lo, max(x) AS hi FROM grid GROUP BY k1, k2",20.67,,,272.7,,30,,"yes",0.000e0,,,"LEFT AggregateExec (input rows 10000000 (exact) vs min_rows 250000; minmax_f64 over 2+ i32 keys (memory input): the measured table takes it at no group count and size (results/datafusion_groupby_sweep_2026-10-01.csv)) | LEFT AggregateExec (Partial aggregate whose Final was not replaced)",,0,0.00,0.00,0.00,0.00,0.00,0,100000,3.23,4.45,100,0,,,,,,,20.78,273.4,21.41,"yes",0,0,0,0.0000,0.00,0.00,"LEFT AggregateExec (input rows 10000000 (exact) vs min_rows 250000; minmax_f64 over 2+ i32 keys (memory input): the measured table takes it at no group count and size (results/datafusion_groupby_sweep_2026-10-01.csv)) | LEFT AggregateExec (Partial aggregate whose Final was not replaced)",20.89,2026-10-02 03:20:20,2026-10-02 03:20:30,2026-09-29 00:37:52,30,21.67,21.98,,,alternate,false,,,,,,,,0,,,,,,,,def,all
10000000,b8192,gsweep,sum_int_2i32_100k,"sum_int, 2 i32 key(s), 100k groups in the key domain","SELECT k1, k2, sum(q) AS s FROM grid GROUP BY k1, k2",15.33,,,184.9,,30,,"yes",0.000e0,,,"LEFT AggregateExec (input rows 10000000 (exact) vs min_rows 250000; sum_avg_int over 2+ i32 keys (memory input): the measured table takes it at no group count and size (results/datafusion_groupby_sweep_2026-10-01.csv)) | LEFT AggregateExec (Partial aggregate whose Final was not replaced)",,0,0.00,0.00,0.00,0.00,0.00,0,100000,3.23,4.45,100,0,,,,,,,15.22,185.1,15.71,"yes",0,0,0,0.0000,0.00,0.00,"LEFT AggregateExec (input rows 10000000 (exact) vs min_rows 250000; sum_avg_int over 2+ i32 keys (memory input): the measured table takes it at no group count and size (results/datafusion_groupby_sweep_2026-10-01.csv)) | LEFT AggregateExec (Partial aggregate whose Final was not replaced)",16.07,2026-10-02 03:20:20,2026-10-02 03:20:30,2026-09-29 00:37:52,30,16.14,16.02,,,alternate,false,,,,,,,,0,,,,,,,,def,all
10000000,b8192,gsweep,minmax_f64_2i64_100k,"minmax_f64, 2 i64 key(s), 100k groups in the key domain","SELECT kl1, kl2, min(x) AS lo, max(x) AS hi FROM grid GROUP BY kl1, kl2",22.95,,,313.2,,30,,"yes",0.000e0,,,"LEFT AggregateExec (input rows 10000000 (exact) vs min_rows 250000; minmax_f64 over 2+ i64 keys (memory input): the measured table takes it at no group count and size (results/datafusion_groupby_sweep_2026-10-01.csv)) | LEFT AggregateExec (Partial aggregate whose Final was not replaced)",,0,0.00,0.00,0.00,0.00,0.00,0,100000,3.23,4.45,100,0,,,,,,,22.70,310.7,26.98,"yes",0,0,0,0.0000,0.00,0.00,"LEFT AggregateExec (input rows 10000000 (exact) vs min_rows 250000; minmax_f64 over 2+ i64 keys (memory input): the measured table takes it at no group count and size (results/datafusion_groupby_sweep_2026-10-01.csv)) | LEFT AggregateExec (Partial aggregate whose Final was not replaced)",24.87,2026-10-02 03:20:20,2026-10-02 03:20:30,2026-09-29 00:37:52,30,24.27,24.49,,,alternate,false,,,,,,,,0,,,,,,,,def,all
10000000,b8192,gsweep,avg_int_2i64_100k,"avg_int, 2 i64 key(s), 100k groups in the key domain","SELECT kl1, kl2, avg(q) AS m FROM grid GROUP BY kl1, kl2",19.90,,,267.0,,30,,"yes",0.000e0,,,"LEFT AggregateExec (input rows 10000000 (exact) vs min_rows 250000; sum_avg_int over 2+ i64 keys (memory input): the measured table takes it at no group count and size (results/datafusion_groupby_sweep_2026-10-01.csv)) | LEFT AggregateExec (Partial aggregate whose Final was not replaced)",,0,0.00,0.00,0.00,0.00,0.00,0,100000,3.23,4.45,100,0,,,,,,,19.94,265.8,20.38,"yes",0,0,0,0.0000,0.00,0.00,"LEFT AggregateExec (input rows 10000000 (exact) vs min_rows 250000; sum_avg_int over 2+ i64 keys (memory input): the measured table takes it at no group count and size (results/datafusion_groupby_sweep_2026-10-01.csv)) | LEFT AggregateExec (Partial aggregate whose Final was not replaced)",21.56,2026-10-02 03:20:20,2026-10-02 03:20:30,2026-09-29 00:37:52,30,21.06,20.89,,,alternate,false,,,,,,,,0,,,,,,,,def,all
10000000,b8192,gsweep,distinct_2i64_100k,"distinct, 2 i64 key(s), 100k groups in the key domain","SELECT DISTINCT kl1, kl2 FROM grid",14.17,,,174.5,,30,,"yes",0.000e0,,,"LEFT AggregateExec (input rows 10000000 (exact) vs min_rows 250000; distinct over 2+ i64 keys (memory input): the measured table takes it at no group count and size (results/datafusion_groupby_sweep_2026-10-01.csv)) | LEFT AggregateExec (Partial aggregate whose Final was not replaced)",,0,0.00,0.00,0.00,0.00,0.00,0,100000,3.23,4.45,100,0,,,,,,,14.09,173.7,15.65,"yes",0,0,0,0.0000,0.00,0.00,"LEFT AggregateExec (input rows 10000000 (exact) vs min_rows 250000; distinct over 2+ i64 keys (memory input): the measured table takes it at no group count and size (results/datafusion_groupby_sweep_2026-10-01.csv)) | LEFT AggregateExec (Partial aggregate whose Final was not replaced)",14.30,2026-10-02 03:20:20,2026-10-02 03:20:30,2026-09-29 00:37:52,30,15.02,14.89,,,alternate,false,,,,,,,,0,,,,,,,,def,all
10000000,b8192,gsweep,sum_int_1i32_1M,"sum_int, 1 i32 key(s), 1M groups in the key domain","SELECT k, sum(q) AS s FROM grid GROUP BY k",13.97,,,200.7,,30,,"yes",0.000e0,,,"LEFT AggregateExec (input rows 10000000 (exact) vs min_rows 250000; sum_avg_int over 1 i32 key (memory input): the measured table takes it at no group count and size (results/datafusion_groupby_sweep_2026-10-01.csv)) | LEFT AggregateExec (Partial aggregate whose Final was not replaced)",,0,0.00,0.00,0.00,0.00,0.00,0,999951,3.32,4.58,100,0,,,,,,,13.86,199.2,14.75,"yes",0,0,0,0.0000,0.00,0.00,"LEFT AggregateExec (input rows 10000000 (exact) vs min_rows 250000; sum_avg_int over 1 i32 key (memory input): the measured table takes it at no group count and size (results/datafusion_groupby_sweep_2026-10-01.csv)) | LEFT AggregateExec (Partial aggregate whose Final was not replaced)",16.59,2026-10-02 03:22:15,2026-10-02 03:22:23,2026-09-29 00:37:52,30,14.56,14.68,,,alternate,false,,,,,,,,0,,,,,,,,def,all
10000000,b8192,gsweep,count_2i32_1M,"count, 2 i32 key(s), 1M groups in the key domain","SELECT k1, k2, count(*) AS n FROM grid GROUP BY k1, k2",18.05,,,256.8,,30,,"yes",0.000e0,,,"LEFT AggregateExec (input rows 10000000 (exact) vs min_rows 250000; count over 2+ i32 keys (memory input): the measured table takes no group count at 10M rows (the first take is at 50M rows; results/datafusion_groupby_sweep_2026-10-01.csv)) | LEFT AggregateExec (Partial aggregate whose Final was not replaced)",,0,0.00,0.00,0.00,0.00,0.00,0,999943,3.32,4.58,100,0,,,,,,,17.85,259.4,19.33,"yes",0,0,0,0.0000,0.00,0.00,"LEFT AggregateExec (input rows 10000000 (exact) vs min_rows 250000; count over 2+ i32 keys (memory input): the measured table takes no group count at 10M rows (the first take is at 50M rows; results/datafusion_groupby_sweep_2026-10-01.csv)) | LEFT AggregateExec (Partial aggregate whose Final was not replaced)",18.47,2026-10-02 03:22:15,2026-10-02 03:22:23,2026-09-29 00:37:52,30,18.53,18.59,,,alternate,false,,,,,,,,0,,,,,,,,def,all
10000000,b8192,gsweep,avg_f64_2i32_1M,"avg_f64, 2 i32 key(s), 1M groups in the key domain","SELECT k1, k2, avg(x) AS m FROM grid GROUP BY k1, k2",21.24,,,306.3,,30,,"yes",4.441e-16,,,"LEFT AggregateExec (input rows 10000000 (exact) vs min_rows 250000; sum_avg_f64 over 2+ i32 keys (memory input): the measured table takes it at no group count and size (results/datafusion_groupby_sweep_2026-10-01.csv)) | LEFT AggregateExec (Partial aggregate whose Final was not replaced)",,0,0.00,0.00,0.00,0.00,0.00,0,999943,3.32,4.58,100,0,,,,,,,21.28,306.7,21.92,"yes",0,0,0,0.0000,0.00,0.00,"LEFT AggregateExec (input rows 10000000 (exact) vs min_rows 250000; sum_avg_f64 over 2+ i32 keys (memory input): the measured table takes it at no group count and size (results/datafusion_groupby_sweep_2026-10-01.csv)) | LEFT AggregateExec (Partial aggregate whose Final was not replaced)",21.89,2026-10-02 03:22:15,2026-10-02 03:22:23,2026-09-29 00:37:52,30,21.93,21.81,,,alternate,false,,,,,,,,0,,,,,,,,def,all
10000000,b8192,gsweep,minmax_f64_2i32_1M,"minmax_f64, 2 i32 key(s), 1M groups in the key domain","SELECT k1, k2, min(x) AS lo, max(x) AS hi FROM grid GROUP BY k1, k2",24.05,,,341.3,,30,,"yes",0.000e0,,,"LEFT AggregateExec (input rows 10000000 (exact) vs min_rows 250000; minmax_f64 over 2+ i32 keys (memory input): the measured table takes it at no group count and size (results/datafusion_groupby_sweep_2026-10-01.csv)) | LEFT AggregateExec (Partial aggregate whose Final was not replaced)",,0,0.00,0.00,0.00,0.00,0.00,0,999943,3.32,4.58,100,0,,,,,,,23.85,347.5,25.00,"yes",0,0,0,0.0000,0.00,0.00,"LEFT AggregateExec (input rows 10000000 (exact) vs min_rows 250000; minmax_f64 over 2+ i32 keys (memory input): the measured table takes it at no group count and size (results/datafusion_groupby_sweep_2026-10-01.csv)) | LEFT AggregateExec (Partial aggregate whose Final was not replaced)",25.81,2026-10-02 03:22:15,2026-10-02 03:22:23,2026-09-29 00:37:52,30,24.63,24.51,,,alternate,false,,,,,,,,0,,,,,,,,def,all
10000000,b8192,gsweep,sum_int_1i64_1M,"sum_int, 1 i64 key(s), 1M groups in the key domain","SELECT kl, sum(q) AS s FROM grid GROUP BY kl",15.71,,,224.5,,30,,"yes",0.000e0,,,"LEFT AggregateExec (input rows 10000000 (exact) vs min_rows 250000; sum_avg_int over 1 i64 key (memory input): the measured table takes it at no group count and size (results/datafusion_groupby_sweep_2026-10-01.csv)) | LEFT AggregateExec (Partial aggregate whose Final was not replaced)",,0,0.00,0.00,0.00,0.00,0.00,0,999951,3.32,4.58,100,0,,,,,,,15.87,228.1,16.38,"yes",0,0,0,0.0000,0.00,0.00,"LEFT AggregateExec (input rows 10000000 (exact) vs min_rows 250000; sum_avg_int over 1 i64 key (memory input): the measured table takes it at no group count and size (results/datafusion_groupby_sweep_2026-10-01.csv)) | LEFT AggregateExec (Partial aggregate whose Final was not replaced)",16.91,2026-10-02 03:22:15,2026-10-02 03:22:23,2026-09-29 00:37:52,30,16.35,16.43,,,alternate,false,,,,,,,,0,,,,,,,,def,all
10000000,b8192,gsweep,count_2i32_R2,"count, 2 i32 key(s), R2 groups in the key domain","SELECT k1, k2, count(*) AS n FROM grid GROUP BY k1, k2",28.21,,,411.9,,30,,"yes",0.000e0,,,"LEFT AggregateExec (input rows 10000000 (exact) vs min_rows 250000; count over 2+ i32 keys (memory input): the measured table takes no group count at 10M rows (the first take is at 50M rows; results/datafusion_groupby_sweep_2026-10-01.csv)) | LEFT AggregateExec (Partial aggregate whose Final was not replaced)",,0,0.00,0.00,0.00,0.00,0.00,0,4321209,3.50,6.59,100,0,,,,,,,27.98,410.2,30.22,"yes",0,0,0,0.0000,0.00,0.00,"LEFT AggregateExec (input rows 10000000 (exact) vs min_rows 250000; count over 2+ i32 keys (memory input): the measured table takes no group count at 10M rows (the first take is at 50M rows; results/datafusion_groupby_sweep_2026-10-01.csv)) | LEFT AggregateExec (Partial aggregate whose Final was not replaced)",30.57,2026-10-02 03:22:48,2026-10-02 03:23:06,2026-09-29 00:37:52,30,29.17,28.94,,,alternate,false,,,,,,,,0,,,,,,,,def,all
10000000,b8192,gsweep,count_1i64_R2,"count, 1 i64 key(s), R2 groups in the key domain","SELECT kl, count(*) AS n FROM grid GROUP BY kl",25.84,,,376.8,,30,,"yes",0.000e0,,,"LEFT AggregateExec (input rows 10000000 (exact) vs min_rows 250000; count over 1 i64 key (memory input): the measured table takes it at no group count and size (results/datafusion_groupby_sweep_2026-10-01.csv)) | LEFT AggregateExec (Partial aggregate whose Final was not replaced)",,0,0.00,0.00,0.00,0.00,0.00,0,4323738,3.50,6.59,100,0,,,,,,,25.97,379.7,27.28,"yes",0,0,0,0.0000,0.00,0.00,"LEFT AggregateExec (input rows 10000000 (exact) vs min_rows 250000; count over 1 i64 key (memory input): the measured table takes it at no group count and size (results/datafusion_groupby_sweep_2026-10-01.csv)) | LEFT AggregateExec (Partial aggregate whose Final was not replaced)",26.80,2026-10-02 03:22:48,2026-10-02 03:23:06,2026-09-29 00:37:52,30,28.04,28.02,,,alternate,false,,,,,,,,0,,,,,,,,def,all
10000000,b8192,gsweep,avg_int_1i64_R2,"avg_int, 1 i64 key(s), R2 groups in the key domain","SELECT kl, avg(q) AS m FROM grid GROUP BY kl",32.04,,,464.2,,30,,"yes",0.000e0,,,"LEFT AggregateExec (input rows 10000000 (exact) vs min_rows 250000; sum_avg_int over 1 i64 key (memory input): the measured table takes it at no group count and size (results/datafusion_groupby_sweep_2026-10-01.csv)) | LEFT AggregateExec (Partial aggregate whose Final was not replaced)",,0,0.00,0.00,0.00,0.00,0.00,0,4323738,3.50,6.59,100,0,,,,,,,31.40,455.2,33.55,"yes",0,0,0,0.0000,0.00,0.00,"LEFT AggregateExec (input rows 10000000 (exact) vs min_rows 250000; sum_avg_int over 1 i64 key (memory input): the measured table takes it at no group count and size (results/datafusion_groupby_sweep_2026-10-01.csv)) | LEFT AggregateExec (Partial aggregate whose Final was not replaced)",31.70,2026-10-02 03:22:48,2026-10-02 03:23:06,2026-09-29 00:37:52,30,32.83,33.14,,,alternate,false,,,,,,,,0,,,,,,,,def,all
10000000,b8192,gsweep,sum_int_2i64_R2,"sum_int, 2 i64 key(s), R2 groups in the key domain","SELECT kl1, kl2, sum(q) AS s FROM grid GROUP BY kl1, kl2",32.06,,,468.7,,30,,"yes",0.000e0,,,"LEFT AggregateExec (input rows 10000000 (exact) vs min_rows 250000; sum_avg_int over 2+ i64 keys (memory input): the measured table takes it at no group count and size (results/datafusion_groupby_sweep_2026-10-01.csv)) | LEFT AggregateExec (Partial aggregate whose Final was not replaced)",,0,0.00,0.00,0.00,0.00,0.00,0,4321209,3.50,6.59,100,0,,,,,,,31.98,466.6,33.98,"yes",0,0,0,0.0000,0.00,0.00,"LEFT AggregateExec (input rows 10000000 (exact) vs min_rows 250000; sum_avg_int over 2+ i64 keys (memory input): the measured table takes it at no group count and size (results/datafusion_groupby_sweep_2026-10-01.csv)) | LEFT AggregateExec (Partial aggregate whose Final was not replaced)",33.59,2026-10-02 03:22:48,2026-10-02 03:23:06,2026-09-29 00:37:52,30,32.77,33.00,,,alternate,false,,,,,,,,0,,,,,,,,def,all
10000000,b8192,gsweep,avg_int_2i64_R2,"avg_int, 2 i64 key(s), R2 groups in the key domain","SELECT kl1, kl2, avg(q) AS m FROM grid GROUP BY kl1, kl2",36.89,,,539.0,,30,,"yes",0.000e0,,,"LEFT AggregateExec (input rows 10000000 (exact) vs min_rows 250000; sum_avg_int over 2+ i64 keys (memory input): the measured table takes it at no group count and size (results/datafusion_groupby_sweep_2026-10-01.csv)) | LEFT AggregateExec (Partial aggregate whose Final was not replaced)",,0,0.00,0.00,0.00,0.00,0.00,0,4321209,3.50,6.59,100,0,,,,,,,36.97,533.3,37.86,"yes",0,0,0,0.0000,0.00,0.00,"LEFT AggregateExec (input rows 10000000 (exact) vs min_rows 250000; sum_avg_int over 2+ i64 keys (memory input): the measured table takes it at no group count and size (results/datafusion_groupby_sweep_2026-10-01.csv)) | LEFT AggregateExec (Partial aggregate whose Final was not replaced)",38.86,2026-10-02 03:22:48,2026-10-02 03:23:06,2026-09-29 00:37:52,30,38.21,38.45,,,alternate,false,,,,,,,,0,,,,,,,,def,all
10000000,b8192,gsweep,distinct_2i64_R2,"distinct, 2 i64 key(s), R2 groups in the key domain","SELECT DISTINCT kl1, kl2 FROM grid",26.13,,,378.7,,30,,"yes",0.000e0,,,"LEFT AggregateExec (input rows 10000000 (exact) vs min_rows 250000; distinct over 2+ i64 keys (memory input): the measured table takes it at no group count and size (results/datafusion_groupby_sweep_2026-10-01.csv)) | LEFT AggregateExec (Partial aggregate whose Final was not replaced)",,0,0.00,0.00,0.00,0.00,0.00,0,4321209,3.50,6.59,100,0,,,,,,,26.07,377.6,26.43,"yes",0,0,0,0.0000,0.00,0.00,"LEFT AggregateExec (input rows 10000000 (exact) vs min_rows 250000; distinct over 2+ i64 keys (memory input): the measured table takes it at no group count and size (results/datafusion_groupby_sweep_2026-10-01.csv)) | LEFT AggregateExec (Partial aggregate whose Final was not replaced)",27.46,2026-10-02 03:22:48,2026-10-02 03:23:06,2026-09-29 00:37:52,30,26.80,26.99,,,alternate,false,,,,,,,,0,,,,,,,,def,all
10000000,part1,gsweep,sum_f64_1i32_200,"sum_f64, 1 i32 key(s), 200 groups in the key domain","SELECT k, sum(x) AS s FROM grid GROUP BY k",3.54,,,36.7,,30,,"yes",4.365e-16,,,"LEFT AggregateExec (input rows 10000000 (exact) vs min_rows 250000; sum_avg_f64 over 1 i32 key (memory input): the measured table takes it at no group count and size (results/datafusion_groupby_sweep_2026-10-01.csv)) | LEFT AggregateExec (Partial aggregate whose Final was not replaced)",,0,0.00,0.00,0.00,0.00,0.00,0,200,3.33,3.38,100,0,,,,,,,3.51,36.8,3.77,"yes",0,0,0,0.0000,0.00,0.00,"LEFT AggregateExec (input rows 10000000 (exact) vs min_rows 250000; sum_avg_f64 over 1 i32 key (memory input): the measured table takes it at no group count and size (results/datafusion_groupby_sweep_2026-10-01.csv)) | LEFT AggregateExec (Partial aggregate whose Final was not replaced)",3.96,2026-10-02 03:24:32,2026-10-02 03:24:37,2026-09-29 00:37:52,30,3.70,3.71,,,alternate,false,,,,,,,,0,,,,,,,,def,all
10000000,part1,gsweep,avg_f64_1i32_200,"avg_f64, 1 i32 key(s), 200 groups in the key domain","SELECT k, avg(x) AS m FROM grid GROUP BY k",3.71,,,39.2,,30,,"yes",2.220e-16,,,"LEFT AggregateExec (input rows 10000000 (exact) vs min_rows 250000; sum_avg_f64 over 1 i32 key (memory input): the measured table takes it at no group count and size (results/datafusion_groupby_sweep_2026-10-01.csv)) | LEFT AggregateExec (Partial aggregate whose Final was not replaced)",,0,0.00,0.00,0.00,0.00,0.00,0,200,3.33,3.38,100,0,,,,,,,3.77,39.2,4.12,"yes",0,0,0,0.0000,0.00,0.00,"LEFT AggregateExec (input rows 10000000 (exact) vs min_rows 250000; sum_avg_f64 over 1 i32 key (memory input): the measured table takes it at no group count and size (results/datafusion_groupby_sweep_2026-10-01.csv)) | LEFT AggregateExec (Partial aggregate whose Final was not replaced)",4.30,2026-10-02 03:24:32,2026-10-02 03:24:37,2026-09-29 00:37:52,30,3.93,3.90,,,alternate,false,,,,,,,,0,,,,,,,,def,all
10000000,part1,gsweep,distinct_1i32_200,"distinct, 1 i32 key(s), 200 groups in the key domain","SELECT DISTINCT k FROM grid",3.01,,,31.4,,30,,"yes",0.000e0,,,"LEFT AggregateExec (input rows 10000000 (exact) vs min_rows 250000; distinct over 1 i32 key (memory input): the measured table takes it at no group count and size (results/datafusion_groupby_sweep_2026-10-01.csv)) | LEFT AggregateExec (Partial aggregate whose Final was not replaced)",,0,0.00,0.00,0.00,0.00,0.00,0,200,3.33,3.38,100,0,,,,,,,3.01,31.6,3.29,"yes",0,0,0,0.0000,0.00,0.00,"LEFT AggregateExec (input rows 10000000 (exact) vs min_rows 250000; distinct over 1 i32 key (memory input): the measured table takes it at no group count and size (results/datafusion_groupby_sweep_2026-10-01.csv)) | LEFT AggregateExec (Partial aggregate whose Final was not replaced)",3.03,2026-10-02 03:24:32,2026-10-02 03:24:37,2026-09-29 00:37:52,30,3.13,3.16,,,alternate,false,,,,,,,,0,,,,,,,,def,all
10000000,part1,gsweep,count_2i32_200,"count, 2 i32 key(s), 200 groups in the key domain","SELECT k1, k2, count(*) AS n FROM grid GROUP BY k1, k2",7.90,,,90.3,,30,,"yes",0.000e0,,,"LEFT AggregateExec (input rows 10000000 (exact) vs min_rows 250000; count over 2+ i32 keys (memory input): the measured table takes no group count at 10M rows (the first take is at 50M rows; results/datafusion_groupby_sweep_2026-10-01.csv)) | LEFT AggregateExec (Partial aggregate whose Final was not replaced)",,0,0.00,0.00,0.00,0.00,0.00,0,200,3.33,3.38,100,0,,,,,,,8.02,90.3,8.49,"yes",0,0,0,0.0000,0.00,0.00,"LEFT AggregateExec (input rows 10000000 (exact) vs min_rows 250000; count over 2+ i32 keys (memory input): the measured table takes no group count at 10M rows (the first take is at 50M rows; results/datafusion_groupby_sweep_2026-10-01.csv)) | LEFT AggregateExec (Partial aggregate whose Final was not replaced)",8.39,2026-10-02 03:24:32,2026-10-02 03:24:37,2026-09-29 00:37:52,30,8.24,8.24,,,alternate,false,,,,,,,,0,,,,,,,,def,all
10000000,part1,gsweep,minmax_int_2i32_200,"minmax_int, 2 i32 key(s), 200 groups in the key domain","SELECT k1, k2, min(q) AS lo, max(q) AS hi FROM grid GROUP BY k1, k2",8.27,,,93.1,,30,,"yes",0.000e0,,,"LEFT AggregateExec (input rows 10000000 (exact) vs min_rows 250000; minmax_int over 2+ i32 keys (memory input): the measured table takes no group count at 10M rows (the first take is at 50M rows; results/datafusion_groupby_sweep_2026-10-01.csv)) | LEFT AggregateExec (Partial aggregate whose Final was not replaced)",,0,0.00,0.00,0.00,0.00,0.00,0,200,3.33,3.38,100,0,,,,,,,8.28,93.0,8.49,"yes",0,0,0,0.0000,0.00,0.00,"LEFT AggregateExec (input rows 10000000 (exact) vs min_rows 250000; minmax_int over 2+ i32 keys (memory input): the measured table takes no group count at 10M rows (the first take is at 50M rows; results/datafusion_groupby_sweep_2026-10-01.csv)) | LEFT AggregateExec (Partial aggregate whose Final was not replaced)",8.28,2026-10-02 03:24:32,2026-10-02 03:24:37,2026-09-29 00:37:52,30,8.61,8.70,,,alternate,false,,,,,,,,0,,,,,,,,def,all
10000000,part1,gsweep,sum_int_1i64_200,"sum_int, 1 i64 key(s), 200 groups in the key domain","SELECT kl, sum(q) AS s FROM grid GROUP BY kl",3.58,,,36.9,,30,,"yes",0.000e0,,,"LEFT AggregateExec (input rows 10000000 (exact) vs min_rows 250000; sum_avg_int over 1 i64 key (memory input): the measured table takes it at no group count and size (results/datafusion_groupby_sweep_2026-10-01.csv)) | LEFT AggregateExec (Partial aggregate whose Final was not replaced)",,0,0.00,0.00,0.00,0.00,0.00,0,200,3.33,3.38,100,0,,,,,,,3.59,37.0,3.99,"yes",0,0,0,0.0000,0.00,0.00,"LEFT AggregateExec (input rows 10000000 (exact) vs min_rows 250000; sum_avg_int over 1 i64 key (memory input): the measured table takes it at no group count and size (results/datafusion_groupby_sweep_2026-10-01.csv)) | LEFT AggregateExec (Partial aggregate whose Final was not replaced)",3.70,2026-10-02 03:24:32,2026-10-02 03:24:37,2026-09-29 00:37:52,30,3.80,3.81,,,alternate,false,,,,,,,,0,,,,,,,,def,all
10000000,part1,gsweep,count_2i64_200,"count, 2 i64 key(s), 200 groups in the key domain","SELECT kl1, kl2, count(*) AS n FROM grid GROUP BY kl1, kl2",8.08,,,91.3,,30,,"yes",0.000e0,,,"LEFT AggregateExec (input rows 10000000 (exact) vs min_rows 250000; count over 2+ i64 keys (memory input): the measured table takes it at no group count and size (results/datafusion_groupby_sweep_2026-10-01.csv)) | LEFT AggregateExec (Partial aggregate whose Final was not replaced)",,0,0.00,0.00,0.00,0.00,0.00,0,200,3.33,3.38,100,0,,,,,,,8.09,91.5,8.40,"yes",0,0,0,0.0000,0.00,0.00,"LEFT AggregateExec (input rows 10000000 (exact) vs min_rows 250000; count over 2+ i64 keys (memory input): the measured table takes it at no group count and size (results/datafusion_groupby_sweep_2026-10-01.csv)) | LEFT AggregateExec (Partial aggregate whose Final was not replaced)",8.64,2026-10-02 03:24:32,2026-10-02 03:24:37,2026-09-29 00:37:52,30,8.23,8.25,,,alternate,false,,,,,,,,0,,,,,,,,def,all
10000000,part1,gsweep,sum_int_2i64_200,"sum_int, 2 i64 key(s), 200 groups in the key domain","SELECT kl1, kl2, sum(q) AS s FROM grid GROUP BY kl1, kl2",8.06,,,90.2,,30,,"yes",0.000e0,,,"LEFT AggregateExec (input rows 10000000 (exact) vs min_rows 250000; sum_avg_int over 2+ i64 keys (memory input): the measured table takes it at no group count and size (results/datafusion_groupby_sweep_2026-10-01.csv)) | LEFT AggregateExec (Partial aggregate whose Final was not replaced)",,0,0.00,0.00,0.00,0.00,0.00,0,200,3.33,3.38,100,0,,,,,,,8.01,90.2,8.31,"yes",0,0,0,0.0000,0.00,0.00,"LEFT AggregateExec (input rows 10000000 (exact) vs min_rows 250000; sum_avg_int over 2+ i64 keys (memory input): the measured table takes it at no group count and size (results/datafusion_groupby_sweep_2026-10-01.csv)) | LEFT AggregateExec (Partial aggregate whose Final was not replaced)",8.12,2026-10-02 03:24:32,2026-10-02 03:24:37,2026-09-29 00:37:52,30,8.24,8.27,,,alternate,false,,,,,,,,0,,,,,,,,def,all
10000000,part1,gsweep,count_1i32_10k,"count, 1 i32 key(s), 10k groups in the key domain","SELECT k, count(*) AS n FROM grid GROUP BY k",4.35,,,47.2,,30,,"yes",0.000e0,,,"LEFT AggregateExec (input rows 10000000 (exact) vs min_rows 250000; count over 1 i32 key (memory input): the measured table takes it at no group count and size (results/datafusion_groupby_sweep_2026-10-01.csv)) | LEFT AggregateExec (Partial aggregate whose Final was not replaced)",,0,0.00,0.00,0.00,0.00,0.00,0,10000,3.27,3.65,100,0,,,,,,,4.09,46.3,4.61,"yes",0,0,0,0.0000,0.00,0.00,"LEFT AggregateExec (input rows 10000000 (exact) vs min_rows 250000; count over 1 i32 key (memory input): the measured table takes it at no group count and size (results/datafusion_groupby_sweep_2026-10-01.csv)) | LEFT AggregateExec (Partial aggregate whose Final was not replaced)",4.81,2026-10-02 03:24:42,2026-10-02 03:24:46,2026-09-29 00:37:52,30,4.47,4.49,,,alternate,false,,,,,,,,0,,,,,,,,def,all
10000000,part1,gsweep,minmax_int_1i32_10k,"minmax_int, 1 i32 key(s), 10k groups in the key domain","SELECT k, min(q) AS lo, max(q) AS hi FROM grid GROUP BY k",5.33,,,57.1,,30,,"yes",0.000e0,,,"LEFT AggregateExec (input rows 10000000 (exact) vs min_rows 250000; minmax_int over 1 i32 key (memory input): the measured table takes it at no group count and size (results/datafusion_groupby_sweep_2026-10-01.csv)) | LEFT AggregateExec (Partial aggregate whose Final was not replaced)",,0,0.00,0.00,0.00,0.00,0.00,0,10000,3.27,3.65,100,0,,,,,,,5.36,57.3,5.68,"yes",0,0,0,0.0000,0.00,0.00,"LEFT AggregateExec (input rows 10000000 (exact) vs min_rows 250000; minmax_int over 1 i32 key (memory input): the measured table takes it at no group count and size (results/datafusion_groupby_sweep_2026-10-01.csv)) | LEFT AggregateExec (Partial aggregate whose Final was not replaced)",5.24,2026-10-02 03:24:42,2026-10-02 03:24:46,2026-09-29 00:37:52,30,5.47,5.50,,,alternate,false,,,,,,,,0,,,,,,,,def,all
10000000,part1,gsweep,count_2i32_10k,"count, 2 i32 key(s), 10k groups in the key domain","SELECT k1, k2, count(*) AS n FROM grid GROUP BY k1, k2",8.22,,,98.9,,30,,"yes",0.000e0,,,"LEFT AggregateExec (input rows 10000000 (exact) vs min_rows 250000; count over 2+ i32 keys (memory input): the measured table takes no group count at 10M rows (the first take is at 50M rows; results/datafusion_groupby_sweep_2026-10-01.csv)) | LEFT AggregateExec (Partial aggregate whose Final was not replaced)",,0,0.00,0.00,0.00,0.00,0.00,0,10000,3.27,3.65,100,0,,,,,,,8.86,99.4,9.08,"yes",0,0,0,0.0000,0.00,0.00,"LEFT AggregateExec (input rows 10000000 (exact) vs min_rows 250000; count over 2+ i32 keys (memory input): the measured table takes no group count at 10M rows (the first take is at 50M rows; results/datafusion_groupby_sweep_2026-10-01.csv)) | LEFT AggregateExec (Partial aggregate whose Final was not replaced)",8.96,2026-10-02 03:24:42,2026-10-02 03:24:46,2026-09-29 00:37:52,30,9.18,9.23,,,alternate,false,,,,,,,,0,,,,,,,,def,all
10000000,part1,gsweep,avg_int_2i32_10k,"avg_int, 2 i32 key(s), 10k groups in the key domain","SELECT k1, k2, avg(q) AS m FROM grid GROUP BY k1, k2",9.88,,,110.8,,30,,"yes",0.000e0,,,"LEFT AggregateExec (input rows 10000000 (exact) vs min_rows 250000; sum_avg_int over 2+ i32 keys (memory input): the measured table takes it at no group count and size (results/datafusion_groupby_sweep_2026-10-01.csv)) | LEFT AggregateExec (Partial aggregate whose Final was not replaced)",,0,0.00,0.00,0.00,0.00,0.00,0,10000,3.27,3.65,100,0,,,,,,,9.90,111.0,10.14,"yes",0,0,0,0.0000,0.00,0.00,"LEFT AggregateExec (input rows 10000000 (exact) vs min_rows 250000; sum_avg_int over 2+ i32 keys (memory input): the measured table takes it at no group count and size (results/datafusion_groupby_sweep_2026-10-01.csv)) | LEFT AggregateExec (Partial aggregate whose Final was not replaced)",10.04,2026-10-02 03:24:42,2026-10-02 03:24:46,2026-09-29 00:37:52,30,10.17,10.26,,,alternate,false,,,,,,,,0,,,,,,,,def,all
10000000,part1,gsweep,sum_f64_2i64_10k,"sum_f64, 2 i64 key(s), 10k groups in the key domain","SELECT kl1, kl2, sum(x) AS s FROM grid GROUP BY kl1, kl2",9.15,,,101.0,,30,,"yes",4.583e-16,,,"LEFT AggregateExec (input rows 10000000 (exact) vs min_rows 250000; sum_avg_f64 over 2+ i64 keys (memory input): the measured table takes it at no group count and size (results/datafusion_groupby_sweep_2026-10-01.csv)) | LEFT AggregateExec (Partial aggregate whose Final was not replaced)",,0,0.00,0.00,0.00,0.00,0.00,0,10000,3.27,3.65,100,0,,,,,,,9.05,100.4,9.05,"yes",0,0,0,0.0000,0.00,0.00,"LEFT AggregateExec (input rows 10000000 (exact) vs min_rows 250000; sum_avg_f64 over 2+ i64 keys (memory input): the measured table takes it at no group count and size (results/datafusion_groupby_sweep_2026-10-01.csv)) | LEFT AggregateExec (Partial aggregate whose Final was not replaced)",9.12,2026-10-02 03:24:42,2026-10-02 03:24:46,2026-09-29 00:37:52,30,9.44,9.46,,,alternate,false,,,,,,,,0,,,,,,,,def,all
10000000,part1,gsweep,avg_int_2i64_10k,"avg_int, 2 i64 key(s), 10k groups in the key domain","SELECT kl1, kl2, avg(q) AS m FROM grid GROUP BY kl1, kl2",10.14,,,112.2,,30,,"yes",0.000e0,,,"LEFT AggregateExec (input rows 10000000 (exact) vs min_rows 250000; sum_avg_int over 2+ i64 keys (memory input): the measured table takes it at no group count and size (results/datafusion_groupby_sweep_2026-10-01.csv)) | LEFT AggregateExec (Partial aggregate whose Final was not replaced)",,0,0.00,0.00,0.00,0.00,0.00,0,10000,3.27,3.65,100,0,,,,,,,9.90,110.6,10.18,"yes",0,0,0,0.0000,0.00,0.00,"LEFT AggregateExec (input rows 10000000 (exact) vs min_rows 250000; sum_avg_int over 2+ i64 keys (memory input): the measured table takes it at no group count and size (results/datafusion_groupby_sweep_2026-10-01.csv)) | LEFT AggregateExec (Partial aggregate whose Final was not replaced)",10.41,2026-10-02 03:24:42,2026-10-02 03:24:46,2026-09-29 00:37:52,30,10.32,10.48,,,alternate,false,,,,,,,,0,,,,,,,,def,all
10000000,part1,gsweep,count_2i32_100k,"count, 2 i32 key(s), 100k groups in the key domain","SELECT k1, k2, count(*) AS n FROM grid GROUP BY k1, k2",14.80,,,183.0,,30,,"yes",0.000e0,,,"LEFT AggregateExec (input rows 10000000 (exact) vs min_rows 250000; count over 2+ i32 keys (memory input): the measured table takes no group count at 10M rows (the first take is at 50M rows; results/datafusion_groupby_sweep_2026-10-01.csv)) | LEFT AggregateExec (Partial aggregate whose Final was not replaced)",,0,0.00,0.00,0.00,0.00,0.00,0,100000,3.01,4.42,100,0,,,,,,,14.82,183.4,17.30,"yes",0,0,0,0.0000,0.00,0.00,"LEFT AggregateExec (input rows 10000000 (exact) vs min_rows 250000; count over 2+ i32 keys (memory input): the measured table takes no group count at 10M rows (the first take is at 50M rows; results/datafusion_groupby_sweep_2026-10-01.csv)) | LEFT AggregateExec (Partial aggregate whose Final was not replaced)",17.49,2026-10-02 03:26:11,2026-10-02 03:26:21,2026-09-29 00:37:52,30,15.38,15.50,,,alternate,false,,,,,,,,0,,,,,,,,def,all
10000000,part1,gsweep,count_1i64_100k,"count, 1 i64 key(s), 100k groups in the key domain","SELECT kl, count(*) AS n FROM grid GROUP BY kl",10.34,,,133.2,,30,,"yes",0.000e0,,,"LEFT AggregateExec (input rows 10000000 (exact) vs min_rows 250000; count over 1 i64 key (memory input): the measured table takes it at no group count and size (results/datafusion_groupby_sweep_2026-10-01.csv)) | LEFT AggregateExec (Partial aggregate whose Final was not replaced)",,0,0.00,0.00,0.00,0.00,0.00,0,100000,3.01,4.42,100,0,,,,,,,10.42,130.1,11.57,"yes",0,0,0,0.0000,0.00,0.00,"LEFT AggregateExec (input rows 10000000 (exact) vs min_rows 250000; count over 1 i64 key (memory input): the measured table takes it at no group count and size (results/datafusion_groupby_sweep_2026-10-01.csv)) | LEFT AggregateExec (Partial aggregate whose Final was not replaced)",10.81,2026-10-02 03:26:11,2026-10-02 03:26:21,2026-09-29 00:37:52,30,11.29,11.33,,,alternate,false,,,,,,,,0,,,,,,,,def,all
10000000,part1,gsweep,avg_f64_1i64_100k,"avg_f64, 1 i64 key(s), 100k groups in the key domain","SELECT kl, avg(x) AS m FROM grid GROUP BY kl",13.42,,,170.3,,30,,"yes",4.441e-16,,,"LEFT AggregateExec (input rows 10000000 (exact) vs min_rows 250000; sum_avg_f64 over 1 i64 key (memory input): the measured table takes it at no group count and size (results/datafusion_groupby_sweep_2026-10-01.csv)) | LEFT AggregateExec (Partial aggregate whose Final was not replaced)",,0,0.00,0.00,0.00,0.00,0.00,0,100000,3.01,4.42,100,0,,,,,,,13.48,163.6,13.94,"yes",0,0,0,0.0000,0.00,0.00,"LEFT AggregateExec (input rows 10000000 (exact) vs min_rows 250000; sum_avg_f64 over 1 i64 key (memory input): the measured table takes it at no group count and size (results/datafusion_groupby_sweep_2026-10-01.csv)) | LEFT AggregateExec (Partial aggregate whose Final was not replaced)",13.13,2026-10-02 03:26:11,2026-10-02 03:26:21,2026-09-29 00:37:52,30,13.87,13.95,,,alternate,false,,,,,,,,0,,,,,,,,def,all
10000000,part1,gsweep,minmax_f64_1i64_100k,"minmax_f64, 1 i64 key(s), 100k groups in the key domain","SELECT kl, min(x) AS lo, max(x) AS hi FROM grid GROUP BY kl",17.35,,,215.7,,30,,"yes",0.000e0,,,"LEFT AggregateExec (input rows 10000000 (exact) vs min_rows 250000; minmax_f64 over 1 i64 key (memory input): the measured table takes it at no group count and size (results/datafusion_groupby_sweep_2026-10-01.csv)) | LEFT AggregateExec (Partial aggregate whose Final was not replaced)",,0,0.00,0.00,0.00,0.00,0.00,0,100000,3.01,4.42,100,0,,,,,,,17.03,220.4,18.03,"yes",0,0,0,0.0000,0.00,0.00,"LEFT AggregateExec (input rows 10000000 (exact) vs min_rows 250000; minmax_f64 over 1 i64 key (memory input): the measured table takes it at no group count and size (results/datafusion_groupby_sweep_2026-10-01.csv)) | LEFT AggregateExec (Partial aggregate whose Final was not replaced)",18.21,2026-10-02 03:26:11,2026-10-02 03:26:21,2026-09-29 00:37:52,30,18.13,18.20,,,alternate,false,,,,,,,,0,,,,,,,,def,all
10000000,part1,gsweep,minmax_f32_1i64_100k,"minmax_f32, 1 i64 key(s), 100k groups in the key domain","SELECT kl, min(y) AS lo, max(y) AS hi FROM grid GROUP BY kl",15.50,,,188.8,,30,,"yes",0.000e0,,,"LEFT AggregateExec (input rows 10000000 (exact) vs min_rows 250000; minmax_f64 over 1 i64 key (memory input): the measured table takes it at no group count and size (results/datafusion_groupby_sweep_2026-10-01.csv)) | LEFT AggregateExec (Partial aggregate whose Final was not replaced)",,0,0.00,0.00,0.00,0.00,0.00,0,100000,3.01,4.42,100,0,,,,,,,15.66,190.8,17.04,"yes",0,0,0,0.0000,0.00,0.00,"LEFT AggregateExec (input rows 10000000 (exact) vs min_rows 250000; minmax_f64 over 1 i64 key (memory input): the measured table takes it at no group count and size (results/datafusion_groupby_sweep_2026-10-01.csv)) | LEFT AggregateExec (Partial aggregate whose Final was not replaced)",16.12,2026-10-02 03:26:11,2026-10-02 03:26:21,2026-09-29 00:37:52,30,16.66,16.47,,,alternate,false,,,,,,,,0,,,,,,,,def,all
10000000,part1,gsweep,count_2i64_100k,"count, 2 i64 key(s), 100k groups in the key domain","SELECT kl1, kl2, count(*) AS n FROM grid GROUP BY kl1, kl2",16.42,,,214.7,,30,,"yes",0.000e0,,,"LEFT AggregateExec (input rows 10000000 (exact) vs min_rows 250000; count over 2+ i64 keys (memory input): the measured table takes it at no group count and size (results/datafusion_groupby_sweep_2026-10-01.csv)) | LEFT AggregateExec (Partial aggregate whose Final was not replaced)",,0,0.00,0.00,0.00,0.00,0.00,0,100000,3.01,4.42,100,0,,,,,,,16.34,212.5,17.59,"yes",0,0,0,0.0000,0.00,0.00,"LEFT AggregateExec (input rows 10000000 (exact) vs min_rows 250000; count over 2+ i64 keys (memory input): the measured table takes it at no group count and size (results/datafusion_groupby_sweep_2026-10-01.csv)) | LEFT AggregateExec (Partial aggregate whose Final was not replaced)",17.45,2026-10-02 03:26:11,2026-10-02 03:26:21,2026-09-29 00:37:52,30,17.38,17.32,,,alternate,false,,,,,,,,0,,,,,,,,def,all
10000000,part1,gsweep,avg_f64_2i64_100k,"avg_f64, 2 i64 key(s), 100k groups in the key domain","SELECT kl1, kl2, avg(x) AS m FROM grid GROUP BY kl1, kl2",19.31,,,261.7,,30,,"yes",3.331e-16,,,"LEFT AggregateExec (input rows 10000000 (exact) vs min_rows 250000; sum_avg_f64 over 2+ i64 keys (memory input): the measured table takes it at no group count and size (results/datafusion_groupby_sweep_2026-10-01.csv)) | LEFT AggregateExec (Partial aggregate whose Final was not replaced)",,0,0.00,0.00,0.00,0.00,0.00,0,100000,3.01,4.42,100,0,,,,,,,19.19,258.9,19.49,"yes",0,0,0,0.0000,0.00,0.00,"LEFT AggregateExec (input rows 10000000 (exact) vs min_rows 250000; sum_avg_f64 over 2+ i64 keys (memory input): the measured table takes it at no group count and size (results/datafusion_groupby_sweep_2026-10-01.csv)) | LEFT AggregateExec (Partial aggregate whose Final was not replaced)",19.62,2026-10-02 03:26:11,2026-10-02 03:26:21,2026-09-29 00:37:52,30,19.97,20.05,,,alternate,false,,,,,,,,0,,,,,,,,def,all
10000000,part1,gsweep,distinct_2i64_100k,"distinct, 2 i64 key(s), 100k groups in the key domain","SELECT DISTINCT kl1, kl2 FROM grid",13.93,,,174.1,,30,,"yes",0.000e0,,,"LEFT AggregateExec (input rows 10000000 (exact) vs min_rows 250000; distinct over 2+ i64 keys (memory input): the measured table takes it at no group count and size (results/datafusion_groupby_sweep_2026-10-01.csv)) | LEFT AggregateExec (Partial aggregate whose Final was not replaced)",,0,0.00,0.00,0.00,0.00,0.00,0,100000,3.01,4.42,100,0,,,,,,,14.13,176.3,14.46,"yes",0,0,0,0.0000,0.00,0.00,"LEFT AggregateExec (input rows 10000000 (exact) vs min_rows 250000; distinct over 2+ i64 keys (memory input): the measured table takes it at no group count and size (results/datafusion_groupby_sweep_2026-10-01.csv)) | LEFT AggregateExec (Partial aggregate whose Final was not replaced)",14.45,2026-10-02 03:26:11,2026-10-02 03:26:21,2026-09-29 00:37:52,30,14.70,14.45,,,alternate,false,,,,,,,,0,,,,,,,,def,all
10000000,part1,gsweep,minmax_f32_1i32_1M,"minmax_f32, 1 i32 key(s), 1M groups in the key domain","SELECT k, min(y) AS lo, max(y) AS hi FROM grid GROUP BY k",16.30,,,236.6,,30,,"yes",0.000e0,,,"LEFT AggregateExec (input rows 10000000 (exact) vs min_rows 250000; minmax_f64 over 1 i32 key (memory input): the measured table takes it at no group count and size (results/datafusion_groupby_sweep_2026-10-01.csv)) | LEFT AggregateExec (Partial aggregate whose Final was not replaced)",,0,0.00,0.00,0.00,0.00,0.00,0,999951,3.41,4.30,100,0,,,,,,,16.12,234.2,17.41,"yes",0,0,0,0.0000,0.00,0.00,"LEFT AggregateExec (input rows 10000000 (exact) vs min_rows 250000; minmax_f64 over 1 i32 key (memory input): the measured table takes it at no group count and size (results/datafusion_groupby_sweep_2026-10-01.csv)) | LEFT AggregateExec (Partial aggregate whose Final was not replaced)",18.25,2026-10-02 03:27:27,2026-10-02 03:27:38,2026-09-29 00:37:52,30,16.96,16.78,,,alternate,false,,,,,,,,0,,,,,,,,def,all
10000000,part1,gsweep,count_2i32_1M,"count, 2 i32 key(s), 1M groups in the key domain","SELECT k1, k2, count(*) AS n FROM grid GROUP BY k1, k2",17.80,,,259.7,,30,,"yes",0.000e0,,,"LEFT AggregateExec (input rows 10000000 (exact) vs min_rows 250000; count over 2+ i32 keys (memory input): the measured table takes no group count at 10M rows (the first take is at 50M rows; results/datafusion_groupby_sweep_2026-10-01.csv)) | LEFT AggregateExec (Partial aggregate whose Final was not replaced)",,0,0.00,0.00,0.00,0.00,0.00,0,999943,3.41,4.30,100,0,,,,,,,17.87,259.3,19.22,"yes",0,0,0,0.0000,0.00,0.00,"LEFT AggregateExec (input rows 10000000 (exact) vs min_rows 250000; count over 2+ i32 keys (memory input): the measured table takes no group count at 10M rows (the first take is at 50M rows; results/datafusion_groupby_sweep_2026-10-01.csv)) | LEFT AggregateExec (Partial aggregate whose Final was not replaced)",18.49,2026-10-02 03:27:27,2026-10-02 03:27:38,2026-09-29 00:37:52,30,18.49,18.47,,,alternate,false,,,,,,,,0,,,,,,,,def,all
10000000,part1,gsweep,minmax_f32_2i32_1M,"minmax_f32, 2 i32 key(s), 1M groups in the key domain","SELECT k1, k2, min(y) AS lo, max(y) AS hi FROM grid GROUP BY k1, k2",20.65,,,304.9,,30,,"yes",0.000e0,,,"LEFT AggregateExec (input rows 10000000 (exact) vs min_rows 250000; minmax_f64 over 2+ i32 keys (memory input): the measured table takes it at no group count and size (results/datafusion_groupby_sweep_2026-10-01.csv)) | LEFT AggregateExec (Partial aggregate whose Final was not replaced)",,0,0.00,0.00,0.00,0.00,0.00,0,999943,3.41,4.30,100,0,,,,,,,20.80,304.7,21.42,"yes",0,0,0,0.0000,0.00,0.00,"LEFT AggregateExec (input rows 10000000 (exact) vs min_rows 250000; minmax_f64 over 2+ i32 keys (memory input): the measured table takes it at no group count and size (results/datafusion_groupby_sweep_2026-10-01.csv)) | LEFT AggregateExec (Partial aggregate whose Final was not replaced)",21.58,2026-10-02 03:27:27,2026-10-02 03:27:38,2026-09-29 00:37:52,30,21.25,21.67,,,alternate,false,,,,,,,,0,,,,,,,,def,all
10000000,part1,gsweep,sum_int_2i32_1M,"sum_int, 2 i32 key(s), 1M groups in the key domain","SELECT k1, k2, sum(q) AS s FROM grid GROUP BY k1, k2",18.06,,,262.7,,30,,"yes",0.000e0,,,"LEFT AggregateExec (input rows 10000000 (exact) vs min_rows 250000; sum_avg_int over 2+ i32 keys (memory input): the measured table takes it at no group count and size (results/datafusion_groupby_sweep_2026-10-01.csv)) | LEFT AggregateExec (Partial aggregate whose Final was not replaced)",,0,0.00,0.00,0.00,0.00,0.00,0,999943,3.41,4.30,100,0,,,,,,,18.03,263.6,18.43,"yes",0,0,0,0.0000,0.00,0.00,"LEFT AggregateExec (input rows 10000000 (exact) vs min_rows 250000; sum_avg_int over 2+ i32 keys (memory input): the measured table takes it at no group count and size (results/datafusion_groupby_sweep_2026-10-01.csv)) | LEFT AggregateExec (Partial aggregate whose Final was not replaced)",18.75,2026-10-02 03:27:27,2026-10-02 03:27:38,2026-09-29 00:37:52,30,18.58,18.78,,,alternate,false,,,,,,,,0,,,,,,,,def,all
10000000,part1,gsweep,minmax_f64_1i64_1M,"minmax_f64, 1 i64 key(s), 1M groups in the key domain","SELECT kl, min(x) AS lo, max(x) AS hi FROM grid GROUP BY kl",21.52,,,310.9,,30,,"yes",0.000e0,,,"LEFT AggregateExec (input rows 10000000 (exact) vs min_rows 250000; minmax_f64 over 1 i64 key (memory input): the measured table takes it at no group count and size (results/datafusion_groupby_sweep_2026-10-01.csv)) | LEFT AggregateExec (Partial aggregate whose Final was not replaced)",,0,0.00,0.00,0.00,0.00,0.00,0,999951,3.41,4.30,100,0,,,,,,,21.29,305.8,22.28,"yes",0,0,0,0.0000,0.00,0.00,"LEFT AggregateExec (input rows 10000000 (exact) vs min_rows 250000; minmax_f64 over 1 i64 key (memory input): the measured table takes it at no group count and size (results/datafusion_groupby_sweep_2026-10-01.csv)) | LEFT AggregateExec (Partial aggregate whose Final was not replaced)",21.28,2026-10-02 03:27:27,2026-10-02 03:27:38,2026-09-29 00:37:52,30,22.03,21.76,,,alternate,false,,,,,,,,0,,,,,,,,def,all
10000000,part1,gsweep,avg_f64_2i64_1M,"avg_f64, 2 i64 key(s), 1M groups in the key domain","SELECT kl1, kl2, avg(x) AS m FROM grid GROUP BY kl1, kl2",24.57,,,349.0,,30,,"yes",4.441e-16,,,"LEFT AggregateExec (input rows 10000000 (exact) vs min_rows 250000; sum_avg_f64 over 2+ i64 keys (memory input): the measured table takes it at no group count and size (results/datafusion_groupby_sweep_2026-10-01.csv)) | LEFT AggregateExec (Partial aggregate whose Final was not replaced)",,0,0.00,0.00,0.00,0.00,0.00,0,999943,3.41,4.30,100,0,,,,,,,24.40,351.4,24.85,"yes",0,0,0,0.0000,0.00,0.00,"LEFT AggregateExec (input rows 10000000 (exact) vs min_rows 250000; sum_avg_f64 over 2+ i64 keys (memory input): the measured table takes it at no group count and size (results/datafusion_groupby_sweep_2026-10-01.csv)) | LEFT AggregateExec (Partial aggregate whose Final was not replaced)",24.44,2026-10-02 03:27:27,2026-10-02 03:27:38,2026-09-29 00:37:52,30,25.04,25.19,,,alternate,false,,,,,,,,0,,,,,,,,def,all
10000000,part1,gsweep,minmax_int_2i64_1M,"minmax_int, 2 i64 key(s), 1M groups in the key domain","SELECT kl1, kl2, min(q) AS lo, max(q) AS hi FROM grid GROUP BY kl1, kl2",26.35,,,383.6,,30,,"yes",0.000e0,,,"LEFT AggregateExec (input rows 10000000 (exact) vs min_rows 250000; minmax_int over 2+ i64 keys (memory input): the measured table takes no group count at 10M rows (the first take is at 50M rows; results/datafusion_groupby_sweep_2026-10-01.csv)) | LEFT AggregateExec (Partial aggregate whose Final was not replaced)",,0,0.00,0.00,0.00,0.00,0.00,0,999943,3.41,4.30,100,0,,,,,,,26.62,381.9,27.75,"yes",0,0,0,0.0000,0.00,0.00,"LEFT AggregateExec (input rows 10000000 (exact) vs min_rows 250000; minmax_int over 2+ i64 keys (memory input): the measured table takes no group count at 10M rows (the first take is at 50M rows; results/datafusion_groupby_sweep_2026-10-01.csv)) | LEFT AggregateExec (Partial aggregate whose Final was not replaced)",26.78,2026-10-02 03:27:27,2026-10-02 03:27:38,2026-09-29 00:37:52,30,27.16,27.20,,,alternate,false,,,,,,,,0,,,,,,,,def,all
10000000,part1,gsweep,sum_f64_1i32_R2,"sum_f64, 1 i32 key(s), R2 groups in the key domain","SELECT k, sum(x) AS s FROM grid GROUP BY k",22.94,,,330.2,,30,,"yes",4.436e-16,,,"LEFT AggregateExec (input rows 10000000 (exact) vs min_rows 250000; sum_avg_f64 over 1 i32 key (memory input): the measured table takes it at no group count and size (results/datafusion_groupby_sweep_2026-10-01.csv)) | LEFT AggregateExec (Partial aggregate whose Final was not replaced)",,0,0.00,0.00,0.00,0.00,0.00,0,4323738,3.21,8.30,100,0,,,,,,,23.03,335.0,24.95,"yes",0,0,0,0.0000,0.00,0.00,"LEFT AggregateExec (input rows 10000000 (exact) vs min_rows 250000; sum_avg_f64 over 1 i32 key (memory input): the measured table takes it at no group count and size (results/datafusion_groupby_sweep_2026-10-01.csv)) | LEFT AggregateExec (Partial aggregate whose Final was not replaced)",26.20,2026-10-02 03:29:04,2026-10-02 03:29:30,2026-09-29 00:37:52,30,24.35,24.23,,,alternate,false,,,,,,,,0,,,,,,,,def,all
10000000,part1,gsweep,count_2i32_R2,"count, 2 i32 key(s), R2 groups in the key domain","SELECT k1, k2, count(*) AS n FROM grid GROUP BY k1, k2",27.87,,,408.3,,30,,"yes",0.000e0,,,"LEFT AggregateExec (input rows 10000000 (exact) vs min_rows 250000; count over 2+ i32 keys (memory input): the measured table takes no group count at 10M rows (the first take is at 50M rows; results/datafusion_groupby_sweep_2026-10-01.csv)) | LEFT AggregateExec (Partial aggregate whose Final was not replaced)",,0,0.00,0.00,0.00,0.00,0.00,0,4321209,3.21,8.30,100,0,,,,,,,28.16,407.0,28.88,"yes",0,0,0,0.0000,0.00,0.00,"LEFT AggregateExec (input rows 10000000 (exact) vs min_rows 250000; count over 2+ i32 keys (memory input): the measured table takes no group count at 10M rows (the first take is at 50M rows; results/datafusion_groupby_sweep_2026-10-01.csv)) | LEFT AggregateExec (Partial aggregate whose Final was not replaced)",28.05,2026-10-02 03:29:04,2026-10-02 03:29:30,2026-09-29 00:37:52,30,28.94,29.07,,,alternate,false,,,,,,,,0,,,,,,,,def,all
10000000,part1,gsweep,avg_f64_2i32_R2,"avg_f64, 2 i32 key(s), R2 groups in the key domain","SELECT k1, k2, avg(x) AS m FROM grid GROUP BY k1, k2",32.41,,,474.7,,30,,"yes",3.331e-16,,,"LEFT AggregateExec (input rows 10000000 (exact) vs min_rows 250000; sum_avg_f64 over 2+ i32 keys (memory input): the measured table takes it at no group count and size (results/datafusion_groupby_sweep_2026-10-01.csv)) | LEFT AggregateExec (Partial aggregate whose Final was not replaced)",,0,0.00,0.00,0.00,0.00,0.00,0,4321209,3.21,8.30,100,0,,,,,,,32.43,476.0,32.86,"yes",0,0,0,0.0000,0.00,0.00,"LEFT AggregateExec (input rows 10000000 (exact) vs min_rows 250000; sum_avg_f64 over 2+ i32 keys (memory input): the measured table takes it at no group count and size (results/datafusion_groupby_sweep_2026-10-01.csv)) | LEFT AggregateExec (Partial aggregate whose Final was not replaced)",33.37,2026-10-02 03:29:04,2026-10-02 03:29:30,2026-09-29 00:37:52,30,33.39,33.45,,,alternate,false,,,,,,,,0,,,,,,,,def,all
10000000,part1,gsweep,minmax_f32_2i32_R2,"minmax_f32, 2 i32 key(s), R2 groups in the key domain","SELECT k1, k2, min(y) AS lo, max(y) AS hi FROM grid GROUP BY k1, k2",33.26,,,491.6,,30,,"yes",0.000e0,,,"LEFT AggregateExec (input rows 10000000 (exact) vs min_rows 250000; minmax_f64 over 2+ i32 keys (memory input): the measured table takes it at no group count and size (results/datafusion_groupby_sweep_2026-10-01.csv)) | LEFT AggregateExec (Partial aggregate whose Final was not replaced)",,0,0.00,0.00,0.00,0.00,0.00,0,4321209,3.21,8.30,100,0,,,,,,,33.53,488.6,35.30,"yes",0,0,0,0.0000,0.00,0.00,"LEFT AggregateExec (input rows 10000000 (exact) vs min_rows 250000; minmax_f64 over 2+ i32 keys (memory input): the measured table takes it at no group count and size (results/datafusion_groupby_sweep_2026-10-01.csv)) | LEFT AggregateExec (Partial aggregate whose Final was not replaced)",33.57,2026-10-02 03:29:04,2026-10-02 03:29:30,2026-09-29 00:37:52,30,35.05,34.61,,,alternate,false,,,,,,,,0,,,,,,,,def,all
10000000,part1,gsweep,avg_int_2i32_R2,"avg_int, 2 i32 key(s), R2 groups in the key domain","SELECT k1, k2, avg(q) AS m FROM grid GROUP BY k1, k2",32.84,,,481.5,,30,,"yes",0.000e0,,,"LEFT AggregateExec (input rows 10000000 (exact) vs min_rows 250000; sum_avg_int over 2+ i32 keys (memory input): the measured table takes it at no group count and size (results/datafusion_groupby_sweep_2026-10-01.csv)) | LEFT AggregateExec (Partial aggregate whose Final was not replaced)",,0,0.00,0.00,0.00,0.00,0.00,0,4321209,3.21,8.30,100,0,,,,,,,32.94,480.9,33.38,"yes",0,0,0,0.0000,0.00,0.00,"LEFT AggregateExec (input rows 10000000 (exact) vs min_rows 250000; sum_avg_int over 2+ i32 keys (memory input): the measured table takes it at no group count and size (results/datafusion_groupby_sweep_2026-10-01.csv)) | LEFT AggregateExec (Partial aggregate whose Final was not replaced)",34.21,2026-10-02 03:29:04,2026-10-02 03:29:30,2026-09-29 00:37:52,30,33.67,33.80,,,alternate,false,,,,,,,,0,,,,,,,,def,all
10000000,part1,gsweep,distinct_2i32_R2,"distinct, 2 i32 key(s), R2 groups in the key domain","SELECT DISTINCT k1, k2 FROM grid",22.52,,,323.5,,30,,"yes",0.000e0,,,"LEFT AggregateExec (input rows 10000000 (exact) vs min_rows 250000; distinct over 2+ i32 keys (memory input): the measured table takes no group count at 10M rows (the first take is at 50M rows; results/datafusion_groupby_sweep_2026-10-01.csv)) | LEFT AggregateExec (Partial aggregate whose Final was not replaced)",,0,0.00,0.00,0.00,0.00,0.00,0,4321209,3.21,8.30,100,0,,,,,,,22.70,332.0,24.01,"yes",0,0,0,0.0000,0.00,0.00,"LEFT AggregateExec (input rows 10000000 (exact) vs min_rows 250000; distinct over 2+ i32 keys (memory input): the measured table takes no group count at 10M rows (the first take is at 50M rows; results/datafusion_groupby_sweep_2026-10-01.csv)) | LEFT AggregateExec (Partial aggregate whose Final was not replaced)",24.18,2026-10-02 03:29:04,2026-10-02 03:29:30,2026-09-29 00:37:52,30,23.46,23.41,,,alternate,false,,,,,,,,0,,,,,,,,def,all
10000000,part1,gsweep,sum_f64_1i64_R2,"sum_f64, 1 i64 key(s), R2 groups in the key domain","SELECT kl, sum(x) AS s FROM grid GROUP BY kl",25.92,,,382.2,,30,,"yes",4.418e-16,,,"LEFT AggregateExec (input rows 10000000 (exact) vs min_rows 250000; sum_avg_f64 over 1 i64 key (memory input): the measured table takes it at no group count and size (results/datafusion_groupby_sweep_2026-10-01.csv)) | LEFT AggregateExec (Partial aggregate whose Final was not replaced)",,0,0.00,0.00,0.00,0.00,0.00,0,4323738,3.21,8.30,100,0,,,,,,,26.68,391.2,27.92,"yes",0,0,0,0.0000,0.00,0.00,"LEFT AggregateExec (input rows 10000000 (exact) vs min_rows 250000; sum_avg_f64 over 1 i64 key (memory input): the measured table takes it at no group count and size (results/datafusion_groupby_sweep_2026-10-01.csv)) | LEFT AggregateExec (Partial aggregate whose Final was not replaced)",27.14,2026-10-02 03:29:04,2026-10-02 03:29:30,2026-09-29 00:37:52,30,27.67,27.48,,,alternate,false,,,,,,,,0,,,,,,,,def,all
10000000,part1,gsweep,minmax_f64_2i64_R2,"minmax_f64, 2 i64 key(s), R2 groups in the key domain","SELECT kl1, kl2, min(x) AS lo, max(x) AS hi FROM grid GROUP BY kl1, kl2",40.43,,,594.1,,30,,"yes",0.000e0,,,"LEFT AggregateExec (input rows 10000000 (exact) vs min_rows 250000; minmax_f64 over 2+ i64 keys (memory input): the measured table takes it at no group count and size (results/datafusion_groupby_sweep_2026-10-01.csv)) | LEFT AggregateExec (Partial aggregate whose Final was not replaced)",,0,0.00,0.00,0.00,0.00,0.00,0,4321209,3.21,8.30,100,0,,,,,,,40.20,595.0,43.49,"yes",0,0,0,0.0000,0.00,0.00,"LEFT AggregateExec (input rows 10000000 (exact) vs min_rows 250000; minmax_f64 over 2+ i64 keys (memory input): the measured table takes it at no group count and size (results/datafusion_groupby_sweep_2026-10-01.csv)) | LEFT AggregateExec (Partial aggregate whose Final was not replaced)",40.57,2026-10-02 03:29:04,2026-10-02 03:29:30,2026-09-29 00:37:52,30,41.73,41.53,,,alternate,false,,,,,,,,0,,,,,,,,def,all
10000000,part1,gsweep,sum_int_2i64_R2,"sum_int, 2 i64 key(s), R2 groups in the key domain","SELECT kl1, kl2, sum(q) AS s FROM grid GROUP BY kl1, kl2",31.84,,,469.6,,30,,"yes",0.000e0,,,"LEFT AggregateExec (input rows 10000000 (exact) vs min_rows 250000; sum_avg_int over 2+ i64 keys (memory input): the measured table takes it at no group count and size (results/datafusion_groupby_sweep_2026-10-01.csv)) | LEFT AggregateExec (Partial aggregate whose Final was not replaced)",,0,0.00,0.00,0.00,0.00,0.00,0,4321209,3.21,8.30,100,0,,,,,,,32.11,471.5,33.11,"yes",0,0,0,0.0000,0.00,0.00,"LEFT AggregateExec (input rows 10000000 (exact) vs min_rows 250000; sum_avg_int over 2+ i64 keys (memory input): the measured table takes it at no group count and size (results/datafusion_groupby_sweep_2026-10-01.csv)) | LEFT AggregateExec (Partial aggregate whose Final was not replaced)",33.69,2026-10-02 03:29:04,2026-10-02 03:29:30,2026-09-29 00:37:52,30,33.11,32.96,,,alternate,false,,,,,,,,0,,,,,,,,def,all
50000000,b8192,gsweep,count_1i32_200,"count, 1 i32 key(s), 200 groups in the key domain","SELECT k, count(*) AS n FROM grid GROUP BY k",14.81,,,188.0,,30,,"yes",0.000e0,,,"LEFT AggregateExec (input rows 50000000 (exact) vs min_rows 250000; count over 1 i32 key (memory input): the measured table takes it at no group count and size (results/datafusion_groupby_sweep_2026-10-01.csv)) | LEFT AggregateExec (Partial aggregate whose Final was not replaced)",,0,0.00,0.00,0.00,0.00,0.00,0,200,3.30,5.36,100,0,,,,,,,15.20,189.0,18.04,"yes",0,0,0,0.0000,0.00,0.00,"LEFT AggregateExec (input rows 50000000 (exact) vs min_rows 250000; count over 1 i32 key (memory input): the measured table takes it at no group count and size (results/datafusion_groupby_sweep_2026-10-01.csv)) | LEFT AggregateExec (Partial aggregate whose Final was not replaced)",16.12,2026-10-02 03:31:38,2026-10-02 03:31:49,2026-09-29 00:37:52,30,17.61,17.57,,,alternate,false,,,,,,,,0,,,,,,,,def,all
50000000,b8192,gsweep,minmax_f32_2i32_200,"minmax_f32, 2 i32 key(s), 200 groups in the key domain","SELECT k1, k2, min(y) AS lo, max(y) AS hi FROM grid GROUP BY k1, k2",33.60,,,457.2,,30,,"yes",0.000e0,,,"LEFT AggregateExec (input rows 50000000 (exact) vs min_rows 250000; minmax_f64 over 2+ i32 keys (memory input): the measured table takes it at no group count and size (results/datafusion_groupby_sweep_2026-10-01.csv)) | LEFT AggregateExec (Partial aggregate whose Final was not replaced)",,0,0.00,0.00,0.00,0.00,0.00,0,200,3.30,5.36,100,0,,,,,,,33.23,461.2,35.19,"yes",0,0,0,0.0000,0.00,0.00,"LEFT AggregateExec (input rows 50000000 (exact) vs min_rows 250000; minmax_f64 over 2+ i32 keys (memory input): the measured table takes it at no group count and size (results/datafusion_groupby_sweep_2026-10-01.csv)) | LEFT AggregateExec (Partial aggregate whose Final was not replaced)",40.87,2026-10-02 03:31:38,2026-10-02 03:31:49,2026-09-29 00:37:52,30,37.18,37.79,,,alternate,false,,,,,,,,0,,,,,,,,def,all
50000000,b8192,gsweep,avg_int_2i32_200,"avg_int, 2 i32 key(s), 200 groups in the key domain","SELECT k1, k2, avg(q) AS m FROM grid GROUP BY k1, k2",35.18,,,481.3,,30,,"yes",0.000e0,,,"LEFT AggregateExec (input rows 50000000 (exact) vs min_rows 250000; sum_avg_int over 2+ i32 keys (memory input): the measured table takes it at no group count and size (results/datafusion_groupby_sweep_2026-10-01.csv)) | LEFT AggregateExec (Partial aggregate whose Final was not replaced)",,0,0.00,0.00,0.00,0.00,0.00,0,200,3.30,5.36,100,0,,,,,,,36.48,480.4,42.08,"yes",0,0,0,0.0000,0.00,0.00,"LEFT AggregateExec (input rows 50000000 (exact) vs min_rows 250000; sum_avg_int over 2+ i32 keys (memory input): the measured table takes it at no group count and size (results/datafusion_groupby_sweep_2026-10-01.csv)) | LEFT AggregateExec (Partial aggregate whose Final was not replaced)",41.71,2026-10-02 03:31:38,2026-10-02 03:31:49,2026-09-29 00:37:52,30,39.44,39.68,,,alternate,false,,,,,,,,0,,,,,,,,def,all
50000000,b8192,gsweep,sum_f64_2i64_200,"sum_f64, 2 i64 key(s), 200 groups in the key domain","SELECT kl1, kl2, sum(x) AS s FROM grid GROUP BY kl1, kl2",33.64,,,452.5,,30,,"yes",3.482e-16,,,"LEFT AggregateExec (input rows 50000000 (exact) vs min_rows 250000; sum_avg_f64 over 2+ i64 keys (memory input): the measured table takes it at no group count and size (results/datafusion_groupby_sweep_2026-10-01.csv)) | LEFT AggregateExec (Partial aggregate whose Final was not replaced)",,0,0.00,0.00,0.00,0.00,0.00,0,200,3.30,5.36,100,0,,,,,,,34.29,449.5,36.20,"yes",0,0,0,0.0000,0.00,0.00,"LEFT AggregateExec (input rows 50000000 (exact) vs min_rows 250000; sum_avg_f64 over 2+ i64 keys (memory input): the measured table takes it at no group count and size (results/datafusion_groupby_sweep_2026-10-01.csv)) | LEFT AggregateExec (Partial aggregate whose Final was not replaced)",41.38,2026-10-02 03:31:38,2026-10-02 03:31:49,2026-09-29 00:37:52,30,37.86,38.23,,,alternate,false,,,,,,,,0,,,,,,,,def,all
50000000,b8192,gsweep,distinct_2i64_200,"distinct, 2 i64 key(s), 200 groups in the key domain","SELECT DISTINCT kl1, kl2 FROM grid",30.97,,,422.0,,30,,"yes",0.000e0,,,"LEFT AggregateExec (input rows 50000000 (exact) vs min_rows 250000; distinct over 2+ i64 keys (memory input): the measured table takes it at no group count and size (results/datafusion_groupby_sweep_2026-10-01.csv)) | LEFT AggregateExec (Partial aggregate whose Final was not replaced)",,0,0.00,0.00,0.00,0.00,0.00,0,200,3.30,5.36,100,0,,,,,,,31.66,421.3,34.08,"yes",0,0,0,0.0000,0.00,0.00,"LEFT AggregateExec (input rows 50000000 (exact) vs min_rows 250000; distinct over 2+ i64 keys (memory input): the measured table takes it at no group count and size (results/datafusion_groupby_sweep_2026-10-01.csv)) | LEFT AggregateExec (Partial aggregate whose Final was not replaced)",35.12,2026-10-02 03:31:38,2026-10-02 03:31:49,2026-09-29 00:37:52,30,35.82,35.01,,,alternate,false,,,,,,,,0,,,,,,,,def,all
50000000,b8192,gsweep,count_1i32_10k,"count, 1 i32 key(s), 10k groups in the key domain","SELECT k, count(*) AS n FROM grid GROUP BY k",18.48,,,208.1,,30,,"yes",0.000e0,,,"LEFT AggregateExec (input rows 50000000 (exact) vs min_rows 250000; count over 1 i32 key (memory input): the measured table takes it at no group count and size (results/datafusion_groupby_sweep_2026-10-01.csv)) | LEFT AggregateExec (Partial aggregate whose Final was not replaced)",,0,0.00,0.00,0.00,0.00,0.00,0,10000,3.50,6.36,100,0,,,,,,,17.57,207.6,21.23,"yes",0,0,0,0.0000,0.00,0.00,"LEFT AggregateExec (input rows 50000000 (exact) vs min_rows 250000; count over 1 i32 key (memory input): the measured table takes it at no group count and size (results/datafusion_groupby_sweep_2026-10-01.csv)) | LEFT AggregateExec (Partial aggregate whose Final was not replaced)",20.77,2026-10-02 03:33:56,2026-10-02 03:34:12,2026-09-29 00:37:52,30,19.67,19.67,,,alternate,false,,,,,,,,0,,,,,,,,def,all
50000000,b8192,gsweep,avg_f64_1i32_10k,"avg_f64, 1 i32 key(s), 10k groups in the key domain","SELECT k, avg(x) AS m FROM grid GROUP BY k",20.26,,,237.0,,30,,"yes",3.331e-16,,,"LEFT AggregateExec (input rows 50000000 (exact) vs min_rows 250000; sum_avg_f64 over 1 i32 key (memory input): the measured table takes it at no group count and size (results/datafusion_groupby_sweep_2026-10-01.csv)) | LEFT AggregateExec (Partial aggregate whose Final was not replaced)",,0,0.00,0.00,0.00,0.00,0.00,0,10000,3.50,6.36,100,0,,,,,,,20.97,236.3,24.44,"yes",0,0,0,0.0000,0.00,0.00,"LEFT AggregateExec (input rows 50000000 (exact) vs min_rows 250000; sum_avg_f64 over 1 i32 key (memory input): the measured table takes it at no group count and size (results/datafusion_groupby_sweep_2026-10-01.csv)) | LEFT AggregateExec (Partial aggregate whose Final was not replaced)",21.95,2026-10-02 03:33:56,2026-10-02 03:34:12,2026-09-29 00:37:52,30,22.83,21.97,,,alternate,false,,,,,,,,0,,,,,,,,def,all
50000000,b8192,gsweep,avg_int_1i32_10k,"avg_int, 1 i32 key(s), 10k groups in the key domain","SELECT k, avg(q) AS m FROM grid GROUP BY k",20.66,,,259.0,,30,,"yes",0.000e0,,,"LEFT AggregateExec (input rows 50000000 (exact) vs min_rows 250000; sum_avg_int over 1 i32 key (memory input): the measured table takes it at no group count and size (results/datafusion_groupby_sweep_2026-10-01.csv)) | LEFT AggregateExec (Partial aggregate whose Final was not replaced)",,0,0.00,0.00,0.00,0.00,0.00,0,10000,3.50,6.36,100,0,,,,,,,21.36,259.7,23.20,"yes",0,0,0,0.0000,0.00,0.00,"LEFT AggregateExec (input rows 50000000 (exact) vs min_rows 250000; sum_avg_int over 1 i32 key (memory input): the measured table takes it at no group count and size (results/datafusion_groupby_sweep_2026-10-01.csv)) | LEFT AggregateExec (Partial aggregate whose Final was not replaced)",24.62,2026-10-02 03:33:56,2026-10-02 03:34:12,2026-09-29 00:37:52,30,24.28,24.10,,,alternate,false,,,,,,,,0,,,,,,,,def,all
50000000,b8192,gsweep,minmax_f32_2i32_10k,"minmax_f32, 2 i32 key(s), 10k groups in the key domain","SELECT k1, k2, min(y) AS lo, max(y) AS hi FROM grid GROUP BY k1, k2",35.02,,,502.8,,30,,"yes",0.000e0,,,"LEFT AggregateExec (input rows 50000000 (exact) vs min_rows 250000; minmax_f64 over 2+ i32 keys (memory input): the measured table takes it at no group count and size (results/datafusion_groupby_sweep_2026-10-01.csv)) | LEFT AggregateExec (Partial aggregate whose Final was not replaced)",,0,0.00,0.00,0.00,0.00,0.00,0,10000,3.50,6.36,100,0,,,,,,,35.74,503.4,39.16,"yes",0,0,0,0.0000,0.00,0.00,"LEFT AggregateExec (input rows 50000000 (exact) vs min_rows 250000; minmax_f64 over 2+ i32 keys (memory input): the measured table takes it at no group count and size (results/datafusion_groupby_sweep_2026-10-01.csv)) | LEFT AggregateExec (Partial aggregate whose Final was not replaced)",40.23,2026-10-02 03:33:56,2026-10-02 03:34:12,2026-09-29 00:37:52,30,41.09,39.46,,,alternate,false,,,,,,,,0,,,,,,,,def,all
50000000,b8192,gsweep,count_1i64_10k,"count, 1 i64 key(s), 10k groups in the key domain","SELECT kl, count(*) AS n FROM grid GROUP BY kl",17.65,,,221.1,,30,,"yes",0.000e0,,,"LEFT AggregateExec (input rows 50000000 (exact) vs min_rows 250000; count over 1 i64 key (memory input): the measured table takes it at no group count and size (results/datafusion_groupby_sweep_2026-10-01.csv)) | LEFT AggregateExec (Partial aggregate whose Final was not replaced)",,0,0.00,0.00,0.00,0.00,0.00,0,10000,3.50,6.36,100,0,,,,,,,18.32,220.2,21.48,"yes",0,0,0,0.0000,0.00,0.00,"LEFT AggregateExec (input rows 50000000 (exact) vs min_rows 250000; count over 1 i64 key (memory input): the measured table takes it at no group count and size (results/datafusion_groupby_sweep_2026-10-01.csv)) | LEFT AggregateExec (Partial aggregate whose Final was not replaced)",21.72,2026-10-02 03:33:56,2026-10-02 03:34:12,2026-09-29 00:37:52,30,20.63,20.83,,,alternate,false,,,,,,,,0,,,,,,,,def,all
50000000,b8192,gsweep,minmax_f32_1i64_10k,"minmax_f32, 1 i64 key(s), 10k groups in the key domain","SELECT kl, min(y) AS lo, max(y) AS hi FROM grid GROUP BY kl",21.13,,,241.9,,30,,"yes",0.000e0,,,"LEFT AggregateExec (input rows 50000000 (exact) vs min_rows 250000; minmax_f64 over 1 i64 key (memory input): the measured table takes it at no group count and size (results/datafusion_groupby_sweep_2026-10-01.csv)) | LEFT AggregateExec (Partial aggregate whose Final was not replaced)",,0,0.00,0.00,0.00,0.00,0.00,0,10000,3.50,6.36,100,0,,,,,,,21.04,242.9,25.47,"yes",0,0,0,0.0000,0.00,0.00,"LEFT AggregateExec (input rows 50000000 (exact) vs min_rows 250000; minmax_f64 over 1 i64 key (memory input): the measured table takes it at no group count and size (results/datafusion_groupby_sweep_2026-10-01.csv)) | LEFT AggregateExec (Partial aggregate whose Final was not replaced)",23.24,2026-10-02 03:33:56,2026-10-02 03:34:12,2026-09-29 00:37:52,30,22.56,22.67,,,alternate,false,,,,,,,,0,,,,,,,,def,all
50000000,b8192,gsweep,avg_int_1i64_10k,"avg_int, 1 i64 key(s), 10k groups in the key domain","SELECT kl, avg(q) AS m FROM grid GROUP BY kl",22.42,,,272.6,,30,,"yes",0.000e0,,,"LEFT AggregateExec (input rows 50000000 (exact) vs min_rows 250000; sum_avg_int over 1 i64 key (memory input): the measured table takes it at no group count and size (results/datafusion_groupby_sweep_2026-10-01.csv)) | LEFT AggregateExec (Partial aggregate whose Final was not replaced)",,0,0.00,0.00,0.00,0.00,0.00,0,10000,3.50,6.36,100,0,,,,,,,22.09,271.2,25.04,"yes",0,0,0,0.0000,0.00,0.00,"LEFT AggregateExec (input rows 50000000 (exact) vs min_rows 250000; sum_avg_int over 1 i64 key (memory input): the measured table takes it at no group count and size (results/datafusion_groupby_sweep_2026-10-01.csv)) | LEFT AggregateExec (Partial aggregate whose Final was not replaced)",26.27,2026-10-02 03:33:56,2026-10-02 03:34:12,2026-09-29 00:37:52,30,24.40,25.49,,,alternate,false,,,,,,,,0,,,,,,,,def,all
50000000,b8192,gsweep,minmax_int_2i64_10k,"minmax_int, 2 i64 key(s), 10k groups in the key domain","SELECT kl1, kl2, min(q) AS lo, max(q) AS hi FROM grid GROUP BY kl1, kl2",36.64,,,507.5,,30,,"yes",0.000e0,,,"TAKEN AggregateExec (input rows 50000000 (exact) vs min_rows 250000; minmax_int over 2+ i64 keys (memory input): the measured table takes the 100k, 1M bucket(s) at 50M rows; MetalExec decides from a group-count estimate; output kept at one partition (only projections above it))",,0,0.00,0.00,0.00,0.00,0.00,0,10000,3.50,6.36,100,0,,,,,,,37.37,508.6,41.83,"yes",1,1,8812,0.0235,0.01,0.00,"TAKEN AggregateExec (input rows 50000000 (exact) vs min_rows 250000; minmax_int over 2+ i64 keys (memory input): the measured table takes the 100k, 1M bucket(s) at 50M rows; MetalExec decides from a group-count estimate; output kept at one partition (only projections above it)) | LEFT MetalExec Aggregate { keys (handed back to DataFusion: an estimated 8812 groups (5512 to 20605, Chao1 over a 512-row sample) at 50000000 rows: minmax_int at the 10k bucket is not taken at any measured size (needs 1.65x at two or more sizes; 1M: 0.98x, 2M: 1.10x, 5M: 1.20x, 10M: 1.40x, 50M: 1.20x); left to DataFusion (from the first 16384 rows of each partition))",43.81,2026-10-02 03:33:56,2026-10-02 03:34:12,2026-09-29 00:37:52,30,41.84,42.04,,,alternate,false,,,,,,,,0,,,,,,,,def,all
50000000,b8192,gsweep,minmax_int_1i32_100k,"minmax_int, 1 i32 key(s), 100k groups in the key domain","SELECT k, min(q) AS lo, max(q) AS hi FROM grid GROUP BY k",47.97,,,670.2,,30,,"yes",0.000e0,,,"LEFT AggregateExec (input rows 50000000 (exact) vs min_rows 250000; minmax_int over 1 i32 key (memory input): the measured table takes it at no group count and size (results/datafusion_groupby_sweep_2026-10-01.csv)) | LEFT AggregateExec (Partial aggregate whose Final was not replaced)",,0,0.00,0.00,0.00,0.00,0.00,0,100000,3.36,10.78,100,0,,,,,,,49.29,660.2,48.64,"yes",0,0,0,0.0000,0.00,0.00,"LEFT AggregateExec (input rows 50000000 (exact) vs min_rows 250000; minmax_int over 1 i32 key (memory input): the measured table takes it at no group count and size (results/datafusion_groupby_sweep_2026-10-01.csv)) | LEFT AggregateExec (Partial aggregate whose Final was not replaced)",49.90,2026-10-02 03:35:59,2026-10-02 03:36:37,2026-09-29 00:37:52,30,51.16,51.87,,,alternate,false,,,,,,,,0,,,,,,,,def,all
50000000,b8192,gsweep,sum_int_2i32_100k,"sum_int, 2 i32 key(s), 100k groups in the key domain","SELECT k1, k2, sum(q) AS s FROM grid GROUP BY k1, k2",57.83,,,767.3,,30,,"yes",0.000e0,,,"LEFT AggregateExec (input rows 50000000 (exact) vs min_rows 250000; sum_avg_int over 2+ i32 keys (memory input): the measured table takes it at no group count and size (results/datafusion_groupby_sweep_2026-10-01.csv)) | LEFT AggregateExec (Partial aggregate whose Final was not replaced)",,0,0.00,0.00,0.00,0.00,0.00,0,100000,3.36,10.78,100,0,,,,,,,56.31,794.8,62.55,"yes",0,0,0,0.0000,0.00,0.00,"LEFT AggregateExec (input rows 50000000 (exact) vs min_rows 250000; sum_avg_int over 2+ i32 keys (memory input): the measured table takes it at no group count and size (results/datafusion_groupby_sweep_2026-10-01.csv)) | LEFT AggregateExec (Partial aggregate whose Final was not replaced)",59.05,2026-10-02 03:35:59,2026-10-02 03:36:37,2026-09-29 00:37:52,30,62.35,60.83,,,alternate,false,,,,,,,,0,,,,,,,,def,all
50000000,b8192,gsweep,avg_int_2i32_100k,"avg_int, 2 i32 key(s), 100k groups in the key domain","SELECT k1, k2, avg(q) AS m FROM grid GROUP BY k1, k2",69.62,,,985.8,,30,,"yes",0.000e0,,,"LEFT AggregateExec (input rows 50000000 (exact) vs min_rows 250000; sum_avg_int over 2+ i32 keys (memory input): the measured table takes it at no group count and size (results/datafusion_groupby_sweep_2026-10-01.csv)) | LEFT AggregateExec (Partial aggregate whose Final was not replaced)",,0,0.00,0.00,0.00,0.00,0.00,0,100000,3.36,10.78,100,0,,,,,,,68.96,956.7,76.15,"yes",0,0,0,0.0000,0.00,0.00,"LEFT AggregateExec (input rows 50000000 (exact) vs min_rows 250000; sum_avg_int over 2+ i32 keys (memory input): the measured table takes it at no group count and size (results/datafusion_groupby_sweep_2026-10-01.csv)) | LEFT AggregateExec (Partial aggregate whose Final was not replaced)",72.89,2026-10-02 03:35:59,2026-10-02 03:36:37,2026-09-29 00:37:52,30,75.00,74.44,,,alternate,false,,,,,,,,0,,,,,,,,def,all
50000000,b8192,gsweep,count_1i64_100k,"count, 1 i64 key(s), 100k groups in the key domain","SELECT kl, count(*) AS n FROM grid GROUP BY kl",37.52,,,520.9,,30,,"yes",0.000e0,,,"LEFT AggregateExec (input rows 50000000 (exact) vs min_rows 250000; count over 1 i64 key (memory input): the measured table takes it at no group count and size (results/datafusion_groupby_sweep_2026-10-01.csv)) | LEFT AggregateExec (Partial aggregate whose Final was not replaced)",,0,0.00,0.00,0.00,0.00,0.00,0,100000,3.36,10.78,100,0,,,,,,,37.94,508.5,40.13,"yes",0,0,0,0.0000,0.00,0.00,"LEFT AggregateExec (input rows 50000000 (exact) vs min_rows 250000; count over 1 i64 key (memory input): the measured table takes it at no group count and size (results/datafusion_groupby_sweep_2026-10-01.csv)) | LEFT AggregateExec (Partial aggregate whose Final was not replaced)",40.44,2026-10-02 03:35:59,2026-10-02 03:36:37,2026-09-29 00:37:52,30,40.66,41.34,,,alternate,false,,,,,,,,0,,,,,,,,def,all
50000000,b8192,gsweep,sum_f64_1i64_100k,"sum_f64, 1 i64 key(s), 100k groups in the key domain","SELECT kl, sum(x) AS s FROM grid GROUP BY kl",38.71,,,510.1,,30,,"yes",6.632e-16,,,"LEFT AggregateExec (input rows 50000000 (exact) vs min_rows 250000; sum_avg_f64 over 1 i64 key (memory input): the measured table takes it at no group count and size (results/datafusion_groupby_sweep_2026-10-01.csv)) | LEFT AggregateExec (Partial aggregate whose Final was not replaced)",,0,0.00,0.00,0.00,0.00,0.00,0,100000,3.36,10.78,100,0,,,,,,,38.73,524.5,42.30,"yes",0,0,0,0.0000,0.00,0.00,"LEFT AggregateExec (input rows 50000000 (exact) vs min_rows 250000; sum_avg_f64 over 1 i64 key (memory input): the measured table takes it at no group count and size (results/datafusion_groupby_sweep_2026-10-01.csv)) | LEFT AggregateExec (Partial aggregate whose Final was not replaced)",39.84,2026-10-02 03:35:59,2026-10-02 03:36:37,2026-09-29 00:37:52,30,41.79,42.22,,,alternate,false,,,,,,,,0,,,,,,,,def,all
50000000,b8192,gsweep,avg_int_1i64_100k,"avg_int, 1 i64 key(s), 100k groups in the key domain","SELECT kl, avg(q) AS m FROM grid GROUP BY kl",54.20,,,759.3,,30,,"yes",0.000e0,,,"LEFT AggregateExec (input rows 50000000 (exact) vs min_rows 250000; sum_avg_int over 1 i64 key (memory input): the measured table takes it at no group count and size (results/datafusion_groupby_sweep_2026-10-01.csv)) | LEFT AggregateExec (Partial aggregate whose Final was not replaced)",,0,0.00,0.00,0.00,0.00,0.00,0,100000,3.36,10.78,100,0,,,,,,,55.34,762.6,54.71,"yes",0,0,0,0.0000,0.00,0.00,"LEFT AggregateExec (input rows 50000000 (exact) vs min_rows 250000; sum_avg_int over 1 i64 key (memory input): the measured table takes it at no group count and size (results/datafusion_groupby_sweep_2026-10-01.csv)) | LEFT AggregateExec (Partial aggregate whose Final was not replaced)",54.59,2026-10-02 03:35:59,2026-10-02 03:36:37,2026-09-29 00:37:52,30,57.95,56.96,,,alternate,false,,,,,,,,0,,,,,,,,def,all
50000000,b8192,gsweep,minmax_int_1i64_100k,"minmax_int, 1 i64 key(s), 100k groups in the key domain","SELECT kl, min(q) AS lo, max(q) AS hi FROM grid GROUP BY kl",56.22,,,759.3,,30,,"yes",0.000e0,,,"TAKEN AggregateExec (input rows 50000000 (exact) vs min_rows 250000; minmax_int over 1 i64 key (memory input): the measured table takes the 1M bucket(s) at 50M rows; MetalExec decides from a group-count estimate; output kept at one partition (only projections above it))",,0,0.00,0.00,0.00,0.00,0.00,0,100000,3.36,10.78,100,0,,,,,,,56.12,774.0,60.24,"yes",1,1,108507,0.0485,0.01,0.00,"TAKEN AggregateExec (input rows 50000000 (exact) vs min_rows 250000; minmax_int over 1 i64 key (memory input): the measured table takes the 1M bucket(s) at 50M rows; MetalExec decides from a group-count estimate; output kept at one partition (only projections above it)) | LEFT MetalExec Aggregate { keys (handed back to DataFusion: an estimated 108507 groups (70643 to 214655, Chao1 over a 2048-row sample) at 50000000 rows: minmax_int at the 100k bucket is not taken at any measured size (needs 1.65x at two or more sizes; 1M: 1.40x, 2M: 1.40x, 5M: 2.80x, 10M: 2.50x, 50M: 2.10x); left to DataFusion (from the first 16384 rows of each partition))",60.53,2026-10-02 03:35:59,2026-10-02 03:36:37,2026-09-29 00:37:52,30,59.05,58.51,,,alternate,false,,,,,,,,0,,,,,,,,def,all
50000000,b8192,gsweep,minmax_f64_2i64_100k,"minmax_f64, 2 i64 key(s), 100k groups in the key domain","SELECT kl1, kl2, min(x) AS lo, max(x) AS hi FROM grid GROUP BY kl1, kl2",88.44,,,1302.7,,30,,"yes",0.000e0,,,"LEFT AggregateExec (input rows 50000000 (exact) vs min_rows 250000; minmax_f64 over 2+ i64 keys (memory input): the measured table takes it at no group count and size (results/datafusion_groupby_sweep_2026-10-01.csv)) | LEFT AggregateExec (Partial aggregate whose Final was not replaced)",,0,0.00,0.00,0.00,0.00,0.00,0,100000,3.36,10.78,100,0,,,,,,,90.38,1280.5,95.68,"yes",0,0,0,0.0000,0.00,0.00,"LEFT AggregateExec (input rows 50000000 (exact) vs min_rows 250000; minmax_f64 over 2+ i64 keys (memory input): the measured table takes it at no group count and size (results/datafusion_groupby_sweep_2026-10-01.csv)) | LEFT AggregateExec (Partial aggregate whose Final was not replaced)",97.62,2026-10-02 03:35:59,2026-10-02 03:36:37,2026-09-29 00:37:52,30,92.98,93.47,,,alternate,false,,,,,,,,0,,,,,,,,def,all
50000000,b8192,gsweep,minmax_f32_2i64_100k,"minmax_f32, 2 i64 key(s), 100k groups in the key domain","SELECT kl1, kl2, min(y) AS lo, max(y) AS hi FROM grid GROUP BY kl1, kl2",75.56,,,1092.9,,30,,"yes",0.000e0,,,"LEFT AggregateExec (input rows 50000000 (exact) vs min_rows 250000; minmax_f64 over 2+ i64 keys (memory input): the measured table takes it at no group count and size (results/datafusion_groupby_sweep_2026-10-01.csv)) | LEFT AggregateExec (Partial aggregate whose Final was not replaced)",,0,0.00,0.00,0.00,0.00,0.00,0,100000,3.36,10.78,100,0,,,,,,,75.89,1089.9,79.55,"yes",0,0,0,0.0000,0.00,0.00,"LEFT AggregateExec (input rows 50000000 (exact) vs min_rows 250000; minmax_f64 over 2+ i64 keys (memory input): the measured table takes it at no group count and size (results/datafusion_groupby_sweep_2026-10-01.csv)) | LEFT AggregateExec (Partial aggregate whose Final was not replaced)",83.52,2026-10-02 03:35:59,2026-10-02 03:36:37,2026-09-29 00:37:52,30,80.96,80.32,,,alternate,false,,,,,,,,0,,,,,,,,def,all
50000000,b8192,gsweep,count_1i32_1M,"count, 1 i32 key(s), 1M groups in the key domain","SELECT k, count(*) AS n FROM grid GROUP BY k",55.40,,,800.9,,30,,"yes",0.000e0,,,"LEFT AggregateExec (input rows 50000000 (exact) vs min_rows 250000; count over 1 i32 key (memory input): the measured table takes it at no group count and size (results/datafusion_groupby_sweep_2026-10-01.csv)) | LEFT AggregateExec (Partial aggregate whose Final was not replaced)",,0,0.00,0.00,0.00,0.00,0.00,0,1000000,3.12,10.35,100,0,,,,,,,55.19,806.6,56.01,"yes",0,0,0,0.0000,0.00,0.00,"LEFT AggregateExec (input rows 50000000 (exact) vs min_rows 250000; count over 1 i32 key (memory input): the measured table takes it at no group count and size (results/datafusion_groupby_sweep_2026-10-01.csv)) | LEFT AggregateExec (Partial aggregate whose Final was not replaced)",58.11,2026-10-02 03:43:25,2026-10-02 03:44:17,2026-09-29 00:37:52,30,56.31,56.52,,,alternate,false,,,,,,,,0,,,,,,,,def,all
50000000,b8192,gsweep,minmax_f32_1i32_1M,"minmax_f32, 1 i32 key(s), 1M groups in the key domain","SELECT k, min(y) AS lo, max(y) AS hi FROM grid GROUP BY k",61.17,,,897.1,,30,,"yes",0.000e0,,,"LEFT AggregateExec (input rows 50000000 (exact) vs min_rows 250000; minmax_f64 over 1 i32 key (memory input): the measured table takes it at no group count and size (results/datafusion_groupby_sweep_2026-10-01.csv)) | LEFT AggregateExec (Partial aggregate whose Final was not replaced)",,0,0.00,0.00,0.00,0.00,0.00,0,1000000,3.12,10.35,100,0,,,,,,,61.38,901.6,62.98,"yes",0,0,0,0.0000,0.00,0.00,"LEFT AggregateExec (input rows 50000000 (exact) vs min_rows 250000; minmax_f64 over 1 i32 key (memory input): the measured table takes it at no group count and size (results/datafusion_groupby_sweep_2026-10-01.csv)) | LEFT AggregateExec (Partial aggregate whose Final was not replaced)",62.13,2026-10-02 03:43:25,2026-10-02 03:44:17,2026-09-29 00:37:52,30,62.44,62.64,,,alternate,false,,,,,,,,0,,,,,,,,def,all
50000000,b8192,gsweep,avg_int_1i32_1M,"avg_int, 1 i32 key(s), 1M groups in the key domain","SELECT k, avg(q) AS m FROM grid GROUP BY k",74.36,,,1067.9,,30,,"yes",0.000e0,,,"LEFT AggregateExec (input rows 50000000 (exact) vs min_rows 250000; sum_avg_int over 1 i32 key (memory input): the measured table takes it at no group count and size (results/datafusion_groupby_sweep_2026-10-01.csv)) | LEFT AggregateExec (Partial aggregate whose Final was not replaced)",,0,0.00,0.00,0.00,0.00,0.00,0,1000000,3.12,10.35,100,0,,,,,,,74.49,1066.8,76.52,"yes",0,0,0,0.0000,0.00,0.00,"LEFT AggregateExec (input rows 50000000 (exact) vs min_rows 250000; sum_avg_int over 1 i32 key (memory input): the measured table takes it at no group count and size (results/datafusion_groupby_sweep_2026-10-01.csv)) | LEFT AggregateExec (Partial aggregate whose Final was not replaced)",75.38,2026-10-02 03:43:25,2026-10-02 03:44:17,2026-09-29 00:37:52,30,75.50,75.79,,,alternate,false,,,,,,,,0,,,,,,,,def,all
50000000,b8192,gsweep,avg_f64_2i32_1M,"avg_f64, 2 i32 key(s), 1M groups in the key domain","SELECT k1, k2, avg(x) AS m FROM grid GROUP BY k1, k2",92.78,,,1360.3,,30,,"yes",5.551e-16,,,"LEFT AggregateExec (input rows 50000000 (exact) vs min_rows 250000; sum_avg_f64 over 2+ i32 keys (memory input): the measured table takes it at no group count and size (results/datafusion_groupby_sweep_2026-10-01.csv)) | LEFT AggregateExec (Partial aggregate whose Final was not replaced)",,0,0.00,0.00,0.00,0.00,0.00,0,1000000,3.12,10.35,100,0,,,,,,,92.55,1360.2,94.03,"yes",0,0,0,0.0000,0.00,0.00,"LEFT AggregateExec (input rows 50000000 (exact) vs min_rows 250000; sum_avg_f64 over 2+ i32 keys (memory input): the measured table takes it at no group count and size (results/datafusion_groupby_sweep_2026-10-01.csv)) | LEFT AggregateExec (Partial aggregate whose Final was not replaced)",93.45,2026-10-02 03:43:25,2026-10-02 03:44:17,2026-09-29 00:37:52,30,94.07,93.94,,,alternate,false,,,,,,,,0,,,,,,,,def,all
50000000,b8192,gsweep,minmax_f64_2i32_1M,"minmax_f64, 2 i32 key(s), 1M groups in the key domain","SELECT k1, k2, min(x) AS lo, max(x) AS hi FROM grid GROUP BY k1, k2",98.39,,,1440.7,,30,,"yes",0.000e0,,,"LEFT AggregateExec (input rows 50000000 (exact) vs min_rows 250000; minmax_f64 over 2+ i32 keys (memory input): the measured table takes it at no group count and size (results/datafusion_groupby_sweep_2026-10-01.csv)) | LEFT AggregateExec (Partial aggregate whose Final was not replaced)",,0,0.00,0.00,0.00,0.00,0.00,0,1000000,3.12,10.35,100,0,,,,,,,98.46,1449.5,99.85,"yes",0,0,0,0.0000,0.00,0.00,"LEFT AggregateExec (input rows 50000000 (exact) vs min_rows 250000; minmax_f64 over 2+ i32 keys (memory input): the measured table takes it at no group count and size (results/datafusion_groupby_sweep_2026-10-01.csv)) | LEFT AggregateExec (Partial aggregate whose Final was not replaced)",99.76,2026-10-02 03:43:25,2026-10-02 03:44:17,2026-09-29 00:37:52,30,100.46,100.60,,,alternate,false,,,,,,,,0,,,,,,,,def,all
50000000,b8192,gsweep,avg_int_2i32_1M,"avg_int, 2 i32 key(s), 1M groups in the key domain","SELECT k1, k2, avg(q) AS m FROM grid GROUP BY k1, k2",95.19,,,1388.3,,30,,"yes",0.000e0,,,"LEFT AggregateExec (input rows 50000000 (exact) vs min_rows 250000; sum_avg_int over 2+ i32 keys (memory input): the measured table takes it at no group count and size (results/datafusion_groupby_sweep_2026-10-01.csv)) | LEFT AggregateExec (Partial aggregate whose Final was not replaced)",,0,0.00,0.00,0.00,0.00,0.00,0,1000000,3.12,10.35,100,0,,,,,,,95.45,1392.5,98.34,"yes",0,0,0,0.0000,0.00,0.00,"LEFT AggregateExec (input rows 50000000 (exact) vs min_rows 250000; sum_avg_int over 2+ i32 keys (memory input): the measured table takes it at no group count and size (results/datafusion_groupby_sweep_2026-10-01.csv)) | LEFT AggregateExec (Partial aggregate whose Final was not replaced)",96.76,2026-10-02 03:43:25,2026-10-02 03:44:17,2026-09-29 00:37:52,30,97.22,97.08,,,alternate,false,,,,,,,,0,,,,,,,,def,all
50000000,b8192,gsweep,avg_int_1i64_1M,"avg_int, 1 i64 key(s), 1M groups in the key domain","SELECT kl, avg(q) AS m FROM grid GROUP BY kl",85.09,,,1206.9,,30,,"yes",0.000e0,,,"LEFT AggregateExec (input rows 50000000 (exact) vs min_rows 250000; sum_avg_int over 1 i64 key (memory input): the measured table takes it at no group count and size (results/datafusion_groupby_sweep_2026-10-01.csv)) | LEFT AggregateExec (Partial aggregate whose Final was not replaced)",,0,0.00,0.00,0.00,0.00,0.00,0,1000000,3.12,10.35,100,0,,,,,,,85.34,1207.0,86.32,"yes",0,0,0,0.0000,0.00,0.00,"LEFT AggregateExec (input rows 50000000 (exact) vs min_rows 250000; sum_avg_int over 1 i64 key (memory input): the measured table takes it at no group count and size (results/datafusion_groupby_sweep_2026-10-01.csv)) | LEFT AggregateExec (Partial aggregate whose Final was not replaced)",85.97,2026-10-02 03:43:25,2026-10-02 03:44:17,2026-09-29 00:37:52,30,86.18,86.23,,,alternate,false,,,,,,,,0,,,,,,,,def,all
50000000,b8192,gsweep,count_2i64_1M,"count, 2 i64 key(s), 1M groups in the key domain","SELECT kl1, kl2, count(*) AS n FROM grid GROUP BY kl1, kl2",91.50,,,1328.7,,30,,"yes",0.000e0,,,"LEFT AggregateExec (input rows 50000000 (exact) vs min_rows 250000; count over 2+ i64 keys (memory input): the measured table takes it at no group count and size (results/datafusion_groupby_sweep_2026-10-01.csv)) | LEFT AggregateExec (Partial aggregate whose Final was not replaced)",,0,0.00,0.00,0.00,0.00,0.00,0,1000000,3.12,10.35,100,0,,,,,,,91.70,1330.6,92.23,"yes",0,0,0,0.0000,0.00,0.00,"LEFT AggregateExec (input rows 50000000 (exact) vs min_rows 250000; count over 2+ i64 keys (memory input): the measured table takes it at no group count and size (results/datafusion_groupby_sweep_2026-10-01.csv)) | LEFT AggregateExec (Partial aggregate whose Final was not replaced)",92.55,2026-10-02 03:43:25,2026-10-02 03:44:17,2026-09-29 00:37:52,30,93.25,93.58,,,alternate,false,,,,,,,,0,,,,,,,,def,all
50000000,b8192,gsweep,minmax_f32_2i64_1M,"minmax_f32, 2 i64 key(s), 1M groups in the key domain","SELECT kl1, kl2, min(y) AS lo, max(y) AS hi FROM grid GROUP BY kl1, kl2",98.69,,,1449.7,,30,,"yes",0.000e0,,,"LEFT AggregateExec (input rows 50000000 (exact) vs min_rows 250000; minmax_f64 over 2+ i64 keys (memory input): the measured table takes it at no group count and size (results/datafusion_groupby_sweep_2026-10-01.csv)) | LEFT AggregateExec (Partial aggregate whose Final was not replaced)",,0,0.00,0.00,0.00,0.00,0.00,0,1000000,3.12,10.35,100,0,,,,,,,98.92,1456.5,100.19,"yes",0,0,0,0.0000,0.00,0.00,"LEFT AggregateExec (input rows 50000000 (exact) vs min_rows 250000; minmax_f64 over 2+ i64 keys (memory input): the measured table takes it at no group count and size (results/datafusion_groupby_sweep_2026-10-01.csv)) | LEFT AggregateExec (Partial aggregate whose Final was not replaced)",100.22,2026-10-02 03:43:25,2026-10-02 03:44:17,2026-09-29 00:37:52,30,100.47,100.81,,,alternate,false,,,,,,,,0,,,,,,,,def,all
50000000,b8192,gsweep,minmax_int_1i32_R2,"minmax_int, 1 i32 key(s), R2 groups in the key domain","SELECT k, min(q) AS lo, max(q) AS hi FROM grid GROUP BY k",197.96,,,2974.4,,30,,"yes",0.000e0,,,"LEFT AggregateExec (input rows 50000000 (exact) vs min_rows 250000; minmax_int over 1 i32 key (memory input): the measured table takes it at no group count and size (results/datafusion_groupby_sweep_2026-10-01.csv)) | LEFT AggregateExec (Partial aggregate whose Final was not replaced)",,0,0.00,0.00,0.00,0.00,0.00,0,21618695,3.36,12.78,100,0,,,,,,,195.27,2916.7,201.55,"yes",0,0,0,0.0000,0.00,0.00,"LEFT AggregateExec (input rows 50000000 (exact) vs min_rows 250000; minmax_int over 1 i32 key (memory input): the measured table takes it at no group count and size (results/datafusion_groupby_sweep_2026-10-01.csv)) | LEFT AggregateExec (Partial aggregate whose Final was not replaced)",207.87,2026-10-02 03:46:44,2026-10-02 03:49:21,2026-09-29 00:37:52,30,202.56,202.28,,,alternate,false,,,,,,,,0,,,,,,,,def,all
50000000,b8192,gsweep,distinct_1i32_R2,"distinct, 1 i32 key(s), R2 groups in the key domain","SELECT DISTINCT k FROM grid",124.79,,,1849.6,,30,,"yes",0.000e0,,,"LEFT AggregateExec (input rows 50000000 (exact) vs min_rows 250000; distinct over 1 i32 key (memory input): the measured table takes it at no group count and size (results/datafusion_groupby_sweep_2026-10-01.csv)) | LEFT AggregateExec (Partial aggregate whose Final was not replaced)",,0,0.00,0.00,0.00,0.00,0.00,0,21618695,3.36,12.78,100,0,,,,,,,124.63,1813.8,128.87,"yes",0,0,0,0.0000,0.00,0.00,"LEFT AggregateExec (input rows 50000000 (exact) vs min_rows 250000; distinct over 1 i32 key (memory input): the measured table takes it at no group count and size (results/datafusion_groupby_sweep_2026-10-01.csv)) | LEFT AggregateExec (Partial aggregate whose Final was not replaced)",132.68,2026-10-02 03:46:44,2026-10-02 03:49:21,2026-09-29 00:37:52,30,134.02,134.76,,,alternate,false,,,,,,,,0,,,,,,,,def,all
50000000,b8192,gsweep,minmax_f64_2i32_R2,"minmax_f64, 2 i32 key(s), R2 groups in the key domain","SELECT k1, k2, min(x) AS lo, max(x) AS hi FROM grid GROUP BY k1, k2",215.21,,,3207.3,,30,,"yes",0.000e0,,,"LEFT AggregateExec (input rows 50000000 (exact) vs min_rows 250000; minmax_f64 over 2+ i32 keys (memory input): the measured table takes it at no group count and size (results/datafusion_groupby_sweep_2026-10-01.csv)) | LEFT AggregateExec (Partial aggregate whose Final was not replaced)",,0,0.00,0.00,0.00,0.00,0.00,0,21616057,3.36,12.78,100,0,,,,,,,215.48,3205.0,215.39,"yes",0,0,0,0.0000,0.00,0.00,"LEFT AggregateExec (input rows 50000000 (exact) vs min_rows 250000; minmax_f64 over 2+ i32 keys (memory input): the measured table takes it at no group count and size (results/datafusion_groupby_sweep_2026-10-01.csv)) | LEFT AggregateExec (Partial aggregate whose Final was not replaced)",211.50,2026-10-02 03:46:44,2026-10-02 03:49:21,2026-09-29 00:37:52,30,218.68,218.34,,,alternate,false,,,,,,,,0,,,,,,,,def,all
50000000,b8192,gsweep,count_1i64_R2,"count, 1 i64 key(s), R2 groups in the key domain","SELECT kl, count(*) AS n FROM grid GROUP BY kl",163.80,,,2465.6,,30,,"yes",0.000e0,,,"LEFT AggregateExec (input rows 50000000 (exact) vs min_rows 250000; count over 1 i64 key (memory input): the measured table takes it at no group count and size (results/datafusion_groupby_sweep_2026-10-01.csv)) | LEFT AggregateExec (Partial aggregate whose Final was not replaced)",,0,0.00,0.00,0.00,0.00,0.00,0,21618695,3.36,12.78,100,0,,,,,,,161.41,2408.1,168.64,"yes",0,0,0,0.0000,0.00,0.00,"LEFT AggregateExec (input rows 50000000 (exact) vs min_rows 250000; count over 1 i64 key (memory input): the measured table takes it at no group count and size (results/datafusion_groupby_sweep_2026-10-01.csv)) | LEFT AggregateExec (Partial aggregate whose Final was not replaced)",166.11,2026-10-02 03:46:44,2026-10-02 03:49:21,2026-09-29 00:37:52,30,174.12,172.91,,,alternate,false,,,,,,,,0,,,,,,,,def,all
50000000,b8192,gsweep,avg_f64_1i64_R2,"avg_f64, 1 i64 key(s), R2 groups in the key domain","SELECT kl, avg(x) AS m FROM grid GROUP BY kl",190.99,,,2809.6,,30,,"yes",3.331e-16,,,"LEFT AggregateExec (input rows 50000000 (exact) vs min_rows 250000; sum_avg_f64 over 1 i64 key (memory input): the measured table takes it at no group count and size (results/datafusion_groupby_sweep_2026-10-01.csv)) | LEFT AggregateExec (Partial aggregate whose Final was not replaced)",,0,0.00,0.00,0.00,0.00,0.00,0,21618695,3.36,12.78,100,0,,,,,,,185.96,2785.8,195.69,"yes",0,0,0,0.0000,0.00,0.00,"LEFT AggregateExec (input rows 50000000 (exact) vs min_rows 250000; sum_avg_f64 over 1 i64 key (memory input): the measured table takes it at no group count and size (results/datafusion_groupby_sweep_2026-10-01.csv)) | LEFT AggregateExec (Partial aggregate whose Final was not replaced)",197.65,2026-10-02 03:46:44,2026-10-02 03:49:21,2026-09-29 00:37:52,30,195.49,196.72,,,alternate,false,,,,,,,,0,,,,,,,,def,all
50000000,b8192,gsweep,sum_int_1i64_R2,"sum_int, 1 i64 key(s), R2 groups in the key domain","SELECT kl, sum(q) AS s FROM grid GROUP BY kl",164.83,,,2417.6,,30,,"yes",0.000e0,,,"LEFT AggregateExec (input rows 50000000 (exact) vs min_rows 250000; sum_avg_int over 1 i64 key (memory input): the measured table takes it at no group count and size (results/datafusion_groupby_sweep_2026-10-01.csv)) | LEFT AggregateExec (Partial aggregate whose Final was not replaced)",,0,0.00,0.00,0.00,0.00,0.00,0,21618695,3.36,12.78,100,0,,,,,,,165.21,2358.9,161.66,"yes",0,0,0,0.0000,0.00,0.00,"LEFT AggregateExec (input rows 50000000 (exact) vs min_rows 250000; sum_avg_int over 1 i64 key (memory input): the measured table takes it at no group count and size (results/datafusion_groupby_sweep_2026-10-01.csv)) | LEFT AggregateExec (Partial aggregate whose Final was not replaced)",174.23,2026-10-02 03:46:44,2026-10-02 03:49:21,2026-09-29 00:37:52,30,173.27,173.05,,,alternate,false,,,,,,,,0,,,,,,,,def,all
50000000,b8192,gsweep,avg_int_1i64_R2,"avg_int, 1 i64 key(s), R2 groups in the key domain","SELECT kl, avg(q) AS m FROM grid GROUP BY kl",193.26,,,2847.8,,30,,"yes",0.000e0,,,"LEFT AggregateExec (input rows 50000000 (exact) vs min_rows 250000; sum_avg_int over 1 i64 key (memory input): the measured table takes it at no group count and size (results/datafusion_groupby_sweep_2026-10-01.csv)) | LEFT AggregateExec (Partial aggregate whose Final was not replaced)",,0,0.00,0.00,0.00,0.00,0.00,0,21618695,3.36,12.78,100,0,,,,,,,192.63,2828.9,193.62,"yes",0,0,0,0.0000,0.00,0.00,"LEFT AggregateExec (input rows 50000000 (exact) vs min_rows 250000; sum_avg_int over 1 i64 key (memory input): the measured table takes it at no group count and size (results/datafusion_groupby_sweep_2026-10-01.csv)) | LEFT AggregateExec (Partial aggregate whose Final was not replaced)",200.33,2026-10-02 03:46:44,2026-10-02 03:49:21,2026-09-29 00:37:52,30,199.48,199.30,,,alternate,false,,,,,,,,0,,,,,,,,def,all
50000000,b8192,gsweep,minmax_f64_2i64_R2,"minmax_f64, 2 i64 key(s), R2 groups in the key domain","SELECT kl1, kl2, min(x) AS lo, max(x) AS hi FROM grid GROUP BY kl1, kl2",228.64,,,3406.2,,30,,"yes",0.000e0,,,"LEFT AggregateExec (input rows 50000000 (exact) vs min_rows 250000; minmax_f64 over 2+ i64 keys (memory input): the measured table takes it at no group count and size (results/datafusion_groupby_sweep_2026-10-01.csv)) | LEFT AggregateExec (Partial aggregate whose Final was not replaced)",,0,0.00,0.00,0.00,0.00,0.00,0,21616057,3.36,12.78,100,0,,,,,,,227.92,3370.8,234.17,"yes",0,0,0,0.0000,0.00,0.00,"LEFT AggregateExec (input rows 50000000 (exact) vs min_rows 250000; minmax_f64 over 2+ i64 keys (memory input): the measured table takes it at no group count and size (results/datafusion_groupby_sweep_2026-10-01.csv)) | LEFT AggregateExec (Partial aggregate whose Final was not replaced)",235.44,2026-10-02 03:46:44,2026-10-02 03:49:21,2026-09-29 00:37:52,30,235.91,236.49,,,alternate,false,,,,,,,,0,,,,,,,,def,all
50000000,b8192,gsweep,avg_int_2i64_R2,"avg_int, 2 i64 key(s), R2 groups in the key domain","SELECT kl1, kl2, avg(q) AS m FROM grid GROUP BY kl1, kl2",213.10,,,3159.5,,30,,"yes",0.000e0,,,"LEFT AggregateExec (input rows 50000000 (exact) vs min_rows 250000; sum_avg_int over 2+ i64 keys (memory input): the measured table takes it at no group count and size (results/datafusion_groupby_sweep_2026-10-01.csv)) | LEFT AggregateExec (Partial aggregate whose Final was not replaced)",,0,0.00,0.00,0.00,0.00,0.00,0,21616057,3.36,12.78,100,0,,,,,,,212.84,3131.7,216.17,"yes",0,0,0,0.0000,0.00,0.00,"LEFT AggregateExec (input rows 50000000 (exact) vs min_rows 250000; sum_avg_int over 2+ i64 keys (memory input): the measured table takes it at no group count and size (results/datafusion_groupby_sweep_2026-10-01.csv)) | LEFT AggregateExec (Partial aggregate whose Final was not replaced)",219.47,2026-10-02 03:46:44,2026-10-02 03:49:21,2026-09-29 00:37:52,30,217.71,218.54,,,alternate,false,,,,,,,,0,,,,,,,,def,all
50000000,part1,gsweep,minmax_f32_1i32_200,"minmax_f32, 1 i32 key(s), 200 groups in the key domain","SELECT k, min(y) AS lo, max(y) AS hi FROM grid GROUP BY k",16.78,,,182.8,,30,,"yes",0.000e0,,,"LEFT AggregateExec (input rows 50000000 (exact) vs min_rows 250000; minmax_f64 over 1 i32 key (memory input): the measured table takes it at no group count and size (results/datafusion_groupby_sweep_2026-10-01.csv)) | LEFT AggregateExec (Partial aggregate whose Final was not replaced)",,0,0.00,0.00,0.00,0.00,0.00,0,200,3.35,5.77,100,0,,,,,,,16.83,186.3,17.45,"yes",0,0,0,0.0000,0.00,0.00,"LEFT AggregateExec (input rows 50000000 (exact) vs min_rows 250000; minmax_f64 over 1 i32 key (memory input): the measured table takes it at no group count and size (results/datafusion_groupby_sweep_2026-10-01.csv)) | LEFT AggregateExec (Partial aggregate whose Final was not replaced)",19.75,2026-10-02 03:52:49,2026-10-02 03:52:57,2026-09-29 00:37:52,30,17.38,17.38,,,alternate,false,,,,,,,,0,,,,,,,,def,all
50000000,part1,gsweep,minmax_int_1i32_200,"minmax_int, 1 i32 key(s), 200 groups in the key domain","SELECT k, min(q) AS lo, max(q) AS hi FROM grid GROUP BY k",17.27,,,189.7,,30,,"yes",0.000e0,,,"LEFT AggregateExec (input rows 50000000 (exact) vs min_rows 250000; minmax_int over 1 i32 key (memory input): the measured table takes it at no group count and size (results/datafusion_groupby_sweep_2026-10-01.csv)) | LEFT AggregateExec (Partial aggregate whose Final was not replaced)",,0,0.00,0.00,0.00,0.00,0.00,0,200,3.35,5.77,100,0,,,,,,,17.35,190.3,17.90,"yes",0,0,0,0.0000,0.00,0.00,"LEFT AggregateExec (input rows 50000000 (exact) vs min_rows 250000; minmax_int over 1 i32 key (memory input): the measured table takes it at no group count and size (results/datafusion_groupby_sweep_2026-10-01.csv)) | LEFT AggregateExec (Partial aggregate whose Final was not replaced)",17.60,2026-10-02 03:52:49,2026-10-02 03:52:57,2026-09-29 00:37:52,30,17.71,17.68,,,alternate,false,,,,,,,,0,,,,,,,,def,all
50000000,part1,gsweep,minmax_f32_2i64_200,"minmax_f32, 2 i64 key(s), 200 groups in the key domain","SELECT kl1, kl2, min(y) AS lo, max(y) AS hi FROM grid GROUP BY kl1, kl2",33.11,,,457.4,,30,,"yes",0.000e0,,,"LEFT AggregateExec (input rows 50000000 (exact) vs min_rows 250000; minmax_f64 over 2+ i64 keys (memory input): the measured table takes it at no group count and size (results/datafusion_groupby_sweep_2026-10-01.csv)) | LEFT AggregateExec (Partial aggregate whose Final was not replaced)",,0,0.00,0.00,0.00,0.00,0.00,0,200,3.35,5.77,100,0,,,,,,,32.75,457.3,42.43,"yes",0,0,0,0.0000,0.00,0.00,"LEFT AggregateExec (input rows 50000000 (exact) vs min_rows 250000; minmax_f64 over 2+ i64 keys (memory input): the measured table takes it at no group count and size (results/datafusion_groupby_sweep_2026-10-01.csv)) | LEFT AggregateExec (Partial aggregate whose Final was not replaced)",39.59,2026-10-02 03:52:49,2026-10-02 03:52:57,2026-09-29 00:37:52,30,36.55,36.73,,,alternate,false,,,,,,,,0,,,,,,,,def,all
50000000,part1,gsweep,avg_int_2i64_200,"avg_int, 2 i64 key(s), 200 groups in the key domain","SELECT kl1, kl2, avg(q) AS m FROM grid GROUP BY kl1, kl2",34.93,,,479.5,,30,,"yes",0.000e0,,,"LEFT AggregateExec (input rows 50000000 (exact) vs min_rows 250000; sum_avg_int over 2+ i64 keys (memory input): the measured table takes it at no group count and size (results/datafusion_groupby_sweep_2026-10-01.csv)) | LEFT AggregateExec (Partial aggregate whose Final was not replaced)",,0,0.00,0.00,0.00,0.00,0.00,0,200,3.35,5.77,100,0,,,,,,,34.19,483.0,36.74,"yes",0,0,0,0.0000,0.00,0.00,"LEFT AggregateExec (input rows 50000000 (exact) vs min_rows 250000; sum_avg_int over 2+ i64 keys (memory input): the measured table takes it at no group count and size (results/datafusion_groupby_sweep_2026-10-01.csv)) | LEFT AggregateExec (Partial aggregate whose Final was not replaced)",41.21,2026-10-02 03:52:49,2026-10-02 03:52:57,2026-09-29 00:37:52,30,37.93,38.46,,,alternate,false,,,,,,,,0,,,,,,,,def,all
50000000,part1,gsweep,avg_int_1i32_10k,"avg_int, 1 i32 key(s), 10k groups in the key domain","SELECT k, avg(q) AS m FROM grid GROUP BY k",19.60,,,254.0,,30,,"yes",0.000e0,,,"LEFT AggregateExec (input rows 50000000 (exact) vs min_rows 250000; sum_avg_int over 1 i32 key (memory input): the measured table takes it at no group count and size (results/datafusion_groupby_sweep_2026-10-01.csv)) | LEFT AggregateExec (Partial aggregate whose Final was not replaced)",,0,0.00,0.00,0.00,0.00,0.00,0,10000,3.18,4.88,100,0,,,,,,,19.65,255.2,22.49,"yes",0,0,0,0.0000,0.00,0.00,"LEFT AggregateExec (input rows 50000000 (exact) vs min_rows 250000; sum_avg_int over 1 i32 key (memory input): the measured table takes it at no group count and size (results/datafusion_groupby_sweep_2026-10-01.csv)) | LEFT AggregateExec (Partial aggregate whose Final was not replaced)",20.75,2026-10-02 03:56:04,2026-10-02 03:56:13,2026-09-29 00:37:52,30,22.13,22.83,,,alternate,false,,,,,,,,0,,,,,,,,def,all
50000000,part1,gsweep,count_1i64_10k,"count, 1 i64 key(s), 10k groups in the key domain","SELECT kl, count(*) AS n FROM grid GROUP BY kl",16.03,,,217.5,,30,,"yes",0.000e0,,,"LEFT AggregateExec (input rows 50000000 (exact) vs min_rows 250000; count over 1 i64 key (memory input): the measured table takes it at no group count and size (results/datafusion_groupby_sweep_2026-10-01.csv)) | LEFT AggregateExec (Partial aggregate whose Final was not replaced)",,0,0.00,0.00,0.00,0.00,0.00,0,10000,3.18,4.88,100,0,,,,,,,16.80,219.2,17.57,"yes",0,0,0,0.0000,0.00,0.00,"LEFT AggregateExec (input rows 50000000 (exact) vs min_rows 250000; count over 1 i64 key (memory input): the measured table takes it at no group count and size (results/datafusion_groupby_sweep_2026-10-01.csv)) | LEFT AggregateExec (Partial aggregate whose Final was not replaced)",19.80,2026-10-02 03:56:04,2026-10-02 03:56:13,2026-09-29 00:37:52,30,19.69,19.74,,,alternate,false,,,,,,,,0,,,,,,,,def,all
50000000,part1,gsweep,minmax_f32_1i64_10k,"minmax_f32, 1 i64 key(s), 10k groups in the key domain","SELECT kl, min(y) AS lo, max(y) AS hi FROM grid GROUP BY kl",19.91,,,239.1,,30,,"yes",0.000e0,,,"LEFT AggregateExec (input rows 50000000 (exact) vs min_rows 250000; minmax_f64 over 1 i64 key (memory input): the measured table takes it at no group count and size (results/datafusion_groupby_sweep_2026-10-01.csv)) | LEFT AggregateExec (Partial aggregate whose Final was not replaced)",,0,0.00,0.00,0.00,0.00,0.00,0,10000,3.18,4.88,100,0,,,,,,,20.08,239.6,21.06,"yes",0,0,0,0.0000,0.00,0.00,"LEFT AggregateExec (input rows 50000000 (exact) vs min_rows 250000; minmax_f64 over 1 i64 key (memory input): the measured table takes it at no group count and size (results/datafusion_groupby_sweep_2026-10-01.csv)) | LEFT AggregateExec (Partial aggregate whose Final was not replaced)",21.46,2026-10-02 03:56:04,2026-10-02 03:56:13,2026-09-29 00:37:52,30,21.02,21.43,,,alternate,false,,,,,,,,0,,,,,,,,def,all
50000000,part1,gsweep,avg_int_1i64_10k,"avg_int, 1 i64 key(s), 10k groups in the key domain","SELECT kl, avg(q) AS m FROM grid GROUP BY kl",21.24,,,269.8,,30,,"yes",0.000e0,,,"LEFT AggregateExec (input rows 50000000 (exact) vs min_rows 250000; sum_avg_int over 1 i64 key (memory input): the measured table takes it at no group count and size (results/datafusion_groupby_sweep_2026-10-01.csv)) | LEFT AggregateExec (Partial aggregate whose Final was not replaced)",,0,0.00,0.00,0.00,0.00,0.00,0,10000,3.18,4.88,100,0,,,,,,,22.28,268.1,24.33,"yes",0,0,0,0.0000,0.00,0.00,"LEFT AggregateExec (input rows 50000000 (exact) vs min_rows 250000; sum_avg_int over 1 i64 key (memory input): the measured table takes it at no group count and size (results/datafusion_groupby_sweep_2026-10-01.csv)) | LEFT AggregateExec (Partial aggregate whose Final was not replaced)",22.17,2026-10-02 03:56:04,2026-10-02 03:56:13,2026-09-29 00:37:52,30,23.89,24.02,,,alternate,false,,,,,,,,0,,,,,,,,def,all
50000000,part1,gsweep,sum_int_2i64_10k,"sum_int, 2 i64 key(s), 10k groups in the key domain","SELECT kl1, kl2, sum(q) AS s FROM grid GROUP BY kl1, kl2",33.22,,,470.0,,30,,"yes",0.000e0,,,"LEFT AggregateExec (input rows 50000000 (exact) vs min_rows 250000; sum_avg_int over 2+ i64 keys (memory input): the measured table takes it at no group count and size (results/datafusion_groupby_sweep_2026-10-01.csv)) | LEFT AggregateExec (Partial aggregate whose Final was not replaced)",,0,0.00,0.00,0.00,0.00,0.00,0,10000,3.18,4.88,100,0,,,,,,,33.19,472.2,36.19,"yes",0,0,0,0.0000,0.00,0.00,"LEFT AggregateExec (input rows 50000000 (exact) vs min_rows 250000; sum_avg_int over 2+ i64 keys (memory input): the measured table takes it at no group count and size (results/datafusion_groupby_sweep_2026-10-01.csv)) | LEFT AggregateExec (Partial aggregate whose Final was not replaced)",39.64,2026-10-02 03:56:04,2026-10-02 03:56:13,2026-09-29 00:37:52,30,38.53,38.52,,,alternate,false,,,,,,,,0,,,,,,,,def,all
50000000,part1,gsweep,sum_int_1i32_100k,"sum_int, 1 i32 key(s), 100k groups in the key domain","SELECT k, sum(q) AS s FROM grid GROUP BY k",30.73,,,430.1,,30,,"yes",0.000e0,,,"LEFT AggregateExec (input rows 50000000 (exact) vs min_rows 250000; sum_avg_int over 1 i32 key (memory input): the measured table takes it at no group count and size (results/datafusion_groupby_sweep_2026-10-01.csv)) | LEFT AggregateExec (Partial aggregate whose Final was not replaced)",,0,0.00,0.00,0.00,0.00,0.00,0,100000,3.33,3.71,100,0,,,,,,,30.84,426.1,36.62,"yes",0,0,0,0.0000,0.00,0.00,"LEFT AggregateExec (input rows 50000000 (exact) vs min_rows 250000; sum_avg_int over 1 i32 key (memory input): the measured table takes it at no group count and size (results/datafusion_groupby_sweep_2026-10-01.csv)) | LEFT AggregateExec (Partial aggregate whose Final was not replaced)",32.79,2026-10-02 03:57:00,2026-10-02 03:58:21,2026-09-29 00:37:52,30,34.72,33.56,,,alternate,false,,,,,,,,0,,,,,,,,def,all
50000000,part1,gsweep,minmax_f32_2i32_100k,"minmax_f32, 2 i32 key(s), 100k groups in the key domain","SELECT k1, k2, min(y) AS lo, max(y) AS hi FROM grid GROUP BY k1, k2",64.25,,,912.8,,30,,"yes",0.000e0,,,"LEFT AggregateExec (input rows 50000000 (exact) vs min_rows 250000; minmax_f64 over 2+ i32 keys (memory input): the measured table takes it at no group count and size (results/datafusion_groupby_sweep_2026-10-01.csv)) | LEFT AggregateExec (Partial aggregate whose Final was not replaced)",,0,0.00,0.00,0.00,0.00,0.00,0,100000,3.33,3.71,100,0,,,,,,,63.27,920.5,66.19,"yes",0,0,0,0.0000,0.00,0.00,"LEFT AggregateExec (input rows 50000000 (exact) vs min_rows 250000; minmax_f64 over 2+ i32 keys (memory input): the measured table takes it at no group count and size (results/datafusion_groupby_sweep_2026-10-01.csv)) | LEFT AggregateExec (Partial aggregate whose Final was not replaced)",68.78,2026-10-02 03:57:00,2026-10-02 03:58:21,2026-09-29 00:37:52,30,67.59,66.38,,,alternate,false,,,,,,,,0,,,,,,,,def,all
50000000,part1,gsweep,minmax_int_2i32_100k,"minmax_int, 2 i32 key(s), 100k groups in the key domain","SELECT k1, k2, min(q) AS lo, max(q) AS hi FROM grid GROUP BY k1, k2",71.13,,,1053.3,,15,,"yes",0.000e0,,,"TAKEN AggregateExec (input rows 50000000 (exact) vs min_rows 250000; minmax_int over 2+ i32 keys (memory input): the measured table takes the 100k, 1M bucket(s) at 50M rows; MetalExec decides from a group-count estimate; output kept at one partition (only projections above it))",,0,0.00,0.00,0.00,0.00,0.00,0,100000,3.33,3.71,100,9,,,,,,,22.80,98.4,142.16,"yes",1,0,85231,0.2480,1.96,14.31,"TAKEN AggregateExec (input rows 50000000 (exact) vs min_rows 250000; minmax_int over 2+ i32 keys (memory input): the measured table takes the 100k, 1M bucket(s) at 50M rows; MetalExec decides from a group-count estimate; output kept at one partition (only projections above it)) | TAKEN MetalExec Aggregate { keys (ran on ArrowMetal: an estimated 85231 groups (58132 to 150960, Chao1 over a 2048-row sample) at 50000000 rows: minmax_int at the 100k bucket is taken from 50M rows (from the first rows of each partition; a 2048-row sample of the whole input puts it at 54523 to 135023 groups))",76.54,2026-10-02 03:57:00,2026-10-02 03:58:21,2026-09-29 00:37:52,3,72.55,22.90,,,rounds,true,70.43,71.77,93.16,500,95.23,125.9,1248.1,3,5000,71.29,72.85,94.72,94.80,151.1,1242.7,def,all
50000000,part1,gsweep,distinct_2i32_100k,"distinct, 2 i32 key(s), 100k groups in the key domain","SELECT DISTINCT k1, k2 FROM grid",43.98,,,629.4,,15,,"yes",0.000e0,,,"TAKEN AggregateExec (input rows 50000000 (exact) vs min_rows 250000; distinct over 2+ i32 keys (memory input): the measured table takes the 200, 100k, 1M bucket(s) at 50M rows; MetalExec decides from a group-count estimate; output kept at one partition (only projections above it))",,0,0.00,0.00,0.00,0.00,0.00,0,100000,3.33,3.71,100,12,,,,,,,14.20,64.1,39.75,"yes",1,0,85231,0.2602,1.99,8.20,"TAKEN AggregateExec (input rows 50000000 (exact) vs min_rows 250000; distinct over 2+ i32 keys (memory input): the measured table takes the 200, 100k, 1M bucket(s) at 50M rows; MetalExec decides from a group-count estimate; output kept at one partition (only projections above it)) | TAKEN MetalExec Aggregate { keys (ran on ArrowMetal: an estimated 85231 groups (58132 to 150960, Chao1 over a 2048-row sample) at 50000000 rows: distinct at the 100k bucket is taken from 50M rows (from the first rows of each partition; a 2048-row sample of the whole input puts it at 54523 to 135023 groups))",48.12,2026-10-02 03:57:00,2026-10-02 03:58:21,2026-09-29 00:37:52,3,47.62,14.27,,,rounds,true,41.13,54.41,60.09,500,68.99,86.8,834.7,3,5000,51.21,56.83,69.42,76.43,97.4,872.7,def,all
50000000,part1,gsweep,sum_f64_1i64_100k,"sum_f64, 1 i64 key(s), 100k groups in the key domain","SELECT kl, sum(x) AS s FROM grid GROUP BY kl",36.54,,,502.8,,30,,"yes",6.109e-16,,,"LEFT AggregateExec (input rows 50000000 (exact) vs min_rows 250000; sum_avg_f64 over 1 i64 key (memory input): the measured table takes it at no group count and size (results/datafusion_groupby_sweep_2026-10-01.csv)) | LEFT AggregateExec (Partial aggregate whose Final was not replaced)",,0,0.00,0.00,0.00,0.00,0.00,0,100000,3.33,3.71,100,0,,,,,,,36.59,508.2,38.12,"yes",0,0,0,0.0000,0.00,0.00,"LEFT AggregateExec (input rows 50000000 (exact) vs min_rows 250000; sum_avg_f64 over 1 i64 key (memory input): the measured table takes it at no group count and size (results/datafusion_groupby_sweep_2026-10-01.csv)) | LEFT AggregateExec (Partial aggregate whose Final was not replaced)",38.00,2026-10-02 03:57:00,2026-10-02 03:58:21,2026-09-29 00:37:52,30,39.49,39.46,,,alternate,false,,,,,,,,0,,,,,,,,def,all
50000000,part1,gsweep,sum_f64_1i32_1M,"sum_f64, 1 i32 key(s), 1M groups in the key domain","SELECT k, sum(x) AS s FROM grid GROUP BY k",55.10,,,815.4,,30,,"yes",9.424e-16,,,"LEFT AggregateExec (input rows 50000000 (exact) vs min_rows 250000; sum_avg_f64 over 1 i32 key (memory input): the measured table takes it at no group count and size (results/datafusion_groupby_sweep_2026-10-01.csv)) | LEFT AggregateExec (Partial aggregate whose Final was not replaced)",,0,0.00,0.00,0.00,0.00,0.00,0,1000000,3.44,8.41,100,0,,,,,,,55.27,816.0,56.51,"yes",0,0,0,0.0000,0.00,0.00,"LEFT AggregateExec (input rows 50000000 (exact) vs min_rows 250000; sum_avg_f64 over 1 i32 key (memory input): the measured table takes it at no group count and size (results/datafusion_groupby_sweep_2026-10-01.csv)) | LEFT AggregateExec (Partial aggregate whose Final was not replaced)",57.44,2026-10-02 03:58:27,2026-10-02 04:00:26,2026-09-29 00:37:52,30,56.22,56.29,,,alternate,false,,,,,,,,0,,,,,,,,def,all
50000000,part1,gsweep,avg_f64_1i32_1M,"avg_f64, 1 i32 key(s), 1M groups in the key domain","SELECT k, avg(x) AS m FROM grid GROUP BY k",69.23,,,992.6,,30,,"yes",5.551e-16,,,"LEFT AggregateExec (input rows 50000000 (exact) vs min_rows 250000; sum_avg_f64 over 1 i32 key (memory input): the measured table takes it at no group count and size (results/datafusion_groupby_sweep_2026-10-01.csv)) | LEFT AggregateExec (Partial aggregate whose Final was not replaced)",,0,0.00,0.00,0.00,0.00,0.00,0,1000000,3.44,8.41,100,0,,,,,,,70.42,1025.9,72.46,"yes",0,0,0,0.0000,0.00,0.00,"LEFT AggregateExec (input rows 50000000 (exact) vs min_rows 250000; sum_avg_f64 over 1 i32 key (memory input): the measured table takes it at no group count and size (results/datafusion_groupby_sweep_2026-10-01.csv)) | LEFT AggregateExec (Partial aggregate whose Final was not replaced)",69.91,2026-10-02 03:58:27,2026-10-02 04:00:26,2026-09-29 00:37:52,30,71.32,71.37,,,alternate,false,,,,,,,,0,,,,,,,,def,all
50000000,part1,gsweep,distinct_1i32_1M,"distinct, 1 i32 key(s), 1M groups in the key domain","SELECT DISTINCT k FROM grid",35.63,,,533.9,,30,,"yes",0.000e0,,,"LEFT AggregateExec (input rows 50000000 (exact) vs min_rows 250000; distinct over 1 i32 key (memory input): the measured table takes it at no group count and size (results/datafusion_groupby_sweep_2026-10-01.csv)) | LEFT AggregateExec (Partial aggregate whose Final was not replaced)",,0,0.00,0.00,0.00,0.00,0.00,0,1000000,3.44,8.41,100,0,,,,,,,35.37,533.8,36.54,"yes",0,0,0,0.0000,0.00,0.00,"LEFT AggregateExec (input rows 50000000 (exact) vs min_rows 250000; distinct over 1 i32 key (memory input): the measured table takes it at no group count and size (results/datafusion_groupby_sweep_2026-10-01.csv)) | LEFT AggregateExec (Partial aggregate whose Final was not replaced)",36.34,2026-10-02 03:58:27,2026-10-02 04:00:26,2026-09-29 00:37:52,30,36.66,36.80,,,alternate,false,,,,,,,,0,,,,,,,,def,all
50000000,part1,gsweep,count_2i32_1M,"count, 2 i32 key(s), 1M groups in the key domain","SELECT k1, k2, count(*) AS n FROM grid GROUP BY k1, k2",75.36,,,1127.5,,15,,"yes",0.000e0,,,"TAKEN AggregateExec (input rows 50000000 (exact) vs min_rows 250000; count over 2+ i32 keys (memory input): the measured table takes the 100k, 1M bucket(s) at 50M rows; MetalExec decides from a group-count estimate; output kept at one partition (only projections above it))",,0,0.00,0.00,0.00,0.00,0.00,0,1000000,3.44,8.41,100,9,,,,,,,17.63,61.7,54.29,"yes",1,0,899052,0.3167,2.06,10.74,"TAKEN AggregateExec (input rows 50000000 (exact) vs min_rows 250000; count over 2+ i32 keys (memory input): the measured table takes the 100k, 1M bucket(s) at 50M rows; MetalExec decides from a group-count estimate; output kept at one partition (only projections above it)) | TAKEN MetalExec Aggregate { keys (ran on ArrowMetal: an estimated 899052 groups (654492 to 1381620, Chao1 over a 8192-row sample) at 50000000 rows: count at the 1M bucket is taken from 50M rows (from the first rows of each partition; a 2048-row sample of the whole input puts it at 350720 to 50000000 groups))",75.56,2026-10-02 03:58:27,2026-10-02 04:00:26,2026-09-29 00:37:52,3,75.39,18.07,,,rounds,true,47.61,58.10,92.57,500,99.75,87.9,1292.2,3,5000,58.03,60.36,85.67,105.22,100.5,1193.8,def,all
50000000,part1,gsweep,avg_f64_2i32_1M,"avg_f64, 2 i32 key(s), 1M groups in the key domain","SELECT k1, k2, avg(x) AS m FROM grid GROUP BY k1, k2",91.02,,,1347.8,,30,,"yes",5.551e-16,,,"LEFT AggregateExec (input rows 50000000 (exact) vs min_rows 250000; sum_avg_f64 over 2+ i32 keys (memory input): the measured table takes it at no group count and size (results/datafusion_groupby_sweep_2026-10-01.csv)) | LEFT AggregateExec (Partial aggregate whose Final was not replaced)",,0,0.00,0.00,0.00,0.00,0.00,0,1000000,3.44,8.41,100,0,,,,,,,90.86,1343.2,91.78,"yes",0,0,0,0.0000,0.00,0.00,"LEFT AggregateExec (input rows 50000000 (exact) vs min_rows 250000; sum_avg_f64 over 2+ i32 keys (memory input): the measured table takes it at no group count and size (results/datafusion_groupby_sweep_2026-10-01.csv)) | LEFT AggregateExec (Partial aggregate whose Final was not replaced)",92.38,2026-10-02 03:58:27,2026-10-02 04:00:26,2026-09-29 00:37:52,30,92.63,92.90,,,alternate,false,,,,,,,,0,,,,,,,,def,all
50000000,part1,gsweep,minmax_f64_2i32_1M,"minmax_f64, 2 i32 key(s), 1M groups in the key domain","SELECT k1, k2, min(x) AS lo, max(x) AS hi FROM grid GROUP BY k1, k2",96.15,,,1431.0,,30,,"yes",0.000e0,,,"LEFT AggregateExec (input rows 50000000 (exact) vs min_rows 250000; minmax_f64 over 2+ i32 keys (memory input): the measured table takes it at no group count and size (results/datafusion_groupby_sweep_2026-10-01.csv)) | LEFT AggregateExec (Partial aggregate whose Final was not replaced)",,0,0.00,0.00,0.00,0.00,0.00,0,1000000,3.44,8.41,100,0,,,,,,,96.45,1435.6,100.62,"yes",0,0,0,0.0000,0.00,0.00,"LEFT AggregateExec (input rows 50000000 (exact) vs min_rows 250000; minmax_f64 over 2+ i32 keys (memory input): the measured table takes it at no group count and size (results/datafusion_groupby_sweep_2026-10-01.csv)) | LEFT AggregateExec (Partial aggregate whose Final was not replaced)",97.74,2026-10-02 03:58:27,2026-10-02 04:00:26,2026-09-29 00:37:52,30,97.71,98.11,,,alternate,false,,,,,,,,0,,,,,,,,def,all
50000000,part1,gsweep,distinct_2i32_1M,"distinct, 2 i32 key(s), 1M groups in the key domain","SELECT DISTINCT k1, k2 FROM grid",57.99,,,869.7,,15,,"yes",0.000e0,,,"TAKEN AggregateExec (input rows 50000000 (exact) vs min_rows 250000; distinct over 2+ i32 keys (memory input): the measured table takes the 200, 100k, 1M bucket(s) at 50M rows; MetalExec decides from a group-count estimate; output kept at one partition (only projections above it))",,0,0.00,0.00,0.00,0.00,0.00,0,1000000,3.44,8.41,100,9,,,,,,,15.44,63.5,35.63,"yes",1,0,899052,0.3705,1.96,9.14,"TAKEN AggregateExec (input rows 50000000 (exact) vs min_rows 250000; distinct over 2+ i32 keys (memory input): the measured table takes the 200, 100k, 1M bucket(s) at 50M rows; MetalExec decides from a group-count estimate; output kept at one partition (only projections above it)) | TAKEN MetalExec Aggregate { keys (ran on ArrowMetal: an estimated 899052 groups (654492 to 1381620, Chao1 over a 8192-row sample) at 50000000 rows: distinct at the 1M bucket is taken from 50M rows (from the first rows of each partition; a 2048-row sample of the whole input puts it at 350720 to 50000000 groups))",58.56,2026-10-02 03:58:27,2026-10-02 04:00:26,2026-09-29 00:37:52,3,58.38,15.81,,,rounds,true,48.91,53.98,80.87,500,84.50,72.0,1106.2,3,5000,60.76,64.91,80.62,81.89,115.0,1115.3,def,all
50000000,part1,gsweep,count_1i64_1M,"count, 1 i64 key(s), 1M groups in the key domain","SELECT kl, count(*) AS n FROM grid GROUP BY kl",62.91,,,889.2,,30,,"yes",0.000e0,,,"LEFT AggregateExec (input rows 50000000 (exact) vs min_rows 250000; count over 1 i64 key (memory input): the measured table takes it at no group count and size (results/datafusion_groupby_sweep_2026-10-01.csv)) | LEFT AggregateExec (Partial aggregate whose Final was not replaced)",,0,0.00,0.00,0.00,0.00,0.00,0,1000000,3.44,8.41,100,0,,,,,,,63.26,924.0,64.84,"yes",0,0,0,0.0000,0.00,0.00,"LEFT AggregateExec (input rows 50000000 (exact) vs min_rows 250000; count over 1 i64 key (memory input): the measured table takes it at no group count and size (results/datafusion_groupby_sweep_2026-10-01.csv)) | LEFT AggregateExec (Partial aggregate whose Final was not replaced)",64.12,2026-10-02 03:58:27,2026-10-02 04:00:26,2026-09-29 00:37:52,30,64.53,64.61,,,alternate,false,,,,,,,,0,,,,,,,,def,all
50000000,part1,gsweep,sum_int_1i64_1M,"sum_int, 1 i64 key(s), 1M groups in the key domain","SELECT kl, sum(q) AS s FROM grid GROUP BY kl",63.88,,,936.7,,30,,"yes",0.000e0,,,"LEFT AggregateExec (input rows 50000000 (exact) vs min_rows 250000; sum_avg_int over 1 i64 key (memory input): the measured table takes it at no group count and size (results/datafusion_groupby_sweep_2026-10-01.csv)) | LEFT AggregateExec (Partial aggregate whose Final was not replaced)",,0,0.00,0.00,0.00,0.00,0.00,0,1000000,3.44,8.41,100,0,,,,,,,63.70,933.6,63.56,"yes",0,0,0,0.0000,0.00,0.00,"LEFT AggregateExec (input rows 50000000 (exact) vs min_rows 250000; sum_avg_int over 1 i64 key (memory input): the measured table takes it at no group count and size (results/datafusion_groupby_sweep_2026-10-01.csv)) | LEFT AggregateExec (Partial aggregate whose Final was not replaced)",63.48,2026-10-02 03:58:27,2026-10-02 04:00:26,2026-09-29 00:37:52,30,64.93,64.92,,,alternate,false,,,,,,,,0,,,,,,,,def,all
50000000,part1,gsweep,minmax_f64_2i64_1M,"minmax_f64, 2 i64 key(s), 1M groups in the key domain","SELECT kl1, kl2, min(x) AS lo, max(x) AS hi FROM grid GROUP BY kl1, kl2",113.42,,,1660.2,,30,,"yes",0.000e0,,,"LEFT AggregateExec (input rows 50000000 (exact) vs min_rows 250000; minmax_f64 over 2+ i64 keys (memory input): the measured table takes it at no group count and size (results/datafusion_groupby_sweep_2026-10-01.csv)) | LEFT AggregateExec (Partial aggregate whose Final was not replaced)",,0,0.00,0.00,0.00,0.00,0.00,0,1000000,3.44,8.41,100,0,,,,,,,112.99,1665.5,117.05,"yes",0,0,0,0.0000,0.00,0.00,"LEFT AggregateExec (input rows 50000000 (exact) vs min_rows 250000; minmax_f64 over 2+ i64 keys (memory input): the measured table takes it at no group count and size (results/datafusion_groupby_sweep_2026-10-01.csv)) | LEFT AggregateExec (Partial aggregate whose Final was not replaced)",116.78,2026-10-02 03:58:27,2026-10-02 04:00:26,2026-09-29 00:37:52,30,115.34,114.84,,,alternate,false,,,,,,,,0,,,,,,,,def,all
50000000,part1,gsweep,sum_int_2i64_1M,"sum_int, 2 i64 key(s), 1M groups in the key domain","SELECT kl1, kl2, sum(q) AS s FROM grid GROUP BY kl1, kl2",90.51,,,1342.5,,30,,"yes",0.000e0,,,"LEFT AggregateExec (input rows 50000000 (exact) vs min_rows 250000; sum_avg_int over 2+ i64 keys (memory input): the measured table takes it at no group count and size (results/datafusion_groupby_sweep_2026-10-01.csv)) | LEFT AggregateExec (Partial aggregate whose Final was not replaced)",,0,0.00,0.00,0.00,0.00,0.00,0,1000000,3.44,8.41,100,0,,,,,,,90.30,1333.3,91.48,"yes",0,0,0,0.0000,0.00,0.00,"LEFT AggregateExec (input rows 50000000 (exact) vs min_rows 250000; sum_avg_int over 2+ i64 keys (memory input): the measured table takes it at no group count and size (results/datafusion_groupby_sweep_2026-10-01.csv)) | LEFT AggregateExec (Partial aggregate whose Final was not replaced)",96.89,2026-10-02 03:58:27,2026-10-02 04:00:26,2026-09-29 00:37:52,30,92.17,92.07,,,alternate,false,,,,,,,,0,,,,,,,,def,all
50000000,part1,gsweep,avg_int_1i32_R2,"avg_int, 1 i32 key(s), R2 groups in the key domain","SELECT k, avg(q) AS m FROM grid GROUP BY k",181.50,,,2724.6,,30,,"yes",0.000e0,,,"LEFT AggregateExec (input rows 50000000 (exact) vs min_rows 250000; sum_avg_int over 1 i32 key (memory input): the measured table takes it at no group count and size (results/datafusion_groupby_sweep_2026-10-01.csv)) | LEFT AggregateExec (Partial aggregate whose Final was not replaced)",,0,0.00,0.00,0.00,0.00,0.00,0,21618695,3.31,13.44,100,0,,,,,,,181.32,2700.2,189.62,"yes",0,0,0,0.0000,0.00,0.00,"LEFT AggregateExec (input rows 50000000 (exact) vs min_rows 250000; sum_avg_int over 1 i32 key (memory input): the measured table takes it at no group count and size (results/datafusion_groupby_sweep_2026-10-01.csv)) | LEFT AggregateExec (Partial aggregate whose Final was not replaced)",189.99,2026-10-02 04:01:53,2026-10-02 04:04:42,2026-09-29 00:37:52,30,188.67,188.02,,,alternate,false,,,,,,,,0,,,,,,,,def,all
50000000,part1,gsweep,avg_f64_2i32_R2,"avg_f64, 2 i32 key(s), R2 groups in the key domain","SELECT k1, k2, avg(x) AS m FROM grid GROUP BY k1, k2",197.72,,,2958.0,,30,,"yes",3.331e-16,,,"LEFT AggregateExec (input rows 50000000 (exact) vs min_rows 250000; sum_avg_f64 over 2+ i32 keys (memory input): the measured table takes it at no group count and size (results/datafusion_groupby_sweep_2026-10-01.csv)) | LEFT AggregateExec (Partial aggregate whose Final was not replaced)",,0,0.00,0.00,0.00,0.00,0.00,0,21616057,3.31,13.44,100,0,,,,,,,198.57,2985.7,196.83,"yes",0,0,0,0.0000,0.00,0.00,"LEFT AggregateExec (input rows 50000000 (exact) vs min_rows 250000; sum_avg_f64 over 2+ i32 keys (memory input): the measured table takes it at no group count and size (results/datafusion_groupby_sweep_2026-10-01.csv)) | LEFT AggregateExec (Partial aggregate whose Final was not replaced)",200.65,2026-10-02 04:01:53,2026-10-02 04:04:42,2026-09-29 00:37:52,30,200.66,201.74,,,alternate,false,,,,,,,,0,,,,,,,,def,all
50000000,part1,gsweep,minmax_f32_2i32_R2,"minmax_f32, 2 i32 key(s), R2 groups in the key domain","SELECT k1, k2, min(y) AS lo, max(y) AS hi FROM grid GROUP BY k1, k2",202.95,,,3052.0,,30,,"yes",0.000e0,,,"LEFT AggregateExec (input rows 50000000 (exact) vs min_rows 250000; minmax_f64 over 2+ i32 keys (memory input): the measured table takes it at no group count and size (results/datafusion_groupby_sweep_2026-10-01.csv)) | LEFT AggregateExec (Partial aggregate whose Final was not replaced)",,0,0.00,0.00,0.00,0.00,0.00,0,21616057,3.31,13.44,100,0,,,,,,,201.86,3036.1,200.28,"yes",0,0,0,0.0000,0.00,0.00,"LEFT AggregateExec (input rows 50000000 (exact) vs min_rows 250000; minmax_f64 over 2+ i32 keys (memory input): the measured table takes it at no group count and size (results/datafusion_groupby_sweep_2026-10-01.csv)) | LEFT AggregateExec (Partial aggregate whose Final was not replaced)",203.48,2026-10-02 04:01:53,2026-10-02 04:04:42,2026-09-29 00:37:52,30,205.16,205.34,,,alternate,false,,,,,,,,0,,,,,,,,def,all
50000000,part1,gsweep,sum_int_2i32_R2,"sum_int, 2 i32 key(s), R2 groups in the key domain","SELECT k1, k2, sum(q) AS s FROM grid GROUP BY k1, k2",174.28,,,2581.0,,30,,"yes",0.000e0,,,"LEFT AggregateExec (input rows 50000000 (exact) vs min_rows 250000; sum_avg_int over 2+ i32 keys (memory input): the measured table takes it at no group count and size (results/datafusion_groupby_sweep_2026-10-01.csv)) | LEFT AggregateExec (Partial aggregate whose Final was not replaced)",,0,0.00,0.00,0.00,0.00,0.00,0,21616057,3.31,13.44,100,0,,,,,,,172.90,2580.7,173.67,"yes",0,0,0,0.0000,0.00,0.00,"LEFT AggregateExec (input rows 50000000 (exact) vs min_rows 250000; sum_avg_int over 2+ i32 keys (memory input): the measured table takes it at no group count and size (results/datafusion_groupby_sweep_2026-10-01.csv)) | LEFT AggregateExec (Partial aggregate whose Final was not replaced)",174.45,2026-10-02 04:01:53,2026-10-02 04:04:42,2026-09-29 00:37:52,30,176.71,176.69,,,alternate,false,,,,,,,,0,,,,,,,,def,all
50000000,part1,gsweep,avg_int_1i64_R2,"avg_int, 1 i64 key(s), R2 groups in the key domain","SELECT kl, avg(q) AS m FROM grid GROUP BY kl",192.71,,,2861.8,,30,,"yes",0.000e0,,,"LEFT AggregateExec (input rows 50000000 (exact) vs min_rows 250000; sum_avg_int over 1 i64 key (memory input): the measured table takes it at no group count and size (results/datafusion_groupby_sweep_2026-10-01.csv)) | LEFT AggregateExec (Partial aggregate whose Final was not replaced)",,0,0.00,0.00,0.00,0.00,0.00,0,21618695,3.31,13.44,100,0,,,,,,,192.66,2862.6,197.28,"yes",0,0,0,0.0000,0.00,0.00,"LEFT AggregateExec (input rows 50000000 (exact) vs min_rows 250000; sum_avg_int over 1 i64 key (memory input): the measured table takes it at no group count and size (results/datafusion_groupby_sweep_2026-10-01.csv)) | LEFT AggregateExec (Partial aggregate whose Final was not replaced)",202.62,2026-10-02 04:01:53,2026-10-02 04:04:42,2026-09-29 00:37:52,30,200.72,198.25,,,alternate,false,,,,,,,,0,,,,,,,,def,all
50000000,part1,gsweep,sum_f64_2i64_R2,"sum_f64, 2 i64 key(s), R2 groups in the key domain","SELECT kl1, kl2, sum(x) AS s FROM grid GROUP BY kl1, kl2",185.76,,,2787.1,,30,,"yes",5.777e-16,,,"LEFT AggregateExec (input rows 50000000 (exact) vs min_rows 250000; sum_avg_f64 over 2+ i64 keys (memory input): the measured table takes it at no group count and size (results/datafusion_groupby_sweep_2026-10-01.csv)) | LEFT AggregateExec (Partial aggregate whose Final was not replaced)",,0,0.00,0.00,0.00,0.00,0.00,0,21616057,3.31,13.44,100,0,,,,,,,185.93,2785.7,188.66,"yes",0,0,0,0.0000,0.00,0.00,"LEFT AggregateExec (input rows 50000000 (exact) vs min_rows 250000; sum_avg_f64 over 2+ i64 keys (memory input): the measured table takes it at no group count and size (results/datafusion_groupby_sweep_2026-10-01.csv)) | LEFT AggregateExec (Partial aggregate whose Final was not replaced)",187.84,2026-10-02 04:01:53,2026-10-02 04:04:42,2026-09-29 00:37:52,30,191.74,191.79,,,alternate,false,,,,,,,,0,,,,,,,,def,all
50000000,part1,gsweep,sum_int_2i64_R2,"sum_int, 2 i64 key(s), R2 groups in the key domain","SELECT kl1, kl2, sum(q) AS s FROM grid GROUP BY kl1, kl2",188.88,,,2789.9,,30,,"yes",0.000e0,,,"LEFT AggregateExec (input rows 50000000 (exact) vs min_rows 250000; sum_avg_int over 2+ i64 keys (memory input): the measured table takes it at no group count and size (results/datafusion_groupby_sweep_2026-10-01.csv)) | LEFT AggregateExec (Partial aggregate whose Final was not replaced)",,0,0.00,0.00,0.00,0.00,0.00,0,21616057,3.31,13.44,100,0,,,,,,,187.98,2768.4,187.81,"yes",0,0,0,0.0000,0.00,0.00,"LEFT AggregateExec (input rows 50000000 (exact) vs min_rows 250000; sum_avg_int over 2+ i64 keys (memory input): the measured table takes it at no group count and size (results/datafusion_groupby_sweep_2026-10-01.csv)) | LEFT AggregateExec (Partial aggregate whose Final was not replaced)",195.75,2026-10-02 04:01:53,2026-10-02 04:04:42,2026-09-29 00:37:52,30,193.45,193.19,,,alternate,false,,,,,,,,0,,,,,,,,def,all
50000000,part1,gsweep,avg_int_2i64_R2,"avg_int, 2 i64 key(s), R2 groups in the key domain","SELECT kl1, kl2, avg(q) AS m FROM grid GROUP BY kl1, kl2",216.55,,,3216.0,,30,,"yes",0.000e0,,,"LEFT AggregateExec (input rows 50000000 (exact) vs min_rows 250000; sum_avg_int over 2+ i64 keys (memory input): the measured table takes it at no group count and size (results/datafusion_groupby_sweep_2026-10-01.csv)) | LEFT AggregateExec (Partial aggregate whose Final was not replaced)",,0,0.00,0.00,0.00,0.00,0.00,0,21616057,3.31,13.44,100,0,,,,,,,216.73,3217.5,213.49,"yes",0,0,0,0.0000,0.00,0.00,"LEFT AggregateExec (input rows 50000000 (exact) vs min_rows 250000; sum_avg_int over 2+ i64 keys (memory input): the measured table takes it at no group count and size (results/datafusion_groupby_sweep_2026-10-01.csv)) | LEFT AggregateExec (Partial aggregate whose Final was not replaced)",224.20,2026-10-02 04:01:53,2026-10-02 04:04:42,2026-09-29 00:37:52,30,221.61,222.68,,,alternate,false,,,,,,,,0,,,,,,,,def,all
50000000,part1,gsweep,distinct_2i64_R2,"distinct, 2 i64 key(s), R2 groups in the key domain","SELECT DISTINCT kl1, kl2 FROM grid",151.78,,,2281.9,,30,,"yes",0.000e0,,,"LEFT AggregateExec (input rows 50000000 (exact) vs min_rows 250000; distinct over 2+ i64 keys (memory input): the measured table takes it at no group count and size (results/datafusion_groupby_sweep_2026-10-01.csv)) | LEFT AggregateExec (Partial aggregate whose Final was not replaced)",,0,0.00,0.00,0.00,0.00,0.00,0,21616057,3.31,13.44,100,0,,,,,,,153.26,2305.0,158.26,"yes",0,0,0,0.0000,0.00,0.00,"LEFT AggregateExec (input rows 50000000 (exact) vs min_rows 250000; distinct over 2+ i64 keys (memory input): the measured table takes it at no group count and size (results/datafusion_groupby_sweep_2026-10-01.csv)) | LEFT AggregateExec (Partial aggregate whose Final was not replaced)",164.34,2026-10-02 04:01:53,2026-10-02 04:04:42,2026-09-29 00:37:52,30,158.73,158.88,,,alternate,false,,,,,,,,0,,,,,,,,def,all
