crate,size,layout,family,case,label,sql,off_ms,on_ms,ratio,off_cpu_ms,on_cpu_ms,iters_off,iters_on,equal,max_rel_dev,nodes_taken,rule_on,rule_default,runtime_fallbacks,metal_nodes,input_ms,concat_ms,import_ms,kernel_ms,export_ms,input_batches,out_rows,block_load_start,block_load_end,warm_ms,untimed_off,untimed_on,on_first_ms
now,100000,b8192,sort,srt_i64,sort 3 columns by an int64 key,"SELECT q, k1, x FROM extra ORDER BY q",2.92,0.88,3.311,4.3,0.8,5,5,yes,0.000e0,1,TAKEN SortPreservingMergeExec (input rows 100000 (exact) vs min_rows 0; projection kept above it),LEFT SortPreservingMergeExec (input rows 100000 (exact) vs min_rows 250000) | LEFT SortExec (per-partition sort (preserve_partitioning) with no replaced merge above it),0,1,0.02,0.00,0.04,0.70,0.00,13,100000,3.08,3.08,100,35,100,30.90
now,100000,b8192,sort,srt_f64,sort 3 columns by a Float64 key,"SELECT q, k1, x FROM extra ORDER BY x",3.06,0.92,3.335,4.6,0.8,5,5,yes,0.000e0,1,TAKEN SortPreservingMergeExec (input rows 100000 (exact) vs min_rows 0; projection kept above it),LEFT SortPreservingMergeExec (input rows 100000 (exact) vs min_rows 250000) | LEFT SortExec (per-partition sort (preserve_partitioning) with no replaced merge above it),0,1,0.02,0.00,0.04,0.71,0.00,13,100000,3.08,3.08,100,33,102,1.63
now,100000,b8192,sort,srt_str,sort 3 columns by a String key (1000 values),"SELECT name, q, k1 FROM extra ORDER BY name",4.00,1.14,3.517,7.2,1.1,5,5,yes,0.000e0,1,TAKEN SortPreservingMergeExec (input rows 100000 (exact) vs min_rows 0; projection kept above it),LEFT SortPreservingMergeExec (input rows 100000 (exact) vs min_rows 250000) | LEFT SortExec (per-partition sort (preserve_partitioning) with no replaced merge above it),0,1,0.02,0.00,0.04,0.94,0.00,13,100000,3.08,3.08,100,26,76,2.69
now,100000,b8192,sort,top_i64,top 100 by an int64 key (control),"SELECT q, k1, x FROM extra ORDER BY q LIMIT 100",0.34,1.04,0.327,1.1,1.1,5,5,yes,0.000e0,1,TAKEN SortPreservingMergeExec (input rows 100000 (exact) vs min_rows 0; projection kept above it),LEFT SortPreservingMergeExec (top-k (sort with fetch 100) disabled in config) | LEFT SortExec (top-k (sort with fetch 100) disabled in config),0,1,0.02,0.00,0.04,0.82,0.00,13,100,3.08,3.08,100,243,90,2.02
now,100000,b8192,sort,top_f64,"top 100 by Float64, descending (control)","SELECT q, k1, x FROM extra ORDER BY x DESC LIMIT 100",0.34,1.02,0.333,1.2,1.0,5,5,yes,0.000e0,1,TAKEN SortPreservingMergeExec (input rows 100000 (exact) vs min_rows 0; projection kept above it),LEFT SortPreservingMergeExec (top-k (sort with fetch 100) disabled in config) | LEFT SortExec (top-k (sort with fetch 100) disabled in config),0,1,0.02,0.00,0.04,0.82,0.00,13,100,3.08,3.08,100,245,91,37.78
now,100000,b8192,sort,srt_f32,sort 3 columns by a Float32 key,"SELECT q, k1, y FROM extra ORDER BY y",2.86,1.10,2.591,4.2,0.8,5,5,yes,0.000e0,1,TAKEN SortPreservingMergeExec (input rows 100000 (exact) vs min_rows 0; projection kept above it),LEFT SortPreservingMergeExec (input rows 100000 (exact) vs min_rows 250000) | LEFT SortExec (per-partition sort (preserve_partitioning) with no replaced merge above it),0,1,0.03,0.00,0.04,0.90,0.00,13,100000,3.08,3.08,100,33,113,2.06
now,100000,b8192,sort,top_f32,"top 100 by Float32, descending","SELECT q, k1, y FROM extra ORDER BY y DESC LIMIT 100",0.36,0.96,0.378,1.7,1.0,5,5,yes,0.000e0,1,TAKEN SortPreservingMergeExec (input rows 100000 (exact) vs min_rows 0; projection kept above it),LEFT SortPreservingMergeExec (top-k (sort with fetch 100) disabled in config) | LEFT SortExec (top-k (sort with fetch 100) disabled in config),0,1,0.02,0.00,0.04,0.74,0.00,13,100,3.08,3.08,100,242,90,14.32
now,100000,part1,sort,srt_i64,sort 3 columns by an int64 key,"SELECT q, k1, x FROM extra ORDER BY q",2.88,0.97,2.969,4.4,0.8,5,5,yes,0.000e0,1,TAKEN SortPreservingMergeExec (input rows 100000 (exact) vs min_rows 0; projection kept above it),LEFT SortPreservingMergeExec (input rows 100000 (exact) vs min_rows 250000) | LEFT SortExec (per-partition sort (preserve_partitioning) with no replaced merge above it),0,1,0.02,0.00,0.05,0.77,0.00,16,100000,3.08,3.08,100,34,102,2.60
now,100000,part1,sort,srt_f64,sort 3 columns by a Float64 key,"SELECT q, k1, x FROM extra ORDER BY x",3.09,1.00,3.092,4.6,0.8,5,5,yes,0.000e0,1,TAKEN SortPreservingMergeExec (input rows 100000 (exact) vs min_rows 0; projection kept above it),LEFT SortPreservingMergeExec (input rows 100000 (exact) vs min_rows 250000) | LEFT SortExec (per-partition sort (preserve_partitioning) with no replaced merge above it),0,1,0.02,0.00,0.04,0.80,0.00,16,100000,3.08,3.08,100,33,99,1.59
now,100000,part1,sort,srt_str,sort 3 columns by a String key (1000 values),"SELECT name, q, k1 FROM extra ORDER BY name",3.78,1.27,2.969,6.9,1.1,5,5,yes,0.000e0,1,TAKEN SortPreservingMergeExec (input rows 100000 (exact) vs min_rows 0; projection kept above it),LEFT SortPreservingMergeExec (input rows 100000 (exact) vs min_rows 250000) | LEFT SortExec (per-partition sort (preserve_partitioning) with no replaced merge above it),0,1,0.02,0.00,0.05,1.06,0.00,16,100000,3.08,3.08,100,27,76,2.20
now,100000,part1,sort,top_i64,top 100 by an int64 key (control),"SELECT q, k1, x FROM extra ORDER BY q LIMIT 100",0.33,1.04,0.317,1.4,1.0,5,5,yes,0.000e0,1,TAKEN SortPreservingMergeExec (input rows 100000 (exact) vs min_rows 0; projection kept above it),LEFT SortPreservingMergeExec (top-k (sort with fetch 100) disabled in config) | LEFT SortExec (top-k (sort with fetch 100) disabled in config),0,1,0.02,0.00,0.05,0.83,0.00,16,100,3.08,3.08,100,272,89,1.37
now,100000,part1,sort,top_f64,"top 100 by Float64, descending (control)","SELECT q, k1, x FROM extra ORDER BY x DESC LIMIT 100",0.36,0.90,0.398,1.6,1.0,5,5,yes,0.000e0,1,TAKEN SortPreservingMergeExec (input rows 100000 (exact) vs min_rows 0; projection kept above it),LEFT SortPreservingMergeExec (top-k (sort with fetch 100) disabled in config) | LEFT SortExec (top-k (sort with fetch 100) disabled in config),0,1,0.02,0.00,0.05,0.67,0.00,16,100,3.08,3.08,100,258,89,1.38
now,100000,part1,sort,srt_f32,sort 3 columns by a Float32 key,"SELECT q, k1, y FROM extra ORDER BY y",3.07,0.71,4.319,4.5,0.8,5,5,yes,0.000e0,1,TAKEN SortPreservingMergeExec (input rows 100000 (exact) vs min_rows 0; projection kept above it),LEFT SortPreservingMergeExec (input rows 100000 (exact) vs min_rows 250000) | LEFT SortExec (per-partition sort (preserve_partitioning) with no replaced merge above it),0,1,0.02,0.00,0.04,0.53,0.00,16,100000,3.08,3.08,100,32,111,1.48
now,100000,part1,sort,top_f32,"top 100 by Float32, descending","SELECT q, k1, y FROM extra ORDER BY y DESC LIMIT 100",0.35,0.91,0.382,1.6,1.0,5,5,yes,0.000e0,1,TAKEN SortPreservingMergeExec (input rows 100000 (exact) vs min_rows 0; projection kept above it),LEFT SortPreservingMergeExec (top-k (sort with fetch 100) disabled in config) | LEFT SortExec (top-k (sort with fetch 100) disabled in config),0,1,0.02,0.00,0.04,0.71,0.00,16,100,3.08,3.08,100,259,94,0.86
now,250000,b8192,sort,srt_i64,sort 3 columns by an int64 key,"SELECT q, k1, x FROM extra ORDER BY q",7.73,0.98,7.890,16.0,0.9,5,5,yes,0.000e0,1,TAKEN SortPreservingMergeExec (input rows 250000 (exact) vs min_rows 0; projection kept above it),TAKEN SortPreservingMergeExec (input rows 250000 (exact) vs min_rows 250000; projection kept above it),0,1,0.03,0.00,0.08,0.73,0.00,31,250000,2.83,2.83,100,14,84,32.97
now,250000,b8192,sort,srt_f64,sort 3 columns by a Float64 key,"SELECT q, k1, x FROM extra ORDER BY x",8.09,1.08,7.499,16.8,1.0,5,5,yes,0.000e0,1,TAKEN SortPreservingMergeExec (input rows 250000 (exact) vs min_rows 0; projection kept above it),TAKEN SortPreservingMergeExec (input rows 250000 (exact) vs min_rows 250000; projection kept above it),0,1,0.03,0.00,0.09,0.81,0.00,31,250000,2.83,2.83,100,13,86,1.90
now,250000,b8192,sort,srt_str,sort 3 columns by a String key (1000 values),"SELECT name, q, k1 FROM extra ORDER BY name",9.99,1.49,6.711,27.8,1.3,5,5,yes,0.000e0,1,TAKEN SortPreservingMergeExec (input rows 250000 (exact) vs min_rows 0; projection kept above it),TAKEN SortPreservingMergeExec (input rows 250000 (exact) vs min_rows 250000; projection kept above it),0,1,0.04,0.00,0.10,1.20,0.00,31,250000,2.83,2.83,100,11,63,3.54
now,250000,b8192,sort,top_i64,top 100 by an int64 key (control),"SELECT q, k1, x FROM extra ORDER BY q LIMIT 100",0.39,1.16,0.341,2.0,1.1,5,5,yes,0.000e0,1,TAKEN SortPreservingMergeExec (input rows 250000 (exact) vs min_rows 0; projection kept above it),LEFT SortPreservingMergeExec (top-k (sort with fetch 100) disabled in config) | LEFT SortExec (top-k (sort with fetch 100) disabled in config),0,1,0.03,0.00,0.09,0.88,0.00,31,100,2.83,2.83,100,247,75,2.19
now,250000,b8192,sort,top_f64,"top 100 by Float64, descending (control)","SELECT q, k1, x FROM extra ORDER BY x DESC LIMIT 100",0.40,1.15,0.347,2.3,1.2,5,5,yes,0.000e0,1,TAKEN SortPreservingMergeExec (input rows 250000 (exact) vs min_rows 0; projection kept above it),LEFT SortPreservingMergeExec (top-k (sort with fetch 100) disabled in config) | LEFT SortExec (top-k (sort with fetch 100) disabled in config),0,1,0.03,0.00,0.09,0.87,0.00,31,100,2.83,2.83,100,231,80,1.26
now,250000,b8192,sort,srt_f32,sort 3 columns by a Float32 key,"SELECT q, k1, y FROM extra ORDER BY y",8.08,1.10,7.368,16.7,0.9,5,5,yes,0.000e0,1,TAKEN SortPreservingMergeExec (input rows 250000 (exact) vs min_rows 0; projection kept above it),TAKEN SortPreservingMergeExec (input rows 250000 (exact) vs min_rows 250000; projection kept above it),0,1,0.04,0.00,0.08,0.84,0.00,31,250000,2.83,2.83,100,13,96,2.96
now,250000,b8192,sort,top_f32,"top 100 by Float32, descending","SELECT q, k1, y FROM extra ORDER BY y DESC LIMIT 100",0.40,0.97,0.413,2.3,1.0,5,5,yes,0.000e0,1,TAKEN SortPreservingMergeExec (input rows 250000 (exact) vs min_rows 0; projection kept above it),LEFT SortPreservingMergeExec (top-k (sort with fetch 100) disabled in config) | LEFT SortExec (top-k (sort with fetch 100) disabled in config),0,1,0.04,0.00,0.08,0.70,0.00,31,100,2.83,2.83,100,229,83,1.88
now,250000,part1,sort,srt_i64,sort 3 columns by an int64 key,"SELECT q, k1, x FROM extra ORDER BY q",7.88,1.05,7.480,15.4,0.9,5,5,yes,0.000e0,1,TAKEN SortPreservingMergeExec (input rows 250000 (exact) vs min_rows 0; projection kept above it),TAKEN SortPreservingMergeExec (input rows 250000 (exact) vs min_rows 250000; projection kept above it),0,1,0.03,0.00,0.10,0.76,0.00,32,250000,2.83,2.76,100,14,87,3.35
now,250000,part1,sort,srt_f64,sort 3 columns by a Float64 key,"SELECT q, k1, x FROM extra ORDER BY x",8.23,1.61,5.115,16.1,1.0,5,5,yes,0.000e0,1,TAKEN SortPreservingMergeExec (input rows 250000 (exact) vs min_rows 0; projection kept above it),TAKEN SortPreservingMergeExec (input rows 250000 (exact) vs min_rows 250000; projection kept above it),0,1,0.03,0.00,0.10,1.31,0.00,32,250000,2.83,2.76,100,13,83,1.72
now,250000,part1,sort,srt_str,sort 3 columns by a String key (1000 values),"SELECT name, q, k1 FROM extra ORDER BY name",10.35,1.75,5.912,25.3,1.5,5,5,yes,0.000e0,1,TAKEN SortPreservingMergeExec (input rows 250000 (exact) vs min_rows 0; projection kept above it),TAKEN SortPreservingMergeExec (input rows 250000 (exact) vs min_rows 250000; projection kept above it),0,1,0.04,0.00,0.10,1.44,0.00,32,250000,2.83,2.76,100,11,58,2.75
now,250000,part1,sort,top_i64,top 100 by an int64 key (control),"SELECT q, k1, x FROM extra ORDER BY q LIMIT 100",0.36,1.02,0.353,1.9,1.1,5,5,yes,0.000e0,1,TAKEN SortPreservingMergeExec (input rows 250000 (exact) vs min_rows 0; projection kept above it),LEFT SortPreservingMergeExec (top-k (sort with fetch 100) disabled in config) | LEFT SortExec (top-k (sort with fetch 100) disabled in config),0,1,0.03,0.00,0.09,0.74,0.00,32,100,2.83,2.76,100,240,80,1.07
now,250000,part1,sort,top_f64,"top 100 by Float64, descending (control)","SELECT q, k1, x FROM extra ORDER BY x DESC LIMIT 100",0.40,1.17,0.340,2.2,1.1,5,5,yes,0.000e0,1,TAKEN SortPreservingMergeExec (input rows 250000 (exact) vs min_rows 0; projection kept above it),LEFT SortPreservingMergeExec (top-k (sort with fetch 100) disabled in config) | LEFT SortExec (top-k (sort with fetch 100) disabled in config),0,1,0.04,0.00,0.09,0.89,0.00,32,100,2.83,2.76,100,240,83,1.05
now,250000,part1,sort,srt_f32,sort 3 columns by a Float32 key,"SELECT q, k1, y FROM extra ORDER BY y",8.41,1.10,7.624,16.6,0.9,5,5,yes,0.000e0,1,TAKEN SortPreservingMergeExec (input rows 250000 (exact) vs min_rows 0; projection kept above it),TAKEN SortPreservingMergeExec (input rows 250000 (exact) vs min_rows 250000; projection kept above it),0,1,0.03,0.00,0.08,0.85,0.00,32,250000,2.83,2.76,100,13,92,2.12
now,250000,part1,sort,top_f32,"top 100 by Float32, descending","SELECT q, k1, y FROM extra ORDER BY y DESC LIMIT 100",0.38,1.07,0.360,2.0,1.1,5,5,yes,0.000e0,1,TAKEN SortPreservingMergeExec (input rows 250000 (exact) vs min_rows 0; projection kept above it),LEFT SortPreservingMergeExec (top-k (sort with fetch 100) disabled in config) | LEFT SortExec (top-k (sort with fetch 100) disabled in config),0,1,0.03,0.00,0.08,0.79,0.00,32,100,2.83,2.76,100,245,82,1.10
now,500000,b8192,sort,srt_i64,sort 3 columns by an int64 key,"SELECT q, k1, x FROM extra ORDER BY q",15.66,1.47,10.656,34.1,1.6,5,5,yes,0.000e0,1,TAKEN SortPreservingMergeExec (input rows 500000 (exact) vs min_rows 0; projection kept above it),TAKEN SortPreservingMergeExec (input rows 500000 (exact) vs min_rows 250000; projection kept above it),0,1,0.06,0.00,0.17,1.06,0.00,62,500000,2.79,2.79,100,8,56,31.12
now,500000,b8192,sort,srt_f64,sort 3 columns by a Float64 key,"SELECT q, k1, x FROM extra ORDER BY x",16.44,1.36,12.046,37.6,1.4,5,5,yes,0.000e0,1,TAKEN SortPreservingMergeExec (input rows 500000 (exact) vs min_rows 0; projection kept above it),TAKEN SortPreservingMergeExec (input rows 500000 (exact) vs min_rows 250000; projection kept above it),0,1,0.07,0.00,0.14,1.00,0.00,62,500000,2.79,2.79,100,7,63,4.44
now,500000,b8192,sort,srt_str,sort 3 columns by a String key (1000 values),"SELECT name, q, k1 FROM extra ORDER BY name",18.89,1.89,10.019,49.3,2.1,5,5,yes,0.000e0,1,TAKEN SortPreservingMergeExec (input rows 500000 (exact) vs min_rows 0; projection kept above it),TAKEN SortPreservingMergeExec (input rows 500000 (exact) vs min_rows 250000; projection kept above it),0,1,0.07,0.00,0.19,1.44,0.00,62,500000,2.79,2.79,100,7,48,3.63
now,500000,b8192,sort,top_i64,top 100 by an int64 key (control),"SELECT q, k1, x FROM extra ORDER BY q LIMIT 100",0.41,1.29,0.323,2.6,1.5,5,5,yes,0.000e0,1,TAKEN SortPreservingMergeExec (input rows 500000 (exact) vs min_rows 0; projection kept above it),LEFT SortPreservingMergeExec (top-k (sort with fetch 100) disabled in config) | LEFT SortExec (top-k (sort with fetch 100) disabled in config),0,1,0.07,0.00,0.15,0.91,0.00,62,100,2.79,2.79,100,225,70,2.62
now,500000,b8192,sort,top_f64,"top 100 by Float64, descending (control)","SELECT q, k1, x FROM extra ORDER BY x DESC LIMIT 100",0.43,1.24,0.351,2.8,1.4,5,5,yes,0.000e0,1,TAKEN SortPreservingMergeExec (input rows 500000 (exact) vs min_rows 0; projection kept above it),LEFT SortPreservingMergeExec (top-k (sort with fetch 100) disabled in config) | LEFT SortExec (top-k (sort with fetch 100) disabled in config),0,1,0.04,0.00,0.14,0.89,0.00,62,100,2.79,2.79,100,216,72,1.73
now,500000,b8192,sort,srt_f32,sort 3 columns by a Float32 key,"SELECT q, k1, y FROM extra ORDER BY y",18.08,1.37,13.158,36.8,1.4,5,5,yes,0.000e0,1,TAKEN SortPreservingMergeExec (input rows 500000 (exact) vs min_rows 0; projection kept above it),TAKEN SortPreservingMergeExec (input rows 500000 (exact) vs min_rows 250000; projection kept above it),0,1,0.06,0.00,0.13,1.02,0.00,62,500000,2.79,2.79,100,7,70,3.83
now,500000,b8192,sort,top_f32,"top 100 by Float32, descending","SELECT q, k1, y FROM extra ORDER BY y DESC LIMIT 100",0.43,1.46,0.297,2.7,1.4,5,5,yes,0.000e0,1,TAKEN SortPreservingMergeExec (input rows 500000 (exact) vs min_rows 0; projection kept above it),LEFT SortPreservingMergeExec (top-k (sort with fetch 100) disabled in config) | LEFT SortExec (top-k (sort with fetch 100) disabled in config),0,1,0.05,0.00,0.14,1.08,0.00,62,100,2.79,2.79,100,226,73,1.53
now,500000,part1,sort,srt_i64,sort 3 columns by an int64 key,"SELECT q, k1, x FROM extra ORDER BY q",15.67,1.42,11.043,34.1,1.6,5,5,yes,0.000e0,1,TAKEN SortPreservingMergeExec (input rows 500000 (exact) vs min_rows 0; projection kept above it),TAKEN SortPreservingMergeExec (input rows 500000 (exact) vs min_rows 250000; projection kept above it),0,1,0.07,0.00,0.16,1.04,0.00,64,500000,2.79,2.79,100,8,60,3.44
now,500000,part1,sort,srt_f64,sort 3 columns by a Float64 key,"SELECT q, k1, x FROM extra ORDER BY x",16.53,1.52,10.893,37.3,1.5,5,5,yes,0.000e0,1,TAKEN SortPreservingMergeExec (input rows 500000 (exact) vs min_rows 0; projection kept above it),TAKEN SortPreservingMergeExec (input rows 500000 (exact) vs min_rows 250000; projection kept above it),0,1,0.09,0.00,0.15,1.11,0.00,64,500000,2.79,2.79,100,7,61,2.61
now,500000,part1,sort,srt_str,sort 3 columns by a String key (1000 values),"SELECT name, q, k1 FROM extra ORDER BY name",18.66,2.01,9.281,48.8,2.2,5,5,yes,0.000e0,1,TAKEN SortPreservingMergeExec (input rows 500000 (exact) vs min_rows 0; projection kept above it),TAKEN SortPreservingMergeExec (input rows 500000 (exact) vs min_rows 250000; projection kept above it),0,1,0.06,0.00,0.23,1.54,0.00,64,500000,2.79,2.79,100,7,47,4.17
now,500000,part1,sort,top_i64,top 100 by an int64 key (control),"SELECT q, k1, x FROM extra ORDER BY q LIMIT 100",0.41,1.33,0.309,2.5,1.5,5,5,yes,0.000e0,1,TAKEN SortPreservingMergeExec (input rows 500000 (exact) vs min_rows 0; projection kept above it),LEFT SortPreservingMergeExec (top-k (sort with fetch 100) disabled in config) | LEFT SortExec (top-k (sort with fetch 100) disabled in config),0,1,0.07,0.00,0.15,0.97,0.00,64,100,2.79,2.79,100,232,77,1.38
now,500000,part1,sort,top_f64,"top 100 by Float64, descending (control)","SELECT q, k1, x FROM extra ORDER BY x DESC LIMIT 100",0.42,1.17,0.359,2.9,1.5,5,5,yes,0.000e0,1,TAKEN SortPreservingMergeExec (input rows 500000 (exact) vs min_rows 0; projection kept above it),LEFT SortPreservingMergeExec (top-k (sort with fetch 100) disabled in config) | LEFT SortExec (top-k (sort with fetch 100) disabled in config),0,1,0.08,0.00,0.15,0.79,0.00,64,100,2.79,2.79,100,215,72,1.74
now,500000,part1,sort,srt_f32,sort 3 columns by a Float32 key,"SELECT q, k1, y FROM extra ORDER BY y",16.18,1.20,13.484,34.8,1.4,5,5,yes,0.000e0,1,TAKEN SortPreservingMergeExec (input rows 500000 (exact) vs min_rows 0; projection kept above it),TAKEN SortPreservingMergeExec (input rows 500000 (exact) vs min_rows 250000; projection kept above it),0,1,0.08,0.00,0.13,0.84,0.00,64,500000,2.79,2.79,100,7,63,2.97
now,500000,part1,sort,top_f32,"top 100 by Float32, descending","SELECT q, k1, y FROM extra ORDER BY y DESC LIMIT 100",0.42,1.23,0.345,2.7,1.5,5,5,yes,0.000e0,1,TAKEN SortPreservingMergeExec (input rows 500000 (exact) vs min_rows 0; projection kept above it),LEFT SortPreservingMergeExec (top-k (sort with fetch 100) disabled in config) | LEFT SortExec (top-k (sort with fetch 100) disabled in config),0,1,0.07,0.00,0.18,0.79,0.00,64,100,2.79,2.79,100,217,73,1.10
now,1000000,b8192,sort,srt_i64,sort 3 columns by an int64 key,"SELECT q, k1, x FROM extra ORDER BY q",30.78,1.87,16.489,74.2,2.7,5,5,yes,0.000e0,1,TAKEN SortPreservingMergeExec (input rows 1000000 (exact) vs min_rows 0; projection kept above it),TAKEN SortPreservingMergeExec (input rows 1000000 (exact) vs min_rows 250000; projection kept above it),0,1,0.17,0.00,0.25,1.23,0.00,123,1000000,2.62,2.62,100,5,40,34.32
now,1000000,b8192,sort,srt_f64,sort 3 columns by a Float64 key,"SELECT q, k1, x FROM extra ORDER BY x",33.53,1.94,17.309,79.3,2.6,5,5,yes,0.000e0,1,TAKEN SortPreservingMergeExec (input rows 1000000 (exact) vs min_rows 0; projection kept above it),TAKEN SortPreservingMergeExec (input rows 1000000 (exact) vs min_rows 250000; projection kept above it),0,1,0.13,0.00,0.31,1.30,0.00,123,1000000,2.62,2.62,100,5,43,6.00
now,1000000,b8192,sort,srt_str,sort 3 columns by a String key (1000 values),"SELECT name, q, k1 FROM extra ORDER BY name",37.81,2.75,13.739,106.6,3.0,5,5,yes,0.000e0,1,TAKEN SortPreservingMergeExec (input rows 1000000 (exact) vs min_rows 0; projection kept above it),TAKEN SortPreservingMergeExec (input rows 1000000 (exact) vs min_rows 250000; projection kept above it),0,1,0.13,0.00,0.39,2.01,0.00,123,1000000,2.62,2.62,100,4,38,7.14
now,1000000,b8192,sort,top_i64,top 100 by an int64 key (control),"SELECT q, k1, x FROM extra ORDER BY q LIMIT 100",0.46,2.86,0.161,3.1,4.2,5,5,yes,0.000e0,1,TAKEN SortPreservingMergeExec (input rows 1000000 (exact) vs min_rows 0; projection kept above it),LEFT SortPreservingMergeExec (top-k (sort with fetch 100) disabled in config) | LEFT SortExec (top-k (sort with fetch 100) disabled in config),0,1,0.13,0.00,0.35,2.19,0.00,123,100,2.62,2.62,100,190,30,4.27
now,1000000,b8192,sort,top_f64,"top 100 by Float64, descending (control)","SELECT q, k1, x FROM extra ORDER BY x DESC LIMIT 100",0.52,2.15,0.240,3.8,3.1,5,5,yes,0.000e0,1,TAKEN SortPreservingMergeExec (input rows 1000000 (exact) vs min_rows 0; projection kept above it),LEFT SortPreservingMergeExec (top-k (sort with fetch 100) disabled in config) | LEFT SortExec (top-k (sort with fetch 100) disabled in config),0,1,0.12,0.00,0.27,1.58,0.00,123,100,2.62,2.62,100,186,46,40.60
now,1000000,b8192,sort,srt_f32,sort 3 columns by a Float32 key,"SELECT q, k1, y FROM extra ORDER BY y",32.15,1.67,19.243,75.0,2.3,5,5,yes,0.000e0,1,TAKEN SortPreservingMergeExec (input rows 1000000 (exact) vs min_rows 0; projection kept above it),TAKEN SortPreservingMergeExec (input rows 1000000 (exact) vs min_rows 250000; projection kept above it),0,1,0.10,0.00,0.25,1.12,0.00,123,1000000,2.62,2.62,100,4,53,4.69
now,1000000,b8192,sort,top_f32,"top 100 by Float32, descending","SELECT q, k1, y FROM extra ORDER BY y DESC LIMIT 100",0.55,2.01,0.274,4.0,2.8,5,5,yes,0.000e0,1,TAKEN SortPreservingMergeExec (input rows 1000000 (exact) vs min_rows 0; projection kept above it),LEFT SortPreservingMergeExec (top-k (sort with fetch 100) disabled in config) | LEFT SortExec (top-k (sort with fetch 100) disabled in config),0,1,0.12,0.00,0.27,1.44,0.00,123,100,2.62,2.62,100,179,49,36.40
now,1000000,part1,sort,srt_i64,sort 3 columns by an int64 key,"SELECT q, k1, x FROM extra ORDER BY q",31.20,1.99,15.659,75.3,2.7,5,5,yes,0.000e0,1,TAKEN SortPreservingMergeExec (input rows 1000000 (exact) vs min_rows 0; projection kept above it),TAKEN SortPreservingMergeExec (input rows 1000000 (exact) vs min_rows 250000; projection kept above it),0,1,0.14,0.00,0.27,1.37,0.00,128,1000000,2.62,2.73,100,5,49,4.29
now,1000000,part1,sort,srt_f64,sort 3 columns by a Float64 key,"SELECT q, k1, x FROM extra ORDER BY x",32.65,2.01,16.209,79.0,2.6,5,5,yes,0.000e0,1,TAKEN SortPreservingMergeExec (input rows 1000000 (exact) vs min_rows 0; projection kept above it),TAKEN SortPreservingMergeExec (input rows 1000000 (exact) vs min_rows 250000; projection kept above it),0,1,0.12,0.00,0.32,1.37,0.00,128,1000000,2.62,2.73,100,5,43,5.80
now,1000000,part1,sort,srt_str,sort 3 columns by a String key (1000 values),"SELECT name, q, k1 FROM extra ORDER BY name",37.75,2.63,14.329,107.3,3.6,5,5,yes,0.000e0,1,TAKEN SortPreservingMergeExec (input rows 1000000 (exact) vs min_rows 0; projection kept above it),TAKEN SortPreservingMergeExec (input rows 1000000 (exact) vs min_rows 250000; projection kept above it),0,1,0.14,0.00,0.34,1.91,0.00,128,1000000,2.62,2.73,100,4,37,5.96
now,1000000,part1,sort,top_i64,top 100 by an int64 key (control),"SELECT q, k1, x FROM extra ORDER BY q LIMIT 100",0.49,2.76,0.177,3.4,4.0,5,5,yes,0.000e0,1,TAKEN SortPreservingMergeExec (input rows 1000000 (exact) vs min_rows 0; projection kept above it),LEFT SortPreservingMergeExec (top-k (sort with fetch 100) disabled in config) | LEFT SortExec (top-k (sort with fetch 100) disabled in config),0,1,0.14,0.00,0.27,2.18,0.00,128,100,2.62,2.73,100,199,31,3.11
now,1000000,part1,sort,top_f64,"top 100 by Float64, descending (control)","SELECT q, k1, x FROM extra ORDER BY x DESC LIMIT 100",0.53,2.13,0.250,4.0,3.3,5,5,yes,0.000e0,1,TAKEN SortPreservingMergeExec (input rows 1000000 (exact) vs min_rows 0; projection kept above it),LEFT SortPreservingMergeExec (top-k (sort with fetch 100) disabled in config) | LEFT SortExec (top-k (sort with fetch 100) disabled in config),0,1,0.17,0.00,0.27,1.52,0.00,128,100,2.62,2.73,100,186,47,2.29
now,1000000,part1,sort,srt_f32,sort 3 columns by a Float32 key,"SELECT q, k1, y FROM extra ORDER BY y",32.75,1.74,18.810,78.8,2.3,5,5,yes,0.000e0,1,TAKEN SortPreservingMergeExec (input rows 1000000 (exact) vs min_rows 0; projection kept above it),TAKEN SortPreservingMergeExec (input rows 1000000 (exact) vs min_rows 250000; projection kept above it),0,1,0.13,0.00,0.27,1.10,0.00,128,1000000,2.62,2.73,100,5,52,4.04
now,1000000,part1,sort,top_f32,"top 100 by Float32, descending","SELECT q, k1, y FROM extra ORDER BY y DESC LIMIT 100",0.50,2.03,0.244,3.8,2.8,5,5,yes,0.000e0,1,TAKEN SortPreservingMergeExec (input rows 1000000 (exact) vs min_rows 0; projection kept above it),LEFT SortPreservingMergeExec (top-k (sort with fetch 100) disabled in config) | LEFT SortExec (top-k (sort with fetch 100) disabled in config),0,1,0.11,0.00,0.24,1.50,0.00,128,100,2.62,2.73,100,186,49,1.98
now,2000000,b8192,sort,srt_i64,sort 3 columns by an int64 key,"SELECT q, k1, x FROM extra ORDER BY q",61.78,2.58,23.924,159.4,4.9,5,5,yes,0.000e0,1,TAKEN SortPreservingMergeExec (input rows 2000000 (exact) vs min_rows 0; projection kept above it),TAKEN SortPreservingMergeExec (input rows 2000000 (exact) vs min_rows 250000; projection kept above it),0,1,0.24,0.00,0.59,1.50,0.00,245,2000000,2.46,2.42,100,3,32,39.04
now,2000000,b8192,sort,srt_f64,sort 3 columns by a Float64 key,"SELECT q, k1, x FROM extra ORDER BY x",65.84,3.29,20.028,169.2,5.3,5,5,yes,0.000e0,1,TAKEN SortPreservingMergeExec (input rows 2000000 (exact) vs min_rows 0; projection kept above it),TAKEN SortPreservingMergeExec (input rows 2000000 (exact) vs min_rows 250000; projection kept above it),0,1,0.21,0.00,0.55,2.24,0.00,245,2000000,2.46,2.42,100,3,25,8.91
now,2000000,b8192,sort,srt_str,sort 3 columns by a String key (1000 values),"SELECT name, q, k1 FROM extra ORDER BY name",77.92,3.46,22.497,227.1,5.7,5,5,yes,0.000e0,1,TAKEN SortPreservingMergeExec (input rows 2000000 (exact) vs min_rows 0; projection kept above it),TAKEN SortPreservingMergeExec (input rows 2000000 (exact) vs min_rows 250000; projection kept above it),0,1,0.27,0.00,0.50,2.38,0.00,245,2000000,2.46,2.42,100,3,25,9.99
now,2000000,b8192,sort,top_i64,top 100 by an int64 key (control),"SELECT q, k1, x FROM extra ORDER BY q LIMIT 100",0.62,3.95,0.157,5.2,6.7,5,5,yes,0.000e0,1,TAKEN SortPreservingMergeExec (input rows 2000000 (exact) vs min_rows 0; projection kept above it),LEFT SortPreservingMergeExec (top-k (sort with fetch 100) disabled in config) | LEFT SortExec (top-k (sort with fetch 100) disabled in config),0,1,0.28,0.00,0.47,2.95,0.00,245,100,2.46,2.42,100,151,27,4.02
now,2000000,b8192,sort,top_f64,"top 100 by Float64, descending (control)","SELECT q, k1, x FROM extra ORDER BY x DESC LIMIT 100",0.73,2.45,0.299,6.3,5.2,5,5,yes,0.000e0,1,TAKEN SortPreservingMergeExec (input rows 2000000 (exact) vs min_rows 0; projection kept above it),LEFT SortPreservingMergeExec (top-k (sort with fetch 100) disabled in config) | LEFT SortExec (top-k (sort with fetch 100) disabled in config),0,1,0.22,0.00,0.50,1.51,0.01,245,100,2.46,2.42,100,134,40,3.64
now,2000000,b8192,sort,srt_f32,sort 3 columns by a Float32 key,"SELECT q, k1, y FROM extra ORDER BY y",65.29,2.52,25.954,164.8,4.4,5,5,yes,0.000e0,1,TAKEN SortPreservingMergeExec (input rows 2000000 (exact) vs min_rows 0; projection kept above it),TAKEN SortPreservingMergeExec (input rows 2000000 (exact) vs min_rows 250000; projection kept above it),0,1,0.28,0.00,0.44,1.55,0.00,245,2000000,2.46,2.42,100,3,37,6.81
now,2000000,b8192,sort,top_f32,"top 100 by Float32, descending","SELECT q, k1, y FROM extra ORDER BY y DESC LIMIT 100",0.70,2.40,0.293,5.9,4.7,5,5,yes,0.000e0,1,TAKEN SortPreservingMergeExec (input rows 2000000 (exact) vs min_rows 0; projection kept above it),LEFT SortPreservingMergeExec (top-k (sort with fetch 100) disabled in config) | LEFT SortExec (top-k (sort with fetch 100) disabled in config),0,1,0.27,0.00,0.41,1.51,0.00,245,100,2.46,2.42,100,135,42,3.75
now,2000000,part1,sort,srt_i64,sort 3 columns by an int64 key,"SELECT q, k1, x FROM extra ORDER BY q",61.96,2.48,24.939,164.0,5.1,5,5,yes,0.000e0,1,TAKEN SortPreservingMergeExec (input rows 2000000 (exact) vs min_rows 0; projection kept above it),TAKEN SortPreservingMergeExec (input rows 2000000 (exact) vs min_rows 250000; projection kept above it),0,1,0.27,0.00,0.48,1.50,0.00,256,2000000,2.42,2.39,100,3,32,7.27
now,2000000,part1,sort,srt_f64,sort 3 columns by a Float64 key,"SELECT q, k1, x FROM extra ORDER BY x",65.64,3.25,20.202,175.2,4.8,5,5,yes,0.000e0,1,TAKEN SortPreservingMergeExec (input rows 2000000 (exact) vs min_rows 0; projection kept above it),TAKEN SortPreservingMergeExec (input rows 2000000 (exact) vs min_rows 250000; projection kept above it),0,1,0.27,0.00,0.48,2.25,0.00,256,2000000,2.42,2.39,100,3,27,9.10
now,2000000,part1,sort,srt_str,sort 3 columns by a String key (1000 values),"SELECT name, q, k1 FROM extra ORDER BY name",78.31,3.66,21.381,233.3,4.6,5,5,yes,0.000e0,1,TAKEN SortPreservingMergeExec (input rows 2000000 (exact) vs min_rows 0; projection kept above it),TAKEN SortPreservingMergeExec (input rows 2000000 (exact) vs min_rows 250000; projection kept above it),0,1,0.31,0.00,0.66,2.41,0.01,256,2000000,2.42,2.39,100,3,26,8.76
now,2000000,part1,sort,top_i64,top 100 by an int64 key (control),"SELECT q, k1, x FROM extra ORDER BY q LIMIT 100",0.62,4.02,0.154,4.9,5.8,5,5,yes,0.000e0,1,TAKEN SortPreservingMergeExec (input rows 2000000 (exact) vs min_rows 0; projection kept above it),LEFT SortPreservingMergeExec (top-k (sort with fetch 100) disabled in config) | LEFT SortExec (top-k (sort with fetch 100) disabled in config),0,1,0.27,0.00,0.59,2.97,0.01,256,100,2.42,2.39,100,151,27,2.86
now,2000000,part1,sort,top_f64,"top 100 by Float64, descending (control)","SELECT q, k1, x FROM extra ORDER BY x DESC LIMIT 100",0.68,2.63,0.260,5.9,6.0,5,5,yes,0.000e0,1,TAKEN SortPreservingMergeExec (input rows 2000000 (exact) vs min_rows 0; projection kept above it),LEFT SortPreservingMergeExec (top-k (sort with fetch 100) disabled in config) | LEFT SortExec (top-k (sort with fetch 100) disabled in config),0,1,0.27,0.00,0.51,1.65,0.00,256,100,2.42,2.39,100,137,38,3.25
now,2000000,part1,sort,srt_f32,sort 3 columns by a Float32 key,"SELECT q, k1, y FROM extra ORDER BY y",65.33,2.40,27.240,168.0,4.3,5,5,yes,0.000e0,1,TAKEN SortPreservingMergeExec (input rows 2000000 (exact) vs min_rows 0; projection kept above it),TAKEN SortPreservingMergeExec (input rows 2000000 (exact) vs min_rows 250000; projection kept above it),0,1,0.28,0.00,0.45,1.44,0.00,256,2000000,2.42,2.39,100,3,37,6.24
now,2000000,part1,sort,top_f32,"top 100 by Float32, descending","SELECT q, k1, y FROM extra ORDER BY y DESC LIMIT 100",0.69,2.34,0.294,5.9,4.6,5,5,yes,0.000e0,1,TAKEN SortPreservingMergeExec (input rows 2000000 (exact) vs min_rows 0; projection kept above it),LEFT SortPreservingMergeExec (top-k (sort with fetch 100) disabled in config) | LEFT SortExec (top-k (sort with fetch 100) disabled in config),0,1,0.27,0.00,0.44,1.42,0.00,256,100,2.42,2.39,100,139,40,2.67
now,100000,b8192,sort,srt_i64,sort 3 columns by an int64 key,"SELECT q, k1, x FROM extra ORDER BY q",2.92,0.84,3.478,4.4,0.8,5,5,yes,0.000e0,1,TAKEN SortPreservingMergeExec (input rows 100000 (exact) vs min_rows 0; projection kept above it),LEFT SortPreservingMergeExec (input rows 100000 (exact) vs min_rows 250000) | LEFT SortExec (per-partition sort (preserve_partitioning) with no replaced merge above it),0,1,0.02,0.00,0.04,0.66,0.00,13,100000,2.82,2.82,100,34,106,29.95
now,100000,b8192,sort,srt_f64,sort 3 columns by a Float64 key,"SELECT q, k1, x FROM extra ORDER BY x",3.12,0.84,3.700,4.6,0.8,5,5,yes,0.000e0,1,TAKEN SortPreservingMergeExec (input rows 100000 (exact) vs min_rows 0; projection kept above it),LEFT SortPreservingMergeExec (input rows 100000 (exact) vs min_rows 250000) | LEFT SortExec (per-partition sort (preserve_partitioning) with no replaced merge above it),0,1,0.02,0.00,0.04,0.66,0.00,13,100000,2.82,2.82,100,33,98,1.78
now,100000,b8192,sort,srt_str,sort 3 columns by a String key (1000 values),"SELECT name, q, k1 FROM extra ORDER BY name",4.21,1.36,3.099,7.4,1.2,5,5,yes,0.000e0,1,TAKEN SortPreservingMergeExec (input rows 100000 (exact) vs min_rows 0; projection kept above it),LEFT SortPreservingMergeExec (input rows 100000 (exact) vs min_rows 250000) | LEFT SortExec (per-partition sort (preserve_partitioning) with no replaced merge above it),0,1,0.02,0.00,0.05,1.15,0.00,13,100000,2.82,2.82,100,25,74,2.74
now,100000,b8192,sort,top_i64,top 100 by an int64 key (control),"SELECT q, k1, x FROM extra ORDER BY q LIMIT 100",0.33,1.03,0.317,1.5,1.0,5,5,yes,0.000e0,1,TAKEN SortPreservingMergeExec (input rows 100000 (exact) vs min_rows 0; projection kept above it),LEFT SortPreservingMergeExec (top-k (sort with fetch 100) disabled in config) | LEFT SortExec (top-k (sort with fetch 100) disabled in config),0,1,0.02,0.00,0.04,0.83,0.00,13,100,2.82,2.82,100,257,90,2.06
now,100000,b8192,sort,top_f64,"top 100 by Float64, descending (control)","SELECT q, k1, x FROM extra ORDER BY x DESC LIMIT 100",0.36,1.04,0.342,1.6,1.1,5,5,yes,0.000e0,1,TAKEN SortPreservingMergeExec (input rows 100000 (exact) vs min_rows 0; projection kept above it),LEFT SortPreservingMergeExec (top-k (sort with fetch 100) disabled in config) | LEFT SortExec (top-k (sort with fetch 100) disabled in config),0,1,0.02,0.00,0.04,0.83,0.00,13,100,2.82,2.82,100,254,91,1.51
now,100000,b8192,sort,srt_f32,sort 3 columns by a Float32 key,"SELECT q, k1, y FROM extra ORDER BY y",3.06,0.83,3.671,4.5,0.8,5,5,yes,0.000e0,1,TAKEN SortPreservingMergeExec (input rows 100000 (exact) vs min_rows 0; projection kept above it),LEFT SortPreservingMergeExec (input rows 100000 (exact) vs min_rows 250000) | LEFT SortExec (per-partition sort (preserve_partitioning) with no replaced merge above it),0,1,0.02,0.00,0.04,0.66,0.00,13,100000,2.82,2.82,100,33,114,2.50
now,100000,b8192,sort,top_f32,"top 100 by Float32, descending","SELECT q, k1, y FROM extra ORDER BY y DESC LIMIT 100",0.37,0.96,0.382,1.7,1.0,5,5,yes,0.000e0,1,TAKEN SortPreservingMergeExec (input rows 100000 (exact) vs min_rows 0; projection kept above it),LEFT SortPreservingMergeExec (top-k (sort with fetch 100) disabled in config) | LEFT SortExec (top-k (sort with fetch 100) disabled in config),0,1,0.02,0.00,0.04,0.76,0.00,13,100,2.82,2.82,100,249,89,1.54
now,100000,part1,sort,srt_i64,sort 3 columns by an int64 key,"SELECT q, k1, x FROM extra ORDER BY q",3.03,0.81,3.729,4.3,0.8,5,5,yes,0.000e0,1,TAKEN SortPreservingMergeExec (input rows 100000 (exact) vs min_rows 0; projection kept above it),LEFT SortPreservingMergeExec (input rows 100000 (exact) vs min_rows 250000) | LEFT SortExec (per-partition sort (preserve_partitioning) with no replaced merge above it),0,1,0.02,0.00,0.04,0.62,0.00,16,100000,2.82,2.82,100,33,99,2.43
now,100000,part1,sort,srt_f64,sort 3 columns by a Float64 key,"SELECT q, k1, x FROM extra ORDER BY x",3.24,0.90,3.612,4.9,0.8,5,5,yes,0.000e0,1,TAKEN SortPreservingMergeExec (input rows 100000 (exact) vs min_rows 0; projection kept above it),LEFT SortPreservingMergeExec (input rows 100000 (exact) vs min_rows 250000) | LEFT SortExec (per-partition sort (preserve_partitioning) with no replaced merge above it),0,1,0.02,0.00,0.04,0.71,0.00,16,100000,2.82,2.82,100,31,101,1.49
now,100000,part1,sort,srt_str,sort 3 columns by a String key (1000 values),"SELECT name, q, k1 FROM extra ORDER BY name",4.00,1.28,3.133,7.1,1.1,5,5,yes,0.000e0,1,TAKEN SortPreservingMergeExec (input rows 100000 (exact) vs min_rows 0; projection kept above it),LEFT SortPreservingMergeExec (input rows 100000 (exact) vs min_rows 250000) | LEFT SortExec (per-partition sort (preserve_partitioning) with no replaced merge above it),0,1,0.02,0.00,0.05,1.08,0.00,16,100000,2.82,2.82,100,25,79,1.76
now,100000,part1,sort,top_i64,top 100 by an int64 key (control),"SELECT q, k1, x FROM extra ORDER BY q LIMIT 100",0.37,1.03,0.363,1.6,1.0,5,5,yes,0.000e0,1,TAKEN SortPreservingMergeExec (input rows 100000 (exact) vs min_rows 0; projection kept above it),LEFT SortPreservingMergeExec (top-k (sort with fetch 100) disabled in config) | LEFT SortExec (top-k (sort with fetch 100) disabled in config),0,1,0.02,0.00,0.05,0.82,0.00,16,100,2.82,2.82,100,258,90,1.03
now,100000,part1,sort,top_f64,"top 100 by Float64, descending (control)","SELECT q, k1, x FROM extra ORDER BY x DESC LIMIT 100",0.39,1.39,0.277,1.9,1.1,5,5,yes,0.000e0,1,TAKEN SortPreservingMergeExec (input rows 100000 (exact) vs min_rows 0; projection kept above it),LEFT SortPreservingMergeExec (top-k (sort with fetch 100) disabled in config) | LEFT SortExec (top-k (sort with fetch 100) disabled in config),0,1,0.02,0.00,0.04,1.18,0.00,16,100,2.82,2.82,100,255,88,1.03
now,100000,part1,sort,srt_f32,sort 3 columns by a Float32 key,"SELECT q, k1, y FROM extra ORDER BY y",3.21,1.17,2.742,4.6,0.8,5,5,yes,0.000e0,1,TAKEN SortPreservingMergeExec (input rows 100000 (exact) vs min_rows 0; projection kept above it),LEFT SortPreservingMergeExec (input rows 100000 (exact) vs min_rows 250000) | LEFT SortExec (per-partition sort (preserve_partitioning) with no replaced merge above it),0,1,0.02,0.00,0.04,0.99,0.00,16,100000,2.82,2.82,100,32,114,1.23
now,100000,part1,sort,top_f32,"top 100 by Float32, descending","SELECT q, k1, y FROM extra ORDER BY y DESC LIMIT 100",0.35,0.97,0.367,1.6,1.0,5,5,yes,0.000e0,1,TAKEN SortPreservingMergeExec (input rows 100000 (exact) vs min_rows 0; projection kept above it),LEFT SortPreservingMergeExec (top-k (sort with fetch 100) disabled in config) | LEFT SortExec (top-k (sort with fetch 100) disabled in config),0,1,0.02,0.00,0.04,0.75,0.00,16,100,2.82,2.82,100,257,90,1.48
now,250000,b8192,sort,srt_i64,sort 3 columns by an int64 key,"SELECT q, k1, x FROM extra ORDER BY q",8.08,0.98,8.210,15.4,0.9,5,5,yes,0.000e0,1,TAKEN SortPreservingMergeExec (input rows 250000 (exact) vs min_rows 0; projection kept above it),TAKEN SortPreservingMergeExec (input rows 250000 (exact) vs min_rows 250000; projection kept above it),0,1,0.03,0.00,0.08,0.73,0.00,31,250000,3.02,3.02,100,14,78,30.99
now,250000,b8192,sort,srt_f64,sort 3 columns by a Float64 key,"SELECT q, k1, x FROM extra ORDER BY x",8.43,1.12,7.502,16.6,1.0,5,5,yes,0.000e0,1,TAKEN SortPreservingMergeExec (input rows 250000 (exact) vs min_rows 0; projection kept above it),TAKEN SortPreservingMergeExec (input rows 250000 (exact) vs min_rows 250000; projection kept above it),0,1,0.03,0.00,0.10,0.83,0.01,31,250000,3.02,3.02,100,13,82,1.95
now,250000,b8192,sort,srt_str,sort 3 columns by a String key (1000 values),"SELECT name, q, k1 FROM extra ORDER BY name",10.69,1.42,7.527,26.1,1.3,5,5,yes,0.000e0,1,TAKEN SortPreservingMergeExec (input rows 250000 (exact) vs min_rows 0; projection kept above it),TAKEN SortPreservingMergeExec (input rows 250000 (exact) vs min_rows 250000; projection kept above it),0,1,0.04,0.00,0.09,1.13,0.00,31,250000,3.02,3.02,100,11,65,3.52
now,250000,b8192,sort,top_i64,top 100 by an int64 key (control),"SELECT q, k1, x FROM extra ORDER BY q LIMIT 100",0.39,1.03,0.377,2.0,1.1,5,5,yes,0.000e0,1,TAKEN SortPreservingMergeExec (input rows 250000 (exact) vs min_rows 0; projection kept above it),LEFT SortPreservingMergeExec (top-k (sort with fetch 100) disabled in config) | LEFT SortExec (top-k (sort with fetch 100) disabled in config),0,1,0.03,0.00,0.10,0.74,0.00,31,100,3.02,3.02,100,238,81,2.27
now,250000,b8192,sort,top_f64,"top 100 by Float64, descending (control)","SELECT q, k1, x FROM extra ORDER BY x DESC LIMIT 100",0.37,1.00,0.375,2.1,1.1,5,5,yes,0.000e0,1,TAKEN SortPreservingMergeExec (input rows 250000 (exact) vs min_rows 0; projection kept above it),LEFT SortPreservingMergeExec (top-k (sort with fetch 100) disabled in config) | LEFT SortExec (top-k (sort with fetch 100) disabled in config),0,1,0.03,0.00,0.09,0.73,0.00,31,100,3.02,3.02,100,243,77,1.69
now,250000,b8192,sort,srt_f32,sort 3 columns by a Float32 key,"SELECT q, k1, y FROM extra ORDER BY y",8.67,0.86,10.119,16.3,0.9,5,5,yes,0.000e0,1,TAKEN SortPreservingMergeExec (input rows 250000 (exact) vs min_rows 0; projection kept above it),TAKEN SortPreservingMergeExec (input rows 250000 (exact) vs min_rows 250000; projection kept above it),0,1,0.03,0.00,0.08,0.62,0.00,31,250000,3.02,3.02,100,13,92,2.71
now,250000,b8192,sort,top_f32,"top 100 by Float32, descending","SELECT q, k1, y FROM extra ORDER BY y DESC LIMIT 100",0.40,1.06,0.375,2.1,1.1,5,5,yes,0.000e0,1,TAKEN SortPreservingMergeExec (input rows 250000 (exact) vs min_rows 0; projection kept above it),LEFT SortPreservingMergeExec (top-k (sort with fetch 100) disabled in config) | LEFT SortExec (top-k (sort with fetch 100) disabled in config),0,1,0.03,0.00,0.08,0.80,0.00,31,100,3.02,3.02,100,226,84,1.31
now,250000,part1,sort,srt_i64,sort 3 columns by an int64 key,"SELECT q, k1, x FROM extra ORDER BY q",8.04,1.00,8.009,15.6,1.0,5,5,yes,0.000e0,1,TAKEN SortPreservingMergeExec (input rows 250000 (exact) vs min_rows 0; projection kept above it),TAKEN SortPreservingMergeExec (input rows 250000 (exact) vs min_rows 250000; projection kept above it),0,1,0.05,0.00,0.09,0.73,0.00,32,250000,3.02,3.02,100,13,80,3.42
now,250000,part1,sort,srt_f64,sort 3 columns by a Float64 key,"SELECT q, k1, x FROM extra ORDER BY x",8.57,1.12,7.660,16.4,1.0,5,5,yes,0.000e0,1,TAKEN SortPreservingMergeExec (input rows 250000 (exact) vs min_rows 0; projection kept above it),TAKEN SortPreservingMergeExec (input rows 250000 (exact) vs min_rows 250000; projection kept above it),0,1,0.04,0.00,0.10,0.83,0.00,32,250000,3.02,3.02,100,13,86,1.89
now,250000,part1,sort,srt_str,sort 3 columns by a String key (1000 values),"SELECT name, q, k1 FROM extra ORDER BY name",11.02,1.53,7.211,25.3,1.4,5,5,yes,0.000e0,1,TAKEN SortPreservingMergeExec (input rows 250000 (exact) vs min_rows 0; projection kept above it),TAKEN SortPreservingMergeExec (input rows 250000 (exact) vs min_rows 250000; projection kept above it),0,1,0.03,0.00,0.10,1.24,0.00,32,250000,3.02,3.02,100,11,65,2.28
now,250000,part1,sort,top_i64,top 100 by an int64 key (control),"SELECT q, k1, x FROM extra ORDER BY q LIMIT 100",0.39,1.12,0.347,2.1,1.2,5,5,yes,0.000e0,1,TAKEN SortPreservingMergeExec (input rows 250000 (exact) vs min_rows 0; projection kept above it),LEFT SortPreservingMergeExec (top-k (sort with fetch 100) disabled in config) | LEFT SortExec (top-k (sort with fetch 100) disabled in config),0,1,0.04,0.00,0.09,0.83,0.00,32,100,3.02,3.02,100,231,82,1.05
now,250000,part1,sort,top_f64,"top 100 by Float64, descending (control)","SELECT q, k1, x FROM extra ORDER BY x DESC LIMIT 100",0.40,1.07,0.371,2.1,1.2,5,5,yes,0.000e0,1,TAKEN SortPreservingMergeExec (input rows 250000 (exact) vs min_rows 0; projection kept above it),LEFT SortPreservingMergeExec (top-k (sort with fetch 100) disabled in config) | LEFT SortExec (top-k (sort with fetch 100) disabled in config),0,1,0.05,0.00,0.09,0.78,0.00,32,100,3.02,3.02,100,232,82,1.14
now,250000,part1,sort,srt_f32,sort 3 columns by a Float32 key,"SELECT q, k1, y FROM extra ORDER BY y",8.71,0.84,10.417,17.1,0.9,5,5,yes,0.000e0,1,TAKEN SortPreservingMergeExec (input rows 250000 (exact) vs min_rows 0; projection kept above it),TAKEN SortPreservingMergeExec (input rows 250000 (exact) vs min_rows 250000; projection kept above it),0,1,0.04,0.00,0.08,0.58,0.00,32,250000,3.02,3.02,100,13,91,1.60
now,250000,part1,sort,top_f32,"top 100 by Float32, descending","SELECT q, k1, y FROM extra ORDER BY y DESC LIMIT 100",0.38,1.36,0.281,2.1,1.2,5,5,yes,0.000e0,1,TAKEN SortPreservingMergeExec (input rows 250000 (exact) vs min_rows 0; projection kept above it),LEFT SortPreservingMergeExec (top-k (sort with fetch 100) disabled in config) | LEFT SortExec (top-k (sort with fetch 100) disabled in config),0,1,0.04,0.00,0.08,1.08,0.00,32,100,3.02,3.02,100,246,84,0.98
now,500000,b8192,sort,srt_i64,sort 3 columns by an int64 key,"SELECT q, k1, x FROM extra ORDER BY q",15.45,1.30,11.917,33.1,1.4,5,5,yes,0.000e0,1,TAKEN SortPreservingMergeExec (input rows 500000 (exact) vs min_rows 0; projection kept above it),TAKEN SortPreservingMergeExec (input rows 500000 (exact) vs min_rows 250000; projection kept above it),0,1,0.05,0.00,0.14,0.95,0.00,62,500000,2.71,2.71,100,8,70,31.67
now,500000,b8192,sort,srt_f64,sort 3 columns by a Float64 key,"SELECT q, k1, x FROM extra ORDER BY x",16.81,1.46,11.511,36.0,1.6,5,5,yes,0.000e0,1,TAKEN SortPreservingMergeExec (input rows 500000 (exact) vs min_rows 0; projection kept above it),TAKEN SortPreservingMergeExec (input rows 500000 (exact) vs min_rows 250000; projection kept above it),0,1,0.08,0.00,0.14,1.06,0.00,62,500000,2.71,2.71,100,7,59,4.60
now,500000,b8192,sort,srt_str,sort 3 columns by a String key (1000 values),"SELECT name, q, k1 FROM extra ORDER BY name",19.34,1.93,10.030,51.2,2.2,5,5,yes,0.000e0,1,TAKEN SortPreservingMergeExec (input rows 500000 (exact) vs min_rows 0; projection kept above it),TAKEN SortPreservingMergeExec (input rows 500000 (exact) vs min_rows 250000; projection kept above it),0,1,0.07,0.00,0.18,1.50,0.00,62,500000,2.71,2.71,100,6,49,3.58
now,500000,b8192,sort,top_i64,top 100 by an int64 key (control),"SELECT q, k1, x FROM extra ORDER BY q LIMIT 100",0.40,1.23,0.328,2.5,1.5,5,5,yes,0.000e0,1,TAKEN SortPreservingMergeExec (input rows 500000 (exact) vs min_rows 0; projection kept above it),LEFT SortPreservingMergeExec (top-k (sort with fetch 100) disabled in config) | LEFT SortExec (top-k (sort with fetch 100) disabled in config),0,1,0.06,0.00,0.15,0.86,0.00,62,100,2.71,2.71,100,227,75,2.46
now,500000,b8192,sort,top_f64,"top 100 by Float64, descending (control)","SELECT q, k1, x FROM extra ORDER BY x DESC LIMIT 100",0.46,1.58,0.289,2.9,1.5,5,5,yes,0.000e0,1,TAKEN SortPreservingMergeExec (input rows 500000 (exact) vs min_rows 0; projection kept above it),LEFT SortPreservingMergeExec (top-k (sort with fetch 100) disabled in config) | LEFT SortExec (top-k (sort with fetch 100) disabled in config),0,1,0.05,0.00,0.14,1.22,0.00,62,100,2.71,2.71,100,211,76,2.08
now,500000,b8192,sort,srt_f32,sort 3 columns by a Float32 key,"SELECT q, k1, y FROM extra ORDER BY y",16.72,1.28,13.069,36.5,1.4,5,5,yes,0.000e0,1,TAKEN SortPreservingMergeExec (input rows 500000 (exact) vs min_rows 0; projection kept above it),TAKEN SortPreservingMergeExec (input rows 500000 (exact) vs min_rows 250000; projection kept above it),0,1,0.07,0.00,0.13,0.90,0.00,62,500000,2.71,2.71,100,7,69,3.84
now,500000,b8192,sort,top_f32,"top 100 by Float32, descending","SELECT q, k1, y FROM extra ORDER BY y DESC LIMIT 100",0.43,1.16,0.373,2.7,1.4,5,5,yes,0.000e0,1,TAKEN SortPreservingMergeExec (input rows 500000 (exact) vs min_rows 0; projection kept above it),LEFT SortPreservingMergeExec (top-k (sort with fetch 100) disabled in config) | LEFT SortExec (top-k (sort with fetch 100) disabled in config),0,1,0.07,0.00,0.13,0.81,0.00,62,100,2.71,2.71,100,223,80,1.33
now,500000,part1,sort,srt_i64,sort 3 columns by an int64 key,"SELECT q, k1, x FROM extra ORDER BY q",15.94,1.44,11.103,34.1,1.6,5,5,yes,0.000e0,1,TAKEN SortPreservingMergeExec (input rows 500000 (exact) vs min_rows 0; projection kept above it),TAKEN SortPreservingMergeExec (input rows 500000 (exact) vs min_rows 250000; projection kept above it),0,1,0.06,0.00,0.16,1.05,0.00,64,500000,2.71,2.81,100,8,66,3.66
now,500000,part1,sort,srt_f64,sort 3 columns by a Float64 key,"SELECT q, k1, x FROM extra ORDER BY x",16.87,1.52,11.084,36.4,1.6,5,5,yes,0.000e0,1,TAKEN SortPreservingMergeExec (input rows 500000 (exact) vs min_rows 0; projection kept above it),TAKEN SortPreservingMergeExec (input rows 500000 (exact) vs min_rows 250000; projection kept above it),0,1,0.07,0.00,0.15,1.12,0.00,64,500000,2.71,2.81,100,7,60,2.93
now,500000,part1,sort,srt_str,sort 3 columns by a String key (1000 values),"SELECT name, q, k1 FROM extra ORDER BY name",19.44,1.82,10.667,50.8,2.0,5,5,yes,0.000e0,1,TAKEN SortPreservingMergeExec (input rows 500000 (exact) vs min_rows 0; projection kept above it),TAKEN SortPreservingMergeExec (input rows 500000 (exact) vs min_rows 250000; projection kept above it),0,1,0.08,0.00,0.18,1.41,0.00,64,500000,2.71,2.81,100,6,47,3.95
now,500000,part1,sort,top_i64,top 100 by an int64 key (control),"SELECT q, k1, x FROM extra ORDER BY q LIMIT 100",0.41,1.67,0.248,2.6,1.5,5,5,yes,0.000e0,1,TAKEN SortPreservingMergeExec (input rows 500000 (exact) vs min_rows 0; projection kept above it),LEFT SortPreservingMergeExec (top-k (sort with fetch 100) disabled in config) | LEFT SortExec (top-k (sort with fetch 100) disabled in config),0,1,0.07,0.00,0.15,1.29,0.00,64,100,2.71,2.81,100,225,71,1.85
now,500000,part1,sort,top_f64,"top 100 by Float64, descending (control)","SELECT q, k1, x FROM extra ORDER BY x DESC LIMIT 100",0.43,1.25,0.347,2.8,1.4,5,5,yes,0.000e0,1,TAKEN SortPreservingMergeExec (input rows 500000 (exact) vs min_rows 0; projection kept above it),LEFT SortPreservingMergeExec (top-k (sort with fetch 100) disabled in config) | LEFT SortExec (top-k (sort with fetch 100) disabled in config),0,1,0.07,0.00,0.15,0.88,0.00,64,100,2.71,2.81,100,219,71,1.95
now,500000,part1,sort,srt_f32,sort 3 columns by a Float32 key,"SELECT q, k1, y FROM extra ORDER BY y",16.71,1.37,12.197,36.8,1.4,5,5,yes,0.000e0,1,TAKEN SortPreservingMergeExec (input rows 500000 (exact) vs min_rows 0; projection kept above it),TAKEN SortPreservingMergeExec (input rows 500000 (exact) vs min_rows 250000; projection kept above it),0,1,0.06,0.00,0.13,1.02,0.00,64,500000,2.71,2.81,100,7,71,2.81
now,500000,part1,sort,top_f32,"top 100 by Float32, descending","SELECT q, k1, y FROM extra ORDER BY y DESC LIMIT 100",0.43,1.09,0.391,2.7,1.4,5,5,yes,0.000e0,1,TAKEN SortPreservingMergeExec (input rows 500000 (exact) vs min_rows 0; projection kept above it),LEFT SortPreservingMergeExec (top-k (sort with fetch 100) disabled in config) | LEFT SortExec (top-k (sort with fetch 100) disabled in config),0,1,0.07,0.00,0.13,0.72,0.00,64,100,2.71,2.81,100,222,72,1.10
now,1000000,b8192,sort,srt_i64,sort 3 columns by an int64 key,"SELECT q, k1, x FROM extra ORDER BY q",31.97,1.77,18.013,75.7,2.7,5,5,yes,0.000e0,1,TAKEN SortPreservingMergeExec (input rows 1000000 (exact) vs min_rows 0; projection kept above it),TAKEN SortPreservingMergeExec (input rows 1000000 (exact) vs min_rows 250000; projection kept above it),0,1,0.10,0.00,0.31,1.18,0.00,123,1000000,2.53,2.57,100,5,48,34.19
now,1000000,b8192,sort,srt_f64,sort 3 columns by a Float64 key,"SELECT q, k1, x FROM extra ORDER BY x",33.76,2.08,16.254,78.8,2.6,5,5,yes,0.000e0,1,TAKEN SortPreservingMergeExec (input rows 1000000 (exact) vs min_rows 0; projection kept above it),TAKEN SortPreservingMergeExec (input rows 1000000 (exact) vs min_rows 250000; projection kept above it),0,1,0.14,0.00,0.30,1.44,0.00,123,1000000,2.53,2.57,100,4,43,6.00
now,1000000,b8192,sort,srt_str,sort 3 columns by a String key (1000 values),"SELECT name, q, k1 FROM extra ORDER BY name",38.98,2.73,14.283,107.1,3.1,5,5,yes,0.000e0,1,TAKEN SortPreservingMergeExec (input rows 1000000 (exact) vs min_rows 0; projection kept above it),TAKEN SortPreservingMergeExec (input rows 1000000 (exact) vs min_rows 250000; projection kept above it),0,1,0.14,0.00,0.38,1.98,0.00,123,1000000,2.53,2.57,100,4,37,7.53
now,1000000,b8192,sort,top_i64,top 100 by an int64 key (control),"SELECT q, k1, x FROM extra ORDER BY q LIMIT 100",0.46,2.96,0.155,3.1,4.4,5,5,yes,0.000e0,1,TAKEN SortPreservingMergeExec (input rows 1000000 (exact) vs min_rows 0; projection kept above it),LEFT SortPreservingMergeExec (top-k (sort with fetch 100) disabled in config) | LEFT SortExec (top-k (sort with fetch 100) disabled in config),0,1,0.14,0.00,0.34,2.22,0.00,123,100,2.53,2.57,100,198,31,4.47
now,1000000,b8192,sort,top_f64,"top 100 by Float64, descending (control)","SELECT q, k1, x FROM extra ORDER BY x DESC LIMIT 100",0.57,2.12,0.269,3.6,3.5,5,5,yes,0.000e0,1,TAKEN SortPreservingMergeExec (input rows 1000000 (exact) vs min_rows 0; projection kept above it),LEFT SortPreservingMergeExec (top-k (sort with fetch 100) disabled in config) | LEFT SortExec (top-k (sort with fetch 100) disabled in config),0,1,0.18,0.00,0.27,1.47,0.00,123,100,2.53,2.57,100,181,46,2.97
now,1000000,b8192,sort,srt_f32,sort 3 columns by a Float32 key,"SELECT q, k1, y FROM extra ORDER BY y",33.62,1.61,20.873,77.2,2.3,5,5,yes,0.000e0,1,TAKEN SortPreservingMergeExec (input rows 1000000 (exact) vs min_rows 0; projection kept above it),TAKEN SortPreservingMergeExec (input rows 1000000 (exact) vs min_rows 250000; projection kept above it),0,1,0.13,0.00,0.27,1.01,0.00,123,1000000,2.53,2.57,100,4,49,4.86
now,1000000,b8192,sort,top_f32,"top 100 by Float32, descending","SELECT q, k1, y FROM extra ORDER BY y DESC LIMIT 100",0.54,2.05,0.263,3.7,2.7,5,5,yes,0.000e0,1,TAKEN SortPreservingMergeExec (input rows 1000000 (exact) vs min_rows 0; projection kept above it),LEFT SortPreservingMergeExec (top-k (sort with fetch 100) disabled in config) | LEFT SortExec (top-k (sort with fetch 100) disabled in config),0,1,0.10,0.00,0.26,1.48,0.00,123,100,2.53,2.57,100,179,48,3.52
now,1000000,part1,sort,srt_i64,sort 3 columns by an int64 key,"SELECT q, k1, x FROM extra ORDER BY q",31.43,1.73,18.124,74.8,2.6,5,5,yes,0.000e0,1,TAKEN SortPreservingMergeExec (input rows 1000000 (exact) vs min_rows 0; projection kept above it),TAKEN SortPreservingMergeExec (input rows 1000000 (exact) vs min_rows 250000; projection kept above it),0,1,0.15,0.00,0.30,1.10,0.00,128,1000000,2.57,2.57,100,5,50,4.25
now,1000000,part1,sort,srt_f64,sort 3 columns by a Float64 key,"SELECT q, k1, x FROM extra ORDER BY x",33.33,2.07,16.130,80.1,2.7,5,5,yes,0.000e0,1,TAKEN SortPreservingMergeExec (input rows 1000000 (exact) vs min_rows 0; projection kept above it),TAKEN SortPreservingMergeExec (input rows 1000000 (exact) vs min_rows 250000; projection kept above it),0,1,0.13,0.00,0.27,1.47,0.00,128,1000000,2.57,2.57,100,4,38,5.80
now,1000000,part1,sort,srt_str,sort 3 columns by a String key (1000 values),"SELECT name, q, k1 FROM extra ORDER BY name",39.63,2.61,15.159,108.7,3.6,5,5,yes,0.000e0,1,TAKEN SortPreservingMergeExec (input rows 1000000 (exact) vs min_rows 0; projection kept above it),TAKEN SortPreservingMergeExec (input rows 1000000 (exact) vs min_rows 250000; projection kept above it),0,1,0.21,0.00,0.29,1.91,0.00,128,1000000,2.57,2.57,100,4,37,5.57
now,1000000,part1,sort,top_i64,top 100 by an int64 key (control),"SELECT q, k1, x FROM extra ORDER BY q LIMIT 100",0.46,3.47,0.134,3.0,4.3,5,5,yes,0.000e0,1,TAKEN SortPreservingMergeExec (input rows 1000000 (exact) vs min_rows 0; projection kept above it),LEFT SortPreservingMergeExec (top-k (sort with fetch 100) disabled in config) | LEFT SortExec (top-k (sort with fetch 100) disabled in config),0,1,0.13,0.00,0.28,2.84,0.00,128,100,2.57,2.57,100,196,31,3.40
now,1000000,part1,sort,top_f64,"top 100 by Float64, descending (control)","SELECT q, k1, x FROM extra ORDER BY x DESC LIMIT 100",0.52,2.17,0.241,3.7,3.3,5,5,yes,0.000e0,1,TAKEN SortPreservingMergeExec (input rows 1000000 (exact) vs min_rows 0; projection kept above it),LEFT SortPreservingMergeExec (top-k (sort with fetch 100) disabled in config) | LEFT SortExec (top-k (sort with fetch 100) disabled in config),0,1,0.13,0.00,0.27,1.58,0.00,128,100,2.57,2.57,100,180,47,2.62
now,1000000,part1,sort,srt_f32,sort 3 columns by a Float32 key,"SELECT q, k1, y FROM extra ORDER BY y",33.07,1.65,20.088,78.1,2.3,5,5,yes,0.000e0,1,TAKEN SortPreservingMergeExec (input rows 1000000 (exact) vs min_rows 0; projection kept above it),TAKEN SortPreservingMergeExec (input rows 1000000 (exact) vs min_rows 250000; projection kept above it),0,1,0.15,0.00,0.26,1.04,0.00,128,1000000,2.57,2.57,100,5,52,4.09
now,1000000,part1,sort,top_f32,"top 100 by Float32, descending","SELECT q, k1, y FROM extra ORDER BY y DESC LIMIT 100",0.50,2.06,0.241,3.7,2.9,5,5,yes,0.000e0,1,TAKEN SortPreservingMergeExec (input rows 1000000 (exact) vs min_rows 0; projection kept above it),LEFT SortPreservingMergeExec (top-k (sort with fetch 100) disabled in config) | LEFT SortExec (top-k (sort with fetch 100) disabled in config),0,1,0.16,0.00,0.24,1.49,0.00,128,100,2.57,2.57,100,185,48,1.62
now,2000000,b8192,sort,srt_i64,sort 3 columns by an int64 key,"SELECT q, k1, x FROM extra ORDER BY q",62.49,2.69,23.209,159.4,5.5,5,5,yes,0.000e0,1,TAKEN SortPreservingMergeExec (input rows 2000000 (exact) vs min_rows 0; projection kept above it),TAKEN SortPreservingMergeExec (input rows 2000000 (exact) vs min_rows 250000; projection kept above it),0,1,0.31,0.00,0.50,1.63,0.00,245,2000000,2.29,2.29,100,3,32,39.75
now,2000000,b8192,sort,srt_f64,sort 3 columns by a Float64 key,"SELECT q, k1, x FROM extra ORDER BY x",65.97,3.24,20.340,170.5,5.5,5,5,yes,0.000e0,1,TAKEN SortPreservingMergeExec (input rows 2000000 (exact) vs min_rows 0; projection kept above it),TAKEN SortPreservingMergeExec (input rows 2000000 (exact) vs min_rows 250000; projection kept above it),0,1,0.26,0.00,0.50,2.23,0.00,245,2000000,2.29,2.29,100,3,25,9.68
now,2000000,b8192,sort,srt_str,sort 3 columns by a String key (1000 values),"SELECT name, q, k1 FROM extra ORDER BY name",77.33,3.37,22.917,226.0,5.5,5,5,yes,0.000e0,1,TAKEN SortPreservingMergeExec (input rows 2000000 (exact) vs min_rows 0; projection kept above it),TAKEN SortPreservingMergeExec (input rows 2000000 (exact) vs min_rows 250000; projection kept above it),0,1,0.26,0.00,0.50,2.32,0.00,245,2000000,2.29,2.29,100,3,26,10.21
now,2000000,b8192,sort,top_i64,top 100 by an int64 key (control),"SELECT q, k1, x FROM extra ORDER BY q LIMIT 100",0.63,3.79,0.166,5.1,6.4,5,5,yes,0.000e0,1,TAKEN SortPreservingMergeExec (input rows 2000000 (exact) vs min_rows 0; projection kept above it),LEFT SortPreservingMergeExec (top-k (sort with fetch 100) disabled in config) | LEFT SortExec (top-k (sort with fetch 100) disabled in config),0,1,0.29,0.00,0.45,2.85,0.00,245,100,2.29,2.29,100,153,27,4.38
now,2000000,b8192,sort,top_f64,"top 100 by Float64, descending (control)","SELECT q, k1, x FROM extra ORDER BY x DESC LIMIT 100",0.72,2.64,0.271,6.0,4.5,5,5,yes,0.000e0,1,TAKEN SortPreservingMergeExec (input rows 2000000 (exact) vs min_rows 0; projection kept above it),LEFT SortPreservingMergeExec (top-k (sort with fetch 100) disabled in config) | LEFT SortExec (top-k (sort with fetch 100) disabled in config),0,1,0.30,0.00,0.63,1.51,0.00,245,100,2.29,2.29,100,133,39,3.59
now,2000000,b8192,sort,srt_f32,sort 3 columns by a Float32 key,"SELECT q, k1, y FROM extra ORDER BY y",65.55,2.48,26.445,166.9,4.0,5,5,yes,0.000e0,1,TAKEN SortPreservingMergeExec (input rows 2000000 (exact) vs min_rows 0; projection kept above it),TAKEN SortPreservingMergeExec (input rows 2000000 (exact) vs min_rows 250000; projection kept above it),0,1,0.21,0.00,0.51,1.51,0.00,245,2000000,2.29,2.29,100,3,36,7.32
now,2000000,b8192,sort,top_f32,"top 100 by Float32, descending","SELECT q, k1, y FROM extra ORDER BY y DESC LIMIT 100",0.71,2.44,0.291,5.9,4.6,5,5,yes,0.000e0,1,TAKEN SortPreservingMergeExec (input rows 2000000 (exact) vs min_rows 0; projection kept above it),LEFT SortPreservingMergeExec (top-k (sort with fetch 100) disabled in config) | LEFT SortExec (top-k (sort with fetch 100) disabled in config),0,1,0.30,0.00,0.39,1.52,0.00,245,100,2.29,2.29,100,135,42,3.80
now,2000000,part1,sort,srt_i64,sort 3 columns by an int64 key,"SELECT q, k1, x FROM extra ORDER BY q",62.40,2.69,23.159,164.3,5.3,5,5,yes,0.000e0,1,TAKEN SortPreservingMergeExec (input rows 2000000 (exact) vs min_rows 0; projection kept above it),TAKEN SortPreservingMergeExec (input rows 2000000 (exact) vs min_rows 250000; projection kept above it),0,1,0.31,0.00,0.55,1.56,0.00,256,2000000,2.29,2.19,100,3,34,7.32
now,2000000,part1,sort,srt_f64,sort 3 columns by a Float64 key,"SELECT q, k1, x FROM extra ORDER BY x",65.81,3.35,19.639,174.2,4.8,5,5,yes,0.000e0,1,TAKEN SortPreservingMergeExec (input rows 2000000 (exact) vs min_rows 0; projection kept above it),TAKEN SortPreservingMergeExec (input rows 2000000 (exact) vs min_rows 250000; projection kept above it),0,1,0.26,0.00,0.59,2.27,0.00,256,2000000,2.29,2.19,100,3,27,9.62
now,2000000,part1,sort,srt_str,sort 3 columns by a String key (1000 values),"SELECT name, q, k1 FROM extra ORDER BY name",77.34,3.57,21.637,230.3,5.7,5,5,yes,0.000e0,1,TAKEN SortPreservingMergeExec (input rows 2000000 (exact) vs min_rows 0; projection kept above it),TAKEN SortPreservingMergeExec (input rows 2000000 (exact) vs min_rows 250000; projection kept above it),0,1,0.28,0.00,0.54,2.45,0.00,256,2000000,2.29,2.19,100,3,26,8.75
now,2000000,part1,sort,top_i64,top 100 by an int64 key (control),"SELECT q, k1, x FROM extra ORDER BY q LIMIT 100",0.62,4.03,0.153,4.9,7.1,5,5,yes,0.000e0,1,TAKEN SortPreservingMergeExec (input rows 2000000 (exact) vs min_rows 0; projection kept above it),LEFT SortPreservingMergeExec (top-k (sort with fetch 100) disabled in config) | LEFT SortExec (top-k (sort with fetch 100) disabled in config),0,1,0.31,0.00,0.54,2.96,0.00,256,100,2.29,2.19,100,152,26,3.17
now,2000000,part1,sort,top_f64,"top 100 by Float64, descending (control)","SELECT q, k1, x FROM extra ORDER BY x DESC LIMIT 100",0.70,2.54,0.275,6.0,5.3,5,5,yes,0.000e0,1,TAKEN SortPreservingMergeExec (input rows 2000000 (exact) vs min_rows 0; projection kept above it),LEFT SortPreservingMergeExec (top-k (sort with fetch 100) disabled in config) | LEFT SortExec (top-k (sort with fetch 100) disabled in config),0,1,0.27,0.00,0.50,1.57,0.00,256,100,2.29,2.19,100,137,39,3.24
now,2000000,part1,sort,srt_f32,sort 3 columns by a Float32 key,"SELECT q, k1, y FROM extra ORDER BY y",65.32,2.47,26.401,168.4,4.2,5,5,yes,0.000e0,1,TAKEN SortPreservingMergeExec (input rows 2000000 (exact) vs min_rows 0; projection kept above it),TAKEN SortPreservingMergeExec (input rows 2000000 (exact) vs min_rows 250000; projection kept above it),0,1,0.26,0.00,0.51,1.47,0.00,256,2000000,2.29,2.19,100,3,34,6.03
now,2000000,part1,sort,top_f32,"top 100 by Float32, descending","SELECT q, k1, y FROM extra ORDER BY y DESC LIMIT 100",0.68,2.37,0.285,5.7,4.6,5,5,yes,0.000e0,1,TAKEN SortPreservingMergeExec (input rows 2000000 (exact) vs min_rows 0; projection kept above it),LEFT SortPreservingMergeExec (top-k (sort with fetch 100) disabled in config) | LEFT SortExec (top-k (sort with fetch 100) disabled in config),0,1,0.28,0.00,0.42,1.49,0.00,256,100,2.29,2.19,100,139,41,2.74
now,100000,b8192,sort,srt_i64,sort 3 columns by an int64 key,"SELECT q, k1, x FROM extra ORDER BY q",2.99,0.88,3.392,4.4,0.8,5,5,yes,0.000e0,1,TAKEN SortPreservingMergeExec (input rows 100000 (exact) vs min_rows 0; projection kept above it),LEFT SortPreservingMergeExec (input rows 100000 (exact) vs min_rows 250000) | LEFT SortExec (per-partition sort (preserve_partitioning) with no replaced merge above it),0,1,0.02,0.00,0.04,0.70,0.00,13,100000,2.13,2.12,100,33,101,30.29
now,100000,b8192,sort,srt_f64,sort 3 columns by a Float64 key,"SELECT q, k1, x FROM extra ORDER BY x",3.20,0.88,3.617,4.6,0.8,5,5,yes,0.000e0,1,TAKEN SortPreservingMergeExec (input rows 100000 (exact) vs min_rows 0; projection kept above it),LEFT SortPreservingMergeExec (input rows 100000 (exact) vs min_rows 250000) | LEFT SortExec (per-partition sort (preserve_partitioning) with no replaced merge above it),0,1,0.02,0.00,0.04,0.70,0.00,13,100000,2.13,2.12,100,32,101,1.67
now,100000,b8192,sort,srt_str,sort 3 columns by a String key (1000 values),"SELECT name, q, k1 FROM extra ORDER BY name",4.27,1.20,3.568,7.4,1.1,5,5,yes,0.000e0,1,TAKEN SortPreservingMergeExec (input rows 100000 (exact) vs min_rows 0; projection kept above it),LEFT SortPreservingMergeExec (input rows 100000 (exact) vs min_rows 250000) | LEFT SortExec (per-partition sort (preserve_partitioning) with no replaced merge above it),0,1,0.02,0.00,0.05,0.99,0.00,13,100000,2.13,2.12,100,25,76,3.01
now,100000,b8192,sort,top_i64,top 100 by an int64 key (control),"SELECT q, k1, x FROM extra ORDER BY q LIMIT 100",0.35,1.03,0.341,1.6,1.0,5,5,yes,0.000e0,1,TAKEN SortPreservingMergeExec (input rows 100000 (exact) vs min_rows 0; projection kept above it),LEFT SortPreservingMergeExec (top-k (sort with fetch 100) disabled in config) | LEFT SortExec (top-k (sort with fetch 100) disabled in config),0,1,0.02,0.00,0.04,0.82,0.00,13,100,2.13,2.12,100,261,90,1.59
now,100000,b8192,sort,top_f64,"top 100 by Float64, descending (control)","SELECT q, k1, x FROM extra ORDER BY x DESC LIMIT 100",0.35,1.10,0.319,1.6,1.1,5,5,yes,0.000e0,1,TAKEN SortPreservingMergeExec (input rows 100000 (exact) vs min_rows 0; projection kept above it),LEFT SortPreservingMergeExec (top-k (sort with fetch 100) disabled in config) | LEFT SortExec (top-k (sort with fetch 100) disabled in config),0,1,0.02,0.00,0.05,0.85,0.00,13,100,2.13,2.12,100,262,88,1.06
now,100000,b8192,sort,srt_f32,sort 3 columns by a Float32 key,"SELECT q, k1, y FROM extra ORDER BY y",3.15,0.78,4.068,4.5,0.8,5,5,yes,0.000e0,1,TAKEN SortPreservingMergeExec (input rows 100000 (exact) vs min_rows 0; projection kept above it),LEFT SortPreservingMergeExec (input rows 100000 (exact) vs min_rows 250000) | LEFT SortExec (per-partition sort (preserve_partitioning) with no replaced merge above it),0,1,0.02,0.00,0.04,0.59,0.00,13,100000,2.13,2.12,100,32,103,2.49
now,100000,b8192,sort,top_f32,"top 100 by Float32, descending","SELECT q, k1, y FROM extra ORDER BY y DESC LIMIT 100",0.34,0.98,0.346,1.6,1.0,5,5,yes,0.000e0,1,TAKEN SortPreservingMergeExec (input rows 100000 (exact) vs min_rows 0; projection kept above it),LEFT SortPreservingMergeExec (top-k (sort with fetch 100) disabled in config) | LEFT SortExec (top-k (sort with fetch 100) disabled in config),0,1,0.02,0.00,0.04,0.77,0.00,13,100,2.13,2.12,100,262,89,1.27
now,100000,part1,sort,srt_i64,sort 3 columns by an int64 key,"SELECT q, k1, x FROM extra ORDER BY q",3.12,0.84,3.702,4.7,0.8,5,5,yes,0.000e0,1,TAKEN SortPreservingMergeExec (input rows 100000 (exact) vs min_rows 0; projection kept above it),LEFT SortPreservingMergeExec (input rows 100000 (exact) vs min_rows 250000) | LEFT SortExec (per-partition sort (preserve_partitioning) with no replaced merge above it),0,1,0.02,0.00,0.05,0.65,0.00,16,100000,2.12,2.12,100,33,100,2.49
now,100000,part1,sort,srt_f64,sort 3 columns by a Float64 key,"SELECT q, k1, x FROM extra ORDER BY x",3.25,0.85,3.836,4.9,0.8,5,5,yes,0.000e0,1,TAKEN SortPreservingMergeExec (input rows 100000 (exact) vs min_rows 0; projection kept above it),LEFT SortPreservingMergeExec (input rows 100000 (exact) vs min_rows 250000) | LEFT SortExec (per-partition sort (preserve_partitioning) with no replaced merge above it),0,1,0.02,0.00,0.05,0.65,0.00,16,100000,2.12,2.12,100,31,101,1.45
now,100000,part1,sort,srt_str,sort 3 columns by a String key (1000 values),"SELECT name, q, k1 FROM extra ORDER BY name",4.17,1.21,3.445,7.3,1.2,5,5,yes,0.000e0,1,TAKEN SortPreservingMergeExec (input rows 100000 (exact) vs min_rows 0; projection kept above it),LEFT SortPreservingMergeExec (input rows 100000 (exact) vs min_rows 250000) | LEFT SortExec (per-partition sort (preserve_partitioning) with no replaced merge above it),0,1,0.02,0.00,0.05,1.00,0.00,16,100000,2.12,2.12,100,25,76,1.81
now,100000,part1,sort,top_i64,top 100 by an int64 key (control),"SELECT q, k1, x FROM extra ORDER BY q LIMIT 100",0.35,1.04,0.336,1.5,1.0,5,5,yes,0.000e0,1,TAKEN SortPreservingMergeExec (input rows 100000 (exact) vs min_rows 0; projection kept above it),LEFT SortPreservingMergeExec (top-k (sort with fetch 100) disabled in config) | LEFT SortExec (top-k (sort with fetch 100) disabled in config),0,1,0.02,0.00,0.04,0.82,0.00,16,100,2.12,2.12,100,263,90,1.22
now,100000,part1,sort,top_f64,"top 100 by Float64, descending (control)","SELECT q, k1, x FROM extra ORDER BY x DESC LIMIT 100",0.37,1.19,0.312,1.9,1.2,5,5,yes,0.000e0,1,TAKEN SortPreservingMergeExec (input rows 100000 (exact) vs min_rows 0; projection kept above it),LEFT SortPreservingMergeExec (top-k (sort with fetch 100) disabled in config) | LEFT SortExec (top-k (sort with fetch 100) disabled in config),0,1,0.02,0.00,0.04,0.97,0.00,16,100,2.12,2.12,100,258,90,0.96
now,100000,part1,sort,srt_f32,sort 3 columns by a Float32 key,"SELECT q, k1, y FROM extra ORDER BY y",3.19,0.87,3.669,4.7,0.8,5,5,yes,0.000e0,1,TAKEN SortPreservingMergeExec (input rows 100000 (exact) vs min_rows 0; projection kept above it),LEFT SortPreservingMergeExec (input rows 100000 (exact) vs min_rows 250000) | LEFT SortExec (per-partition sort (preserve_partitioning) with no replaced merge above it),0,1,0.03,0.00,0.04,0.67,0.00,16,100000,2.12,2.12,100,31,113,1.51
now,100000,part1,sort,top_f32,"top 100 by Float32, descending","SELECT q, k1, y FROM extra ORDER BY y DESC LIMIT 100",0.35,1.04,0.338,1.7,1.1,5,5,yes,0.000e0,1,TAKEN SortPreservingMergeExec (input rows 100000 (exact) vs min_rows 0; projection kept above it),LEFT SortPreservingMergeExec (top-k (sort with fetch 100) disabled in config) | LEFT SortExec (top-k (sort with fetch 100) disabled in config),0,1,0.02,0.00,0.04,0.83,0.01,16,100,2.12,2.12,100,261,93,1.25
now,250000,b8192,sort,srt_i64,sort 3 columns by an int64 key,"SELECT q, k1, x FROM extra ORDER BY q",8.20,1.01,8.119,16.0,0.9,5,5,yes,0.000e0,1,TAKEN SortPreservingMergeExec (input rows 250000 (exact) vs min_rows 0; projection kept above it),TAKEN SortPreservingMergeExec (input rows 250000 (exact) vs min_rows 250000; projection kept above it),0,1,0.03,0.00,0.09,0.75,0.00,31,250000,1.95,1.95,100,13,84,31.86
now,250000,b8192,sort,srt_f64,sort 3 columns by a Float64 key,"SELECT q, k1, x FROM extra ORDER BY x",8.46,1.11,7.618,17.1,1.0,5,5,yes,0.000e0,1,TAKEN SortPreservingMergeExec (input rows 250000 (exact) vs min_rows 0; projection kept above it),TAKEN SortPreservingMergeExec (input rows 250000 (exact) vs min_rows 250000; projection kept above it),0,1,0.03,0.00,0.09,0.83,0.00,31,250000,1.95,1.95,100,13,85,2.11
now,250000,b8192,sort,srt_str,sort 3 columns by a String key (1000 values),"SELECT name, q, k1 FROM extra ORDER BY name",10.80,1.37,7.856,27.2,1.4,5,5,yes,0.000e0,1,TAKEN SortPreservingMergeExec (input rows 250000 (exact) vs min_rows 0; projection kept above it),TAKEN SortPreservingMergeExec (input rows 250000 (exact) vs min_rows 250000; projection kept above it),0,1,0.04,0.00,0.09,1.08,0.00,31,250000,1.95,1.95,100,11,66,3.34
now,250000,b8192,sort,top_i64,top 100 by an int64 key (control),"SELECT q, k1, x FROM extra ORDER BY q LIMIT 100",0.35,1.12,0.311,1.8,1.1,5,5,yes,0.000e0,1,TAKEN SortPreservingMergeExec (input rows 250000 (exact) vs min_rows 0; projection kept above it),LEFT SortPreservingMergeExec (top-k (sort with fetch 100) disabled in config) | LEFT SortExec (top-k (sort with fetch 100) disabled in config),0,1,0.03,0.00,0.09,0.84,0.00,31,100,1.95,1.95,100,256,76,2.42
now,250000,b8192,sort,top_f64,"top 100 by Float64, descending (control)","SELECT q, k1, x FROM extra ORDER BY x DESC LIMIT 100",0.37,1.16,0.322,2.2,1.1,5,5,yes,0.000e0,1,TAKEN SortPreservingMergeExec (input rows 250000 (exact) vs min_rows 0; projection kept above it),LEFT SortPreservingMergeExec (top-k (sort with fetch 100) disabled in config) | LEFT SortExec (top-k (sort with fetch 100) disabled in config),0,1,0.03,0.00,0.09,0.89,0.00,31,100,1.95,1.95,100,236,82,1.22
now,250000,b8192,sort,srt_f32,sort 3 columns by a Float32 key,"SELECT q, k1, y FROM extra ORDER BY y",8.64,0.98,8.796,16.4,0.9,5,5,yes,0.000e0,1,TAKEN SortPreservingMergeExec (input rows 250000 (exact) vs min_rows 0; projection kept above it),TAKEN SortPreservingMergeExec (input rows 250000 (exact) vs min_rows 250000; projection kept above it),0,1,0.03,0.00,0.08,0.74,0.00,31,250000,1.95,1.95,100,13,95,2.75
now,250000,b8192,sort,top_f32,"top 100 by Float32, descending","SELECT q, k1, y FROM extra ORDER BY y DESC LIMIT 100",0.38,0.98,0.391,2.2,1.1,5,5,yes,0.000e0,1,TAKEN SortPreservingMergeExec (input rows 250000 (exact) vs min_rows 0; projection kept above it),LEFT SortPreservingMergeExec (top-k (sort with fetch 100) disabled in config) | LEFT SortExec (top-k (sort with fetch 100) disabled in config),0,1,0.03,0.00,0.09,0.71,0.00,31,100,1.95,1.95,100,242,86,1.23
now,250000,part1,sort,srt_i64,sort 3 columns by an int64 key,"SELECT q, k1, x FROM extra ORDER BY q",7.99,1.02,7.814,15.7,1.0,5,5,yes,0.000e0,1,TAKEN SortPreservingMergeExec (input rows 250000 (exact) vs min_rows 0; projection kept above it),TAKEN SortPreservingMergeExec (input rows 250000 (exact) vs min_rows 250000; projection kept above it),0,1,0.03,0.00,0.09,0.74,0.00,32,250000,1.95,2.11,100,13,83,3.36
now,250000,part1,sort,srt_f64,sort 3 columns by a Float64 key,"SELECT q, k1, x FROM extra ORDER BY x",8.63,1.11,7.746,16.6,1.0,5,5,yes,0.000e0,1,TAKEN SortPreservingMergeExec (input rows 250000 (exact) vs min_rows 0; projection kept above it),TAKEN SortPreservingMergeExec (input rows 250000 (exact) vs min_rows 250000; projection kept above it),0,1,0.05,0.00,0.09,0.82,0.00,32,250000,1.95,2.11,100,13,81,1.74
now,250000,part1,sort,srt_str,sort 3 columns by a String key (1000 values),"SELECT name, q, k1 FROM extra ORDER BY name",10.63,1.44,7.391,25.0,1.4,5,5,yes,0.000e0,1,TAKEN SortPreservingMergeExec (input rows 250000 (exact) vs min_rows 0; projection kept above it),TAKEN SortPreservingMergeExec (input rows 250000 (exact) vs min_rows 250000; projection kept above it),0,1,0.04,0.00,0.10,1.15,0.00,32,250000,1.95,2.11,100,11,64,2.40
now,250000,part1,sort,top_i64,top 100 by an int64 key (control),"SELECT q, k1, x FROM extra ORDER BY q LIMIT 100",0.40,1.04,0.381,2.1,1.1,5,5,yes,0.000e0,1,TAKEN SortPreservingMergeExec (input rows 250000 (exact) vs min_rows 0; projection kept above it),LEFT SortPreservingMergeExec (top-k (sort with fetch 100) disabled in config) | LEFT SortExec (top-k (sort with fetch 100) disabled in config),0,1,0.03,0.00,0.09,0.76,0.00,32,100,1.95,2.11,100,239,82,1.07
now,250000,part1,sort,top_f64,"top 100 by Float64, descending (control)","SELECT q, k1, x FROM extra ORDER BY x DESC LIMIT 100",0.40,1.04,0.383,2.3,1.1,5,5,yes,0.000e0,1,TAKEN SortPreservingMergeExec (input rows 250000 (exact) vs min_rows 0; projection kept above it),LEFT SortPreservingMergeExec (top-k (sort with fetch 100) disabled in config) | LEFT SortExec (top-k (sort with fetch 100) disabled in config),0,1,0.03,0.00,0.09,0.77,0.00,32,100,1.95,2.11,100,235,78,1.16
now,250000,part1,sort,srt_f32,sort 3 columns by a Float32 key,"SELECT q, k1, y FROM extra ORDER BY y",8.65,0.94,9.177,16.4,0.9,5,5,yes,0.000e0,1,TAKEN SortPreservingMergeExec (input rows 250000 (exact) vs min_rows 0; projection kept above it),TAKEN SortPreservingMergeExec (input rows 250000 (exact) vs min_rows 250000; projection kept above it),0,1,0.04,0.00,0.08,0.69,0.00,32,250000,1.95,2.11,100,13,94,2.07
now,250000,part1,sort,top_f32,"top 100 by Float32, descending","SELECT q, k1, y FROM extra ORDER BY y DESC LIMIT 100",0.38,0.86,0.447,2.1,1.1,5,5,yes,0.000e0,1,TAKEN SortPreservingMergeExec (input rows 250000 (exact) vs min_rows 0; projection kept above it),LEFT SortPreservingMergeExec (top-k (sort with fetch 100) disabled in config) | LEFT SortExec (top-k (sort with fetch 100) disabled in config),0,1,0.04,0.00,0.08,0.58,0.00,32,100,1.95,2.11,100,236,85,0.92
now,500000,b8192,sort,srt_i64,sort 3 columns by an int64 key,"SELECT q, k1, x FROM extra ORDER BY q",16.07,1.40,11.515,34.4,1.5,5,5,yes,0.000e0,1,TAKEN SortPreservingMergeExec (input rows 500000 (exact) vs min_rows 0; projection kept above it),TAKEN SortPreservingMergeExec (input rows 500000 (exact) vs min_rows 250000; projection kept above it),0,1,0.05,0.00,0.15,1.04,0.00,62,500000,2.09,2.09,100,8,65,31.97
now,500000,b8192,sort,srt_f64,sort 3 columns by a Float64 key,"SELECT q, k1, x FROM extra ORDER BY x",17.26,1.39,12.430,37.5,1.5,5,5,yes,0.000e0,1,TAKEN SortPreservingMergeExec (input rows 500000 (exact) vs min_rows 0; projection kept above it),TAKEN SortPreservingMergeExec (input rows 500000 (exact) vs min_rows 250000; projection kept above it),0,1,0.06,0.00,0.15,1.03,0.00,62,500000,2.09,2.09,100,7,59,3.57
now,500000,b8192,sort,srt_str,sort 3 columns by a String key (1000 values),"SELECT name, q, k1 FROM extra ORDER BY name",19.40,2.08,9.321,51.1,2.1,5,5,yes,0.000e0,1,TAKEN SortPreservingMergeExec (input rows 500000 (exact) vs min_rows 0; projection kept above it),TAKEN SortPreservingMergeExec (input rows 500000 (exact) vs min_rows 250000; projection kept above it),0,1,0.08,0.00,0.16,1.66,0.00,62,500000,2.09,2.09,100,6,49,4.95
now,500000,b8192,sort,top_i64,top 100 by an int64 key (control),"SELECT q, k1, x FROM extra ORDER BY q LIMIT 100",0.41,1.22,0.335,2.3,1.5,5,5,yes,0.000e0,1,TAKEN SortPreservingMergeExec (input rows 500000 (exact) vs min_rows 0; projection kept above it),LEFT SortPreservingMergeExec (top-k (sort with fetch 100) disabled in config) | LEFT SortExec (top-k (sort with fetch 100) disabled in config),0,1,0.06,0.00,0.14,0.86,0.00,62,100,2.09,2.09,100,232,73,2.62
now,500000,b8192,sort,top_f64,"top 100 by Float64, descending (control)","SELECT q, k1, x FROM extra ORDER BY x DESC LIMIT 100",0.44,1.24,0.351,2.7,1.4,5,5,yes,0.000e0,1,TAKEN SortPreservingMergeExec (input rows 500000 (exact) vs min_rows 0; projection kept above it),LEFT SortPreservingMergeExec (top-k (sort with fetch 100) disabled in config) | LEFT SortExec (top-k (sort with fetch 100) disabled in config),0,1,0.06,0.00,0.14,0.88,0.00,62,100,2.09,2.09,100,214,76,1.44
now,500000,b8192,sort,srt_f32,sort 3 columns by a Float32 key,"SELECT q, k1, y FROM extra ORDER BY y",16.75,1.35,12.442,35.4,1.3,5,5,yes,0.000e0,1,TAKEN SortPreservingMergeExec (input rows 500000 (exact) vs min_rows 0; projection kept above it),TAKEN SortPreservingMergeExec (input rows 500000 (exact) vs min_rows 250000; projection kept above it),0,1,0.04,0.00,0.12,1.03,0.00,62,500000,2.09,2.09,100,7,70,3.68
now,500000,b8192,sort,top_f32,"top 100 by Float32, descending","SELECT q, k1, y FROM extra ORDER BY y DESC LIMIT 100",0.44,1.51,0.294,2.9,1.4,5,5,yes,0.000e0,1,TAKEN SortPreservingMergeExec (input rows 500000 (exact) vs min_rows 0; projection kept above it),LEFT SortPreservingMergeExec (top-k (sort with fetch 100) disabled in config) | LEFT SortExec (top-k (sort with fetch 100) disabled in config),0,1,0.05,0.00,0.13,1.16,0.00,62,100,2.09,2.09,100,210,76,1.88
now,500000,part1,sort,srt_i64,sort 3 columns by an int64 key,"SELECT q, k1, x FROM extra ORDER BY q",16.21,1.34,12.140,34.9,1.6,5,5,yes,0.000e0,1,TAKEN SortPreservingMergeExec (input rows 500000 (exact) vs min_rows 0; projection kept above it),TAKEN SortPreservingMergeExec (input rows 500000 (exact) vs min_rows 250000; projection kept above it),0,1,0.06,0.00,0.14,0.98,0.00,64,500000,2.09,2.09,100,8,68,3.22
now,500000,part1,sort,srt_f64,sort 3 columns by a Float64 key,"SELECT q, k1, x FROM extra ORDER BY x",17.28,1.40,12.342,37.7,1.4,5,5,yes,0.000e0,1,TAKEN SortPreservingMergeExec (input rows 500000 (exact) vs min_rows 0; projection kept above it),TAKEN SortPreservingMergeExec (input rows 500000 (exact) vs min_rows 250000; projection kept above it),0,1,0.06,0.00,0.15,1.04,0.00,64,500000,2.09,2.09,100,7,59,3.57
now,500000,part1,sort,srt_str,sort 3 columns by a String key (1000 values),"SELECT name, q, k1 FROM extra ORDER BY name",18.91,2.15,8.798,49.6,2.2,5,5,yes,0.000e0,1,TAKEN SortPreservingMergeExec (input rows 500000 (exact) vs min_rows 0; projection kept above it),TAKEN SortPreservingMergeExec (input rows 500000 (exact) vs min_rows 250000; projection kept above it),0,1,0.08,0.00,0.23,1.66,0.00,64,500000,2.09,2.09,100,6,48,3.83
now,500000,part1,sort,top_i64,top 100 by an int64 key (control),"SELECT q, k1, x FROM extra ORDER BY q LIMIT 100",0.42,1.16,0.360,2.6,1.5,5,5,yes,0.000e0,1,TAKEN SortPreservingMergeExec (input rows 500000 (exact) vs min_rows 0; projection kept above it),LEFT SortPreservingMergeExec (top-k (sort with fetch 100) disabled in config) | LEFT SortExec (top-k (sort with fetch 100) disabled in config),0,1,0.06,0.00,0.14,0.79,0.00,64,100,2.09,2.09,100,233,73,1.47
now,500000,part1,sort,top_f64,"top 100 by Float64, descending (control)","SELECT q, k1, x FROM extra ORDER BY x DESC LIMIT 100",0.43,1.26,0.341,2.7,1.5,5,5,yes,0.000e0,1,TAKEN SortPreservingMergeExec (input rows 500000 (exact) vs min_rows 0; projection kept above it),LEFT SortPreservingMergeExec (top-k (sort with fetch 100) disabled in config) | LEFT SortExec (top-k (sort with fetch 100) disabled in config),0,1,0.06,0.00,0.14,0.90,0.00,64,100,2.09,2.09,100,225,77,1.15
now,500000,part1,sort,srt_f32,sort 3 columns by a Float32 key,"SELECT q, k1, y FROM extra ORDER BY y",16.81,1.36,12.374,35.6,1.4,5,5,yes,0.000e0,1,TAKEN SortPreservingMergeExec (input rows 500000 (exact) vs min_rows 0; projection kept above it),TAKEN SortPreservingMergeExec (input rows 500000 (exact) vs min_rows 250000; projection kept above it),0,1,0.06,0.00,0.13,1.00,0.00,64,500000,2.09,2.09,100,7,65,2.67
now,500000,part1,sort,top_f32,"top 100 by Float32, descending","SELECT q, k1, y FROM extra ORDER BY y DESC LIMIT 100",0.43,1.20,0.357,2.7,1.4,5,5,yes,0.000e0,1,TAKEN SortPreservingMergeExec (input rows 500000 (exact) vs min_rows 0; projection kept above it),LEFT SortPreservingMergeExec (top-k (sort with fetch 100) disabled in config) | LEFT SortExec (top-k (sort with fetch 100) disabled in config),0,1,0.07,0.00,0.13,0.81,0.00,64,100,2.09,2.09,100,220,78,1.20
now,1000000,b8192,sort,srt_i64,sort 3 columns by an int64 key,"SELECT q, k1, x FROM extra ORDER BY q",31.75,1.73,18.305,74.0,2.6,5,5,yes,0.000e0,1,TAKEN SortPreservingMergeExec (input rows 1000000 (exact) vs min_rows 0; projection kept above it),TAKEN SortPreservingMergeExec (input rows 1000000 (exact) vs min_rows 250000; projection kept above it),0,1,0.13,0.00,0.27,1.13,0.00,123,1000000,1.91,1.91,100,5,49,34.50
now,1000000,b8192,sort,srt_f64,sort 3 columns by a Float64 key,"SELECT q, k1, x FROM extra ORDER BY x",34.08,2.02,16.860,78.9,2.5,5,5,yes,0.000e0,1,TAKEN SortPreservingMergeExec (input rows 1000000 (exact) vs min_rows 0; projection kept above it),TAKEN SortPreservingMergeExec (input rows 1000000 (exact) vs min_rows 250000; projection kept above it),0,1,0.12,0.00,0.27,1.44,0.00,123,1000000,1.91,1.91,100,4,41,6.11
now,1000000,b8192,sort,srt_str,sort 3 columns by a String key (1000 values),"SELECT name, q, k1 FROM extra ORDER BY name",38.86,2.66,14.595,107.2,3.5,5,5,yes,0.000e0,1,TAKEN SortPreservingMergeExec (input rows 1000000 (exact) vs min_rows 0; projection kept above it),TAKEN SortPreservingMergeExec (input rows 1000000 (exact) vs min_rows 250000; projection kept above it),0,1,0.11,0.00,0.35,1.96,0.00,123,1000000,1.91,1.91,100,4,38,7.68
now,1000000,b8192,sort,top_i64,top 100 by an int64 key (control),"SELECT q, k1, x FROM extra ORDER BY q LIMIT 100",0.50,2.79,0.181,3.3,4.1,5,5,yes,0.000e0,1,TAKEN SortPreservingMergeExec (input rows 1000000 (exact) vs min_rows 0; projection kept above it),LEFT SortPreservingMergeExec (top-k (sort with fetch 100) disabled in config) | LEFT SortExec (top-k (sort with fetch 100) disabled in config),0,1,0.12,0.00,0.28,2.20,0.00,123,100,1.91,1.91,100,188,31,4.45
now,1000000,b8192,sort,top_f64,"top 100 by Float64, descending (control)","SELECT q, k1, x FROM extra ORDER BY x DESC LIMIT 100",0.50,2.11,0.238,4.0,3.2,5,5,yes,0.000e0,1,TAKEN SortPreservingMergeExec (input rows 1000000 (exact) vs min_rows 0; projection kept above it),LEFT SortPreservingMergeExec (top-k (sort with fetch 100) disabled in config) | LEFT SortExec (top-k (sort with fetch 100) disabled in config),0,1,0.13,0.00,0.27,1.54,0.00,123,100,1.91,1.91,100,181,48,3.18
now,1000000,b8192,sort,srt_f32,sort 3 columns by a Float32 key,"SELECT q, k1, y FROM extra ORDER BY y",33.47,1.61,20.837,76.5,2.3,5,5,yes,0.000e0,1,TAKEN SortPreservingMergeExec (input rows 1000000 (exact) vs min_rows 0; projection kept above it),TAKEN SortPreservingMergeExec (input rows 1000000 (exact) vs min_rows 250000; projection kept above it),0,1,0.13,0.00,0.26,1.03,0.00,123,1000000,1.91,1.91,100,4,52,4.70
now,1000000,b8192,sort,top_f32,"top 100 by Float32, descending","SELECT q, k1, y FROM extra ORDER BY y DESC LIMIT 100",0.55,1.96,0.283,3.9,2.7,5,5,yes,0.000e0,1,TAKEN SortPreservingMergeExec (input rows 1000000 (exact) vs min_rows 0; projection kept above it),LEFT SortPreservingMergeExec (top-k (sort with fetch 100) disabled in config) | LEFT SortExec (top-k (sort with fetch 100) disabled in config),0,1,0.12,0.00,0.26,1.41,0.00,123,100,1.91,1.91,100,179,49,3.49
now,1000000,part1,sort,srt_i64,sort 3 columns by an int64 key,"SELECT q, k1, x FROM extra ORDER BY q",31.47,1.97,16.002,74.9,2.7,5,5,yes,0.000e0,1,TAKEN SortPreservingMergeExec (input rows 1000000 (exact) vs min_rows 0; projection kept above it),TAKEN SortPreservingMergeExec (input rows 1000000 (exact) vs min_rows 250000; projection kept above it),0,1,0.12,0.00,0.31,1.33,0.00,128,1000000,1.91,1.92,100,5,50,4.59
now,1000000,part1,sort,srt_f64,sort 3 columns by a Float64 key,"SELECT q, k1, x FROM extra ORDER BY x",33.50,2.02,16.604,79.8,2.7,5,5,yes,0.000e0,1,TAKEN SortPreservingMergeExec (input rows 1000000 (exact) vs min_rows 0; projection kept above it),TAKEN SortPreservingMergeExec (input rows 1000000 (exact) vs min_rows 250000; projection kept above it),0,1,0.13,0.00,0.31,1.37,0.00,128,1000000,1.91,1.92,100,4,41,5.78
now,1000000,part1,sort,srt_str,sort 3 columns by a String key (1000 values),"SELECT name, q, k1 FROM extra ORDER BY name",39.63,2.49,15.886,109.2,3.5,5,5,yes,0.000e0,1,TAKEN SortPreservingMergeExec (input rows 1000000 (exact) vs min_rows 0; projection kept above it),TAKEN SortPreservingMergeExec (input rows 1000000 (exact) vs min_rows 250000; projection kept above it),0,1,0.16,0.00,0.29,1.82,0.00,128,1000000,1.91,1.92,100,4,37,6.61
now,1000000,part1,sort,top_i64,top 100 by an int64 key (control),"SELECT q, k1, x FROM extra ORDER BY q LIMIT 100",0.47,3.56,0.133,3.3,4.2,5,5,yes,0.000e0,1,TAKEN SortPreservingMergeExec (input rows 1000000 (exact) vs min_rows 0; projection kept above it),LEFT SortPreservingMergeExec (top-k (sort with fetch 100) disabled in config) | LEFT SortExec (top-k (sort with fetch 100) disabled in config),0,1,0.13,0.00,0.29,2.97,0.00,128,100,1.91,1.92,100,195,30,3.63
now,1000000,part1,sort,top_f64,"top 100 by Float64, descending (control)","SELECT q, k1, x FROM extra ORDER BY x DESC LIMIT 100",0.53,2.11,0.249,3.6,3.1,5,5,yes,0.000e0,1,TAKEN SortPreservingMergeExec (input rows 1000000 (exact) vs min_rows 0; projection kept above it),LEFT SortPreservingMergeExec (top-k (sort with fetch 100) disabled in config) | LEFT SortExec (top-k (sort with fetch 100) disabled in config),0,1,0.13,0.00,0.25,1.55,0.00,128,100,1.91,1.92,100,188,47,1.66
now,1000000,part1,sort,srt_f32,sort 3 columns by a Float32 key,"SELECT q, k1, y FROM extra ORDER BY y",32.96,1.68,19.569,77.3,2.2,5,5,yes,0.000e0,1,TAKEN SortPreservingMergeExec (input rows 1000000 (exact) vs min_rows 0; projection kept above it),TAKEN SortPreservingMergeExec (input rows 1000000 (exact) vs min_rows 250000; projection kept above it),0,1,0.13,0.00,0.26,1.11,0.00,128,1000000,1.91,1.92,100,4,51,4.17
now,1000000,part1,sort,top_f32,"top 100 by Float32, descending","SELECT q, k1, y FROM extra ORDER BY y DESC LIMIT 100",0.50,2.02,0.246,3.5,2.8,5,5,yes,0.000e0,1,TAKEN SortPreservingMergeExec (input rows 1000000 (exact) vs min_rows 0; projection kept above it),LEFT SortPreservingMergeExec (top-k (sort with fetch 100) disabled in config) | LEFT SortExec (top-k (sort with fetch 100) disabled in config),0,1,0.12,0.00,0.24,1.50,0.00,128,100,1.91,1.92,100,183,49,2.50
now,2000000,b8192,sort,srt_i64,sort 3 columns by an int64 key,"SELECT q, k1, x FROM extra ORDER BY q",62.71,2.52,24.914,161.3,4.7,5,5,yes,0.000e0,1,TAKEN SortPreservingMergeExec (input rows 2000000 (exact) vs min_rows 0; projection kept above it),TAKEN SortPreservingMergeExec (input rows 2000000 (exact) vs min_rows 250000; projection kept above it),0,1,0.25,0.00,0.45,1.56,0.00,245,2000000,1.86,1.79,100,3,33,39.54
now,2000000,b8192,sort,srt_f64,sort 3 columns by a Float64 key,"SELECT q, k1, x FROM extra ORDER BY x",66.32,3.25,20.411,169.0,5.2,5,5,yes,0.000e0,1,TAKEN SortPreservingMergeExec (input rows 2000000 (exact) vs min_rows 0; projection kept above it),TAKEN SortPreservingMergeExec (input rows 2000000 (exact) vs min_rows 250000; projection kept above it),0,1,0.23,0.00,0.49,2.26,0.00,245,2000000,1.86,1.79,100,3,26,9.66
now,2000000,b8192,sort,srt_str,sort 3 columns by a String key (1000 values),"SELECT name, q, k1 FROM extra ORDER BY name",77.10,3.33,23.178,225.5,5.3,5,5,yes,0.000e0,1,TAKEN SortPreservingMergeExec (input rows 2000000 (exact) vs min_rows 0; projection kept above it),TAKEN SortPreservingMergeExec (input rows 2000000 (exact) vs min_rows 250000; projection kept above it),0,1,0.28,0.00,0.51,2.20,0.01,245,2000000,1.86,1.79,100,3,26,9.92
now,2000000,b8192,sort,top_i64,top 100 by an int64 key (control),"SELECT q, k1, x FROM extra ORDER BY q LIMIT 100",0.65,3.94,0.165,5.1,6.9,5,5,yes,0.000e0,1,TAKEN SortPreservingMergeExec (input rows 2000000 (exact) vs min_rows 0; projection kept above it),LEFT SortPreservingMergeExec (top-k (sort with fetch 100) disabled in config) | LEFT SortExec (top-k (sort with fetch 100) disabled in config),0,1,0.31,0.00,0.51,2.91,0.00,245,100,1.86,1.79,100,150,26,4.61
now,2000000,b8192,sort,top_f64,"top 100 by Float64, descending (control)","SELECT q, k1, x FROM extra ORDER BY x DESC LIMIT 100",0.75,2.41,0.310,6.5,5.1,5,5,yes,0.000e0,1,TAKEN SortPreservingMergeExec (input rows 2000000 (exact) vs min_rows 0; projection kept above it),LEFT SortPreservingMergeExec (top-k (sort with fetch 100) disabled in config) | LEFT SortExec (top-k (sort with fetch 100) disabled in config),0,1,0.21,0.00,0.47,1.52,0.00,245,100,1.86,1.79,100,130,40,3.49
now,2000000,b8192,sort,srt_f32,sort 3 columns by a Float32 key,"SELECT q, k1, y FROM extra ORDER BY y",65.69,2.51,26.162,165.7,4.3,5,5,yes,0.000e0,1,TAKEN SortPreservingMergeExec (input rows 2000000 (exact) vs min_rows 0; projection kept above it),TAKEN SortPreservingMergeExec (input rows 2000000 (exact) vs min_rows 250000; projection kept above it),0,1,0.31,0.00,0.40,1.53,0.00,245,2000000,1.86,1.79,100,3,35,6.93
now,2000000,b8192,sort,top_f32,"top 100 by Float32, descending","SELECT q, k1, y FROM extra ORDER BY y DESC LIMIT 100",0.72,2.31,0.311,6.4,4.4,5,5,yes,0.000e0,1,TAKEN SortPreservingMergeExec (input rows 2000000 (exact) vs min_rows 0; projection kept above it),LEFT SortPreservingMergeExec (top-k (sort with fetch 100) disabled in config) | LEFT SortExec (top-k (sort with fetch 100) disabled in config),0,1,0.28,0.00,0.40,1.44,0.00,245,100,1.86,1.79,100,131,41,3.86
now,2000000,part1,sort,srt_i64,sort 3 columns by an int64 key,"SELECT q, k1, x FROM extra ORDER BY q",62.60,2.60,24.118,163.6,5.0,5,5,yes,0.000e0,1,TAKEN SortPreservingMergeExec (input rows 2000000 (exact) vs min_rows 0; projection kept above it),TAKEN SortPreservingMergeExec (input rows 2000000 (exact) vs min_rows 250000; projection kept above it),0,1,0.25,0.00,0.53,1.55,0.00,256,2000000,1.79,1.73,100,3,32,7.25
now,2000000,part1,sort,srt_f64,sort 3 columns by a Float64 key,"SELECT q, k1, x FROM extra ORDER BY x",65.71,3.30,19.883,174.1,4.8,5,5,yes,0.000e0,1,TAKEN SortPreservingMergeExec (input rows 2000000 (exact) vs min_rows 0; projection kept above it),TAKEN SortPreservingMergeExec (input rows 2000000 (exact) vs min_rows 250000; projection kept above it),0,1,0.26,0.00,0.59,2.24,0.00,256,2000000,1.79,1.73,100,3,27,8.69
now,2000000,part1,sort,srt_str,sort 3 columns by a String key (1000 values),"SELECT name, q, k1 FROM extra ORDER BY name",77.97,3.53,22.057,230.8,5.8,5,5,yes,0.000e0,1,TAKEN SortPreservingMergeExec (input rows 2000000 (exact) vs min_rows 0; projection kept above it),TAKEN SortPreservingMergeExec (input rows 2000000 (exact) vs min_rows 250000; projection kept above it),0,1,0.34,0.00,0.52,2.39,0.00,256,2000000,1.79,1.73,100,3,25,9.03
now,2000000,part1,sort,top_i64,top 100 by an int64 key (control),"SELECT q, k1, x FROM extra ORDER BY q LIMIT 100",0.65,3.80,0.171,5.4,6.3,5,5,yes,0.000e0,1,TAKEN SortPreservingMergeExec (input rows 2000000 (exact) vs min_rows 0; projection kept above it),LEFT SortPreservingMergeExec (top-k (sort with fetch 100) disabled in config) | LEFT SortExec (top-k (sort with fetch 100) disabled in config),0,1,0.26,0.00,0.51,2.84,0.00,256,100,1.79,1.73,100,151,27,3.20
now,2000000,part1,sort,top_f64,"top 100 by Float64, descending (control)","SELECT q, k1, x FROM extra ORDER BY x DESC LIMIT 100",0.73,2.48,0.293,6.3,5.5,5,5,yes,0.000e0,1,TAKEN SortPreservingMergeExec (input rows 2000000 (exact) vs min_rows 0; projection kept above it),LEFT SortPreservingMergeExec (top-k (sort with fetch 100) disabled in config) | LEFT SortExec (top-k (sort with fetch 100) disabled in config),0,1,0.33,0.00,0.47,1.50,0.00,256,100,1.79,1.73,100,135,40,3.02
now,2000000,part1,sort,srt_f32,sort 3 columns by a Float32 key,"SELECT q, k1, y FROM extra ORDER BY y",65.43,2.41,27.148,169.3,4.2,5,5,yes,0.000e0,1,TAKEN SortPreservingMergeExec (input rows 2000000 (exact) vs min_rows 0; projection kept above it),TAKEN SortPreservingMergeExec (input rows 2000000 (exact) vs min_rows 250000; projection kept above it),0,1,0.24,0.00,0.43,1.51,0.00,256,2000000,1.79,1.73,100,3,36,6.17
now,2000000,part1,sort,top_f32,"top 100 by Float32, descending","SELECT q, k1, y FROM extra ORDER BY y DESC LIMIT 100",0.70,2.36,0.296,6.1,4.4,5,5,yes,0.000e0,1,TAKEN SortPreservingMergeExec (input rows 2000000 (exact) vs min_rows 0; projection kept above it),LEFT SortPreservingMergeExec (top-k (sort with fetch 100) disabled in config) | LEFT SortExec (top-k (sort with fetch 100) disabled in config),0,1,0.25,0.00,0.44,1.46,0.00,256,100,1.79,1.73,100,134,41,2.49
before,100000,b8192,sort,srt_i64,sort 3 columns by an int64 key,"SELECT q, k1, x FROM extra ORDER BY q",2.91,0.91,3.189,4.3,0.9,5,5,yes,0.000e0,1,TAKEN SortPreservingMergeExec (input rows 100000 (exact) vs min_rows 0; projection kept above it),LEFT SortPreservingMergeExec (input rows 100000 (exact) vs min_rows 250000) | LEFT SortExec (per-partition sort (preserve_partitioning) with no replaced merge above it),0,1,0.02,0.03,0.05,0.68,0.00,13,100000,2.99,2.99,100,35,93,30.71
before,100000,b8192,sort,srt_f64,sort 3 columns by a Float64 key,"SELECT q, k1, x FROM extra ORDER BY x",3.03,1.57,1.934,4.6,1.3,5,5,yes,0.000e0,1,TAKEN SortPreservingMergeExec (input rows 100000 (exact) vs min_rows 0; projection kept above it),LEFT SortPreservingMergeExec (input rows 100000 (exact) vs min_rows 250000) | LEFT SortExec (per-partition sort (preserve_partitioning) with no replaced merge above it),0,1,0.02,0.03,0.06,1.33,0.00,13,100000,2.99,2.99,100,34,55,3.22
before,100000,b8192,sort,srt_str,sort 3 columns by a String key (1000 values),"SELECT name, q, k1 FROM extra ORDER BY name",4.01,1.22,3.279,7.1,1.2,5,5,yes,0.000e0,1,TAKEN SortPreservingMergeExec (input rows 100000 (exact) vs min_rows 0; projection kept above it),LEFT SortPreservingMergeExec (input rows 100000 (exact) vs min_rows 250000) | LEFT SortExec (per-partition sort (preserve_partitioning) with no replaced merge above it),0,1,0.02,0.03,0.06,0.97,0.00,13,100000,2.99,2.99,100,26,72,3.06
before,100000,b8192,sort,top_i64,top 100 by an int64 key (control),"SELECT q, k1, x FROM extra ORDER BY q LIMIT 100",0.35,1.03,0.339,1.5,1.1,5,5,yes,0.000e0,1,TAKEN SortPreservingMergeExec (input rows 100000 (exact) vs min_rows 0; projection kept above it),LEFT SortPreservingMergeExec (top-k (sort with fetch 100) disabled in config) | LEFT SortExec (top-k (sort with fetch 100) disabled in config),0,1,0.02,0.03,0.06,0.76,0.00,13,100,2.99,2.99,100,259,78,2.35
before,100000,b8192,sort,top_f64,"top 100 by Float64, descending (control)","SELECT q, k1, x FROM extra ORDER BY x DESC LIMIT 100",0.36,2.72,0.131,1.7,2.3,5,5,yes,0.000e0,1,TAKEN SortPreservingMergeExec (input rows 100000 (exact) vs min_rows 0; projection kept above it),LEFT SortPreservingMergeExec (top-k (sort with fetch 100) disabled in config) | LEFT SortExec (top-k (sort with fetch 100) disabled in config),0,1,0.02,0.04,0.05,2.43,0.00,13,100,2.99,2.99,100,269,32,3.06
before,100000,part1,sort,srt_i64,sort 3 columns by an int64 key,"SELECT q, k1, x FROM extra ORDER BY q",2.95,0.91,3.242,4.3,0.9,5,5,yes,0.000e0,1,TAKEN SortPreservingMergeExec (input rows 100000 (exact) vs min_rows 0; projection kept above it),LEFT SortPreservingMergeExec (input rows 100000 (exact) vs min_rows 250000) | LEFT SortExec (per-partition sort (preserve_partitioning) with no replaced merge above it),0,1,0.02,0.03,0.05,0.68,0.00,16,100000,2.99,2.99,100,34,81,2.61
before,100000,part1,sort,srt_f64,sort 3 columns by a Float64 key,"SELECT q, k1, x FROM extra ORDER BY x",3.19,1.35,2.367,4.9,1.3,5,5,yes,0.000e0,1,TAKEN SortPreservingMergeExec (input rows 100000 (exact) vs min_rows 0; projection kept above it),LEFT SortPreservingMergeExec (input rows 100000 (exact) vs min_rows 250000) | LEFT SortExec (per-partition sort (preserve_partitioning) with no replaced merge above it),0,1,0.02,0.03,0.05,1.11,0.00,16,100000,2.99,2.99,100,32,63,2.15
before,100000,part1,sort,srt_str,sort 3 columns by a String key (1000 values),"SELECT name, q, k1 FROM extra ORDER BY name",3.84,1.28,2.995,7.1,1.3,5,5,yes,0.000e0,1,TAKEN SortPreservingMergeExec (input rows 100000 (exact) vs min_rows 0; projection kept above it),LEFT SortPreservingMergeExec (input rows 100000 (exact) vs min_rows 250000) | LEFT SortExec (per-partition sort (preserve_partitioning) with no replaced merge above it),0,1,0.02,0.03,0.06,1.03,0.00,16,100000,2.99,2.99,100,26,69,1.85
before,100000,part1,sort,top_i64,top 100 by an int64 key (control),"SELECT q, k1, x FROM extra ORDER BY q LIMIT 100",0.37,1.38,0.271,1.8,1.1,5,5,yes,0.000e0,1,TAKEN SortPreservingMergeExec (input rows 100000 (exact) vs min_rows 0; projection kept above it),LEFT SortPreservingMergeExec (top-k (sort with fetch 100) disabled in config) | LEFT SortExec (top-k (sort with fetch 100) disabled in config),0,1,0.02,0.03,0.06,1.11,0.00,16,100,2.99,2.99,100,253,74,1.06
before,100000,part1,sort,top_f64,"top 100 by Float64, descending (control)","SELECT q, k1, x FROM extra ORDER BY x DESC LIMIT 100",0.39,2.44,0.158,1.8,2.2,5,5,yes,0.000e0,1,TAKEN SortPreservingMergeExec (input rows 100000 (exact) vs min_rows 0; projection kept above it),LEFT SortPreservingMergeExec (top-k (sort with fetch 100) disabled in config) | LEFT SortExec (top-k (sort with fetch 100) disabled in config),0,1,0.02,0.03,0.06,2.16,0.00,16,100,2.99,2.99,100,249,38,4.82
before,250000,b8192,sort,srt_i64,sort 3 columns by an int64 key,"SELECT q, k1, x FROM extra ORDER BY q",7.79,1.15,6.751,15.8,1.1,5,5,yes,0.000e0,1,TAKEN SortPreservingMergeExec (input rows 250000 (exact) vs min_rows 0; projection kept above it),TAKEN SortPreservingMergeExec (input rows 250000 (exact) vs min_rows 250000; projection kept above it),0,1,0.03,0.06,0.11,0.81,0.00,31,250000,2.76,2.86,100,14,70,30.31
before,250000,b8192,sort,srt_f64,sort 3 columns by a Float64 key,"SELECT q, k1, x FROM extra ORDER BY x",8.16,1.72,4.735,15.8,1.5,5,5,yes,0.000e0,1,TAKEN SortPreservingMergeExec (input rows 250000 (exact) vs min_rows 0; projection kept above it),TAKEN SortPreservingMergeExec (input rows 250000 (exact) vs min_rows 250000; projection kept above it),0,1,0.03,0.07,0.11,1.37,0.00,31,250000,2.76,2.86,100,13,52,3.74
before,250000,b8192,sort,srt_str,sort 3 columns by a String key (1000 values),"SELECT name, q, k1 FROM extra ORDER BY name",10.66,1.53,6.979,24.8,1.5,5,5,yes,0.000e0,1,TAKEN SortPreservingMergeExec (input rows 250000 (exact) vs min_rows 0; projection kept above it),TAKEN SortPreservingMergeExec (input rows 250000 (exact) vs min_rows 250000; projection kept above it),0,1,0.03,0.07,0.12,1.13,0.00,31,250000,2.76,2.86,100,11,60,3.88
before,250000,b8192,sort,top_i64,top 100 by an int64 key (control),"SELECT q, k1, x FROM extra ORDER BY q LIMIT 100",0.35,1.27,0.277,1.9,1.3,5,5,yes,0.000e0,1,TAKEN SortPreservingMergeExec (input rows 250000 (exact) vs min_rows 0; projection kept above it),LEFT SortPreservingMergeExec (top-k (sort with fetch 100) disabled in config) | LEFT SortExec (top-k (sort with fetch 100) disabled in config),0,1,0.03,0.08,0.11,0.89,0.00,31,100,2.76,2.86,100,244,75,2.82
before,250000,b8192,sort,top_f64,"top 100 by Float64, descending (control)","SELECT q, k1, x FROM extra ORDER BY x DESC LIMIT 100",0.39,2.94,0.131,2.1,2.5,5,5,yes,0.000e0,1,TAKEN SortPreservingMergeExec (input rows 250000 (exact) vs min_rows 0; projection kept above it),LEFT SortPreservingMergeExec (top-k (sort with fetch 100) disabled in config) | LEFT SortExec (top-k (sort with fetch 100) disabled in config),0,1,0.04,0.07,0.11,2.54,0.00,31,100,2.76,2.86,100,241,32,5.35
before,250000,part1,sort,srt_i64,sort 3 columns by an int64 key,"SELECT q, k1, x FROM extra ORDER BY q",7.56,1.14,6.616,15.2,1.1,5,5,yes,0.000e0,1,TAKEN SortPreservingMergeExec (input rows 250000 (exact) vs min_rows 0; projection kept above it),TAKEN SortPreservingMergeExec (input rows 250000 (exact) vs min_rows 250000; projection kept above it),0,1,0.03,0.07,0.10,0.80,0.00,32,250000,2.86,2.86,100,14,65,3.51
before,250000,part1,sort,srt_f64,sort 3 columns by a Float64 key,"SELECT q, k1, x FROM extra ORDER BY x",8.42,1.86,4.536,16.4,1.6,5,5,yes,0.000e0,1,TAKEN SortPreservingMergeExec (input rows 250000 (exact) vs min_rows 0; projection kept above it),TAKEN SortPreservingMergeExec (input rows 250000 (exact) vs min_rows 250000; projection kept above it),0,1,0.04,0.07,0.12,1.48,0.00,32,250000,2.86,2.86,100,13,53,2.53
before,250000,part1,sort,srt_str,sort 3 columns by a String key (1000 values),"SELECT name, q, k1 FROM extra ORDER BY name",10.47,1.62,6.476,24.9,1.5,5,5,yes,0.000e0,1,TAKEN SortPreservingMergeExec (input rows 250000 (exact) vs min_rows 0; projection kept above it),TAKEN SortPreservingMergeExec (input rows 250000 (exact) vs min_rows 250000; projection kept above it),0,1,0.04,0.07,0.12,1.24,0.00,32,250000,2.86,2.86,100,11,60,2.58
before,250000,part1,sort,top_i64,top 100 by an int64 key (control),"SELECT q, k1, x FROM extra ORDER BY q LIMIT 100",0.36,1.63,0.220,1.9,1.3,5,5,yes,0.000e0,1,TAKEN SortPreservingMergeExec (input rows 250000 (exact) vs min_rows 0; projection kept above it),LEFT SortPreservingMergeExec (top-k (sort with fetch 100) disabled in config) | LEFT SortExec (top-k (sort with fetch 100) disabled in config),0,1,0.03,0.07,0.10,1.27,0.00,32,100,2.86,2.86,100,237,75,1.17
before,250000,part1,sort,top_f64,"top 100 by Float64, descending (control)","SELECT q, k1, x FROM extra ORDER BY x DESC LIMIT 100",0.40,3.16,0.125,1.9,2.6,5,5,yes,0.000e0,1,TAKEN SortPreservingMergeExec (input rows 250000 (exact) vs min_rows 0; projection kept above it),LEFT SortPreservingMergeExec (top-k (sort with fetch 100) disabled in config) | LEFT SortExec (top-k (sort with fetch 100) disabled in config),0,1,0.03,0.07,0.12,2.74,0.00,32,100,2.86,2.86,100,245,30,7.21
before,500000,b8192,sort,srt_i64,sort 3 columns by an int64 key,"SELECT q, k1, x FROM extra ORDER BY q",15.62,1.52,10.259,36.1,1.6,5,5,yes,0.000e0,1,TAKEN SortPreservingMergeExec (input rows 500000 (exact) vs min_rows 0; projection kept above it),TAKEN SortPreservingMergeExec (input rows 500000 (exact) vs min_rows 250000; projection kept above it),0,1,0.05,0.14,0.18,0.98,0.00,62,500000,2.65,2.65,100,8,56,32.29
before,500000,b8192,sort,srt_f64,sort 3 columns by a Float64 key,"SELECT q, k1, x FROM extra ORDER BY x",16.78,2.31,7.259,36.4,2.2,5,5,yes,0.000e0,1,TAKEN SortPreservingMergeExec (input rows 500000 (exact) vs min_rows 0; projection kept above it),TAKEN SortPreservingMergeExec (input rows 500000 (exact) vs min_rows 250000; projection kept above it),0,1,0.08,0.15,0.19,1.70,0.00,62,500000,2.65,2.65,100,8,39,6.79
before,500000,b8192,sort,srt_str,sort 3 columns by a String key (1000 values),"SELECT name, q, k1 FROM extra ORDER BY name",20.14,2.14,9.426,50.7,2.2,5,5,yes,0.000e0,1,TAKEN SortPreservingMergeExec (input rows 500000 (exact) vs min_rows 0; projection kept above it),TAKEN SortPreservingMergeExec (input rows 500000 (exact) vs min_rows 250000; projection kept above it),0,1,0.08,0.16,0.17,1.54,0.00,62,500000,2.65,2.65,100,7,42,5.14
before,500000,b8192,sort,top_i64,top 100 by an int64 key (control),"SELECT q, k1, x FROM extra ORDER BY q LIMIT 100",0.41,1.48,0.281,2.5,1.6,5,5,yes,0.000e0,1,TAKEN SortPreservingMergeExec (input rows 500000 (exact) vs min_rows 0; projection kept above it),LEFT SortPreservingMergeExec (top-k (sort with fetch 100) disabled in config) | LEFT SortExec (top-k (sort with fetch 100) disabled in config),0,1,0.07,0.13,0.16,0.96,0.00,62,100,2.65,2.65,100,209,62,2.84
before,500000,b8192,sort,top_f64,"top 100 by Float64, descending (control)","SELECT q, k1, x FROM extra ORDER BY x DESC LIMIT 100",0.44,2.89,0.152,2.6,2.9,5,5,yes,0.000e0,1,TAKEN SortPreservingMergeExec (input rows 500000 (exact) vs min_rows 0; projection kept above it),LEFT SortPreservingMergeExec (top-k (sort with fetch 100) disabled in config) | LEFT SortExec (top-k (sort with fetch 100) disabled in config),0,1,0.08,0.15,0.19,2.29,0.00,62,100,2.65,2.65,100,204,33,4.96
before,500000,part1,sort,srt_i64,sort 3 columns by an int64 key,"SELECT q, k1, x FROM extra ORDER BY q",15.52,1.41,10.999,34.9,1.7,5,5,yes,0.000e0,1,TAKEN SortPreservingMergeExec (input rows 500000 (exact) vs min_rows 0; projection kept above it),TAKEN SortPreservingMergeExec (input rows 500000 (exact) vs min_rows 250000; projection kept above it),0,1,0.06,0.13,0.18,0.87,0.00,64,500000,2.65,2.76,100,8,53,3.45
before,500000,part1,sort,srt_f64,sort 3 columns by a Float64 key,"SELECT q, k1, x FROM extra ORDER BY x",16.38,2.09,7.850,36.1,2.2,5,5,yes,0.000e0,1,TAKEN SortPreservingMergeExec (input rows 500000 (exact) vs min_rows 0; projection kept above it),TAKEN SortPreservingMergeExec (input rows 500000 (exact) vs min_rows 250000; projection kept above it),0,1,0.07,0.14,0.18,1.54,0.00,64,500000,2.65,2.76,100,7,40,3.51
before,500000,part1,sort,srt_str,sort 3 columns by a String key (1000 values),"SELECT name, q, k1 FROM extra ORDER BY name",19.35,2.04,9.461,50.6,2.2,5,5,yes,0.000e0,1,TAKEN SortPreservingMergeExec (input rows 500000 (exact) vs min_rows 0; projection kept above it),TAKEN SortPreservingMergeExec (input rows 500000 (exact) vs min_rows 250000; projection kept above it),0,1,0.08,0.15,0.16,1.49,0.00,64,500000,2.65,2.76,100,6,43,3.96
before,500000,part1,sort,top_i64,top 100 by an int64 key (control),"SELECT q, k1, x FROM extra ORDER BY q LIMIT 100",0.42,1.40,0.301,2.6,1.5,5,5,yes,0.000e0,1,TAKEN SortPreservingMergeExec (input rows 500000 (exact) vs min_rows 0; projection kept above it),LEFT SortPreservingMergeExec (top-k (sort with fetch 100) disabled in config) | LEFT SortExec (top-k (sort with fetch 100) disabled in config),0,1,0.06,0.13,0.18,0.87,0.00,64,100,2.65,2.76,100,224,61,1.69
before,500000,part1,sort,top_f64,"top 100 by Float64, descending (control)","SELECT q, k1, x FROM extra ORDER BY x DESC LIMIT 100",0.42,3.04,0.138,2.7,2.9,5,5,yes,0.000e0,1,TAKEN SortPreservingMergeExec (input rows 500000 (exact) vs min_rows 0; projection kept above it),LEFT SortPreservingMergeExec (top-k (sort with fetch 100) disabled in config) | LEFT SortExec (top-k (sort with fetch 100) disabled in config),0,1,0.07,0.14,0.20,2.45,0.00,64,100,2.65,2.76,100,222,33,4.17
before,1000000,b8192,sort,srt_i64,sort 3 columns by an int64 key,"SELECT q, k1, x FROM extra ORDER BY q",31.27,2.28,13.744,73.4,2.3,5,5,yes,0.000e0,1,TAKEN SortPreservingMergeExec (input rows 1000000 (exact) vs min_rows 0; projection kept above it),TAKEN SortPreservingMergeExec (input rows 1000000 (exact) vs min_rows 250000; projection kept above it),0,1,0.10,0.32,0.29,1.35,0.00,123,1000000,2.73,2.59,100,5,39,34.18
before,1000000,b8192,sort,srt_f64,sort 3 columns by a Float64 key,"SELECT q, k1, x FROM extra ORDER BY x",33.13,3.06,10.820,78.5,2.9,5,5,yes,0.000e0,1,TAKEN SortPreservingMergeExec (input rows 1000000 (exact) vs min_rows 0; projection kept above it),TAKEN SortPreservingMergeExec (input rows 1000000 (exact) vs min_rows 250000; projection kept above it),0,1,0.14,0.35,0.32,2.07,0.00,123,1000000,2.73,2.59,100,4,29,9.30
before,1000000,b8192,sort,srt_str,sort 3 columns by a String key (1000 values),"SELECT name, q, k1 FROM extra ORDER BY name",38.98,2.79,13.975,107.7,3.0,5,5,yes,0.000e0,1,TAKEN SortPreservingMergeExec (input rows 1000000 (exact) vs min_rows 0; projection kept above it),TAKEN SortPreservingMergeExec (input rows 1000000 (exact) vs min_rows 250000; projection kept above it),0,1,0.13,0.34,0.30,1.81,0.00,123,1000000,2.73,2.59,100,4,31,7.95
before,1000000,b8192,sort,top_i64,top 100 by an int64 key (control),"SELECT q, k1, x FROM extra ORDER BY q LIMIT 100",0.47,3.33,0.141,3.4,3.9,5,5,yes,0.000e0,1,TAKEN SortPreservingMergeExec (input rows 1000000 (exact) vs min_rows 0; projection kept above it),LEFT SortPreservingMergeExec (top-k (sort with fetch 100) disabled in config) | LEFT SortExec (top-k (sort with fetch 100) disabled in config),0,1,0.12,0.33,0.35,2.35,0.00,123,100,2.73,2.59,100,197,25,4.65
before,1000000,b8192,sort,top_f64,"top 100 by Float64, descending (control)","SELECT q, k1, x FROM extra ORDER BY x DESC LIMIT 100",0.49,3.69,0.134,3.7,3.5,5,5,yes,0.000e0,1,TAKEN SortPreservingMergeExec (input rows 1000000 (exact) vs min_rows 0; projection kept above it),LEFT SortPreservingMergeExec (top-k (sort with fetch 100) disabled in config) | LEFT SortExec (top-k (sort with fetch 100) disabled in config),0,1,0.09,0.33,0.32,2.76,0.00,123,100,2.73,2.59,100,183,24,9.88
before,1000000,part1,sort,srt_i64,sort 3 columns by an int64 key,"SELECT q, k1, x FROM extra ORDER BY q",31.29,2.32,13.514,75.1,2.5,5,5,yes,0.000e0,1,TAKEN SortPreservingMergeExec (input rows 1000000 (exact) vs min_rows 0; projection kept above it),TAKEN SortPreservingMergeExec (input rows 1000000 (exact) vs min_rows 250000; projection kept above it),0,1,0.14,0.27,0.31,1.42,0.00,128,1000000,2.59,2.59,100,5,41,4.86
before,1000000,part1,sort,srt_f64,sort 3 columns by a Float64 key,"SELECT q, k1, x FROM extra ORDER BY x",33.12,3.09,10.709,80.7,2.9,5,5,yes,0.000e0,1,TAKEN SortPreservingMergeExec (input rows 1000000 (exact) vs min_rows 0; projection kept above it),TAKEN SortPreservingMergeExec (input rows 1000000 (exact) vs min_rows 250000; projection kept above it),0,1,0.12,0.28,0.31,2.17,0.00,128,1000000,2.59,2.59,100,4,29,7.60
before,1000000,part1,sort,srt_str,sort 3 columns by a String key (1000 values),"SELECT name, q, k1 FROM extra ORDER BY name",39.72,2.55,15.580,109.6,2.8,5,5,yes,0.000e0,1,TAKEN SortPreservingMergeExec (input rows 1000000 (exact) vs min_rows 0; projection kept above it),TAKEN SortPreservingMergeExec (input rows 1000000 (exact) vs min_rows 250000; projection kept above it),0,1,0.13,0.30,0.29,1.63,0.00,128,1000000,2.59,2.59,100,4,32,6.12
before,1000000,part1,sort,top_i64,top 100 by an int64 key (control),"SELECT q, k1, x FROM extra ORDER BY q LIMIT 100",0.48,3.23,0.149,3.4,3.8,5,5,yes,0.000e0,1,TAKEN SortPreservingMergeExec (input rows 1000000 (exact) vs min_rows 0; projection kept above it),LEFT SortPreservingMergeExec (top-k (sort with fetch 100) disabled in config) | LEFT SortExec (top-k (sort with fetch 100) disabled in config),0,1,0.11,0.28,0.33,2.36,0.00,128,100,2.59,2.59,100,199,27,3.73
before,1000000,part1,sort,top_f64,"top 100 by Float64, descending (control)","SELECT q, k1, x FROM extra ORDER BY x DESC LIMIT 100",0.52,3.77,0.139,4.1,3.5,5,5,yes,0.000e0,1,TAKEN SortPreservingMergeExec (input rows 1000000 (exact) vs min_rows 0; projection kept above it),LEFT SortPreservingMergeExec (top-k (sort with fetch 100) disabled in config) | LEFT SortExec (top-k (sort with fetch 100) disabled in config),0,1,0.14,0.27,0.32,2.86,0.00,128,100,2.59,2.59,100,187,24,8.85
before,2000000,b8192,sort,srt_i64,sort 3 columns by an int64 key,"SELECT q, k1, x FROM extra ORDER BY q",61.98,4.75,13.039,159.3,5.4,5,5,yes,0.000e0,1,TAKEN SortPreservingMergeExec (input rows 2000000 (exact) vs min_rows 0; projection kept above it),TAKEN SortPreservingMergeExec (input rows 2000000 (exact) vs min_rows 250000; projection kept above it),0,1,0.38,0.83,0.70,2.27,0.01,245,2000000,2.28,2.28,100,3,23,39.68
before,2000000,b8192,sort,srt_f64,sort 3 columns by a Float64 key,"SELECT q, k1, x FROM extra ORDER BY x",66.83,5.60,11.942,170.5,4.3,5,5,yes,0.000e0,1,TAKEN SortPreservingMergeExec (input rows 2000000 (exact) vs min_rows 0; projection kept above it),TAKEN SortPreservingMergeExec (input rows 2000000 (exact) vs min_rows 250000; projection kept above it),0,1,0.24,0.67,0.59,3.77,0.00,245,2000000,2.28,2.28,100,3,16,13.97
before,2000000,b8192,sort,srt_str,sort 3 columns by a String key (1000 values),"SELECT name, q, k1 FROM extra ORDER BY name",80.56,4.61,17.484,232.6,4.5,5,5,yes,0.000e0,1,TAKEN SortPreservingMergeExec (input rows 2000000 (exact) vs min_rows 0; projection kept above it),TAKEN SortPreservingMergeExec (input rows 2000000 (exact) vs min_rows 250000; projection kept above it),0,1,0.25,0.73,0.56,2.74,0.00,245,2000000,2.28,2.28,100,3,20,10.32
before,2000000,b8192,sort,top_i64,top 100 by an int64 key (control),"SELECT q, k1, x FROM extra ORDER BY q LIMIT 100",0.63,4.77,0.133,5.1,5.2,5,5,yes,0.000e0,1,TAKEN SortPreservingMergeExec (input rows 2000000 (exact) vs min_rows 0; projection kept above it),LEFT SortPreservingMergeExec (top-k (sort with fetch 100) disabled in config) | LEFT SortExec (top-k (sort with fetch 100) disabled in config),0,1,0.28,0.65,0.60,3.04,0.00,245,100,2.28,2.28,100,150,21,5.21
before,2000000,b8192,sort,top_f64,"top 100 by Float64, descending (control)","SELECT q, k1, x FROM extra ORDER BY x DESC LIMIT 100",0.72,6.51,0.110,6.2,5.2,5,5,yes,0.000e0,1,TAKEN SortPreservingMergeExec (input rows 2000000 (exact) vs min_rows 0; projection kept above it),LEFT SortPreservingMergeExec (top-k (sort with fetch 100) disabled in config) | LEFT SortExec (top-k (sort with fetch 100) disabled in config),0,1,0.24,0.71,0.60,4.72,0.01,245,100,2.28,2.28,100,133,15,15.22
before,2000000,part1,sort,srt_i64,sort 3 columns by an int64 key,"SELECT q, k1, x FROM extra ORDER BY q",61.19,3.82,16.026,161.6,3.9,5,5,yes,0.000e0,1,TAKEN SortPreservingMergeExec (input rows 2000000 (exact) vs min_rows 0; projection kept above it),TAKEN SortPreservingMergeExec (input rows 2000000 (exact) vs min_rows 250000; projection kept above it),0,1,0.25,0.65,0.60,1.96,0.01,256,2000000,2.28,2.98,100,3,23,7.71
before,2000000,part1,sort,srt_f64,sort 3 columns by a Float64 key,"SELECT q, k1, x FROM extra ORDER BY x",64.96,5.48,11.855,173.7,4.1,5,5,yes,0.000e0,1,TAKEN SortPreservingMergeExec (input rows 2000000 (exact) vs min_rows 0; projection kept above it),TAKEN SortPreservingMergeExec (input rows 2000000 (exact) vs min_rows 250000; projection kept above it),0,1,0.25,0.55,0.63,3.78,0.00,256,2000000,2.28,2.98,100,3,16,11.78
before,2000000,part1,sort,srt_str,sort 3 columns by a String key (1000 values),"SELECT name, q, k1 FROM extra ORDER BY name",82.22,4.56,18.024,237.4,4.6,5,5,yes,0.000e0,1,TAKEN SortPreservingMergeExec (input rows 2000000 (exact) vs min_rows 0; projection kept above it),TAKEN SortPreservingMergeExec (input rows 2000000 (exact) vs min_rows 250000; projection kept above it),0,1,0.30,0.59,0.57,2.82,0.00,256,2000000,2.28,2.98,100,3,21,7.15
before,2000000,part1,sort,top_i64,top 100 by an int64 key (control),"SELECT q, k1, x FROM extra ORDER BY q LIMIT 100",0.63,4.21,0.149,5.5,5.3,5,5,yes,0.000e0,1,TAKEN SortPreservingMergeExec (input rows 2000000 (exact) vs min_rows 0; projection kept above it),LEFT SortPreservingMergeExec (top-k (sort with fetch 100) disabled in config) | LEFT SortExec (top-k (sort with fetch 100) disabled in config),0,1,0.32,0.53,0.61,2.55,0.00,256,100,2.28,2.98,100,153,22,3.92
before,2000000,part1,sort,top_f64,"top 100 by Float64, descending (control)","SELECT q, k1, x FROM extra ORDER BY x DESC LIMIT 100",0.71,6.33,0.112,6.3,5.1,5,5,yes,0.000e0,1,TAKEN SortPreservingMergeExec (input rows 2000000 (exact) vs min_rows 0; projection kept above it),LEFT SortPreservingMergeExec (top-k (sort with fetch 100) disabled in config) | LEFT SortExec (top-k (sort with fetch 100) disabled in config),0,1,0.29,0.54,0.62,4.70,0.00,256,100,2.28,2.98,100,136,16,14.59
before,100000,b8192,sort,srt_i64,sort 3 columns by an int64 key,"SELECT q, k1, x FROM extra ORDER BY q",2.98,0.92,3.253,4.2,0.9,5,5,yes,0.000e0,1,TAKEN SortPreservingMergeExec (input rows 100000 (exact) vs min_rows 0; projection kept above it),LEFT SortPreservingMergeExec (input rows 100000 (exact) vs min_rows 250000) | LEFT SortExec (per-partition sort (preserve_partitioning) with no replaced merge above it),0,1,0.03,0.03,0.06,0.67,0.00,13,100000,2.67,2.67,100,34,99,30.08
before,100000,b8192,sort,srt_f64,sort 3 columns by a Float64 key,"SELECT q, k1, x FROM extra ORDER BY x",3.18,1.54,2.064,4.7,1.3,5,5,yes,0.000e0,1,TAKEN SortPreservingMergeExec (input rows 100000 (exact) vs min_rows 0; projection kept above it),LEFT SortPreservingMergeExec (input rows 100000 (exact) vs min_rows 250000) | LEFT SortExec (per-partition sort (preserve_partitioning) with no replaced merge above it),0,1,0.02,0.03,0.06,1.30,0.00,13,100000,2.67,2.67,100,32,57,3.43
before,100000,b8192,sort,srt_str,sort 3 columns by a String key (1000 values),"SELECT name, q, k1 FROM extra ORDER BY name",4.19,1.25,3.357,7.4,1.1,5,5,yes,0.000e0,1,TAKEN SortPreservingMergeExec (input rows 100000 (exact) vs min_rows 0; projection kept above it),LEFT SortPreservingMergeExec (input rows 100000 (exact) vs min_rows 250000) | LEFT SortExec (per-partition sort (preserve_partitioning) with no replaced merge above it),0,1,0.02,0.03,0.05,1.02,0.00,13,100000,2.67,2.67,100,24,74,3.33
before,100000,b8192,sort,top_i64,top 100 by an int64 key (control),"SELECT q, k1, x FROM extra ORDER BY q LIMIT 100",0.36,1.47,0.245,1.6,1.2,5,5,yes,0.000e0,1,TAKEN SortPreservingMergeExec (input rows 100000 (exact) vs min_rows 0; projection kept above it),LEFT SortPreservingMergeExec (top-k (sort with fetch 100) disabled in config) | LEFT SortExec (top-k (sort with fetch 100) disabled in config),0,1,0.02,0.03,0.06,1.20,0.00,13,100,2.67,2.67,100,262,85,1.75
before,100000,b8192,sort,top_f64,"top 100 by Float64, descending (control)","SELECT q, k1, x FROM extra ORDER BY x DESC LIMIT 100",0.34,2.21,0.155,1.7,2.2,5,5,yes,0.000e0,1,TAKEN SortPreservingMergeExec (input rows 100000 (exact) vs min_rows 0; projection kept above it),LEFT SortPreservingMergeExec (top-k (sort with fetch 100) disabled in config) | LEFT SortExec (top-k (sort with fetch 100) disabled in config),0,1,0.02,0.03,0.05,1.94,0.00,13,100,2.67,2.67,100,267,40,5.53
before,100000,part1,sort,srt_i64,sort 3 columns by an int64 key,"SELECT q, k1, x FROM extra ORDER BY q",3.10,1.06,2.923,4.5,0.9,5,5,yes,0.000e0,1,TAKEN SortPreservingMergeExec (input rows 100000 (exact) vs min_rows 0; projection kept above it),LEFT SortPreservingMergeExec (input rows 100000 (exact) vs min_rows 250000) | LEFT SortExec (per-partition sort (preserve_partitioning) with no replaced merge above it),0,1,0.02,0.03,0.06,0.80,0.00,16,100000,2.67,3.02,100,33,95,2.55
before,100000,part1,sort,srt_f64,sort 3 columns by a Float64 key,"SELECT q, k1, x FROM extra ORDER BY x",3.30,1.44,2.290,4.9,1.3,5,5,yes,0.000e0,1,TAKEN SortPreservingMergeExec (input rows 100000 (exact) vs min_rows 0; projection kept above it),LEFT SortPreservingMergeExec (input rows 100000 (exact) vs min_rows 250000) | LEFT SortExec (per-partition sort (preserve_partitioning) with no replaced merge above it),0,1,0.02,0.03,0.05,1.20,0.00,16,100000,2.67,3.02,100,31,62,2.29
before,100000,part1,sort,srt_str,sort 3 columns by a String key (1000 values),"SELECT name, q, k1 FROM extra ORDER BY name",4.11,1.29,3.170,7.2,1.2,5,5,yes,0.000e0,1,TAKEN SortPreservingMergeExec (input rows 100000 (exact) vs min_rows 0; projection kept above it),LEFT SortPreservingMergeExec (input rows 100000 (exact) vs min_rows 250000) | LEFT SortExec (per-partition sort (preserve_partitioning) with no replaced merge above it),0,1,0.02,0.03,0.06,1.05,0.00,16,100000,2.67,3.02,100,25,72,1.84
before,100000,part1,sort,top_i64,top 100 by an int64 key (control),"SELECT q, k1, x FROM extra ORDER BY q LIMIT 100",0.35,1.12,0.310,1.6,1.1,5,5,yes,0.000e0,1,TAKEN SortPreservingMergeExec (input rows 100000 (exact) vs min_rows 0; projection kept above it),LEFT SortPreservingMergeExec (top-k (sort with fetch 100) disabled in config) | LEFT SortExec (top-k (sort with fetch 100) disabled in config),0,1,0.02,0.03,0.05,0.86,0.00,16,100,2.67,3.02,100,266,85,1.05
before,100000,part1,sort,top_f64,"top 100 by Float64, descending (control)","SELECT q, k1, x FROM extra ORDER BY x DESC LIMIT 100",0.28,2.69,0.104,0.9,2.2,5,5,yes,0.000e0,1,TAKEN SortPreservingMergeExec (input rows 100000 (exact) vs min_rows 0; projection kept above it),LEFT SortPreservingMergeExec (top-k (sort with fetch 100) disabled in config) | LEFT SortExec (top-k (sort with fetch 100) disabled in config),0,1,0.02,0.03,0.06,2.42,0.00,16,100,2.67,3.02,100,260,39,5.02
before,250000,b8192,sort,srt_i64,sort 3 columns by an int64 key,"SELECT q, k1, x FROM extra ORDER BY q",8.05,1.16,6.946,15.7,1.1,5,5,yes,0.000e0,1,TAKEN SortPreservingMergeExec (input rows 250000 (exact) vs min_rows 0; projection kept above it),TAKEN SortPreservingMergeExec (input rows 250000 (exact) vs min_rows 250000; projection kept above it),0,1,0.04,0.07,0.10,0.81,0.00,31,250000,2.85,2.85,100,14,72,31.18
before,250000,b8192,sort,srt_f64,sort 3 columns by a Float64 key,"SELECT q, k1, x FROM extra ORDER BY x",8.67,1.86,4.668,16.4,1.6,5,5,yes,0.000e0,1,TAKEN SortPreservingMergeExec (input rows 250000 (exact) vs min_rows 0; projection kept above it),TAKEN SortPreservingMergeExec (input rows 250000 (exact) vs min_rows 250000; projection kept above it),0,1,0.04,0.07,0.11,1.49,0.00,31,250000,2.85,2.85,100,13,50,3.92
before,250000,b8192,sort,srt_str,sort 3 columns by a String key (1000 values),"SELECT name, q, k1 FROM extra ORDER BY name",10.83,1.60,6.763,25.8,1.5,5,5,yes,0.000e0,1,TAKEN SortPreservingMergeExec (input rows 250000 (exact) vs min_rows 0; projection kept above it),TAKEN SortPreservingMergeExec (input rows 250000 (exact) vs min_rows 250000; projection kept above it),0,1,0.05,0.07,0.11,1.22,0.00,31,250000,2.85,2.85,100,10,57,3.46
before,250000,b8192,sort,top_i64,top 100 by an int64 key (control),"SELECT q, k1, x FROM extra ORDER BY q LIMIT 100",0.35,1.13,0.315,1.5,1.3,5,5,yes,0.000e0,1,TAKEN SortPreservingMergeExec (input rows 250000 (exact) vs min_rows 0; projection kept above it),LEFT SortPreservingMergeExec (top-k (sort with fetch 100) disabled in config) | LEFT SortExec (top-k (sort with fetch 100) disabled in config),0,1,0.03,0.07,0.09,0.76,0.00,31,100,2.85,2.85,100,245,75,2.43
before,250000,b8192,sort,top_f64,"top 100 by Float64, descending (control)","SELECT q, k1, x FROM extra ORDER BY x DESC LIMIT 100",0.37,2.91,0.127,2.0,2.6,5,5,yes,0.000e0,1,TAKEN SortPreservingMergeExec (input rows 250000 (exact) vs min_rows 0; projection kept above it),LEFT SortPreservingMergeExec (top-k (sort with fetch 100) disabled in config) | LEFT SortExec (top-k (sort with fetch 100) disabled in config),0,1,0.04,0.08,0.10,2.47,0.00,31,100,2.85,2.85,100,242,31,7.64
before,250000,part1,sort,srt_i64,sort 3 columns by an int64 key,"SELECT q, k1, x FROM extra ORDER BY q",7.88,1.15,6.856,15.9,1.1,5,5,yes,0.000e0,1,TAKEN SortPreservingMergeExec (input rows 250000 (exact) vs min_rows 0; projection kept above it),TAKEN SortPreservingMergeExec (input rows 250000 (exact) vs min_rows 250000; projection kept above it),0,1,0.03,0.06,0.11,0.81,0.00,32,250000,2.85,2.85,100,14,78,3.42
before,250000,part1,sort,srt_f64,sort 3 columns by a Float64 key,"SELECT q, k1, x FROM extra ORDER BY x",8.59,1.88,4.561,16.6,1.6,5,5,yes,0.000e0,1,TAKEN SortPreservingMergeExec (input rows 250000 (exact) vs min_rows 0; projection kept above it),TAKEN SortPreservingMergeExec (input rows 250000 (exact) vs min_rows 250000; projection kept above it),0,1,0.03,0.07,0.11,1.51,0.00,32,250000,2.85,2.85,100,13,50,2.32
before,250000,part1,sort,srt_str,sort 3 columns by a String key (1000 values),"SELECT name, q, k1 FROM extra ORDER BY name",11.11,1.67,6.657,26.9,1.6,5,5,yes,0.000e0,1,TAKEN SortPreservingMergeExec (input rows 250000 (exact) vs min_rows 0; projection kept above it),TAKEN SortPreservingMergeExec (input rows 250000 (exact) vs min_rows 250000; projection kept above it),0,1,0.03,0.08,0.11,1.28,0.00,32,250000,2.85,2.85,100,10,57,2.27
before,250000,part1,sort,top_i64,top 100 by an int64 key (control),"SELECT q, k1, x FROM extra ORDER BY q LIMIT 100",0.37,1.58,0.235,2.0,1.3,5,5,yes,0.000e0,1,TAKEN SortPreservingMergeExec (input rows 250000 (exact) vs min_rows 0; projection kept above it),LEFT SortPreservingMergeExec (top-k (sort with fetch 100) disabled in config) | LEFT SortExec (top-k (sort with fetch 100) disabled in config),0,1,0.04,0.07,0.11,1.22,0.00,32,100,2.85,2.85,100,235,73,1.17
before,250000,part1,sort,top_f64,"top 100 by Float64, descending (control)","SELECT q, k1, x FROM extra ORDER BY x DESC LIMIT 100",0.37,2.98,0.123,2.1,2.5,5,5,yes,0.000e0,1,TAKEN SortPreservingMergeExec (input rows 250000 (exact) vs min_rows 0; projection kept above it),LEFT SortPreservingMergeExec (top-k (sort with fetch 100) disabled in config) | LEFT SortExec (top-k (sort with fetch 100) disabled in config),0,1,0.03,0.07,0.10,2.55,0.00,32,100,2.85,2.85,100,239,29,4.67
before,500000,b8192,sort,srt_i64,sort 3 columns by an int64 key,"SELECT q, k1, x FROM extra ORDER BY q",16.07,1.66,9.690,35.4,1.7,5,5,yes,0.000e0,1,TAKEN SortPreservingMergeExec (input rows 500000 (exact) vs min_rows 0; projection kept above it),TAKEN SortPreservingMergeExec (input rows 500000 (exact) vs min_rows 250000; projection kept above it),0,1,0.06,0.13,0.18,1.13,0.00,62,500000,2.66,2.66,100,8,56,31.80
before,500000,b8192,sort,srt_f64,sort 3 columns by a Float64 key,"SELECT q, k1, x FROM extra ORDER BY x",16.56,2.16,7.663,38.0,2.1,5,5,yes,0.000e0,1,TAKEN SortPreservingMergeExec (input rows 500000 (exact) vs min_rows 0; projection kept above it),TAKEN SortPreservingMergeExec (input rows 500000 (exact) vs min_rows 250000; projection kept above it),0,1,0.06,0.14,0.18,1.62,0.00,62,500000,2.66,2.66,100,7,42,6.90
before,500000,b8192,sort,srt_str,sort 3 columns by a String key (1000 values),"SELECT name, q, k1 FROM extra ORDER BY name",19.73,2.27,8.708,51.0,2.3,5,5,yes,0.000e0,1,TAKEN SortPreservingMergeExec (input rows 500000 (exact) vs min_rows 0; projection kept above it),TAKEN SortPreservingMergeExec (input rows 500000 (exact) vs min_rows 250000; projection kept above it),0,1,0.06,0.15,0.17,1.73,0.00,62,500000,2.66,2.66,100,6,43,4.35
before,500000,b8192,sort,top_i64,top 100 by an int64 key (control),"SELECT q, k1, x FROM extra ORDER BY q LIMIT 100",0.39,1.40,0.278,2.2,1.6,5,5,yes,0.000e0,1,TAKEN SortPreservingMergeExec (input rows 500000 (exact) vs min_rows 0; projection kept above it),LEFT SortPreservingMergeExec (top-k (sort with fetch 100) disabled in config) | LEFT SortExec (top-k (sort with fetch 100) disabled in config),0,1,0.05,0.13,0.18,0.84,0.00,62,100,2.66,2.66,100,233,62,2.82
before,500000,b8192,sort,top_f64,"top 100 by Float64, descending (control)","SELECT q, k1, x FROM extra ORDER BY x DESC LIMIT 100",0.44,2.97,0.148,2.6,2.9,5,5,yes,0.000e0,1,TAKEN SortPreservingMergeExec (input rows 500000 (exact) vs min_rows 0; projection kept above it),LEFT SortPreservingMergeExec (top-k (sort with fetch 100) disabled in config) | LEFT SortExec (top-k (sort with fetch 100) disabled in config),0,1,0.05,0.15,0.19,2.37,0.00,62,100,2.66,2.66,100,225,32,4.81
before,500000,part1,sort,srt_i64,sort 3 columns by an int64 key,"SELECT q, k1, x FROM extra ORDER BY q",15.97,1.62,9.840,35.9,1.7,5,5,yes,0.000e0,1,TAKEN SortPreservingMergeExec (input rows 500000 (exact) vs min_rows 0; projection kept above it),TAKEN SortPreservingMergeExec (input rows 500000 (exact) vs min_rows 250000; projection kept above it),0,1,0.06,0.13,0.18,1.09,0.00,64,500000,2.66,2.66,100,8,58,3.54
before,500000,part1,sort,srt_f64,sort 3 columns by a Float64 key,"SELECT q, k1, x FROM extra ORDER BY x",16.87,2.06,8.197,36.8,2.0,5,5,yes,0.000e0,1,TAKEN SortPreservingMergeExec (input rows 500000 (exact) vs min_rows 0; projection kept above it),TAKEN SortPreservingMergeExec (input rows 500000 (exact) vs min_rows 250000; projection kept above it),0,1,0.07,0.14,0.18,1.51,0.00,64,500000,2.66,2.66,100,7,43,4.59
before,500000,part1,sort,srt_str,sort 3 columns by a String key (1000 values),"SELECT name, q, k1 FROM extra ORDER BY name",20.12,2.05,9.828,50.4,2.1,5,5,yes,0.000e0,1,TAKEN SortPreservingMergeExec (input rows 500000 (exact) vs min_rows 0; projection kept above it),TAKEN SortPreservingMergeExec (input rows 500000 (exact) vs min_rows 250000; projection kept above it),0,1,0.07,0.13,0.17,1.51,0.00,64,500000,2.66,2.66,100,6,43,3.15
before,500000,part1,sort,top_i64,top 100 by an int64 key (control),"SELECT q, k1, x FROM extra ORDER BY q LIMIT 100",0.42,1.34,0.313,2.5,1.6,5,5,yes,0.000e0,1,TAKEN SortPreservingMergeExec (input rows 500000 (exact) vs min_rows 0; projection kept above it),LEFT SortPreservingMergeExec (top-k (sort with fetch 100) disabled in config) | LEFT SortExec (top-k (sort with fetch 100) disabled in config),0,1,0.07,0.13,0.18,0.80,0.00,64,100,2.66,2.66,100,227,63,1.49
before,500000,part1,sort,top_f64,"top 100 by Float64, descending (control)","SELECT q, k1, x FROM extra ORDER BY x DESC LIMIT 100",0.43,2.88,0.151,2.6,2.8,5,5,yes,0.000e0,1,TAKEN SortPreservingMergeExec (input rows 500000 (exact) vs min_rows 0; projection kept above it),LEFT SortPreservingMergeExec (top-k (sort with fetch 100) disabled in config) | LEFT SortExec (top-k (sort with fetch 100) disabled in config),0,1,0.06,0.14,0.18,2.32,0.00,64,100,2.66,2.66,100,216,32,4.09
before,1000000,b8192,sort,srt_i64,sort 3 columns by an int64 key,"SELECT q, k1, x FROM extra ORDER BY q",31.32,2.33,13.414,73.6,2.4,5,5,yes,0.000e0,1,TAKEN SortPreservingMergeExec (input rows 1000000 (exact) vs min_rows 0; projection kept above it),TAKEN SortPreservingMergeExec (input rows 1000000 (exact) vs min_rows 250000; projection kept above it),0,1,0.12,0.31,0.33,1.39,0.00,123,1000000,2.44,2.44,100,5,39,34.75
before,1000000,b8192,sort,srt_f64,sort 3 columns by a Float64 key,"SELECT q, k1, x FROM extra ORDER BY x",33.66,3.08,10.932,78.1,2.8,5,5,yes,0.000e0,1,TAKEN SortPreservingMergeExec (input rows 1000000 (exact) vs min_rows 0; projection kept above it),TAKEN SortPreservingMergeExec (input rows 1000000 (exact) vs min_rows 250000; projection kept above it),0,1,0.13,0.34,0.30,2.10,0.00,123,1000000,2.44,2.44,100,4,27,9.25
before,1000000,b8192,sort,srt_str,sort 3 columns by a String key (1000 values),"SELECT name, q, k1 FROM extra ORDER BY name",39.46,2.74,14.425,107.8,3.0,5,5,yes,0.000e0,1,TAKEN SortPreservingMergeExec (input rows 1000000 (exact) vs min_rows 0; projection kept above it),TAKEN SortPreservingMergeExec (input rows 1000000 (exact) vs min_rows 250000; projection kept above it),0,1,0.10,0.34,0.30,1.79,0.00,123,1000000,2.44,2.44,100,4,32,7.03
before,1000000,b8192,sort,top_i64,top 100 by an int64 key (control),"SELECT q, k1, x FROM extra ORDER BY q LIMIT 100",0.47,3.34,0.141,3.3,3.9,5,5,yes,0.000e0,1,TAKEN SortPreservingMergeExec (input rows 1000000 (exact) vs min_rows 0; projection kept above it),LEFT SortPreservingMergeExec (top-k (sort with fetch 100) disabled in config) | LEFT SortExec (top-k (sort with fetch 100) disabled in config),0,1,0.14,0.33,0.33,2.34,0.00,123,100,2.44,2.44,100,196,27,4.57
before,1000000,b8192,sort,top_f64,"top 100 by Float64, descending (control)","SELECT q, k1, x FROM extra ORDER BY x DESC LIMIT 100",0.51,4.11,0.125,3.7,3.8,5,5,yes,0.000e0,1,TAKEN SortPreservingMergeExec (input rows 1000000 (exact) vs min_rows 0; projection kept above it),LEFT SortPreservingMergeExec (top-k (sort with fetch 100) disabled in config) | LEFT SortExec (top-k (sort with fetch 100) disabled in config),0,1,0.13,0.33,0.35,3.10,0.00,123,100,2.44,2.44,100,184,22,9.81
before,1000000,part1,sort,srt_i64,sort 3 columns by an int64 key,"SELECT q, k1, x FROM extra ORDER BY q",31.15,2.20,14.169,73.9,2.4,5,5,yes,0.000e0,1,TAKEN SortPreservingMergeExec (input rows 1000000 (exact) vs min_rows 0; projection kept above it),TAKEN SortPreservingMergeExec (input rows 1000000 (exact) vs min_rows 250000; projection kept above it),0,1,0.13,0.27,0.33,1.30,0.00,128,1000000,2.44,2.41,100,5,41,4.59
before,1000000,part1,sort,srt_f64,sort 3 columns by a Float64 key,"SELECT q, k1, x FROM extra ORDER BY x",33.21,2.96,11.218,79.7,2.7,5,5,yes,0.000e0,1,TAKEN SortPreservingMergeExec (input rows 1000000 (exact) vs min_rows 0; projection kept above it),TAKEN SortPreservingMergeExec (input rows 1000000 (exact) vs min_rows 250000; projection kept above it),0,1,0.14,0.27,0.32,2.04,0.00,128,1000000,2.44,2.41,100,4,29,7.79
before,1000000,part1,sort,srt_str,sort 3 columns by a String key (1000 values),"SELECT name, q, k1 FROM extra ORDER BY name",41.49,2.90,14.325,111.1,3.0,5,5,yes,0.000e0,1,TAKEN SortPreservingMergeExec (input rows 1000000 (exact) vs min_rows 0; projection kept above it),TAKEN SortPreservingMergeExec (input rows 1000000 (exact) vs min_rows 250000; projection kept above it),0,1,0.15,0.30,0.31,1.93,0.00,128,1000000,2.44,2.41,100,4,31,6.53
before,1000000,part1,sort,top_i64,top 100 by an int64 key (control),"SELECT q, k1, x FROM extra ORDER BY q LIMIT 100",0.47,3.28,0.145,3.3,3.9,5,5,yes,0.000e0,1,TAKEN SortPreservingMergeExec (input rows 1000000 (exact) vs min_rows 0; projection kept above it),LEFT SortPreservingMergeExec (top-k (sort with fetch 100) disabled in config) | LEFT SortExec (top-k (sort with fetch 100) disabled in config),0,1,0.13,0.28,0.34,2.35,0.00,128,100,2.44,2.41,100,199,26,3.42
before,1000000,part1,sort,top_f64,"top 100 by Float64, descending (control)","SELECT q, k1, x FROM extra ORDER BY x DESC LIMIT 100",0.52,3.82,0.137,3.9,3.6,5,5,yes,0.000e0,1,TAKEN SortPreservingMergeExec (input rows 1000000 (exact) vs min_rows 0; projection kept above it),LEFT SortPreservingMergeExec (top-k (sort with fetch 100) disabled in config) | LEFT SortExec (top-k (sort with fetch 100) disabled in config),0,1,0.13,0.28,0.30,2.88,0.00,128,100,2.44,2.41,100,182,24,9.42
before,2000000,b8192,sort,srt_i64,sort 3 columns by an int64 key,"SELECT q, k1, x FROM extra ORDER BY q",62.23,4.05,15.352,159.4,3.7,5,5,yes,0.000e0,1,TAKEN SortPreservingMergeExec (input rows 2000000 (exact) vs min_rows 0; projection kept above it),TAKEN SortPreservingMergeExec (input rows 2000000 (exact) vs min_rows 250000; projection kept above it),0,1,0.26,0.69,0.62,2.22,0.00,245,2000000,2.33,2.23,100,3,23,39.01
before,2000000,b8192,sort,srt_f64,sort 3 columns by a Float64 key,"SELECT q, k1, x FROM extra ORDER BY x",66.49,5.66,11.753,169.6,4.3,5,5,yes,0.000e0,1,TAKEN SortPreservingMergeExec (input rows 2000000 (exact) vs min_rows 0; projection kept above it),TAKEN SortPreservingMergeExec (input rows 2000000 (exact) vs min_rows 250000; projection kept above it),0,1,0.28,0.72,0.61,3.75,0.01,245,2000000,2.33,2.23,100,3,17,13.92
before,2000000,b8192,sort,srt_str,sort 3 columns by a String key (1000 values),"SELECT name, q, k1 FROM extra ORDER BY name",79.01,4.86,16.259,229.2,4.9,5,5,yes,0.000e0,1,TAKEN SortPreservingMergeExec (input rows 2000000 (exact) vs min_rows 0; projection kept above it),TAKEN SortPreservingMergeExec (input rows 2000000 (exact) vs min_rows 250000; projection kept above it),0,1,0.32,0.71,0.60,2.90,0.00,245,2000000,2.33,2.23,100,3,20,10.31
before,2000000,b8192,sort,top_i64,top 100 by an int64 key (control),"SELECT q, k1, x FROM extra ORDER BY q LIMIT 100",0.65,4.25,0.152,5.2,5.0,5,5,yes,0.000e0,1,TAKEN SortPreservingMergeExec (input rows 2000000 (exact) vs min_rows 0; projection kept above it),LEFT SortPreservingMergeExec (top-k (sort with fetch 100) disabled in config) | LEFT SortExec (top-k (sort with fetch 100) disabled in config),0,1,0.25,0.67,0.62,2.47,0.00,245,100,2.33,2.23,100,150,21,4.81
before,2000000,b8192,sort,top_f64,"top 100 by Float64, descending (control)","SELECT q, k1, x FROM extra ORDER BY x DESC LIMIT 100",0.71,6.48,0.109,6.0,5.2,5,5,yes,0.000e0,1,TAKEN SortPreservingMergeExec (input rows 2000000 (exact) vs min_rows 0; projection kept above it),LEFT SortPreservingMergeExec (top-k (sort with fetch 100) disabled in config) | LEFT SortExec (top-k (sort with fetch 100) disabled in config),0,1,0.28,0.68,0.60,4.67,0.00,245,100,2.33,2.23,100,132,15,14.63
before,2000000,part1,sort,srt_i64,sort 3 columns by an int64 key,"SELECT q, k1, x FROM extra ORDER BY q",61.48,3.91,15.712,162.4,3.6,5,5,yes,0.000e0,1,TAKEN SortPreservingMergeExec (input rows 2000000 (exact) vs min_rows 0; projection kept above it),TAKEN SortPreservingMergeExec (input rows 2000000 (exact) vs min_rows 250000; projection kept above it),0,1,0.29,0.55,0.61,2.19,0.00,256,2000000,2.23,2.23,100,3,23,7.41
before,2000000,part1,sort,srt_f64,sort 3 columns by a Float64 key,"SELECT q, k1, x FROM extra ORDER BY x",65.73,5.43,12.095,174.5,4.2,5,5,yes,0.000e0,1,TAKEN SortPreservingMergeExec (input rows 2000000 (exact) vs min_rows 0; projection kept above it),TAKEN SortPreservingMergeExec (input rows 2000000 (exact) vs min_rows 250000; projection kept above it),0,1,0.30,0.55,0.62,3.71,0.00,256,2000000,2.23,2.23,100,3,16,12.07
before,2000000,part1,sort,srt_str,sort 3 columns by a String key (1000 values),"SELECT name, q, k1 FROM extra ORDER BY name",80.13,4.54,17.652,235.0,4.5,5,5,yes,0.000e0,1,TAKEN SortPreservingMergeExec (input rows 2000000 (exact) vs min_rows 0; projection kept above it),TAKEN SortPreservingMergeExec (input rows 2000000 (exact) vs min_rows 250000; projection kept above it),0,1,0.30,0.59,0.60,2.74,0.01,256,2000000,2.23,2.23,100,3,21,9.02
before,2000000,part1,sort,top_i64,top 100 by an int64 key (control),"SELECT q, k1, x FROM extra ORDER BY q LIMIT 100",0.58,4.25,0.137,4.9,5.0,5,5,yes,0.000e0,1,TAKEN SortPreservingMergeExec (input rows 2000000 (exact) vs min_rows 0; projection kept above it),LEFT SortPreservingMergeExec (top-k (sort with fetch 100) disabled in config) | LEFT SortExec (top-k (sort with fetch 100) disabled in config),0,1,0.32,0.54,0.61,2.54,0.00,256,100,2.23,2.23,100,153,22,3.56
before,2000000,part1,sort,top_f64,"top 100 by Float64, descending (control)","SELECT q, k1, x FROM extra ORDER BY x DESC LIMIT 100",0.69,6.30,0.110,6.0,5.0,5,5,yes,0.000e0,1,TAKEN SortPreservingMergeExec (input rows 2000000 (exact) vs min_rows 0; projection kept above it),LEFT SortPreservingMergeExec (top-k (sort with fetch 100) disabled in config) | LEFT SortExec (top-k (sort with fetch 100) disabled in config),0,1,0.30,0.55,0.59,4.64,0.00,256,100,2.23,2.23,100,134,15,13.87
before,100000,b8192,sort,srt_i64,sort 3 columns by an int64 key,"SELECT q, k1, x FROM extra ORDER BY q",2.98,0.87,3.408,4.4,0.8,5,5,yes,0.000e0,1,TAKEN SortPreservingMergeExec (input rows 100000 (exact) vs min_rows 0; projection kept above it),LEFT SortPreservingMergeExec (input rows 100000 (exact) vs min_rows 250000) | LEFT SortExec (per-partition sort (preserve_partitioning) with no replaced merge above it),0,1,0.02,0.03,0.06,0.64,0.00,13,100000,2.03,2.03,100,34,95,30.30
before,100000,b8192,sort,srt_f64,sort 3 columns by a Float64 key,"SELECT q, k1, x FROM extra ORDER BY x",3.09,1.34,2.305,4.6,1.3,5,5,yes,0.000e0,1,TAKEN SortPreservingMergeExec (input rows 100000 (exact) vs min_rows 0; projection kept above it),LEFT SortPreservingMergeExec (input rows 100000 (exact) vs min_rows 250000) | LEFT SortExec (per-partition sort (preserve_partitioning) with no replaced merge above it),0,1,0.02,0.03,0.06,1.10,0.00,13,100000,2.03,2.03,100,32,59,3.50
before,100000,b8192,sort,srt_str,sort 3 columns by a String key (1000 values),"SELECT name, q, k1 FROM extra ORDER BY name",4.26,1.20,3.563,7.1,1.2,5,5,yes,0.000e0,1,TAKEN SortPreservingMergeExec (input rows 100000 (exact) vs min_rows 0; projection kept above it),LEFT SortPreservingMergeExec (input rows 100000 (exact) vs min_rows 250000) | LEFT SortExec (per-partition sort (preserve_partitioning) with no replaced merge above it),0,1,0.02,0.03,0.05,0.97,0.00,13,100000,2.03,2.03,100,24,69,2.82
before,100000,b8192,sort,top_i64,top 100 by an int64 key (control),"SELECT q, k1, x FROM extra ORDER BY q LIMIT 100",0.39,1.13,0.343,1.6,1.1,5,5,yes,0.000e0,1,TAKEN SortPreservingMergeExec (input rows 100000 (exact) vs min_rows 0; projection kept above it),LEFT SortPreservingMergeExec (top-k (sort with fetch 100) disabled in config) | LEFT SortExec (top-k (sort with fetch 100) disabled in config),0,1,0.02,0.03,0.06,0.86,0.00,13,100,2.03,2.03,100,253,83,1.85
before,100000,b8192,sort,top_f64,"top 100 by Float64, descending (control)","SELECT q, k1, x FROM extra ORDER BY x DESC LIMIT 100",0.35,3.07,0.112,1.1,2.3,5,5,yes,0.000e0,1,TAKEN SortPreservingMergeExec (input rows 100000 (exact) vs min_rows 0; projection kept above it),LEFT SortPreservingMergeExec (top-k (sort with fetch 100) disabled in config) | LEFT SortExec (top-k (sort with fetch 100) disabled in config),0,1,0.02,0.03,0.07,2.78,0.00,13,100,2.03,2.03,100,252,39,3.17
before,100000,part1,sort,srt_i64,sort 3 columns by an int64 key,"SELECT q, k1, x FROM extra ORDER BY q",3.07,1.05,2.931,4.6,0.9,5,5,yes,0.000e0,1,TAKEN SortPreservingMergeExec (input rows 100000 (exact) vs min_rows 0; projection kept above it),LEFT SortPreservingMergeExec (input rows 100000 (exact) vs min_rows 250000) | LEFT SortExec (per-partition sort (preserve_partitioning) with no replaced merge above it),0,1,0.02,0.03,0.06,0.81,0.00,16,100000,2.03,2.03,100,33,94,2.85
before,100000,part1,sort,srt_f64,sort 3 columns by a Float64 key,"SELECT q, k1, x FROM extra ORDER BY x",3.24,1.35,2.400,4.8,1.3,5,5,yes,0.000e0,1,TAKEN SortPreservingMergeExec (input rows 100000 (exact) vs min_rows 0; projection kept above it),LEFT SortPreservingMergeExec (input rows 100000 (exact) vs min_rows 250000) | LEFT SortExec (per-partition sort (preserve_partitioning) with no replaced merge above it),0,1,0.02,0.03,0.05,1.11,0.00,16,100000,2.03,2.03,100,31,65,2.43
before,100000,part1,sort,srt_str,sort 3 columns by a String key (1000 values),"SELECT name, q, k1 FROM extra ORDER BY name",4.22,1.28,3.294,7.3,1.2,5,5,yes,0.000e0,1,TAKEN SortPreservingMergeExec (input rows 100000 (exact) vs min_rows 0; projection kept above it),LEFT SortPreservingMergeExec (input rows 100000 (exact) vs min_rows 250000) | LEFT SortExec (per-partition sort (preserve_partitioning) with no replaced merge above it),0,1,0.02,0.03,0.05,1.05,0.00,16,100000,2.03,2.03,100,25,74,2.24
before,100000,part1,sort,top_i64,top 100 by an int64 key (control),"SELECT q, k1, x FROM extra ORDER BY q LIMIT 100",0.35,1.06,0.333,1.5,1.1,5,5,yes,0.000e0,1,TAKEN SortPreservingMergeExec (input rows 100000 (exact) vs min_rows 0; projection kept above it),LEFT SortPreservingMergeExec (top-k (sort with fetch 100) disabled in config) | LEFT SortExec (top-k (sort with fetch 100) disabled in config),0,1,0.02,0.03,0.05,0.79,0.00,16,100,2.03,2.03,100,263,82,1.05
before,100000,part1,sort,top_f64,"top 100 by Float64, descending (control)","SELECT q, k1, x FROM extra ORDER BY x DESC LIMIT 100",0.35,2.20,0.160,1.7,2.2,5,5,yes,0.000e0,1,TAKEN SortPreservingMergeExec (input rows 100000 (exact) vs min_rows 0; projection kept above it),LEFT SortPreservingMergeExec (top-k (sort with fetch 100) disabled in config) | LEFT SortExec (top-k (sort with fetch 100) disabled in config),0,1,0.02,0.03,0.06,1.93,0.00,16,100,2.03,2.03,100,255,39,2.63
before,250000,b8192,sort,srt_i64,sort 3 columns by an int64 key,"SELECT q, k1, x FROM extra ORDER BY q",8.16,1.18,6.896,15.5,1.0,5,5,yes,0.000e0,1,TAKEN SortPreservingMergeExec (input rows 250000 (exact) vs min_rows 0; projection kept above it),TAKEN SortPreservingMergeExec (input rows 250000 (exact) vs min_rows 250000; projection kept above it),0,1,0.03,0.07,0.10,0.84,0.00,31,250000,2.11,2.18,100,14,75,33.29
before,250000,b8192,sort,srt_f64,sort 3 columns by a Float64 key,"SELECT q, k1, x FROM extra ORDER BY x",8.53,1.94,4.400,16.6,1.6,5,5,yes,0.000e0,1,TAKEN SortPreservingMergeExec (input rows 250000 (exact) vs min_rows 0; projection kept above it),TAKEN SortPreservingMergeExec (input rows 250000 (exact) vs min_rows 250000; projection kept above it),0,1,0.04,0.07,0.10,1.58,0.00,31,250000,2.11,2.18,100,13,52,4.02
before,250000,b8192,sort,srt_str,sort 3 columns by a String key (1000 values),"SELECT name, q, k1 FROM extra ORDER BY name",10.88,1.57,6.920,26.3,1.5,5,5,yes,0.000e0,1,TAKEN SortPreservingMergeExec (input rows 250000 (exact) vs min_rows 0; projection kept above it),TAKEN SortPreservingMergeExec (input rows 250000 (exact) vs min_rows 250000; projection kept above it),0,1,0.03,0.07,0.12,1.20,0.00,31,250000,2.11,2.18,100,10,59,3.57
before,250000,b8192,sort,top_i64,top 100 by an int64 key (control),"SELECT q, k1, x FROM extra ORDER BY q LIMIT 100",0.36,1.18,0.308,1.9,1.3,5,5,yes,0.000e0,1,TAKEN SortPreservingMergeExec (input rows 250000 (exact) vs min_rows 0; projection kept above it),LEFT SortPreservingMergeExec (top-k (sort with fetch 100) disabled in config) | LEFT SortExec (top-k (sort with fetch 100) disabled in config),0,1,0.03,0.07,0.11,0.82,0.00,31,100,2.11,2.18,100,225,72,2.42
before,250000,b8192,sort,top_f64,"top 100 by Float64, descending (control)","SELECT q, k1, x FROM extra ORDER BY x DESC LIMIT 100",0.39,3.14,0.126,2.1,2.5,5,5,yes,0.000e0,1,TAKEN SortPreservingMergeExec (input rows 250000 (exact) vs min_rows 0; projection kept above it),LEFT SortPreservingMergeExec (top-k (sort with fetch 100) disabled in config) | LEFT SortExec (top-k (sort with fetch 100) disabled in config),0,1,0.04,0.07,0.11,2.73,0.00,31,100,2.11,2.18,100,220,32,5.23
before,250000,part1,sort,srt_i64,sort 3 columns by an int64 key,"SELECT q, k1, x FROM extra ORDER BY q",7.98,1.19,6.697,16.3,1.1,5,5,yes,0.000e0,1,TAKEN SortPreservingMergeExec (input rows 250000 (exact) vs min_rows 0; projection kept above it),TAKEN SortPreservingMergeExec (input rows 250000 (exact) vs min_rows 250000; projection kept above it),0,1,0.03,0.08,0.11,0.82,0.00,32,250000,2.18,2.18,100,14,77,3.46
before,250000,part1,sort,srt_f64,sort 3 columns by a Float64 key,"SELECT q, k1, x FROM extra ORDER BY x",8.78,1.88,4.660,16.7,1.6,5,5,yes,0.000e0,1,TAKEN SortPreservingMergeExec (input rows 250000 (exact) vs min_rows 0; projection kept above it),TAKEN SortPreservingMergeExec (input rows 250000 (exact) vs min_rows 250000; projection kept above it),0,1,0.03,0.07,0.11,1.51,0.00,32,250000,2.18,2.18,100,13,51,3.55
before,250000,part1,sort,srt_str,sort 3 columns by a String key (1000 values),"SELECT name, q, k1 FROM extra ORDER BY name",10.10,1.67,6.046,23.8,1.5,5,5,yes,0.000e0,1,TAKEN SortPreservingMergeExec (input rows 250000 (exact) vs min_rows 0; projection kept above it),TAKEN SortPreservingMergeExec (input rows 250000 (exact) vs min_rows 250000; projection kept above it),0,1,0.04,0.07,0.10,1.29,0.00,32,250000,2.18,2.18,100,11,54,2.24
before,250000,part1,sort,top_i64,top 100 by an int64 key (control),"SELECT q, k1, x FROM extra ORDER BY q LIMIT 100",0.37,1.30,0.281,1.9,1.3,5,5,yes,0.000e0,1,TAKEN SortPreservingMergeExec (input rows 250000 (exact) vs min_rows 0; projection kept above it),LEFT SortPreservingMergeExec (top-k (sort with fetch 100) disabled in config) | LEFT SortExec (top-k (sort with fetch 100) disabled in config),0,1,0.04,0.07,0.11,0.94,0.00,32,100,2.18,2.18,100,257,74,1.33
before,250000,part1,sort,top_f64,"top 100 by Float64, descending (control)","SELECT q, k1, x FROM extra ORDER BY x DESC LIMIT 100",0.35,2.87,0.122,1.9,2.5,5,5,yes,0.000e0,1,TAKEN SortPreservingMergeExec (input rows 250000 (exact) vs min_rows 0; projection kept above it),LEFT SortPreservingMergeExec (top-k (sort with fetch 100) disabled in config) | LEFT SortExec (top-k (sort with fetch 100) disabled in config),0,1,0.04,0.07,0.10,2.49,0.00,32,100,2.18,2.18,100,263,32,4.23
before,500000,b8192,sort,srt_i64,sort 3 columns by an int64 key,"SELECT q, k1, x FROM extra ORDER BY q",16.05,1.68,9.540,34.3,1.7,5,5,yes,0.000e0,1,TAKEN SortPreservingMergeExec (input rows 500000 (exact) vs min_rows 0; projection kept above it),TAKEN SortPreservingMergeExec (input rows 500000 (exact) vs min_rows 250000; projection kept above it),0,1,0.07,0.14,0.19,1.13,0.00,62,500000,2.08,2.08,100,8,54,31.56
before,500000,b8192,sort,srt_f64,sort 3 columns by a Float64 key,"SELECT q, k1, x FROM extra ORDER BY x",17.19,2.06,8.353,36.7,2.1,5,5,yes,0.000e0,1,TAKEN SortPreservingMergeExec (input rows 500000 (exact) vs min_rows 0; projection kept above it),TAKEN SortPreservingMergeExec (input rows 500000 (exact) vs min_rows 250000; projection kept above it),0,1,0.07,0.15,0.19,1.48,0.00,62,500000,2.08,2.08,100,7,42,6.92
before,500000,b8192,sort,srt_str,sort 3 columns by a String key (1000 values),"SELECT name, q, k1 FROM extra ORDER BY name",20.43,2.35,8.679,50.1,2.3,5,5,yes,0.000e0,1,TAKEN SortPreservingMergeExec (input rows 500000 (exact) vs min_rows 0; projection kept above it),TAKEN SortPreservingMergeExec (input rows 500000 (exact) vs min_rows 250000; projection kept above it),0,1,0.07,0.16,0.17,1.74,0.01,62,500000,2.08,2.08,100,6,44,5.16
before,500000,b8192,sort,top_i64,top 100 by an int64 key (control),"SELECT q, k1, x FROM extra ORDER BY q LIMIT 100",0.39,1.38,0.282,2.3,1.5,5,5,yes,0.000e0,1,TAKEN SortPreservingMergeExec (input rows 500000 (exact) vs min_rows 0; projection kept above it),LEFT SortPreservingMergeExec (top-k (sort with fetch 100) disabled in config) | LEFT SortExec (top-k (sort with fetch 100) disabled in config),0,1,0.04,0.13,0.18,0.88,0.00,62,100,2.08,2.08,100,225,63,3.05
before,500000,b8192,sort,top_f64,"top 100 by Float64, descending (control)","SELECT q, k1, x FROM extra ORDER BY x DESC LIMIT 100",0.45,3.18,0.143,2.7,2.9,5,5,yes,0.000e0,1,TAKEN SortPreservingMergeExec (input rows 500000 (exact) vs min_rows 0; projection kept above it),LEFT SortPreservingMergeExec (top-k (sort with fetch 100) disabled in config) | LEFT SortExec (top-k (sort with fetch 100) disabled in config),0,1,0.05,0.15,0.19,2.61,0.00,62,100,2.08,2.08,100,218,32,5.46
before,500000,part1,sort,srt_i64,sort 3 columns by an int64 key,"SELECT q, k1, x FROM extra ORDER BY q",15.99,1.50,10.670,34.2,1.6,5,5,yes,0.000e0,1,TAKEN SortPreservingMergeExec (input rows 500000 (exact) vs min_rows 0; projection kept above it),TAKEN SortPreservingMergeExec (input rows 500000 (exact) vs min_rows 250000; projection kept above it),0,1,0.06,0.13,0.17,0.99,0.00,64,500000,1.99,1.99,100,8,53,3.44
before,500000,part1,sort,srt_f64,sort 3 columns by a Float64 key,"SELECT q, k1, x FROM extra ORDER BY x",17.21,2.18,7.890,37.0,2.2,5,5,yes,0.000e0,1,TAKEN SortPreservingMergeExec (input rows 500000 (exact) vs min_rows 0; projection kept above it),TAKEN SortPreservingMergeExec (input rows 500000 (exact) vs min_rows 250000; projection kept above it),0,1,0.08,0.15,0.19,1.58,0.00,64,500000,1.99,1.99,100,7,39,5.54
before,500000,part1,sort,srt_str,sort 3 columns by a String key (1000 values),"SELECT name, q, k1 FROM extra ORDER BY name",20.02,2.19,9.123,50.3,2.3,5,5,yes,0.000e0,1,TAKEN SortPreservingMergeExec (input rows 500000 (exact) vs min_rows 0; projection kept above it),TAKEN SortPreservingMergeExec (input rows 500000 (exact) vs min_rows 250000; projection kept above it),0,1,0.07,0.14,0.17,1.63,0.00,64,500000,1.99,1.99,100,6,44,4.22
before,500000,part1,sort,top_i64,top 100 by an int64 key (control),"SELECT q, k1, x FROM extra ORDER BY q LIMIT 100",0.40,1.36,0.297,2.3,1.6,5,5,yes,0.000e0,1,TAKEN SortPreservingMergeExec (input rows 500000 (exact) vs min_rows 0; projection kept above it),LEFT SortPreservingMergeExec (top-k (sort with fetch 100) disabled in config) | LEFT SortExec (top-k (sort with fetch 100) disabled in config),0,1,0.06,0.13,0.16,0.82,0.00,64,100,1.99,1.99,100,237,62,1.72
before,500000,part1,sort,top_f64,"top 100 by Float64, descending (control)","SELECT q, k1, x FROM extra ORDER BY x DESC LIMIT 100",0.41,3.06,0.135,2.7,3.0,5,5,yes,0.000e0,1,TAKEN SortPreservingMergeExec (input rows 500000 (exact) vs min_rows 0; projection kept above it),LEFT SortPreservingMergeExec (top-k (sort with fetch 100) disabled in config) | LEFT SortExec (top-k (sort with fetch 100) disabled in config),0,1,0.07,0.14,0.18,2.48,0.00,64,100,1.99,1.99,100,226,32,6.69
before,1000000,b8192,sort,srt_i64,sort 3 columns by an int64 key,"SELECT q, k1, x FROM extra ORDER BY q",31.22,2.22,14.073,73.9,2.4,5,5,yes,0.000e0,1,TAKEN SortPreservingMergeExec (input rows 1000000 (exact) vs min_rows 0; projection kept above it),TAKEN SortPreservingMergeExec (input rows 1000000 (exact) vs min_rows 250000; projection kept above it),0,1,0.13,0.31,0.32,1.26,0.00,123,1000000,1.92,1.85,100,5,40,34.42
before,1000000,b8192,sort,srt_f64,sort 3 columns by a Float64 key,"SELECT q, k1, x FROM extra ORDER BY x",33.24,3.06,10.854,78.1,2.8,5,5,yes,0.000e0,1,TAKEN SortPreservingMergeExec (input rows 1000000 (exact) vs min_rows 0; projection kept above it),TAKEN SortPreservingMergeExec (input rows 1000000 (exact) vs min_rows 250000; projection kept above it),0,1,0.13,0.31,0.32,2.08,0.00,123,1000000,1.92,1.85,100,4,30,9.31
before,1000000,b8192,sort,srt_str,sort 3 columns by a String key (1000 values),"SELECT name, q, k1 FROM extra ORDER BY name",39.38,2.76,14.294,107.5,3.0,5,5,yes,0.000e0,1,TAKEN SortPreservingMergeExec (input rows 1000000 (exact) vs min_rows 0; projection kept above it),TAKEN SortPreservingMergeExec (input rows 1000000 (exact) vs min_rows 250000; projection kept above it),0,1,0.13,0.34,0.32,1.73,0.00,123,1000000,1.92,1.85,100,4,30,8.18
before,1000000,b8192,sort,top_i64,top 100 by an int64 key (control),"SELECT q, k1, x FROM extra ORDER BY q LIMIT 100",0.49,3.18,0.153,3.4,3.9,5,5,yes,0.000e0,1,TAKEN SortPreservingMergeExec (input rows 1000000 (exact) vs min_rows 0; projection kept above it),LEFT SortPreservingMergeExec (top-k (sort with fetch 100) disabled in config) | LEFT SortExec (top-k (sort with fetch 100) disabled in config),0,1,0.11,0.34,0.32,2.22,0.00,123,100,1.92,1.85,100,197,25,4.32
before,1000000,b8192,sort,top_f64,"top 100 by Float64, descending (control)","SELECT q, k1, x FROM extra ORDER BY x DESC LIMIT 100",0.53,3.76,0.141,4.1,3.6,5,5,yes,0.000e0,1,TAKEN SortPreservingMergeExec (input rows 1000000 (exact) vs min_rows 0; projection kept above it),LEFT SortPreservingMergeExec (top-k (sort with fetch 100) disabled in config) | LEFT SortExec (top-k (sort with fetch 100) disabled in config),0,1,0.13,0.32,0.31,2.80,0.00,123,100,1.92,1.85,100,181,24,9.76
before,1000000,part1,sort,srt_i64,sort 3 columns by an int64 key,"SELECT q, k1, x FROM extra ORDER BY q",31.54,2.38,13.266,75.1,2.5,5,5,yes,0.000e0,1,TAKEN SortPreservingMergeExec (input rows 1000000 (exact) vs min_rows 0; projection kept above it),TAKEN SortPreservingMergeExec (input rows 1000000 (exact) vs min_rows 250000; projection kept above it),0,1,0.13,0.27,0.32,1.47,0.00,128,1000000,1.85,1.85,100,5,37,4.61
before,1000000,part1,sort,srt_f64,sort 3 columns by a Float64 key,"SELECT q, k1, x FROM extra ORDER BY x",32.98,3.00,11.002,79.2,2.8,5,5,yes,0.000e0,1,TAKEN SortPreservingMergeExec (input rows 1000000 (exact) vs min_rows 0; projection kept above it),TAKEN SortPreservingMergeExec (input rows 1000000 (exact) vs min_rows 250000; projection kept above it),0,1,0.14,0.27,0.31,2.08,0.00,128,1000000,1.85,1.85,100,4,29,7.54
before,1000000,part1,sort,srt_str,sort 3 columns by a String key (1000 values),"SELECT name, q, k1 FROM extra ORDER BY name",40.49,3.09,13.109,109.8,3.1,5,5,yes,0.000e0,1,TAKEN SortPreservingMergeExec (input rows 1000000 (exact) vs min_rows 0; projection kept above it),TAKEN SortPreservingMergeExec (input rows 1000000 (exact) vs min_rows 250000; projection kept above it),0,1,0.15,0.29,0.30,2.15,0.00,128,1000000,1.85,1.85,100,4,32,5.95
before,1000000,part1,sort,top_i64,top 100 by an int64 key (control),"SELECT q, k1, x FROM extra ORDER BY q LIMIT 100",0.48,2.78,0.171,3.5,3.6,5,5,yes,0.000e0,1,TAKEN SortPreservingMergeExec (input rows 1000000 (exact) vs min_rows 0; projection kept above it),LEFT SortPreservingMergeExec (top-k (sort with fetch 100) disabled in config) | LEFT SortExec (top-k (sort with fetch 100) disabled in config),0,1,0.16,0.29,0.29,1.87,0.00,128,100,1.85,1.85,100,198,26,3.50
before,1000000,part1,sort,top_f64,"top 100 by Float64, descending (control)","SELECT q, k1, x FROM extra ORDER BY x DESC LIMIT 100",0.53,3.76,0.142,4.0,3.7,5,5,yes,0.000e0,1,TAKEN SortPreservingMergeExec (input rows 1000000 (exact) vs min_rows 0; projection kept above it),LEFT SortPreservingMergeExec (top-k (sort with fetch 100) disabled in config) | LEFT SortExec (top-k (sort with fetch 100) disabled in config),0,1,0.13,0.28,0.33,2.84,0.00,128,100,1.85,1.85,100,184,22,8.81
before,2000000,b8192,sort,srt_i64,sort 3 columns by an int64 key,"SELECT q, k1, x FROM extra ORDER BY q",62.11,3.98,15.590,158.7,3.9,5,5,yes,0.000e0,1,TAKEN SortPreservingMergeExec (input rows 2000000 (exact) vs min_rows 0; projection kept above it),TAKEN SortPreservingMergeExec (input rows 2000000 (exact) vs min_rows 250000; projection kept above it),0,1,0.27,0.68,0.59,2.18,0.00,245,2000000,1.67,1.67,100,3,23,38.86
before,2000000,b8192,sort,srt_f64,sort 3 columns by a Float64 key,"SELECT q, k1, x FROM extra ORDER BY x",65.96,5.29,12.465,168.7,4.3,5,5,yes,0.000e0,1,TAKEN SortPreservingMergeExec (input rows 2000000 (exact) vs min_rows 0; projection kept above it),TAKEN SortPreservingMergeExec (input rows 2000000 (exact) vs min_rows 250000; projection kept above it),0,1,0.27,0.69,0.61,3.44,0.00,245,2000000,1.67,1.67,100,3,16,14.07
before,2000000,b8192,sort,srt_str,sort 3 columns by a String key (1000 values),"SELECT name, q, k1 FROM extra ORDER BY name",79.86,4.75,16.824,230.2,4.6,5,5,yes,0.000e0,1,TAKEN SortPreservingMergeExec (input rows 2000000 (exact) vs min_rows 0; projection kept above it),TAKEN SortPreservingMergeExec (input rows 2000000 (exact) vs min_rows 250000; projection kept above it),0,1,0.28,0.75,0.57,2.85,0.00,245,2000000,1.67,1.67,100,3,20,10.59
before,2000000,b8192,sort,top_i64,top 100 by an int64 key (control),"SELECT q, k1, x FROM extra ORDER BY q LIMIT 100",0.63,5.33,0.119,4.9,5.4,5,5,yes,0.000e0,1,TAKEN SortPreservingMergeExec (input rows 2000000 (exact) vs min_rows 0; projection kept above it),LEFT SortPreservingMergeExec (top-k (sort with fetch 100) disabled in config) | LEFT SortExec (top-k (sort with fetch 100) disabled in config),0,1,0.22,0.67,0.65,3.55,0.01,245,100,1.67,1.67,100,148,21,4.97
before,2000000,b8192,sort,top_f64,"top 100 by Float64, descending (control)","SELECT q, k1, x FROM extra ORDER BY x DESC LIMIT 100",0.71,6.43,0.110,6.3,5.3,5,5,yes,0.000e0,1,TAKEN SortPreservingMergeExec (input rows 2000000 (exact) vs min_rows 0; projection kept above it),LEFT SortPreservingMergeExec (top-k (sort with fetch 100) disabled in config) | LEFT SortExec (top-k (sort with fetch 100) disabled in config),0,1,0.26,0.72,0.61,4.62,0.00,245,100,1.67,1.67,100,130,15,15.85
before,2000000,part1,sort,srt_i64,sort 3 columns by an int64 key,"SELECT q, k1, x FROM extra ORDER BY q",62.36,3.76,16.573,162.7,3.5,5,5,yes,0.000e0,1,TAKEN SortPreservingMergeExec (input rows 2000000 (exact) vs min_rows 0; projection kept above it),TAKEN SortPreservingMergeExec (input rows 2000000 (exact) vs min_rows 250000; projection kept above it),0,1,0.27,0.53,0.61,2.11,0.00,256,2000000,1.67,1.53,100,3,24,7.66
before,2000000,part1,sort,srt_f64,sort 3 columns by a Float64 key,"SELECT q, k1, x FROM extra ORDER BY x",65.86,5.45,12.084,174.8,4.3,5,5,yes,0.000e0,1,TAKEN SortPreservingMergeExec (input rows 2000000 (exact) vs min_rows 0; projection kept above it),TAKEN SortPreservingMergeExec (input rows 2000000 (exact) vs min_rows 250000; projection kept above it),0,1,0.30,0.54,0.63,3.70,0.01,256,2000000,1.67,1.53,100,3,17,12.36
before,2000000,part1,sort,srt_str,sort 3 columns by a String key (1000 values),"SELECT name, q, k1 FROM extra ORDER BY name",80.49,4.44,18.138,239.9,4.4,5,5,yes,0.000e0,1,TAKEN SortPreservingMergeExec (input rows 2000000 (exact) vs min_rows 0; projection kept above it),TAKEN SortPreservingMergeExec (input rows 2000000 (exact) vs min_rows 250000; projection kept above it),0,1,0.30,0.59,0.58,2.67,0.00,256,2000000,1.67,1.53,100,3,20,9.36
before,2000000,part1,sort,top_i64,top 100 by an int64 key (control),"SELECT q, k1, x FROM extra ORDER BY q LIMIT 100",0.64,3.75,0.171,5.1,4.9,5,5,yes,0.000e0,1,TAKEN SortPreservingMergeExec (input rows 2000000 (exact) vs min_rows 0; projection kept above it),LEFT SortPreservingMergeExec (top-k (sort with fetch 100) disabled in config) | LEFT SortExec (top-k (sort with fetch 100) disabled in config),0,1,0.30,0.55,0.60,2.09,0.00,256,100,1.67,1.53,100,150,22,4.03
before,2000000,part1,sort,top_f64,"top 100 by Float64, descending (control)","SELECT q, k1, x FROM extra ORDER BY x DESC LIMIT 100",0.70,6.36,0.110,6.1,5.2,5,5,yes,0.000e0,1,TAKEN SortPreservingMergeExec (input rows 2000000 (exact) vs min_rows 0; projection kept above it),LEFT SortPreservingMergeExec (top-k (sort with fetch 100) disabled in config) | LEFT SortExec (top-k (sort with fetch 100) disabled in config),0,1,0.29,0.55,0.59,4.75,0.00,256,100,1.67,1.53,100,136,16,12.59
now,10000000,b8192,sort,srt_i64,sort 3 columns by an int64 key,"SELECT q, k1, x FROM extra ORDER BY q",312.87,13.31,23.501,974.3,25.1,5,5,yes,0.000e0,1,TAKEN SortPreservingMergeExec (input rows 10000000 (exact) vs min_rows 0; projection kept above it),TAKEN SortPreservingMergeExec (input rows 10000000 (exact) vs min_rows 250000; projection kept above it),0,1,1.38,0.00,2.08,8.98,0.01,1221,10000000,1.49,1.54,100,2,6,68.53
now,10000000,b8192,sort,srt_f64,sort 3 columns by a Float64 key,"SELECT q, k1, x FROM extra ORDER BY x",331.75,16.88,19.648,1032.6,23.5,5,5,yes,0.000e0,1,TAKEN SortPreservingMergeExec (input rows 10000000 (exact) vs min_rows 0; projection kept above it),TAKEN SortPreservingMergeExec (input rows 10000000 (exact) vs min_rows 250000; projection kept above it),0,1,1.22,0.00,2.18,12.63,0.01,1221,10000000,1.49,1.54,100,2,6,24.06
now,10000000,b8192,sort,srt_str,sort 3 columns by a String key (1000 values),"SELECT name, q, k1 FROM extra ORDER BY name",375.98,16.86,22.305,1340.7,23.6,5,5,yes,0.000e0,1,TAKEN SortPreservingMergeExec (input rows 10000000 (exact) vs min_rows 0; projection kept above it),TAKEN SortPreservingMergeExec (input rows 10000000 (exact) vs min_rows 250000; projection kept above it),0,1,1.30,0.00,2.41,12.15,0.02,1221,10000000,1.49,1.54,100,2,6,27.51
now,10000000,b8192,sort,top_i64,top 100 by an int64 key (control),"SELECT q, k1, x FROM extra ORDER BY q LIMIT 100",1.59,7.44,0.214,17.2,23.0,5,5,yes,0.000e0,1,TAKEN SortPreservingMergeExec (input rows 10000000 (exact) vs min_rows 0; projection kept above it),LEFT SortPreservingMergeExec (top-k (sort with fetch 100) disabled in config) | LEFT SortExec (top-k (sort with fetch 100) disabled in config),0,1,1.30,0.00,2.03,3.68,0.00,1221,100,1.49,1.54,100,61,13,9.28
now,10000000,b8192,sort,top_f64,"top 100 by Float64, descending (control)","SELECT q, k1, x FROM extra ORDER BY x DESC LIMIT 100",1.87,6.07,0.308,20.2,22.8,5,5,yes,0.000e0,1,TAKEN SortPreservingMergeExec (input rows 10000000 (exact) vs min_rows 0; projection kept above it),LEFT SortPreservingMergeExec (top-k (sort with fetch 100) disabled in config) | LEFT SortExec (top-k (sort with fetch 100) disabled in config),0,1,1.24,0.00,2.03,2.43,0.00,1221,100,1.49,1.54,100,51,16,7.61
now,10000000,b8192,sort,srt_f32,sort 3 columns by a Float32 key,"SELECT q, k1, y FROM extra ORDER BY y",329.33,11.63,28.312,1015.3,20.4,5,5,yes,0.000e0,1,TAKEN SortPreservingMergeExec (input rows 10000000 (exact) vs min_rows 0; projection kept above it),TAKEN SortPreservingMergeExec (input rows 10000000 (exact) vs min_rows 250000; projection kept above it),0,1,1.20,0.00,1.98,7.63,0.01,1221,10000000,1.49,1.54,100,2,9,21.17
now,10000000,b8192,sort,top_f32,"top 100 by Float32, descending","SELECT q, k1, y FROM extra ORDER BY y DESC LIMIT 100",1.93,5.28,0.365,21.5,19.5,5,5,yes,0.000e0,1,TAKEN SortPreservingMergeExec (input rows 10000000 (exact) vs min_rows 0; projection kept above it),LEFT SortPreservingMergeExec (top-k (sort with fetch 100) disabled in config) | LEFT SortExec (top-k (sort with fetch 100) disabled in config),0,1,1.27,0.00,1.75,1.90,0.00,1221,100,1.49,1.54,100,51,17,8.33
now,10000000,part1,sort,srt_i64,sort 3 columns by an int64 key,"SELECT q, k1, x FROM extra ORDER BY q",310.78,13.29,23.391,1001.8,24.1,5,5,yes,0.000e0,1,TAKEN SortPreservingMergeExec (input rows 10000000 (exact) vs min_rows 0; projection kept above it),TAKEN SortPreservingMergeExec (input rows 10000000 (exact) vs min_rows 250000; projection kept above it),0,1,1.31,0.00,2.20,9.06,0.01,1232,10000000,1.54,2.20,100,2,8,22.25
now,10000000,part1,sort,srt_f64,sort 3 columns by a Float64 key,"SELECT q, k1, x FROM extra ORDER BY x",329.97,16.59,19.887,1082.8,23.6,5,5,yes,0.000e0,1,TAKEN SortPreservingMergeExec (input rows 10000000 (exact) vs min_rows 0; projection kept above it),TAKEN SortPreservingMergeExec (input rows 10000000 (exact) vs min_rows 250000; projection kept above it),0,1,1.25,0.00,2.18,12.49,0.01,1232,10000000,1.54,2.20,100,2,7,25.11
now,10000000,part1,sort,srt_str,sort 3 columns by a String key (1000 values),"SELECT name, q, k1 FROM extra ORDER BY name",368.51,16.54,22.274,1321.0,22.7,5,5,yes,0.000e0,1,TAKEN SortPreservingMergeExec (input rows 10000000 (exact) vs min_rows 0; projection kept above it),TAKEN SortPreservingMergeExec (input rows 10000000 (exact) vs min_rows 250000; projection kept above it),0,1,1.33,0.00,2.34,11.98,0.02,1232,10000000,1.54,2.20,100,2,7,27.68
now,10000000,part1,sort,top_i64,top 100 by an int64 key (control),"SELECT q, k1, x FROM extra ORDER BY q LIMIT 100",1.47,7.77,0.189,16.4,25.5,5,5,yes,0.000e0,1,TAKEN SortPreservingMergeExec (input rows 10000000 (exact) vs min_rows 0; projection kept above it),LEFT SortPreservingMergeExec (top-k (sort with fetch 100) disabled in config) | LEFT SortExec (top-k (sort with fetch 100) disabled in config),0,1,1.33,0.00,2.12,4.01,0.00,1232,100,1.54,2.20,100,66,14,7.72
now,10000000,part1,sort,top_f64,"top 100 by Float64, descending (control)","SELECT q, k1, x FROM extra ORDER BY x DESC LIMIT 100",1.85,6.06,0.305,21.5,22.3,5,5,yes,0.000e0,1,TAKEN SortPreservingMergeExec (input rows 10000000 (exact) vs min_rows 0; projection kept above it),LEFT SortPreservingMergeExec (top-k (sort with fetch 100) disabled in config) | LEFT SortExec (top-k (sort with fetch 100) disabled in config),0,1,1.29,0.00,2.01,2.46,0.00,1232,100,1.54,2.20,100,54,16,6.42
now,10000000,part1,sort,srt_f32,sort 3 columns by a Float32 key,"SELECT q, k1, y FROM extra ORDER BY y",327.59,11.37,28.814,1046.2,20.5,5,5,yes,0.000e0,1,TAKEN SortPreservingMergeExec (input rows 10000000 (exact) vs min_rows 0; projection kept above it),TAKEN SortPreservingMergeExec (input rows 10000000 (exact) vs min_rows 250000; projection kept above it),0,1,1.26,0.00,1.79,7.61,0.01,1232,10000000,1.54,2.20,100,2,9,18.88
now,10000000,part1,sort,top_f32,"top 100 by Float32, descending","SELECT q, k1, y FROM extra ORDER BY y DESC LIMIT 100",1.87,5.63,0.333,20.9,19.2,5,5,yes,0.000e0,1,TAKEN SortPreservingMergeExec (input rows 10000000 (exact) vs min_rows 0; projection kept above it),LEFT SortPreservingMergeExec (top-k (sort with fetch 100) disabled in config) | LEFT SortExec (top-k (sort with fetch 100) disabled in config),0,1,1.35,0.00,1.77,2.25,0.00,1232,100,1.54,2.20,100,55,18,5.41
now,50000000,b8192,sort,srt_i64,sort 3 columns by an int64 key,"SELECT q, k1, x FROM extra ORDER BY q",1581.22,69.74,22.672,6104.1,125.8,5,5,yes,0.000e0,1,TAKEN SortPreservingMergeExec (input rows 50000000 (exact) vs min_rows 0; projection kept above it),TAKEN SortPreservingMergeExec (input rows 50000000 (exact) vs min_rows 250000; projection kept above it),0,1,7.31,0.00,10.21,48.21,0.02,6104,50000000,1.87,3.39,100,2,2,176.36
now,50000000,b8192,sort,srt_f64,sort 3 columns by a Float64 key,"SELECT q, k1, x FROM extra ORDER BY x",1672.57,87.90,19.028,6406.7,119.5,5,5,yes,0.000e0,1,TAKEN SortPreservingMergeExec (input rows 50000000 (exact) vs min_rows 0; projection kept above it),TAKEN SortPreservingMergeExec (input rows 50000000 (exact) vs min_rows 250000; projection kept above it),0,1,7.32,0.00,10.60,66.24,0.01,6104,50000000,1.87,3.39,100,2,2,127.94
now,50000000,b8192,sort,srt_str,sort 3 columns by a String key (1000 values),"SELECT name, q, k1 FROM extra ORDER BY name",1861.23,87.62,21.242,8310.5,119.5,5,5,yes,0.000e0,1,TAKEN SortPreservingMergeExec (input rows 50000000 (exact) vs min_rows 0; projection kept above it),TAKEN SortPreservingMergeExec (input rows 50000000 (exact) vs min_rows 250000; projection kept above it),0,1,7.54,0.00,10.73,65.46,0.01,6104,50000000,1.87,3.39,100,2,2,129.86
now,50000000,b8192,sort,top_i64,top 100 by an int64 key (control),"SELECT q, k1, x FROM extra ORDER BY q LIMIT 100",4.81,30.46,0.158,56.8,122.6,5,5,yes,0.000e0,1,TAKEN SortPreservingMergeExec (input rows 50000000 (exact) vs min_rows 0; projection kept above it),LEFT SortPreservingMergeExec (top-k (sort with fetch 100) disabled in config) | LEFT SortExec (top-k (sort with fetch 100) disabled in config),0,1,7.28,0.00,10.57,11.15,0.01,6104,100,1.87,3.39,100,21,5,30.64
now,50000000,b8192,sort,top_f64,"top 100 by Float64, descending (control)","SELECT q, k1, x FROM extra ORDER BY x DESC LIMIT 100",6.21,26.70,0.232,72.9,121.8,5,5,yes,0.000e0,1,TAKEN SortPreservingMergeExec (input rows 50000000 (exact) vs min_rows 0; projection kept above it),LEFT SortPreservingMergeExec (top-k (sort with fetch 100) disabled in config) | LEFT SortExec (top-k (sort with fetch 100) disabled in config),0,1,7.72,0.00,9.83,7.57,0.01,6104,100,1.87,3.39,100,17,5,30.17
now,50000000,b8192,sort,srt_f32,sort 3 columns by a Float32 key,"SELECT q, k1, y FROM extra ORDER BY y",1625.59,61.14,26.588,6227.0,108.2,5,5,yes,0.000e0,1,TAKEN SortPreservingMergeExec (input rows 50000000 (exact) vs min_rows 0; projection kept above it),TAKEN SortPreservingMergeExec (input rows 50000000 (exact) vs min_rows 250000; projection kept above it),0,1,7.14,0.00,8.87,41.22,0.01,6104,50000000,1.87,3.39,100,2,2,107.53
now,50000000,b8192,sort,top_f32,"top 100 by Float32, descending","SELECT q, k1, y FROM extra ORDER BY y DESC LIMIT 100",6.00,22.04,0.272,72.9,112.0,5,5,yes,0.000e0,1,TAKEN SortPreservingMergeExec (input rows 50000000 (exact) vs min_rows 0; projection kept above it),LEFT SortPreservingMergeExec (top-k (sort with fetch 100) disabled in config) | LEFT SortExec (top-k (sort with fetch 100) disabled in config),0,1,7.88,0.00,8.99,3.81,0.01,6104,100,1.87,3.39,100,18,5,23.95
now,50000000,part1,sort,srt_i64,sort 3 columns by an int64 key,"SELECT q, k1, x FROM extra ORDER BY q",1557.50,68.20,22.838,6220.6,112.2,5,5,yes,0.000e0,1,TAKEN SortPreservingMergeExec (input rows 50000000 (exact) vs min_rows 0; projection kept above it),TAKEN SortPreservingMergeExec (input rows 50000000 (exact) vs min_rows 250000; projection kept above it),0,1,6.63,0.00,10.00,48.44,0.01,6112,50000000,3.19,3.14,100,2,2,116.46
now,50000000,part1,sort,srt_f64,sort 3 columns by a Float64 key,"SELECT q, k1, x FROM extra ORDER BY x",1653.15,86.59,19.092,6665.0,119.9,5,5,yes,0.000e0,1,TAKEN SortPreservingMergeExec (input rows 50000000 (exact) vs min_rows 0; projection kept above it),TAKEN SortPreservingMergeExec (input rows 50000000 (exact) vs min_rows 250000; projection kept above it),0,1,6.85,0.00,10.12,66.57,0.02,6112,50000000,3.19,3.14,100,2,2,128.13
now,50000000,part1,sort,srt_str,sort 3 columns by a String key (1000 values),"SELECT name, q, k1 FROM extra ORDER BY name",1852.99,86.58,21.403,8293.7,110.4,5,5,yes,0.000e0,1,TAKEN SortPreservingMergeExec (input rows 50000000 (exact) vs min_rows 0; projection kept above it),TAKEN SortPreservingMergeExec (input rows 50000000 (exact) vs min_rows 250000; projection kept above it),0,1,7.28,0.00,10.13,65.67,0.01,6112,50000000,3.19,3.14,100,2,2,133.20
now,50000000,part1,sort,top_i64,top 100 by an int64 key (control),"SELECT q, k1, x FROM extra ORDER BY q LIMIT 100",4.24,27.08,0.157,55.6,116.3,5,5,yes,0.000e0,1,TAKEN SortPreservingMergeExec (input rows 50000000 (exact) vs min_rows 0; projection kept above it),LEFT SortPreservingMergeExec (top-k (sort with fetch 100) disabled in config) | LEFT SortExec (top-k (sort with fetch 100) disabled in config),0,1,6.68,0.00,10.22,9.53,0.01,6112,100,3.19,3.14,100,24,5,27.64
now,50000000,part1,sort,top_f64,"top 100 by Float64, descending (control)","SELECT q, k1, x FROM extra ORDER BY x DESC LIMIT 100",5.40,24.02,0.225,72.7,116.6,5,5,yes,0.000e0,1,TAKEN SortPreservingMergeExec (input rows 50000000 (exact) vs min_rows 0; projection kept above it),LEFT SortPreservingMergeExec (top-k (sort with fetch 100) disabled in config) | LEFT SortExec (top-k (sort with fetch 100) disabled in config),0,1,6.74,0.00,10.13,6.55,0.01,6112,100,3.19,3.14,100,19,5,25.81
now,50000000,part1,sort,srt_f32,sort 3 columns by a Float32 key,"SELECT q, k1, y FROM extra ORDER BY y",1611.70,59.82,26.943,6421.7,96.2,5,5,yes,0.000e0,1,TAKEN SortPreservingMergeExec (input rows 50000000 (exact) vs min_rows 0; projection kept above it),TAKEN SortPreservingMergeExec (input rows 50000000 (exact) vs min_rows 250000; projection kept above it),0,1,6.92,0.00,8.67,41.18,0.01,6112,50000000,3.19,3.14,100,2,2,98.40
now,50000000,part1,sort,top_f32,"top 100 by Float32, descending","SELECT q, k1, y FROM extra ORDER BY y DESC LIMIT 100",5.61,19.53,0.287,71.7,92.8,5,5,yes,0.000e0,1,TAKEN SortPreservingMergeExec (input rows 50000000 (exact) vs min_rows 0; projection kept above it),LEFT SortPreservingMergeExec (top-k (sort with fetch 100) disabled in config) | LEFT SortExec (top-k (sort with fetch 100) disabled in config),0,1,6.57,0.00,8.64,3.70,0.01,6112,100,3.19,3.14,100,19,6,20.25
before,10000000,b8192,sort,srt_i64,sort 3 columns by an int64 key,"SELECT q, k1, x FROM extra ORDER BY q",310.36,19.58,15.852,984.9,15.0,5,5,yes,0.000e0,1,TAKEN SortPreservingMergeExec (input rows 10000000 (exact) vs min_rows 0; projection kept above it),TAKEN SortPreservingMergeExec (input rows 10000000 (exact) vs min_rows 250000; projection kept above it),0,1,1.26,4.13,2.96,10.30,0.01,1221,10000000,2.10,1.93,100,2,6,70.17
before,10000000,b8192,sort,srt_f64,sort 3 columns by a Float64 key,"SELECT q, k1, x FROM extra ORDER BY x",329.34,27.17,12.120,1048.8,15.5,5,5,yes,0.000e0,1,TAKEN SortPreservingMergeExec (input rows 10000000 (exact) vs min_rows 0; projection kept above it),TAKEN SortPreservingMergeExec (input rows 10000000 (exact) vs min_rows 250000; projection kept above it),0,1,1.30,4.01,2.97,17.77,0.01,1221,10000000,2.10,1.93,100,2,4,43.33
before,10000000,b8192,sort,srt_str,sort 3 columns by a String key (1000 values),"SELECT name, q, k1 FROM extra ORDER BY name",380.36,22.45,16.943,1324.8,16.0,5,5,yes,0.000e0,1,TAKEN SortPreservingMergeExec (input rows 10000000 (exact) vs min_rows 0; projection kept above it),TAKEN SortPreservingMergeExec (input rows 10000000 (exact) vs min_rows 250000; projection kept above it),0,1,1.28,4.10,2.90,13.10,0.01,1221,10000000,2.10,1.93,100,2,5,30.54
before,10000000,b8192,sort,top_i64,top 100 by an int64 key (control),"SELECT q, k1, x FROM extra ORDER BY q LIMIT 100",1.65,14.17,0.116,17.8,15.9,5,5,yes,0.000e0,1,TAKEN SortPreservingMergeExec (input rows 10000000 (exact) vs min_rows 0; projection kept above it),LEFT SortPreservingMergeExec (top-k (sort with fetch 100) disabled in config) | LEFT SortExec (top-k (sort with fetch 100) disabled in config),0,1,1.26,3.95,3.09,5.42,0.01,1221,100,2.10,1.93,100,59,7,15.75
before,10000000,b8192,sort,top_f64,"top 100 by Float64, descending (control)","SELECT q, k1, x FROM extra ORDER BY x DESC LIMIT 100",1.97,32.53,0.061,21.0,15.7,5,5,yes,0.000e0,1,TAKEN SortPreservingMergeExec (input rows 10000000 (exact) vs min_rows 0; projection kept above it),LEFT SortPreservingMergeExec (top-k (sort with fetch 100) disabled in config) | LEFT SortExec (top-k (sort with fetch 100) disabled in config),0,1,1.21,3.81,3.12,23.96,0.01,1221,100,2.10,1.93,100,50,4,41.06
before,10000000,part1,sort,srt_i64,sort 3 columns by an int64 key,"SELECT q, k1, x FROM extra ORDER BY q",309.65,18.01,17.197,1016.0,13.6,5,5,yes,0.000e0,1,TAKEN SortPreservingMergeExec (input rows 10000000 (exact) vs min_rows 0; projection kept above it),TAKEN SortPreservingMergeExec (input rows 10000000 (exact) vs min_rows 250000; projection kept above it),0,1,1.31,2.82,3.03,10.05,0.01,1232,10000000,2.02,1.94,100,2,6,28.36
before,10000000,part1,sort,srt_f64,sort 3 columns by a Float64 key,"SELECT q, k1, x FROM extra ORDER BY x",329.13,25.35,12.982,1078.1,13.6,5,5,yes,0.000e0,1,TAKEN SortPreservingMergeExec (input rows 10000000 (exact) vs min_rows 0; projection kept above it),TAKEN SortPreservingMergeExec (input rows 10000000 (exact) vs min_rows 250000; projection kept above it),0,1,1.28,2.79,2.99,17.56,0.02,1232,10000000,2.02,1.94,100,2,5,40.67
before,10000000,part1,sort,srt_str,sort 3 columns by a String key (1000 values),"SELECT name, q, k1 FROM extra ORDER BY name",367.95,21.43,17.172,1325.9,14.9,5,5,yes,0.000e0,1,TAKEN SortPreservingMergeExec (input rows 10000000 (exact) vs min_rows 0; projection kept above it),TAKEN SortPreservingMergeExec (input rows 10000000 (exact) vs min_rows 250000; projection kept above it),0,1,1.39,3.15,3.05,12.91,0.01,1232,10000000,2.02,1.94,100,2,5,29.94
before,10000000,part1,sort,top_i64,top 100 by an int64 key (control),"SELECT q, k1, x FROM extra ORDER BY q LIMIT 100",1.47,13.15,0.112,16.8,14.6,5,5,yes,0.000e0,1,TAKEN SortPreservingMergeExec (input rows 10000000 (exact) vs min_rows 0; projection kept above it),LEFT SortPreservingMergeExec (top-k (sort with fetch 100) disabled in config) | LEFT SortExec (top-k (sort with fetch 100) disabled in config),0,1,1.28,2.78,2.99,5.71,0.01,1232,100,2.02,1.94,100,64,8,12.56
before,10000000,part1,sort,top_f64,"top 100 by Float64, descending (control)","SELECT q, k1, x FROM extra ORDER BY x DESC LIMIT 100",1.89,30.99,0.061,21.0,13.9,5,5,yes,0.000e0,1,TAKEN SortPreservingMergeExec (input rows 10000000 (exact) vs min_rows 0; projection kept above it),LEFT SortPreservingMergeExec (top-k (sort with fetch 100) disabled in config) | LEFT SortExec (top-k (sort with fetch 100) disabled in config),0,1,1.28,2.79,2.84,23.77,0.01,1232,100,2.02,1.94,100,52,4,35.20
before,50000000,b8192,sort,srt_i64,sort 3 columns by an int64 key,"SELECT q, k1, x FROM extra ORDER BY q",1573.79,102.38,15.372,6049.5,72.0,5,5,yes,0.000e0,1,TAKEN SortPreservingMergeExec (input rows 50000000 (exact) vs min_rows 0; projection kept above it),TAKEN SortPreservingMergeExec (input rows 50000000 (exact) vs min_rows 250000; projection kept above it),0,1,6.98,21.38,15.88,54.23,0.02,6104,50000000,2.97,3.53,100,2,2,226.30
before,50000000,b8192,sort,srt_f64,sort 3 columns by a Float64 key,"SELECT q, k1, x FROM extra ORDER BY x",1648.33,154.65,10.659,6413.5,74.0,5,5,yes,0.000e0,1,TAKEN SortPreservingMergeExec (input rows 50000000 (exact) vs min_rows 0; projection kept above it),TAKEN SortPreservingMergeExec (input rows 50000000 (exact) vs min_rows 250000; projection kept above it),0,1,6.82,20.92,15.72,107.38,0.01,6104,50000000,2.97,3.53,100,2,2,193.79
before,50000000,b8192,sort,srt_str,sort 3 columns by a String key (1000 values),"SELECT name, q, k1 FROM extra ORDER BY name",1903.69,124.26,15.320,8260.5,78.1,5,5,yes,0.000e0,1,TAKEN SortPreservingMergeExec (input rows 50000000 (exact) vs min_rows 0; projection kept above it),TAKEN SortPreservingMergeExec (input rows 50000000 (exact) vs min_rows 250000; projection kept above it),0,1,7.24,24.10,15.64,73.09,0.02,6104,50000000,2.97,3.53,100,2,2,161.04
before,50000000,b8192,sort,top_i64,top 100 by an int64 key (control),"SELECT q, k1, x FROM extra ORDER BY q LIMIT 100",4.84,67.19,0.072,56.3,76.0,5,5,yes,0.000e0,1,TAKEN SortPreservingMergeExec (input rows 50000000 (exact) vs min_rows 0; projection kept above it),LEFT SortPreservingMergeExec (top-k (sort with fetch 100) disabled in config) | LEFT SortExec (top-k (sort with fetch 100) disabled in config),0,1,7.28,21.46,16.18,20.95,0.01,6104,100,2.97,3.53,100,22,3,90.00
before,50000000,b8192,sort,top_f64,"top 100 by Float64, descending (control)","SELECT q, k1, x FROM extra ORDER BY x DESC LIMIT 100",6.17,188.60,0.033,73.5,76.0,5,5,yes,0.000e0,1,TAKEN SortPreservingMergeExec (input rows 50000000 (exact) vs min_rows 0; projection kept above it),LEFT SortPreservingMergeExec (top-k (sort with fetch 100) disabled in config) | LEFT SortExec (top-k (sort with fetch 100) disabled in config),0,1,7.18,22.01,15.87,142.16,0.01,6104,100,2.97,3.53,100,17,2,219.23
before,50000000,part1,sort,srt_i64,sort 3 columns by an int64 key,"SELECT q, k1, x FROM extra ORDER BY q",1564.31,96.37,16.233,6193.9,63.5,5,5,yes,0.000e0,1,TAKEN SortPreservingMergeExec (input rows 50000000 (exact) vs min_rows 0; projection kept above it),TAKEN SortPreservingMergeExec (input rows 50000000 (exact) vs min_rows 250000; projection kept above it),0,1,6.72,14.25,16.19,56.07,0.02,6112,50000000,3.33,2.78,100,2,2,135.34
before,50000000,part1,sort,srt_f64,sort 3 columns by a Float64 key,"SELECT q, k1, x FROM extra ORDER BY x",1652.96,138.76,11.912,6675.8,62.7,5,5,yes,0.000e0,1,TAKEN SortPreservingMergeExec (input rows 50000000 (exact) vs min_rows 0; projection kept above it),TAKEN SortPreservingMergeExec (input rows 50000000 (exact) vs min_rows 250000; projection kept above it),0,1,6.85,14.11,15.55,99.12,0.01,6112,50000000,3.33,2.78,100,2,2,182.62
before,50000000,part1,sort,srt_str,sort 3 columns by a String key (1000 values),"SELECT name, q, k1 FROM extra ORDER BY name",1911.69,114.92,16.634,8364.3,66.2,5,5,yes,0.000e0,1,TAKEN SortPreservingMergeExec (input rows 50000000 (exact) vs min_rows 0; projection kept above it),TAKEN SortPreservingMergeExec (input rows 50000000 (exact) vs min_rows 250000; projection kept above it),0,1,6.95,16.80,15.79,71.79,0.02,6112,50000000,3.33,2.78,100,2,2,151.00
before,50000000,part1,sort,top_i64,top 100 by an int64 key (control),"SELECT q, k1, x FROM extra ORDER BY q LIMIT 100",4.21,56.67,0.074,55.7,60.9,5,5,yes,0.000e0,1,TAKEN SortPreservingMergeExec (input rows 50000000 (exact) vs min_rows 0; projection kept above it),LEFT SortPreservingMergeExec (top-k (sort with fetch 100) disabled in config) | LEFT SortExec (top-k (sort with fetch 100) disabled in config),0,1,6.52,14.41,16.45,18.56,0.01,6112,100,3.33,2.78,100,24,3,58.99
before,50000000,part1,sort,top_f64,"top 100 by Float64, descending (control)","SELECT q, k1, x FROM extra ORDER BY x DESC LIMIT 100",5.66,179.18,0.032,73.1,61.7,5,5,yes,0.000e0,1,TAKEN SortPreservingMergeExec (input rows 50000000 (exact) vs min_rows 0; projection kept above it),LEFT SortPreservingMergeExec (top-k (sort with fetch 100) disabled in config) | LEFT SortExec (top-k (sort with fetch 100) disabled in config),0,1,6.72,14.30,17.01,140.40,0.01,6112,100,3.33,2.78,100,19,2,197.78
