size,layout,family,case,label,sql,off_ms,on_ms,ratio,off_cpu_ms,on_cpu_ms,iters_off,iters_on,equal,max_rel_dev,nodes_taken,rule_on,rule_default,runtime_fallbacks,metal_nodes,input_ms,concat_ms,import_ms,kernel_ms,export_ms,input_batches,out_rows,block_load_start,block_load_end,warm_ms,untimed_off,untimed_on,on_first_ms,back_ms,back_cpu_ms,back_first_ms,equal_back,def_ms,def_cpu_ms,def_first_ms,equal_def,def_taken,def_handed_back,def_groups_est,def_probe_ms,def_input_ms,def_kernel_ms,def_choice,off_first_ms,block_t0,block_t1,last_sleep,rounds,off_round_median_ms,def_round_median_ms,back_round_median_ms,on_round_median_ms,method,def_gpu,def_idle_ms,def_idle_max_ms,off_idle_ms,idle_gap_ms,off_idle_max_ms,def_idle_cpu_ms,off_idle_cpu_ms,idle_reps,idle_gap2_ms,def_idle2_ms,def_idle2_max_ms,off_idle2_ms,off_idle2_max_ms,def_idle2_cpu_ms,off_idle2_cpu_ms
2000000,b8192,gsweep,minmax_int_1i32_200,"minmax_int, 1 i32 key(s), 200 groups in the key domain","SELECT k, min(q) AS lo, max(q) AS hi FROM grid GROUP BY k",1.21,,,9.6,,30,,"yes",0.000e0,,,"TAKEN AggregateExec (input rows 2000000 (exact) vs min_rows 250000; minmax_int over 1 i32 key (memory input): the measured table takes the 100k bucket(s) at 2M rows; MetalExec decides from a group-count estimate; output kept at one partition (only projections above it))",,0,0.00,0.00,0.00,0.00,0.00,0,200,3.22,1.85,100,0,,,,,,,1.27,9.7,1.62,"yes",1,1,197,0.0103,0.01,0.00,"TAKEN AggregateExec (input rows 2000000 (exact) vs min_rows 250000; minmax_int over 1 i32 key (memory input): the measured table takes the 100k bucket(s) at 2M rows; MetalExec decides from a group-count estimate; output kept at one partition (only projections above it)) | LEFT MetalExec Aggregate { keys (handed back to DataFusion: an estimated 197 groups (195 to 199, Chao1 over a 512-row sample) at 2000000 rows: minmax_int at the 200 bucket is not taken at any measured size (needs 1.65x at two or more sizes; 1M: 0.44x, 2M: 0.57x, 5M: 0.76x, 10M: 0.88x, 50M: 1.20x); left to DataFusion (from the first 16384 rows of each partition))",3.65,2026-10-01 03:34:48,2026-10-01 03:35:55,2026-09-29 00:37:52,30,1.29,1.34,,,alternate,false,7.17,7.30,2.35,500,3.75,24.9,17.7,3,5000,4.18,8.35,8.34,8.85,21.6,25.8
2000000,b8192,gsweep,minmax_int_2i32_200,"minmax_int, 2 i32 key(s), 200 groups in the key domain","SELECT k1, k2, min(q) AS lo, max(q) AS hi FROM grid GROUP BY k1, k2",2.15,,,20.8,,30,,"yes",0.000e0,,,"TAKEN AggregateExec (input rows 2000000 (exact) vs min_rows 250000; minmax_int over 2+ i32 keys (memory input): the measured table takes the 100k bucket(s) at 2M rows; MetalExec decides from a group-count estimate; output kept at one partition (only projections above it))",,0,0.00,0.00,0.00,0.00,0.00,0,200,3.22,1.85,100,0,,,,,,,2.19,20.8,3.93,"yes",1,1,197,0.0126,0.01,0.00,"TAKEN AggregateExec (input rows 2000000 (exact) vs min_rows 250000; minmax_int over 2+ i32 keys (memory input): the measured table takes the 100k bucket(s) at 2M rows; MetalExec decides from a group-count estimate; output kept at one partition (only projections above it)) | LEFT MetalExec Aggregate { keys (handed back to DataFusion: an estimated 197 groups (194 to 201, Chao1 over a 512-row sample) at 2000000 rows: minmax_int at the 200 bucket is not taken at any measured size (needs 1.65x at two or more sizes; 1M: 0.38x, 2M: 0.69x, 5M: 1.10x, 10M: 1.40x, 50M: 1.70x); left to DataFusion (from the first 16384 rows of each partition))",5.17,2026-10-01 03:34:48,2026-10-01 03:35:55,2026-09-29 00:37:52,30,2.23,2.29,,,alternate,false,6.88,11.65,7.59,500,11.62,43.1,44.6,3,5000,11.58,11.59,11.54,12.98,48.2,46.3
2000000,b8192,gsweep,minmax_int_1i32_10k,"minmax_int, 1 i32 key(s), 10k groups in the key domain","SELECT k, min(q) AS lo, max(q) AS hi FROM grid GROUP BY k",2.14,,,21.3,,30,,"yes",0.000e0,,,"TAKEN AggregateExec (input rows 2000000 (exact) vs min_rows 250000; minmax_int over 1 i32 key (memory input): the measured table takes the 100k bucket(s) at 2M rows; MetalExec decides from a group-count estimate; output kept at one partition (only projections above it))",,0,0.00,0.00,0.00,0.00,0.00,0,10000,2.02,2.11,100,0,,,,,,,2.15,21.4,2.34,"yes",1,1,9526,0.0120,0.01,0.00,"TAKEN AggregateExec (input rows 2000000 (exact) vs min_rows 250000; minmax_int over 1 i32 key (memory input): the measured table takes the 100k bucket(s) at 2M rows; MetalExec decides from a group-count estimate; output kept at one partition (only projections above it)) | LEFT MetalExec Aggregate { keys (handed back to DataFusion: an estimated 9526 groups (5850 to 23640, Chao1 over a 512-row sample) at 2000000 rows: minmax_int at the 10k bucket is not taken at any measured size (needs 1.65x at two or more sizes; 1M: 0.64x, 2M: 0.93x, 5M: 1.00x, 10M: 1.00x, 50M: 0.94x); left to DataFusion (from the first 16384 rows of each partition))",2.78,2026-10-01 03:35:58,2026-10-01 03:37:05,2026-09-29 00:37:52,30,2.19,2.25,,,alternate,false,5.17,11.49,5.62,500,11.55,33.2,41.6,3,5000,11.71,11.88,4.12,12.63,51.9,29.5
2000000,b8192,gsweep,minmax_int_2i32_10k,"minmax_int, 2 i32 key(s), 10k groups in the key domain","SELECT k1, k2, min(q) AS lo, max(q) AS hi FROM grid GROUP BY k1, k2",3.17,,,33.3,,30,,"yes",0.000e0,,,"TAKEN AggregateExec (input rows 2000000 (exact) vs min_rows 250000; minmax_int over 2+ i32 keys (memory input): the measured table takes the 100k bucket(s) at 2M rows; MetalExec decides from a group-count estimate; output kept at one partition (only projections above it))",,0,0.00,0.00,0.00,0.00,0.00,0,10000,2.02,2.11,100,0,,,,,,,3.19,33.6,4.07,"yes",1,1,8917,0.0157,0.01,0.00,"TAKEN AggregateExec (input rows 2000000 (exact) vs min_rows 250000; minmax_int over 2+ i32 keys (memory input): the measured table takes the 100k bucket(s) at 2M rows; MetalExec decides from a group-count estimate; output kept at one partition (only projections above it)) | LEFT MetalExec Aggregate { keys (handed back to DataFusion: an estimated 8917 groups (5577 to 20858, Chao1 over a 512-row sample) at 2000000 rows: minmax_int at the 10k bucket is not taken at any measured size (needs 1.65x at two or more sizes; 1M: 0.59x, 2M: 1.20x, 5M: 1.50x, 10M: 1.40x, 50M: 1.50x); left to DataFusion (from the first 16384 rows of each partition))",4.85,2026-10-01 03:35:58,2026-10-01 03:37:05,2026-09-29 00:37:52,30,3.27,3.32,,,alternate,false,14.52,15.76,5.65,500,7.82,75.8,49.4,3,5000,14.07,14.41,13.67,13.93,76.1,78.6
2000000,b8192,gsweep,minmax_int_1i32_100k,"minmax_int, 1 i32 key(s), 100k groups in the key domain","SELECT k, min(q) AS lo, max(q) AS hi FROM grid GROUP BY k",4.98,,,67.2,,15,,"yes",0.000e0,,,"TAKEN AggregateExec (input rows 2000000 (exact) vs min_rows 250000; minmax_int over 1 i32 key (memory input): the measured table takes the 100k bucket(s) at 2M rows; MetalExec decides from a group-count estimate; output kept at one partition (only projections above it))",,0,0.00,0.00,0.00,0.00,0.00,0,100000,2.11,2.29,100,61,,,,,,,2.07,3.2,37.22,"yes",1,0,108507,0.0667,0.06,1.47,"TAKEN AggregateExec (input rows 2000000 (exact) vs min_rows 250000; minmax_int over 1 i32 key (memory input): the measured table takes the 100k bucket(s) at 2M rows; MetalExec decides from a group-count estimate; output kept at one partition (only projections above it)) | TAKEN MetalExec Aggregate { keys (ran on ArrowMetal: an estimated 108507 groups (70643 to 214655, Chao1 over a 2048-row sample) at 2000000 rows: minmax_int at the 100k bucket is taken from 2M rows (from the first rows of each partition; a 2048-row sample of the whole input puts it at 77259 to 255922 groups))",6.38,2026-10-01 03:37:09,2026-10-01 03:38:17,2026-09-29 00:37:52,3,5.07,2.64,,,rounds,true,11.21,13.77,8.84,500,18.06,11.9,107.4,3,5000,14.38,20.41,11.66,12.01,15.5,127.7
2000000,b8192,gsweep,minmax_int_2i32_100k,"minmax_int, 2 i32 key(s), 100k groups in the key domain","SELECT k1, k2, min(q) AS lo, max(q) AS hi FROM grid GROUP BY k1, k2",5.92,,,81.6,,15,,"yes",0.000e0,,,"TAKEN AggregateExec (input rows 2000000 (exact) vs min_rows 250000; minmax_int over 2+ i32 keys (memory input): the measured table takes the 100k bucket(s) at 2M rows; MetalExec decides from a group-count estimate; output kept at one partition (only projections above it))",,0,0.00,0.00,0.00,0.00,0.00,0,100000,2.11,2.29,100,52,,,,,,,3.53,4.7,12.56,"yes",1,0,121510,0.0825,0.11,2.61,"TAKEN AggregateExec (input rows 2000000 (exact) vs min_rows 250000; minmax_int over 2+ i32 keys (memory input): the measured table takes the 100k bucket(s) at 2M rows; MetalExec decides from a group-count estimate; output kept at one partition (only projections above it)) | TAKEN MetalExec Aggregate { keys (ran on ArrowMetal: an estimated 121510 groups (77259 to 255922, Chao1 over a 2048-row sample) at 2000000 rows: minmax_int at the 100k bucket is taken from 2M rows (from the first rows of each partition; a 2048-row sample of the whole input puts it at 54523 to 135023 groups))",9.50,2026-10-01 03:37:09,2026-10-01 03:38:17,2026-09-29 00:37:52,3,5.94,3.69,,,rounds,true,13.86,17.53,18.63,500,20.21,19.8,162.1,3,5000,20.81,23.01,19.55,20.14,25.3,158.6
2000000,b8192,gsweep,minmax_int_1i32_1M,"minmax_int, 1 i32 key(s), 1M groups in the key domain","SELECT k, min(q) AS lo, max(q) AS hi FROM grid GROUP BY k",6.37,,,88.3,,30,,"yes",0.000e0,,,"TAKEN AggregateExec (input rows 2000000 (exact) vs min_rows 250000; minmax_int over 1 i32 key (memory input): the measured table takes the 100k bucket(s) at 2M rows; MetalExec decides from a group-count estimate; output kept at one partition (only projections above it))",,0,0.00,0.00,0.00,0.00,0.00,0,864909,2.19,1.83,100,0,,,,,,,6.56,89.5,7.33,"yes",1,1,1040798,0.1081,0.01,0.00,"TAKEN AggregateExec (input rows 2000000 (exact) vs min_rows 250000; minmax_int over 1 i32 key (memory input): the measured table takes the 100k bucket(s) at 2M rows; MetalExec decides from a group-count estimate; output kept at one partition (only projections above it)) | LEFT MetalExec Aggregate { keys (handed back to DataFusion: an estimated 1040798 groups (740276 to 1671653, Chao1 over a 8192-row sample) at 2000000 rows: minmax_int at the rows/2 bucket is not taken at any measured size (needs 1.65x at two or more sizes; 1M: 0.75x, 2M: 2.10x, 5M: 2.30x, 10M: 2.10x, 50M: 1.10x); left to DataFusion (from the first 16384 rows of each partition))",7.65,2026-10-01 03:38:20,2026-10-01 03:39:29,2026-09-29 00:37:52,30,6.75,6.79,,,alternate,false,20.82,20.99,20.16,500,21.31,182.4,171.5,3,5000,21.61,22.21,12.97,20.15,174.8,145.6
2000000,b8192,gsweep,minmax_int_2i32_1M,"minmax_int, 2 i32 key(s), 1M groups in the key domain","SELECT k1, k2, min(q) AS lo, max(q) AS hi FROM grid GROUP BY k1, k2",7.49,,,100.9,,30,,"yes",0.000e0,,,"TAKEN AggregateExec (input rows 2000000 (exact) vs min_rows 250000; minmax_int over 2+ i32 keys (memory input): the measured table takes the 100k bucket(s) at 2M rows; MetalExec decides from a group-count estimate; output kept at one partition (only projections above it))",,0,0.00,0.00,0.00,0.00,0.00,0,864755,2.19,1.83,100,0,,,,,,,7.59,102.0,10.05,"yes",1,1,2000000,0.0515,0.01,0.00,"TAKEN AggregateExec (input rows 2000000 (exact) vs min_rows 250000; minmax_int over 2+ i32 keys (memory input): the measured table takes the 100k bucket(s) at 2M rows; MetalExec decides from a group-count estimate; output kept at one partition (only projections above it)) | LEFT MetalExec Aggregate { keys (handed back to DataFusion: an estimated 2000000 groups (700757 to 2000000, Chao1 over a 2048-row sample) at 2000000 rows: minmax_int at the rows/2 bucket is not taken at any measured size (needs 1.65x at two or more sizes; 1M: 1.00x, 2M: 1.80x, 5M: 2.40x, 10M: 2.20x, 50M: 1.00x); left to DataFusion (from the first 16384 rows of each partition))",11.15,2026-10-01 03:38:20,2026-10-01 03:39:29,2026-09-29 00:37:52,30,8.01,8.02,,,alternate,false,21.98,22.63,21.21,500,24.12,197.7,202.1,3,5000,21.56,22.70,22.75,23.28,198.0,199.8
2000000,part1,gsweep,minmax_int_1i32_200,"minmax_int, 1 i32 key(s), 200 groups in the key domain","SELECT k, min(q) AS lo, max(q) AS hi FROM grid GROUP BY k",1.30,,,9.7,,30,,"yes",0.000e0,,,"TAKEN AggregateExec (input rows 2000000 (exact) vs min_rows 250000; minmax_int over 1 i32 key (memory input): the measured table takes the 100k bucket(s) at 2M rows; MetalExec decides from a group-count estimate; output kept at one partition (only projections above it))",,0,0.00,0.00,0.00,0.00,0.00,0,200,3.27,7.61,100,0,,,,,,,1.39,9.6,1.54,"yes",1,1,209,0.0110,0.01,0.00,"TAKEN AggregateExec (input rows 2000000 (exact) vs min_rows 250000; minmax_int over 1 i32 key (memory input): the measured table takes the 100k bucket(s) at 2M rows; MetalExec decides from a group-count estimate; output kept at one partition (only projections above it)) | LEFT MetalExec Aggregate { keys (handed back to DataFusion: an estimated 209 groups (205 to 216, Chao1 over a 512-row sample) at 2000000 rows: minmax_int at the 200 bucket is not taken at any measured size (needs 1.65x at two or more sizes; 1M: 0.44x, 2M: 0.57x, 5M: 0.76x, 10M: 0.88x, 50M: 1.20x); left to DataFusion (from the first 16384 rows of each partition))",1.49,2026-10-01 03:40:02,2026-10-01 03:41:09,2026-09-29 00:37:52,30,1.36,1.44,,,alternate,false,5.97,8.25,3.49,500,5.59,24.3,17.4,3,5000,9.47,10.07,8.66,10.91,28.3,26.5
2000000,part1,gsweep,minmax_int_2i32_200,"minmax_int, 2 i32 key(s), 200 groups in the key domain","SELECT k1, k2, min(q) AS lo, max(q) AS hi FROM grid GROUP BY k1, k2",2.13,,,20.7,,30,,"yes",0.000e0,,,"TAKEN AggregateExec (input rows 2000000 (exact) vs min_rows 250000; minmax_int over 2+ i32 keys (memory input): the measured table takes the 100k bucket(s) at 2M rows; MetalExec decides from a group-count estimate; output kept at one partition (only projections above it))",,0,0.00,0.00,0.00,0.00,0.00,0,200,3.27,7.61,100,0,,,,,,,2.18,20.6,5.20,"yes",1,1,211,0.0163,0.01,0.00,"TAKEN AggregateExec (input rows 2000000 (exact) vs min_rows 250000; minmax_int over 2+ i32 keys (memory input): the measured table takes the 100k bucket(s) at 2M rows; MetalExec decides from a group-count estimate; output kept at one partition (only projections above it)) | LEFT MetalExec Aggregate { keys (handed back to DataFusion: an estimated 211 groups (205 to 221, Chao1 over a 512-row sample) at 2000000 rows: minmax_int at the 200 bucket is not taken at any measured size (needs 1.65x at two or more sizes; 1M: 0.38x, 2M: 0.69x, 5M: 1.10x, 10M: 1.40x, 50M: 1.70x); left to DataFusion (from the first 16384 rows of each partition))",5.78,2026-10-01 03:40:02,2026-10-01 03:41:09,2026-09-29 00:37:52,30,2.18,2.25,,,alternate,false,12.31,12.98,10.99,500,13.23,49.4,45.2,3,5000,13.44,15.13,9.98,13.84,49.1,48.0
2000000,part1,gsweep,minmax_int_1i32_10k,"minmax_int, 1 i32 key(s), 10k groups in the key domain","SELECT k, min(q) AS lo, max(q) AS hi FROM grid GROUP BY k",2.07,,,21.0,,30,,"yes",0.000e0,,,"TAKEN AggregateExec (input rows 2000000 (exact) vs min_rows 250000; minmax_int over 1 i32 key (memory input): the measured table takes the 100k bucket(s) at 2M rows; MetalExec decides from a group-count estimate; output kept at one partition (only projections above it))",,0,0.00,0.00,0.00,0.00,0.00,0,10000,3.41,1.82,100,0,,,,,,,2.16,21.1,2.44,"yes",1,1,9641,0.0129,0.01,0.00,"TAKEN AggregateExec (input rows 2000000 (exact) vs min_rows 250000; minmax_int over 1 i32 key (memory input): the measured table takes the 100k bucket(s) at 2M rows; MetalExec decides from a group-count estimate; output kept at one partition (only projections above it)) | LEFT MetalExec Aggregate { keys (handed back to DataFusion: an estimated 9641 groups (5919 to 23929, Chao1 over a 512-row sample) at 2000000 rows: minmax_int at the 10k bucket is not taken at any measured size (needs 1.65x at two or more sizes; 1M: 0.64x, 2M: 0.93x, 5M: 1.00x, 10M: 1.00x, 50M: 0.94x); left to DataFusion (from the first 16384 rows of each partition))",2.67,2026-10-01 03:42:13,2026-10-01 03:43:20,2026-09-29 00:37:52,30,2.18,2.26,,,alternate,false,12.27,13.46,12.42,500,12.61,52.3,51.9,3,5000,4.90,11.12,5.94,11.66,47.9,39.9
2000000,part1,gsweep,minmax_int_2i32_10k,"minmax_int, 2 i32 key(s), 10k groups in the key domain","SELECT k1, k2, min(q) AS lo, max(q) AS hi FROM grid GROUP BY k1, k2",3.06,,,33.0,,30,,"yes",0.000e0,,,"TAKEN AggregateExec (input rows 2000000 (exact) vs min_rows 250000; minmax_int over 2+ i32 keys (memory input): the measured table takes the 100k bucket(s) at 2M rows; MetalExec decides from a group-count estimate; output kept at one partition (only projections above it))",,0,0.00,0.00,0.00,0.00,0.00,0,10000,3.41,1.82,100,0,,,,,,,3.11,33.6,4.98,"yes",1,1,8917,0.0159,0.01,0.00,"TAKEN AggregateExec (input rows 2000000 (exact) vs min_rows 250000; minmax_int over 2+ i32 keys (memory input): the measured table takes the 100k bucket(s) at 2M rows; MetalExec decides from a group-count estimate; output kept at one partition (only projections above it)) | LEFT MetalExec Aggregate { keys (handed back to DataFusion: an estimated 8917 groups (5577 to 20858, Chao1 over a 512-row sample) at 2000000 rows: minmax_int at the 10k bucket is not taken at any measured size (needs 1.65x at two or more sizes; 1M: 0.59x, 2M: 1.20x, 5M: 1.50x, 10M: 1.40x, 50M: 1.50x); left to DataFusion (from the first 16384 rows of each partition))",5.14,2026-10-01 03:42:13,2026-10-01 03:43:20,2026-09-29 00:37:52,30,3.16,3.25,,,alternate,false,11.83,13.70,9.85,500,13.71,76.7,75.2,3,5000,13.16,13.59,13.37,16.09,75.6,77.1
2000000,part1,gsweep,minmax_int_1i32_100k,"minmax_int, 1 i32 key(s), 100k groups in the key domain","SELECT k, min(q) AS lo, max(q) AS hi FROM grid GROUP BY k",4.91,,,65.7,,15,,"yes",0.000e0,,,"TAKEN AggregateExec (input rows 2000000 (exact) vs min_rows 250000; minmax_int over 1 i32 key (memory input): the measured table takes the 100k bucket(s) at 2M rows; MetalExec decides from a group-count estimate; output kept at one partition (only projections above it))",,0,0.00,0.00,0.00,0.00,0.00,0,100000,1.83,1.86,100,63,,,,,,,2.44,3.3,8.73,"yes",1,0,89619,0.0992,0.05,1.78,"TAKEN AggregateExec (input rows 2000000 (exact) vs min_rows 250000; minmax_int over 1 i32 key (memory input): the measured table takes the 100k bucket(s) at 2M rows; MetalExec decides from a group-count estimate; output kept at one partition (only projections above it)) | TAKEN MetalExec Aggregate { keys (ran on ArrowMetal: an estimated 89619 groups (81260 to 99822, Chao1 over a 8192-row sample) at 2000000 rows: minmax_int at the 100k bucket is taken from 2M rows (from the first rows of each partition; a 2048-row sample of the whole input puts it at 85323 to 314952 groups))",6.25,2026-10-01 03:43:24,2026-10-01 03:44:32,2026-09-29 00:37:52,3,5.00,2.56,,,rounds,true,11.54,15.93,16.42,500,17.71,15.2,136.1,3,5000,22.18,24.65,17.35,18.37,26.5,138.2
2000000,part1,gsweep,minmax_int_2i32_100k,"minmax_int, 2 i32 key(s), 100k groups in the key domain","SELECT k1, k2, min(q) AS lo, max(q) AS hi FROM grid GROUP BY k1, k2",5.84,,,81.5,,15,,"yes",0.000e0,,,"TAKEN AggregateExec (input rows 2000000 (exact) vs min_rows 250000; minmax_int over 2+ i32 keys (memory input): the measured table takes the 100k bucket(s) at 2M rows; MetalExec decides from a group-count estimate; output kept at one partition (only projections above it))",,0,0.00,0.00,0.00,0.00,0.00,0,100000,1.83,1.86,100,53,,,,,,,2.77,4.2,11.74,"yes",1,0,108507,0.0891,0.05,1.94,"TAKEN AggregateExec (input rows 2000000 (exact) vs min_rows 250000; minmax_int over 2+ i32 keys (memory input): the measured table takes the 100k bucket(s) at 2M rows; MetalExec decides from a group-count estimate; output kept at one partition (only projections above it)) | TAKEN MetalExec Aggregate { keys (ran on ArrowMetal: an estimated 108507 groups (70643 to 214655, Chao1 over a 2048-row sample) at 2000000 rows: minmax_int at the 100k bucket is taken from 2M rows (from the first rows of each partition; a 2048-row sample of the whole input puts it at 60402 to 161070 groups))",9.50,2026-10-01 03:43:24,2026-10-01 03:44:32,2026-09-29 00:37:52,3,5.97,3.32,,,rounds,true,11.40,18.87,10.02,500,18.75,16.2,127.0,3,5000,19.44,22.58,9.12,19.56,28.0,99.5
2000000,part1,gsweep,minmax_int_1i32_1M,"minmax_int, 1 i32 key(s), 1M groups in the key domain","SELECT k, min(q) AS lo, max(q) AS hi FROM grid GROUP BY k",6.28,,,87.3,,30,,"yes",0.000e0,,,"TAKEN AggregateExec (input rows 2000000 (exact) vs min_rows 250000; minmax_int over 1 i32 key (memory input): the measured table takes the 100k bucket(s) at 2M rows; MetalExec decides from a group-count estimate; output kept at one partition (only projections above it))",,0,0.00,0.00,0.00,0.00,0.00,0,864909,1.86,2.75,100,0,,,,,,,6.53,86.3,7.03,"yes",1,1,979097,0.1175,0.01,0.00,"TAKEN AggregateExec (input rows 2000000 (exact) vs min_rows 250000; minmax_int over 1 i32 key (memory input): the measured table takes the 100k bucket(s) at 2M rows; MetalExec decides from a group-count estimate; output kept at one partition (only projections above it)) | LEFT MetalExec Aggregate { keys (handed back to DataFusion: an estimated 979097 groups (703305 to 1542819, Chao1 over a 8192-row sample) at 2000000 rows: minmax_int at the rows/2 bucket is not taken at any measured size (needs 1.65x at two or more sizes; 1M: 0.75x, 2M: 2.10x, 5M: 2.30x, 10M: 2.10x, 50M: 1.10x); left to DataFusion (from the first 16384 rows of each partition))",7.18,2026-10-01 03:44:35,2026-10-01 03:45:44,2026-09-29 00:37:52,30,6.65,6.94,,,alternate,false,19.09,20.67,20.36,500,21.21,169.3,173.1,3,5000,21.05,23.01,12.06,19.40,177.2,153.8
2000000,part1,gsweep,minmax_int_2i32_1M,"minmax_int, 2 i32 key(s), 1M groups in the key domain","SELECT k1, k2, min(q) AS lo, max(q) AS hi FROM grid GROUP BY k1, k2",7.36,,,102.6,,30,,"yes",0.000e0,,,"TAKEN AggregateExec (input rows 2000000 (exact) vs min_rows 250000; minmax_int over 2+ i32 keys (memory input): the measured table takes the 100k bucket(s) at 2M rows; MetalExec decides from a group-count estimate; output kept at one partition (only projections above it))",,0,0.00,0.00,0.00,0.00,0.00,0,864755,1.86,2.75,100,0,,,,,,,7.59,103.9,10.23,"yes",1,1,979097,0.1410,0.01,0.00,"TAKEN AggregateExec (input rows 2000000 (exact) vs min_rows 250000; minmax_int over 2+ i32 keys (memory input): the measured table takes the 100k bucket(s) at 2M rows; MetalExec decides from a group-count estimate; output kept at one partition (only projections above it)) | LEFT MetalExec Aggregate { keys (handed back to DataFusion: an estimated 979097 groups (703305 to 1542819, Chao1 over a 8192-row sample) at 2000000 rows: minmax_int at the rows/2 bucket is not taken at any measured size (needs 1.65x at two or more sizes; 1M: 1.00x, 2M: 1.80x, 5M: 2.40x, 10M: 2.20x, 50M: 1.00x); left to DataFusion (from the first 16384 rows of each partition))",10.60,2026-10-01 03:44:35,2026-10-01 03:45:44,2026-09-29 00:37:52,30,7.74,7.98,,,alternate,false,16.77,25.05,19.24,500,25.18,195.5,177.1,3,5000,17.71,24.66,22.63,23.99,168.3,203.3
5000000,b8192,gsweep,minmax_int_1i32_200,"minmax_int, 1 i32 key(s), 200 groups in the key domain","SELECT k, min(q) AS lo, max(q) AS hi FROM grid GROUP BY k",2.34,,,21.4,,30,,"yes",0.000e0,,,"TAKEN AggregateExec (input rows 5000000 (exact) vs min_rows 250000; minmax_int over 1 i32 key (memory input): the measured table takes the 100k, 1M bucket(s) at 5M rows; MetalExec decides from a group-count estimate; output kept at one partition (only projections above it))",,0,0.00,0.00,0.00,0.00,0.00,0,200,3.33,1.68,100,0,,,,,,,2.37,21.7,2.58,"yes",1,1,197,0.0105,0.01,0.00,"TAKEN AggregateExec (input rows 5000000 (exact) vs min_rows 250000; minmax_int over 1 i32 key (memory input): the measured table takes the 100k, 1M bucket(s) at 5M rows; MetalExec decides from a group-count estimate; output kept at one partition (only projections above it)) | LEFT MetalExec Aggregate { keys (handed back to DataFusion: an estimated 197 groups (195 to 199, Chao1 over a 512-row sample) at 5000000 rows: minmax_int at the 200 bucket is not taken at any measured size (needs 1.65x at two or more sizes; 1M: 0.44x, 2M: 0.57x, 5M: 0.76x, 10M: 0.88x, 50M: 1.20x); left to DataFusion (from the first 16384 rows of each partition))",3.38,2026-10-01 03:46:07,2026-10-01 03:50:37,2026-09-29 00:37:52,30,2.46,2.47,,,alternate,false,12.30,13.98,6.22,500,11.09,53.9,46.4,3,5000,11.26,13.53,12.18,12.35,47.4,53.3
5000000,b8192,gsweep,sum_f64_2i32_200,"sum_f64, 2 i32 key(s), 200 groups in the key domain","SELECT k1, k2, sum(x) AS s FROM grid GROUP BY k1, k2",4.36,,,47.5,,30,,"yes",4.375e-16,,,"TAKEN AggregateExec (input rows 5000000 (exact) vs min_rows 250000; sum_avg_f64 over 2+ i32 keys (memory input): the measured table takes the 100k bucket(s) at 5M rows; MetalExec decides from a group-count estimate; output kept at one partition (only projections above it))",,0,0.00,0.00,0.00,0.00,0.00,0,200,3.33,1.68,100,0,,,,,,,4.46,46.7,6.59,"yes",1,1,196,0.0159,0.01,0.00,"TAKEN AggregateExec (input rows 5000000 (exact) vs min_rows 250000; sum_avg_f64 over 2+ i32 keys (memory input): the measured table takes the 100k bucket(s) at 5M rows; MetalExec decides from a group-count estimate; output kept at one partition (only projections above it)) | LEFT MetalExec Aggregate { keys (handed back to DataFusion: an estimated 196 groups (194 to 200, Chao1 over a 512-row sample) at 5000000 rows: sum_avg_f64 at the 200 bucket is not taken at any measured size (needs 1.65x at two or more sizes; 1M: 0.41x, 2M: 0.75x, 5M: 1.10x, 10M: 1.30x, 50M: 1.60x); left to DataFusion (from the first 16384 rows of each partition))",7.77,2026-10-01 03:46:07,2026-10-01 03:50:37,2026-09-29 00:37:52,30,4.62,4.61,,,alternate,false,14.05,18.33,16.68,500,16.82,96.9,98.8,3,5000,12.32,15.57,15.15,15.39,97.1,102.3
5000000,b8192,gsweep,avg_f64_2i32_200,"avg_f64, 2 i32 key(s), 200 groups in the key domain","SELECT k1, k2, avg(x) AS m FROM grid GROUP BY k1, k2",4.46,,,48.4,,30,,"yes",2.220e-16,,,"TAKEN AggregateExec (input rows 5000000 (exact) vs min_rows 250000; sum_avg_f64 over 2+ i32 keys (memory input): the measured table takes the 100k bucket(s) at 5M rows; MetalExec decides from a group-count estimate; output kept at one partition (only projections above it))",,0,0.00,0.00,0.00,0.00,0.00,0,200,3.33,1.68,100,0,,,,,,,4.49,47.2,6.58,"yes",1,1,196,0.0135,0.01,0.00,"TAKEN AggregateExec (input rows 5000000 (exact) vs min_rows 250000; sum_avg_f64 over 2+ i32 keys (memory input): the measured table takes the 100k bucket(s) at 5M rows; MetalExec decides from a group-count estimate; output kept at one partition (only projections above it)) | LEFT MetalExec Aggregate { keys (handed back to DataFusion: an estimated 196 groups (194 to 200, Chao1 over a 512-row sample) at 5000000 rows: sum_avg_f64 at the 200 bucket is not taken at any measured size (needs 1.65x at two or more sizes; 1M: 0.41x, 2M: 0.75x, 5M: 1.10x, 10M: 1.30x, 50M: 1.60x); left to DataFusion (from the first 16384 rows of each partition))",8.66,2026-10-01 03:46:07,2026-10-01 03:50:37,2026-09-29 00:37:52,30,4.66,4.68,,,alternate,false,15.86,16.61,15.97,500,16.70,103.3,100.9,3,5000,14.37,17.91,15.75,19.52,102.5,102.6
5000000,b8192,gsweep,minmax_int_2i32_200,"minmax_int, 2 i32 key(s), 200 groups in the key domain","SELECT k1, k2, min(q) AS lo, max(q) AS hi FROM grid GROUP BY k1, k2",4.50,,,48.7,,30,,"yes",0.000e0,,,"TAKEN AggregateExec (input rows 5000000 (exact) vs min_rows 250000; minmax_int over 2+ i32 keys (memory input): the measured table takes the 100k, 1M bucket(s) at 5M rows; MetalExec decides from a group-count estimate; output kept at one partition (only projections above it))",,0,0.00,0.00,0.00,0.00,0.00,0,200,3.33,1.68,100,0,,,,,,,4.60,48.5,6.43,"yes",1,1,196,0.0148,0.01,0.00,"TAKEN AggregateExec (input rows 5000000 (exact) vs min_rows 250000; minmax_int over 2+ i32 keys (memory input): the measured table takes the 100k, 1M bucket(s) at 5M rows; MetalExec decides from a group-count estimate; output kept at one partition (only projections above it)) | LEFT MetalExec Aggregate { keys (handed back to DataFusion: an estimated 196 groups (194 to 200, Chao1 over a 512-row sample) at 5000000 rows: minmax_int at the 200 bucket is not taken at any measured size (needs 1.65x at two or more sizes; 1M: 0.38x, 2M: 0.69x, 5M: 1.10x, 10M: 1.40x, 50M: 1.70x); left to DataFusion (from the first 16384 rows of each partition))",9.15,2026-10-01 03:46:07,2026-10-01 03:50:37,2026-09-29 00:37:52,30,4.75,4.76,,,alternate,false,16.04,16.41,17.77,500,18.33,103.3,103.1,3,5000,14.58,17.71,17.90,19.19,102.4,102.2
5000000,b8192,gsweep,minmax_int_1i64_200,"minmax_int, 1 i64 key(s), 200 groups in the key domain","SELECT kl, min(q) AS lo, max(q) AS hi FROM grid GROUP BY kl",2.34,,,22.2,,30,,"yes",0.000e0,,,"TAKEN AggregateExec (input rows 5000000 (exact) vs min_rows 250000; minmax_int over 1 i64 key (memory input): the measured table takes the 100k, 1M bucket(s) at 5M rows; MetalExec decides from a group-count estimate; output kept at one partition (only projections above it))",,0,0.00,0.00,0.00,0.00,0.00,0,200,3.33,1.68,100,0,,,,,,,2.41,21.8,3.66,"yes",1,1,197,0.0155,0.01,0.00,"TAKEN AggregateExec (input rows 5000000 (exact) vs min_rows 250000; minmax_int over 1 i64 key (memory input): the measured table takes the 100k, 1M bucket(s) at 5M rows; MetalExec decides from a group-count estimate; output kept at one partition (only projections above it)) | LEFT MetalExec Aggregate { keys (handed back to DataFusion: an estimated 197 groups (195 to 199, Chao1 over a 512-row sample) at 5000000 rows: minmax_int at the 200 bucket is not taken at any measured size (needs 1.65x at two or more sizes; 1M: 0.44x, 2M: 0.59x, 5M: 0.73x, 10M: 0.77x, 50M: 1.00x); left to DataFusion (from the first 16384 rows of each partition))",5.27,2026-10-01 03:46:07,2026-10-01 03:50:37,2026-09-29 00:37:52,30,2.48,2.50,,,alternate,false,11.95,13.16,12.15,500,13.08,53.9,52.7,3,5000,8.80,14.08,12.45,12.73,52.2,54.5
5000000,b8192,gsweep,sum_f64_2i64_200,"sum_f64, 2 i64 key(s), 200 groups in the key domain","SELECT kl1, kl2, sum(x) AS s FROM grid GROUP BY kl1, kl2",4.43,,,46.3,,30,,"yes",4.334e-16,,,"TAKEN AggregateExec (input rows 5000000 (exact) vs min_rows 250000; sum_avg_f64 over 2+ i64 keys (memory input): the measured table takes the 100k bucket(s) at 5M rows; MetalExec decides from a group-count estimate; output kept at one partition (only projections above it))",,0,0.00,0.00,0.00,0.00,0.00,0,200,3.33,1.68,100,0,,,,,,,4.43,47.3,6.99,"yes",1,1,196,0.0175,0.01,0.00,"TAKEN AggregateExec (input rows 5000000 (exact) vs min_rows 250000; sum_avg_f64 over 2+ i64 keys (memory input): the measured table takes the 100k bucket(s) at 5M rows; MetalExec decides from a group-count estimate; output kept at one partition (only projections above it)) | LEFT MetalExec Aggregate { keys (handed back to DataFusion: an estimated 196 groups (194 to 200, Chao1 over a 512-row sample) at 5000000 rows: sum_avg_f64 at the 200 bucket is not taken at any measured size (needs 1.65x at two or more sizes; 1M: 0.30x, 2M: 0.54x, 5M: 1.00x, 10M: 1.10x, 50M: 1.30x); left to DataFusion (from the first 16384 rows of each partition))",7.29,2026-10-01 03:46:07,2026-10-01 03:50:37,2026-09-29 00:37:52,30,4.60,4.65,,,alternate,false,10.70,16.32,16.11,500,16.71,97.2,100.3,3,5000,16.52,16.55,16.70,18.63,99.7,98.9
5000000,b8192,gsweep,avg_f64_2i64_200,"avg_f64, 2 i64 key(s), 200 groups in the key domain","SELECT kl1, kl2, avg(x) AS m FROM grid GROUP BY kl1, kl2",4.48,,,47.7,,30,,"yes",2.220e-16,,,"TAKEN AggregateExec (input rows 5000000 (exact) vs min_rows 250000; sum_avg_f64 over 2+ i64 keys (memory input): the measured table takes the 100k bucket(s) at 5M rows; MetalExec decides from a group-count estimate; output kept at one partition (only projections above it))",,0,0.00,0.00,0.00,0.00,0.00,0,200,3.33,1.68,100,0,,,,,,,4.51,47.7,6.43,"yes",1,1,196,0.0189,0.01,0.00,"TAKEN AggregateExec (input rows 5000000 (exact) vs min_rows 250000; sum_avg_f64 over 2+ i64 keys (memory input): the measured table takes the 100k bucket(s) at 5M rows; MetalExec decides from a group-count estimate; output kept at one partition (only projections above it)) | LEFT MetalExec Aggregate { keys (handed back to DataFusion: an estimated 196 groups (194 to 200, Chao1 over a 512-row sample) at 5000000 rows: sum_avg_f64 at the 200 bucket is not taken at any measured size (needs 1.65x at two or more sizes; 1M: 0.30x, 2M: 0.54x, 5M: 1.00x, 10M: 1.10x, 50M: 1.30x); left to DataFusion (from the first 16384 rows of each partition))",7.39,2026-10-01 03:46:07,2026-10-01 03:50:37,2026-09-29 00:37:52,30,4.72,4.72,,,alternate,false,18.28,18.33,16.73,500,18.19,102.6,100.4,3,5000,10.37,12.14,13.47,15.65,88.9,100.6
5000000,b8192,gsweep,minmax_int_2i64_200,"minmax_int, 2 i64 key(s), 200 groups in the key domain","SELECT kl1, kl2, min(q) AS lo, max(q) AS hi FROM grid GROUP BY kl1, kl2",4.63,,,49.6,,30,,"yes",0.000e0,,,"TAKEN AggregateExec (input rows 5000000 (exact) vs min_rows 250000; minmax_int over 2+ i64 keys (memory input): the measured table takes the 100k, 1M bucket(s) at 5M rows; MetalExec decides from a group-count estimate; output kept at one partition (only projections above it))",,0,0.00,0.00,0.00,0.00,0.00,0,200,3.33,1.68,100,0,,,,,,,4.62,48.3,6.21,"yes",1,1,196,0.0211,0.01,0.00,"TAKEN AggregateExec (input rows 5000000 (exact) vs min_rows 250000; minmax_int over 2+ i64 keys (memory input): the measured table takes the 100k, 1M bucket(s) at 5M rows; MetalExec decides from a group-count estimate; output kept at one partition (only projections above it)) | LEFT MetalExec Aggregate { keys (handed back to DataFusion: an estimated 196 groups (194 to 200, Chao1 over a 512-row sample) at 5000000 rows: minmax_int at the 200 bucket is not taken at any measured size (needs 1.65x at two or more sizes; 1M: 0.59x, 2M: 0.77x, 5M: 1.00x, 10M: 1.20x, 50M: 1.30x); left to DataFusion (from the first 16384 rows of each partition))",6.16,2026-10-01 03:46:07,2026-10-01 03:50:37,2026-09-29 00:37:52,30,4.80,4.85,,,alternate,false,16.76,19.98,16.64,500,16.66,88.6,85.1,3,5000,11.70,17.18,9.87,15.00,100.3,94.1
5000000,b8192,gsweep,minmax_int_1i32_10k,"minmax_int, 1 i32 key(s), 10k groups in the key domain","SELECT k, min(q) AS lo, max(q) AS hi FROM grid GROUP BY k",3.47,,,36.3,,30,,"yes",0.000e0,,,"TAKEN AggregateExec (input rows 5000000 (exact) vs min_rows 250000; minmax_int over 1 i32 key (memory input): the measured table takes the 100k, 1M bucket(s) at 5M rows; MetalExec decides from a group-count estimate; output kept at one partition (only projections above it))",,0,0.00,0.00,0.00,0.00,0.00,0,10000,1.62,1.89,100,0,,,,,,,3.52,36.1,3.82,"yes",1,1,9526,0.0134,0.01,0.00,"TAKEN AggregateExec (input rows 5000000 (exact) vs min_rows 250000; minmax_int over 1 i32 key (memory input): the measured table takes the 100k, 1M bucket(s) at 5M rows; MetalExec decides from a group-count estimate; output kept at one partition (only projections above it)) | LEFT MetalExec Aggregate { keys (handed back to DataFusion: an estimated 9526 groups (5850 to 23640, Chao1 over a 512-row sample) at 5000000 rows: minmax_int at the 10k bucket is not taken at any measured size (needs 1.65x at two or more sizes; 1M: 0.64x, 2M: 0.93x, 5M: 1.00x, 10M: 1.00x, 50M: 0.94x); left to DataFusion (from the first 16384 rows of each partition))",4.27,2026-10-01 03:50:41,2026-10-01 03:55:12,2026-09-29 00:37:52,30,3.65,3.65,,,alternate,false,13.79,15.59,15.84,500,15.91,82.4,85.1,3,5000,14.80,16.42,8.65,14.72,83.0,73.1
5000000,b8192,gsweep,sum_f64_2i32_10k,"sum_f64, 2 i32 key(s), 10k groups in the key domain","SELECT k1, k2, sum(x) AS s FROM grid GROUP BY k1, k2",4.93,,,55.0,,30,,"yes",4.896e-16,,,"TAKEN AggregateExec (input rows 5000000 (exact) vs min_rows 250000; sum_avg_f64 over 2+ i32 keys (memory input): the measured table takes the 100k bucket(s) at 5M rows; MetalExec decides from a group-count estimate; output kept at one partition (only projections above it))",,0,0.00,0.00,0.00,0.00,0.00,0,10000,1.62,1.89,100,0,,,,,,,5.03,53.8,7.24,"yes",1,1,7742,0.0165,0.01,0.00,"TAKEN AggregateExec (input rows 5000000 (exact) vs min_rows 250000; sum_avg_f64 over 2+ i32 keys (memory input): the measured table takes the 100k bucket(s) at 5M rows; MetalExec decides from a group-count estimate; output kept at one partition (only projections above it)) | LEFT MetalExec Aggregate { keys (handed back to DataFusion: an estimated 7742 groups (4999 to 16477, Chao1 over a 512-row sample) at 5000000 rows: sum_avg_f64 at the 10k bucket is not taken at any measured size (needs 1.65x at two or more sizes; 1M: 0.52x, 2M: 0.55x, 5M: 1.10x, 10M: 1.30x, 50M: 1.20x); left to DataFusion (from the first 16384 rows of each partition))",7.41,2026-10-01 03:50:41,2026-10-01 03:55:12,2026-09-29 00:37:52,30,5.17,5.24,,,alternate,false,17.88,18.24,17.95,500,18.30,116.9,110.2,3,5000,17.17,18.07,17.20,17.27,115.5,113.0
5000000,b8192,gsweep,avg_f64_2i32_10k,"avg_f64, 2 i32 key(s), 10k groups in the key domain","SELECT k1, k2, avg(x) AS m FROM grid GROUP BY k1, k2",5.31,,,58.6,,30,,"yes",2.220e-16,,,"TAKEN AggregateExec (input rows 5000000 (exact) vs min_rows 250000; sum_avg_f64 over 2+ i32 keys (memory input): the measured table takes the 100k bucket(s) at 5M rows; MetalExec decides from a group-count estimate; output kept at one partition (only projections above it))",,0,0.00,0.00,0.00,0.00,0.00,0,10000,1.62,1.89,100,0,,,,,,,5.41,58.6,7.76,"yes",1,1,7742,0.0166,0.01,0.00,"TAKEN AggregateExec (input rows 5000000 (exact) vs min_rows 250000; sum_avg_f64 over 2+ i32 keys (memory input): the measured table takes the 100k bucket(s) at 5M rows; MetalExec decides from a group-count estimate; output kept at one partition (only projections above it)) | LEFT MetalExec Aggregate { keys (handed back to DataFusion: an estimated 7742 groups (4999 to 16477, Chao1 over a 512-row sample) at 5000000 rows: sum_avg_f64 at the 10k bucket is not taken at any measured size (needs 1.65x at two or more sizes; 1M: 0.52x, 2M: 0.55x, 5M: 1.10x, 10M: 1.30x, 50M: 1.20x); left to DataFusion (from the first 16384 rows of each partition))",7.92,2026-10-01 03:50:41,2026-10-01 03:55:12,2026-09-29 00:37:52,30,5.53,5.60,,,alternate,false,17.74,18.68,17.35,500,17.43,123.6,123.9,3,5000,17.87,19.45,18.47,19.87,122.3,122.5
5000000,b8192,gsweep,minmax_int_2i32_10k,"minmax_int, 2 i32 key(s), 10k groups in the key domain","SELECT k1, k2, min(q) AS lo, max(q) AS hi FROM grid GROUP BY k1, k2",5.90,,,63.8,,30,,"yes",0.000e0,,,"TAKEN AggregateExec (input rows 5000000 (exact) vs min_rows 250000; minmax_int over 2+ i32 keys (memory input): the measured table takes the 100k, 1M bucket(s) at 5M rows; MetalExec decides from a group-count estimate; output kept at one partition (only projections above it))",,0,0.00,0.00,0.00,0.00,0.00,0,10000,1.62,1.89,100,0,,,,,,,5.86,65.2,8.17,"yes",1,1,7742,0.0182,0.01,0.00,"TAKEN AggregateExec (input rows 5000000 (exact) vs min_rows 250000; minmax_int over 2+ i32 keys (memory input): the measured table takes the 100k, 1M bucket(s) at 5M rows; MetalExec decides from a group-count estimate; output kept at one partition (only projections above it)) | LEFT MetalExec Aggregate { keys (handed back to DataFusion: an estimated 7742 groups (4999 to 16477, Chao1 over a 512-row sample) at 5000000 rows: minmax_int at the 10k bucket is not taken at any measured size (needs 1.65x at two or more sizes; 1M: 0.59x, 2M: 1.20x, 5M: 1.50x, 10M: 1.40x, 50M: 1.50x); left to DataFusion (from the first 16384 rows of each partition))",8.28,2026-10-01 03:50:41,2026-10-01 03:55:12,2026-09-29 00:37:52,30,6.00,6.04,,,alternate,false,16.94,19.32,16.97,500,18.98,134.8,129.5,3,5000,15.74,19.75,20.19,20.88,115.7,133.3
5000000,b8192,gsweep,minmax_int_1i64_10k,"minmax_int, 1 i64 key(s), 10k groups in the key domain","SELECT kl, min(q) AS lo, max(q) AS hi FROM grid GROUP BY kl",3.53,,,38.0,,30,,"yes",0.000e0,,,"TAKEN AggregateExec (input rows 5000000 (exact) vs min_rows 250000; minmax_int over 1 i64 key (memory input): the measured table takes the 100k, 1M bucket(s) at 5M rows; MetalExec decides from a group-count estimate; output kept at one partition (only projections above it))",,0,0.00,0.00,0.00,0.00,0.00,0,10000,1.62,1.89,100,0,,,,,,,3.66,38.5,5.45,"yes",1,1,9526,0.0154,0.01,0.00,"TAKEN AggregateExec (input rows 5000000 (exact) vs min_rows 250000; minmax_int over 1 i64 key (memory input): the measured table takes the 100k, 1M bucket(s) at 5M rows; MetalExec decides from a group-count estimate; output kept at one partition (only projections above it)) | LEFT MetalExec Aggregate { keys (handed back to DataFusion: an estimated 9526 groups (5850 to 23640, Chao1 over a 512-row sample) at 5000000 rows: minmax_int at the 10k bucket is not taken at any measured size (needs 1.65x at two or more sizes; 1M: 0.67x, 2M: 1.00x, 5M: 1.10x, 10M: 0.95x, 50M: 0.87x); left to DataFusion (from the first 16384 rows of each partition))",5.64,2026-10-01 03:50:41,2026-10-01 03:55:12,2026-09-29 00:37:52,30,3.72,3.77,,,alternate,false,14.35,15.50,13.58,500,15.64,83.8,82.0,3,5000,16.02,17.82,14.71,14.84,84.5,84.3
5000000,b8192,gsweep,sum_f64_2i64_10k,"sum_f64, 2 i64 key(s), 10k groups in the key domain","SELECT kl1, kl2, sum(x) AS s FROM grid GROUP BY kl1, kl2",5.14,,,54.8,,30,,"yes",4.948e-16,,,"TAKEN AggregateExec (input rows 5000000 (exact) vs min_rows 250000; sum_avg_f64 over 2+ i64 keys (memory input): the measured table takes the 100k bucket(s) at 5M rows; MetalExec decides from a group-count estimate; output kept at one partition (only projections above it))",,0,0.00,0.00,0.00,0.00,0.00,0,10000,1.62,1.89,100,0,,,,,,,5.20,56.1,8.90,"yes",1,1,7742,0.0191,0.01,0.00,"TAKEN AggregateExec (input rows 5000000 (exact) vs min_rows 250000; sum_avg_f64 over 2+ i64 keys (memory input): the measured table takes the 100k bucket(s) at 5M rows; MetalExec decides from a group-count estimate; output kept at one partition (only projections above it)) | LEFT MetalExec Aggregate { keys (handed back to DataFusion: an estimated 7742 groups (4999 to 16477, Chao1 over a 512-row sample) at 5000000 rows: sum_avg_f64 at the 10k bucket is not taken at any measured size (needs 1.65x at two or more sizes; 1M: 0.66x, 2M: 0.79x, 5M: 1.10x, 10M: 1.10x, 50M: 1.00x); left to DataFusion (from the first 16384 rows of each partition))",8.45,2026-10-01 03:50:41,2026-10-01 03:55:12,2026-09-29 00:37:52,30,5.33,5.39,,,alternate,false,18.90,19.25,14.65,500,18.21,115.9,111.9,3,5000,17.97,19.75,12.83,18.92,119.3,114.1
5000000,b8192,gsweep,avg_f64_2i64_10k,"avg_f64, 2 i64 key(s), 10k groups in the key domain","SELECT kl1, kl2, avg(x) AS m FROM grid GROUP BY kl1, kl2",5.55,,,59.6,,30,,"yes",3.331e-16,,,"TAKEN AggregateExec (input rows 5000000 (exact) vs min_rows 250000; sum_avg_f64 over 2+ i64 keys (memory input): the measured table takes the 100k bucket(s) at 5M rows; MetalExec decides from a group-count estimate; output kept at one partition (only projections above it))",,0,0.00,0.00,0.00,0.00,0.00,0,10000,1.62,1.89,100,0,,,,,,,5.66,59.2,8.05,"yes",1,1,7742,0.0267,0.01,0.00,"TAKEN AggregateExec (input rows 5000000 (exact) vs min_rows 250000; sum_avg_f64 over 2+ i64 keys (memory input): the measured table takes the 100k bucket(s) at 5M rows; MetalExec decides from a group-count estimate; output kept at one partition (only projections above it)) | LEFT MetalExec Aggregate { keys (handed back to DataFusion: an estimated 7742 groups (4999 to 16477, Chao1 over a 512-row sample) at 5000000 rows: sum_avg_f64 at the 10k bucket is not taken at any measured size (needs 1.65x at two or more sizes; 1M: 0.66x, 2M: 0.79x, 5M: 1.10x, 10M: 1.10x, 50M: 1.00x); left to DataFusion (from the first 16384 rows of each partition))",8.08,2026-10-01 03:50:41,2026-10-01 03:55:12,2026-09-29 00:37:52,30,5.73,5.82,,,alternate,false,17.88,19.55,18.19,500,18.47,124.0,127.7,3,5000,9.16,18.63,8.76,9.52,76.0,72.5
5000000,b8192,gsweep,minmax_int_2i64_10k,"minmax_int, 2 i64 key(s), 10k groups in the key domain","SELECT kl1, kl2, min(q) AS lo, max(q) AS hi FROM grid GROUP BY kl1, kl2",5.97,,,66.4,,30,,"yes",0.000e0,,,"TAKEN AggregateExec (input rows 5000000 (exact) vs min_rows 250000; minmax_int over 2+ i64 keys (memory input): the measured table takes the 100k, 1M bucket(s) at 5M rows; MetalExec decides from a group-count estimate; output kept at one partition (only projections above it))",,0,0.00,0.00,0.00,0.00,0.00,0,10000,1.62,1.89,100,0,,,,,,,6.06,66.5,7.88,"yes",1,1,7742,0.0200,0.01,0.00,"TAKEN AggregateExec (input rows 5000000 (exact) vs min_rows 250000; minmax_int over 2+ i64 keys (memory input): the measured table takes the 100k, 1M bucket(s) at 5M rows; MetalExec decides from a group-count estimate; output kept at one partition (only projections above it)) | LEFT MetalExec Aggregate { keys (handed back to DataFusion: an estimated 7742 groups (4999 to 16477, Chao1 over a 512-row sample) at 5000000 rows: minmax_int at the 10k bucket is not taken at any measured size (needs 1.65x at two or more sizes; 1M: 0.98x, 2M: 1.10x, 5M: 1.20x, 10M: 1.40x, 50M: 1.20x); left to DataFusion (from the first 16384 rows of each partition))",8.02,2026-10-01 03:50:41,2026-10-01 03:55:12,2026-09-29 00:37:52,30,6.23,6.25,,,alternate,false,20.05,20.33,13.69,500,18.81,135.9,136.1,3,5000,19.18,19.26,18.61,18.75,137.9,139.8
5000000,b8192,gsweep,minmax_int_1i32_100k,"minmax_int, 1 i32 key(s), 100k groups in the key domain","SELECT k, min(q) AS lo, max(q) AS hi FROM grid GROUP BY k",9.57,,,124.1,,15,,"yes",0.000e0,,,"TAKEN AggregateExec (input rows 5000000 (exact) vs min_rows 250000; minmax_int over 1 i32 key (memory input): the measured table takes the 100k, 1M bucket(s) at 5M rows; MetalExec decides from a group-count estimate; output kept at one partition (only projections above it))",,0,0.00,0.00,0.00,0.00,0.00,0,100000,1.82,2.25,100,34,,,,,,,3.28,5.4,15.55,"yes",1,0,108507,0.0808,0.09,2.25,"TAKEN AggregateExec (input rows 5000000 (exact) vs min_rows 250000; minmax_int over 1 i32 key (memory input): the measured table takes the 100k, 1M bucket(s) at 5M rows; MetalExec decides from a group-count estimate; output kept at one partition (only projections above it)) | TAKEN MetalExec Aggregate { keys (ran on ArrowMetal: an estimated 108507 groups (70643 to 214655, Chao1 over a 2048-row sample) at 5000000 rows: minmax_int at the 100k bucket is taken from 2M rows (from the first rows of each partition; a 2048-row sample of the whole input puts it at 77259 to 255922 groups))",11.11,2026-10-01 03:55:15,2026-10-01 03:59:50,2026-09-29 00:37:52,3,9.65,3.69,,,rounds,true,16.81,23.37,23.89,500,26.83,16.0,205.7,3,5000,25.22,26.67,22.48,23.54,32.3,205.1
5000000,b8192,gsweep,sum_f64_2i32_100k,"sum_f64, 2 i32 key(s), 100k groups in the key domain","SELECT k1, k2, sum(x) AS s FROM grid GROUP BY k1, k2",8.49,,,112.8,,15,,"yes",5.476e-16,,,"TAKEN AggregateExec (input rows 5000000 (exact) vs min_rows 250000; sum_avg_f64 over 2+ i32 keys (memory input): the measured table takes the 100k bucket(s) at 5M rows; MetalExec decides from a group-count estimate; output kept at one partition (only projections above it))",,0,0.00,0.00,0.00,0.00,0.00,0,100000,1.82,2.25,100,38,,,,,,,4.90,7.4,20.06,"yes",1,0,114647,0.1156,0.12,3.33,"TAKEN AggregateExec (input rows 5000000 (exact) vs min_rows 250000; sum_avg_f64 over 2+ i32 keys (memory input): the measured table takes the 100k bucket(s) at 5M rows; MetalExec decides from a group-count estimate; output kept at one partition (only projections above it)) | TAKEN MetalExec Aggregate { keys (ran on ArrowMetal: an estimated 114647 groups (73796 to 233598, Chao1 over a 2048-row sample) at 5000000 rows: sum_avg_f64 at the 100k bucket is taken from 5M rows (from the first rows of each partition; a 2048-row sample of the whole input puts it at 90063 to 354992 groups))",11.02,2026-10-01 03:55:15,2026-10-01 03:59:50,2026-09-29 00:37:52,3,8.50,5.21,,,rounds,true,22.74,26.72,14.48,500,23.46,31.9,166.2,3,5000,30.19,31.47,22.99,25.04,39.1,218.9
5000000,b8192,gsweep,avg_f64_2i32_100k,"avg_f64, 2 i32 key(s), 100k groups in the key domain","SELECT k1, k2, avg(x) AS m FROM grid GROUP BY k1, k2",9.48,,,128.7,,15,,"yes",3.331e-16,,,"TAKEN AggregateExec (input rows 5000000 (exact) vs min_rows 250000; sum_avg_f64 over 2+ i32 keys (memory input): the measured table takes the 100k bucket(s) at 5M rows; MetalExec decides from a group-count estimate; output kept at one partition (only projections above it))",,0,0.00,0.00,0.00,0.00,0.00,0,100000,1.82,2.25,100,34,,,,,,,5.03,7.5,18.94,"yes",1,0,114647,0.1248,0.08,3.60,"TAKEN AggregateExec (input rows 5000000 (exact) vs min_rows 250000; sum_avg_f64 over 2+ i32 keys (memory input): the measured table takes the 100k bucket(s) at 5M rows; MetalExec decides from a group-count estimate; output kept at one partition (only projections above it)) | TAKEN MetalExec Aggregate { keys (ran on ArrowMetal: an estimated 114647 groups (73796 to 233598, Chao1 over a 2048-row sample) at 5000000 rows: sum_avg_f64 at the 100k bucket is taken from 5M rows (from the first rows of each partition; a 2048-row sample of the whole input puts it at 90063 to 354992 groups))",12.94,2026-10-01 03:55:15,2026-10-01 03:59:50,2026-09-29 00:37:52,3,9.64,5.29,,,rounds,true,19.52,29.51,23.79,500,24.82,25.4,228.9,3,5000,20.45,23.04,14.91,24.20,20.5,174.1
5000000,b8192,gsweep,minmax_int_2i32_100k,"minmax_int, 2 i32 key(s), 100k groups in the key domain","SELECT k1, k2, min(q) AS lo, max(q) AS hi FROM grid GROUP BY k1, k2",11.80,,,156.6,,15,,"yes",0.000e0,,,"TAKEN AggregateExec (input rows 5000000 (exact) vs min_rows 250000; minmax_int over 2+ i32 keys (memory input): the measured table takes the 100k, 1M bucket(s) at 5M rows; MetalExec decides from a group-count estimate; output kept at one partition (only projections above it))",,0,0.00,0.00,0.00,0.00,0.00,0,100000,1.82,2.25,100,29,,,,,,,4.62,7.8,15.64,"yes",1,0,114647,0.1320,0.10,3.09,"TAKEN AggregateExec (input rows 5000000 (exact) vs min_rows 250000; minmax_int over 2+ i32 keys (memory input): the measured table takes the 100k, 1M bucket(s) at 5M rows; MetalExec decides from a group-count estimate; output kept at one partition (only projections above it)) | TAKEN MetalExec Aggregate { keys (ran on ArrowMetal: an estimated 114647 groups (73796 to 233598, Chao1 over a 2048-row sample) at 5000000 rows: minmax_int at the 100k bucket is taken from 2M rows (from the first rows of each partition; a 2048-row sample of the whole input puts it at 90063 to 354992 groups))",16.09,2026-10-01 03:55:15,2026-10-01 03:59:50,2026-09-29 00:37:52,3,11.80,5.07,,,rounds,true,17.59,25.85,27.71,500,29.74,25.0,282.4,3,5000,24.60,30.83,26.36,28.07,34.5,286.2
5000000,b8192,gsweep,minmax_int_1i64_100k,"minmax_int, 1 i64 key(s), 100k groups in the key domain","SELECT kl, min(q) AS lo, max(q) AS hi FROM grid GROUP BY kl",10.59,,,135.9,,15,,"yes",0.000e0,,,"TAKEN AggregateExec (input rows 5000000 (exact) vs min_rows 250000; minmax_int over 1 i64 key (memory input): the measured table takes the 100k, 1M bucket(s) at 5M rows; MetalExec decides from a group-count estimate; output kept at one partition (only projections above it))",,0,0.00,0.00,0.00,0.00,0.00,0,100000,1.82,2.25,100,31,,,,,,,3.69,6.7,18.29,"yes",1,0,108507,0.0853,0.08,2.40,"TAKEN AggregateExec (input rows 5000000 (exact) vs min_rows 250000; minmax_int over 1 i64 key (memory input): the measured table takes the 100k, 1M bucket(s) at 5M rows; MetalExec decides from a group-count estimate; output kept at one partition (only projections above it)) | TAKEN MetalExec Aggregate { keys (ran on ArrowMetal: an estimated 108507 groups (70643 to 214655, Chao1 over a 2048-row sample) at 5000000 rows: minmax_int at the 100k bucket is taken from 5M rows (from the first rows of each partition; a 2048-row sample of the whole input puts it at 77259 to 255922 groups))",14.19,2026-10-01 03:55:15,2026-10-01 03:59:50,2026-09-29 00:37:52,3,10.60,4.95,,,rounds,true,18.92,26.44,24.82,500,25.54,29.1,226.4,3,5000,18.44,28.56,22.43,26.63,27.2,249.5
5000000,b8192,gsweep,sum_f64_2i64_100k,"sum_f64, 2 i64 key(s), 100k groups in the key domain","SELECT kl1, kl2, sum(x) AS s FROM grid GROUP BY kl1, kl2",9.29,,,124.6,,15,,"yes",5.590e-16,,,"TAKEN AggregateExec (input rows 5000000 (exact) vs min_rows 250000; sum_avg_f64 over 2+ i64 keys (memory input): the measured table takes the 100k bucket(s) at 5M rows; MetalExec decides from a group-count estimate; output kept at one partition (only projections above it))",,0,0.00,0.00,0.00,0.00,0.00,0,100000,1.82,2.25,100,35,,,,,,,5.39,9.4,20.58,"yes",1,0,114647,0.1455,0.09,3.72,"TAKEN AggregateExec (input rows 5000000 (exact) vs min_rows 250000; sum_avg_f64 over 2+ i64 keys (memory input): the measured table takes the 100k bucket(s) at 5M rows; MetalExec decides from a group-count estimate; output kept at one partition (only projections above it)) | TAKEN MetalExec Aggregate { keys (ran on ArrowMetal: an estimated 114647 groups (73796 to 233598, Chao1 over a 2048-row sample) at 5000000 rows: sum_avg_f64 at the 100k bucket is taken from 5M rows (from the first rows of each partition; a 2048-row sample of the whole input puts it at 90063 to 354992 groups))",13.32,2026-10-01 03:55:15,2026-10-01 03:59:50,2026-09-29 00:37:52,3,9.29,5.52,,,rounds,true,18.94,20.26,18.86,500,23.88,26.6,220.7,3,5000,22.69,26.18,18.77,20.24,31.6,225.8
5000000,b8192,gsweep,avg_f64_2i64_100k,"avg_f64, 2 i64 key(s), 100k groups in the key domain","SELECT kl1, kl2, avg(x) AS m FROM grid GROUP BY kl1, kl2",10.59,,,144.7,,15,,"yes",2.220e-16,,,"TAKEN AggregateExec (input rows 5000000 (exact) vs min_rows 250000; sum_avg_f64 over 2+ i64 keys (memory input): the measured table takes the 100k bucket(s) at 5M rows; MetalExec decides from a group-count estimate; output kept at one partition (only projections above it))",,0,0.00,0.00,0.00,0.00,0.00,0,100000,1.82,2.25,100,31,,,,,,,5.34,9.4,18.60,"yes",1,0,114647,0.1368,0.13,3.60,"TAKEN AggregateExec (input rows 5000000 (exact) vs min_rows 250000; sum_avg_f64 over 2+ i64 keys (memory input): the measured table takes the 100k bucket(s) at 5M rows; MetalExec decides from a group-count estimate; output kept at one partition (only projections above it)) | TAKEN MetalExec Aggregate { keys (ran on ArrowMetal: an estimated 114647 groups (73796 to 233598, Chao1 over a 2048-row sample) at 5000000 rows: sum_avg_f64 at the 100k bucket is taken from 5M rows (from the first rows of each partition; a 2048-row sample of the whole input puts it at 90063 to 354992 groups))",13.60,2026-10-01 03:55:15,2026-10-01 03:59:50,2026-09-29 00:37:52,3,10.61,5.35,,,rounds,true,22.76,23.27,26.19,500,27.85,36.4,250.4,3,5000,26.44,27.12,21.94,25.65,39.8,249.4
5000000,b8192,gsweep,minmax_int_2i64_100k,"minmax_int, 2 i64 key(s), 100k groups in the key domain","SELECT kl1, kl2, min(q) AS lo, max(q) AS hi FROM grid GROUP BY kl1, kl2",12.91,,,173.6,,15,,"yes",0.000e0,,,"TAKEN AggregateExec (input rows 5000000 (exact) vs min_rows 250000; minmax_int over 2+ i64 keys (memory input): the measured table takes the 100k, 1M bucket(s) at 5M rows; MetalExec decides from a group-count estimate; output kept at one partition (only projections above it))",,0,0.00,0.00,0.00,0.00,0.00,0,100000,1.82,2.25,100,27,,,,,,,5.12,9.5,16.33,"yes",1,0,114647,0.1411,0.13,3.36,"TAKEN AggregateExec (input rows 5000000 (exact) vs min_rows 250000; minmax_int over 2+ i64 keys (memory input): the measured table takes the 100k, 1M bucket(s) at 5M rows; MetalExec decides from a group-count estimate; output kept at one partition (only projections above it)) | TAKEN MetalExec Aggregate { keys (ran on ArrowMetal: an estimated 114647 groups (73796 to 233598, Chao1 over a 2048-row sample) at 5000000 rows: minmax_int at the 100k bucket is taken from 5M rows (from the first rows of each partition; a 2048-row sample of the whole input puts it at 90063 to 354992 groups))",16.20,2026-10-01 03:55:15,2026-10-01 03:59:50,2026-09-29 00:37:52,3,13.00,5.20,,,rounds,true,20.25,27.41,27.87,500,28.11,37.0,295.0,3,5000,27.30,27.73,27.88,29.50,46.1,294.3
5000000,b8192,gsweep,minmax_int_1i32_1M,"minmax_int, 1 i32 key(s), 1M groups in the key domain","SELECT k, min(q) AS lo, max(q) AS hi FROM grid GROUP BY k",11.38,,,162.0,,30,,"yes",0.000e0,,,"TAKEN AggregateExec (input rows 5000000 (exact) vs min_rows 250000; minmax_int over 1 i32 key (memory input): the measured table takes the 100k, 1M bucket(s) at 5M rows; MetalExec decides from a group-count estimate; output kept at one partition (only projections above it))",,0,0.00,0.00,0.00,0.00,0.00,0,993187,2.45,3.40,100,0,,,,,,,11.71,164.8,12.16,"yes",1,1,1040798,0.1148,0.01,0.00,"TAKEN AggregateExec (input rows 5000000 (exact) vs min_rows 250000; minmax_int over 1 i32 key (memory input): the measured table takes the 100k, 1M bucket(s) at 5M rows; MetalExec decides from a group-count estimate; output kept at one partition (only projections above it)) | LEFT MetalExec Aggregate { keys (handed back to DataFusion: an estimated 1040798 groups (740276 to 1671653, Chao1 over a 8192-row sample) at 5000000 rows: the range reaches group counts the table decides differently; left to DataFusion (from the first 16384 rows of each partition))",12.72,2026-10-01 04:00:43,2026-10-01 04:05:20,2026-09-29 00:37:52,30,11.81,12.04,,,alternate,false,20.40,29.95,27.67,500,28.43,258.8,256.9,3,5000,23.70,28.31,18.72,27.64,268.6,254.5
5000000,b8192,gsweep,sum_f64_2i32_1M,"sum_f64, 2 i32 key(s), 1M groups in the key domain","SELECT k1, k2, sum(x) AS s FROM grid GROUP BY k1, k2",10.79,,,153.1,,30,,"yes",5.891e-16,,,"TAKEN AggregateExec (input rows 5000000 (exact) vs min_rows 250000; sum_avg_f64 over 2+ i32 keys (memory input): the measured table takes the 100k bucket(s) at 5M rows; MetalExec decides from a group-count estimate; output kept at one partition (only projections above it))",,0,0.00,0.00,0.00,0.00,0.00,0,993244,2.45,3.40,100,0,,,,,,,10.80,155.0,11.65,"yes",1,1,1048065,0.0604,0.01,0.00,"TAKEN AggregateExec (input rows 5000000 (exact) vs min_rows 250000; sum_avg_f64 over 2+ i32 keys (memory input): the measured table takes the 100k bucket(s) at 5M rows; MetalExec decides from a group-count estimate; output kept at one partition (only projections above it)) | LEFT MetalExec Aggregate { keys (handed back to DataFusion: an estimated 1048065 groups (350720 to 5000000, Chao1 over a 2048-row sample) at 5000000 rows: sum_avg_f64 at the 1M bucket is not taken at any measured size (needs 1.65x at two or more sizes; 5M: 1.40x, 10M: 1.60x, 50M: 2.20x); left to DataFusion (from the first 16384 rows of each partition))",12.14,2026-10-01 04:00:43,2026-10-01 04:05:20,2026-09-29 00:37:52,30,11.04,11.26,,,alternate,false,27.16,27.19,21.38,500,28.08,275.5,268.2,3,5000,21.95,27.19,18.63,24.12,250.6,240.4
5000000,b8192,gsweep,avg_f64_2i32_1M,"avg_f64, 2 i32 key(s), 1M groups in the key domain","SELECT k1, k2, avg(x) AS m FROM grid GROUP BY k1, k2",12.23,,,174.7,,30,,"yes",3.331e-16,,,"TAKEN AggregateExec (input rows 5000000 (exact) vs min_rows 250000; sum_avg_f64 over 2+ i32 keys (memory input): the measured table takes the 100k bucket(s) at 5M rows; MetalExec decides from a group-count estimate; output kept at one partition (only projections above it))",,0,0.00,0.00,0.00,0.00,0.00,0,993244,2.45,3.40,100,0,,,,,,,12.18,174.6,13.35,"yes",1,1,1048065,0.0587,0.01,0.00,"TAKEN AggregateExec (input rows 5000000 (exact) vs min_rows 250000; sum_avg_f64 over 2+ i32 keys (memory input): the measured table takes the 100k bucket(s) at 5M rows; MetalExec decides from a group-count estimate; output kept at one partition (only projections above it)) | LEFT MetalExec Aggregate { keys (handed back to DataFusion: an estimated 1048065 groups (350720 to 5000000, Chao1 over a 2048-row sample) at 5000000 rows: sum_avg_f64 at the 1M bucket is not taken at any measured size (needs 1.65x at two or more sizes; 5M: 1.40x, 10M: 1.60x, 50M: 2.20x); left to DataFusion (from the first 16384 rows of each partition))",14.31,2026-10-01 04:00:43,2026-10-01 04:05:20,2026-09-29 00:37:52,30,12.59,12.69,,,alternate,false,22.73,30.52,27.77,500,29.26,286.7,305.4,3,5000,29.68,31.16,27.93,28.47,291.6,307.2
5000000,b8192,gsweep,minmax_int_2i32_1M,"minmax_int, 2 i32 key(s), 1M groups in the key domain","SELECT k1, k2, min(q) AS lo, max(q) AS hi FROM grid GROUP BY k1, k2",13.66,,,195.0,,15,,"yes",0.000e0,,,"TAKEN AggregateExec (input rows 5000000 (exact) vs min_rows 250000; minmax_int over 2+ i32 keys (memory input): the measured table takes the 100k, 1M bucket(s) at 5M rows; MetalExec decides from a group-count estimate; output kept at one partition (only projections above it))",,0,0.00,0.00,0.00,0.00,0.00,0,993244,2.45,3.40,100,26,,,,,,,5.79,8.5,18.66,"yes",1,0,772470,0.1810,0.13,4.14,"TAKEN AggregateExec (input rows 5000000 (exact) vs min_rows 250000; minmax_int over 2+ i32 keys (memory input): the measured table takes the 100k, 1M bucket(s) at 5M rows; MetalExec decides from a group-count estimate; output kept at one partition (only projections above it)) | TAKEN MetalExec Aggregate { keys (ran on ArrowMetal: an estimated 772470 groups (575178 to 1139949, Chao1 over a 8192-row sample) at 5000000 rows: minmax_int at the 1M bucket is taken from 5M rows (from the first rows of each partition; a 2048-row sample of the whole input puts it at 350720 to 5000000 groups))",17.95,2026-10-01 04:00:43,2026-10-01 04:05:20,2026-09-29 00:37:52,3,13.91,6.04,,,rounds,true,26.38,28.97,29.52,500,30.29,37.4,340.2,3,5000,31.16,32.96,31.63,32.02,39.1,343.1
5000000,b8192,gsweep,minmax_int_1i64_1M,"minmax_int, 1 i64 key(s), 1M groups in the key domain","SELECT kl, min(q) AS lo, max(q) AS hi FROM grid GROUP BY kl",12.04,,,174.9,,30,,"yes",0.000e0,,,"TAKEN AggregateExec (input rows 5000000 (exact) vs min_rows 250000; minmax_int over 1 i64 key (memory input): the measured table takes the 100k, 1M bucket(s) at 5M rows; MetalExec decides from a group-count estimate; output kept at one partition (only projections above it))",,0,0.00,0.00,0.00,0.00,0.00,0,993187,2.45,3.40,100,0,,,,,,,12.51,177.3,15.04,"yes",1,1,1040798,0.1505,0.01,0.00,"TAKEN AggregateExec (input rows 5000000 (exact) vs min_rows 250000; minmax_int over 1 i64 key (memory input): the measured table takes the 100k, 1M bucket(s) at 5M rows; MetalExec decides from a group-count estimate; output kept at one partition (only projections above it)) | LEFT MetalExec Aggregate { keys (handed back to DataFusion: an estimated 1040798 groups (740276 to 1671653, Chao1 over a 8192-row sample) at 5000000 rows: the range reaches group counts the table decides differently; left to DataFusion (from the first 16384 rows of each partition))",15.63,2026-10-01 04:00:43,2026-10-01 04:05:20,2026-09-29 00:37:52,30,12.64,12.82,,,alternate,false,27.19,29.28,29.24,500,30.77,302.9,299.3,3,5000,23.15,31.54,24.36,27.30,293.1,260.1
5000000,b8192,gsweep,sum_f64_2i64_1M,"sum_f64, 2 i64 key(s), 1M groups in the key domain","SELECT kl1, kl2, sum(x) AS s FROM grid GROUP BY kl1, kl2",12.01,,,171.3,,30,,"yes",6.461e-16,,,"TAKEN AggregateExec (input rows 5000000 (exact) vs min_rows 250000; sum_avg_f64 over 2+ i64 keys (memory input): the measured table takes the 100k bucket(s) at 5M rows; MetalExec decides from a group-count estimate; output kept at one partition (only projections above it))",,0,0.00,0.00,0.00,0.00,0.00,0,993244,2.45,3.40,100,0,,,,,,,12.27,172.6,13.13,"yes",1,1,1048065,0.0639,0.01,0.00,"TAKEN AggregateExec (input rows 5000000 (exact) vs min_rows 250000; sum_avg_f64 over 2+ i64 keys (memory input): the measured table takes the 100k bucket(s) at 5M rows; MetalExec decides from a group-count estimate; output kept at one partition (only projections above it)) | LEFT MetalExec Aggregate { keys (handed back to DataFusion: an estimated 1048065 groups (350720 to 5000000, Chao1 over a 2048-row sample) at 5000000 rows: sum_avg_f64 at the 1M bucket is taken from 10M rows (5M: 1.50x, 10M: 1.80x, 50M: 2.30x); left to DataFusion (from the first 16384 rows of each partition))",14.48,2026-10-01 04:00:43,2026-10-01 04:05:20,2026-09-29 00:37:52,30,12.44,12.61,,,alternate,false,24.90,26.04,28.60,500,29.00,290.0,302.5,3,5000,28.23,28.90,29.03,29.41,289.9,293.4
5000000,b8192,gsweep,avg_f64_2i64_1M,"avg_f64, 2 i64 key(s), 1M groups in the key domain","SELECT kl1, kl2, avg(x) AS m FROM grid GROUP BY kl1, kl2",13.78,,,195.8,,30,,"yes",3.331e-16,,,"TAKEN AggregateExec (input rows 5000000 (exact) vs min_rows 250000; sum_avg_f64 over 2+ i64 keys (memory input): the measured table takes the 100k bucket(s) at 5M rows; MetalExec decides from a group-count estimate; output kept at one partition (only projections above it))",,0,0.00,0.00,0.00,0.00,0.00,0,993244,2.45,3.40,100,0,,,,,,,13.89,196.7,15.82,"yes",1,1,1048065,0.0639,0.01,0.00,"TAKEN AggregateExec (input rows 5000000 (exact) vs min_rows 250000; sum_avg_f64 over 2+ i64 keys (memory input): the measured table takes the 100k bucket(s) at 5M rows; MetalExec decides from a group-count estimate; output kept at one partition (only projections above it)) | LEFT MetalExec Aggregate { keys (handed back to DataFusion: an estimated 1048065 groups (350720 to 5000000, Chao1 over a 2048-row sample) at 5000000 rows: sum_avg_f64 at the 1M bucket is taken from 10M rows (5M: 1.50x, 10M: 1.80x, 50M: 2.30x); left to DataFusion (from the first 16384 rows of each partition))",17.19,2026-10-01 04:00:43,2026-10-01 04:05:20,2026-09-29 00:37:52,30,14.18,14.28,,,alternate,false,28.99,29.31,30.17,500,32.01,317.1,332.0,3,5000,24.93,31.80,28.88,31.14,319.4,329.4
5000000,b8192,gsweep,minmax_int_2i64_1M,"minmax_int, 2 i64 key(s), 1M groups in the key domain","SELECT kl1, kl2, min(q) AS lo, max(q) AS hi FROM grid GROUP BY kl1, kl2",15.20,,,219.2,,15,,"yes",0.000e0,,,"TAKEN AggregateExec (input rows 5000000 (exact) vs min_rows 250000; minmax_int over 2+ i64 keys (memory input): the measured table takes the 100k, 1M bucket(s) at 5M rows; MetalExec decides from a group-count estimate; output kept at one partition (only projections above it))",,0,0.00,0.00,0.00,0.00,0.00,0,993244,2.45,3.40,100,24,,,,,,,6.11,10.4,18.66,"yes",1,0,772470,0.2406,0.13,4.07,"TAKEN AggregateExec (input rows 5000000 (exact) vs min_rows 250000; minmax_int over 2+ i64 keys (memory input): the measured table takes the 100k, 1M bucket(s) at 5M rows; MetalExec decides from a group-count estimate; output kept at one partition (only projections above it)) | TAKEN MetalExec Aggregate { keys (ran on ArrowMetal: an estimated 772470 groups (575178 to 1139949, Chao1 over a 8192-row sample) at 5000000 rows: minmax_int at the 1M bucket is taken from 5M rows (from the first rows of each partition; a 2048-row sample of the whole input puts it at 350720 to 5000000 groups))",18.51,2026-10-01 04:00:43,2026-10-01 04:05:20,2026-09-29 00:37:52,3,15.24,6.46,,,rounds,true,23.87,27.15,32.89,500,33.93,40.5,359.6,3,5000,31.77,33.31,29.65,33.75,46.0,342.8
5000000,b8192,gsweep,minmax_int_1i32_R2,"minmax_int, 1 i32 key(s), R2 groups in the key domain","SELECT k, min(q) AS lo, max(q) AS hi FROM grid GROUP BY k",14.46,,,209.9,,30,,"yes",0.000e0,,,"TAKEN AggregateExec (input rows 5000000 (exact) vs min_rows 250000; minmax_int over 1 i32 key (memory input): the measured table takes the 100k, 1M bucket(s) at 5M rows; MetalExec decides from a group-count estimate; output kept at one partition (only projections above it))",,0,0.00,0.00,0.00,0.00,0.00,0,2161856,3.29,1.89,100,0,,,,,,,14.81,210.2,15.79,"yes",1,1,1856642,0.1050,0.01,0.00,"TAKEN AggregateExec (input rows 5000000 (exact) vs min_rows 250000; minmax_int over 1 i32 key (memory input): the measured table takes the 100k, 1M bucket(s) at 5M rows; MetalExec decides from a group-count estimate; output kept at one partition (only projections above it)) | LEFT MetalExec Aggregate { keys (handed back to DataFusion: an estimated 1856642 groups (1186117 to 3809090, Chao1 over a 8192-row sample) at 5000000 rows: the range reaches group counts the table decides differently; left to DataFusion (from the first 16384 rows of each partition))",16.86,2026-10-01 04:05:23,2026-10-01 04:10:03,2026-09-29 00:37:52,30,15.02,15.53,,,alternate,false,33.30,34.66,29.97,500,30.86,347.3,311.0,3,5000,32.49,33.12,25.14,31.04,348.0,322.4
5000000,b8192,gsweep,sum_f64_2i32_R2,"sum_f64, 2 i32 key(s), R2 groups in the key domain","SELECT k1, k2, sum(x) AS s FROM grid GROUP BY k1, k2",12.94,,,189.9,,30,,"yes",4.420e-16,,,"TAKEN AggregateExec (input rows 5000000 (exact) vs min_rows 250000; sum_avg_f64 over 2+ i32 keys (memory input): the measured table takes the 100k bucket(s) at 5M rows; MetalExec decides from a group-count estimate; output kept at one partition (only projections above it))",,0,0.00,0.00,0.00,0.00,0.00,0,2161178,3.29,1.89,100,0,,,,,,,13.32,188.9,15.71,"yes",1,1,1048065,0.0557,0.01,0.00,"TAKEN AggregateExec (input rows 5000000 (exact) vs min_rows 250000; sum_avg_f64 over 2+ i32 keys (memory input): the measured table takes the 100k bucket(s) at 5M rows; MetalExec decides from a group-count estimate; output kept at one partition (only projections above it)) | LEFT MetalExec Aggregate { keys (handed back to DataFusion: an estimated 1048065 groups (350720 to 5000000, Chao1 over a 2048-row sample) at 5000000 rows: sum_avg_f64 at the 1M bucket is not taken at any measured size (needs 1.65x at two or more sizes; 5M: 1.40x, 10M: 1.60x, 50M: 2.20x); left to DataFusion (from the first 16384 rows of each partition))",17.26,2026-10-01 04:05:23,2026-10-01 04:10:03,2026-09-29 00:37:52,30,13.60,13.80,,,alternate,false,23.61,30.45,30.39,500,31.22,292.5,329.5,3,5000,30.25,30.96,30.68,33.70,319.6,326.1
5000000,b8192,gsweep,avg_f64_2i32_R2,"avg_f64, 2 i32 key(s), R2 groups in the key domain","SELECT k1, k2, avg(x) AS m FROM grid GROUP BY k1, k2",15.23,,,219.7,,30,,"yes",3.331e-16,,,"TAKEN AggregateExec (input rows 5000000 (exact) vs min_rows 250000; sum_avg_f64 over 2+ i32 keys (memory input): the measured table takes the 100k bucket(s) at 5M rows; MetalExec decides from a group-count estimate; output kept at one partition (only projections above it))",,0,0.00,0.00,0.00,0.00,0.00,0,2161178,3.29,1.89,100,0,,,,,,,15.49,216.2,16.54,"yes",1,1,1048065,0.0521,0.01,0.00,"TAKEN AggregateExec (input rows 5000000 (exact) vs min_rows 250000; sum_avg_f64 over 2+ i32 keys (memory input): the measured table takes the 100k bucket(s) at 5M rows; MetalExec decides from a group-count estimate; output kept at one partition (only projections above it)) | LEFT MetalExec Aggregate { keys (handed back to DataFusion: an estimated 1048065 groups (350720 to 5000000, Chao1 over a 2048-row sample) at 5000000 rows: sum_avg_f64 at the 1M bucket is not taken at any measured size (needs 1.65x at two or more sizes; 5M: 1.40x, 10M: 1.60x, 50M: 2.20x); left to DataFusion (from the first 16384 rows of each partition))",16.33,2026-10-01 04:05:23,2026-10-01 04:10:03,2026-09-29 00:37:52,30,15.72,16.15,,,alternate,false,25.11,32.74,21.11,500,31.94,327.6,282.4,3,5000,33.30,34.51,30.36,32.95,351.0,354.7
5000000,b8192,gsweep,minmax_int_2i32_R2,"minmax_int, 2 i32 key(s), R2 groups in the key domain","SELECT k1, k2, min(q) AS lo, max(q) AS hi FROM grid GROUP BY k1, k2",16.93,,,247.2,,30,,"yes",0.000e0,,,"TAKEN AggregateExec (input rows 5000000 (exact) vs min_rows 250000; minmax_int over 2+ i32 keys (memory input): the measured table takes the 100k, 1M bucket(s) at 5M rows; MetalExec decides from a group-count estimate; output kept at one partition (only projections above it))",,0,0.00,0.00,0.00,0.00,0.00,0,2161178,3.29,1.89,100,0,,,,,,,17.06,244.7,19.88,"yes",1,1,1966336,0.1382,0.01,0.00,"TAKEN AggregateExec (input rows 5000000 (exact) vs min_rows 250000; minmax_int over 2+ i32 keys (memory input): the measured table takes the 100k, 1M bucket(s) at 5M rows; MetalExec decides from a group-count estimate; output kept at one partition (only projections above it)) | LEFT MetalExec Aggregate { keys (handed back to DataFusion: an estimated 1966336 groups (1241092 to 4169266, Chao1 over a 8192-row sample) at 5000000 rows: the range reaches group counts the table decides differently; left to DataFusion (from the first 16384 rows of each partition))",21.24,2026-10-01 04:05:23,2026-10-01 04:10:03,2026-09-29 00:37:52,30,17.65,17.98,,,alternate,false,34.45,35.31,35.10,500,35.29,392.3,397.1,3,5000,28.75,34.18,33.45,37.22,336.4,388.9
5000000,b8192,gsweep,minmax_int_1i64_R2,"minmax_int, 1 i64 key(s), R2 groups in the key domain","SELECT kl, min(q) AS lo, max(q) AS hi FROM grid GROUP BY kl",15.53,,,227.5,,30,,"yes",0.000e0,,,"TAKEN AggregateExec (input rows 5000000 (exact) vs min_rows 250000; minmax_int over 1 i64 key (memory input): the measured table takes the 100k, 1M bucket(s) at 5M rows; MetalExec decides from a group-count estimate; output kept at one partition (only projections above it))",,0,0.00,0.00,0.00,0.00,0.00,0,2161856,3.29,1.89,100,0,,,,,,,15.83,227.0,18.05,"yes",1,1,1856642,0.1473,0.01,0.00,"TAKEN AggregateExec (input rows 5000000 (exact) vs min_rows 250000; minmax_int over 1 i64 key (memory input): the measured table takes the 100k, 1M bucket(s) at 5M rows; MetalExec decides from a group-count estimate; output kept at one partition (only projections above it)) | LEFT MetalExec Aggregate { keys (handed back to DataFusion: an estimated 1856642 groups (1186117 to 3809090, Chao1 over a 8192-row sample) at 5000000 rows: the range reaches group counts the table decides differently; left to DataFusion (from the first 16384 rows of each partition))",18.79,2026-10-01 04:05:23,2026-10-01 04:10:03,2026-09-29 00:37:52,30,16.30,16.63,,,alternate,false,33.73,33.92,33.41,500,40.46,369.1,355.2,3,5000,33.59,35.88,34.53,34.65,364.2,375.9
5000000,b8192,gsweep,sum_f64_2i64_R2,"sum_f64, 2 i64 key(s), R2 groups in the key domain","SELECT kl1, kl2, sum(x) AS s FROM grid GROUP BY kl1, kl2",15.08,,,215.8,,30,,"yes",4.771e-16,,,"TAKEN AggregateExec (input rows 5000000 (exact) vs min_rows 250000; sum_avg_f64 over 2+ i64 keys (memory input): the measured table takes the 100k bucket(s) at 5M rows; MetalExec decides from a group-count estimate; output kept at one partition (only projections above it))",,0,0.00,0.00,0.00,0.00,0.00,0,2161178,3.29,1.89,100,0,,,,,,,15.13,214.7,17.49,"yes",1,1,1048065,0.0612,0.01,0.00,"TAKEN AggregateExec (input rows 5000000 (exact) vs min_rows 250000; sum_avg_f64 over 2+ i64 keys (memory input): the measured table takes the 100k bucket(s) at 5M rows; MetalExec decides from a group-count estimate; output kept at one partition (only projections above it)) | LEFT MetalExec Aggregate { keys (handed back to DataFusion: an estimated 1048065 groups (350720 to 5000000, Chao1 over a 2048-row sample) at 5000000 rows: sum_avg_f64 at the 1M bucket is taken from 10M rows (5M: 1.50x, 10M: 1.80x, 50M: 2.30x); left to DataFusion (from the first 16384 rows of each partition))",18.92,2026-10-01 04:05:23,2026-10-01 04:10:03,2026-09-29 00:37:52,30,15.53,15.54,,,alternate,false,31.93,34.02,31.34,500,31.84,323.4,348.9,3,5000,31.38,33.64,32.13,34.10,338.3,349.0
5000000,b8192,gsweep,avg_f64_2i64_R2,"avg_f64, 2 i64 key(s), R2 groups in the key domain","SELECT kl1, kl2, avg(x) AS m FROM grid GROUP BY kl1, kl2",17.08,,,247.9,,30,,"yes",3.331e-16,,,"TAKEN AggregateExec (input rows 5000000 (exact) vs min_rows 250000; sum_avg_f64 over 2+ i64 keys (memory input): the measured table takes the 100k bucket(s) at 5M rows; MetalExec decides from a group-count estimate; output kept at one partition (only projections above it))",,0,0.00,0.00,0.00,0.00,0.00,0,2161178,3.29,1.89,100,0,,,,,,,17.16,247.0,18.92,"yes",1,1,1048065,0.0629,0.01,0.00,"TAKEN AggregateExec (input rows 5000000 (exact) vs min_rows 250000; sum_avg_f64 over 2+ i64 keys (memory input): the measured table takes the 100k bucket(s) at 5M rows; MetalExec decides from a group-count estimate; output kept at one partition (only projections above it)) | LEFT MetalExec Aggregate { keys (handed back to DataFusion: an estimated 1048065 groups (350720 to 5000000, Chao1 over a 2048-row sample) at 5000000 rows: sum_avg_f64 at the 1M bucket is taken from 10M rows (5M: 1.50x, 10M: 1.80x, 50M: 2.30x); left to DataFusion (from the first 16384 rows of each partition))",20.47,2026-10-01 04:05:23,2026-10-01 04:10:03,2026-09-29 00:37:52,30,17.64,17.84,,,alternate,false,32.92,33.22,34.80,500,35.35,375.9,372.9,3,5000,36.51,38.32,35.26,37.20,380.6,383.3
5000000,b8192,gsweep,minmax_int_2i64_R2,"minmax_int, 2 i64 key(s), R2 groups in the key domain","SELECT kl1, kl2, min(q) AS lo, max(q) AS hi FROM grid GROUP BY kl1, kl2",18.72,,,269.8,,30,,"yes",0.000e0,,,"TAKEN AggregateExec (input rows 5000000 (exact) vs min_rows 250000; minmax_int over 2+ i64 keys (memory input): the measured table takes the 100k, 1M bucket(s) at 5M rows; MetalExec decides from a group-count estimate; output kept at one partition (only projections above it))",,0,0.00,0.00,0.00,0.00,0.00,0,2161178,3.29,1.89,100,0,,,,,,,19.00,270.3,21.05,"yes",1,1,1966336,0.2100,0.01,0.00,"TAKEN AggregateExec (input rows 5000000 (exact) vs min_rows 250000; minmax_int over 2+ i64 keys (memory input): the measured table takes the 100k, 1M bucket(s) at 5M rows; MetalExec decides from a group-count estimate; output kept at one partition (only projections above it)) | LEFT MetalExec Aggregate { keys (handed back to DataFusion: an estimated 1966336 groups (1241092 to 4169266, Chao1 over a 8192-row sample) at 5000000 rows: the range reaches group counts the table decides differently; left to DataFusion (from the first 16384 rows of each partition))",21.55,2026-10-01 04:05:23,2026-10-01 04:10:03,2026-09-29 00:37:52,30,19.27,19.69,,,alternate,false,28.41,37.98,33.86,500,35.08,381.2,408.2,3,5000,29.14,39.88,30.45,36.54,342.4,389.4
5000000,part1,gsweep,minmax_int_1i32_200,"minmax_int, 1 i32 key(s), 200 groups in the key domain","SELECT k, min(q) AS lo, max(q) AS hi FROM grid GROUP BY k",2.17,,,21.1,,30,,"yes",0.000e0,,,"TAKEN AggregateExec (input rows 5000000 (exact) vs min_rows 250000; minmax_int over 1 i32 key (memory input): the measured table takes the 100k, 1M bucket(s) at 5M rows; MetalExec decides from a group-count estimate; output kept at one partition (only projections above it))",,0,0.00,0.00,0.00,0.00,0.00,0,200,1.89,1.74,100,0,,,,,,,2.25,20.8,2.48,"yes",1,1,201,0.0128,0.01,0.00,"TAKEN AggregateExec (input rows 5000000 (exact) vs min_rows 250000; minmax_int over 1 i32 key (memory input): the measured table takes the 100k, 1M bucket(s) at 5M rows; MetalExec decides from a group-count estimate; output kept at one partition (only projections above it)) | LEFT MetalExec Aggregate { keys (handed back to DataFusion: an estimated 201 groups (199 to 205, Chao1 over a 512-row sample) at 5000000 rows: minmax_int at the 200 bucket is not taken at any measured size (needs 1.65x at two or more sizes; 1M: 0.44x, 2M: 0.57x, 5M: 0.76x, 10M: 0.88x, 50M: 1.20x); left to DataFusion (from the first 16384 rows of each partition))",2.86,2026-10-01 04:10:07,2026-10-01 04:14:37,2026-09-29 00:37:52,30,2.26,2.34,,,alternate,false,13.72,14.94,6.59,500,11.68,52.4,48.3,3,5000,12.60,12.70,12.06,14.71,52.8,51.7
5000000,part1,gsweep,sum_f64_2i32_200,"sum_f64, 2 i32 key(s), 200 groups in the key domain","SELECT k1, k2, sum(x) AS s FROM grid GROUP BY k1, k2",4.22,,,45.7,,30,,"yes",4.370e-16,,,"TAKEN AggregateExec (input rows 5000000 (exact) vs min_rows 250000; sum_avg_f64 over 2+ i32 keys (memory input): the measured table takes the 100k bucket(s) at 5M rows; MetalExec decides from a group-count estimate; output kept at one partition (only projections above it))",,0,0.00,0.00,0.00,0.00,0.00,0,200,1.89,1.74,100,0,,,,,,,4.31,45.7,6.82,"yes",1,1,206,0.0148,0.01,0.00,"TAKEN AggregateExec (input rows 5000000 (exact) vs min_rows 250000; sum_avg_f64 over 2+ i32 keys (memory input): the measured table takes the 100k bucket(s) at 5M rows; MetalExec decides from a group-count estimate; output kept at one partition (only projections above it)) | LEFT MetalExec Aggregate { keys (handed back to DataFusion: an estimated 206 groups (203 to 212, Chao1 over a 512-row sample) at 5000000 rows: sum_avg_f64 at the 200 bucket is not taken at any measured size (needs 1.65x at two or more sizes; 1M: 0.41x, 2M: 0.75x, 5M: 1.10x, 10M: 1.30x, 50M: 1.60x); left to DataFusion (from the first 16384 rows of each partition))",6.69,2026-10-01 04:10:07,2026-10-01 04:14:37,2026-09-29 00:37:52,30,4.37,4.51,,,alternate,false,15.56,16.52,15.70,500,16.17,98.8,96.3,3,5000,16.69,18.05,13.42,18.41,96.2,96.5
5000000,part1,gsweep,avg_f64_2i32_200,"avg_f64, 2 i32 key(s), 200 groups in the key domain","SELECT k1, k2, avg(x) AS m FROM grid GROUP BY k1, k2",4.31,,,47.0,,30,,"yes",2.220e-16,,,"TAKEN AggregateExec (input rows 5000000 (exact) vs min_rows 250000; sum_avg_f64 over 2+ i32 keys (memory input): the measured table takes the 100k bucket(s) at 5M rows; MetalExec decides from a group-count estimate; output kept at one partition (only projections above it))",,0,0.00,0.00,0.00,0.00,0.00,0,200,1.89,1.74,100,0,,,,,,,4.38,46.8,6.07,"yes",1,1,206,0.0124,0.01,0.00,"TAKEN AggregateExec (input rows 5000000 (exact) vs min_rows 250000; sum_avg_f64 over 2+ i32 keys (memory input): the measured table takes the 100k bucket(s) at 5M rows; MetalExec decides from a group-count estimate; output kept at one partition (only projections above it)) | LEFT MetalExec Aggregate { keys (handed back to DataFusion: an estimated 206 groups (203 to 212, Chao1 over a 512-row sample) at 5000000 rows: sum_avg_f64 at the 200 bucket is not taken at any measured size (needs 1.65x at two or more sizes; 1M: 0.41x, 2M: 0.75x, 5M: 1.10x, 10M: 1.30x, 50M: 1.60x); left to DataFusion (from the first 16384 rows of each partition))",6.54,2026-10-01 04:10:07,2026-10-01 04:14:37,2026-09-29 00:37:52,30,4.44,4.56,,,alternate,false,11.30,16.49,16.73,500,17.27,99.2,99.3,3,5000,9.95,16.99,9.53,14.92,86.0,72.3
5000000,part1,gsweep,minmax_int_2i32_200,"minmax_int, 2 i32 key(s), 200 groups in the key domain","SELECT k1, k2, min(q) AS lo, max(q) AS hi FROM grid GROUP BY k1, k2",4.41,,,47.7,,30,,"yes",0.000e0,,,"TAKEN AggregateExec (input rows 5000000 (exact) vs min_rows 250000; minmax_int over 2+ i32 keys (memory input): the measured table takes the 100k, 1M bucket(s) at 5M rows; MetalExec decides from a group-count estimate; output kept at one partition (only projections above it))",,0,0.00,0.00,0.00,0.00,0.00,0,200,1.89,1.74,100,0,,,,,,,4.52,47.7,6.75,"yes",1,1,206,0.0155,0.01,0.00,"TAKEN AggregateExec (input rows 5000000 (exact) vs min_rows 250000; minmax_int over 2+ i32 keys (memory input): the measured table takes the 100k, 1M bucket(s) at 5M rows; MetalExec decides from a group-count estimate; output kept at one partition (only projections above it)) | LEFT MetalExec Aggregate { keys (handed back to DataFusion: an estimated 206 groups (203 to 212, Chao1 over a 512-row sample) at 5000000 rows: minmax_int at the 200 bucket is not taken at any measured size (needs 1.65x at two or more sizes; 1M: 0.38x, 2M: 0.69x, 5M: 1.10x, 10M: 1.40x, 50M: 1.70x); left to DataFusion (from the first 16384 rows of each partition))",6.50,2026-10-01 04:10:07,2026-10-01 04:14:37,2026-09-29 00:37:52,30,4.56,4.65,,,alternate,false,16.38,16.46,16.29,500,17.78,100.3,104.8,3,5000,8.28,17.40,16.24,16.91,81.3,102.1
5000000,part1,gsweep,minmax_int_1i64_200,"minmax_int, 1 i64 key(s), 200 groups in the key domain","SELECT kl, min(q) AS lo, max(q) AS hi FROM grid GROUP BY kl",2.22,,,21.2,,30,,"yes",0.000e0,,,"TAKEN AggregateExec (input rows 5000000 (exact) vs min_rows 250000; minmax_int over 1 i64 key (memory input): the measured table takes the 100k, 1M bucket(s) at 5M rows; MetalExec decides from a group-count estimate; output kept at one partition (only projections above it))",,0,0.00,0.00,0.00,0.00,0.00,0,200,1.89,1.74,100,0,,,,,,,2.28,21.2,3.97,"yes",1,1,201,0.0112,0.01,0.00,"TAKEN AggregateExec (input rows 5000000 (exact) vs min_rows 250000; minmax_int over 1 i64 key (memory input): the measured table takes the 100k, 1M bucket(s) at 5M rows; MetalExec decides from a group-count estimate; output kept at one partition (only projections above it)) | LEFT MetalExec Aggregate { keys (handed back to DataFusion: an estimated 201 groups (199 to 205, Chao1 over a 512-row sample) at 5000000 rows: minmax_int at the 200 bucket is not taken at any measured size (needs 1.65x at two or more sizes; 1M: 0.44x, 2M: 0.59x, 5M: 0.73x, 10M: 0.77x, 50M: 1.00x); left to DataFusion (from the first 16384 rows of each partition))",3.85,2026-10-01 04:10:07,2026-10-01 04:14:37,2026-09-29 00:37:52,30,2.35,2.48,,,alternate,false,5.10,7.13,12.14,500,12.99,37.1,52.3,3,5000,7.00,13.81,6.35,12.83,45.3,48.4
5000000,part1,gsweep,sum_f64_2i64_200,"sum_f64, 2 i64 key(s), 200 groups in the key domain","SELECT kl1, kl2, sum(x) AS s FROM grid GROUP BY kl1, kl2",4.27,,,46.1,,30,,"yes",2.937e-16,,,"TAKEN AggregateExec (input rows 5000000 (exact) vs min_rows 250000; sum_avg_f64 over 2+ i64 keys (memory input): the measured table takes the 100k bucket(s) at 5M rows; MetalExec decides from a group-count estimate; output kept at one partition (only projections above it))",,0,0.00,0.00,0.00,0.00,0.00,0,200,1.89,1.74,100,0,,,,,,,4.35,45.9,7.87,"yes",1,1,206,0.0160,0.01,0.00,"TAKEN AggregateExec (input rows 5000000 (exact) vs min_rows 250000; sum_avg_f64 over 2+ i64 keys (memory input): the measured table takes the 100k bucket(s) at 5M rows; MetalExec decides from a group-count estimate; output kept at one partition (only projections above it)) | LEFT MetalExec Aggregate { keys (handed back to DataFusion: an estimated 206 groups (203 to 212, Chao1 over a 512-row sample) at 5000000 rows: sum_avg_f64 at the 200 bucket is not taken at any measured size (needs 1.65x at two or more sizes; 1M: 0.30x, 2M: 0.54x, 5M: 1.00x, 10M: 1.10x, 50M: 1.30x); left to DataFusion (from the first 16384 rows of each partition))",8.36,2026-10-01 04:10:07,2026-10-01 04:14:37,2026-09-29 00:37:52,30,4.40,4.56,,,alternate,false,16.95,19.42,16.87,500,18.03,101.0,93.3,3,5000,15.63,16.95,16.56,18.80,101.3,94.4
5000000,part1,gsweep,avg_f64_2i64_200,"avg_f64, 2 i64 key(s), 200 groups in the key domain","SELECT kl1, kl2, avg(x) AS m FROM grid GROUP BY kl1, kl2",4.41,,,47.4,,30,,"yes",2.220e-16,,,"TAKEN AggregateExec (input rows 5000000 (exact) vs min_rows 250000; sum_avg_f64 over 2+ i64 keys (memory input): the measured table takes the 100k bucket(s) at 5M rows; MetalExec decides from a group-count estimate; output kept at one partition (only projections above it))",,0,0.00,0.00,0.00,0.00,0.00,0,200,1.89,1.74,100,0,,,,,,,4.54,47.4,6.47,"yes",1,1,206,0.0152,0.01,0.00,"TAKEN AggregateExec (input rows 5000000 (exact) vs min_rows 250000; sum_avg_f64 over 2+ i64 keys (memory input): the measured table takes the 100k bucket(s) at 5M rows; MetalExec decides from a group-count estimate; output kept at one partition (only projections above it)) | LEFT MetalExec Aggregate { keys (handed back to DataFusion: an estimated 206 groups (203 to 212, Chao1 over a 512-row sample) at 5000000 rows: sum_avg_f64 at the 200 bucket is not taken at any measured size (needs 1.65x at two or more sizes; 1M: 0.30x, 2M: 0.54x, 5M: 1.00x, 10M: 1.10x, 50M: 1.30x); left to DataFusion (from the first 16384 rows of each partition))",6.27,2026-10-01 04:10:07,2026-10-01 04:14:37,2026-09-29 00:37:52,30,4.58,4.64,,,alternate,false,17.40,18.62,12.35,500,17.41,103.2,95.8,3,5000,17.86,19.21,16.34,16.72,95.1,101.6
5000000,part1,gsweep,minmax_int_2i64_200,"minmax_int, 2 i64 key(s), 200 groups in the key domain","SELECT kl1, kl2, min(q) AS lo, max(q) AS hi FROM grid GROUP BY kl1, kl2",4.43,,,48.1,,30,,"yes",0.000e0,,,"TAKEN AggregateExec (input rows 5000000 (exact) vs min_rows 250000; minmax_int over 2+ i64 keys (memory input): the measured table takes the 100k, 1M bucket(s) at 5M rows; MetalExec decides from a group-count estimate; output kept at one partition (only projections above it))",,0,0.00,0.00,0.00,0.00,0.00,0,200,1.89,1.74,100,0,,,,,,,4.57,48.3,6.61,"yes",1,1,206,0.0183,0.02,0.00,"TAKEN AggregateExec (input rows 5000000 (exact) vs min_rows 250000; minmax_int over 2+ i64 keys (memory input): the measured table takes the 100k, 1M bucket(s) at 5M rows; MetalExec decides from a group-count estimate; output kept at one partition (only projections above it)) | LEFT MetalExec Aggregate { keys (handed back to DataFusion: an estimated 206 groups (203 to 212, Chao1 over a 512-row sample) at 5000000 rows: minmax_int at the 200 bucket is not taken at any measured size (needs 1.65x at two or more sizes; 1M: 0.59x, 2M: 0.77x, 5M: 1.00x, 10M: 1.20x, 50M: 1.30x); left to DataFusion (from the first 16384 rows of each partition))",6.45,2026-10-01 04:10:07,2026-10-01 04:14:37,2026-09-29 00:37:52,30,4.57,4.66,,,alternate,false,8.80,10.08,15.89,500,16.49,81.5,104.1,3,5000,10.00,10.01,9.58,16.47,97.8,94.6
5000000,part1,gsweep,minmax_int_1i32_10k,"minmax_int, 1 i32 key(s), 10k groups in the key domain","SELECT k, min(q) AS lo, max(q) AS hi FROM grid GROUP BY k",3.28,,,34.9,,30,,"yes",0.000e0,,,"TAKEN AggregateExec (input rows 5000000 (exact) vs min_rows 250000; minmax_int over 1 i32 key (memory input): the measured table takes the 100k, 1M bucket(s) at 5M rows; MetalExec decides from a group-count estimate; output kept at one partition (only projections above it))",,0,0.00,0.00,0.00,0.00,0.00,0,10000,1.68,2.56,100,0,,,,,,,3.41,35.3,3.68,"yes",1,1,9526,0.0176,0.01,0.00,"TAKEN AggregateExec (input rows 5000000 (exact) vs min_rows 250000; minmax_int over 1 i32 key (memory input): the measured table takes the 100k, 1M bucket(s) at 5M rows; MetalExec decides from a group-count estimate; output kept at one partition (only projections above it)) | LEFT MetalExec Aggregate { keys (handed back to DataFusion: an estimated 9526 groups (5850 to 23640, Chao1 over a 512-row sample) at 5000000 rows: minmax_int at the 10k bucket is not taken at any measured size (needs 1.65x at two or more sizes; 1M: 0.64x, 2M: 0.93x, 5M: 1.00x, 10M: 1.00x, 50M: 0.94x); left to DataFusion (from the first 16384 rows of each partition))",4.07,2026-10-01 04:14:40,2026-10-01 04:19:11,2026-09-29 00:37:52,30,3.45,3.50,,,alternate,false,7.43,14.78,14.88,500,17.14,70.0,78.2,3,5000,5.90,12.55,8.88,14.24,49.1,68.2
5000000,part1,gsweep,sum_f64_2i32_10k,"sum_f64, 2 i32 key(s), 10k groups in the key domain","SELECT k1, k2, sum(x) AS s FROM grid GROUP BY k1, k2",4.92,,,53.2,,30,,"yes",4.910e-16,,,"TAKEN AggregateExec (input rows 5000000 (exact) vs min_rows 250000; sum_avg_f64 over 2+ i32 keys (memory input): the measured table takes the 100k bucket(s) at 5M rows; MetalExec decides from a group-count estimate; output kept at one partition (only projections above it))",,0,0.00,0.00,0.00,0.00,0.00,0,10000,1.68,2.56,100,0,,,,,,,4.87,53.8,6.39,"yes",1,1,8192,0.0154,0.01,0.00,"TAKEN AggregateExec (input rows 5000000 (exact) vs min_rows 250000; sum_avg_f64 over 2+ i32 keys (memory input): the measured table takes the 100k bucket(s) at 5M rows; MetalExec decides from a group-count estimate; output kept at one partition (only projections above it)) | LEFT MetalExec Aggregate { keys (handed back to DataFusion: an estimated 8192 groups (5211 to 18211, Chao1 over a 512-row sample) at 5000000 rows: sum_avg_f64 at the 10k bucket is not taken at any measured size (needs 1.65x at two or more sizes; 1M: 0.52x, 2M: 0.55x, 5M: 1.10x, 10M: 1.30x, 50M: 1.20x); left to DataFusion (from the first 16384 rows of each partition))",6.18,2026-10-01 04:14:40,2026-10-01 04:19:11,2026-09-29 00:37:52,30,5.01,5.10,,,alternate,false,16.21,16.43,18.30,500,18.32,107.7,113.6,3,5000,15.92,16.37,17.34,18.90,108.6,112.3
5000000,part1,gsweep,avg_f64_2i32_10k,"avg_f64, 2 i32 key(s), 10k groups in the key domain","SELECT k1, k2, avg(x) AS m FROM grid GROUP BY k1, k2",5.17,,,57.6,,30,,"yes",2.776e-16,,,"TAKEN AggregateExec (input rows 5000000 (exact) vs min_rows 250000; sum_avg_f64 over 2+ i32 keys (memory input): the measured table takes the 100k bucket(s) at 5M rows; MetalExec decides from a group-count estimate; output kept at one partition (only projections above it))",,0,0.00,0.00,0.00,0.00,0.00,0,10000,1.68,2.56,100,0,,,,,,,5.32,57.6,7.35,"yes",1,1,8192,0.0194,0.01,0.00,"TAKEN AggregateExec (input rows 5000000 (exact) vs min_rows 250000; sum_avg_f64 over 2+ i32 keys (memory input): the measured table takes the 100k bucket(s) at 5M rows; MetalExec decides from a group-count estimate; output kept at one partition (only projections above it)) | LEFT MetalExec Aggregate { keys (handed back to DataFusion: an estimated 8192 groups (5211 to 18211, Chao1 over a 512-row sample) at 5000000 rows: sum_avg_f64 at the 10k bucket is not taken at any measured size (needs 1.65x at two or more sizes; 1M: 0.52x, 2M: 0.55x, 5M: 1.10x, 10M: 1.30x, 50M: 1.20x); left to DataFusion (from the first 16384 rows of each partition))",7.56,2026-10-01 04:14:40,2026-10-01 04:19:11,2026-09-29 00:37:52,30,5.36,5.52,,,alternate,false,18.58,19.42,12.05,500,17.04,121.6,114.6,3,5000,16.51,18.08,17.38,18.78,123.0,124.3
5000000,part1,gsweep,minmax_int_2i32_10k,"minmax_int, 2 i32 key(s), 10k groups in the key domain","SELECT k1, k2, min(q) AS lo, max(q) AS hi FROM grid GROUP BY k1, k2",5.62,,,63.1,,30,,"yes",0.000e0,,,"TAKEN AggregateExec (input rows 5000000 (exact) vs min_rows 250000; minmax_int over 2+ i32 keys (memory input): the measured table takes the 100k, 1M bucket(s) at 5M rows; MetalExec decides from a group-count estimate; output kept at one partition (only projections above it))",,0,0.00,0.00,0.00,0.00,0.00,0,10000,1.68,2.56,100,0,,,,,,,5.73,63.2,8.06,"yes",1,1,8192,0.0184,0.01,0.00,"TAKEN AggregateExec (input rows 5000000 (exact) vs min_rows 250000; minmax_int over 2+ i32 keys (memory input): the measured table takes the 100k, 1M bucket(s) at 5M rows; MetalExec decides from a group-count estimate; output kept at one partition (only projections above it)) | LEFT MetalExec Aggregate { keys (handed back to DataFusion: an estimated 8192 groups (5211 to 18211, Chao1 over a 512-row sample) at 5000000 rows: minmax_int at the 10k bucket is not taken at any measured size (needs 1.65x at two or more sizes; 1M: 0.59x, 2M: 1.20x, 5M: 1.50x, 10M: 1.40x, 50M: 1.50x); left to DataFusion (from the first 16384 rows of each partition))",8.03,2026-10-01 04:14:40,2026-10-01 04:19:11,2026-09-29 00:37:52,30,5.84,5.90,,,alternate,false,18.44,19.74,10.86,500,18.97,125.7,118.8,3,5000,18.30,19.93,18.05,18.80,130.4,128.7
5000000,part1,gsweep,minmax_int_1i64_10k,"minmax_int, 1 i64 key(s), 10k groups in the key domain","SELECT kl, min(q) AS lo, max(q) AS hi FROM grid GROUP BY kl",3.45,,,36.7,,30,,"yes",0.000e0,,,"TAKEN AggregateExec (input rows 5000000 (exact) vs min_rows 250000; minmax_int over 1 i64 key (memory input): the measured table takes the 100k, 1M bucket(s) at 5M rows; MetalExec decides from a group-count estimate; output kept at one partition (only projections above it))",,0,0.00,0.00,0.00,0.00,0.00,0,10000,1.68,2.56,100,0,,,,,,,3.52,36.7,6.66,"yes",1,1,9526,0.0159,0.01,0.00,"TAKEN AggregateExec (input rows 5000000 (exact) vs min_rows 250000; minmax_int over 1 i64 key (memory input): the measured table takes the 100k, 1M bucket(s) at 5M rows; MetalExec decides from a group-count estimate; output kept at one partition (only projections above it)) | LEFT MetalExec Aggregate { keys (handed back to DataFusion: an estimated 9526 groups (5850 to 23640, Chao1 over a 512-row sample) at 5000000 rows: minmax_int at the 10k bucket is not taken at any measured size (needs 1.65x at two or more sizes; 1M: 0.67x, 2M: 1.00x, 5M: 1.10x, 10M: 0.95x, 50M: 0.87x); left to DataFusion (from the first 16384 rows of each partition))",7.09,2026-10-01 04:14:40,2026-10-01 04:19:11,2026-09-29 00:37:52,30,3.54,3.65,,,alternate,false,15.60,15.69,13.42,500,14.69,88.6,84.2,3,5000,14.66,15.48,14.50,16.98,84.3,84.9
5000000,part1,gsweep,sum_f64_2i64_10k,"sum_f64, 2 i64 key(s), 10k groups in the key domain","SELECT kl1, kl2, sum(x) AS s FROM grid GROUP BY kl1, kl2",4.98,,,54.1,,30,,"yes",4.900e-16,,,"TAKEN AggregateExec (input rows 5000000 (exact) vs min_rows 250000; sum_avg_f64 over 2+ i64 keys (memory input): the measured table takes the 100k bucket(s) at 5M rows; MetalExec decides from a group-count estimate; output kept at one partition (only projections above it))",,0,0.00,0.00,0.00,0.00,0.00,0,10000,1.68,2.56,100,0,,,,,,,5.10,54.7,7.36,"yes",1,1,8192,0.0189,0.01,0.00,"TAKEN AggregateExec (input rows 5000000 (exact) vs min_rows 250000; sum_avg_f64 over 2+ i64 keys (memory input): the measured table takes the 100k bucket(s) at 5M rows; MetalExec decides from a group-count estimate; output kept at one partition (only projections above it)) | LEFT MetalExec Aggregate { keys (handed back to DataFusion: an estimated 8192 groups (5211 to 18211, Chao1 over a 512-row sample) at 5000000 rows: sum_avg_f64 at the 10k bucket is not taken at any measured size (needs 1.65x at two or more sizes; 1M: 0.66x, 2M: 0.79x, 5M: 1.10x, 10M: 1.10x, 50M: 1.00x); left to DataFusion (from the first 16384 rows of each partition))",7.56,2026-10-01 04:14:40,2026-10-01 04:19:11,2026-09-29 00:37:52,30,5.20,5.28,,,alternate,false,16.85,18.31,17.20,500,17.95,120.7,120.4,3,5000,15.26,18.01,18.13,18.26,111.4,119.8
5000000,part1,gsweep,avg_f64_2i64_10k,"avg_f64, 2 i64 key(s), 10k groups in the key domain","SELECT kl1, kl2, avg(x) AS m FROM grid GROUP BY kl1, kl2",5.43,,,58.9,,30,,"yes",3.331e-16,,,"TAKEN AggregateExec (input rows 5000000 (exact) vs min_rows 250000; sum_avg_f64 over 2+ i64 keys (memory input): the measured table takes the 100k bucket(s) at 5M rows; MetalExec decides from a group-count estimate; output kept at one partition (only projections above it))",,0,0.00,0.00,0.00,0.00,0.00,0,10000,1.68,2.56,100,0,,,,,,,5.54,59.9,7.91,"yes",1,1,8192,0.0201,0.01,0.00,"TAKEN AggregateExec (input rows 5000000 (exact) vs min_rows 250000; sum_avg_f64 over 2+ i64 keys (memory input): the measured table takes the 100k bucket(s) at 5M rows; MetalExec decides from a group-count estimate; output kept at one partition (only projections above it)) | LEFT MetalExec Aggregate { keys (handed back to DataFusion: an estimated 8192 groups (5211 to 18211, Chao1 over a 512-row sample) at 5000000 rows: sum_avg_f64 at the 10k bucket is not taken at any measured size (needs 1.65x at two or more sizes; 1M: 0.66x, 2M: 0.79x, 5M: 1.10x, 10M: 1.10x, 50M: 1.00x); left to DataFusion (from the first 16384 rows of each partition))",8.14,2026-10-01 04:14:40,2026-10-01 04:19:11,2026-09-29 00:37:52,30,5.58,5.69,,,alternate,false,18.52,19.19,15.85,500,17.79,129.6,123.0,3,5000,19.20,19.28,17.10,17.40,130.6,126.9
5000000,part1,gsweep,minmax_int_2i64_10k,"minmax_int, 2 i64 key(s), 10k groups in the key domain","SELECT kl1, kl2, min(q) AS lo, max(q) AS hi FROM grid GROUP BY kl1, kl2",5.80,,,64.4,,30,,"yes",0.000e0,,,"TAKEN AggregateExec (input rows 5000000 (exact) vs min_rows 250000; minmax_int over 2+ i64 keys (memory input): the measured table takes the 100k, 1M bucket(s) at 5M rows; MetalExec decides from a group-count estimate; output kept at one partition (only projections above it))",,0,0.00,0.00,0.00,0.00,0.00,0,10000,1.68,2.56,100,0,,,,,,,5.94,65.7,8.37,"yes",1,1,8192,0.0196,0.01,0.00,"TAKEN AggregateExec (input rows 5000000 (exact) vs min_rows 250000; minmax_int over 2+ i64 keys (memory input): the measured table takes the 100k, 1M bucket(s) at 5M rows; MetalExec decides from a group-count estimate; output kept at one partition (only projections above it)) | LEFT MetalExec Aggregate { keys (handed back to DataFusion: an estimated 8192 groups (5211 to 18211, Chao1 over a 512-row sample) at 5000000 rows: minmax_int at the 10k bucket is not taken at any measured size (needs 1.65x at two or more sizes; 1M: 0.98x, 2M: 1.10x, 5M: 1.20x, 10M: 1.40x, 50M: 1.20x); left to DataFusion (from the first 16384 rows of each partition))",8.53,2026-10-01 04:14:40,2026-10-01 04:19:11,2026-09-29 00:37:52,30,6.04,6.13,,,alternate,false,16.82,18.15,15.27,500,19.25,134.2,114.1,3,5000,19.48,20.23,17.26,20.58,137.9,138.5
5000000,part1,gsweep,minmax_int_1i32_100k,"minmax_int, 1 i32 key(s), 100k groups in the key domain","SELECT k, min(q) AS lo, max(q) AS hi FROM grid GROUP BY k",9.00,,,118.8,,15,,"yes",0.000e0,,,"TAKEN AggregateExec (input rows 5000000 (exact) vs min_rows 250000; minmax_int over 1 i32 key (memory input): the measured table takes the 100k, 1M bucket(s) at 5M rows; MetalExec decides from a group-count estimate; output kept at one partition (only projections above it))",,0,0.00,0.00,0.00,0.00,0.00,0,100000,2.44,1.93,100,36,,,,,,,3.25,5.2,12.87,"yes",1,0,72986,0.0785,0.09,2.27,"TAKEN AggregateExec (input rows 5000000 (exact) vs min_rows 250000; minmax_int over 1 i32 key (memory input): the measured table takes the 100k, 1M bucket(s) at 5M rows; MetalExec decides from a group-count estimate; output kept at one partition (only projections above it)) | TAKEN MetalExec Aggregate { keys (ran on ArrowMetal: an estimated 72986 groups (51214 to 121666, Chao1 over a 2048-row sample) at 5000000 rows: minmax_int at the 100k bucket is taken from 2M rows (from the first rows of each partition; a 2048-row sample of the whole input puts it at 67758 to 198392 groups))",10.69,2026-10-01 04:19:14,2026-10-01 04:23:49,2026-09-29 00:37:52,3,9.28,3.31,,,rounds,true,17.15,18.21,23.38,500,25.05,25.0,223.4,3,5000,25.56,25.68,23.23,23.88,33.5,222.1
5000000,part1,gsweep,sum_f64_2i32_100k,"sum_f64, 2 i32 key(s), 100k groups in the key domain","SELECT k1, k2, sum(x) AS s FROM grid GROUP BY k1, k2",8.37,,,112.7,,15,,"yes",5.893e-16,,,"TAKEN AggregateExec (input rows 5000000 (exact) vs min_rows 250000; sum_avg_f64 over 2+ i32 keys (memory input): the measured table takes the 100k bucket(s) at 5M rows; MetalExec decides from a group-count estimate; output kept at one partition (only projections above it))",,0,0.00,0.00,0.00,0.00,0.00,0,100000,2.44,1.93,100,37,,,,,,,4.28,7.0,17.27,"yes",1,0,93437,0.1126,0.08,3.01,"TAKEN AggregateExec (input rows 5000000 (exact) vs min_rows 250000; sum_avg_f64 over 2+ i32 keys (memory input): the measured table takes the 100k bucket(s) at 5M rows; MetalExec decides from a group-count estimate; output kept at one partition (only projections above it)) | TAKEN MetalExec Aggregate { keys (ran on ArrowMetal: an estimated 93437 groups (62663 to 171950, Chao1 over a 2048-row sample) at 5000000 rows: sum_avg_f64 at the 100k bucket is taken from 5M rows (from the first rows of each partition; a 2048-row sample of the whole input puts it at 48291 to 110581 groups))",12.30,2026-10-01 04:19:14,2026-10-01 04:23:49,2026-09-29 00:37:52,3,8.53,4.52,,,rounds,true,21.10,28.69,22.66,500,23.93,29.9,197.5,3,5000,18.43,20.89,22.10,24.33,15.8,213.0
5000000,part1,gsweep,avg_f64_2i32_100k,"avg_f64, 2 i32 key(s), 100k groups in the key domain","SELECT k1, k2, avg(x) AS m FROM grid GROUP BY k1, k2",9.50,,,128.7,,15,,"yes",3.331e-16,,,"TAKEN AggregateExec (input rows 5000000 (exact) vs min_rows 250000; sum_avg_f64 over 2+ i32 keys (memory input): the measured table takes the 100k bucket(s) at 5M rows; MetalExec decides from a group-count estimate; output kept at one partition (only projections above it))",,0,0.00,0.00,0.00,0.00,0.00,0,100000,2.44,1.93,100,34,,,,,,,5.74,7.7,16.89,"yes",1,0,93437,0.1335,0.11,4.23,"TAKEN AggregateExec (input rows 5000000 (exact) vs min_rows 250000; sum_avg_f64 over 2+ i32 keys (memory input): the measured table takes the 100k bucket(s) at 5M rows; MetalExec decides from a group-count estimate; output kept at one partition (only projections above it)) | TAKEN MetalExec Aggregate { keys (ran on ArrowMetal: an estimated 93437 groups (62663 to 171950, Chao1 over a 2048-row sample) at 5000000 rows: sum_avg_f64 at the 100k bucket is taken from 5M rows (from the first rows of each partition; a 2048-row sample of the whole input puts it at 48291 to 110581 groups))",11.50,2026-10-01 04:19:14,2026-10-01 04:23:49,2026-09-29 00:37:52,3,9.51,7.18,,,rounds,true,22.30,26.11,24.39,500,25.30,30.8,230.7,3,5000,29.70,30.18,22.80,23.35,37.9,229.4
5000000,part1,gsweep,minmax_int_2i32_100k,"minmax_int, 2 i32 key(s), 100k groups in the key domain","SELECT k1, k2, min(q) AS lo, max(q) AS hi FROM grid GROUP BY k1, k2",11.59,,,157.2,,15,,"yes",0.000e0,,,"TAKEN AggregateExec (input rows 5000000 (exact) vs min_rows 250000; minmax_int over 2+ i32 keys (memory input): the measured table takes the 100k, 1M bucket(s) at 5M rows; MetalExec decides from a group-count estimate; output kept at one partition (only projections above it))",,0,0.00,0.00,0.00,0.00,0.00,0,100000,2.44,1.93,100,30,,,,,,,4.22,7.3,14.16,"yes",1,0,93437,0.1163,0.12,2.77,"TAKEN AggregateExec (input rows 5000000 (exact) vs min_rows 250000; minmax_int over 2+ i32 keys (memory input): the measured table takes the 100k, 1M bucket(s) at 5M rows; MetalExec decides from a group-count estimate; output kept at one partition (only projections above it)) | TAKEN MetalExec Aggregate { keys (ran on ArrowMetal: an estimated 93437 groups (62663 to 171950, Chao1 over a 2048-row sample) at 5000000 rows: minmax_int at the 100k bucket is taken from 2M rows (from the first rows of each partition; a 2048-row sample of the whole input puts it at 48291 to 110581 groups))",15.95,2026-10-01 04:19:14,2026-10-01 04:23:49,2026-09-29 00:37:52,3,11.66,4.59,,,rounds,true,19.08,24.33,26.14,500,28.24,30.0,275.3,3,5000,26.52,29.01,25.84,28.06,36.5,268.5
5000000,part1,gsweep,minmax_int_1i64_100k,"minmax_int, 1 i64 key(s), 100k groups in the key domain","SELECT kl, min(q) AS lo, max(q) AS hi FROM grid GROUP BY kl",10.13,,,130.8,,15,,"yes",0.000e0,,,"TAKEN AggregateExec (input rows 5000000 (exact) vs min_rows 250000; minmax_int over 1 i64 key (memory input): the measured table takes the 100k, 1M bucket(s) at 5M rows; MetalExec decides from a group-count estimate; output kept at one partition (only projections above it))",,0,0.00,0.00,0.00,0.00,0.00,0,100000,2.44,1.93,100,32,,,,,,,3.67,6.8,14.63,"yes",1,0,72986,0.0943,0.12,2.39,"TAKEN AggregateExec (input rows 5000000 (exact) vs min_rows 250000; minmax_int over 1 i64 key (memory input): the measured table takes the 100k, 1M bucket(s) at 5M rows; MetalExec decides from a group-count estimate; output kept at one partition (only projections above it)) | TAKEN MetalExec Aggregate { keys (ran on ArrowMetal: an estimated 72986 groups (51214 to 121666, Chao1 over a 2048-row sample) at 5000000 rows: minmax_int at the 100k bucket is taken from 5M rows (from the first rows of each partition; a 2048-row sample of the whole input puts it at 67758 to 198392 groups))",13.95,2026-10-01 04:19:14,2026-10-01 04:23:49,2026-09-29 00:37:52,3,10.29,3.99,,,rounds,true,15.78,24.98,28.03,500,28.46,22.7,249.6,3,5000,27.10,29.41,25.04,26.05,38.4,250.5
5000000,part1,gsweep,sum_f64_2i64_100k,"sum_f64, 2 i64 key(s), 100k groups in the key domain","SELECT kl1, kl2, sum(x) AS s FROM grid GROUP BY kl1, kl2",9.29,,,125.9,,15,,"yes",5.641e-16,,,"TAKEN AggregateExec (input rows 5000000 (exact) vs min_rows 250000; sum_avg_f64 over 2+ i64 keys (memory input): the measured table takes the 100k bucket(s) at 5M rows; MetalExec decides from a group-count estimate; output kept at one partition (only projections above it))",,0,0.00,0.00,0.00,0.00,0.00,0,100000,2.44,1.93,100,35,,,,,,,5.47,9.9,18.16,"yes",1,0,93437,0.1170,0.13,3.74,"TAKEN AggregateExec (input rows 5000000 (exact) vs min_rows 250000; sum_avg_f64 over 2+ i64 keys (memory input): the measured table takes the 100k bucket(s) at 5M rows; MetalExec decides from a group-count estimate; output kept at one partition (only projections above it)) | TAKEN MetalExec Aggregate { keys (ran on ArrowMetal: an estimated 93437 groups (62663 to 171950, Chao1 over a 2048-row sample) at 5000000 rows: sum_avg_f64 at the 100k bucket is taken from 5M rows (from the first rows of each partition; a 2048-row sample of the whole input puts it at 48291 to 110581 groups))",12.37,2026-10-01 04:19:14,2026-10-01 04:23:49,2026-09-29 00:37:52,3,9.30,6.37,,,rounds,true,22.41,29.55,23.92,500,24.56,37.6,222.5,3,5000,33.15,33.67,24.67,24.76,47.8,230.7
5000000,part1,gsweep,avg_f64_2i64_100k,"avg_f64, 2 i64 key(s), 100k groups in the key domain","SELECT kl1, kl2, avg(x) AS m FROM grid GROUP BY kl1, kl2",10.50,,,146.0,,15,,"yes",3.331e-16,,,"TAKEN AggregateExec (input rows 5000000 (exact) vs min_rows 250000; sum_avg_f64 over 2+ i64 keys (memory input): the measured table takes the 100k bucket(s) at 5M rows; MetalExec decides from a group-count estimate; output kept at one partition (only projections above it))",,0,0.00,0.00,0.00,0.00,0.00,0,100000,2.44,1.93,100,32,,,,,,,5.27,9.5,18.48,"yes",1,0,93437,0.1259,0.09,3.71,"TAKEN AggregateExec (input rows 5000000 (exact) vs min_rows 250000; sum_avg_f64 over 2+ i64 keys (memory input): the measured table takes the 100k bucket(s) at 5M rows; MetalExec decides from a group-count estimate; output kept at one partition (only projections above it)) | TAKEN MetalExec Aggregate { keys (ran on ArrowMetal: an estimated 93437 groups (62663 to 171950, Chao1 over a 2048-row sample) at 5000000 rows: sum_avg_f64 at the 100k bucket is taken from 5M rows (from the first rows of each partition; a 2048-row sample of the whole input puts it at 48291 to 110581 groups))",13.88,2026-10-01 04:19:14,2026-10-01 04:23:49,2026-09-29 00:37:52,3,10.60,5.48,,,rounds,true,23.78,24.62,25.20,500,25.97,37.9,235.6,3,5000,25.02,27.58,26.13,27.56,36.9,234.6
5000000,part1,gsweep,minmax_int_2i64_100k,"minmax_int, 2 i64 key(s), 100k groups in the key domain","SELECT kl1, kl2, min(q) AS lo, max(q) AS hi FROM grid GROUP BY kl1, kl2",12.73,,,171.8,,15,,"yes",0.000e0,,,"TAKEN AggregateExec (input rows 5000000 (exact) vs min_rows 250000; minmax_int over 2+ i64 keys (memory input): the measured table takes the 100k, 1M bucket(s) at 5M rows; MetalExec decides from a group-count estimate; output kept at one partition (only projections above it))",,0,0.00,0.00,0.00,0.00,0.00,0,100000,2.44,1.93,100,27,,,,,,,4.89,9.1,15.65,"yes",1,0,93437,0.1260,0.10,3.32,"TAKEN AggregateExec (input rows 5000000 (exact) vs min_rows 250000; minmax_int over 2+ i64 keys (memory input): the measured table takes the 100k, 1M bucket(s) at 5M rows; MetalExec decides from a group-count estimate; output kept at one partition (only projections above it)) | TAKEN MetalExec Aggregate { keys (ran on ArrowMetal: an estimated 93437 groups (62663 to 171950, Chao1 over a 2048-row sample) at 5000000 rows: minmax_int at the 100k bucket is taken from 5M rows (from the first rows of each partition; a 2048-row sample of the whole input puts it at 48291 to 110581 groups))",15.88,2026-10-01 04:19:14,2026-10-01 04:23:49,2026-09-29 00:37:52,3,12.76,5.09,,,rounds,true,25.84,28.38,26.39,500,27.35,43.4,294.1,3,5000,30.66,30.91,27.84,30.32,49.7,297.7
5000000,part1,gsweep,minmax_int_1i32_1M,"minmax_int, 1 i32 key(s), 1M groups in the key domain","SELECT k, min(q) AS lo, max(q) AS hi FROM grid GROUP BY k",11.19,,,160.8,,30,,"yes",0.000e0,,,"TAKEN AggregateExec (input rows 5000000 (exact) vs min_rows 250000; minmax_int over 1 i32 key (memory input): the measured table takes the 100k, 1M bucket(s) at 5M rows; MetalExec decides from a group-count estimate; output kept at one partition (only projections above it))",,0,0.00,0.00,0.00,0.00,0.00,0,993187,1.86,1.73,100,0,,,,,,,11.47,163.3,12.40,"yes",1,1,979097,0.1268,0.01,0.00,"TAKEN AggregateExec (input rows 5000000 (exact) vs min_rows 250000; minmax_int over 1 i32 key (memory input): the measured table takes the 100k, 1M bucket(s) at 5M rows; MetalExec decides from a group-count estimate; output kept at one partition (only projections above it)) | LEFT MetalExec Aggregate { keys (handed back to DataFusion: an estimated 979097 groups (703305 to 1542819, Chao1 over a 8192-row sample) at 5000000 rows: the range reaches group counts the table decides differently; left to DataFusion (from the first 16384 rows of each partition))",12.84,2026-10-01 05:53:01,2026-10-01 05:57:37,2026-09-29 00:37:52,30,11.67,11.90,,,alternate,false,16.34,26.07,26.64,500,28.16,218.7,283.5,3,5000,25.16,26.55,16.90,28.57,270.9,225.9
5000000,part1,gsweep,sum_f64_2i32_1M,"sum_f64, 2 i32 key(s), 1M groups in the key domain","SELECT k1, k2, sum(x) AS s FROM grid GROUP BY k1, k2",10.56,,,150.8,,30,,"yes",6.189e-16,,,"TAKEN AggregateExec (input rows 5000000 (exact) vs min_rows 250000; sum_avg_f64 over 2+ i32 keys (memory input): the measured table takes the 100k bucket(s) at 5M rows; MetalExec decides from a group-count estimate; output kept at one partition (only projections above it))",,0,0.00,0.00,0.00,0.00,0.00,0,993244,1.86,1.73,100,0,,,,,,,10.77,152.6,12.85,"yes",1,1,1048065,0.0564,0.01,0.00,"TAKEN AggregateExec (input rows 5000000 (exact) vs min_rows 250000; sum_avg_f64 over 2+ i32 keys (memory input): the measured table takes the 100k bucket(s) at 5M rows; MetalExec decides from a group-count estimate; output kept at one partition (only projections above it)) | LEFT MetalExec Aggregate { keys (handed back to DataFusion: an estimated 1048065 groups (350720 to 5000000, Chao1 over a 2048-row sample) at 5000000 rows: sum_avg_f64 at the 1M bucket is not taken at any measured size (needs 1.65x at two or more sizes; 5M: 1.40x, 10M: 1.60x, 50M: 2.20x); left to DataFusion (from the first 16384 rows of each partition))",14.09,2026-10-01 05:53:01,2026-10-01 05:57:37,2026-09-29 00:37:52,30,10.98,11.07,,,alternate,false,25.72,27.12,25.92,500,26.52,272.0,272.5,3,5000,26.59,27.81,26.87,27.58,275.0,277.4
5000000,part1,gsweep,avg_f64_2i32_1M,"avg_f64, 2 i32 key(s), 1M groups in the key domain","SELECT k1, k2, avg(x) AS m FROM grid GROUP BY k1, k2",12.12,,,172.7,,30,,"yes",3.331e-16,,,"TAKEN AggregateExec (input rows 5000000 (exact) vs min_rows 250000; sum_avg_f64 over 2+ i32 keys (memory input): the measured table takes the 100k bucket(s) at 5M rows; MetalExec decides from a group-count estimate; output kept at one partition (only projections above it))",,0,0.00,0.00,0.00,0.00,0.00,0,993244,1.86,1.73,100,0,,,,,,,12.25,173.6,14.31,"yes",1,1,1048065,0.0647,0.01,0.00,"TAKEN AggregateExec (input rows 5000000 (exact) vs min_rows 250000; sum_avg_f64 over 2+ i32 keys (memory input): the measured table takes the 100k bucket(s) at 5M rows; MetalExec decides from a group-count estimate; output kept at one partition (only projections above it)) | LEFT MetalExec Aggregate { keys (handed back to DataFusion: an estimated 1048065 groups (350720 to 5000000, Chao1 over a 2048-row sample) at 5000000 rows: sum_avg_f64 at the 1M bucket is not taken at any measured size (needs 1.65x at two or more sizes; 5M: 1.40x, 10M: 1.60x, 50M: 2.20x); left to DataFusion (from the first 16384 rows of each partition))",17.94,2026-10-01 05:53:01,2026-10-01 05:57:37,2026-09-29 00:37:52,30,12.46,12.59,,,alternate,false,27.01,31.05,27.41,500,28.27,298.8,301.4,3,5000,28.88,29.56,23.74,29.78,306.5,295.0
5000000,part1,gsweep,minmax_int_2i32_1M,"minmax_int, 2 i32 key(s), 1M groups in the key domain","SELECT k1, k2, min(q) AS lo, max(q) AS hi FROM grid GROUP BY k1, k2",13.56,,,196.9,,15,,"yes",0.000e0,,,"TAKEN AggregateExec (input rows 5000000 (exact) vs min_rows 250000; minmax_int over 2+ i32 keys (memory input): the measured table takes the 100k, 1M bucket(s) at 5M rows; MetalExec decides from a group-count estimate; output kept at one partition (only projections above it))",,0,0.00,0.00,0.00,0.00,0.00,0,993244,1.86,1.73,100,26,,,,,,,5.45,8.1,17.97,"yes",1,0,831014,0.1703,0.10,3.93,"TAKEN AggregateExec (input rows 5000000 (exact) vs min_rows 250000; minmax_int over 2+ i32 keys (memory input): the measured table takes the 100k, 1M bucket(s) at 5M rows; MetalExec decides from a group-count estimate; output kept at one partition (only projections above it)) | TAKEN MetalExec Aggregate { keys (ran on ArrowMetal: an estimated 831014 groups (612199 to 1249739, Chao1 over a 8192-row sample) at 5000000 rows: minmax_int at the 1M bucket is taken from 5M rows (from the first rows of each partition; a 2048-row sample of the whole input puts it at 350720 to 5000000 groups))",16.90,2026-10-01 05:53:01,2026-10-01 05:57:37,2026-09-29 00:37:52,3,13.74,5.63,,,rounds,true,23.10,28.65,31.20,500,35.12,29.7,335.3,3,5000,33.29,33.94,30.65,32.68,46.1,338.4
5000000,part1,gsweep,minmax_int_1i64_1M,"minmax_int, 1 i64 key(s), 1M groups in the key domain","SELECT kl, min(q) AS lo, max(q) AS hi FROM grid GROUP BY kl",12.07,,,172.2,,30,,"yes",0.000e0,,,"TAKEN AggregateExec (input rows 5000000 (exact) vs min_rows 250000; minmax_int over 1 i64 key (memory input): the measured table takes the 100k, 1M bucket(s) at 5M rows; MetalExec decides from a group-count estimate; output kept at one partition (only projections above it))",,0,0.00,0.00,0.00,0.00,0.00,0,993187,1.86,1.73,100,0,,,,,,,12.43,176.7,14.71,"yes",1,1,979097,0.1456,0.01,0.00,"TAKEN AggregateExec (input rows 5000000 (exact) vs min_rows 250000; minmax_int over 1 i64 key (memory input): the measured table takes the 100k, 1M bucket(s) at 5M rows; MetalExec decides from a group-count estimate; output kept at one partition (only projections above it)) | LEFT MetalExec Aggregate { keys (handed back to DataFusion: an estimated 979097 groups (703305 to 1542819, Chao1 over a 8192-row sample) at 5000000 rows: the range reaches group counts the table decides differently; left to DataFusion (from the first 16384 rows of each partition))",15.45,2026-10-01 05:53:01,2026-10-01 05:57:37,2026-09-29 00:37:52,30,12.59,12.83,,,alternate,false,28.84,29.12,27.44,500,29.35,302.4,301.1,3,5000,28.92,30.49,28.31,29.71,305.4,308.4
5000000,part1,gsweep,sum_f64_2i64_1M,"sum_f64, 2 i64 key(s), 1M groups in the key domain","SELECT kl1, kl2, sum(x) AS s FROM grid GROUP BY kl1, kl2",11.86,,,172.0,,30,,"yes",5.967e-16,,,"TAKEN AggregateExec (input rows 5000000 (exact) vs min_rows 250000; sum_avg_f64 over 2+ i64 keys (memory input): the measured table takes the 100k bucket(s) at 5M rows; MetalExec decides from a group-count estimate; output kept at one partition (only projections above it))",,0,0.00,0.00,0.00,0.00,0.00,0,993244,1.86,1.73,100,0,,,,,,,12.12,172.1,14.73,"yes",1,1,1048065,0.0718,0.02,0.00,"TAKEN AggregateExec (input rows 5000000 (exact) vs min_rows 250000; sum_avg_f64 over 2+ i64 keys (memory input): the measured table takes the 100k bucket(s) at 5M rows; MetalExec decides from a group-count estimate; output kept at one partition (only projections above it)) | LEFT MetalExec Aggregate { keys (handed back to DataFusion: an estimated 1048065 groups (350720 to 5000000, Chao1 over a 2048-row sample) at 5000000 rows: sum_avg_f64 at the 1M bucket is taken from 10M rows (5M: 1.50x, 10M: 1.80x, 50M: 2.30x); left to DataFusion (from the first 16384 rows of each partition))",15.65,2026-10-01 05:53:01,2026-10-01 05:57:37,2026-09-29 00:37:52,30,12.29,12.45,,,alternate,false,21.27,28.83,29.54,500,29.78,272.3,304.5,3,5000,18.49,27.18,18.55,26.52,233.3,249.8
5000000,part1,gsweep,avg_f64_2i64_1M,"avg_f64, 2 i64 key(s), 1M groups in the key domain","SELECT kl1, kl2, avg(x) AS m FROM grid GROUP BY kl1, kl2",13.77,,,196.6,,30,,"yes",3.331e-16,,,"TAKEN AggregateExec (input rows 5000000 (exact) vs min_rows 250000; sum_avg_f64 over 2+ i64 keys (memory input): the measured table takes the 100k bucket(s) at 5M rows; MetalExec decides from a group-count estimate; output kept at one partition (only projections above it))",,0,0.00,0.00,0.00,0.00,0.00,0,993244,1.86,1.73,100,0,,,,,,,13.85,194.3,17.40,"yes",1,1,1048065,0.0644,0.02,0.00,"TAKEN AggregateExec (input rows 5000000 (exact) vs min_rows 250000; sum_avg_f64 over 2+ i64 keys (memory input): the measured table takes the 100k bucket(s) at 5M rows; MetalExec decides from a group-count estimate; output kept at one partition (only projections above it)) | LEFT MetalExec Aggregate { keys (handed back to DataFusion: an estimated 1048065 groups (350720 to 5000000, Chao1 over a 2048-row sample) at 5000000 rows: sum_avg_f64 at the 1M bucket is taken from 10M rows (5M: 1.50x, 10M: 1.80x, 50M: 2.30x); left to DataFusion (from the first 16384 rows of each partition))",18.16,2026-10-01 05:53:01,2026-10-01 05:57:37,2026-09-29 00:37:52,30,14.25,14.41,,,alternate,false,31.70,32.58,28.24,500,30.10,302.9,322.6,3,5000,30.83,31.31,22.14,22.29,327.3,282.8
5000000,part1,gsweep,minmax_int_2i64_1M,"minmax_int, 2 i64 key(s), 1M groups in the key domain","SELECT kl1, kl2, min(q) AS lo, max(q) AS hi FROM grid GROUP BY kl1, kl2",15.01,,,218.3,,15,,"yes",0.000e0,,,"TAKEN AggregateExec (input rows 5000000 (exact) vs min_rows 250000; minmax_int over 2+ i64 keys (memory input): the measured table takes the 100k, 1M bucket(s) at 5M rows; MetalExec decides from a group-count estimate; output kept at one partition (only projections above it))",,0,0.00,0.00,0.00,0.00,0.00,0,993244,1.86,1.73,100,24,,,,,,,6.18,10.3,19.75,"yes",1,0,831014,0.2303,0.14,4.29,"TAKEN AggregateExec (input rows 5000000 (exact) vs min_rows 250000; minmax_int over 2+ i64 keys (memory input): the measured table takes the 100k, 1M bucket(s) at 5M rows; MetalExec decides from a group-count estimate; output kept at one partition (only projections above it)) | TAKEN MetalExec Aggregate { keys (ran on ArrowMetal: an estimated 831014 groups (612199 to 1249739, Chao1 over a 8192-row sample) at 5000000 rows: minmax_int at the 1M bucket is taken from 5M rows (from the first rows of each partition; a 2048-row sample of the whole input puts it at 350720 to 5000000 groups))",17.92,2026-10-01 05:53:01,2026-10-01 05:57:37,2026-09-29 00:37:52,3,15.20,6.29,,,rounds,true,28.93,33.87,28.61,500,30.38,47.1,330.5,3,5000,33.55,34.17,31.77,33.08,55.4,359.7
5000000,part1,gsweep,minmax_int_1i32_R2,"minmax_int, 1 i32 key(s), R2 groups in the key domain","SELECT k, min(q) AS lo, max(q) AS hi FROM grid GROUP BY k",14.23,,,206.4,,30,,"yes",0.000e0,,,"TAKEN AggregateExec (input rows 5000000 (exact) vs min_rows 250000; minmax_int over 1 i32 key (memory input): the measured table takes the 100k, 1M bucket(s) at 5M rows; MetalExec decides from a group-count estimate; output kept at one partition (only projections above it))",,0,0.00,0.00,0.00,0.00,0.00,0,2161856,1.75,3.55,100,0,,,,,,,14.66,211.5,16.12,"yes",1,1,1670162,0.1163,0.01,0.00,"TAKEN AggregateExec (input rows 5000000 (exact) vs min_rows 250000; minmax_int over 1 i32 key (memory input): the measured table takes the 100k, 1M bucket(s) at 5M rows; MetalExec decides from a group-count estimate; output kept at one partition (only projections above it)) | LEFT MetalExec Aggregate { keys (handed back to DataFusion: an estimated 1670162 groups (1090275 to 3240922, Chao1 over a 8192-row sample) at 5000000 rows: the range reaches group counts the table decides differently; left to DataFusion (from the first 16384 rows of each partition))",15.02,2026-10-01 05:57:41,2026-10-01 06:02:21,2026-09-29 00:37:52,30,15.16,15.30,,,alternate,false,31.89,33.60,30.70,500,31.63,336.4,344.6,3,5000,24.18,35.38,31.48,32.86,317.6,333.4
5000000,part1,gsweep,sum_f64_2i32_R2,"sum_f64, 2 i32 key(s), R2 groups in the key domain","SELECT k1, k2, sum(x) AS s FROM grid GROUP BY k1, k2",12.96,,,187.2,,30,,"yes",4.434e-16,,,"TAKEN AggregateExec (input rows 5000000 (exact) vs min_rows 250000; sum_avg_f64 over 2+ i32 keys (memory input): the measured table takes the 100k bucket(s) at 5M rows; MetalExec decides from a group-count estimate; output kept at one partition (only projections above it))",,0,0.00,0.00,0.00,0.00,0.00,0,2161178,1.75,3.55,100,0,,,,,,,13.05,187.6,16.77,"yes",1,1,2098176,0.0570,0.01,0.00,"TAKEN AggregateExec (input rows 5000000 (exact) vs min_rows 250000; sum_avg_f64 over 2+ i32 keys (memory input): the measured table takes the 100k bucket(s) at 5M rows; MetalExec decides from a group-count estimate; output kept at one partition (only projections above it)) | LEFT MetalExec Aggregate { keys (handed back to DataFusion: an estimated 2098176 groups (700757 to 5000000, Chao1 over a 2048-row sample) at 5000000 rows: sum_avg_f64 at the rows/2 bucket is not taken at any measured size (needs 1.65x at two or more sizes; 1M: 0.38x, 2M: 1.10x, 5M: 1.10x, 10M: 1.10x, 50M: 0.64x); left to DataFusion (from the first 16384 rows of each partition))",16.31,2026-10-01 05:57:41,2026-10-01 06:02:21,2026-09-29 00:37:52,30,13.48,13.68,,,alternate,false,30.50,31.23,28.91,500,28.95,325.2,322.2,3,5000,30.41,32.56,30.47,33.43,325.3,322.8
5000000,part1,gsweep,avg_f64_2i32_R2,"avg_f64, 2 i32 key(s), R2 groups in the key domain","SELECT k1, k2, avg(x) AS m FROM grid GROUP BY k1, k2",15.09,,,219.0,,30,,"yes",3.331e-16,,,"TAKEN AggregateExec (input rows 5000000 (exact) vs min_rows 250000; sum_avg_f64 over 2+ i32 keys (memory input): the measured table takes the 100k bucket(s) at 5M rows; MetalExec decides from a group-count estimate; output kept at one partition (only projections above it))",,0,0.00,0.00,0.00,0.00,0.00,0,2161178,1.75,3.55,100,0,,,,,,,15.21,218.5,18.25,"yes",1,1,2098176,0.0565,0.01,0.00,"TAKEN AggregateExec (input rows 5000000 (exact) vs min_rows 250000; sum_avg_f64 over 2+ i32 keys (memory input): the measured table takes the 100k bucket(s) at 5M rows; MetalExec decides from a group-count estimate; output kept at one partition (only projections above it)) | LEFT MetalExec Aggregate { keys (handed back to DataFusion: an estimated 2098176 groups (700757 to 5000000, Chao1 over a 2048-row sample) at 5000000 rows: sum_avg_f64 at the rows/2 bucket is not taken at any measured size (needs 1.65x at two or more sizes; 1M: 0.38x, 2M: 1.10x, 5M: 1.10x, 10M: 1.10x, 50M: 0.64x); left to DataFusion (from the first 16384 rows of each partition))",19.23,2026-10-01 05:57:41,2026-10-01 06:02:21,2026-09-29 00:37:52,30,15.47,15.80,,,alternate,false,34.06,34.19,33.14,500,33.47,354.9,354.3,3,5000,31.83,35.86,33.29,33.36,348.8,355.9
5000000,part1,gsweep,minmax_int_2i32_R2,"minmax_int, 2 i32 key(s), R2 groups in the key domain","SELECT k1, k2, min(q) AS lo, max(q) AS hi FROM grid GROUP BY k1, k2",16.82,,,245.3,,30,,"yes",0.000e0,,,"TAKEN AggregateExec (input rows 5000000 (exact) vs min_rows 250000; minmax_int over 2+ i32 keys (memory input): the measured table takes the 100k, 1M bucket(s) at 5M rows; MetalExec decides from a group-count estimate; output kept at one partition (only projections above it))",,0,0.00,0.00,0.00,0.00,0.00,0,2161178,1.75,3.55,100,0,,,,,,,17.06,243.5,18.86,"yes",1,1,2573874,0.1579,0.01,0.00,"TAKEN AggregateExec (input rows 5000000 (exact) vs min_rows 250000; minmax_int over 2+ i32 keys (memory input): the measured table takes the 100k, 1M bucket(s) at 5M rows; MetalExec decides from a group-count estimate; output kept at one partition (only projections above it)) | LEFT MetalExec Aggregate { keys (handed back to DataFusion: an estimated 2573874 groups (1529236 to 5000000, Chao1 over a 8192-row sample) at 5000000 rows: minmax_int at the rows/2 bucket is not taken at any measured size (needs 1.65x at two or more sizes; 1M: 1.00x, 2M: 1.80x, 5M: 2.40x, 10M: 2.20x, 50M: 1.00x); left to DataFusion (from the first 16384 rows of each partition))",21.83,2026-10-01 05:57:41,2026-10-01 06:02:21,2026-09-29 00:37:52,30,17.63,17.83,,,alternate,false,36.09,37.00,32.60,500,35.44,396.4,397.0,3,5000,35.20,36.42,35.32,39.76,397.5,398.3
5000000,part1,gsweep,minmax_int_1i64_R2,"minmax_int, 1 i64 key(s), R2 groups in the key domain","SELECT kl, min(q) AS lo, max(q) AS hi FROM grid GROUP BY kl",15.62,,,229.4,,30,,"yes",0.000e0,,,"TAKEN AggregateExec (input rows 5000000 (exact) vs min_rows 250000; minmax_int over 1 i64 key (memory input): the measured table takes the 100k, 1M bucket(s) at 5M rows; MetalExec decides from a group-count estimate; output kept at one partition (only projections above it))",,0,0.00,0.00,0.00,0.00,0.00,0,2161856,1.75,3.55,100,0,,,,,,,15.80,226.1,17.56,"yes",1,1,1670162,0.1522,0.01,0.00,"TAKEN AggregateExec (input rows 5000000 (exact) vs min_rows 250000; minmax_int over 1 i64 key (memory input): the measured table takes the 100k, 1M bucket(s) at 5M rows; MetalExec decides from a group-count estimate; output kept at one partition (only projections above it)) | LEFT MetalExec Aggregate { keys (handed back to DataFusion: an estimated 1670162 groups (1090275 to 3240922, Chao1 over a 8192-row sample) at 5000000 rows: the range reaches group counts the table decides differently; left to DataFusion (from the first 16384 rows of each partition))",17.51,2026-10-01 05:57:41,2026-10-01 06:02:21,2026-09-29 00:37:52,30,16.24,16.74,,,alternate,false,29.38,33.05,33.71,500,33.71,364.3,358.4,3,5000,32.83,36.49,32.77,35.29,369.7,372.9
5000000,part1,gsweep,sum_f64_2i64_R2,"sum_f64, 2 i64 key(s), R2 groups in the key domain","SELECT kl1, kl2, sum(x) AS s FROM grid GROUP BY kl1, kl2",14.72,,,214.6,,30,,"yes",4.433e-16,,,"TAKEN AggregateExec (input rows 5000000 (exact) vs min_rows 250000; sum_avg_f64 over 2+ i64 keys (memory input): the measured table takes the 100k bucket(s) at 5M rows; MetalExec decides from a group-count estimate; output kept at one partition (only projections above it))",,0,0.00,0.00,0.00,0.00,0.00,0,2161178,1.75,3.55,100,0,,,,,,,14.88,213.6,18.08,"yes",1,1,2098176,0.0615,0.02,0.00,"TAKEN AggregateExec (input rows 5000000 (exact) vs min_rows 250000; sum_avg_f64 over 2+ i64 keys (memory input): the measured table takes the 100k bucket(s) at 5M rows; MetalExec decides from a group-count estimate; output kept at one partition (only projections above it)) | LEFT MetalExec Aggregate { keys (handed back to DataFusion: an estimated 2098176 groups (700757 to 5000000, Chao1 over a 2048-row sample) at 5000000 rows: sum_avg_f64 at the rows/2 bucket is not taken at any measured size (needs 1.65x at two or more sizes; 1M: 0.58x, 2M: 0.79x, 5M: 1.20x, 10M: 1.10x, 50M: 0.67x); left to DataFusion (from the first 16384 rows of each partition))",19.01,2026-10-01 05:57:41,2026-10-01 06:02:21,2026-09-29 00:37:52,30,15.31,15.61,,,alternate,false,30.98,31.94,32.60,500,32.96,349.0,343.7,3,5000,32.50,33.31,32.75,33.10,346.5,351.9
5000000,part1,gsweep,avg_f64_2i64_R2,"avg_f64, 2 i64 key(s), R2 groups in the key domain","SELECT kl1, kl2, avg(x) AS m FROM grid GROUP BY kl1, kl2",16.78,,,242.6,,30,,"yes",3.331e-16,,,"TAKEN AggregateExec (input rows 5000000 (exact) vs min_rows 250000; sum_avg_f64 over 2+ i64 keys (memory input): the measured table takes the 100k bucket(s) at 5M rows; MetalExec decides from a group-count estimate; output kept at one partition (only projections above it))",,0,0.00,0.00,0.00,0.00,0.00,0,2161178,1.75,3.55,100,0,,,,,,,17.28,245.2,19.27,"yes",1,1,2098176,0.0670,0.02,0.00,"TAKEN AggregateExec (input rows 5000000 (exact) vs min_rows 250000; sum_avg_f64 over 2+ i64 keys (memory input): the measured table takes the 100k bucket(s) at 5M rows; MetalExec decides from a group-count estimate; output kept at one partition (only projections above it)) | LEFT MetalExec Aggregate { keys (handed back to DataFusion: an estimated 2098176 groups (700757 to 5000000, Chao1 over a 2048-row sample) at 5000000 rows: sum_avg_f64 at the rows/2 bucket is not taken at any measured size (needs 1.65x at two or more sizes; 1M: 0.58x, 2M: 0.79x, 5M: 1.20x, 10M: 1.10x, 50M: 0.67x); left to DataFusion (from the first 16384 rows of each partition))",20.51,2026-10-01 05:57:41,2026-10-01 06:02:21,2026-09-29 00:37:52,30,17.48,17.75,,,alternate,false,24.45,32.42,34.73,500,35.63,308.1,376.7,3,5000,34.14,35.29,34.65,35.32,360.7,384.9
5000000,part1,gsweep,minmax_int_2i64_R2,"minmax_int, 2 i64 key(s), R2 groups in the key domain","SELECT kl1, kl2, min(q) AS lo, max(q) AS hi FROM grid GROUP BY kl1, kl2",18.64,,,272.1,,30,,"yes",0.000e0,,,"TAKEN AggregateExec (input rows 5000000 (exact) vs min_rows 250000; minmax_int over 2+ i64 keys (memory input): the measured table takes the 100k, 1M bucket(s) at 5M rows; MetalExec decides from a group-count estimate; output kept at one partition (only projections above it))",,0,0.00,0.00,0.00,0.00,0.00,0,2161178,1.75,3.55,100,0,,,,,,,19.15,270.6,22.28,"yes",1,1,2573874,0.2199,0.02,0.00,"TAKEN AggregateExec (input rows 5000000 (exact) vs min_rows 250000; minmax_int over 2+ i64 keys (memory input): the measured table takes the 100k, 1M bucket(s) at 5M rows; MetalExec decides from a group-count estimate; output kept at one partition (only projections above it)) | LEFT MetalExec Aggregate { keys (handed back to DataFusion: an estimated 2573874 groups (1529236 to 5000000, Chao1 over a 8192-row sample) at 5000000 rows: minmax_int at the rows/2 bucket is not taken at any measured size (needs 1.65x at two or more sizes; 1M: 1.00x, 2M: 2.00x, 5M: 2.40x, 10M: 2.30x, 50M: 1.10x); left to DataFusion (from the first 16384 rows of each partition))",22.85,2026-10-01 05:57:41,2026-10-01 06:02:21,2026-09-29 00:37:52,30,19.40,20.02,,,alternate,false,34.72,36.55,32.28,500,37.14,420.3,361.8,3,5000,37.99,38.51,24.80,36.60,408.7,305.8
10000000,b8192,gsweep,minmax_int_1i32_200,"minmax_int, 1 i32 key(s), 200 groups in the key domain","SELECT k, min(q) AS lo, max(q) AS hi FROM grid GROUP BY k",4.13,,,41.2,,30,,"yes",0.000e0,,,"TAKEN AggregateExec (input rows 10000000 (exact) vs min_rows 250000; minmax_int over 1 i32 key (memory input): the measured table takes the 100k, 1M bucket(s) at 10M rows; MetalExec decides from a group-count estimate; output kept at one partition (only projections above it))",,0,0.00,0.00,0.00,0.00,0.00,0,200,3.35,2.43,100,0,,,,,,,4.13,42.0,4.57,"yes",1,1,197,0.0139,0.01,0.00,"TAKEN AggregateExec (input rows 10000000 (exact) vs min_rows 250000; minmax_int over 1 i32 key (memory input): the measured table takes the 100k, 1M bucket(s) at 10M rows; MetalExec decides from a group-count estimate; output kept at one partition (only projections above it)) | LEFT MetalExec Aggregate { keys (handed back to DataFusion: an estimated 197 groups (195 to 199, Chao1 over a 512-row sample) at 10000000 rows: minmax_int at the 200 bucket is not taken at any measured size (needs 1.65x at two or more sizes; 1M: 0.44x, 2M: 0.57x, 5M: 0.76x, 10M: 0.88x, 50M: 1.20x); left to DataFusion (from the first 16384 rows of each partition))",5.10,2026-10-01 06:02:25,2026-10-01 06:06:57,2026-09-29 00:37:52,30,4.45,4.38,,,alternate,false,15.06,15.93,15.37,500,17.33,92.2,94.9,3,5000,7.88,11.46,6.79,19.10,70.9,57.5
10000000,b8192,gsweep,sum_f64_2i32_200,"sum_f64, 2 i32 key(s), 200 groups in the key domain","SELECT k1, k2, sum(x) AS s FROM grid GROUP BY k1, k2",8.20,,,90.4,,30,,"yes",4.360e-16,,,"TAKEN AggregateExec (input rows 10000000 (exact) vs min_rows 250000; sum_avg_f64 over 2+ i32 keys (memory input): the measured table takes the 100k bucket(s) at 10M rows; MetalExec decides from a group-count estimate; output kept at one partition (only projections above it))",,0,0.00,0.00,0.00,0.00,0.00,0,200,3.35,2.43,100,0,,,,,,,8.17,90.8,9.43,"yes",1,1,214,0.0149,0.01,0.00,"TAKEN AggregateExec (input rows 10000000 (exact) vs min_rows 250000; sum_avg_f64 over 2+ i32 keys (memory input): the measured table takes the 100k bucket(s) at 10M rows; MetalExec decides from a group-count estimate; output kept at one partition (only projections above it)) | LEFT MetalExec Aggregate { keys (handed back to DataFusion: an estimated 214 groups (208 to 223, Chao1 over a 512-row sample) at 10000000 rows: sum_avg_f64 at the 200 bucket is not taken at any measured size (needs 1.65x at two or more sizes; 1M: 0.41x, 2M: 0.75x, 5M: 1.10x, 10M: 1.30x, 50M: 1.60x); left to DataFusion (from the first 16384 rows of each partition))",15.06,2026-10-01 06:02:25,2026-10-01 06:06:57,2026-09-29 00:37:52,30,8.53,8.47,,,alternate,false,20.86,21.48,23.23,500,24.42,179.4,180.9,3,5000,23.26,25.48,21.38,24.10,174.8,178.3
10000000,b8192,gsweep,avg_f64_2i32_200,"avg_f64, 2 i32 key(s), 200 groups in the key domain","SELECT k1, k2, avg(x) AS m FROM grid GROUP BY k1, k2",8.24,,,92.5,,30,,"yes",2.220e-16,,,"TAKEN AggregateExec (input rows 10000000 (exact) vs min_rows 250000; sum_avg_f64 over 2+ i32 keys (memory input): the measured table takes the 100k bucket(s) at 10M rows; MetalExec decides from a group-count estimate; output kept at one partition (only projections above it))",,0,0.00,0.00,0.00,0.00,0.00,0,200,3.35,2.43,100,0,,,,,,,8.38,92.4,10.89,"yes",1,1,214,0.0157,0.01,0.00,"TAKEN AggregateExec (input rows 10000000 (exact) vs min_rows 250000; sum_avg_f64 over 2+ i32 keys (memory input): the measured table takes the 100k bucket(s) at 10M rows; MetalExec decides from a group-count estimate; output kept at one partition (only projections above it)) | LEFT MetalExec Aggregate { keys (handed back to DataFusion: an estimated 214 groups (208 to 223, Chao1 over a 512-row sample) at 10000000 rows: sum_avg_f64 at the 200 bucket is not taken at any measured size (needs 1.65x at two or more sizes; 1M: 0.41x, 2M: 0.75x, 5M: 1.10x, 10M: 1.30x, 50M: 1.60x); left to DataFusion (from the first 16384 rows of each partition))",11.18,2026-10-01 06:02:25,2026-10-01 06:06:57,2026-09-29 00:37:52,30,8.59,8.61,,,alternate,false,22.10,24.02,22.00,500,24.77,185.4,182.4,3,5000,19.87,22.70,21.51,24.55,172.1,176.6
10000000,b8192,gsweep,minmax_int_2i32_200,"minmax_int, 2 i32 key(s), 200 groups in the key domain","SELECT k1, k2, min(q) AS lo, max(q) AS hi FROM grid GROUP BY k1, k2",8.45,,,94.6,,30,,"yes",0.000e0,,,"TAKEN AggregateExec (input rows 10000000 (exact) vs min_rows 250000; minmax_int over 2+ i32 keys (memory input): the measured table takes the 100k, 1M bucket(s) at 10M rows; MetalExec decides from a group-count estimate; output kept at one partition (only projections above it))",,0,0.00,0.00,0.00,0.00,0.00,0,200,3.35,2.43,100,0,,,,,,,8.55,94.5,10.45,"yes",1,1,214,0.0175,0.01,0.00,"TAKEN AggregateExec (input rows 10000000 (exact) vs min_rows 250000; minmax_int over 2+ i32 keys (memory input): the measured table takes the 100k, 1M bucket(s) at 10M rows; MetalExec decides from a group-count estimate; output kept at one partition (only projections above it)) | LEFT MetalExec Aggregate { keys (handed back to DataFusion: an estimated 214 groups (208 to 223, Chao1 over a 512-row sample) at 10000000 rows: minmax_int at the 200 bucket is not taken at any measured size (needs 1.65x at two or more sizes; 1M: 0.38x, 2M: 0.69x, 5M: 1.10x, 10M: 1.40x, 50M: 1.70x); left to DataFusion (from the first 16384 rows of each partition))",12.35,2026-10-01 06:02:25,2026-10-01 06:06:57,2026-09-29 00:37:52,30,8.77,8.80,,,alternate,false,23.77,23.99,21.98,500,24.77,187.0,187.2,3,5000,21.54,21.63,22.86,22.98,186.6,186.8
10000000,b8192,gsweep,minmax_int_1i64_200,"minmax_int, 1 i64 key(s), 200 groups in the key domain","SELECT kl, min(q) AS lo, max(q) AS hi FROM grid GROUP BY kl",4.15,,,41.8,,30,,"yes",0.000e0,,,"TAKEN AggregateExec (input rows 10000000 (exact) vs min_rows 250000; minmax_int over 1 i64 key (memory input): the measured table takes the 100k, 1M bucket(s) at 10M rows; MetalExec decides from a group-count estimate; output kept at one partition (only projections above it))",,0,0.00,0.00,0.00,0.00,0.00,0,200,3.35,2.43,100,0,,,,,,,4.21,42.0,5.99,"yes",1,1,197,0.0163,0.01,0.00,"TAKEN AggregateExec (input rows 10000000 (exact) vs min_rows 250000; minmax_int over 1 i64 key (memory input): the measured table takes the 100k, 1M bucket(s) at 10M rows; MetalExec decides from a group-count estimate; output kept at one partition (only projections above it)) | LEFT MetalExec Aggregate { keys (handed back to DataFusion: an estimated 197 groups (195 to 199, Chao1 over a 512-row sample) at 10000000 rows: minmax_int at the 200 bucket is not taken at any measured size (needs 1.65x at two or more sizes; 1M: 0.44x, 2M: 0.59x, 5M: 0.73x, 10M: 0.77x, 50M: 1.00x); left to DataFusion (from the first 16384 rows of each partition))",6.68,2026-10-01 06:02:25,2026-10-01 06:06:57,2026-09-29 00:37:52,30,4.33,4.33,,,alternate,false,17.15,29.49,10.61,500,17.69,88.5,92.3,3,5000,11.97,17.83,15.57,16.23,93.3,91.8
10000000,b8192,gsweep,sum_f64_2i64_200,"sum_f64, 2 i64 key(s), 200 groups in the key domain","SELECT kl1, kl2, sum(x) AS s FROM grid GROUP BY kl1, kl2",8.24,,,91.9,,30,,"yes",2.930e-16,,,"TAKEN AggregateExec (input rows 10000000 (exact) vs min_rows 250000; sum_avg_f64 over 2+ i64 keys (memory input): the measured table takes the 100k, 1M bucket(s) at 10M rows; MetalExec decides from a group-count estimate; output kept at one partition (only projections above it))",,0,0.00,0.00,0.00,0.00,0.00,0,200,3.35,2.43,100,0,,,,,,,8.24,91.7,11.00,"yes",1,1,214,0.0187,0.01,0.00,"TAKEN AggregateExec (input rows 10000000 (exact) vs min_rows 250000; sum_avg_f64 over 2+ i64 keys (memory input): the measured table takes the 100k, 1M bucket(s) at 10M rows; MetalExec decides from a group-count estimate; output kept at one partition (only projections above it)) | LEFT MetalExec Aggregate { keys (handed back to DataFusion: an estimated 214 groups (208 to 223, Chao1 over a 512-row sample) at 10000000 rows: sum_avg_f64 at the 200 bucket is not taken at any measured size (needs 1.65x at two or more sizes; 1M: 0.30x, 2M: 0.54x, 5M: 1.00x, 10M: 1.10x, 50M: 1.30x); left to DataFusion (from the first 16384 rows of each partition))",12.64,2026-10-01 06:02:25,2026-10-01 06:06:57,2026-09-29 00:37:52,30,8.53,8.55,,,alternate,false,20.29,21.61,21.39,500,23.58,188.5,188.4,3,5000,22.11,24.36,21.78,22.33,179.9,181.0
10000000,b8192,gsweep,avg_f64_2i64_200,"avg_f64, 2 i64 key(s), 200 groups in the key domain","SELECT kl1, kl2, avg(x) AS m FROM grid GROUP BY kl1, kl2",8.33,,,94.6,,30,,"yes",2.220e-16,,,"TAKEN AggregateExec (input rows 10000000 (exact) vs min_rows 250000; sum_avg_f64 over 2+ i64 keys (memory input): the measured table takes the 100k, 1M bucket(s) at 10M rows; MetalExec decides from a group-count estimate; output kept at one partition (only projections above it))",,0,0.00,0.00,0.00,0.00,0.00,0,200,3.35,2.43,100,0,,,,,,,8.51,93.1,11.08,"yes",1,1,214,0.0181,0.01,0.00,"TAKEN AggregateExec (input rows 10000000 (exact) vs min_rows 250000; sum_avg_f64 over 2+ i64 keys (memory input): the measured table takes the 100k, 1M bucket(s) at 10M rows; MetalExec decides from a group-count estimate; output kept at one partition (only projections above it)) | LEFT MetalExec Aggregate { keys (handed back to DataFusion: an estimated 214 groups (208 to 223, Chao1 over a 512-row sample) at 10000000 rows: sum_avg_f64 at the 200 bucket is not taken at any measured size (needs 1.65x at two or more sizes; 1M: 0.30x, 2M: 0.54x, 5M: 1.00x, 10M: 1.10x, 50M: 1.30x); left to DataFusion (from the first 16384 rows of each partition))",11.32,2026-10-01 06:02:25,2026-10-01 06:06:57,2026-09-29 00:37:52,30,8.74,8.74,,,alternate,false,21.58,24.60,22.23,500,24.42,188.3,186.8,3,5000,15.81,20.98,19.05,21.79,184.4,190.8
10000000,b8192,gsweep,minmax_int_2i64_200,"minmax_int, 2 i64 key(s), 200 groups in the key domain","SELECT kl1, kl2, min(q) AS lo, max(q) AS hi FROM grid GROUP BY kl1, kl2",8.56,,,94.8,,30,,"yes",0.000e0,,,"TAKEN AggregateExec (input rows 10000000 (exact) vs min_rows 250000; minmax_int over 2+ i64 keys (memory input): the measured table takes the 100k, 1M bucket(s) at 10M rows; MetalExec decides from a group-count estimate; output kept at one partition (only projections above it))",,0,0.00,0.00,0.00,0.00,0.00,0,200,3.35,2.43,100,0,,,,,,,8.66,94.5,11.01,"yes",1,1,214,0.0210,0.01,0.00,"TAKEN AggregateExec (input rows 10000000 (exact) vs min_rows 250000; minmax_int over 2+ i64 keys (memory input): the measured table takes the 100k, 1M bucket(s) at 10M rows; MetalExec decides from a group-count estimate; output kept at one partition (only projections above it)) | LEFT MetalExec Aggregate { keys (handed back to DataFusion: an estimated 214 groups (208 to 223, Chao1 over a 512-row sample) at 10000000 rows: minmax_int at the 200 bucket is not taken at any measured size (needs 1.65x at two or more sizes; 1M: 0.59x, 2M: 0.77x, 5M: 1.00x, 10M: 1.20x, 50M: 1.30x); left to DataFusion (from the first 16384 rows of each partition))",11.92,2026-10-01 06:02:25,2026-10-01 06:06:57,2026-09-29 00:37:52,30,8.81,8.88,,,alternate,false,24.14,24.27,22.07,500,23.33,188.5,187.9,3,5000,15.52,24.40,24.07,25.98,176.5,190.4
10000000,b8192,gsweep,minmax_int_1i32_10k,"minmax_int, 1 i32 key(s), 10k groups in the key domain","SELECT k, min(q) AS lo, max(q) AS hi FROM grid GROUP BY k",5.53,,,60.2,,30,,"yes",0.000e0,,,"TAKEN AggregateExec (input rows 10000000 (exact) vs min_rows 250000; minmax_int over 1 i32 key (memory input): the measured table takes the 100k, 1M bucket(s) at 10M rows; MetalExec decides from a group-count estimate; output kept at one partition (only projections above it))",,0,0.00,0.00,0.00,0.00,0.00,0,10000,2.40,3.17,100,0,,,,,,,5.55,59.1,5.97,"yes",1,1,9526,0.0150,0.01,0.00,"TAKEN AggregateExec (input rows 10000000 (exact) vs min_rows 250000; minmax_int over 1 i32 key (memory input): the measured table takes the 100k, 1M bucket(s) at 10M rows; MetalExec decides from a group-count estimate; output kept at one partition (only projections above it)) | LEFT MetalExec Aggregate { keys (handed back to DataFusion: an estimated 9526 groups (5850 to 23640, Chao1 over a 512-row sample) at 10000000 rows: minmax_int at the 10k bucket is not taken at any measured size (needs 1.65x at two or more sizes; 1M: 0.64x, 2M: 0.93x, 5M: 1.00x, 10M: 1.00x, 50M: 0.94x); left to DataFusion (from the first 16384 rows of each partition))",6.29,2026-10-01 06:07:01,2026-10-01 06:11:35,2026-09-29 00:37:52,30,5.69,5.77,,,alternate,false,13.13,13.80,14.98,500,17.01,118.2,119.1,3,5000,17.93,19.68,17.74,18.58,124.6,121.6
10000000,b8192,gsweep,sum_f64_2i32_10k,"sum_f64, 2 i32 key(s), 10k groups in the key domain","SELECT k1, k2, sum(x) AS s FROM grid GROUP BY k1, k2",8.86,,,99.3,,30,,"yes",4.923e-16,,,"TAKEN AggregateExec (input rows 10000000 (exact) vs min_rows 250000; sum_avg_f64 over 2+ i32 keys (memory input): the measured table takes the 100k bucket(s) at 10M rows; MetalExec decides from a group-count estimate; output kept at one partition (only projections above it))",,0,0.00,0.00,0.00,0.00,0.00,0,10000,2.40,3.17,100,0,,,,,,,8.96,99.3,11.74,"yes",1,1,10485,0.0178,0.01,0.00,"TAKEN AggregateExec (input rows 10000000 (exact) vs min_rows 250000; sum_avg_f64 over 2+ i32 keys (memory input): the measured table takes the 100k bucket(s) at 10M rows; MetalExec decides from a group-count estimate; output kept at one partition (only projections above it)) | LEFT MetalExec Aggregate { keys (handed back to DataFusion: an estimated 10485 groups (6307 to 27937, Chao1 over a 512-row sample) at 10000000 rows: sum_avg_f64 at the 10k bucket is not taken at any measured size (needs 1.65x at two or more sizes; 1M: 0.52x, 2M: 0.55x, 5M: 1.10x, 10M: 1.30x, 50M: 1.20x); left to DataFusion (from the first 16384 rows of each partition))",13.70,2026-10-01 06:07:01,2026-10-01 06:11:35,2026-09-29 00:37:52,30,9.35,9.25,,,alternate,false,25.13,25.67,20.38,500,23.13,198.8,201.0,3,5000,23.69,26.41,24.00,24.85,200.5,192.5
10000000,b8192,gsweep,avg_f64_2i32_10k,"avg_f64, 2 i32 key(s), 10k groups in the key domain","SELECT k1, k2, avg(x) AS m FROM grid GROUP BY k1, k2",9.55,,,107.0,,30,,"yes",2.776e-16,,,"TAKEN AggregateExec (input rows 10000000 (exact) vs min_rows 250000; sum_avg_f64 over 2+ i32 keys (memory input): the measured table takes the 100k bucket(s) at 10M rows; MetalExec decides from a group-count estimate; output kept at one partition (only projections above it))",,0,0.00,0.00,0.00,0.00,0.00,0,10000,2.40,3.17,100,0,,,,,,,9.65,107.8,12.20,"yes",1,1,10485,0.0175,0.01,0.00,"TAKEN AggregateExec (input rows 10000000 (exact) vs min_rows 250000; sum_avg_f64 over 2+ i32 keys (memory input): the measured table takes the 100k bucket(s) at 10M rows; MetalExec decides from a group-count estimate; output kept at one partition (only projections above it)) | LEFT MetalExec Aggregate { keys (handed back to DataFusion: an estimated 10485 groups (6307 to 27937, Chao1 over a 512-row sample) at 10000000 rows: sum_avg_f64 at the 10k bucket is not taken at any measured size (needs 1.65x at two or more sizes; 1M: 0.52x, 2M: 0.55x, 5M: 1.10x, 10M: 1.30x, 50M: 1.20x); left to DataFusion (from the first 16384 rows of each partition))",12.81,2026-10-01 06:07:01,2026-10-01 06:11:35,2026-09-29 00:37:52,30,9.84,9.97,,,alternate,false,26.16,27.18,24.35,500,29.32,214.7,211.9,3,5000,23.29,26.28,23.26,25.05,212.8,212.2
10000000,b8192,gsweep,minmax_int_2i32_10k,"minmax_int, 2 i32 key(s), 10k groups in the key domain","SELECT k1, k2, min(q) AS lo, max(q) AS hi FROM grid GROUP BY k1, k2",10.09,,,113.4,,30,,"yes",0.000e0,,,"TAKEN AggregateExec (input rows 10000000 (exact) vs min_rows 250000; minmax_int over 2+ i32 keys (memory input): the measured table takes the 100k, 1M bucket(s) at 10M rows; MetalExec decides from a group-count estimate; output kept at one partition (only projections above it))",,0,0.00,0.00,0.00,0.00,0.00,0,10000,2.40,3.17,100,0,,,,,,,10.08,114.3,12.63,"yes",1,1,10485,0.0183,0.01,0.00,"TAKEN AggregateExec (input rows 10000000 (exact) vs min_rows 250000; minmax_int over 2+ i32 keys (memory input): the measured table takes the 100k, 1M bucket(s) at 10M rows; MetalExec decides from a group-count estimate; output kept at one partition (only projections above it)) | LEFT MetalExec Aggregate { keys (handed back to DataFusion: an estimated 10485 groups (6307 to 27937, Chao1 over a 512-row sample) at 10000000 rows: minmax_int at the 10k bucket is not taken at any measured size (needs 1.65x at two or more sizes; 1M: 0.59x, 2M: 1.20x, 5M: 1.50x, 10M: 1.40x, 50M: 1.50x); left to DataFusion (from the first 16384 rows of each partition))",14.43,2026-10-01 06:07:01,2026-10-01 06:11:35,2026-09-29 00:37:52,30,10.41,10.47,,,alternate,false,26.71,26.84,26.33,500,26.68,221.3,210.1,3,5000,26.69,28.82,22.93,26.67,220.0,187.6
10000000,b8192,gsweep,minmax_int_1i64_10k,"minmax_int, 1 i64 key(s), 10k groups in the key domain","SELECT kl, min(q) AS lo, max(q) AS hi FROM grid GROUP BY kl",5.69,,,62.6,,30,,"yes",0.000e0,,,"TAKEN AggregateExec (input rows 10000000 (exact) vs min_rows 250000; minmax_int over 1 i64 key (memory input): the measured table takes the 100k, 1M bucket(s) at 10M rows; MetalExec decides from a group-count estimate; output kept at one partition (only projections above it))",,0,0.00,0.00,0.00,0.00,0.00,0,10000,2.40,3.17,100,0,,,,,,,5.86,62.1,9.94,"yes",1,1,9526,0.0160,0.01,0.00,"TAKEN AggregateExec (input rows 10000000 (exact) vs min_rows 250000; minmax_int over 1 i64 key (memory input): the measured table takes the 100k, 1M bucket(s) at 10M rows; MetalExec decides from a group-count estimate; output kept at one partition (only projections above it)) | LEFT MetalExec Aggregate { keys (handed back to DataFusion: an estimated 9526 groups (5850 to 23640, Chao1 over a 512-row sample) at 10000000 rows: minmax_int at the 10k bucket is not taken at any measured size (needs 1.65x at two or more sizes; 1M: 0.67x, 2M: 1.00x, 5M: 1.10x, 10M: 0.95x, 50M: 0.87x); left to DataFusion (from the first 16384 rows of each partition))",8.11,2026-10-01 06:07:01,2026-10-01 06:11:35,2026-09-29 00:37:52,30,5.89,5.98,,,alternate,false,19.49,19.88,17.19,500,18.65,124.2,128.4,3,5000,17.63,20.97,20.11,21.11,121.5,129.0
10000000,b8192,gsweep,sum_f64_2i64_10k,"sum_f64, 2 i64 key(s), 10k groups in the key domain","SELECT kl1, kl2, sum(x) AS s FROM grid GROUP BY kl1, kl2",9.27,,,101.9,,30,,"yes",4.879e-16,,,"TAKEN AggregateExec (input rows 10000000 (exact) vs min_rows 250000; sum_avg_f64 over 2+ i64 keys (memory input): the measured table takes the 100k, 1M bucket(s) at 10M rows; MetalExec decides from a group-count estimate; output kept at one partition (only projections above it))",,0,0.00,0.00,0.00,0.00,0.00,0,10000,2.40,3.17,100,0,,,,,,,9.23,101.7,12.12,"yes",1,1,10485,0.0212,0.01,0.00,"TAKEN AggregateExec (input rows 10000000 (exact) vs min_rows 250000; sum_avg_f64 over 2+ i64 keys (memory input): the measured table takes the 100k, 1M bucket(s) at 10M rows; MetalExec decides from a group-count estimate; output kept at one partition (only projections above it)) | LEFT MetalExec Aggregate { keys (handed back to DataFusion: an estimated 10485 groups (6307 to 27937, Chao1 over a 512-row sample) at 10000000 rows: sum_avg_f64 at the 10k bucket is not taken at any measured size (needs 1.65x at two or more sizes; 1M: 0.66x, 2M: 0.79x, 5M: 1.10x, 10M: 1.10x, 50M: 1.00x); left to DataFusion (from the first 16384 rows of each partition))",13.28,2026-10-01 06:07:01,2026-10-01 06:11:35,2026-09-29 00:37:52,30,9.76,9.74,,,alternate,false,17.81,25.25,25.28,500,25.38,166.1,196.9,3,5000,16.81,20.58,15.57,25.42,147.3,130.4
10000000,b8192,gsweep,avg_f64_2i64_10k,"avg_f64, 2 i64 key(s), 10k groups in the key domain","SELECT kl1, kl2, avg(x) AS m FROM grid GROUP BY kl1, kl2",10.13,,,109.6,,30,,"yes",2.776e-16,,,"TAKEN AggregateExec (input rows 10000000 (exact) vs min_rows 250000; sum_avg_f64 over 2+ i64 keys (memory input): the measured table takes the 100k, 1M bucket(s) at 10M rows; MetalExec decides from a group-count estimate; output kept at one partition (only projections above it))",,0,0.00,0.00,0.00,0.00,0.00,0,10000,2.40,3.17,100,0,,,,,,,10.05,110.2,14.85,"yes",1,1,10485,0.0195,0.01,0.00,"TAKEN AggregateExec (input rows 10000000 (exact) vs min_rows 250000; sum_avg_f64 over 2+ i64 keys (memory input): the measured table takes the 100k, 1M bucket(s) at 10M rows; MetalExec decides from a group-count estimate; output kept at one partition (only projections above it)) | LEFT MetalExec Aggregate { keys (handed back to DataFusion: an estimated 10485 groups (6307 to 27937, Chao1 over a 512-row sample) at 10000000 rows: sum_avg_f64 at the 10k bucket is not taken at any measured size (needs 1.65x at two or more sizes; 1M: 0.66x, 2M: 0.79x, 5M: 1.10x, 10M: 1.10x, 50M: 1.00x); left to DataFusion (from the first 16384 rows of each partition))",14.27,2026-10-01 06:07:01,2026-10-01 06:11:35,2026-09-29 00:37:52,30,10.56,10.36,,,alternate,false,26.06,26.61,24.75,500,25.07,217.1,209.1,3,5000,23.11,26.32,25.36,27.28,221.2,216.5
10000000,b8192,gsweep,minmax_int_2i64_10k,"minmax_int, 2 i64 key(s), 10k groups in the key domain","SELECT kl1, kl2, min(q) AS lo, max(q) AS hi FROM grid GROUP BY kl1, kl2",10.31,,,115.7,,30,,"yes",0.000e0,,,"TAKEN AggregateExec (input rows 10000000 (exact) vs min_rows 250000; minmax_int over 2+ i64 keys (memory input): the measured table takes the 100k, 1M bucket(s) at 10M rows; MetalExec decides from a group-count estimate; output kept at one partition (only projections above it))",,0,0.00,0.00,0.00,0.00,0.00,0,10000,2.40,3.17,100,0,,,,,,,10.34,116.0,15.88,"yes",1,1,10485,0.0195,0.01,0.00,"TAKEN AggregateExec (input rows 10000000 (exact) vs min_rows 250000; minmax_int over 2+ i64 keys (memory input): the measured table takes the 100k, 1M bucket(s) at 10M rows; MetalExec decides from a group-count estimate; output kept at one partition (only projections above it)) | LEFT MetalExec Aggregate { keys (handed back to DataFusion: an estimated 10485 groups (6307 to 27937, Chao1 over a 512-row sample) at 10000000 rows: minmax_int at the 10k bucket is not taken at any measured size (needs 1.65x at two or more sizes; 1M: 0.98x, 2M: 1.10x, 5M: 1.20x, 10M: 1.40x, 50M: 1.20x); left to DataFusion (from the first 16384 rows of each partition))",14.30,2026-10-01 06:07:01,2026-10-01 06:11:35,2026-09-29 00:37:52,30,10.94,10.78,,,alternate,false,25.23,26.64,24.92,500,26.92,227.5,223.1,3,5000,26.52,27.69,24.93,26.64,216.3,217.6
10000000,b8192,gsweep,minmax_int_1i32_100k,"minmax_int, 1 i32 key(s), 100k groups in the key domain","SELECT k, min(q) AS lo, max(q) AS hi FROM grid GROUP BY k",14.86,,,189.6,,15,,"yes",0.000e0,,,"TAKEN AggregateExec (input rows 10000000 (exact) vs min_rows 250000; minmax_int over 1 i32 key (memory input): the measured table takes the 100k, 1M bucket(s) at 10M rows; MetalExec decides from a group-count estimate; output kept at one partition (only projections above it))",,0,0.00,0.00,0.00,0.00,0.00,0,100000,3.08,2.63,100,24,,,,,,,5.96,10.4,22.03,"yes",1,0,108507,0.1110,0.18,3.71,"TAKEN AggregateExec (input rows 10000000 (exact) vs min_rows 250000; minmax_int over 1 i32 key (memory input): the measured table takes the 100k, 1M bucket(s) at 10M rows; MetalExec decides from a group-count estimate; output kept at one partition (only projections above it)) | TAKEN MetalExec Aggregate { keys (ran on ArrowMetal: an estimated 108507 groups (70643 to 214655, Chao1 over a 2048-row sample) at 10000000 rows: minmax_int at the 100k bucket is taken from 2M rows (from the first rows of each partition; a 2048-row sample of the whole input puts it at 73796 to 233598 groups))",17.00,2026-10-01 06:11:38,2026-10-01 06:16:15,2026-09-29 00:37:52,3,14.90,6.22,,,rounds,true,26.21,33.59,30.62,500,31.65,40.2,324.2,3,5000,34.66,35.27,29.96,31.25,48.5,328.5
10000000,b8192,gsweep,sum_f64_2i32_100k,"sum_f64, 2 i32 key(s), 100k groups in the key domain","SELECT k1, k2, sum(x) AS s FROM grid GROUP BY k1, k2",14.60,,,182.2,,15,,"yes",5.304e-16,,,"TAKEN AggregateExec (input rows 10000000 (exact) vs min_rows 250000; sum_avg_f64 over 2+ i32 keys (memory input): the measured table takes the 100k bucket(s) at 10M rows; MetalExec decides from a group-count estimate; output kept at one partition (only projections above it))",,0,0.00,0.00,0.00,0.00,0.00,0,100000,3.08,2.63,100,24,,,,,,,7.88,13.6,25.25,"yes",1,0,67988,0.1652,0.20,5.08,"TAKEN AggregateExec (input rows 10000000 (exact) vs min_rows 250000; sum_avg_f64 over 2+ i32 keys (memory input): the measured table takes the 100k bucket(s) at 10M rows; MetalExec decides from a group-count estimate; output kept at one partition (only projections above it)) | TAKEN MetalExec Aggregate { keys (ran on ArrowMetal: an estimated 67988 groups (48291 to 110581, Chao1 over a 2048-row sample) at 10000000 rows: sum_avg_f64 at the 100k bucket is taken from 5M rows (from the first rows of each partition; a 2048-row sample of the whole input puts it at 54523 to 135023 groups))",18.18,2026-10-01 06:11:38,2026-10-01 06:16:15,2026-09-29 00:37:52,3,14.75,7.95,,,rounds,true,25.91,31.09,30.26,500,30.76,29.9,322.2,3,5000,27.17,38.73,30.83,32.01,25.8,316.8
10000000,b8192,gsweep,avg_f64_2i32_100k,"avg_f64, 2 i32 key(s), 100k groups in the key domain","SELECT k1, k2, avg(x) AS m FROM grid GROUP BY k1, k2",16.72,,,215.0,,15,,"yes",3.331e-16,,,"TAKEN AggregateExec (input rows 10000000 (exact) vs min_rows 250000; sum_avg_f64 over 2+ i32 keys (memory input): the measured table takes the 100k bucket(s) at 10M rows; MetalExec decides from a group-count estimate; output kept at one partition (only projections above it))",,0,0.00,0.00,0.00,0.00,0.00,0,100000,3.08,2.63,100,21,,,,,,,7.93,13.7,22.49,"yes",1,0,67988,0.1557,0.20,5.12,"TAKEN AggregateExec (input rows 10000000 (exact) vs min_rows 250000; sum_avg_f64 over 2+ i32 keys (memory input): the measured table takes the 100k bucket(s) at 10M rows; MetalExec decides from a group-count estimate; output kept at one partition (only projections above it)) | TAKEN MetalExec Aggregate { keys (ran on ArrowMetal: an estimated 67988 groups (48291 to 110581, Chao1 over a 2048-row sample) at 10000000 rows: sum_avg_f64 at the 100k bucket is taken from 5M rows (from the first rows of each partition; a 2048-row sample of the whole input puts it at 54523 to 135023 groups))",20.20,2026-10-01 06:11:38,2026-10-01 06:16:15,2026-09-29 00:37:52,3,16.87,9.05,,,rounds,true,28.82,37.57,34.53,500,35.93,45.9,346.0,3,5000,38.13,38.87,31.69,32.64,53.5,346.1
10000000,b8192,gsweep,minmax_int_2i32_100k,"minmax_int, 2 i32 key(s), 100k groups in the key domain","SELECT k1, k2, min(q) AS lo, max(q) AS hi FROM grid GROUP BY k1, k2",19.09,,,253.1,,15,,"yes",0.000e0,,,"TAKEN AggregateExec (input rows 10000000 (exact) vs min_rows 250000; minmax_int over 2+ i32 keys (memory input): the measured table takes the 100k, 1M bucket(s) at 10M rows; MetalExec decides from a group-count estimate; output kept at one partition (only projections above it))",,0,0.00,0.00,0.00,0.00,0.00,0,100000,3.08,2.63,100,18,,,,,,,7.15,13.7,22.08,"yes",1,0,67988,0.1566,0.19,4.40,"TAKEN AggregateExec (input rows 10000000 (exact) vs min_rows 250000; minmax_int over 2+ i32 keys (memory input): the measured table takes the 100k, 1M bucket(s) at 10M rows; MetalExec decides from a group-count estimate; output kept at one partition (only projections above it)) | TAKEN MetalExec Aggregate { keys (ran on ArrowMetal: an estimated 67988 groups (48291 to 110581, Chao1 over a 2048-row sample) at 10000000 rows: minmax_int at the 100k bucket is taken from 2M rows (from the first rows of each partition; a 2048-row sample of the whole input puts it at 54523 to 135023 groups))",23.66,2026-10-01 06:11:38,2026-10-01 06:16:15,2026-09-29 00:37:52,3,19.28,7.17,,,rounds,true,27.82,36.10,37.16,500,38.41,45.0,420.0,3,5000,33.88,34.63,35.21,36.40,46.4,411.3
10000000,b8192,gsweep,minmax_int_1i64_100k,"minmax_int, 1 i64 key(s), 100k groups in the key domain","SELECT kl, min(q) AS lo, max(q) AS hi FROM grid GROUP BY kl",16.12,,,206.5,,15,,"yes",0.000e0,,,"TAKEN AggregateExec (input rows 10000000 (exact) vs min_rows 250000; minmax_int over 1 i64 key (memory input): the measured table takes the 100k, 1M bucket(s) at 10M rows; MetalExec decides from a group-count estimate; output kept at one partition (only projections above it))",,0,0.00,0.00,0.00,0.00,0.00,0,100000,3.08,2.63,100,22,,,,,,,5.98,11.8,23.93,"yes",1,0,108507,0.1121,0.18,3.68,"TAKEN AggregateExec (input rows 10000000 (exact) vs min_rows 250000; minmax_int over 1 i64 key (memory input): the measured table takes the 100k, 1M bucket(s) at 10M rows; MetalExec decides from a group-count estimate; output kept at one partition (only projections above it)) | TAKEN MetalExec Aggregate { keys (ran on ArrowMetal: an estimated 108507 groups (70643 to 214655, Chao1 over a 2048-row sample) at 10000000 rows: minmax_int at the 100k bucket is taken from 5M rows (from the first rows of each partition; a 2048-row sample of the whole input puts it at 73796 to 233598 groups))",18.49,2026-10-01 06:11:38,2026-10-01 06:16:15,2026-09-29 00:37:52,3,16.61,6.49,,,rounds,true,22.59,34.90,34.22,500,35.15,33.4,333.4,3,5000,34.33,34.39,33.43,33.60,51.3,354.3
10000000,b8192,gsweep,sum_f64_2i64_100k,"sum_f64, 2 i64 key(s), 100k groups in the key domain","SELECT kl1, kl2, sum(x) AS s FROM grid GROUP BY kl1, kl2",16.43,,,209.1,,15,,"yes",6.238e-16,,,"TAKEN AggregateExec (input rows 10000000 (exact) vs min_rows 250000; sum_avg_f64 over 2+ i64 keys (memory input): the measured table takes the 100k, 1M bucket(s) at 10M rows; MetalExec decides from a group-count estimate; output kept at one partition (only projections above it))",,0,0.00,0.00,0.00,0.00,0.00,0,100000,3.08,2.63,100,22,,,,,,,8.61,17.4,31.76,"yes",1,0,67988,0.1962,0.20,5.32,"TAKEN AggregateExec (input rows 10000000 (exact) vs min_rows 250000; sum_avg_f64 over 2+ i64 keys (memory input): the measured table takes the 100k, 1M bucket(s) at 10M rows; MetalExec decides from a group-count estimate; output kept at one partition (only projections above it)) | TAKEN MetalExec Aggregate { keys (ran on ArrowMetal: an estimated 67988 groups (48291 to 110581, Chao1 over a 2048-row sample) at 10000000 rows: sum_avg_f64 at the 100k bucket is taken from 5M rows (from the first rows of each partition; a 2048-row sample of the whole input puts it at 54523 to 135023 groups))",19.74,2026-10-01 06:11:38,2026-10-01 06:16:15,2026-09-29 00:37:52,3,16.52,8.70,,,rounds,true,30.37,34.35,32.93,500,34.78,44.7,340.3,3,5000,36.04,41.46,28.75,34.19,50.2,344.0
10000000,b8192,gsweep,avg_f64_2i64_100k,"avg_f64, 2 i64 key(s), 100k groups in the key domain","SELECT kl1, kl2, avg(x) AS m FROM grid GROUP BY kl1, kl2",18.71,,,254.7,,15,,"yes",2.776e-16,,,"TAKEN AggregateExec (input rows 10000000 (exact) vs min_rows 250000; sum_avg_f64 over 2+ i64 keys (memory input): the measured table takes the 100k, 1M bucket(s) at 10M rows; MetalExec decides from a group-count estimate; output kept at one partition (only projections above it))",,0,0.00,0.00,0.00,0.00,0.00,0,100000,3.08,2.63,100,20,,,,,,,8.71,17.3,24.53,"yes",1,0,67988,0.1890,0.19,5.54,"TAKEN AggregateExec (input rows 10000000 (exact) vs min_rows 250000; sum_avg_f64 over 2+ i64 keys (memory input): the measured table takes the 100k, 1M bucket(s) at 10M rows; MetalExec decides from a group-count estimate; output kept at one partition (only projections above it)) | TAKEN MetalExec Aggregate { keys (ran on ArrowMetal: an estimated 67988 groups (48291 to 110581, Chao1 over a 2048-row sample) at 10000000 rows: sum_avg_f64 at the 100k bucket is taken from 5M rows (from the first rows of each partition; a 2048-row sample of the whole input puts it at 54523 to 135023 groups))",23.04,2026-10-01 06:11:38,2026-10-01 06:16:15,2026-09-29 00:37:52,3,18.81,8.82,,,rounds,true,31.52,34.74,24.20,500,29.10,41.5,299.4,3,5000,38.47,39.58,26.11,34.92,50.5,320.6
10000000,b8192,gsweep,minmax_int_2i64_100k,"minmax_int, 2 i64 key(s), 100k groups in the key domain","SELECT kl1, kl2, min(q) AS lo, max(q) AS hi FROM grid GROUP BY kl1, kl2",20.89,,,292.1,,15,,"yes",0.000e0,,,"TAKEN AggregateExec (input rows 10000000 (exact) vs min_rows 250000; minmax_int over 2+ i64 keys (memory input): the measured table takes the 100k, 1M bucket(s) at 10M rows; MetalExec decides from a group-count estimate; output kept at one partition (only projections above it))",,0,0.00,0.00,0.00,0.00,0.00,0,100000,3.08,2.63,100,18,,,,,,,7.54,17.1,22.81,"yes",1,0,67988,0.2040,0.19,4.22,"TAKEN AggregateExec (input rows 10000000 (exact) vs min_rows 250000; minmax_int over 2+ i64 keys (memory input): the measured table takes the 100k, 1M bucket(s) at 10M rows; MetalExec decides from a group-count estimate; output kept at one partition (only projections above it)) | TAKEN MetalExec Aggregate { keys (ran on ArrowMetal: an estimated 67988 groups (48291 to 110581, Chao1 over a 2048-row sample) at 10000000 rows: minmax_int at the 100k bucket is taken from 5M rows (from the first rows of each partition; a 2048-row sample of the whole input puts it at 54523 to 135023 groups))",22.70,2026-10-01 06:11:38,2026-10-01 06:16:15,2026-09-29 00:37:52,3,21.10,8.14,,,rounds,true,30.47,39.61,31.06,500,40.71,58.7,403.4,3,5000,38.44,38.50,32.63,44.11,57.1,411.6
10000000,b8192,gsweep,minmax_int_1i32_1M,"minmax_int, 1 i32 key(s), 1M groups in the key domain","SELECT k, min(q) AS lo, max(q) AS hi FROM grid GROUP BY k",18.55,,,271.1,,15,,"yes",0.000e0,,,"TAKEN AggregateExec (input rows 10000000 (exact) vs min_rows 250000; minmax_int over 1 i32 key (memory input): the measured table takes the 100k, 1M bucket(s) at 10M rows; MetalExec decides from a group-count estimate; output kept at one partition (only projections above it))",,0,0.00,0.00,0.00,0.00,0.00,0,999951,2.50,2.02,100,21,,,,,,,7.17,10.5,22.74,"yes",1,0,1040798,0.1457,0.11,5.18,"TAKEN AggregateExec (input rows 10000000 (exact) vs min_rows 250000; minmax_int over 1 i32 key (memory input): the measured table takes the 100k, 1M bucket(s) at 10M rows; MetalExec decides from a group-count estimate; output kept at one partition (only projections above it)) | TAKEN MetalExec Aggregate { keys (ran on ArrowMetal: an estimated 1040798 groups (740276 to 1671653, Chao1 over a 8192-row sample) at 10000000 rows: minmax_int at the 1M bucket is taken from 5M rows (from the first rows of each partition; a 2048-row sample of the whole input puts it at 268759 to 10000000 groups))",19.12,2026-10-01 06:16:19,2026-10-01 06:20:58,2026-09-29 00:37:52,3,18.70,7.26,,,rounds,true,29.04,36.95,35.92,500,36.93,42.9,424.0,3,5000,32.45,38.43,36.39,37.09,41.5,419.5
10000000,b8192,gsweep,sum_f64_2i32_1M,"sum_f64, 2 i32 key(s), 1M groups in the key domain","SELECT k1, k2, sum(x) AS s FROM grid GROUP BY k1, k2",17.92,,,262.6,,30,,"yes",6.864e-16,,,"TAKEN AggregateExec (input rows 10000000 (exact) vs min_rows 250000; sum_avg_f64 over 2+ i32 keys (memory input): the measured table takes the 100k bucket(s) at 10M rows; MetalExec decides from a group-count estimate; output kept at one partition (only projections above it))",,0,0.00,0.00,0.00,0.00,0.00,0,999943,2.50,2.02,100,0,,,,,,,17.82,260.0,21.30,"yes",1,1,1048065,0.0577,0.01,0.00,"TAKEN AggregateExec (input rows 10000000 (exact) vs min_rows 250000; sum_avg_f64 over 2+ i32 keys (memory input): the measured table takes the 100k bucket(s) at 10M rows; MetalExec decides from a group-count estimate; output kept at one partition (only projections above it)) | LEFT MetalExec Aggregate { keys (handed back to DataFusion: an estimated 1048065 groups (350720 to 10000000, Chao1 over a 2048-row sample) at 10000000 rows: sum_avg_f64 at the 1M bucket is not taken at any measured size (needs 1.65x at two or more sizes; 5M: 1.40x, 10M: 1.60x, 50M: 2.20x); left to DataFusion (from the first 16384 rows of each partition))",21.76,2026-10-01 06:16:19,2026-10-01 06:20:58,2026-09-29 00:37:52,30,18.22,18.46,,,alternate,false,37.37,38.50,34.86,500,39.19,432.4,390.0,3,5000,36.06,37.76,36.41,38.54,424.5,429.5
10000000,b8192,gsweep,avg_f64_2i32_1M,"avg_f64, 2 i32 key(s), 1M groups in the key domain","SELECT k1, k2, avg(x) AS m FROM grid GROUP BY k1, k2",20.52,,,303.4,,30,,"yes",4.441e-16,,,"TAKEN AggregateExec (input rows 10000000 (exact) vs min_rows 250000; sum_avg_f64 over 2+ i32 keys (memory input): the measured table takes the 100k bucket(s) at 10M rows; MetalExec decides from a group-count estimate; output kept at one partition (only projections above it))",,0,0.00,0.00,0.00,0.00,0.00,0,999943,2.50,2.02,100,0,,,,,,,20.68,302.3,21.94,"yes",1,1,1048065,0.0551,0.01,0.00,"TAKEN AggregateExec (input rows 10000000 (exact) vs min_rows 250000; sum_avg_f64 over 2+ i32 keys (memory input): the measured table takes the 100k bucket(s) at 10M rows; MetalExec decides from a group-count estimate; output kept at one partition (only projections above it)) | LEFT MetalExec Aggregate { keys (handed back to DataFusion: an estimated 1048065 groups (350720 to 10000000, Chao1 over a 2048-row sample) at 10000000 rows: sum_avg_f64 at the 1M bucket is not taken at any measured size (needs 1.65x at two or more sizes; 5M: 1.40x, 10M: 1.60x, 50M: 2.20x); left to DataFusion (from the first 16384 rows of each partition))",23.67,2026-10-01 06:16:19,2026-10-01 06:20:58,2026-09-29 00:37:52,30,21.16,21.23,,,alternate,false,40.01,41.66,36.68,500,42.97,465.9,464.5,3,5000,40.71,41.79,38.58,39.85,470.3,459.9
10000000,b8192,gsweep,minmax_int_2i32_1M,"minmax_int, 2 i32 key(s), 1M groups in the key domain","SELECT k1, k2, min(q) AS lo, max(q) AS hi FROM grid GROUP BY k1, k2",22.71,,,334.7,,15,,"yes",0.000e0,,,"TAKEN AggregateExec (input rows 10000000 (exact) vs min_rows 250000; minmax_int over 2+ i32 keys (memory input): the measured table takes the 100k, 1M bucket(s) at 10M rows; MetalExec decides from a group-count estimate; output kept at one partition (only projections above it))",,0,0.00,0.00,0.00,0.00,0.00,0,999943,2.50,2.02,100,18,,,,,,,7.93,14.1,24.44,"yes",1,0,1282860,0.2214,0.21,4.94,"TAKEN AggregateExec (input rows 10000000 (exact) vs min_rows 250000; minmax_int over 2+ i32 keys (memory input): the measured table takes the 100k, 1M bucket(s) at 10M rows; MetalExec decides from a group-count estimate; output kept at one partition (only projections above it)) | TAKEN MetalExec Aggregate { keys (ran on ArrowMetal: an estimated 1282860 groups (880325 to 2217634, Chao1 over a 8192-row sample) at 10000000 rows: minmax_int at the 1M bucket is taken from 5M rows (from the first rows of each partition; a 2048-row sample of the whole input puts it at 350720 to 10000000 groups))",25.54,2026-10-01 06:16:19,2026-10-01 06:20:58,2026-09-29 00:37:52,3,22.77,8.56,,,rounds,true,32.54,32.77,39.73,500,42.53,43.5,504.7,3,5000,39.98,40.52,43.29,43.78,56.1,510.1
10000000,b8192,gsweep,minmax_int_1i64_1M,"minmax_int, 1 i64 key(s), 1M groups in the key domain","SELECT kl, min(q) AS lo, max(q) AS hi FROM grid GROUP BY kl",20.36,,,293.7,,15,,"yes",0.000e0,,,"TAKEN AggregateExec (input rows 10000000 (exact) vs min_rows 250000; minmax_int over 1 i64 key (memory input): the measured table takes the 100k, 1M bucket(s) at 10M rows; MetalExec decides from a group-count estimate; output kept at one partition (only projections above it))",,0,0.00,0.00,0.00,0.00,0.00,0,999951,2.50,2.02,100,18,,,,,,,7.66,12.8,23.41,"yes",1,0,1040798,0.2084,0.18,5.10,"TAKEN AggregateExec (input rows 10000000 (exact) vs min_rows 250000; minmax_int over 1 i64 key (memory input): the measured table takes the 100k, 1M bucket(s) at 10M rows; MetalExec decides from a group-count estimate; output kept at one partition (only projections above it)) | TAKEN MetalExec Aggregate { keys (ran on ArrowMetal: an estimated 1040798 groups (740276 to 1671653, Chao1 over a 8192-row sample) at 10000000 rows: minmax_int at the 1M bucket is taken from 5M rows (from the first rows of each partition; a 2048-row sample of the whole input puts it at 268759 to 10000000 groups))",22.31,2026-10-01 06:16:19,2026-10-01 06:20:58,2026-09-29 00:37:52,3,20.64,7.73,,,rounds,true,29.25,37.50,39.19,500,39.98,48.4,452.4,3,5000,39.78,40.62,38.80,38.90,54.3,444.7
10000000,b8192,gsweep,sum_f64_2i64_1M,"sum_f64, 2 i64 key(s), 1M groups in the key domain","SELECT kl1, kl2, sum(x) AS s FROM grid GROUP BY kl1, kl2",20.62,,,297.7,,15,,"yes",5.695e-16,,,"TAKEN AggregateExec (input rows 10000000 (exact) vs min_rows 250000; sum_avg_f64 over 2+ i64 keys (memory input): the measured table takes the 100k, 1M bucket(s) at 10M rows; MetalExec decides from a group-count estimate; output kept at one partition (only projections above it))",,0,0.00,0.00,0.00,0.00,0.00,0,999943,2.50,2.02,100,18,,,,,,,11.89,19.2,35.34,"yes",1,0,1282860,0.3324,0.20,8.30,"TAKEN AggregateExec (input rows 10000000 (exact) vs min_rows 250000; sum_avg_f64 over 2+ i64 keys (memory input): the measured table takes the 100k, 1M bucket(s) at 10M rows; MetalExec decides from a group-count estimate; output kept at one partition (only projections above it)) | TAKEN MetalExec Aggregate { keys (ran on ArrowMetal: an estimated 1282860 groups (880325 to 2217634, Chao1 over a 8192-row sample) at 10000000 rows: sum_avg_f64 at the 1M bucket is taken from 10M rows (from the first rows of each partition; a 2048-row sample of the whole input puts it at 350720 to 10000000 groups))",23.77,2026-10-01 06:16:19,2026-10-01 06:20:58,2026-09-29 00:37:52,3,20.69,12.38,,,rounds,true,41.15,47.46,30.14,500,30.82,56.3,418.4,3,5000,48.33,49.44,38.17,40.84,58.9,424.5
10000000,b8192,gsweep,avg_f64_2i64_1M,"avg_f64, 2 i64 key(s), 1M groups in the key domain","SELECT kl1, kl2, avg(x) AS m FROM grid GROUP BY kl1, kl2",24.24,,,347.8,,15,,"yes",3.331e-16,,,"TAKEN AggregateExec (input rows 10000000 (exact) vs min_rows 250000; sum_avg_f64 over 2+ i64 keys (memory input): the measured table takes the 100k, 1M bucket(s) at 10M rows; MetalExec decides from a group-count estimate; output kept at one partition (only projections above it))",,0,0.00,0.00,0.00,0.00,0.00,0,999943,2.50,2.02,100,16,,,,,,,11.81,19.6,32.64,"yes",1,0,1282860,0.3443,0.19,8.24,"TAKEN AggregateExec (input rows 10000000 (exact) vs min_rows 250000; sum_avg_f64 over 2+ i64 keys (memory input): the measured table takes the 100k, 1M bucket(s) at 10M rows; MetalExec decides from a group-count estimate; output kept at one partition (only projections above it)) | TAKEN MetalExec Aggregate { keys (ran on ArrowMetal: an estimated 1282860 groups (880325 to 2217634, Chao1 over a 8192-row sample) at 10000000 rows: sum_avg_f64 at the 1M bucket is taken from 10M rows (from the first rows of each partition; a 2048-row sample of the whole input puts it at 350720 to 10000000 groups))",27.32,2026-10-01 06:16:19,2026-10-01 06:20:58,2026-09-29 00:37:52,3,24.32,12.19,,,rounds,true,40.65,46.57,42.90,500,44.44,56.7,502.6,3,5000,49.47,49.91,36.15,43.61,57.7,500.3
10000000,b8192,gsweep,minmax_int_2i64_1M,"minmax_int, 2 i64 key(s), 1M groups in the key domain","SELECT kl1, kl2, min(q) AS lo, max(q) AS hi FROM grid GROUP BY kl1, kl2",26.05,,,376.9,,15,,"yes",0.000e0,,,"TAKEN AggregateExec (input rows 10000000 (exact) vs min_rows 250000; minmax_int over 2+ i64 keys (memory input): the measured table takes the 100k, 1M bucket(s) at 10M rows; MetalExec decides from a group-count estimate; output kept at one partition (only projections above it))",,0,0.00,0.00,0.00,0.00,0.00,0,999943,2.50,2.02,100,15,,,,,,,8.88,19.2,24.85,"yes",1,0,1282860,0.3355,0.20,5.25,"TAKEN AggregateExec (input rows 10000000 (exact) vs min_rows 250000; minmax_int over 2+ i64 keys (memory input): the measured table takes the 100k, 1M bucket(s) at 10M rows; MetalExec decides from a group-count estimate; output kept at one partition (only projections above it)) | TAKEN MetalExec Aggregate { keys (ran on ArrowMetal: an estimated 1282860 groups (880325 to 2217634, Chao1 over a 8192-row sample) at 10000000 rows: minmax_int at the 1M bucket is taken from 5M rows (from the first rows of each partition; a 2048-row sample of the whole input puts it at 350720 to 10000000 groups))",28.33,2026-10-01 06:16:19,2026-10-01 06:20:58,2026-09-29 00:37:52,3,26.23,9.31,,,rounds,true,34.08,43.00,44.65,500,45.19,61.7,541.6,3,5000,38.54,41.62,40.21,48.06,54.1,523.6
10000000,b8192,gsweep,minmax_int_1i32_R2,"minmax_int, 1 i32 key(s), R2 groups in the key domain","SELECT k, min(q) AS lo, max(q) AS hi FROM grid GROUP BY k",30.76,,,454.7,,30,,"yes",0.000e0,,,"TAKEN AggregateExec (input rows 10000000 (exact) vs min_rows 250000; minmax_int over 1 i32 key (memory input): the measured table takes the 100k, 1M bucket(s) at 10M rows; MetalExec decides from a group-count estimate; output kept at one partition (only projections above it))",,0,0.00,0.00,0.00,0.00,0.00,0,4323738,2.02,2.43,100,0,,,,,,,30.68,456.8,33.21,"yes",1,1,4787059,0.1055,0.01,0.00,"TAKEN AggregateExec (input rows 10000000 (exact) vs min_rows 250000; minmax_int over 1 i32 key (memory input): the measured table takes the 100k, 1M bucket(s) at 10M rows; MetalExec decides from a group-count estimate; output kept at one partition (only projections above it)) | LEFT MetalExec Aggregate { keys (handed back to DataFusion: an estimated 4787059 groups (2414989 to 10000000, Chao1 over a 8192-row sample) at 10000000 rows: the range reaches group counts the table decides differently; left to DataFusion (from the first 16384 rows of each partition))",32.96,2026-10-01 06:21:02,2026-10-01 06:25:57,2026-09-29 00:37:52,30,32.34,32.48,,,alternate,false,50.00,54.32,50.37,500,51.43,616.5,635.8,3,5000,46.63,50.26,48.95,52.37,618.8,597.3
10000000,b8192,gsweep,sum_f64_2i32_R2,"sum_f64, 2 i32 key(s), R2 groups in the key domain","SELECT k1, k2, sum(x) AS s FROM grid GROUP BY k1, k2",27.48,,,402.9,,30,,"yes",4.430e-16,,,"TAKEN AggregateExec (input rows 10000000 (exact) vs min_rows 250000; sum_avg_f64 over 2+ i32 keys (memory input): the measured table takes the 100k bucket(s) at 10M rows; MetalExec decides from a group-count estimate; output kept at one partition (only projections above it))",,0,0.00,0.00,0.00,0.00,0.00,0,4321209,2.02,2.43,100,0,,,,,,,27.46,401.7,29.19,"yes",1,1,2098176,0.0592,0.01,0.00,"TAKEN AggregateExec (input rows 10000000 (exact) vs min_rows 250000; sum_avg_f64 over 2+ i32 keys (memory input): the measured table takes the 100k bucket(s) at 10M rows; MetalExec decides from a group-count estimate; output kept at one partition (only projections above it)) | LEFT MetalExec Aggregate { keys (handed back to DataFusion: an estimated 2098176 groups (700757 to 10000000, Chao1 over a 2048-row sample) at 10000000 rows: sum_avg_f64 at the 1M bucket is not taken at any measured size (needs 1.65x at two or more sizes; 5M: 1.40x, 10M: 1.60x, 50M: 2.20x); left to DataFusion (from the first 16384 rows of each partition))",28.33,2026-10-01 06:21:02,2026-10-01 06:25:57,2026-09-29 00:37:52,30,28.49,28.47,,,alternate,false,46.53,47.72,47.14,500,48.11,576.1,576.2,3,5000,47.53,47.72,46.09,49.54,572.4,574.9
10000000,b8192,gsweep,avg_f64_2i32_R2,"avg_f64, 2 i32 key(s), R2 groups in the key domain","SELECT k1, k2, avg(x) AS m FROM grid GROUP BY k1, k2",31.87,,,473.6,,30,,"yes",3.331e-16,,,"TAKEN AggregateExec (input rows 10000000 (exact) vs min_rows 250000; sum_avg_f64 over 2+ i32 keys (memory input): the measured table takes the 100k bucket(s) at 10M rows; MetalExec decides from a group-count estimate; output kept at one partition (only projections above it))",,0,0.00,0.00,0.00,0.00,0.00,0,4321209,2.02,2.43,100,0,,,,,,,32.22,476.1,33.74,"yes",1,1,2098176,0.0564,0.01,0.00,"TAKEN AggregateExec (input rows 10000000 (exact) vs min_rows 250000; sum_avg_f64 over 2+ i32 keys (memory input): the measured table takes the 100k bucket(s) at 10M rows; MetalExec decides from a group-count estimate; output kept at one partition (only projections above it)) | LEFT MetalExec Aggregate { keys (handed back to DataFusion: an estimated 2098176 groups (700757 to 10000000, Chao1 over a 2048-row sample) at 10000000 rows: sum_avg_f64 at the 1M bucket is not taken at any measured size (needs 1.65x at two or more sizes; 5M: 1.40x, 10M: 1.60x, 50M: 2.20x); left to DataFusion (from the first 16384 rows of each partition))",35.12,2026-10-01 06:21:02,2026-10-01 06:25:57,2026-09-29 00:37:52,30,33.12,33.06,,,alternate,false,48.94,53.15,51.43,500,52.41,635.7,650.5,3,5000,52.60,54.03,52.24,54.40,642.6,643.3
10000000,b8192,gsweep,minmax_int_2i32_R2,"minmax_int, 2 i32 key(s), R2 groups in the key domain","SELECT k1, k2, min(q) AS lo, max(q) AS hi FROM grid GROUP BY k1, k2",34.92,,,522.0,,30,,"yes",0.000e0,,,"TAKEN AggregateExec (input rows 10000000 (exact) vs min_rows 250000; minmax_int over 2+ i32 keys (memory input): the measured table takes the 100k, 1M bucket(s) at 10M rows; MetalExec decides from a group-count estimate; output kept at one partition (only projections above it))",,0,0.00,0.00,0.00,0.00,0.00,0,4321209,2.02,2.43,100,0,,,,,,,35.67,524.3,36.87,"yes",1,1,6705155,0.1331,0.01,0.00,"TAKEN AggregateExec (input rows 10000000 (exact) vs min_rows 250000; minmax_int over 2+ i32 keys (memory input): the measured table takes the 100k, 1M bucket(s) at 10M rows; MetalExec decides from a group-count estimate; output kept at one partition (only projections above it)) | LEFT MetalExec Aggregate { keys (handed back to DataFusion: an estimated 6705155 groups (3052264 to 10000000, Chao1 over a 8192-row sample) at 10000000 rows: minmax_int at the rows/2 bucket is not taken at any measured size (needs 1.65x at two or more sizes; 1M: 1.00x, 2M: 1.80x, 5M: 2.40x, 10M: 2.20x, 50M: 1.00x); left to DataFusion (from the first 16384 rows of each partition))",37.79,2026-10-01 06:21:02,2026-10-01 06:25:57,2026-09-29 00:37:52,30,36.19,36.54,,,alternate,false,53.67,55.09,54.99,500,56.56,696.6,715.0,3,5000,55.39,58.43,57.74,58.20,715.1,717.0
10000000,b8192,gsweep,minmax_int_1i64_R2,"minmax_int, 1 i64 key(s), R2 groups in the key domain","SELECT kl, min(q) AS lo, max(q) AS hi FROM grid GROUP BY kl",33.57,,,497.9,,30,,"yes",0.000e0,,,"TAKEN AggregateExec (input rows 10000000 (exact) vs min_rows 250000; minmax_int over 1 i64 key (memory input): the measured table takes the 100k, 1M bucket(s) at 10M rows; MetalExec decides from a group-count estimate; output kept at one partition (only projections above it))",,0,0.00,0.00,0.00,0.00,0.00,0,4323738,2.02,2.43,100,0,,,,,,,33.98,501.7,37.23,"yes",1,1,4787059,0.1471,0.01,0.00,"TAKEN AggregateExec (input rows 10000000 (exact) vs min_rows 250000; minmax_int over 1 i64 key (memory input): the measured table takes the 100k, 1M bucket(s) at 10M rows; MetalExec decides from a group-count estimate; output kept at one partition (only projections above it)) | LEFT MetalExec Aggregate { keys (handed back to DataFusion: an estimated 4787059 groups (2414989 to 10000000, Chao1 over a 8192-row sample) at 10000000 rows: the range reaches group counts the table decides differently; left to DataFusion (from the first 16384 rows of each partition))",34.81,2026-10-01 06:21:02,2026-10-01 06:25:57,2026-09-29 00:37:52,30,34.84,35.22,,,alternate,false,52.66,54.05,52.51,500,55.67,674.0,677.6,3,5000,53.49,54.19,52.55,54.70,672.6,682.0
10000000,b8192,gsweep,sum_f64_2i64_R2,"sum_f64, 2 i64 key(s), R2 groups in the key domain","SELECT kl1, kl2, sum(x) AS s FROM grid GROUP BY kl1, kl2",30.93,,,458.1,,30,,"yes",5.759e-16,,,"TAKEN AggregateExec (input rows 10000000 (exact) vs min_rows 250000; sum_avg_f64 over 2+ i64 keys (memory input): the measured table takes the 100k, 1M bucket(s) at 10M rows; MetalExec decides from a group-count estimate; output kept at one partition (only projections above it))",,0,0.00,0.00,0.00,0.00,0.00,0,4321209,2.02,2.43,100,0,,,,,,,31.28,453.7,32.36,"yes",1,1,6705155,0.2087,0.01,0.00,"TAKEN AggregateExec (input rows 10000000 (exact) vs min_rows 250000; sum_avg_f64 over 2+ i64 keys (memory input): the measured table takes the 100k, 1M bucket(s) at 10M rows; MetalExec decides from a group-count estimate; output kept at one partition (only projections above it)) | LEFT MetalExec Aggregate { keys (handed back to DataFusion: an estimated 6705155 groups (3052264 to 10000000, Chao1 over a 8192-row sample) at 10000000 rows: sum_avg_f64 at the rows/2 bucket is not taken at any measured size (needs 1.65x at two or more sizes; 1M: 0.58x, 2M: 0.79x, 5M: 1.20x, 10M: 1.10x, 50M: 0.67x); left to DataFusion (from the first 16384 rows of each partition))",33.24,2026-10-01 06:21:02,2026-10-01 06:25:57,2026-09-29 00:37:52,30,31.86,32.31,,,alternate,false,44.93,50.03,43.80,500,51.86,579.7,597.4,3,5000,50.07,53.89,49.47,54.79,622.3,633.0
10000000,b8192,gsweep,avg_f64_2i64_R2,"avg_f64, 2 i64 key(s), R2 groups in the key domain","SELECT kl1, kl2, avg(x) AS m FROM grid GROUP BY kl1, kl2",35.73,,,524.5,,30,,"yes",3.331e-16,,,"TAKEN AggregateExec (input rows 10000000 (exact) vs min_rows 250000; sum_avg_f64 over 2+ i64 keys (memory input): the measured table takes the 100k, 1M bucket(s) at 10M rows; MetalExec decides from a group-count estimate; output kept at one partition (only projections above it))",,0,0.00,0.00,0.00,0.00,0.00,0,4321209,2.02,2.43,100,0,,,,,,,36.09,526.7,37.98,"yes",1,1,6705155,0.2159,0.01,0.00,"TAKEN AggregateExec (input rows 10000000 (exact) vs min_rows 250000; sum_avg_f64 over 2+ i64 keys (memory input): the measured table takes the 100k, 1M bucket(s) at 10M rows; MetalExec decides from a group-count estimate; output kept at one partition (only projections above it)) | LEFT MetalExec Aggregate { keys (handed back to DataFusion: an estimated 6705155 groups (3052264 to 10000000, Chao1 over a 8192-row sample) at 10000000 rows: sum_avg_f64 at the rows/2 bucket is not taken at any measured size (needs 1.65x at two or more sizes; 1M: 0.58x, 2M: 0.79x, 5M: 1.20x, 10M: 1.10x, 50M: 0.67x); left to DataFusion (from the first 16384 rows of each partition))",37.53,2026-10-01 06:21:02,2026-10-01 06:25:57,2026-09-29 00:37:52,30,36.64,37.08,,,alternate,false,56.42,57.07,53.58,500,55.36,688.4,689.4,3,5000,54.77,57.34,55.22,59.89,690.1,700.6
10000000,b8192,gsweep,minmax_int_2i64_R2,"minmax_int, 2 i64 key(s), R2 groups in the key domain","SELECT kl1, kl2, min(q) AS lo, max(q) AS hi FROM grid GROUP BY kl1, kl2",39.30,,,577.0,,30,,"yes",0.000e0,,,"TAKEN AggregateExec (input rows 10000000 (exact) vs min_rows 250000; minmax_int over 2+ i64 keys (memory input): the measured table takes the 100k, 1M bucket(s) at 10M rows; MetalExec decides from a group-count estimate; output kept at one partition (only projections above it))",,0,0.00,0.00,0.00,0.00,0.00,0,4321209,2.02,2.43,100,0,,,,,,,39.38,575.8,43.21,"yes",1,1,6705155,0.2189,0.01,0.00,"TAKEN AggregateExec (input rows 10000000 (exact) vs min_rows 250000; minmax_int over 2+ i64 keys (memory input): the measured table takes the 100k, 1M bucket(s) at 10M rows; MetalExec decides from a group-count estimate; output kept at one partition (only projections above it)) | LEFT MetalExec Aggregate { keys (handed back to DataFusion: an estimated 6705155 groups (3052264 to 10000000, Chao1 over a 8192-row sample) at 10000000 rows: minmax_int at the rows/2 bucket is not taken at any measured size (needs 1.65x at two or more sizes; 1M: 1.00x, 2M: 2.00x, 5M: 2.40x, 10M: 2.30x, 50M: 1.10x); left to DataFusion (from the first 16384 rows of each partition))",40.59,2026-10-01 06:21:02,2026-10-01 06:25:57,2026-09-29 00:37:52,30,39.87,40.31,,,alternate,false,59.04,60.10,55.98,500,60.81,737.9,756.4,3,5000,52.31,61.97,60.05,61.05,740.0,769.9
10000000,part1,gsweep,minmax_int_1i32_200,"minmax_int, 1 i32 key(s), 200 groups in the key domain","SELECT k, min(q) AS lo, max(q) AS hi FROM grid GROUP BY k",3.90,,,40.3,,30,,"yes",0.000e0,,,"TAKEN AggregateExec (input rows 10000000 (exact) vs min_rows 250000; minmax_int over 1 i32 key (memory input): the measured table takes the 100k, 1M bucket(s) at 10M rows; MetalExec decides from a group-count estimate; output kept at one partition (only projections above it))",,0,0.00,0.00,0.00,0.00,0.00,0,200,2.32,2.22,100,0,,,,,,,3.95,40.0,4.23,"yes",1,1,198,0.0141,0.01,0.00,"TAKEN AggregateExec (input rows 10000000 (exact) vs min_rows 250000; minmax_int over 1 i32 key (memory input): the measured table takes the 100k, 1M bucket(s) at 10M rows; MetalExec decides from a group-count estimate; output kept at one partition (only projections above it)) | LEFT MetalExec Aggregate { keys (handed back to DataFusion: an estimated 198 groups (194 to 204, Chao1 over a 512-row sample) at 10000000 rows: minmax_int at the 200 bucket is not taken at any measured size (needs 1.65x at two or more sizes; 1M: 0.44x, 2M: 0.57x, 5M: 0.76x, 10M: 0.88x, 50M: 1.20x); left to DataFusion (from the first 16384 rows of each partition))",4.67,2026-10-01 06:26:01,2026-10-01 06:30:32,2026-09-29 00:37:52,30,4.04,4.11,,,alternate,false,8.63,17.04,10.25,500,13.10,79.4,84.7,3,5000,8.94,15.99,15.59,16.51,80.3,90.1
10000000,part1,gsweep,sum_f64_2i32_200,"sum_f64, 2 i32 key(s), 200 groups in the key domain","SELECT k1, k2, sum(x) AS s FROM grid GROUP BY k1, k2",7.92,,,89.5,,30,,"yes",2.932e-16,,,"TAKEN AggregateExec (input rows 10000000 (exact) vs min_rows 250000; sum_avg_f64 over 2+ i32 keys (memory input): the measured table takes the 100k bucket(s) at 10M rows; MetalExec decides from a group-count estimate; output kept at one partition (only projections above it))",,0,0.00,0.00,0.00,0.00,0.00,0,200,2.32,2.22,100,0,,,,,,,8.09,89.7,12.39,"yes",1,1,199,0.0188,0.01,0.00,"TAKEN AggregateExec (input rows 10000000 (exact) vs min_rows 250000; sum_avg_f64 over 2+ i32 keys (memory input): the measured table takes the 100k bucket(s) at 10M rows; MetalExec decides from a group-count estimate; output kept at one partition (only projections above it)) | LEFT MetalExec Aggregate { keys (handed back to DataFusion: an estimated 199 groups (195 to 206, Chao1 over a 512-row sample) at 10000000 rows: sum_avg_f64 at the 200 bucket is not taken at any measured size (needs 1.65x at two or more sizes; 1M: 0.41x, 2M: 0.75x, 5M: 1.10x, 10M: 1.30x, 50M: 1.60x); left to DataFusion (from the first 16384 rows of each partition))",11.37,2026-10-01 06:26:01,2026-10-01 06:30:32,2026-09-29 00:37:52,30,8.15,8.27,,,alternate,false,21.55,22.17,21.49,500,21.82,175.0,175.0,3,5000,24.01,27.34,21.29,22.49,178.5,176.2
10000000,part1,gsweep,avg_f64_2i32_200,"avg_f64, 2 i32 key(s), 200 groups in the key domain","SELECT k1, k2, avg(x) AS m FROM grid GROUP BY k1, k2",8.15,,,91.2,,30,,"yes",2.220e-16,,,"TAKEN AggregateExec (input rows 10000000 (exact) vs min_rows 250000; sum_avg_f64 over 2+ i32 keys (memory input): the measured table takes the 100k bucket(s) at 10M rows; MetalExec decides from a group-count estimate; output kept at one partition (only projections above it))",,0,0.00,0.00,0.00,0.00,0.00,0,200,2.32,2.22,100,0,,,,,,,8.20,91.6,14.66,"yes",1,1,199,0.0159,0.01,0.00,"TAKEN AggregateExec (input rows 10000000 (exact) vs min_rows 250000; sum_avg_f64 over 2+ i32 keys (memory input): the measured table takes the 100k bucket(s) at 10M rows; MetalExec decides from a group-count estimate; output kept at one partition (only projections above it)) | LEFT MetalExec Aggregate { keys (handed back to DataFusion: an estimated 199 groups (195 to 206, Chao1 over a 512-row sample) at 10000000 rows: sum_avg_f64 at the 200 bucket is not taken at any measured size (needs 1.65x at two or more sizes; 1M: 0.41x, 2M: 0.75x, 5M: 1.10x, 10M: 1.30x, 50M: 1.60x); left to DataFusion (from the first 16384 rows of each partition))",10.87,2026-10-01 06:26:01,2026-10-01 06:30:32,2026-09-29 00:37:52,30,8.29,8.41,,,alternate,false,23.06,23.56,21.49,500,22.80,176.2,184.2,3,5000,21.21,22.02,20.70,21.21,185.8,181.8
10000000,part1,gsweep,minmax_int_2i32_200,"minmax_int, 2 i32 key(s), 200 groups in the key domain","SELECT k1, k2, min(q) AS lo, max(q) AS hi FROM grid GROUP BY k1, k2",8.21,,,92.8,,30,,"yes",0.000e0,,,"TAKEN AggregateExec (input rows 10000000 (exact) vs min_rows 250000; minmax_int over 2+ i32 keys (memory input): the measured table takes the 100k, 1M bucket(s) at 10M rows; MetalExec decides from a group-count estimate; output kept at one partition (only projections above it))",,0,0.00,0.00,0.00,0.00,0.00,0,200,2.32,2.22,100,0,,,,,,,8.24,92.9,10.60,"yes",1,1,199,0.0172,0.01,0.00,"TAKEN AggregateExec (input rows 10000000 (exact) vs min_rows 250000; minmax_int over 2+ i32 keys (memory input): the measured table takes the 100k, 1M bucket(s) at 10M rows; MetalExec decides from a group-count estimate; output kept at one partition (only projections above it)) | LEFT MetalExec Aggregate { keys (handed back to DataFusion: an estimated 199 groups (195 to 206, Chao1 over a 512-row sample) at 10000000 rows: minmax_int at the 200 bucket is not taken at any measured size (needs 1.65x at two or more sizes; 1M: 0.38x, 2M: 0.69x, 5M: 1.10x, 10M: 1.40x, 50M: 1.70x); left to DataFusion (from the first 16384 rows of each partition))",11.27,2026-10-01 06:26:01,2026-10-01 06:30:32,2026-09-29 00:37:52,30,8.39,8.54,,,alternate,false,20.48,22.17,21.41,500,22.84,182.7,185.9,3,5000,21.67,22.09,20.98,22.67,181.8,175.3
10000000,part1,gsweep,minmax_int_1i64_200,"minmax_int, 1 i64 key(s), 200 groups in the key domain","SELECT kl, min(q) AS lo, max(q) AS hi FROM grid GROUP BY kl",3.90,,,40.5,,30,,"yes",0.000e0,,,"TAKEN AggregateExec (input rows 10000000 (exact) vs min_rows 250000; minmax_int over 1 i64 key (memory input): the measured table takes the 100k, 1M bucket(s) at 10M rows; MetalExec decides from a group-count estimate; output kept at one partition (only projections above it))",,0,0.00,0.00,0.00,0.00,0.00,0,200,2.32,2.22,100,0,,,,,,,3.96,40.6,5.80,"yes",1,1,198,0.0153,0.01,0.00,"TAKEN AggregateExec (input rows 10000000 (exact) vs min_rows 250000; minmax_int over 1 i64 key (memory input): the measured table takes the 100k, 1M bucket(s) at 10M rows; MetalExec decides from a group-count estimate; output kept at one partition (only projections above it)) | LEFT MetalExec Aggregate { keys (handed back to DataFusion: an estimated 198 groups (194 to 204, Chao1 over a 512-row sample) at 10000000 rows: minmax_int at the 200 bucket is not taken at any measured size (needs 1.65x at two or more sizes; 1M: 0.44x, 2M: 0.59x, 5M: 0.73x, 10M: 0.77x, 50M: 1.00x); left to DataFusion (from the first 16384 rows of each partition))",5.99,2026-10-01 06:26:01,2026-10-01 06:30:32,2026-09-29 00:37:52,30,4.06,4.11,,,alternate,false,8.82,15.63,15.52,500,17.49,79.8,90.3,3,5000,9.70,16.14,9.28,14.51,85.6,84.8
10000000,part1,gsweep,sum_f64_2i64_200,"sum_f64, 2 i64 key(s), 200 groups in the key domain","SELECT kl1, kl2, sum(x) AS s FROM grid GROUP BY kl1, kl2",7.93,,,90.2,,30,,"yes",4.376e-16,,,"TAKEN AggregateExec (input rows 10000000 (exact) vs min_rows 250000; sum_avg_f64 over 2+ i64 keys (memory input): the measured table takes the 100k, 1M bucket(s) at 10M rows; MetalExec decides from a group-count estimate; output kept at one partition (only projections above it))",,0,0.00,0.00,0.00,0.00,0.00,0,200,2.32,2.22,100,0,,,,,,,8.12,90.4,10.76,"yes",1,1,199,0.0184,0.01,0.00,"TAKEN AggregateExec (input rows 10000000 (exact) vs min_rows 250000; sum_avg_f64 over 2+ i64 keys (memory input): the measured table takes the 100k, 1M bucket(s) at 10M rows; MetalExec decides from a group-count estimate; output kept at one partition (only projections above it)) | LEFT MetalExec Aggregate { keys (handed back to DataFusion: an estimated 199 groups (195 to 206, Chao1 over a 512-row sample) at 10000000 rows: sum_avg_f64 at the 200 bucket is not taken at any measured size (needs 1.65x at two or more sizes; 1M: 0.30x, 2M: 0.54x, 5M: 1.00x, 10M: 1.10x, 50M: 1.30x); left to DataFusion (from the first 16384 rows of each partition))",11.88,2026-10-01 06:26:01,2026-10-01 06:30:32,2026-09-29 00:37:52,30,8.18,8.29,,,alternate,false,16.90,23.35,20.38,500,21.00,178.4,178.1,3,5000,17.54,21.72,19.80,20.68,148.4,145.3
10000000,part1,gsweep,avg_f64_2i64_200,"avg_f64, 2 i64 key(s), 200 groups in the key domain","SELECT kl1, kl2, avg(x) AS m FROM grid GROUP BY kl1, kl2",8.22,,,92.2,,30,,"yes",2.220e-16,,,"TAKEN AggregateExec (input rows 10000000 (exact) vs min_rows 250000; sum_avg_f64 over 2+ i64 keys (memory input): the measured table takes the 100k, 1M bucket(s) at 10M rows; MetalExec decides from a group-count estimate; output kept at one partition (only projections above it))",,0,0.00,0.00,0.00,0.00,0.00,0,200,2.32,2.22,100,0,,,,,,,8.33,92.7,9.68,"yes",1,1,199,0.0182,0.01,0.00,"TAKEN AggregateExec (input rows 10000000 (exact) vs min_rows 250000; sum_avg_f64 over 2+ i64 keys (memory input): the measured table takes the 100k, 1M bucket(s) at 10M rows; MetalExec decides from a group-count estimate; output kept at one partition (only projections above it)) | LEFT MetalExec Aggregate { keys (handed back to DataFusion: an estimated 199 groups (195 to 206, Chao1 over a 512-row sample) at 10000000 rows: sum_avg_f64 at the 200 bucket is not taken at any measured size (needs 1.65x at two or more sizes; 1M: 0.30x, 2M: 0.54x, 5M: 1.00x, 10M: 1.10x, 50M: 1.30x); left to DataFusion (from the first 16384 rows of each partition))",9.80,2026-10-01 06:26:01,2026-10-01 06:30:32,2026-09-29 00:37:52,30,8.34,8.54,,,alternate,false,20.24,23.56,22.29,500,24.39,183.8,176.9,3,5000,20.38,20.50,20.10,21.23,189.6,183.9
10000000,part1,gsweep,minmax_int_2i64_200,"minmax_int, 2 i64 key(s), 200 groups in the key domain","SELECT kl1, kl2, min(q) AS lo, max(q) AS hi FROM grid GROUP BY kl1, kl2",8.29,,,93.7,,30,,"yes",0.000e0,,,"TAKEN AggregateExec (input rows 10000000 (exact) vs min_rows 250000; minmax_int over 2+ i64 keys (memory input): the measured table takes the 100k, 1M bucket(s) at 10M rows; MetalExec decides from a group-count estimate; output kept at one partition (only projections above it))",,0,0.00,0.00,0.00,0.00,0.00,0,200,2.32,2.22,100,0,,,,,,,8.46,94.1,10.67,"yes",1,1,199,0.0202,0.01,0.00,"TAKEN AggregateExec (input rows 10000000 (exact) vs min_rows 250000; minmax_int over 2+ i64 keys (memory input): the measured table takes the 100k, 1M bucket(s) at 10M rows; MetalExec decides from a group-count estimate; output kept at one partition (only projections above it)) | LEFT MetalExec Aggregate { keys (handed back to DataFusion: an estimated 199 groups (195 to 206, Chao1 over a 512-row sample) at 10000000 rows: minmax_int at the 200 bucket is not taken at any measured size (needs 1.65x at two or more sizes; 1M: 0.59x, 2M: 0.77x, 5M: 1.00x, 10M: 1.20x, 50M: 1.30x); left to DataFusion (from the first 16384 rows of each partition))",13.16,2026-10-01 06:26:01,2026-10-01 06:30:32,2026-09-29 00:37:52,30,8.48,8.60,,,alternate,false,21.65,22.46,22.71,500,23.67,189.6,186.9,3,5000,17.16,24.29,17.44,20.68,146.0,162.9
10000000,part1,gsweep,minmax_int_1i32_10k,"minmax_int, 1 i32 key(s), 10k groups in the key domain","SELECT k, min(q) AS lo, max(q) AS hi FROM grid GROUP BY k",5.71,,,59.9,,30,,"yes",0.000e0,,,"TAKEN AggregateExec (input rows 10000000 (exact) vs min_rows 250000; minmax_int over 1 i32 key (memory input): the measured table takes the 100k, 1M bucket(s) at 10M rows; MetalExec decides from a group-count estimate; output kept at one partition (only projections above it))",,0,0.00,0.00,0.00,0.00,0.00,0,10000,1.72,2.14,100,0,,,,,,,5.90,59.4,6.95,"yes",1,1,9641,0.0198,0.01,0.00,"TAKEN AggregateExec (input rows 10000000 (exact) vs min_rows 250000; minmax_int over 1 i32 key (memory input): the measured table takes the 100k, 1M bucket(s) at 10M rows; MetalExec decides from a group-count estimate; output kept at one partition (only projections above it)) | LEFT MetalExec Aggregate { keys (handed back to DataFusion: an estimated 9641 groups (5919 to 23929, Chao1 over a 512-row sample) at 10000000 rows: minmax_int at the 10k bucket is not taken at any measured size (needs 1.65x at two or more sizes; 1M: 0.64x, 2M: 0.93x, 5M: 1.00x, 10M: 1.00x, 50M: 0.94x); left to DataFusion (from the first 16384 rows of each partition))",6.47,2026-10-01 07:08:10,2026-10-01 07:12:43,2026-09-29 00:37:52,30,6.71,6.82,,,alternate,false,19.04,19.40,17.71,500,18.68,115.4,120.0,3,5000,16.22,17.40,16.27,17.56,119.4,119.9
10000000,part1,gsweep,sum_f64_2i32_10k,"sum_f64, 2 i32 key(s), 10k groups in the key domain","SELECT k1, k2, sum(x) AS s FROM grid GROUP BY k1, k2",8.86,,,99.7,,30,,"yes",4.828e-16,,,"TAKEN AggregateExec (input rows 10000000 (exact) vs min_rows 250000; sum_avg_f64 over 2+ i32 keys (memory input): the measured table takes the 100k bucket(s) at 10M rows; MetalExec decides from a group-count estimate; output kept at one partition (only projections above it))",,0,0.00,0.00,0.00,0.00,0.00,0,10000,1.72,2.14,100,0,,,,,,,8.97,99.1,11.46,"yes",1,1,8290,0.0188,0.01,0.00,"TAKEN AggregateExec (input rows 10000000 (exact) vs min_rows 250000; sum_avg_f64 over 2+ i32 keys (memory input): the measured table takes the 100k bucket(s) at 10M rows; MetalExec decides from a group-count estimate; output kept at one partition (only projections above it)) | LEFT MetalExec Aggregate { keys (handed back to DataFusion: an estimated 8290 groups (5272 to 18434, Chao1 over a 512-row sample) at 10000000 rows: sum_avg_f64 at the 10k bucket is not taken at any measured size (needs 1.65x at two or more sizes; 1M: 0.52x, 2M: 0.55x, 5M: 1.10x, 10M: 1.30x, 50M: 1.20x); left to DataFusion (from the first 16384 rows of each partition))",13.41,2026-10-01 07:08:10,2026-10-01 07:12:43,2026-09-29 00:37:52,30,9.00,9.08,,,alternate,false,22.15,23.40,23.16,500,23.37,195.9,195.1,3,5000,22.62,24.35,22.44,23.65,193.1,193.8
10000000,part1,gsweep,avg_f64_2i32_10k,"avg_f64, 2 i32 key(s), 10k groups in the key domain","SELECT k1, k2, avg(x) AS m FROM grid GROUP BY k1, k2",9.52,,,107.9,,30,,"yes",3.331e-16,,,"TAKEN AggregateExec (input rows 10000000 (exact) vs min_rows 250000; sum_avg_f64 over 2+ i32 keys (memory input): the measured table takes the 100k bucket(s) at 10M rows; MetalExec decides from a group-count estimate; output kept at one partition (only projections above it))",,0,0.00,0.00,0.00,0.00,0.00,0,10000,1.72,2.14,100,0,,,,,,,9.70,108.5,13.45,"yes",1,1,8290,0.0187,0.01,0.00,"TAKEN AggregateExec (input rows 10000000 (exact) vs min_rows 250000; sum_avg_f64 over 2+ i32 keys (memory input): the measured table takes the 100k bucket(s) at 10M rows; MetalExec decides from a group-count estimate; output kept at one partition (only projections above it)) | LEFT MetalExec Aggregate { keys (handed back to DataFusion: an estimated 8290 groups (5272 to 18434, Chao1 over a 512-row sample) at 10000000 rows: sum_avg_f64 at the 10k bucket is not taken at any measured size (needs 1.65x at two or more sizes; 1M: 0.52x, 2M: 0.55x, 5M: 1.10x, 10M: 1.30x, 50M: 1.20x); left to DataFusion (from the first 16384 rows of each partition))",12.66,2026-10-01 07:08:10,2026-10-01 07:12:43,2026-09-29 00:37:52,30,9.74,9.86,,,alternate,false,22.61,27.57,21.49,500,23.21,207.9,218.4,3,5000,23.44,23.56,21.48,23.42,217.0,210.2
10000000,part1,gsweep,minmax_int_2i32_10k,"minmax_int, 2 i32 key(s), 10k groups in the key domain","SELECT k1, k2, min(q) AS lo, max(q) AS hi FROM grid GROUP BY k1, k2",9.92,,,112.6,,30,,"yes",0.000e0,,,"TAKEN AggregateExec (input rows 10000000 (exact) vs min_rows 250000; minmax_int over 2+ i32 keys (memory input): the measured table takes the 100k, 1M bucket(s) at 10M rows; MetalExec decides from a group-count estimate; output kept at one partition (only projections above it))",,0,0.00,0.00,0.00,0.00,0.00,0,10000,1.72,2.14,100,0,,,,,,,10.07,112.4,12.37,"yes",1,1,8290,0.0198,0.01,0.00,"TAKEN AggregateExec (input rows 10000000 (exact) vs min_rows 250000; minmax_int over 2+ i32 keys (memory input): the measured table takes the 100k, 1M bucket(s) at 10M rows; MetalExec decides from a group-count estimate; output kept at one partition (only projections above it)) | LEFT MetalExec Aggregate { keys (handed back to DataFusion: an estimated 8290 groups (5272 to 18434, Chao1 over a 512-row sample) at 10000000 rows: minmax_int at the 10k bucket is not taken at any measured size (needs 1.65x at two or more sizes; 1M: 0.59x, 2M: 1.20x, 5M: 1.50x, 10M: 1.40x, 50M: 1.50x); left to DataFusion (from the first 16384 rows of each partition))",13.12,2026-10-01 07:08:10,2026-10-01 07:12:43,2026-09-29 00:37:52,30,10.06,10.17,,,alternate,false,24.62,25.22,23.33,500,23.66,211.5,219.7,3,5000,23.75,25.90,25.41,25.46,193.5,209.4
10000000,part1,gsweep,minmax_int_1i64_10k,"minmax_int, 1 i64 key(s), 10k groups in the key domain","SELECT kl, min(q) AS lo, max(q) AS hi FROM grid GROUP BY kl",5.49,,,59.9,,30,,"yes",0.000e0,,,"TAKEN AggregateExec (input rows 10000000 (exact) vs min_rows 250000; minmax_int over 1 i64 key (memory input): the measured table takes the 100k, 1M bucket(s) at 10M rows; MetalExec decides from a group-count estimate; output kept at one partition (only projections above it))",,0,0.00,0.00,0.00,0.00,0.00,0,10000,1.72,2.14,100,0,,,,,,,5.67,60.7,7.28,"yes",1,1,9641,0.0158,0.01,0.00,"TAKEN AggregateExec (input rows 10000000 (exact) vs min_rows 250000; minmax_int over 1 i64 key (memory input): the measured table takes the 100k, 1M bucket(s) at 10M rows; MetalExec decides from a group-count estimate; output kept at one partition (only projections above it)) | LEFT MetalExec Aggregate { keys (handed back to DataFusion: an estimated 9641 groups (5919 to 23929, Chao1 over a 512-row sample) at 10000000 rows: minmax_int at the 10k bucket is not taken at any measured size (needs 1.65x at two or more sizes; 1M: 0.67x, 2M: 1.00x, 5M: 1.10x, 10M: 0.95x, 50M: 0.87x); left to DataFusion (from the first 16384 rows of each partition))",7.25,2026-10-01 07:08:10,2026-10-01 07:12:43,2026-09-29 00:37:52,30,5.65,5.74,,,alternate,false,16.96,18.52,17.80,500,18.52,123.8,125.4,3,5000,18.62,18.64,17.58,17.88,126.3,125.8
10000000,part1,gsweep,sum_f64_2i64_10k,"sum_f64, 2 i64 key(s), 10k groups in the key domain","SELECT kl1, kl2, sum(x) AS s FROM grid GROUP BY kl1, kl2",9.14,,,101.5,,30,,"yes",4.663e-16,,,"TAKEN AggregateExec (input rows 10000000 (exact) vs min_rows 250000; sum_avg_f64 over 2+ i64 keys (memory input): the measured table takes the 100k, 1M bucket(s) at 10M rows; MetalExec decides from a group-count estimate; output kept at one partition (only projections above it))",,0,0.00,0.00,0.00,0.00,0.00,0,10000,1.72,2.14,100,0,,,,,,,9.23,102.3,12.02,"yes",1,1,8290,0.0217,0.02,0.00,"TAKEN AggregateExec (input rows 10000000 (exact) vs min_rows 250000; sum_avg_f64 over 2+ i64 keys (memory input): the measured table takes the 100k, 1M bucket(s) at 10M rows; MetalExec decides from a group-count estimate; output kept at one partition (only projections above it)) | LEFT MetalExec Aggregate { keys (handed back to DataFusion: an estimated 8290 groups (5272 to 18434, Chao1 over a 512-row sample) at 10000000 rows: sum_avg_f64 at the 10k bucket is not taken at any measured size (needs 1.65x at two or more sizes; 1M: 0.66x, 2M: 0.79x, 5M: 1.10x, 10M: 1.10x, 50M: 1.00x); left to DataFusion (from the first 16384 rows of each partition))",12.93,2026-10-01 07:08:10,2026-10-01 07:12:43,2026-09-29 00:37:52,30,9.27,9.40,,,alternate,false,24.02,24.14,21.54,500,23.82,207.3,202.5,3,5000,22.73,23.75,22.67,24.08,175.8,197.7
10000000,part1,gsweep,avg_f64_2i64_10k,"avg_f64, 2 i64 key(s), 10k groups in the key domain","SELECT kl1, kl2, avg(x) AS m FROM grid GROUP BY kl1, kl2",9.82,,,109.3,,30,,"yes",3.331e-16,,,"TAKEN AggregateExec (input rows 10000000 (exact) vs min_rows 250000; sum_avg_f64 over 2+ i64 keys (memory input): the measured table takes the 100k, 1M bucket(s) at 10M rows; MetalExec decides from a group-count estimate; output kept at one partition (only projections above it))",,0,0.00,0.00,0.00,0.00,0.00,0,10000,1.72,2.14,100,0,,,,,,,9.96,110.4,12.30,"yes",1,1,8290,0.0195,0.02,0.00,"TAKEN AggregateExec (input rows 10000000 (exact) vs min_rows 250000; sum_avg_f64 over 2+ i64 keys (memory input): the measured table takes the 100k, 1M bucket(s) at 10M rows; MetalExec decides from a group-count estimate; output kept at one partition (only projections above it)) | LEFT MetalExec Aggregate { keys (handed back to DataFusion: an estimated 8290 groups (5272 to 18434, Chao1 over a 512-row sample) at 10000000 rows: sum_avg_f64 at the 10k bucket is not taken at any measured size (needs 1.65x at two or more sizes; 1M: 0.66x, 2M: 0.79x, 5M: 1.10x, 10M: 1.10x, 50M: 1.00x); left to DataFusion (from the first 16384 rows of each partition))",13.10,2026-10-01 07:08:10,2026-10-01 07:12:43,2026-09-29 00:37:52,30,10.00,10.11,,,alternate,false,23.50,24.34,24.11,500,26.05,217.3,214.8,3,5000,24.10,24.85,24.62,25.53,215.7,204.1
10000000,part1,gsweep,minmax_int_2i64_10k,"minmax_int, 2 i64 key(s), 10k groups in the key domain","SELECT kl1, kl2, min(q) AS lo, max(q) AS hi FROM grid GROUP BY kl1, kl2",10.34,,,114.9,,30,,"yes",0.000e0,,,"TAKEN AggregateExec (input rows 10000000 (exact) vs min_rows 250000; minmax_int over 2+ i64 keys (memory input): the measured table takes the 100k, 1M bucket(s) at 10M rows; MetalExec decides from a group-count estimate; output kept at one partition (only projections above it))",,0,0.00,0.00,0.00,0.00,0.00,0,10000,1.72,2.14,100,0,,,,,,,10.41,115.2,13.06,"yes",1,1,8290,0.0216,0.02,0.00,"TAKEN AggregateExec (input rows 10000000 (exact) vs min_rows 250000; minmax_int over 2+ i64 keys (memory input): the measured table takes the 100k, 1M bucket(s) at 10M rows; MetalExec decides from a group-count estimate; output kept at one partition (only projections above it)) | LEFT MetalExec Aggregate { keys (handed back to DataFusion: an estimated 8290 groups (5272 to 18434, Chao1 over a 512-row sample) at 10000000 rows: minmax_int at the 10k bucket is not taken at any measured size (needs 1.65x at two or more sizes; 1M: 0.98x, 2M: 1.10x, 5M: 1.20x, 10M: 1.40x, 50M: 1.20x); left to DataFusion (from the first 16384 rows of each partition))",14.98,2026-10-01 07:08:10,2026-10-01 07:12:43,2026-09-29 00:37:52,30,10.96,11.17,,,alternate,false,26.12,26.43,23.41,500,26.03,226.6,218.9,3,5000,24.40,25.22,20.93,26.04,231.5,217.1
10000000,part1,gsweep,minmax_int_1i32_100k,"minmax_int, 1 i32 key(s), 100k groups in the key domain","SELECT k, min(q) AS lo, max(q) AS hi FROM grid GROUP BY k",14.45,,,186.7,,15,,"yes",0.000e0,,,"TAKEN AggregateExec (input rows 10000000 (exact) vs min_rows 250000; minmax_int over 1 i32 key (memory input): the measured table takes the 100k, 1M bucket(s) at 10M rows; MetalExec decides from a group-count estimate; output kept at one partition (only projections above it))",,0,0.00,0.00,0.00,0.00,0.00,0,100000,2.04,2.17,100,24,,,,,,,5.60,9.6,19.09,"yes",1,0,102981,0.0809,0.19,3.91,"TAKEN AggregateExec (input rows 10000000 (exact) vs min_rows 250000; minmax_int over 1 i32 key (memory input): the measured table takes the 100k, 1M bucket(s) at 10M rows; MetalExec decides from a group-count estimate; output kept at one partition (only projections above it)) | TAKEN MetalExec Aggregate { keys (ran on ArrowMetal: an estimated 102981 groups (67758 to 198392, Chao1 over a 2048-row sample) at 10000000 rows: minmax_int at the 100k bucket is taken from 2M rows (from the first rows of each partition; a 2048-row sample of the whole input puts it at 81080 to 282588 groups))",16.67,2026-10-01 07:13:47,2026-10-01 07:18:23,2026-09-29 00:37:52,3,14.46,5.69,,,rounds,true,24.23,32.04,21.37,500,31.34,36.6,276.6,3,5000,33.92,34.60,29.44,31.74,46.8,319.6
10000000,part1,gsweep,sum_f64_2i32_100k,"sum_f64, 2 i32 key(s), 100k groups in the key domain","SELECT k1, k2, sum(x) AS s FROM grid GROUP BY k1, k2",14.43,,,183.6,,15,,"yes",5.193e-16,,,"TAKEN AggregateExec (input rows 10000000 (exact) vs min_rows 250000; sum_avg_f64 over 2+ i32 keys (memory input): the measured table takes the 100k bucket(s) at 10M rows; MetalExec decides from a group-count estimate; output kept at one partition (only projections above it))",,0,0.00,0.00,0.00,0.00,0.00,0,100000,2.04,2.17,100,24,,,,,,,7.68,13.3,25.07,"yes",1,0,85483,0.1430,0.22,5.27,"TAKEN AggregateExec (input rows 10000000 (exact) vs min_rows 250000; sum_avg_f64 over 2+ i32 keys (memory input): the measured table takes the 100k bucket(s) at 10M rows; MetalExec decides from a group-count estimate; output kept at one partition (only projections above it)) | TAKEN MetalExec Aggregate { keys (ran on ArrowMetal: an estimated 85483 groups (58302 to 151410, Chao1 over a 2048-row sample) at 10000000 rows: sum_avg_f64 at the 100k bucket is taken from 5M rows (from the first rows of each partition; a 2048-row sample of the whole input puts it at 77259 to 255922 groups))",16.77,2026-10-01 07:13:47,2026-10-01 07:18:23,2026-09-29 00:37:52,3,14.52,7.83,,,rounds,true,29.62,37.04,29.74,500,30.26,42.9,331.8,3,5000,38.26,39.27,30.38,31.48,51.4,324.5
10000000,part1,gsweep,avg_f64_2i32_100k,"avg_f64, 2 i32 key(s), 100k groups in the key domain","SELECT k1, k2, avg(x) AS m FROM grid GROUP BY k1, k2",16.80,,,216.4,,15,,"yes",3.331e-16,,,"TAKEN AggregateExec (input rows 10000000 (exact) vs min_rows 250000; sum_avg_f64 over 2+ i32 keys (memory input): the measured table takes the 100k bucket(s) at 10M rows; MetalExec decides from a group-count estimate; output kept at one partition (only projections above it))",,0,0.00,0.00,0.00,0.00,0.00,0,100000,2.04,2.17,100,21,,,,,,,7.47,12.8,25.38,"yes",1,0,85483,0.1475,0.23,5.19,"TAKEN AggregateExec (input rows 10000000 (exact) vs min_rows 250000; sum_avg_f64 over 2+ i32 keys (memory input): the measured table takes the 100k bucket(s) at 10M rows; MetalExec decides from a group-count estimate; output kept at one partition (only projections above it)) | TAKEN MetalExec Aggregate { keys (ran on ArrowMetal: an estimated 85483 groups (58302 to 151410, Chao1 over a 2048-row sample) at 10000000 rows: sum_avg_f64 at the 100k bucket is taken from 5M rows (from the first rows of each partition; a 2048-row sample of the whole input puts it at 77259 to 255922 groups))",20.22,2026-10-01 07:13:47,2026-10-01 07:18:23,2026-09-29 00:37:52,3,16.81,7.57,,,rounds,true,28.48,29.64,31.61,500,33.15,32.9,361.5,3,5000,32.97,38.16,27.12,28.46,34.3,345.3
10000000,part1,gsweep,minmax_int_2i32_100k,"minmax_int, 2 i32 key(s), 100k groups in the key domain","SELECT k1, k2, min(q) AS lo, max(q) AS hi FROM grid GROUP BY k1, k2",18.77,,,258.3,,15,,"yes",0.000e0,,,"TAKEN AggregateExec (input rows 10000000 (exact) vs min_rows 250000; minmax_int over 2+ i32 keys (memory input): the measured table takes the 100k, 1M bucket(s) at 10M rows; MetalExec decides from a group-count estimate; output kept at one partition (only projections above it))",,0,0.00,0.00,0.00,0.00,0.00,0,100000,2.04,2.17,100,20,,,,,,,6.81,13.4,20.82,"yes",1,0,85483,0.1172,0.25,4.45,"TAKEN AggregateExec (input rows 10000000 (exact) vs min_rows 250000; minmax_int over 2+ i32 keys (memory input): the measured table takes the 100k, 1M bucket(s) at 10M rows; MetalExec decides from a group-count estimate; output kept at one partition (only projections above it)) | TAKEN MetalExec Aggregate { keys (ran on ArrowMetal: an estimated 85483 groups (58302 to 151410, Chao1 over a 2048-row sample) at 10000000 rows: minmax_int at the 100k bucket is taken from 2M rows (from the first rows of each partition; a 2048-row sample of the whole input puts it at 77259 to 255922 groups))",20.26,2026-10-01 07:13:47,2026-10-01 07:18:23,2026-09-29 00:37:52,3,18.86,6.83,,,rounds,true,27.88,33.48,26.66,500,36.36,42.3,350.9,3,5000,34.44,34.88,39.29,40.76,51.5,399.6
10000000,part1,gsweep,minmax_int_1i64_100k,"minmax_int, 1 i64 key(s), 100k groups in the key domain","SELECT kl, min(q) AS lo, max(q) AS hi FROM grid GROUP BY kl",16.27,,,205.7,,15,,"yes",0.000e0,,,"TAKEN AggregateExec (input rows 10000000 (exact) vs min_rows 250000; minmax_int over 1 i64 key (memory input): the measured table takes the 100k, 1M bucket(s) at 10M rows; MetalExec decides from a group-count estimate; output kept at one partition (only projections above it))",,0,0.00,0.00,0.00,0.00,0.00,0,100000,2.04,2.17,100,21,,,,,,,6.09,11.7,21.13,"yes",1,0,102981,0.0922,0.20,4.03,"TAKEN AggregateExec (input rows 10000000 (exact) vs min_rows 250000; minmax_int over 1 i64 key (memory input): the measured table takes the 100k, 1M bucket(s) at 10M rows; MetalExec decides from a group-count estimate; output kept at one partition (only projections above it)) | TAKEN MetalExec Aggregate { keys (ran on ArrowMetal: an estimated 102981 groups (67758 to 198392, Chao1 over a 2048-row sample) at 10000000 rows: minmax_int at the 100k bucket is taken from 5M rows (from the first rows of each partition; a 2048-row sample of the whole input puts it at 81080 to 282588 groups))",19.19,2026-10-01 07:13:47,2026-10-01 07:18:23,2026-09-29 00:37:52,3,16.35,6.42,,,rounds,true,24.27,33.70,33.08,500,36.46,37.5,345.1,3,5000,24.46,35.57,29.73,33.13,30.1,331.4
10000000,part1,gsweep,sum_f64_2i64_100k,"sum_f64, 2 i64 key(s), 100k groups in the key domain","SELECT kl1, kl2, sum(x) AS s FROM grid GROUP BY kl1, kl2",16.47,,,213.5,,15,,"yes",5.971e-16,,,"TAKEN AggregateExec (input rows 10000000 (exact) vs min_rows 250000; sum_avg_f64 over 2+ i64 keys (memory input): the measured table takes the 100k, 1M bucket(s) at 10M rows; MetalExec decides from a group-count estimate; output kept at one partition (only projections above it))",,0,0.00,0.00,0.00,0.00,0.00,0,100000,2.04,2.17,100,23,,,,,,,8.33,15.9,24.39,"yes",1,0,85483,0.1611,0.21,5.61,"TAKEN AggregateExec (input rows 10000000 (exact) vs min_rows 250000; sum_avg_f64 over 2+ i64 keys (memory input): the measured table takes the 100k, 1M bucket(s) at 10M rows; MetalExec decides from a group-count estimate; output kept at one partition (only projections above it)) | TAKEN MetalExec Aggregate { keys (ran on ArrowMetal: an estimated 85483 groups (58302 to 151410, Chao1 over a 2048-row sample) at 10000000 rows: sum_avg_f64 at the 100k bucket is taken from 5M rows (from the first rows of each partition; a 2048-row sample of the whole input puts it at 77259 to 255922 groups))",19.22,2026-10-01 07:13:47,2026-10-01 07:18:23,2026-09-29 00:37:52,3,16.48,8.38,,,rounds,true,28.05,30.71,23.83,500,31.68,46.5,311.7,3,5000,39.53,40.97,32.24,33.52,62.7,349.7
10000000,part1,gsweep,avg_f64_2i64_100k,"avg_f64, 2 i64 key(s), 100k groups in the key domain","SELECT kl1, kl2, avg(x) AS m FROM grid GROUP BY kl1, kl2",18.45,,,254.5,,15,,"yes",3.331e-16,,,"TAKEN AggregateExec (input rows 10000000 (exact) vs min_rows 250000; sum_avg_f64 over 2+ i64 keys (memory input): the measured table takes the 100k, 1M bucket(s) at 10M rows; MetalExec decides from a group-count estimate; output kept at one partition (only projections above it))",,0,0.00,0.00,0.00,0.00,0.00,0,100000,2.04,2.17,100,21,,,,,,,8.68,17.6,24.18,"yes",1,0,85483,0.1863,0.25,5.67,"TAKEN AggregateExec (input rows 10000000 (exact) vs min_rows 250000; sum_avg_f64 over 2+ i64 keys (memory input): the measured table takes the 100k, 1M bucket(s) at 10M rows; MetalExec decides from a group-count estimate; output kept at one partition (only projections above it)) | TAKEN MetalExec Aggregate { keys (ran on ArrowMetal: an estimated 85483 groups (58302 to 151410, Chao1 over a 2048-row sample) at 10000000 rows: sum_avg_f64 at the 100k bucket is taken from 5M rows (from the first rows of each partition; a 2048-row sample of the whole input puts it at 77259 to 255922 groups))",22.01,2026-10-01 07:13:47,2026-10-01 07:18:23,2026-09-29 00:37:52,3,18.60,8.71,,,rounds,true,29.75,40.99,33.22,500,35.34,52.6,391.0,3,5000,40.65,41.81,34.60,35.64,61.4,393.9
10000000,part1,gsweep,minmax_int_2i64_100k,"minmax_int, 2 i64 key(s), 100k groups in the key domain","SELECT kl1, kl2, min(q) AS lo, max(q) AS hi FROM grid GROUP BY kl1, kl2",20.84,,,292.5,,15,,"yes",0.000e0,,,"TAKEN AggregateExec (input rows 10000000 (exact) vs min_rows 250000; minmax_int over 2+ i64 keys (memory input): the measured table takes the 100k, 1M bucket(s) at 10M rows; MetalExec decides from a group-count estimate; output kept at one partition (only projections above it))",,0,0.00,0.00,0.00,0.00,0.00,0,100000,2.04,2.17,100,18,,,,,,,7.55,16.8,23.50,"yes",1,0,85483,0.1444,0.22,4.73,"TAKEN AggregateExec (input rows 10000000 (exact) vs min_rows 250000; minmax_int over 2+ i64 keys (memory input): the measured table takes the 100k, 1M bucket(s) at 10M rows; MetalExec decides from a group-count estimate; output kept at one partition (only projections above it)) | TAKEN MetalExec Aggregate { keys (ran on ArrowMetal: an estimated 85483 groups (58302 to 151410, Chao1 over a 2048-row sample) at 10000000 rows: minmax_int at the 100k bucket is taken from 5M rows (from the first rows of each partition; a 2048-row sample of the whole input puts it at 77259 to 255922 groups))",23.02,2026-10-01 07:13:47,2026-10-01 07:18:23,2026-09-29 00:37:52,3,20.86,7.74,,,rounds,true,28.62,33.70,36.60,500,39.81,55.7,437.7,3,5000,35.69,40.43,40.83,41.00,53.6,450.3
10000000,part1,gsweep,minmax_int_1i32_1M,"minmax_int, 1 i32 key(s), 1M groups in the key domain","SELECT k, min(q) AS lo, max(q) AS hi FROM grid GROUP BY k",18.35,,,267.6,,15,,"yes",0.000e0,,,"TAKEN AggregateExec (input rows 10000000 (exact) vs min_rows 250000; minmax_int over 1 i32 key (memory input): the measured table takes the 100k, 1M bucket(s) at 10M rows; MetalExec decides from a group-count estimate; output kept at one partition (only projections above it))",,0,0.00,0.00,0.00,0.00,0.00,0,999951,2.08,2.22,100,21,,,,,,,6.83,10.1,20.72,"yes",1,0,1235045,0.1265,0.19,5.01,"TAKEN AggregateExec (input rows 10000000 (exact) vs min_rows 250000; minmax_int over 1 i32 key (memory input): the measured table takes the 100k, 1M bucket(s) at 10M rows; MetalExec decides from a group-count estimate; output kept at one partition (only projections above it)) | TAKEN MetalExec Aggregate { keys (ran on ArrowMetal: an estimated 1235045 groups (853252 to 2104471, Chao1 over a 8192-row sample) at 10000000 rows: minmax_int at the 1M bucket is taken from 5M rows (from the first rows of each partition; a 2048-row sample of the whole input puts it at 700757 to 10000000 groups))",18.60,2026-10-01 07:18:27,2026-10-01 07:23:06,2026-09-29 00:37:52,3,18.44,6.84,,,rounds,true,28.97,34.60,35.52,500,36.96,39.7,426.5,3,5000,34.57,38.06,31.13,36.41,45.3,415.6
10000000,part1,gsweep,sum_f64_2i32_1M,"sum_f64, 2 i32 key(s), 1M groups in the key domain","SELECT k1, k2, sum(x) AS s FROM grid GROUP BY k1, k2",17.59,,,260.6,,30,,"yes",7.928e-16,,,"TAKEN AggregateExec (input rows 10000000 (exact) vs min_rows 250000; sum_avg_f64 over 2+ i32 keys (memory input): the measured table takes the 100k bucket(s) at 10M rows; MetalExec decides from a group-count estimate; output kept at one partition (only projections above it))",,0,0.00,0.00,0.00,0.00,0.00,0,999943,2.08,2.22,100,0,,,,,,,17.64,257.0,19.24,"yes",1,1,2098176,0.0589,0.01,0.00,"TAKEN AggregateExec (input rows 10000000 (exact) vs min_rows 250000; sum_avg_f64 over 2+ i32 keys (memory input): the measured table takes the 100k bucket(s) at 10M rows; MetalExec decides from a group-count estimate; output kept at one partition (only projections above it)) | LEFT MetalExec Aggregate { keys (handed back to DataFusion: an estimated 2098176 groups (700757 to 10000000, Chao1 over a 2048-row sample) at 10000000 rows: sum_avg_f64 at the 1M bucket is not taken at any measured size (needs 1.65x at two or more sizes; 5M: 1.40x, 10M: 1.60x, 50M: 2.20x); left to DataFusion (from the first 16384 rows of each partition))",21.66,2026-10-01 07:18:27,2026-10-01 07:23:06,2026-09-29 00:37:52,30,18.13,18.26,,,alternate,false,36.23,37.07,35.93,500,36.16,420.5,412.4,3,5000,37.72,38.15,36.71,39.01,423.9,427.9
10000000,part1,gsweep,avg_f64_2i32_1M,"avg_f64, 2 i32 key(s), 1M groups in the key domain","SELECT k1, k2, avg(x) AS m FROM grid GROUP BY k1, k2",20.63,,,300.9,,30,,"yes",4.441e-16,,,"TAKEN AggregateExec (input rows 10000000 (exact) vs min_rows 250000; sum_avg_f64 over 2+ i32 keys (memory input): the measured table takes the 100k bucket(s) at 10M rows; MetalExec decides from a group-count estimate; output kept at one partition (only projections above it))",,0,0.00,0.00,0.00,0.00,0.00,0,999943,2.08,2.22,100,0,,,,,,,20.60,300.0,21.94,"yes",1,1,2098176,0.0575,0.01,0.00,"TAKEN AggregateExec (input rows 10000000 (exact) vs min_rows 250000; sum_avg_f64 over 2+ i32 keys (memory input): the measured table takes the 100k bucket(s) at 10M rows; MetalExec decides from a group-count estimate; output kept at one partition (only projections above it)) | LEFT MetalExec Aggregate { keys (handed back to DataFusion: an estimated 2098176 groups (700757 to 10000000, Chao1 over a 2048-row sample) at 10000000 rows: sum_avg_f64 at the 1M bucket is not taken at any measured size (needs 1.65x at two or more sizes; 5M: 1.40x, 10M: 1.60x, 50M: 2.20x); left to DataFusion (from the first 16384 rows of each partition))",22.41,2026-10-01 07:18:27,2026-10-01 07:23:06,2026-09-29 00:37:52,30,20.93,21.18,,,alternate,false,39.90,40.10,39.52,500,39.69,461.6,464.9,3,5000,35.88,41.91,36.02,38.80,463.7,447.3
10000000,part1,gsweep,minmax_int_2i32_1M,"minmax_int, 2 i32 key(s), 1M groups in the key domain","SELECT k1, k2, min(q) AS lo, max(q) AS hi FROM grid GROUP BY k1, k2",22.45,,,332.1,,15,,"yes",0.000e0,,,"TAKEN AggregateExec (input rows 10000000 (exact) vs min_rows 250000; minmax_int over 2+ i32 keys (memory input): the measured table takes the 100k, 1M bucket(s) at 10M rows; MetalExec decides from a group-count estimate; output kept at one partition (only projections above it))",,0,0.00,0.00,0.00,0.00,0.00,0,999943,2.08,2.22,100,18,,,,,,,7.86,13.2,24.27,"yes",1,0,1040798,0.1801,0.21,5.45,"TAKEN AggregateExec (input rows 10000000 (exact) vs min_rows 250000; minmax_int over 2+ i32 keys (memory input): the measured table takes the 100k, 1M bucket(s) at 10M rows; MetalExec decides from a group-count estimate; output kept at one partition (only projections above it)) | TAKEN MetalExec Aggregate { keys (ran on ArrowMetal: an estimated 1040798 groups (740276 to 1671653, Chao1 over a 8192-row sample) at 10000000 rows: minmax_int at the 1M bucket is taken from 5M rows (from the first rows of each partition; a 2048-row sample of the whole input puts it at 222231 to 10000000 groups))",25.45,2026-10-01 07:18:27,2026-10-01 07:23:06,2026-09-29 00:37:52,3,22.59,8.19,,,rounds,true,29.20,36.47,31.47,500,42.84,44.5,444.2,3,5000,37.63,38.75,35.29,41.42,51.3,470.8
10000000,part1,gsweep,minmax_int_1i64_1M,"minmax_int, 1 i64 key(s), 1M groups in the key domain","SELECT kl, min(q) AS lo, max(q) AS hi FROM grid GROUP BY kl",20.30,,,293.8,,15,,"yes",0.000e0,,,"TAKEN AggregateExec (input rows 10000000 (exact) vs min_rows 250000; minmax_int over 1 i64 key (memory input): the measured table takes the 100k, 1M bucket(s) at 10M rows; MetalExec decides from a group-count estimate; output kept at one partition (only projections above it))",,0,0.00,0.00,0.00,0.00,0.00,0,999951,2.08,2.22,100,18,,,,,,,6.94,12.5,23.82,"yes",1,0,1235045,0.1856,0.20,4.69,"TAKEN AggregateExec (input rows 10000000 (exact) vs min_rows 250000; minmax_int over 1 i64 key (memory input): the measured table takes the 100k, 1M bucket(s) at 10M rows; MetalExec decides from a group-count estimate; output kept at one partition (only projections above it)) | TAKEN MetalExec Aggregate { keys (ran on ArrowMetal: an estimated 1235045 groups (853252 to 2104471, Chao1 over a 8192-row sample) at 10000000 rows: minmax_int at the 1M bucket is taken from 5M rows (from the first rows of each partition; a 2048-row sample of the whole input puts it at 700757 to 10000000 groups))",23.70,2026-10-01 07:18:27,2026-10-01 07:23:06,2026-09-29 00:37:52,3,20.40,7.24,,,rounds,true,29.84,30.43,38.33,500,40.12,41.3,451.7,3,5000,28.74,35.74,37.48,38.03,36.9,416.6
10000000,part1,gsweep,sum_f64_2i64_1M,"sum_f64, 2 i64 key(s), 1M groups in the key domain","SELECT kl1, kl2, sum(x) AS s FROM grid GROUP BY kl1, kl2",20.52,,,294.2,,15,,"yes",5.910e-16,,,"TAKEN AggregateExec (input rows 10000000 (exact) vs min_rows 250000; sum_avg_f64 over 2+ i64 keys (memory input): the measured table takes the 100k, 1M bucket(s) at 10M rows; MetalExec decides from a group-count estimate; output kept at one partition (only projections above it))",,0,0.00,0.00,0.00,0.00,0.00,0,999943,2.08,2.22,100,18,,,,,,,11.90,17.9,34.51,"yes",1,0,1040798,0.2890,0.22,8.68,"TAKEN AggregateExec (input rows 10000000 (exact) vs min_rows 250000; sum_avg_f64 over 2+ i64 keys (memory input): the measured table takes the 100k, 1M bucket(s) at 10M rows; MetalExec decides from a group-count estimate; output kept at one partition (only projections above it)) | TAKEN MetalExec Aggregate { keys (ran on ArrowMetal: an estimated 1040798 groups (740276 to 1671653, Chao1 over a 8192-row sample) at 10000000 rows: sum_avg_f64 at the 1M bucket is taken from 10M rows (from the first rows of each partition; a 2048-row sample of the whole input puts it at 222231 to 10000000 groups))",21.08,2026-10-01 07:18:27,2026-10-01 07:23:06,2026-09-29 00:37:52,3,20.92,12.23,,,rounds,true,37.18,44.15,28.06,500,37.46,52.8,339.6,3,5000,48.70,48.87,28.21,37.34,60.9,387.5
10000000,part1,gsweep,avg_f64_2i64_1M,"avg_f64, 2 i64 key(s), 1M groups in the key domain","SELECT kl1, kl2, avg(x) AS m FROM grid GROUP BY kl1, kl2",24.31,,,345.7,,15,,"yes",3.331e-16,,,"TAKEN AggregateExec (input rows 10000000 (exact) vs min_rows 250000; sum_avg_f64 over 2+ i64 keys (memory input): the measured table takes the 100k, 1M bucket(s) at 10M rows; MetalExec decides from a group-count estimate; output kept at one partition (only projections above it))",,0,0.00,0.00,0.00,0.00,0.00,0,999943,2.08,2.22,100,18,,,,,,,11.84,17.5,34.70,"yes",1,0,1040798,0.2572,0.22,8.77,"TAKEN AggregateExec (input rows 10000000 (exact) vs min_rows 250000; sum_avg_f64 over 2+ i64 keys (memory input): the measured table takes the 100k, 1M bucket(s) at 10M rows; MetalExec decides from a group-count estimate; output kept at one partition (only projections above it)) | TAKEN MetalExec Aggregate { keys (ran on ArrowMetal: an estimated 1040798 groups (740276 to 1671653, Chao1 over a 8192-row sample) at 10000000 rows: sum_avg_f64 at the 1M bucket is taken from 10M rows (from the first rows of each partition; a 2048-row sample of the whole input puts it at 222231 to 10000000 groups))",25.25,2026-10-01 07:18:27,2026-10-01 07:23:06,2026-09-29 00:37:52,3,24.32,11.86,,,rounds,true,36.80,41.91,36.92,500,38.64,42.6,490.5,3,5000,48.53,49.03,41.46,42.06,64.8,488.3
10000000,part1,gsweep,minmax_int_2i64_1M,"minmax_int, 2 i64 key(s), 1M groups in the key domain","SELECT kl1, kl2, min(q) AS lo, max(q) AS hi FROM grid GROUP BY kl1, kl2",25.67,,,378.5,,15,,"yes",0.000e0,,,"TAKEN AggregateExec (input rows 10000000 (exact) vs min_rows 250000; minmax_int over 2+ i64 keys (memory input): the measured table takes the 100k, 1M bucket(s) at 10M rows; MetalExec decides from a group-count estimate; output kept at one partition (only projections above it))",,0,0.00,0.00,0.00,0.00,0.00,0,999943,2.08,2.22,100,15,,,,,,,8.33,17.7,25.10,"yes",1,0,1040798,0.2725,0.23,5.24,"TAKEN AggregateExec (input rows 10000000 (exact) vs min_rows 250000; minmax_int over 2+ i64 keys (memory input): the measured table takes the 100k, 1M bucket(s) at 10M rows; MetalExec decides from a group-count estimate; output kept at one partition (only projections above it)) | TAKEN MetalExec Aggregate { keys (ran on ArrowMetal: an estimated 1040798 groups (740276 to 1671653, Chao1 over a 8192-row sample) at 10000000 rows: minmax_int at the 1M bucket is taken from 5M rows (from the first rows of each partition; a 2048-row sample of the whole input puts it at 222231 to 10000000 groups))",29.11,2026-10-01 07:18:27,2026-10-01 07:23:06,2026-09-29 00:37:52,3,26.04,8.76,,,rounds,true,32.39,39.40,44.32,500,45.76,55.5,549.0,3,5000,39.86,43.10,38.18,46.59,65.2,533.4
10000000,part1,gsweep,minmax_int_1i32_R2,"minmax_int, 1 i32 key(s), R2 groups in the key domain","SELECT k, min(q) AS lo, max(q) AS hi FROM grid GROUP BY k",30.47,,,448.2,,30,,"yes",0.000e0,,,"TAKEN AggregateExec (input rows 10000000 (exact) vs min_rows 250000; minmax_int over 1 i32 key (memory input): the measured table takes the 100k, 1M bucket(s) at 10M rows; MetalExec decides from a group-count estimate; output kept at one partition (only projections above it))",,0,0.00,0.00,0.00,0.00,0.00,0,4323738,1.95,2.48,100,0,,,,,,,30.89,451.7,32.73,"yes",1,1,4787059,0.1108,0.01,0.00,"TAKEN AggregateExec (input rows 10000000 (exact) vs min_rows 250000; minmax_int over 1 i32 key (memory input): the measured table takes the 100k, 1M bucket(s) at 10M rows; MetalExec decides from a group-count estimate; output kept at one partition (only projections above it)) | LEFT MetalExec Aggregate { keys (handed back to DataFusion: an estimated 4787059 groups (2414989 to 10000000, Chao1 over a 8192-row sample) at 10000000 rows: the range reaches group counts the table decides differently; left to DataFusion (from the first 16384 rows of each partition))",33.22,2026-10-01 07:23:20,2026-10-01 07:28:14,2026-09-29 00:37:52,30,31.65,32.21,,,alternate,false,52.03,53.04,41.66,500,42.94,635.4,585.5,3,5000,50.81,51.87,48.68,49.77,623.4,617.9
10000000,part1,gsweep,sum_f64_2i32_R2,"sum_f64, 2 i32 key(s), R2 groups in the key domain","SELECT k1, k2, sum(x) AS s FROM grid GROUP BY k1, k2",26.68,,,398.0,,30,,"yes",4.957e-16,,,"TAKEN AggregateExec (input rows 10000000 (exact) vs min_rows 250000; sum_avg_f64 over 2+ i32 keys (memory input): the measured table takes the 100k bucket(s) at 10M rows; MetalExec decides from a group-count estimate; output kept at one partition (only projections above it))",,0,0.00,0.00,0.00,0.00,0.00,0,4321209,1.95,2.48,100,0,,,,,,,27.49,397.5,28.14,"yes",1,1,1048065,0.0578,0.01,0.00,"TAKEN AggregateExec (input rows 10000000 (exact) vs min_rows 250000; sum_avg_f64 over 2+ i32 keys (memory input): the measured table takes the 100k bucket(s) at 10M rows; MetalExec decides from a group-count estimate; output kept at one partition (only projections above it)) | LEFT MetalExec Aggregate { keys (handed back to DataFusion: an estimated 1048065 groups (350720 to 10000000, Chao1 over a 2048-row sample) at 10000000 rows: sum_avg_f64 at the 1M bucket is not taken at any measured size (needs 1.65x at two or more sizes; 5M: 1.40x, 10M: 1.60x, 50M: 2.20x); left to DataFusion (from the first 16384 rows of each partition))",28.85,2026-10-01 07:23:20,2026-10-01 07:28:14,2026-09-29 00:37:52,30,27.95,28.53,,,alternate,false,38.78,45.79,47.25,500,47.27,534.6,569.4,3,5000,45.87,46.13,47.27,47.84,571.4,570.9
10000000,part1,gsweep,avg_f64_2i32_R2,"avg_f64, 2 i32 key(s), R2 groups in the key domain","SELECT k1, k2, avg(x) AS m FROM grid GROUP BY k1, k2",31.30,,,468.2,,30,,"yes",3.331e-16,,,"TAKEN AggregateExec (input rows 10000000 (exact) vs min_rows 250000; sum_avg_f64 over 2+ i32 keys (memory input): the measured table takes the 100k bucket(s) at 10M rows; MetalExec decides from a group-count estimate; output kept at one partition (only projections above it))",,0,0.00,0.00,0.00,0.00,0.00,0,4321209,1.95,2.48,100,0,,,,,,,31.74,467.5,32.53,"yes",1,1,1048065,0.0596,0.01,0.00,"TAKEN AggregateExec (input rows 10000000 (exact) vs min_rows 250000; sum_avg_f64 over 2+ i32 keys (memory input): the measured table takes the 100k bucket(s) at 10M rows; MetalExec decides from a group-count estimate; output kept at one partition (only projections above it)) | LEFT MetalExec Aggregate { keys (handed back to DataFusion: an estimated 1048065 groups (350720 to 10000000, Chao1 over a 2048-row sample) at 10000000 rows: sum_avg_f64 at the 1M bucket is not taken at any measured size (needs 1.65x at two or more sizes; 5M: 1.40x, 10M: 1.60x, 50M: 2.20x); left to DataFusion (from the first 16384 rows of each partition))",34.57,2026-10-01 07:23:20,2026-10-01 07:28:14,2026-09-29 00:37:52,30,32.64,32.65,,,alternate,false,50.07,51.34,44.51,500,52.40,637.5,628.1,3,5000,51.96,53.56,51.84,52.09,643.3,644.1
10000000,part1,gsweep,minmax_int_2i32_R2,"minmax_int, 2 i32 key(s), R2 groups in the key domain","SELECT k1, k2, min(q) AS lo, max(q) AS hi FROM grid GROUP BY k1, k2",34.69,,,523.1,,30,,"yes",0.000e0,,,"TAKEN AggregateExec (input rows 10000000 (exact) vs min_rows 250000; minmax_int over 2+ i32 keys (memory input): the measured table takes the 100k, 1M bucket(s) at 10M rows; MetalExec decides from a group-count estimate; output kept at one partition (only projections above it))",,0,0.00,0.00,0.00,0.00,0.00,0,4321209,1.95,2.48,100,0,,,,,,,35.29,522.9,36.53,"yes",1,1,3348488,0.1410,0.01,0.00,"TAKEN AggregateExec (input rows 10000000 (exact) vs min_rows 250000; minmax_int over 2+ i32 keys (memory input): the measured table takes the 100k, 1M bucket(s) at 10M rows; MetalExec decides from a group-count estimate; output kept at one partition (only projections above it)) | LEFT MetalExec Aggregate { keys (handed back to DataFusion: an estimated 3348488 groups (1863908 to 10000000, Chao1 over a 8192-row sample) at 10000000 rows: the range reaches group counts the table decides differently; left to DataFusion (from the first 16384 rows of each partition))",37.61,2026-10-01 07:23:20,2026-10-01 07:28:14,2026-09-29 00:37:52,30,36.07,36.32,,,alternate,false,55.72,57.38,53.87,500,56.15,707.8,718.4,3,5000,56.13,57.45,57.29,60.35,714.3,703.7
10000000,part1,gsweep,minmax_int_1i64_R2,"minmax_int, 1 i64 key(s), R2 groups in the key domain","SELECT kl, min(q) AS lo, max(q) AS hi FROM grid GROUP BY kl",33.47,,,498.1,,30,,"yes",0.000e0,,,"TAKEN AggregateExec (input rows 10000000 (exact) vs min_rows 250000; minmax_int over 1 i64 key (memory input): the measured table takes the 100k, 1M bucket(s) at 10M rows; MetalExec decides from a group-count estimate; output kept at one partition (only projections above it))",,0,0.00,0.00,0.00,0.00,0.00,0,4323738,1.95,2.48,100,0,,,,,,,34.11,502.0,35.76,"yes",1,1,4787059,0.1425,0.01,0.00,"TAKEN AggregateExec (input rows 10000000 (exact) vs min_rows 250000; minmax_int over 1 i64 key (memory input): the measured table takes the 100k, 1M bucket(s) at 10M rows; MetalExec decides from a group-count estimate; output kept at one partition (only projections above it)) | LEFT MetalExec Aggregate { keys (handed back to DataFusion: an estimated 4787059 groups (2414989 to 10000000, Chao1 over a 8192-row sample) at 10000000 rows: the range reaches group counts the table decides differently; left to DataFusion (from the first 16384 rows of each partition))",34.93,2026-10-01 07:23:20,2026-10-01 07:28:14,2026-09-29 00:37:52,30,34.65,35.06,,,alternate,false,55.63,57.58,52.49,500,55.00,684.0,674.6,3,5000,55.35,57.47,53.60,54.42,682.3,689.3
10000000,part1,gsweep,sum_f64_2i64_R2,"sum_f64, 2 i64 key(s), R2 groups in the key domain","SELECT kl1, kl2, sum(x) AS s FROM grid GROUP BY kl1, kl2",30.50,,,450.9,,30,,"yes",4.461e-16,,,"TAKEN AggregateExec (input rows 10000000 (exact) vs min_rows 250000; sum_avg_f64 over 2+ i64 keys (memory input): the measured table takes the 100k, 1M bucket(s) at 10M rows; MetalExec decides from a group-count estimate; output kept at one partition (only projections above it))",,0,0.00,0.00,0.00,0.00,0.00,0,4321209,1.95,2.48,100,0,,,,,,,31.04,454.9,33.27,"yes",1,1,3348488,0.2109,0.02,0.00,"TAKEN AggregateExec (input rows 10000000 (exact) vs min_rows 250000; sum_avg_f64 over 2+ i64 keys (memory input): the measured table takes the 100k, 1M bucket(s) at 10M rows; MetalExec decides from a group-count estimate; output kept at one partition (only projections above it)) | LEFT MetalExec Aggregate { keys (handed back to DataFusion: an estimated 3348488 groups (1863908 to 10000000, Chao1 over a 8192-row sample) at 10000000 rows: the range reaches group counts the table decides differently; left to DataFusion (from the first 16384 rows of each partition))",33.48,2026-10-01 07:23:20,2026-10-01 07:28:14,2026-09-29 00:37:52,30,31.56,31.89,,,alternate,false,41.52,51.65,43.35,500,50.77,562.3,613.0,3,5000,49.80,51.83,50.42,53.42,625.1,622.1
10000000,part1,gsweep,avg_f64_2i64_R2,"avg_f64, 2 i64 key(s), R2 groups in the key domain","SELECT kl1, kl2, avg(x) AS m FROM grid GROUP BY kl1, kl2",35.73,,,534.6,,30,,"yes",3.331e-16,,,"TAKEN AggregateExec (input rows 10000000 (exact) vs min_rows 250000; sum_avg_f64 over 2+ i64 keys (memory input): the measured table takes the 100k, 1M bucket(s) at 10M rows; MetalExec decides from a group-count estimate; output kept at one partition (only projections above it))",,0,0.00,0.00,0.00,0.00,0.00,0,4321209,1.95,2.48,100,0,,,,,,,36.00,528.7,36.83,"yes",1,1,3348488,0.2230,0.02,0.00,"TAKEN AggregateExec (input rows 10000000 (exact) vs min_rows 250000; sum_avg_f64 over 2+ i64 keys (memory input): the measured table takes the 100k, 1M bucket(s) at 10M rows; MetalExec decides from a group-count estimate; output kept at one partition (only projections above it)) | LEFT MetalExec Aggregate { keys (handed back to DataFusion: an estimated 3348488 groups (1863908 to 10000000, Chao1 over a 8192-row sample) at 10000000 rows: the range reaches group counts the table decides differently; left to DataFusion (from the first 16384 rows of each partition))",38.66,2026-10-01 07:23:20,2026-10-01 07:28:14,2026-09-29 00:37:52,30,36.73,37.13,,,alternate,false,54.75,56.87,45.11,500,56.48,670.4,626.5,3,5000,57.29,60.94,54.31,56.01,643.7,693.0
10000000,part1,gsweep,minmax_int_2i64_R2,"minmax_int, 2 i64 key(s), R2 groups in the key domain","SELECT kl1, kl2, min(q) AS lo, max(q) AS hi FROM grid GROUP BY kl1, kl2",38.36,,,578.4,,30,,"yes",0.000e0,,,"TAKEN AggregateExec (input rows 10000000 (exact) vs min_rows 250000; minmax_int over 2+ i64 keys (memory input): the measured table takes the 100k, 1M bucket(s) at 10M rows; MetalExec decides from a group-count estimate; output kept at one partition (only projections above it))",,0,0.00,0.00,0.00,0.00,0.00,0,4321209,1.95,2.48,100,0,,,,,,,38.95,576.9,40.52,"yes",1,1,3348488,0.2260,0.02,0.00,"TAKEN AggregateExec (input rows 10000000 (exact) vs min_rows 250000; minmax_int over 2+ i64 keys (memory input): the measured table takes the 100k, 1M bucket(s) at 10M rows; MetalExec decides from a group-count estimate; output kept at one partition (only projections above it)) | LEFT MetalExec Aggregate { keys (handed back to DataFusion: an estimated 3348488 groups (1863908 to 10000000, Chao1 over a 8192-row sample) at 10000000 rows: the range reaches group counts the table decides differently; left to DataFusion (from the first 16384 rows of each partition))",41.91,2026-10-01 07:23:20,2026-10-01 07:28:14,2026-09-29 00:37:52,30,39.57,39.92,,,alternate,false,60.17,61.90,58.66,500,59.80,761.7,766.3,3,5000,58.17,63.06,60.55,60.76,765.9,772.1
50000000,b8192,gsweep,minmax_int_1i32_200,"minmax_int, 1 i32 key(s), 200 groups in the key domain","SELECT k, min(q) AS lo, max(q) AS hi FROM grid GROUP BY k",18.21,,,199.2,,30,,"yes",0.000e0,,,"TAKEN AggregateExec (input rows 50000000 (exact) vs min_rows 250000; minmax_int over 1 i32 key (memory input): the measured table takes the 100k, 1M bucket(s) at 50M rows; MetalExec decides from a group-count estimate; output kept at one partition (only projections above it))",,0,0.00,0.00,0.00,0.00,0.00,0,200,2.36,3.50,100,0,,,,,,,18.20,200.4,19.06,"yes",1,1,197,0.0167,0.01,0.00,"TAKEN AggregateExec (input rows 50000000 (exact) vs min_rows 250000; minmax_int over 1 i32 key (memory input): the measured table takes the 100k, 1M bucket(s) at 50M rows; MetalExec decides from a group-count estimate; output kept at one partition (only projections above it)) | LEFT MetalExec Aggregate { keys (handed back to DataFusion: an estimated 197 groups (195 to 199, Chao1 over a 512-row sample) at 50000000 rows: minmax_int at the 200 bucket is not taken at any measured size (needs 1.65x at two or more sizes; 1M: 0.44x, 2M: 0.57x, 5M: 0.76x, 10M: 0.88x, 50M: 1.20x); left to DataFusion (from the first 16384 rows of each partition))",20.25,2026-10-01 07:28:20,2026-10-01 07:33:08,2026-09-29 00:37:52,30,18.56,18.60,,,alternate,false,34.80,36.15,26.89,500,35.50,343.9,337.9,3,5000,36.56,38.52,36.09,45.04,337.0,331.2
50000000,b8192,gsweep,sum_f64_2i32_200,"sum_f64, 2 i32 key(s), 200 groups in the key domain","SELECT k1, k2, sum(x) AS s FROM grid GROUP BY k1, k2",31.64,,,449.0,,30,,"yes",3.515e-16,,,"TAKEN AggregateExec (input rows 50000000 (exact) vs min_rows 250000; sum_avg_f64 over 2+ i32 keys (memory input): the measured table takes the 100k bucket(s) at 50M rows; MetalExec decides from a group-count estimate; output kept at one partition (only projections above it))",,0,0.00,0.00,0.00,0.00,0.00,0,200,2.36,3.50,100,0,,,,,,,31.73,450.1,36.96,"yes",1,1,203,0.0195,0.01,0.00,"TAKEN AggregateExec (input rows 50000000 (exact) vs min_rows 250000; sum_avg_f64 over 2+ i32 keys (memory input): the measured table takes the 100k bucket(s) at 50M rows; MetalExec decides from a group-count estimate; output kept at one partition (only projections above it)) | LEFT MetalExec Aggregate { keys (handed back to DataFusion: an estimated 203 groups (198 to 210, Chao1 over a 512-row sample) at 50000000 rows: sum_avg_f64 at the 200 bucket is not taken at any measured size (needs 1.65x at two or more sizes; 1M: 0.41x, 2M: 0.75x, 5M: 1.10x, 10M: 1.30x, 50M: 1.60x); left to DataFusion (from the first 16384 rows of each partition))",41.31,2026-10-01 07:28:20,2026-10-01 07:33:08,2026-09-29 00:37:52,30,34.36,36.38,,,alternate,false,56.50,59.32,59.36,500,59.61,656.3,659.2,3,5000,56.46,59.55,58.78,60.07,656.7,658.2
50000000,b8192,gsweep,avg_f64_2i32_200,"avg_f64, 2 i32 key(s), 200 groups in the key domain","SELECT k1, k2, avg(x) AS m FROM grid GROUP BY k1, k2",32.23,,,459.5,,30,,"yes",2.220e-16,,,"TAKEN AggregateExec (input rows 50000000 (exact) vs min_rows 250000; sum_avg_f64 over 2+ i32 keys (memory input): the measured table takes the 100k bucket(s) at 50M rows; MetalExec decides from a group-count estimate; output kept at one partition (only projections above it))",,0,0.00,0.00,0.00,0.00,0.00,0,200,2.36,3.50,100,0,,,,,,,32.28,458.9,37.44,"yes",1,1,203,0.0169,0.01,0.00,"TAKEN AggregateExec (input rows 50000000 (exact) vs min_rows 250000; sum_avg_f64 over 2+ i32 keys (memory input): the measured table takes the 100k bucket(s) at 50M rows; MetalExec decides from a group-count estimate; output kept at one partition (only projections above it)) | LEFT MetalExec Aggregate { keys (handed back to DataFusion: an estimated 203 groups (198 to 210, Chao1 over a 512-row sample) at 50000000 rows: sum_avg_f64 at the 200 bucket is not taken at any measured size (needs 1.65x at two or more sizes; 1M: 0.41x, 2M: 0.75x, 5M: 1.10x, 10M: 1.30x, 50M: 1.60x); left to DataFusion (from the first 16384 rows of each partition))",37.48,2026-10-01 07:28:20,2026-10-01 07:33:08,2026-09-29 00:37:52,30,34.90,34.94,,,alternate,false,56.78,63.05,59.73,500,65.40,666.2,673.1,3,5000,58.49,63.26,56.90,58.87,679.9,673.4
50000000,b8192,gsweep,minmax_int_2i32_200,"minmax_int, 2 i32 key(s), 200 groups in the key domain","SELECT k1, k2, min(q) AS lo, max(q) AS hi FROM grid GROUP BY k1, k2",32.70,,,471.7,,30,,"yes",0.000e0,,,"TAKEN AggregateExec (input rows 50000000 (exact) vs min_rows 250000; minmax_int over 2+ i32 keys (memory input): the measured table takes the 100k, 1M bucket(s) at 50M rows; MetalExec decides from a group-count estimate; output kept at one partition (only projections above it))",,0,0.00,0.00,0.00,0.00,0.00,0,200,2.36,3.50,100,0,,,,,,,32.78,466.8,34.08,"yes",1,1,203,0.0202,0.01,0.00,"TAKEN AggregateExec (input rows 50000000 (exact) vs min_rows 250000; minmax_int over 2+ i32 keys (memory input): the measured table takes the 100k, 1M bucket(s) at 50M rows; MetalExec decides from a group-count estimate; output kept at one partition (only projections above it)) | LEFT MetalExec Aggregate { keys (handed back to DataFusion: an estimated 203 groups (198 to 210, Chao1 over a 512-row sample) at 50000000 rows: minmax_int at the 200 bucket is not taken at any measured size (needs 1.65x at two or more sizes; 1M: 0.38x, 2M: 0.69x, 5M: 1.10x, 10M: 1.40x, 50M: 1.70x); left to DataFusion (from the first 16384 rows of each partition))",40.77,2026-10-01 07:28:20,2026-10-01 07:33:08,2026-09-29 00:37:52,30,37.87,36.71,,,alternate,false,47.85,54.88,59.06,500,59.97,595.4,673.7,3,5000,57.00,60.39,59.55,62.90,682.6,674.6
50000000,b8192,gsweep,minmax_int_1i64_200,"minmax_int, 1 i64 key(s), 200 groups in the key domain","SELECT kl, min(q) AS lo, max(q) AS hi FROM grid GROUP BY kl",17.98,,,200.7,,30,,"yes",0.000e0,,,"TAKEN AggregateExec (input rows 50000000 (exact) vs min_rows 250000; minmax_int over 1 i64 key (memory input): the measured table takes the 100k, 1M bucket(s) at 50M rows; MetalExec decides from a group-count estimate; output kept at one partition (only projections above it))",,0,0.00,0.00,0.00,0.00,0.00,0,200,2.36,3.50,100,0,,,,,,,18.10,201.2,18.70,"yes",1,1,197,0.0167,0.01,0.00,"TAKEN AggregateExec (input rows 50000000 (exact) vs min_rows 250000; minmax_int over 1 i64 key (memory input): the measured table takes the 100k, 1M bucket(s) at 50M rows; MetalExec decides from a group-count estimate; output kept at one partition (only projections above it)) | LEFT MetalExec Aggregate { keys (handed back to DataFusion: an estimated 197 groups (195 to 199, Chao1 over a 512-row sample) at 50000000 rows: minmax_int at the 200 bucket is not taken at any measured size (needs 1.65x at two or more sizes; 1M: 0.44x, 2M: 0.59x, 5M: 0.73x, 10M: 0.77x, 50M: 1.00x); left to DataFusion (from the first 16384 rows of each partition))",21.58,2026-10-01 07:28:20,2026-10-01 07:33:08,2026-09-29 00:37:52,30,18.65,18.67,,,alternate,false,36.07,38.82,35.34,500,36.16,351.3,330.9,3,5000,37.87,38.10,35.35,39.83,354.9,345.5
50000000,b8192,gsweep,sum_f64_2i64_200,"sum_f64, 2 i64 key(s), 200 groups in the key domain","SELECT kl1, kl2, sum(x) AS s FROM grid GROUP BY kl1, kl2",31.85,,,450.7,,30,,"yes",3.515e-16,,,"TAKEN AggregateExec (input rows 50000000 (exact) vs min_rows 250000; sum_avg_f64 over 2+ i64 keys (memory input): the measured table takes the 100k, 1M bucket(s) at 50M rows; MetalExec decides from a group-count estimate; output kept at one partition (only projections above it))",,0,0.00,0.00,0.00,0.00,0.00,0,200,2.36,3.50,100,0,,,,,,,32.29,453.3,38.25,"yes",1,1,203,0.0220,0.01,0.00,"TAKEN AggregateExec (input rows 50000000 (exact) vs min_rows 250000; sum_avg_f64 over 2+ i64 keys (memory input): the measured table takes the 100k, 1M bucket(s) at 50M rows; MetalExec decides from a group-count estimate; output kept at one partition (only projections above it)) | LEFT MetalExec Aggregate { keys (handed back to DataFusion: an estimated 203 groups (198 to 210, Chao1 over a 512-row sample) at 50000000 rows: sum_avg_f64 at the 200 bucket is not taken at any measured size (needs 1.65x at two or more sizes; 1M: 0.30x, 2M: 0.54x, 5M: 1.00x, 10M: 1.10x, 50M: 1.30x); left to DataFusion (from the first 16384 rows of each partition))",45.06,2026-10-01 07:28:20,2026-10-01 07:33:08,2026-09-29 00:37:52,30,34.43,36.55,,,alternate,false,48.94,58.76,58.35,500,61.47,650.7,661.5,3,5000,59.68,59.88,57.05,57.37,660.8,663.6
50000000,b8192,gsweep,avg_f64_2i64_200,"avg_f64, 2 i64 key(s), 200 groups in the key domain","SELECT kl1, kl2, avg(x) AS m FROM grid GROUP BY kl1, kl2",32.59,,,462.0,,30,,"yes",2.220e-16,,,"TAKEN AggregateExec (input rows 50000000 (exact) vs min_rows 250000; sum_avg_f64 over 2+ i64 keys (memory input): the measured table takes the 100k, 1M bucket(s) at 50M rows; MetalExec decides from a group-count estimate; output kept at one partition (only projections above it))",,0,0.00,0.00,0.00,0.00,0.00,0,200,2.36,3.50,100,0,,,,,,,32.79,460.8,33.44,"yes",1,1,203,0.0246,0.01,0.00,"TAKEN AggregateExec (input rows 50000000 (exact) vs min_rows 250000; sum_avg_f64 over 2+ i64 keys (memory input): the measured table takes the 100k, 1M bucket(s) at 50M rows; MetalExec decides from a group-count estimate; output kept at one partition (only projections above it)) | LEFT MetalExec Aggregate { keys (handed back to DataFusion: an estimated 203 groups (198 to 210, Chao1 over a 512-row sample) at 50000000 rows: sum_avg_f64 at the 200 bucket is not taken at any measured size (needs 1.65x at two or more sizes; 1M: 0.30x, 2M: 0.54x, 5M: 1.00x, 10M: 1.10x, 50M: 1.30x); left to DataFusion (from the first 16384 rows of each partition))",35.84,2026-10-01 07:28:20,2026-10-01 07:33:08,2026-09-29 00:37:52,30,37.29,35.92,,,alternate,false,53.73,58.92,49.56,500,63.25,637.4,590.0,3,5000,57.01,58.49,47.06,56.80,680.4,617.1
50000000,b8192,gsweep,minmax_int_2i64_200,"minmax_int, 2 i64 key(s), 200 groups in the key domain","SELECT kl1, kl2, min(q) AS lo, max(q) AS hi FROM grid GROUP BY kl1, kl2",33.10,,,468.0,,30,,"yes",0.000e0,,,"TAKEN AggregateExec (input rows 50000000 (exact) vs min_rows 250000; minmax_int over 2+ i64 keys (memory input): the measured table takes the 100k, 1M bucket(s) at 50M rows; MetalExec decides from a group-count estimate; output kept at one partition (only projections above it))",,0,0.00,0.00,0.00,0.00,0.00,0,200,2.36,3.50,100,0,,,,,,,33.12,469.6,38.65,"yes",1,1,203,0.0265,0.01,0.00,"TAKEN AggregateExec (input rows 50000000 (exact) vs min_rows 250000; minmax_int over 2+ i64 keys (memory input): the measured table takes the 100k, 1M bucket(s) at 50M rows; MetalExec decides from a group-count estimate; output kept at one partition (only projections above it)) | LEFT MetalExec Aggregate { keys (handed back to DataFusion: an estimated 203 groups (198 to 210, Chao1 over a 512-row sample) at 50000000 rows: minmax_int at the 200 bucket is not taken at any measured size (needs 1.65x at two or more sizes; 1M: 0.59x, 2M: 0.77x, 5M: 1.00x, 10M: 1.20x, 50M: 1.30x); left to DataFusion (from the first 16384 rows of each partition))",40.88,2026-10-01 07:28:20,2026-10-01 07:33:08,2026-09-29 00:37:52,30,37.87,38.07,,,alternate,false,56.40,59.50,49.51,500,62.25,682.9,663.3,3,5000,60.92,62.91,59.61,60.33,668.3,670.5
50000000,b8192,gsweep,minmax_int_1i32_10k,"minmax_int, 1 i32 key(s), 10k groups in the key domain","SELECT k, min(q) AS lo, max(q) AS hi FROM grid GROUP BY k",20.11,,,232.9,,30,,"yes",0.000e0,,,"TAKEN AggregateExec (input rows 50000000 (exact) vs min_rows 250000; minmax_int over 1 i32 key (memory input): the measured table takes the 100k, 1M bucket(s) at 50M rows; MetalExec decides from a group-count estimate; output kept at one partition (only projections above it))",,0,0.00,0.00,0.00,0.00,0.00,0,10000,2.90,2.47,100,0,,,,,,,20.19,233.7,24.28,"yes",1,1,9526,0.0181,0.01,0.00,"TAKEN AggregateExec (input rows 50000000 (exact) vs min_rows 250000; minmax_int over 1 i32 key (memory input): the measured table takes the 100k, 1M bucket(s) at 50M rows; MetalExec decides from a group-count estimate; output kept at one partition (only projections above it)) | LEFT MetalExec Aggregate { keys (handed back to DataFusion: an estimated 9526 groups (5850 to 23640, Chao1 over a 512-row sample) at 50000000 rows: minmax_int at the 10k bucket is not taken at any measured size (needs 1.65x at two or more sizes; 1M: 0.64x, 2M: 0.93x, 5M: 1.00x, 10M: 1.00x, 50M: 0.94x); left to DataFusion (from the first 16384 rows of each partition))",22.69,2026-10-01 07:35:43,2026-10-01 07:40:33,2026-09-29 00:37:52,30,21.95,20.81,,,alternate,false,39.01,40.46,38.54,500,43.61,392.5,387.7,3,5000,32.49,38.25,26.22,37.74,332.6,300.6
50000000,b8192,gsweep,sum_f64_2i32_10k,"sum_f64, 2 i32 key(s), 10k groups in the key domain","SELECT k1, k2, sum(x) AS s FROM grid GROUP BY k1, k2",32.92,,,469.4,,30,,"yes",7.073e-16,,,"TAKEN AggregateExec (input rows 50000000 (exact) vs min_rows 250000; sum_avg_f64 over 2+ i32 keys (memory input): the measured table takes the 100k bucket(s) at 50M rows; MetalExec decides from a group-count estimate; output kept at one partition (only projections above it))",,0,0.00,0.00,0.00,0.00,0.00,0,10000,2.90,2.47,100,0,,,,,,,32.85,469.5,37.47,"yes",1,1,8812,0.0188,0.01,0.00,"TAKEN AggregateExec (input rows 50000000 (exact) vs min_rows 250000; sum_avg_f64 over 2+ i32 keys (memory input): the measured table takes the 100k bucket(s) at 50M rows; MetalExec decides from a group-count estimate; output kept at one partition (only projections above it)) | LEFT MetalExec Aggregate { keys (handed back to DataFusion: an estimated 8812 groups (5512 to 20605, Chao1 over a 512-row sample) at 50000000 rows: sum_avg_f64 at the 10k bucket is not taken at any measured size (needs 1.65x at two or more sizes; 1M: 0.52x, 2M: 0.55x, 5M: 1.10x, 10M: 1.30x, 50M: 1.20x); left to DataFusion (from the first 16384 rows of each partition))",43.27,2026-10-01 07:35:43,2026-10-01 07:40:33,2026-09-29 00:37:52,30,38.10,36.64,,,alternate,false,57.79,59.00,57.36,500,58.93,695.0,683.6,3,5000,60.18,60.80,60.05,60.92,681.6,681.3
50000000,b8192,gsweep,avg_f64_2i32_10k,"avg_f64, 2 i32 key(s), 10k groups in the key domain","SELECT k1, k2, avg(x) AS m FROM grid GROUP BY k1, k2",35.29,,,513.0,,30,,"yes",3.331e-16,,,"TAKEN AggregateExec (input rows 50000000 (exact) vs min_rows 250000; sum_avg_f64 over 2+ i32 keys (memory input): the measured table takes the 100k bucket(s) at 50M rows; MetalExec decides from a group-count estimate; output kept at one partition (only projections above it))",,0,0.00,0.00,0.00,0.00,0.00,0,10000,2.90,2.47,100,0,,,,,,,35.33,511.5,39.64,"yes",1,1,8812,0.0198,0.01,0.00,"TAKEN AggregateExec (input rows 50000000 (exact) vs min_rows 250000; sum_avg_f64 over 2+ i32 keys (memory input): the measured table takes the 100k bucket(s) at 50M rows; MetalExec decides from a group-count estimate; output kept at one partition (only projections above it)) | LEFT MetalExec Aggregate { keys (handed back to DataFusion: an estimated 8812 groups (5512 to 20605, Chao1 over a 512-row sample) at 50000000 rows: sum_avg_f64 at the 10k bucket is not taken at any measured size (needs 1.65x at two or more sizes; 1M: 0.52x, 2M: 0.55x, 5M: 1.10x, 10M: 1.30x, 50M: 1.20x); left to DataFusion (from the first 16384 rows of each partition))",39.11,2026-10-01 07:35:43,2026-10-01 07:40:33,2026-09-29 00:37:52,30,40.99,40.16,,,alternate,false,60.32,62.85,61.96,500,67.22,745.8,730.7,3,5000,60.23,62.84,60.92,63.31,741.1,739.5
50000000,b8192,gsweep,minmax_int_2i32_10k,"minmax_int, 2 i32 key(s), 10k groups in the key domain","SELECT k1, k2, min(q) AS lo, max(q) AS hi FROM grid GROUP BY k1, k2",34.72,,,502.5,,30,,"yes",0.000e0,,,"TAKEN AggregateExec (input rows 50000000 (exact) vs min_rows 250000; minmax_int over 2+ i32 keys (memory input): the measured table takes the 100k, 1M bucket(s) at 50M rows; MetalExec decides from a group-count estimate; output kept at one partition (only projections above it))",,0,0.00,0.00,0.00,0.00,0.00,0,10000,2.90,2.47,100,0,,,,,,,34.82,503.3,35.14,"yes",1,1,8812,0.0210,0.01,0.00,"TAKEN AggregateExec (input rows 50000000 (exact) vs min_rows 250000; minmax_int over 2+ i32 keys (memory input): the measured table takes the 100k, 1M bucket(s) at 50M rows; MetalExec decides from a group-count estimate; output kept at one partition (only projections above it)) | LEFT MetalExec Aggregate { keys (handed back to DataFusion: an estimated 8812 groups (5512 to 20605, Chao1 over a 512-row sample) at 50000000 rows: minmax_int at the 10k bucket is not taken at any measured size (needs 1.65x at two or more sizes; 1M: 0.59x, 2M: 1.20x, 5M: 1.50x, 10M: 1.40x, 50M: 1.50x); left to DataFusion (from the first 16384 rows of each partition))",40.09,2026-10-01 07:35:43,2026-10-01 07:40:33,2026-09-29 00:37:52,30,40.53,39.12,,,alternate,false,50.98,65.68,59.15,500,61.15,636.3,721.7,3,5000,63.82,64.84,53.89,65.58,712.1,680.2
50000000,b8192,gsweep,minmax_int_1i64_10k,"minmax_int, 1 i64 key(s), 10k groups in the key domain","SELECT kl, min(q) AS lo, max(q) AS hi FROM grid GROUP BY kl",20.66,,,245.1,,30,,"yes",0.000e0,,,"TAKEN AggregateExec (input rows 50000000 (exact) vs min_rows 250000; minmax_int over 1 i64 key (memory input): the measured table takes the 100k, 1M bucket(s) at 50M rows; MetalExec decides from a group-count estimate; output kept at one partition (only projections above it))",,0,0.00,0.00,0.00,0.00,0.00,0,10000,2.90,2.47,100,0,,,,,,,20.81,245.9,21.23,"yes",1,1,9526,0.0190,0.01,0.00,"TAKEN AggregateExec (input rows 50000000 (exact) vs min_rows 250000; minmax_int over 1 i64 key (memory input): the measured table takes the 100k, 1M bucket(s) at 50M rows; MetalExec decides from a group-count estimate; output kept at one partition (only projections above it)) | LEFT MetalExec Aggregate { keys (handed back to DataFusion: an estimated 9526 groups (5850 to 23640, Chao1 over a 512-row sample) at 50000000 rows: minmax_int at the 10k bucket is not taken at any measured size (needs 1.65x at two or more sizes; 1M: 0.67x, 2M: 1.00x, 5M: 1.10x, 10M: 0.95x, 50M: 0.87x); left to DataFusion (from the first 16384 rows of each partition))",23.29,2026-10-01 07:35:43,2026-10-01 07:40:33,2026-09-29 00:37:52,30,22.62,21.93,,,alternate,false,38.23,42.91,42.02,500,42.46,404.8,403.0,3,5000,43.29,44.67,43.05,46.63,402.6,396.0
50000000,b8192,gsweep,sum_f64_2i64_10k,"sum_f64, 2 i64 key(s), 10k groups in the key domain","SELECT kl1, kl2, sum(x) AS s FROM grid GROUP BY kl1, kl2",33.42,,,476.0,,30,,"yes",7.187e-16,,,"TAKEN AggregateExec (input rows 50000000 (exact) vs min_rows 250000; sum_avg_f64 over 2+ i64 keys (memory input): the measured table takes the 100k, 1M bucket(s) at 50M rows; MetalExec decides from a group-count estimate; output kept at one partition (only projections above it))",,0,0.00,0.00,0.00,0.00,0.00,0,10000,2.90,2.47,100,0,,,,,,,33.56,476.4,34.07,"yes",1,1,8812,0.0278,0.01,0.00,"TAKEN AggregateExec (input rows 50000000 (exact) vs min_rows 250000; sum_avg_f64 over 2+ i64 keys (memory input): the measured table takes the 100k, 1M bucket(s) at 50M rows; MetalExec decides from a group-count estimate; output kept at one partition (only projections above it)) | LEFT MetalExec Aggregate { keys (handed back to DataFusion: an estimated 8812 groups (5512 to 20605, Chao1 over a 512-row sample) at 50000000 rows: sum_avg_f64 at the 10k bucket is not taken at any measured size (needs 1.65x at two or more sizes; 1M: 0.66x, 2M: 0.79x, 5M: 1.10x, 10M: 1.10x, 50M: 1.00x); left to DataFusion (from the first 16384 rows of each partition))",42.97,2026-10-01 07:35:43,2026-10-01 07:40:33,2026-09-29 00:37:52,30,38.44,39.10,,,alternate,false,58.47,60.11,59.39,500,63.15,697.3,665.6,3,5000,61.44,61.68,59.02,60.70,688.1,692.2
50000000,b8192,gsweep,avg_f64_2i64_10k,"avg_f64, 2 i64 key(s), 10k groups in the key domain","SELECT kl1, kl2, avg(x) AS m FROM grid GROUP BY kl1, kl2",35.96,,,518.0,,30,,"yes",3.331e-16,,,"TAKEN AggregateExec (input rows 50000000 (exact) vs min_rows 250000; sum_avg_f64 over 2+ i64 keys (memory input): the measured table takes the 100k, 1M bucket(s) at 50M rows; MetalExec decides from a group-count estimate; output kept at one partition (only projections above it))",,0,0.00,0.00,0.00,0.00,0.00,0,10000,2.90,2.47,100,0,,,,,,,35.93,517.1,45.04,"yes",1,1,8812,0.0209,0.01,0.00,"TAKEN AggregateExec (input rows 50000000 (exact) vs min_rows 250000; sum_avg_f64 over 2+ i64 keys (memory input): the measured table takes the 100k, 1M bucket(s) at 50M rows; MetalExec decides from a group-count estimate; output kept at one partition (only projections above it)) | LEFT MetalExec Aggregate { keys (handed back to DataFusion: an estimated 8812 groups (5512 to 20605, Chao1 over a 512-row sample) at 50000000 rows: sum_avg_f64 at the 10k bucket is not taken at any measured size (needs 1.65x at two or more sizes; 1M: 0.66x, 2M: 0.79x, 5M: 1.10x, 10M: 1.10x, 50M: 1.00x); left to DataFusion (from the first 16384 rows of each partition))",41.50,2026-10-01 07:35:43,2026-10-01 07:40:33,2026-09-29 00:37:52,30,41.53,41.71,,,alternate,false,63.36,63.92,51.52,500,63.51,702.9,681.3,3,5000,60.91,67.53,63.31,64.93,738.5,748.7
50000000,b8192,gsweep,minmax_int_2i64_10k,"minmax_int, 2 i64 key(s), 10k groups in the key domain","SELECT kl1, kl2, min(q) AS lo, max(q) AS hi FROM grid GROUP BY kl1, kl2",35.73,,,511.2,,30,,"yes",0.000e0,,,"TAKEN AggregateExec (input rows 50000000 (exact) vs min_rows 250000; minmax_int over 2+ i64 keys (memory input): the measured table takes the 100k, 1M bucket(s) at 50M rows; MetalExec decides from a group-count estimate; output kept at one partition (only projections above it))",,0,0.00,0.00,0.00,0.00,0.00,0,10000,2.90,2.47,100,0,,,,,,,35.68,511.5,40.50,"yes",1,1,8812,0.0242,0.01,0.00,"TAKEN AggregateExec (input rows 50000000 (exact) vs min_rows 250000; minmax_int over 2+ i64 keys (memory input): the measured table takes the 100k, 1M bucket(s) at 50M rows; MetalExec decides from a group-count estimate; output kept at one partition (only projections above it)) | LEFT MetalExec Aggregate { keys (handed back to DataFusion: an estimated 8812 groups (5512 to 20605, Chao1 over a 512-row sample) at 50000000 rows: minmax_int at the 10k bucket is not taken at any measured size (needs 1.65x at two or more sizes; 1M: 0.98x, 2M: 1.10x, 5M: 1.20x, 10M: 1.40x, 50M: 1.20x); left to DataFusion (from the first 16384 rows of each partition))",43.42,2026-10-01 07:35:43,2026-10-01 07:40:33,2026-09-29 00:37:52,30,40.79,40.26,,,alternate,false,64.77,66.36,64.09,500,65.09,709.7,726.9,3,5000,60.53,67.55,63.84,66.31,722.2,731.7
50000000,b8192,gsweep,minmax_int_1i32_100k,"minmax_int, 1 i32 key(s), 100k groups in the key domain","SELECT k, min(q) AS lo, max(q) AS hi FROM grid GROUP BY k",45.13,,,630.7,,15,,"yes",0.000e0,,,"TAKEN AggregateExec (input rows 50000000 (exact) vs min_rows 250000; minmax_int over 1 i32 key (memory input): the measured table takes the 100k, 1M bucket(s) at 50M rows; MetalExec decides from a group-count estimate; output kept at one partition (only projections above it))",,0,0.00,0.00,0.00,0.00,0.00,0,100000,2.35,2.31,100,12,,,,,,,22.30,66.8,72.28,"yes",1,0,108507,0.2402,1.08,13.68,"TAKEN AggregateExec (input rows 50000000 (exact) vs min_rows 250000; minmax_int over 1 i32 key (memory input): the measured table takes the 100k, 1M bucket(s) at 50M rows; MetalExec decides from a group-count estimate; output kept at one partition (only projections above it)) | TAKEN MetalExec Aggregate { keys (ran on ArrowMetal: an estimated 108507 groups (70643 to 214655, Chao1 over a 2048-row sample) at 50000000 rows: minmax_int at the 100k bucket is taken from 2M rows (from the first rows of each partition; a 2048-row sample of the whole input puts it at 67758 to 198392 groups))",46.71,2026-10-01 07:40:38,2026-10-01 07:45:29,2026-09-29 00:37:52,3,45.79,22.49,,,rounds,true,52.76,82.95,67.50,500,67.97,115.1,851.4,3,5000,73.45,74.24,61.34,69.88,146.8,787.0
50000000,b8192,gsweep,sum_f64_2i32_100k,"sum_f64, 2 i32 key(s), 100k groups in the key domain","SELECT k1, k2, sum(x) AS s FROM grid GROUP BY k1, k2",53.25,,,759.6,,15,,"yes",4.780e-16,,,"TAKEN AggregateExec (input rows 50000000 (exact) vs min_rows 250000; sum_avg_f64 over 2+ i32 keys (memory input): the measured table takes the 100k bucket(s) at 50M rows; MetalExec decides from a group-count estimate; output kept at one partition (only projections above it))",,0,0.00,0.00,0.00,0.00,0.00,0,100000,2.35,2.31,100,9,,,,,,,29.08,89.8,67.45,"yes",1,0,67988,0.3268,0.99,17.88,"TAKEN AggregateExec (input rows 50000000 (exact) vs min_rows 250000; sum_avg_f64 over 2+ i32 keys (memory input): the measured table takes the 100k bucket(s) at 50M rows; MetalExec decides from a group-count estimate; output kept at one partition (only projections above it)) | TAKEN MetalExec Aggregate { keys (ran on ArrowMetal: an estimated 67988 groups (48291 to 110581, Chao1 over a 2048-row sample) at 50000000 rows: sum_avg_f64 at the 100k bucket is taken from 5M rows (from the first rows of each partition; a 2048-row sample of the whole input puts it at 81080 to 282588 groups))",51.59,2026-10-01 07:40:38,2026-10-01 07:45:29,2026-09-29 00:37:52,3,54.03,29.62,,,rounds,true,62.95,75.59,77.48,500,77.63,136.8,990.9,3,5000,62.85,85.53,81.32,85.43,137.4,964.8
50000000,b8192,gsweep,avg_f64_2i32_100k,"avg_f64, 2 i32 key(s), 100k groups in the key domain","SELECT k1, k2, avg(x) AS m FROM grid GROUP BY k1, k2",63.25,,,943.0,,15,,"yes",2.220e-16,,,"TAKEN AggregateExec (input rows 50000000 (exact) vs min_rows 250000; sum_avg_f64 over 2+ i32 keys (memory input): the measured table takes the 100k bucket(s) at 50M rows; MetalExec decides from a group-count estimate; output kept at one partition (only projections above it))",,0,0.00,0.00,0.00,0.00,0.00,0,100000,2.35,2.31,100,9,,,,,,,29.20,87.1,58.95,"yes",1,0,67988,0.3304,0.99,17.92,"TAKEN AggregateExec (input rows 50000000 (exact) vs min_rows 250000; sum_avg_f64 over 2+ i32 keys (memory input): the measured table takes the 100k bucket(s) at 50M rows; MetalExec decides from a group-count estimate; output kept at one partition (only projections above it)) | TAKEN MetalExec Aggregate { keys (ran on ArrowMetal: an estimated 67988 groups (48291 to 110581, Chao1 over a 2048-row sample) at 50000000 rows: sum_avg_f64 at the 100k bucket is taken from 5M rows (from the first rows of each partition; a 2048-row sample of the whole input puts it at 81080 to 282588 groups))",65.78,2026-10-01 07:40:38,2026-10-01 07:45:29,2026-09-29 00:37:52,3,63.90,29.51,,,rounds,true,63.40,80.11,86.70,500,92.77,119.0,1090.1,3,5000,68.49,79.75,86.48,87.01,140.0,1137.8
50000000,b8192,gsweep,minmax_int_2i32_100k,"minmax_int, 2 i32 key(s), 100k groups in the key domain","SELECT k1, k2, min(q) AS lo, max(q) AS hi FROM grid GROUP BY k1, k2",66.99,,,1003.1,,15,,"yes",0.000e0,,,"TAKEN AggregateExec (input rows 50000000 (exact) vs min_rows 250000; minmax_int over 2+ i32 keys (memory input): the measured table takes the 100k, 1M bucket(s) at 50M rows; MetalExec decides from a group-count estimate; output kept at one partition (only projections above it))",,0,0.00,0.00,0.00,0.00,0.00,0,100000,2.35,2.31,100,9,,,,,,,26.35,89.0,55.93,"yes",1,0,67988,0.3132,1.06,15.12,"TAKEN AggregateExec (input rows 50000000 (exact) vs min_rows 250000; minmax_int over 2+ i32 keys (memory input): the measured table takes the 100k, 1M bucket(s) at 50M rows; MetalExec decides from a group-count estimate; output kept at one partition (only projections above it)) | TAKEN MetalExec Aggregate { keys (ran on ArrowMetal: an estimated 67988 groups (48291 to 110581, Chao1 over a 2048-row sample) at 50000000 rows: minmax_int at the 100k bucket is taken from 2M rows (from the first rows of each partition; a 2048-row sample of the whole input puts it at 81080 to 282588 groups))",73.77,2026-10-01 07:40:38,2026-10-01 07:45:29,2026-09-29 00:37:52,3,67.69,26.43,,,rounds,true,75.07,80.30,94.27,500,94.60,141.0,1197.3,3,5000,79.16,80.22,87.44,94.06,146.8,1201.6
50000000,b8192,gsweep,minmax_int_1i64_100k,"minmax_int, 1 i64 key(s), 100k groups in the key domain","SELECT kl, min(q) AS lo, max(q) AS hi FROM grid GROUP BY kl",52.54,,,759.1,,15,,"yes",0.000e0,,,"TAKEN AggregateExec (input rows 50000000 (exact) vs min_rows 250000; minmax_int over 1 i64 key (memory input): the measured table takes the 100k, 1M bucket(s) at 50M rows; MetalExec decides from a group-count estimate; output kept at one partition (only projections above it))",,0,0.00,0.00,0.00,0.00,0.00,0,100000,2.35,2.31,100,9,,,,,,,24.53,90.3,66.73,"yes",1,0,108507,0.2561,0.97,14.77,"TAKEN AggregateExec (input rows 50000000 (exact) vs min_rows 250000; minmax_int over 1 i64 key (memory input): the measured table takes the 100k, 1M bucket(s) at 50M rows; MetalExec decides from a group-count estimate; output kept at one partition (only projections above it)) | TAKEN MetalExec Aggregate { keys (ran on ArrowMetal: an estimated 108507 groups (70643 to 214655, Chao1 over a 2048-row sample) at 50000000 rows: minmax_int at the 100k bucket is taken from 5M rows (from the first rows of each partition; a 2048-row sample of the whole input puts it at 67758 to 198392 groups))",55.06,2026-10-01 07:40:38,2026-10-01 07:45:29,2026-09-29 00:37:52,3,52.73,24.65,,,rounds,true,66.46,72.91,72.11,500,76.46,170.7,947.8,3,5000,71.36,75.03,56.93,71.13,205.7,808.1
50000000,b8192,gsweep,sum_f64_2i64_100k,"sum_f64, 2 i64 key(s), 100k groups in the key domain","SELECT kl1, kl2, sum(x) AS s FROM grid GROUP BY kl1, kl2",64.18,,,931.8,,15,,"yes",4.714e-16,,,"TAKEN AggregateExec (input rows 50000000 (exact) vs min_rows 250000; sum_avg_f64 over 2+ i64 keys (memory input): the measured table takes the 100k, 1M bucket(s) at 50M rows; MetalExec decides from a group-count estimate; output kept at one partition (only projections above it))",,0,0.00,0.00,0.00,0.00,0.00,0,100000,2.35,2.31,100,9,,,,,,,32.93,127.0,86.32,"yes",1,0,67988,0.3545,0.98,19.51,"TAKEN AggregateExec (input rows 50000000 (exact) vs min_rows 250000; sum_avg_f64 over 2+ i64 keys (memory input): the measured table takes the 100k, 1M bucket(s) at 50M rows; MetalExec decides from a group-count estimate; output kept at one partition (only projections above it)) | TAKEN MetalExec Aggregate { keys (ran on ArrowMetal: an estimated 67988 groups (48291 to 110581, Chao1 over a 2048-row sample) at 50000000 rows: sum_avg_f64 at the 100k bucket is taken from 5M rows (from the first rows of each partition; a 2048-row sample of the whole input puts it at 81080 to 282588 groups))",66.91,2026-10-01 07:40:38,2026-10-01 07:45:29,2026-09-29 00:37:52,3,66.61,33.22,,,rounds,true,89.32,90.00,84.65,500,85.55,255.0,1058.5,3,5000,95.37,98.23,86.36,86.44,289.5,1061.2
50000000,b8192,gsweep,avg_f64_2i64_100k,"avg_f64, 2 i64 key(s), 100k groups in the key domain","SELECT kl1, kl2, avg(x) AS m FROM grid GROUP BY kl1, kl2",78.74,,,1167.2,,15,,"yes",2.220e-16,,,"TAKEN AggregateExec (input rows 50000000 (exact) vs min_rows 250000; sum_avg_f64 over 2+ i64 keys (memory input): the measured table takes the 100k, 1M bucket(s) at 50M rows; MetalExec decides from a group-count estimate; output kept at one partition (only projections above it))",,0,0.00,0.00,0.00,0.00,0.00,0,100000,2.35,2.31,100,9,,,,,,,33.30,139.2,64.01,"yes",1,0,67988,0.3555,0.97,18.96,"TAKEN AggregateExec (input rows 50000000 (exact) vs min_rows 250000; sum_avg_f64 over 2+ i64 keys (memory input): the measured table takes the 100k, 1M bucket(s) at 50M rows; MetalExec decides from a group-count estimate; output kept at one partition (only projections above it)) | TAKEN MetalExec Aggregate { keys (ran on ArrowMetal: an estimated 67988 groups (48291 to 110581, Chao1 over a 2048-row sample) at 50000000 rows: sum_avg_f64 at the 100k bucket is taken from 5M rows (from the first rows of each partition; a 2048-row sample of the whole input puts it at 81080 to 282588 groups))",87.45,2026-10-01 07:40:38,2026-10-01 07:45:29,2026-09-29 00:37:52,3,79.36,33.82,,,rounds,true,94.22,97.14,93.15,500,96.25,239.5,1281.5,3,5000,91.80,94.23,101.02,101.09,285.7,1300.2
50000000,b8192,gsweep,minmax_int_2i64_100k,"minmax_int, 2 i64 key(s), 100k groups in the key domain","SELECT kl1, kl2, min(q) AS lo, max(q) AS hi FROM grid GROUP BY kl1, kl2",82.93,,,1232.2,,15,,"yes",0.000e0,,,"TAKEN AggregateExec (input rows 50000000 (exact) vs min_rows 250000; minmax_int over 2+ i64 keys (memory input): the measured table takes the 100k, 1M bucket(s) at 50M rows; MetalExec decides from a group-count estimate; output kept at one partition (only projections above it))",,0,0.00,0.00,0.00,0.00,0.00,0,100000,2.35,2.31,100,9,,,,,,,30.19,128.1,73.47,"yes",1,0,67988,0.3605,1.03,16.61,"TAKEN AggregateExec (input rows 50000000 (exact) vs min_rows 250000; minmax_int over 2+ i64 keys (memory input): the measured table takes the 100k, 1M bucket(s) at 50M rows; MetalExec decides from a group-count estimate; output kept at one partition (only projections above it)) | TAKEN MetalExec Aggregate { keys (ran on ArrowMetal: an estimated 67988 groups (48291 to 110581, Chao1 over a 2048-row sample) at 50000000 rows: minmax_int at the 100k bucket is taken from 5M rows (from the first rows of each partition; a 2048-row sample of the whole input puts it at 81080 to 282588 groups))",83.74,2026-10-01 07:40:38,2026-10-01 07:45:29,2026-09-29 00:37:52,3,82.96,30.37,,,rounds,true,73.14,88.49,105.95,500,106.92,250.2,1366.6,3,5000,78.02,79.44,107.07,109.24,291.2,1408.8
50000000,b8192,gsweep,minmax_int_1i32_1M,"minmax_int, 1 i32 key(s), 1M groups in the key domain","SELECT k, min(q) AS lo, max(q) AS hi FROM grid GROUP BY k",72.75,,,1072.1,,15,,"yes",0.000e0,,,"TAKEN AggregateExec (input rows 50000000 (exact) vs min_rows 250000; minmax_int over 1 i32 key (memory input): the measured table takes the 100k, 1M bucket(s) at 50M rows; MetalExec decides from a group-count estimate; output kept at one partition (only projections above it))",,0,0.00,0.00,0.00,0.00,0.00,0,1000000,2.21,2.19,100,9,,,,,,,24.15,67.7,50.99,"yes",1,0,1040798,0.3028,0.93,15.53,"TAKEN AggregateExec (input rows 50000000 (exact) vs min_rows 250000; minmax_int over 1 i32 key (memory input): the measured table takes the 100k, 1M bucket(s) at 50M rows; MetalExec decides from a group-count estimate; output kept at one partition (only projections above it)) | TAKEN MetalExec Aggregate { keys (ran on ArrowMetal: an estimated 1040798 groups (740276 to 1671653, Chao1 over a 8192-row sample) at 50000000 rows: minmax_int at the 1M bucket is taken from 5M rows (from the first rows of each partition; a 2048-row sample of the whole input puts it at 222231 to 50000000 groups))",74.30,2026-10-01 07:45:34,2026-10-01 07:50:37,2026-09-29 00:37:52,3,72.78,24.34,,,rounds,true,60.96,75.51,95.46,500,95.65,114.2,1240.8,3,5000,72.48,75.80,97.25,98.05,222.4,1254.2
50000000,b8192,gsweep,sum_f64_2i32_1M,"sum_f64, 2 i32 key(s), 1M groups in the key domain","SELECT k1, k2, sum(x) AS s FROM grid GROUP BY k1, k2",74.50,,,1124.7,,30,,"yes",1.030e-15,,,"TAKEN AggregateExec (input rows 50000000 (exact) vs min_rows 250000; sum_avg_f64 over 2+ i32 keys (memory input): the measured table takes the 100k bucket(s) at 50M rows; MetalExec decides from a group-count estimate; output kept at one partition (only projections above it))",,0,0.00,0.00,0.00,0.00,0.00,0,1000000,2.21,2.19,100,0,,,,,,,75.53,1127.2,75.89,"yes",1,1,1048065,0.0560,0.01,0.00,"TAKEN AggregateExec (input rows 50000000 (exact) vs min_rows 250000; sum_avg_f64 over 2+ i32 keys (memory input): the measured table takes the 100k bucket(s) at 50M rows; MetalExec decides from a group-count estimate; output kept at one partition (only projections above it)) | LEFT MetalExec Aggregate { keys (handed back to DataFusion: an estimated 1048065 groups (350720 to 50000000, Chao1 over a 2048-row sample) at 50000000 rows: sum_avg_f64 at the 1M bucket is not taken at any measured size (needs 1.65x at two or more sizes; 5M: 1.40x, 10M: 1.60x, 50M: 2.20x); left to DataFusion (from the first 16384 rows of each partition))",76.51,2026-10-01 07:45:34,2026-10-01 07:50:37,2026-09-29 00:37:52,30,76.89,77.29,,,alternate,false,92.30,101.13,98.99,500,100.31,1321.0,1327.4,3,5000,99.96,101.84,96.76,101.70,1332.6,1314.4
50000000,b8192,gsweep,avg_f64_2i32_1M,"avg_f64, 2 i32 key(s), 1M groups in the key domain","SELECT k1, k2, avg(x) AS m FROM grid GROUP BY k1, k2",88.89,,,1337.5,,30,,"yes",5.551e-16,,,"TAKEN AggregateExec (input rows 50000000 (exact) vs min_rows 250000; sum_avg_f64 over 2+ i32 keys (memory input): the measured table takes the 100k bucket(s) at 50M rows; MetalExec decides from a group-count estimate; output kept at one partition (only projections above it))",,0,0.00,0.00,0.00,0.00,0.00,0,1000000,2.21,2.19,100,0,,,,,,,88.90,1327.5,89.60,"yes",1,1,1048065,0.0572,0.01,0.00,"TAKEN AggregateExec (input rows 50000000 (exact) vs min_rows 250000; sum_avg_f64 over 2+ i32 keys (memory input): the measured table takes the 100k bucket(s) at 50M rows; MetalExec decides from a group-count estimate; output kept at one partition (only projections above it)) | LEFT MetalExec Aggregate { keys (handed back to DataFusion: an estimated 1048065 groups (350720 to 50000000, Chao1 over a 2048-row sample) at 50000000 rows: sum_avg_f64 at the 1M bucket is not taken at any measured size (needs 1.65x at two or more sizes; 5M: 1.40x, 10M: 1.60x, 50M: 2.20x); left to DataFusion (from the first 16384 rows of each partition))",89.92,2026-10-01 07:45:34,2026-10-01 07:50:37,2026-09-29 00:37:52,30,90.86,90.49,,,alternate,false,114.77,116.63,114.52,500,116.14,1526.1,1524.6,3,5000,116.06,118.80,112.83,113.23,1498.9,1517.8
50000000,b8192,gsweep,minmax_int_2i32_1M,"minmax_int, 2 i32 key(s), 1M groups in the key domain","SELECT k1, k2, min(q) AS lo, max(q) AS hi FROM grid GROUP BY k1, k2",93.48,,,1398.6,,15,,"yes",0.000e0,,,"TAKEN AggregateExec (input rows 50000000 (exact) vs min_rows 250000; minmax_int over 2+ i32 keys (memory input): the measured table takes the 100k, 1M bucket(s) at 50M rows; MetalExec decides from a group-count estimate; output kept at one partition (only projections above it))",,0,0.00,0.00,0.00,0.00,0.00,0,1000000,2.21,2.19,100,9,,,,,,,27.78,89.2,62.03,"yes",1,0,924251,0.3746,1.01,16.65,"TAKEN AggregateExec (input rows 50000000 (exact) vs min_rows 250000; minmax_int over 2+ i32 keys (memory input): the measured table takes the 100k, 1M bucket(s) at 50M rows; MetalExec decides from a group-count estimate; output kept at one partition (only projections above it)) | TAKEN MetalExec Aggregate { keys (ran on ArrowMetal: an estimated 924251 groups (669966 to 1431655, Chao1 over a 8192-row sample) at 50000000 rows: minmax_int at the 1M bucket is taken from 5M rows (from the first rows of each partition; a 2048-row sample of the whole input puts it at 268759 to 50000000 groups))",93.89,2026-10-01 07:45:34,2026-10-01 07:50:37,2026-09-29 00:37:52,3,93.85,27.86,,,rounds,true,59.83,79.77,117.69,500,117.84,136.3,1574.6,3,5000,89.53,96.52,117.87,118.66,274.7,1582.9
50000000,b8192,gsweep,minmax_int_1i64_1M,"minmax_int, 1 i64 key(s), 1M groups in the key domain","SELECT kl, min(q) AS lo, max(q) AS hi FROM grid GROUP BY kl",82.54,,,1200.6,,15,,"yes",0.000e0,,,"TAKEN AggregateExec (input rows 50000000 (exact) vs min_rows 250000; minmax_int over 1 i64 key (memory input): the measured table takes the 100k, 1M bucket(s) at 50M rows; MetalExec decides from a group-count estimate; output kept at one partition (only projections above it))",,0,0.00,0.00,0.00,0.00,0.00,0,1000000,2.21,2.19,100,9,,,,,,,26.47,92.6,55.97,"yes",1,0,1040798,0.3675,0.92,16.50,"TAKEN AggregateExec (input rows 50000000 (exact) vs min_rows 250000; minmax_int over 1 i64 key (memory input): the measured table takes the 100k, 1M bucket(s) at 50M rows; MetalExec decides from a group-count estimate; output kept at one partition (only projections above it)) | TAKEN MetalExec Aggregate { keys (ran on ArrowMetal: an estimated 1040798 groups (740276 to 1671653, Chao1 over a 8192-row sample) at 50000000 rows: minmax_int at the 1M bucket is taken from 5M rows (from the first rows of each partition; a 2048-row sample of the whole input puts it at 222231 to 50000000 groups))",91.82,2026-10-01 07:45:34,2026-10-01 07:50:37,2026-09-29 00:37:52,3,82.93,26.48,,,rounds,true,79.34,95.24,100.32,500,104.71,232.1,1327.1,3,5000,79.29,98.90,104.84,105.89,252.2,1373.0
50000000,b8192,gsweep,sum_f64_2i64_1M,"sum_f64, 2 i64 key(s), 1M groups in the key domain","SELECT kl1, kl2, sum(x) AS s FROM grid GROUP BY kl1, kl2",88.18,,,1307.3,,15,,"yes",1.045e-15,,,"TAKEN AggregateExec (input rows 50000000 (exact) vs min_rows 250000; sum_avg_f64 over 2+ i64 keys (memory input): the measured table takes the 100k, 1M bucket(s) at 50M rows; MetalExec decides from a group-count estimate; output kept at one partition (only projections above it))",,0,0.00,0.00,0.00,0.00,0.00,0,1000000,2.21,2.19,100,9,,,,,,,39.69,135.3,74.44,"yes",1,0,924251,0.4965,1.02,25.49,"TAKEN AggregateExec (input rows 50000000 (exact) vs min_rows 250000; sum_avg_f64 over 2+ i64 keys (memory input): the measured table takes the 100k, 1M bucket(s) at 50M rows; MetalExec decides from a group-count estimate; output kept at one partition (only projections above it)) | TAKEN MetalExec Aggregate { keys (ran on ArrowMetal: an estimated 924251 groups (669966 to 1431655, Chao1 over a 8192-row sample) at 50000000 rows: sum_avg_f64 at the 1M bucket is taken from 10M rows (from the first rows of each partition; a 2048-row sample of the whole input puts it at 268759 to 50000000 groups))",89.41,2026-10-01 07:45:34,2026-10-01 07:50:37,2026-09-29 00:37:52,3,88.77,39.89,,,rounds,true,77.13,99.15,114.14,500,115.08,187.7,1480.5,3,5000,100.31,101.66,109.64,111.77,252.5,1487.9
50000000,b8192,gsweep,avg_f64_2i64_1M,"avg_f64, 2 i64 key(s), 1M groups in the key domain","SELECT kl1, kl2, avg(x) AS m FROM grid GROUP BY kl1, kl2",105.98,,,1550.3,,15,,"yes",4.996e-16,,,"TAKEN AggregateExec (input rows 50000000 (exact) vs min_rows 250000; sum_avg_f64 over 2+ i64 keys (memory input): the measured table takes the 100k, 1M bucket(s) at 50M rows; MetalExec decides from a group-count estimate; output kept at one partition (only projections above it))",,0,0.00,0.00,0.00,0.00,0.00,0,1000000,2.21,2.19,100,6,,,,,,,39.94,143.8,71.57,"yes",1,0,924251,0.5146,1.05,25.41,"TAKEN AggregateExec (input rows 50000000 (exact) vs min_rows 250000; sum_avg_f64 over 2+ i64 keys (memory input): the measured table takes the 100k, 1M bucket(s) at 50M rows; MetalExec decides from a group-count estimate; output kept at one partition (only projections above it)) | TAKEN MetalExec Aggregate { keys (ran on ArrowMetal: an estimated 924251 groups (669966 to 1431655, Chao1 over a 8192-row sample) at 50000000 rows: sum_avg_f64 at the 1M bucket is taken from 10M rows (from the first rows of each partition; a 2048-row sample of the whole input puts it at 268759 to 50000000 groups))",106.42,2026-10-01 07:45:34,2026-10-01 07:50:37,2026-09-29 00:37:52,3,106.03,40.06,,,rounds,true,91.21,99.35,128.53,500,130.15,201.4,1694.6,3,5000,97.97,98.26,128.61,129.99,238.1,1720.7
50000000,b8192,gsweep,minmax_int_2i64_1M,"minmax_int, 2 i64 key(s), 1M groups in the key domain","SELECT kl1, kl2, min(q) AS lo, max(q) AS hi FROM grid GROUP BY kl1, kl2",109.35,,,1611.3,,15,,"yes",0.000e0,,,"TAKEN AggregateExec (input rows 50000000 (exact) vs min_rows 250000; minmax_int over 2+ i64 keys (memory input): the measured table takes the 100k, 1M bucket(s) at 50M rows; MetalExec decides from a group-count estimate; output kept at one partition (only projections above it))",,0,0.00,0.00,0.00,0.00,0.00,0,1000000,2.21,2.19,100,6,,,,,,,32.09,130.9,66.55,"yes",1,0,924251,0.5137,1.02,18.48,"TAKEN AggregateExec (input rows 50000000 (exact) vs min_rows 250000; minmax_int over 2+ i64 keys (memory input): the measured table takes the 100k, 1M bucket(s) at 50M rows; MetalExec decides from a group-count estimate; output kept at one partition (only projections above it)) | TAKEN MetalExec Aggregate { keys (ran on ArrowMetal: an estimated 924251 groups (669966 to 1431655, Chao1 over a 8192-row sample) at 50000000 rows: minmax_int at the 1M bucket is taken from 5M rows (from the first rows of each partition; a 2048-row sample of the whole input puts it at 268759 to 50000000 groups))",110.86,2026-10-01 07:45:34,2026-10-01 07:50:37,2026-09-29 00:37:52,3,109.68,32.41,,,rounds,true,89.09,92.34,133.04,500,133.29,238.3,1779.5,3,5000,104.38,106.36,125.87,130.69,232.4,1739.0
50000000,b8192,gsweep,minmax_int_1i32_R2,"minmax_int, 1 i32 key(s), R2 groups in the key domain","SELECT k, min(q) AS lo, max(q) AS hi FROM grid GROUP BY k",194.29,,,2946.5,,30,,"yes",0.000e0,,,"TAKEN AggregateExec (input rows 50000000 (exact) vs min_rows 250000; minmax_int over 1 i32 key (memory input): the measured table takes the 100k, 1M bucket(s) at 50M rows; MetalExec decides from a group-count estimate; output kept at one partition (only projections above it))",,0,0.00,0.00,0.00,0.00,0.00,0,21618695,2.10,6.09,100,0,,,,,,,196.59,2959.6,194.42,"yes",1,1,8383490,0.1149,0.01,0.00,"TAKEN AggregateExec (input rows 50000000 (exact) vs min_rows 250000; minmax_int over 1 i32 key (memory input): the measured table takes the 100k, 1M bucket(s) at 50M rows; MetalExec decides from a group-count estimate; output kept at one partition (only projections above it)) | LEFT MetalExec Aggregate { keys (handed back to DataFusion: an estimated 8383490 groups (3548008 to 50000000, Chao1 over a 8192-row sample) at 50000000 rows: no bucket holds that group count at this row count; left to DataFusion (from the first 16384 rows of each partition))",201.53,2026-10-01 07:50:42,2026-10-01 07:58:05,2026-09-29 00:37:52,30,199.38,201.84,,,alternate,false,218.63,229.64,220.24,500,221.01,3180.2,3185.1,3,5000,218.19,225.84,220.26,221.88,3187.2,3143.5
50000000,b8192,gsweep,sum_f64_2i32_R2,"sum_f64, 2 i32 key(s), R2 groups in the key domain","SELECT k1, k2, sum(x) AS s FROM grid GROUP BY k1, k2",171.42,,,2593.2,,30,,"yes",5.470e-16,,,"TAKEN AggregateExec (input rows 50000000 (exact) vs min_rows 250000; sum_avg_f64 over 2+ i32 keys (memory input): the measured table takes the 100k bucket(s) at 50M rows; MetalExec decides from a group-count estimate; output kept at one partition (only projections above it))",,0,0.00,0.00,0.00,0.00,0.00,0,21616057,2.10,6.09,100,0,,,,,,,173.59,2606.4,167.98,"yes",1,1,2098176,0.0634,0.01,0.00,"TAKEN AggregateExec (input rows 50000000 (exact) vs min_rows 250000; sum_avg_f64 over 2+ i32 keys (memory input): the measured table takes the 100k bucket(s) at 50M rows; MetalExec decides from a group-count estimate; output kept at one partition (only projections above it)) | LEFT MetalExec Aggregate { keys (handed back to DataFusion: an estimated 2098176 groups (700757 to 50000000, Chao1 over a 2048-row sample) at 50000000 rows: sum_avg_f64 at the 1M bucket is not taken at any measured size (needs 1.65x at two or more sizes; 5M: 1.40x, 10M: 1.60x, 50M: 2.20x); left to DataFusion (from the first 16384 rows of each partition))",173.76,2026-10-01 07:50:42,2026-10-01 07:58:05,2026-09-29 00:37:52,30,176.10,176.44,,,alternate,false,196.21,203.28,183.88,500,204.23,2790.7,2721.8,3,5000,192.93,195.35,196.12,198.28,2765.1,2801.6
50000000,b8192,gsweep,avg_f64_2i32_R2,"avg_f64, 2 i32 key(s), R2 groups in the key domain","SELECT k1, k2, avg(x) AS m FROM grid GROUP BY k1, k2",196.57,,,2988.4,,30,,"yes",3.331e-16,,,"TAKEN AggregateExec (input rows 50000000 (exact) vs min_rows 250000; sum_avg_f64 over 2+ i32 keys (memory input): the measured table takes the 100k bucket(s) at 50M rows; MetalExec decides from a group-count estimate; output kept at one partition (only projections above it))",,0,0.00,0.00,0.00,0.00,0.00,0,21616057,2.10,6.09,100,0,,,,,,,198.86,3002.8,193.68,"yes",1,1,2098176,0.0635,0.01,0.00,"TAKEN AggregateExec (input rows 50000000 (exact) vs min_rows 250000; sum_avg_f64 over 2+ i32 keys (memory input): the measured table takes the 100k bucket(s) at 50M rows; MetalExec decides from a group-count estimate; output kept at one partition (only projections above it)) | LEFT MetalExec Aggregate { keys (handed back to DataFusion: an estimated 2098176 groups (700757 to 50000000, Chao1 over a 2048-row sample) at 50000000 rows: sum_avg_f64 at the 1M bucket is not taken at any measured size (needs 1.65x at two or more sizes; 5M: 1.40x, 10M: 1.60x, 50M: 2.20x); left to DataFusion (from the first 16384 rows of each partition))",199.45,2026-10-01 07:50:42,2026-10-01 07:58:05,2026-09-29 00:37:52,30,199.55,202.09,,,alternate,false,214.33,223.23,220.87,500,225.91,3188.9,3187.6,3,5000,222.76,223.12,221.34,226.16,3133.3,3161.4
50000000,b8192,gsweep,minmax_int_2i32_R2,"minmax_int, 2 i32 key(s), R2 groups in the key domain","SELECT k1, k2, min(q) AS lo, max(q) AS hi FROM grid GROUP BY k1, k2",212.72,,,3215.7,,30,,"yes",0.000e0,,,"TAKEN AggregateExec (input rows 50000000 (exact) vs min_rows 250000; minmax_int over 2+ i32 keys (memory input): the measured table takes the 100k, 1M bucket(s) at 50M rows; MetalExec decides from a group-count estimate; output kept at one partition (only projections above it))",,0,0.00,0.00,0.00,0.00,0.00,0,21616057,2.10,6.09,100,0,,,,,,,214.20,3240.7,207.13,"yes",1,1,16775169,0.1552,0.01,0.00,"TAKEN AggregateExec (input rows 50000000 (exact) vs min_rows 250000; minmax_int over 2+ i32 keys (memory input): the measured table takes the 100k, 1M bucket(s) at 50M rows; MetalExec decides from a group-count estimate; output kept at one partition (only projections above it)) | LEFT MetalExec Aggregate { keys (handed back to DataFusion: an estimated 16775169 groups (5597184 to 50000000, Chao1 over a 8192-row sample) at 50000000 rows: minmax_int at the rows/2 bucket is not taken at any measured size (needs 1.65x at two or more sizes; 1M: 1.00x, 2M: 1.80x, 5M: 2.40x, 10M: 2.20x, 50M: 1.00x); left to DataFusion (from the first 16384 rows of each partition))",213.11,2026-10-01 07:50:42,2026-10-01 07:58:05,2026-09-29 00:37:52,30,214.90,217.33,,,alternate,false,236.81,243.94,232.38,500,235.19,3414.0,3411.3,3,5000,237.65,241.72,228.80,238.83,3411.8,3380.6
50000000,b8192,gsweep,minmax_int_1i64_R2,"minmax_int, 1 i64 key(s), R2 groups in the key domain","SELECT kl, min(q) AS lo, max(q) AS hi FROM grid GROUP BY kl",203.92,,,3101.5,,30,,"yes",0.000e0,,,"TAKEN AggregateExec (input rows 50000000 (exact) vs min_rows 250000; minmax_int over 1 i64 key (memory input): the measured table takes the 100k, 1M bucket(s) at 50M rows; MetalExec decides from a group-count estimate; output kept at one partition (only projections above it))",,0,0.00,0.00,0.00,0.00,0.00,0,21618695,2.10,6.09,100,0,,,,,,,209.88,3164.9,201.88,"yes",1,1,8383490,0.1680,0.01,0.00,"TAKEN AggregateExec (input rows 50000000 (exact) vs min_rows 250000; minmax_int over 1 i64 key (memory input): the measured table takes the 100k, 1M bucket(s) at 50M rows; MetalExec decides from a group-count estimate; output kept at one partition (only projections above it)) | LEFT MetalExec Aggregate { keys (handed back to DataFusion: an estimated 8383490 groups (3548008 to 50000000, Chao1 over a 8192-row sample) at 50000000 rows: no bucket holds that group count at this row count; left to DataFusion (from the first 16384 rows of each partition))",212.22,2026-10-01 07:50:42,2026-10-01 07:58:05,2026-09-29 00:37:52,30,211.24,214.44,,,alternate,false,234.42,237.61,231.64,500,237.20,3340.7,3296.7,3,5000,234.31,234.53,229.13,232.72,3358.6,3286.6
50000000,b8192,gsweep,sum_f64_2i64_R2,"sum_f64, 2 i64 key(s), R2 groups in the key domain","SELECT kl1, kl2, sum(x) AS s FROM grid GROUP BY kl1, kl2",184.04,,,2805.0,,30,,"yes",6.247e-16,,,"TAKEN AggregateExec (input rows 50000000 (exact) vs min_rows 250000; sum_avg_f64 over 2+ i64 keys (memory input): the measured table takes the 100k, 1M bucket(s) at 50M rows; MetalExec decides from a group-count estimate; output kept at one partition (only projections above it))",,0,0.00,0.00,0.00,0.00,0.00,0,21616057,2.10,6.09,100,0,,,,,,,187.16,2800.6,179.64,"yes",1,1,16775169,0.2433,0.01,0.00,"TAKEN AggregateExec (input rows 50000000 (exact) vs min_rows 250000; sum_avg_f64 over 2+ i64 keys (memory input): the measured table takes the 100k, 1M bucket(s) at 50M rows; MetalExec decides from a group-count estimate; output kept at one partition (only projections above it)) | LEFT MetalExec Aggregate { keys (handed back to DataFusion: an estimated 16775169 groups (5597184 to 50000000, Chao1 over a 8192-row sample) at 50000000 rows: sum_avg_f64 at the rows/2 bucket is not taken at any measured size (needs 1.65x at two or more sizes; 1M: 0.58x, 2M: 0.79x, 5M: 1.20x, 10M: 1.10x, 50M: 0.67x); left to DataFusion (from the first 16384 rows of each partition))",189.36,2026-10-01 07:50:42,2026-10-01 07:58:05,2026-09-29 00:37:52,30,189.04,191.49,,,alternate,false,212.11,223.49,210.47,500,212.78,2987.1,2999.8,3,5000,212.18,213.50,207.80,213.68,2966.2,2951.5
50000000,b8192,gsweep,avg_f64_2i64_R2,"avg_f64, 2 i64 key(s), R2 groups in the key domain","SELECT kl1, kl2, avg(x) AS m FROM grid GROUP BY kl1, kl2",215.76,,,3162.9,,30,,"yes",4.441e-16,,,"TAKEN AggregateExec (input rows 50000000 (exact) vs min_rows 250000; sum_avg_f64 over 2+ i64 keys (memory input): the measured table takes the 100k, 1M bucket(s) at 50M rows; MetalExec decides from a group-count estimate; output kept at one partition (only projections above it))",,0,0.00,0.00,0.00,0.00,0.00,0,21616057,2.10,6.09,100,0,,,,,,,216.43,3144.2,211.29,"yes",1,1,16775169,0.2332,0.01,0.00,"TAKEN AggregateExec (input rows 50000000 (exact) vs min_rows 250000; sum_avg_f64 over 2+ i64 keys (memory input): the measured table takes the 100k, 1M bucket(s) at 50M rows; MetalExec decides from a group-count estimate; output kept at one partition (only projections above it)) | LEFT MetalExec Aggregate { keys (handed back to DataFusion: an estimated 16775169 groups (5597184 to 50000000, Chao1 over a 8192-row sample) at 50000000 rows: sum_avg_f64 at the rows/2 bucket is not taken at any measured size (needs 1.65x at two or more sizes; 1M: 0.58x, 2M: 0.79x, 5M: 1.20x, 10M: 1.10x, 50M: 0.67x); left to DataFusion (from the first 16384 rows of each partition))",218.86,2026-10-01 07:50:42,2026-10-01 07:58:05,2026-09-29 00:37:52,30,219.24,221.01,,,alternate,false,245.33,246.34,239.11,500,240.09,3350.7,3360.2,3,5000,240.33,244.05,237.72,238.76,3370.8,3313.1
50000000,b8192,gsweep,minmax_int_2i64_R2,"minmax_int, 2 i64 key(s), R2 groups in the key domain","SELECT kl1, kl2, min(q) AS lo, max(q) AS hi FROM grid GROUP BY kl1, kl2",224.00,,,3389.9,,30,,"yes",0.000e0,,,"TAKEN AggregateExec (input rows 50000000 (exact) vs min_rows 250000; minmax_int over 2+ i64 keys (memory input): the measured table takes the 100k, 1M bucket(s) at 50M rows; MetalExec decides from a group-count estimate; output kept at one partition (only projections above it))",,0,0.00,0.00,0.00,0.00,0.00,0,21616057,2.10,6.09,100,0,,,,,,,226.27,3405.3,217.79,"yes",1,1,16775169,0.2411,0.01,0.00,"TAKEN AggregateExec (input rows 50000000 (exact) vs min_rows 250000; minmax_int over 2+ i64 keys (memory input): the measured table takes the 100k, 1M bucket(s) at 50M rows; MetalExec decides from a group-count estimate; output kept at one partition (only projections above it)) | LEFT MetalExec Aggregate { keys (handed back to DataFusion: an estimated 16775169 groups (5597184 to 50000000, Chao1 over a 8192-row sample) at 50000000 rows: minmax_int at the rows/2 bucket is not taken at any measured size (needs 1.65x at two or more sizes; 1M: 1.00x, 2M: 2.00x, 5M: 2.40x, 10M: 2.30x, 50M: 1.10x); left to DataFusion (from the first 16384 rows of each partition))",230.74,2026-10-01 07:50:42,2026-10-01 07:58:05,2026-09-29 00:37:52,30,231.26,233.11,,,alternate,false,252.30,255.00,238.06,500,247.87,3569.3,3566.4,3,5000,240.83,253.48,248.06,252.81,3474.3,3572.6
50000000,part1,gsweep,minmax_int_1i32_200,"minmax_int, 1 i32 key(s), 200 groups in the key domain","SELECT k, min(q) AS lo, max(q) AS hi FROM grid GROUP BY k",17.81,,,195.8,,30,,"yes",0.000e0,,,"TAKEN AggregateExec (input rows 50000000 (exact) vs min_rows 250000; minmax_int over 1 i32 key (memory input): the measured table takes the 100k, 1M bucket(s) at 50M rows; MetalExec decides from a group-count estimate; output kept at one partition (only projections above it))",,0,0.00,0.00,0.00,0.00,0.00,0,200,2.03,4.02,100,0,,,,,,,18.58,197.0,19.34,"yes",1,1,199,0.0207,0.01,0.00,"TAKEN AggregateExec (input rows 50000000 (exact) vs min_rows 250000; minmax_int over 1 i32 key (memory input): the measured table takes the 100k, 1M bucket(s) at 50M rows; MetalExec decides from a group-count estimate; output kept at one partition (only projections above it)) | LEFT MetalExec Aggregate { keys (handed back to DataFusion: an estimated 199 groups (196 to 205, Chao1 over a 512-row sample) at 50000000 rows: minmax_int at the 200 bucket is not taken at any measured size (needs 1.65x at two or more sizes; 1M: 0.44x, 2M: 0.57x, 5M: 0.76x, 10M: 0.88x, 50M: 1.20x); left to DataFusion (from the first 16384 rows of each partition))",22.30,2026-10-01 08:02:32,2026-10-01 08:07:18,2026-09-29 00:37:52,30,21.62,21.94,,,alternate,false,24.25,32.79,24.88,500,28.03,317.6,271.6,3,5000,24.02,31.39,32.53,42.69,286.5,271.3
50000000,part1,gsweep,sum_f64_2i32_200,"sum_f64, 2 i32 key(s), 200 groups in the key domain","SELECT k1, k2, sum(x) AS s FROM grid GROUP BY k1, k2",30.54,,,441.9,,30,,"yes",3.498e-16,,,"TAKEN AggregateExec (input rows 50000000 (exact) vs min_rows 250000; sum_avg_f64 over 2+ i32 keys (memory input): the measured table takes the 100k bucket(s) at 50M rows; MetalExec decides from a group-count estimate; output kept at one partition (only projections above it))",,0,0.00,0.00,0.00,0.00,0.00,0,200,2.03,4.02,100,0,,,,,,,30.88,442.5,35.84,"yes",1,1,204,0.0210,0.01,0.00,"TAKEN AggregateExec (input rows 50000000 (exact) vs min_rows 250000; sum_avg_f64 over 2+ i32 keys (memory input): the measured table takes the 100k bucket(s) at 50M rows; MetalExec decides from a group-count estimate; output kept at one partition (only projections above it)) | LEFT MetalExec Aggregate { keys (handed back to DataFusion: an estimated 204 groups (200 to 211, Chao1 over a 512-row sample) at 50000000 rows: sum_avg_f64 at the 200 bucket is not taken at any measured size (needs 1.65x at two or more sizes; 1M: 0.41x, 2M: 0.75x, 5M: 1.10x, 10M: 1.30x, 50M: 1.60x); left to DataFusion (from the first 16384 rows of each partition))",37.30,2026-10-01 08:02:32,2026-10-01 08:07:18,2026-09-29 00:37:52,30,32.86,35.54,,,alternate,false,54.26,55.24,51.71,500,52.14,669.3,663.4,3,5000,54.66,56.21,55.49,57.44,677.8,672.0
50000000,part1,gsweep,avg_f64_2i32_200,"avg_f64, 2 i32 key(s), 200 groups in the key domain","SELECT k1, k2, avg(x) AS m FROM grid GROUP BY k1, k2",31.25,,,452.6,,30,,"yes",2.220e-16,,,"TAKEN AggregateExec (input rows 50000000 (exact) vs min_rows 250000; sum_avg_f64 over 2+ i32 keys (memory input): the measured table takes the 100k bucket(s) at 50M rows; MetalExec decides from a group-count estimate; output kept at one partition (only projections above it))",,0,0.00,0.00,0.00,0.00,0.00,0,200,2.03,4.02,100,0,,,,,,,31.29,453.7,39.03,"yes",1,1,204,0.0199,0.01,0.00,"TAKEN AggregateExec (input rows 50000000 (exact) vs min_rows 250000; sum_avg_f64 over 2+ i32 keys (memory input): the measured table takes the 100k bucket(s) at 50M rows; MetalExec decides from a group-count estimate; output kept at one partition (only projections above it)) | LEFT MetalExec Aggregate { keys (handed back to DataFusion: an estimated 204 groups (200 to 211, Chao1 over a 512-row sample) at 50000000 rows: sum_avg_f64 at the 200 bucket is not taken at any measured size (needs 1.65x at two or more sizes; 1M: 0.41x, 2M: 0.75x, 5M: 1.10x, 10M: 1.30x, 50M: 1.60x); left to DataFusion (from the first 16384 rows of each partition))",34.69,2026-10-01 08:02:32,2026-10-01 08:07:18,2026-09-29 00:37:52,30,35.05,34.04,,,alternate,false,56.10,57.37,55.10,500,58.06,686.9,692.3,3,5000,55.65,55.85,46.95,53.43,692.2,647.9
50000000,part1,gsweep,minmax_int_2i32_200,"minmax_int, 2 i32 key(s), 200 groups in the key domain","SELECT k1, k2, min(q) AS lo, max(q) AS hi FROM grid GROUP BY k1, k2",32.82,,,458.1,,30,,"yes",0.000e0,,,"TAKEN AggregateExec (input rows 50000000 (exact) vs min_rows 250000; minmax_int over 2+ i32 keys (memory input): the measured table takes the 100k, 1M bucket(s) at 50M rows; MetalExec decides from a group-count estimate; output kept at one partition (only projections above it))",,0,0.00,0.00,0.00,0.00,0.00,0,200,2.03,4.02,100,0,,,,,,,31.79,458.5,39.37,"yes",1,1,204,0.0209,0.01,0.00,"TAKEN AggregateExec (input rows 50000000 (exact) vs min_rows 250000; minmax_int over 2+ i32 keys (memory input): the measured table takes the 100k, 1M bucket(s) at 50M rows; MetalExec decides from a group-count estimate; output kept at one partition (only projections above it)) | LEFT MetalExec Aggregate { keys (handed back to DataFusion: an estimated 204 groups (200 to 211, Chao1 over a 512-row sample) at 50000000 rows: minmax_int at the 200 bucket is not taken at any measured size (needs 1.65x at two or more sizes; 1M: 0.38x, 2M: 0.69x, 5M: 1.10x, 10M: 1.40x, 50M: 1.70x); left to DataFusion (from the first 16384 rows of each partition))",36.77,2026-10-01 08:02:32,2026-10-01 08:07:18,2026-09-29 00:37:52,30,36.36,36.19,,,alternate,false,53.89,56.37,57.16,500,58.17,700.3,688.6,3,5000,54.01,57.99,53.48,55.16,694.5,678.0
50000000,part1,gsweep,minmax_int_1i64_200,"minmax_int, 1 i64 key(s), 200 groups in the key domain","SELECT kl, min(q) AS lo, max(q) AS hi FROM grid GROUP BY kl",17.14,,,193.8,,30,,"yes",0.000e0,,,"TAKEN AggregateExec (input rows 50000000 (exact) vs min_rows 250000; minmax_int over 1 i64 key (memory input): the measured table takes the 100k, 1M bucket(s) at 50M rows; MetalExec decides from a group-count estimate; output kept at one partition (only projections above it))",,0,0.00,0.00,0.00,0.00,0.00,0,200,2.03,4.02,100,0,,,,,,,17.45,193.7,17.69,"yes",1,1,199,0.0181,0.01,0.00,"TAKEN AggregateExec (input rows 50000000 (exact) vs min_rows 250000; minmax_int over 1 i64 key (memory input): the measured table takes the 100k, 1M bucket(s) at 50M rows; MetalExec decides from a group-count estimate; output kept at one partition (only projections above it)) | LEFT MetalExec Aggregate { keys (handed back to DataFusion: an estimated 199 groups (196 to 205, Chao1 over a 512-row sample) at 50000000 rows: minmax_int at the 200 bucket is not taken at any measured size (needs 1.65x at two or more sizes; 1M: 0.44x, 2M: 0.59x, 5M: 0.73x, 10M: 0.77x, 50M: 1.00x); left to DataFusion (from the first 16384 rows of each partition))",18.95,2026-10-01 08:02:32,2026-10-01 08:07:18,2026-09-29 00:37:52,30,17.65,17.79,,,alternate,false,32.14,34.03,32.97,500,33.59,346.7,340.4,3,5000,34.26,34.51,34.34,35.06,353.0,345.6
50000000,part1,gsweep,sum_f64_2i64_200,"sum_f64, 2 i64 key(s), 200 groups in the key domain","SELECT kl1, kl2, sum(x) AS s FROM grid GROUP BY kl1, kl2",30.93,,,445.9,,30,,"yes",3.503e-16,,,"TAKEN AggregateExec (input rows 50000000 (exact) vs min_rows 250000; sum_avg_f64 over 2+ i64 keys (memory input): the measured table takes the 100k, 1M bucket(s) at 50M rows; MetalExec decides from a group-count estimate; output kept at one partition (only projections above it))",,0,0.00,0.00,0.00,0.00,0.00,0,200,2.03,4.02,100,0,,,,,,,31.04,445.9,32.01,"yes",1,1,204,0.0261,0.02,0.00,"TAKEN AggregateExec (input rows 50000000 (exact) vs min_rows 250000; sum_avg_f64 over 2+ i64 keys (memory input): the measured table takes the 100k, 1M bucket(s) at 50M rows; MetalExec decides from a group-count estimate; output kept at one partition (only projections above it)) | LEFT MetalExec Aggregate { keys (handed back to DataFusion: an estimated 204 groups (200 to 211, Chao1 over a 512-row sample) at 50000000 rows: sum_avg_f64 at the 200 bucket is not taken at any measured size (needs 1.65x at two or more sizes; 1M: 0.30x, 2M: 0.54x, 5M: 1.00x, 10M: 1.10x, 50M: 1.30x); left to DataFusion (from the first 16384 rows of each partition))",35.67,2026-10-01 08:02:32,2026-10-01 08:07:18,2026-09-29 00:37:52,30,33.54,33.32,,,alternate,false,53.03,55.32,46.98,500,54.18,674.5,665.5,3,5000,53.89,55.48,54.28,55.76,676.2,666.8
50000000,part1,gsweep,avg_f64_2i64_200,"avg_f64, 2 i64 key(s), 200 groups in the key domain","SELECT kl1, kl2, avg(x) AS m FROM grid GROUP BY kl1, kl2",31.42,,,456.9,,30,,"yes",2.220e-16,,,"TAKEN AggregateExec (input rows 50000000 (exact) vs min_rows 250000; sum_avg_f64 over 2+ i64 keys (memory input): the measured table takes the 100k, 1M bucket(s) at 50M rows; MetalExec decides from a group-count estimate; output kept at one partition (only projections above it))",,0,0.00,0.00,0.00,0.00,0.00,0,200,2.03,4.02,100,0,,,,,,,31.62,459.3,32.44,"yes",1,1,204,0.0217,0.02,0.00,"TAKEN AggregateExec (input rows 50000000 (exact) vs min_rows 250000; sum_avg_f64 over 2+ i64 keys (memory input): the measured table takes the 100k, 1M bucket(s) at 50M rows; MetalExec decides from a group-count estimate; output kept at one partition (only projections above it)) | LEFT MetalExec Aggregate { keys (handed back to DataFusion: an estimated 204 groups (200 to 211, Chao1 over a 512-row sample) at 50000000 rows: sum_avg_f64 at the 200 bucket is not taken at any measured size (needs 1.65x at two or more sizes; 1M: 0.30x, 2M: 0.54x, 5M: 1.00x, 10M: 1.10x, 50M: 1.30x); left to DataFusion (from the first 16384 rows of each partition))",39.60,2026-10-01 08:02:32,2026-10-01 08:07:18,2026-09-29 00:37:52,30,36.23,35.49,,,alternate,false,56.30,58.54,56.34,500,56.61,693.2,673.3,3,5000,55.66,56.44,53.90,56.49,692.4,695.9
50000000,part1,gsweep,minmax_int_2i64_200,"minmax_int, 2 i64 key(s), 200 groups in the key domain","SELECT kl1, kl2, min(q) AS lo, max(q) AS hi FROM grid GROUP BY kl1, kl2",31.67,,,463.3,,30,,"yes",0.000e0,,,"TAKEN AggregateExec (input rows 50000000 (exact) vs min_rows 250000; minmax_int over 2+ i64 keys (memory input): the measured table takes the 100k, 1M bucket(s) at 50M rows; MetalExec decides from a group-count estimate; output kept at one partition (only projections above it))",,0,0.00,0.00,0.00,0.00,0.00,0,200,2.03,4.02,100,0,,,,,,,31.91,461.4,34.11,"yes",1,1,204,0.0229,0.02,0.00,"TAKEN AggregateExec (input rows 50000000 (exact) vs min_rows 250000; minmax_int over 2+ i64 keys (memory input): the measured table takes the 100k, 1M bucket(s) at 50M rows; MetalExec decides from a group-count estimate; output kept at one partition (only projections above it)) | LEFT MetalExec Aggregate { keys (handed back to DataFusion: an estimated 204 groups (200 to 211, Chao1 over a 512-row sample) at 50000000 rows: minmax_int at the 200 bucket is not taken at any measured size (needs 1.65x at two or more sizes; 1M: 0.59x, 2M: 0.77x, 5M: 1.00x, 10M: 1.20x, 50M: 1.30x); left to DataFusion (from the first 16384 rows of each partition))",37.12,2026-10-01 08:02:32,2026-10-01 08:07:18,2026-09-29 00:37:52,30,34.58,34.83,,,alternate,false,54.05,55.39,55.81,500,57.61,700.5,699.6,3,5000,56.03,56.64,55.37,56.48,704.0,701.8
50000000,part1,gsweep,minmax_int_1i32_10k,"minmax_int, 1 i32 key(s), 10k groups in the key domain","SELECT k, min(q) AS lo, max(q) AS hi FROM grid GROUP BY k",19.07,,,224.6,,30,,"yes",0.000e0,,,"TAKEN AggregateExec (input rows 50000000 (exact) vs min_rows 250000; minmax_int over 1 i32 key (memory input): the measured table takes the 100k, 1M bucket(s) at 50M rows; MetalExec decides from a group-count estimate; output kept at one partition (only projections above it))",,0,0.00,0.00,0.00,0.00,0.00,0,10000,3.30,1.76,100,0,,,,,,,19.19,224.8,19.57,"yes",1,1,9429,0.0438,0.01,0.00,"TAKEN AggregateExec (input rows 50000000 (exact) vs min_rows 250000; minmax_int over 1 i32 key (memory input): the measured table takes the 100k, 1M bucket(s) at 50M rows; MetalExec decides from a group-count estimate; output kept at one partition (only projections above it)) | LEFT MetalExec Aggregate { keys (handed back to DataFusion: an estimated 9429 groups (8384 to 10812, Chao1 over a 2048-row sample) at 50000000 rows: minmax_int at the 10k bucket is not taken at any measured size (needs 1.65x at two or more sizes; 1M: 0.64x, 2M: 0.93x, 5M: 1.00x, 10M: 1.00x, 50M: 0.94x); left to DataFusion (from the first 16384 rows of each partition))",19.40,2026-10-01 08:11:54,2026-10-01 08:16:42,2026-09-29 00:37:52,30,19.30,20.29,,,alternate,false,36.69,37.69,36.82,500,38.67,394.8,390.0,3,5000,36.98,37.78,36.62,40.89,390.6,398.4
50000000,part1,gsweep,sum_f64_2i32_10k,"sum_f64, 2 i32 key(s), 10k groups in the key domain","SELECT k1, k2, sum(x) AS s FROM grid GROUP BY k1, k2",31.83,,,463.9,,30,,"yes",5.654e-16,,,"TAKEN AggregateExec (input rows 50000000 (exact) vs min_rows 250000; sum_avg_f64 over 2+ i32 keys (memory input): the measured table takes the 100k bucket(s) at 50M rows; MetalExec decides from a group-count estimate; output kept at one partition (only projections above it))",,0,0.00,0.00,0.00,0.00,0.00,0,10000,3.30,1.76,100,0,,,,,,,32.04,464.5,35.27,"yes",1,1,8290,0.0223,0.01,0.00,"TAKEN AggregateExec (input rows 50000000 (exact) vs min_rows 250000; sum_avg_f64 over 2+ i32 keys (memory input): the measured table takes the 100k bucket(s) at 50M rows; MetalExec decides from a group-count estimate; output kept at one partition (only projections above it)) | LEFT MetalExec Aggregate { keys (handed back to DataFusion: an estimated 8290 groups (5272 to 18434, Chao1 over a 512-row sample) at 50000000 rows: sum_avg_f64 at the 10k bucket is not taken at any measured size (needs 1.65x at two or more sizes; 1M: 0.52x, 2M: 0.55x, 5M: 1.10x, 10M: 1.30x, 50M: 1.20x); left to DataFusion (from the first 16384 rows of each partition))",41.63,2026-10-01 08:11:54,2026-10-01 08:16:42,2026-09-29 00:37:52,30,35.00,34.74,,,alternate,false,55.24,57.15,55.26,500,56.62,698.1,701.2,3,5000,54.36,58.78,56.57,58.23,705.1,703.3
50000000,part1,gsweep,avg_f64_2i32_10k,"avg_f64, 2 i32 key(s), 10k groups in the key domain","SELECT k1, k2, avg(x) AS m FROM grid GROUP BY k1, k2",34.31,,,507.7,,30,,"yes",3.331e-16,,,"TAKEN AggregateExec (input rows 50000000 (exact) vs min_rows 250000; sum_avg_f64 over 2+ i32 keys (memory input): the measured table takes the 100k bucket(s) at 50M rows; MetalExec decides from a group-count estimate; output kept at one partition (only projections above it))",,0,0.00,0.00,0.00,0.00,0.00,0,10000,3.30,1.76,100,0,,,,,,,34.49,508.4,43.53,"yes",1,1,8290,0.0228,0.01,0.00,"TAKEN AggregateExec (input rows 50000000 (exact) vs min_rows 250000; sum_avg_f64 over 2+ i32 keys (memory input): the measured table takes the 100k bucket(s) at 50M rows; MetalExec decides from a group-count estimate; output kept at one partition (only projections above it)) | LEFT MetalExec Aggregate { keys (handed back to DataFusion: an estimated 8290 groups (5272 to 18434, Chao1 over a 512-row sample) at 50000000 rows: sum_avg_f64 at the 10k bucket is not taken at any measured size (needs 1.65x at two or more sizes; 1M: 0.52x, 2M: 0.55x, 5M: 1.10x, 10M: 1.30x, 50M: 1.20x); left to DataFusion (from the first 16384 rows of each partition))",40.62,2026-10-01 08:11:54,2026-10-01 08:16:42,2026-09-29 00:37:52,30,38.69,38.57,,,alternate,false,49.56,60.11,53.11,500,59.01,688.1,740.7,3,5000,47.62,60.03,56.04,61.54,566.1,743.4
50000000,part1,gsweep,minmax_int_2i32_10k,"minmax_int, 2 i32 key(s), 10k groups in the key domain","SELECT k1, k2, min(q) AS lo, max(q) AS hi FROM grid GROUP BY k1, k2",33.81,,,494.6,,30,,"yes",0.000e0,,,"TAKEN AggregateExec (input rows 50000000 (exact) vs min_rows 250000; minmax_int over 2+ i32 keys (memory input): the measured table takes the 100k, 1M bucket(s) at 50M rows; MetalExec decides from a group-count estimate; output kept at one partition (only projections above it))",,0,0.00,0.00,0.00,0.00,0.00,0,10000,3.30,1.76,100,0,,,,,,,33.87,497.2,38.67,"yes",1,1,8290,0.0201,0.01,0.00,"TAKEN AggregateExec (input rows 50000000 (exact) vs min_rows 250000; minmax_int over 2+ i32 keys (memory input): the measured table takes the 100k, 1M bucket(s) at 50M rows; MetalExec decides from a group-count estimate; output kept at one partition (only projections above it)) | LEFT MetalExec Aggregate { keys (handed back to DataFusion: an estimated 8290 groups (5272 to 18434, Chao1 over a 512-row sample) at 50000000 rows: minmax_int at the 10k bucket is not taken at any measured size (needs 1.65x at two or more sizes; 1M: 0.59x, 2M: 1.20x, 5M: 1.50x, 10M: 1.40x, 50M: 1.50x); left to DataFusion (from the first 16384 rows of each partition))",37.61,2026-10-01 08:11:54,2026-10-01 08:16:42,2026-09-29 00:37:52,30,39.16,39.02,,,alternate,false,53.15,59.75,51.15,500,63.83,737.8,661.8,3,5000,55.17,61.68,56.26,61.70,727.1,693.7
50000000,part1,gsweep,minmax_int_1i64_10k,"minmax_int, 1 i64 key(s), 10k groups in the key domain","SELECT kl, min(q) AS lo, max(q) AS hi FROM grid GROUP BY kl",19.69,,,238.2,,30,,"yes",0.000e0,,,"TAKEN AggregateExec (input rows 50000000 (exact) vs min_rows 250000; minmax_int over 1 i64 key (memory input): the measured table takes the 100k, 1M bucket(s) at 50M rows; MetalExec decides from a group-count estimate; output kept at one partition (only projections above it))",,0,0.00,0.00,0.00,0.00,0.00,0,10000,3.30,1.76,100,0,,,,,,,19.83,240.5,21.42,"yes",1,1,9429,0.0456,0.01,0.00,"TAKEN AggregateExec (input rows 50000000 (exact) vs min_rows 250000; minmax_int over 1 i64 key (memory input): the measured table takes the 100k, 1M bucket(s) at 50M rows; MetalExec decides from a group-count estimate; output kept at one partition (only projections above it)) | LEFT MetalExec Aggregate { keys (handed back to DataFusion: an estimated 9429 groups (8384 to 10812, Chao1 over a 2048-row sample) at 50000000 rows: minmax_int at the 10k bucket is not taken at any measured size (needs 1.65x at two or more sizes; 1M: 0.67x, 2M: 1.00x, 5M: 1.10x, 10M: 0.95x, 50M: 0.87x); left to DataFusion (from the first 16384 rows of each partition))",19.82,2026-10-01 08:11:54,2026-10-01 08:16:42,2026-09-29 00:37:52,30,21.20,20.75,,,alternate,false,37.67,40.16,37.50,500,37.68,414.9,412.7,3,5000,36.98,37.38,30.70,31.60,414.1,392.0
50000000,part1,gsweep,sum_f64_2i64_10k,"sum_f64, 2 i64 key(s), 10k groups in the key domain","SELECT kl1, kl2, sum(x) AS s FROM grid GROUP BY kl1, kl2",32.44,,,473.1,,30,,"yes",5.597e-16,,,"TAKEN AggregateExec (input rows 50000000 (exact) vs min_rows 250000; sum_avg_f64 over 2+ i64 keys (memory input): the measured table takes the 100k, 1M bucket(s) at 50M rows; MetalExec decides from a group-count estimate; output kept at one partition (only projections above it))",,0,0.00,0.00,0.00,0.00,0.00,0,10000,3.30,1.76,100,0,,,,,,,32.77,471.9,32.88,"yes",1,1,8290,0.0216,0.02,0.00,"TAKEN AggregateExec (input rows 50000000 (exact) vs min_rows 250000; sum_avg_f64 over 2+ i64 keys (memory input): the measured table takes the 100k, 1M bucket(s) at 50M rows; MetalExec decides from a group-count estimate; output kept at one partition (only projections above it)) | LEFT MetalExec Aggregate { keys (handed back to DataFusion: an estimated 8290 groups (5272 to 18434, Chao1 over a 512-row sample) at 50000000 rows: sum_avg_f64 at the 10k bucket is not taken at any measured size (needs 1.65x at two or more sizes; 1M: 0.66x, 2M: 0.79x, 5M: 1.10x, 10M: 1.10x, 50M: 1.00x); left to DataFusion (from the first 16384 rows of each partition))",35.31,2026-10-01 08:11:54,2026-10-01 08:16:42,2026-09-29 00:37:52,30,38.01,38.37,,,alternate,false,58.13,62.47,56.23,500,61.84,714.6,711.4,3,5000,55.37,57.53,50.12,55.28,719.5,699.9
50000000,part1,gsweep,avg_f64_2i64_10k,"avg_f64, 2 i64 key(s), 10k groups in the key domain","SELECT kl1, kl2, avg(x) AS m FROM grid GROUP BY kl1, kl2",34.67,,,510.3,,30,,"yes",3.886e-16,,,"TAKEN AggregateExec (input rows 50000000 (exact) vs min_rows 250000; sum_avg_f64 over 2+ i64 keys (memory input): the measured table takes the 100k, 1M bucket(s) at 50M rows; MetalExec decides from a group-count estimate; output kept at one partition (only projections above it))",,0,0.00,0.00,0.00,0.00,0.00,0,10000,3.30,1.76,100,0,,,,,,,34.90,504.8,40.30,"yes",1,1,8290,0.0215,0.02,0.00,"TAKEN AggregateExec (input rows 50000000 (exact) vs min_rows 250000; sum_avg_f64 over 2+ i64 keys (memory input): the measured table takes the 100k, 1M bucket(s) at 50M rows; MetalExec decides from a group-count estimate; output kept at one partition (only projections above it)) | LEFT MetalExec Aggregate { keys (handed back to DataFusion: an estimated 8290 groups (5272 to 18434, Chao1 over a 512-row sample) at 50000000 rows: sum_avg_f64 at the 10k bucket is not taken at any measured size (needs 1.65x at two or more sizes; 1M: 0.66x, 2M: 0.79x, 5M: 1.10x, 10M: 1.10x, 50M: 1.00x); left to DataFusion (from the first 16384 rows of each partition))",40.85,2026-10-01 08:11:54,2026-10-01 08:16:42,2026-09-29 00:37:52,30,39.25,39.26,,,alternate,false,60.15,61.93,59.84,500,61.70,765.8,760.5,3,5000,64.13,64.50,60.76,68.06,765.7,776.5
50000000,part1,gsweep,minmax_int_2i64_10k,"minmax_int, 2 i64 key(s), 10k groups in the key domain","SELECT kl1, kl2, min(q) AS lo, max(q) AS hi FROM grid GROUP BY kl1, kl2",34.58,,,505.1,,30,,"yes",0.000e0,,,"TAKEN AggregateExec (input rows 50000000 (exact) vs min_rows 250000; minmax_int over 2+ i64 keys (memory input): the measured table takes the 100k, 1M bucket(s) at 50M rows; MetalExec decides from a group-count estimate; output kept at one partition (only projections above it))",,0,0.00,0.00,0.00,0.00,0.00,0,10000,3.30,1.76,100,0,,,,,,,34.62,505.1,38.44,"yes",1,1,8290,0.0213,0.02,0.00,"TAKEN AggregateExec (input rows 50000000 (exact) vs min_rows 250000; minmax_int over 2+ i64 keys (memory input): the measured table takes the 100k, 1M bucket(s) at 50M rows; MetalExec decides from a group-count estimate; output kept at one partition (only projections above it)) | LEFT MetalExec Aggregate { keys (handed back to DataFusion: an estimated 8290 groups (5272 to 18434, Chao1 over a 512-row sample) at 50000000 rows: minmax_int at the 10k bucket is not taken at any measured size (needs 1.65x at two or more sizes; 1M: 0.98x, 2M: 1.10x, 5M: 1.20x, 10M: 1.40x, 50M: 1.20x); left to DataFusion (from the first 16384 rows of each partition))",41.88,2026-10-01 08:11:54,2026-10-01 08:16:42,2026-09-29 00:37:52,30,39.99,39.64,,,alternate,false,57.04,63.51,48.50,500,59.72,747.5,629.7,3,5000,57.88,63.84,52.40,61.36,736.6,722.4
50000000,part1,gsweep,minmax_int_1i32_100k,"minmax_int, 1 i32 key(s), 100k groups in the key domain","SELECT k, min(q) AS lo, max(q) AS hi FROM grid GROUP BY k",43.05,,,613.2,,15,,"yes",0.000e0,,,"TAKEN AggregateExec (input rows 50000000 (exact) vs min_rows 250000; minmax_int over 1 i32 key (memory input): the measured table takes the 100k, 1M bucket(s) at 50M rows; MetalExec decides from a group-count estimate; output kept at one partition (only projections above it))",,0,0.00,0.00,0.00,0.00,0.00,0,100000,1.70,2.54,100,12,,,,,,,20.96,66.5,40.27,"yes",1,0,67988,0.1410,1.11,13.84,"TAKEN AggregateExec (input rows 50000000 (exact) vs min_rows 250000; minmax_int over 1 i32 key (memory input): the measured table takes the 100k, 1M bucket(s) at 50M rows; MetalExec decides from a group-count estimate; output kept at one partition (only projections above it)) | TAKEN MetalExec Aggregate { keys (ran on ArrowMetal: an estimated 67988 groups (48291 to 110581, Chao1 over a 2048-row sample) at 50000000 rows: minmax_int at the 100k bucket is taken from 2M rows (from the first rows of each partition; a 2048-row sample of the whole input puts it at 54523 to 135023 groups))",43.51,2026-10-01 08:16:47,2026-10-01 08:21:37,2026-09-29 00:37:52,3,43.20,21.04,,,rounds,true,44.03,70.84,65.49,500,66.65,96.7,852.8,3,5000,64.15,68.16,64.45,67.33,112.1,853.8
50000000,part1,gsweep,sum_f64_2i32_100k,"sum_f64, 2 i32 key(s), 100k groups in the key domain","SELECT k1, k2, sum(x) AS s FROM grid GROUP BY k1, k2",51.42,,,767.0,,15,,"yes",4.826e-16,,,"TAKEN AggregateExec (input rows 50000000 (exact) vs min_rows 250000; sum_avg_f64 over 2+ i32 keys (memory input): the measured table takes the 100k bucket(s) at 50M rows; MetalExec decides from a group-count estimate; output kept at one partition (only projections above it))",,0,0.00,0.00,0.00,0.00,0.00,0,100000,1.70,2.54,100,9,,,,,,,27.82,87.5,52.40,"yes",1,0,85231,0.2981,1.18,17.65,"TAKEN AggregateExec (input rows 50000000 (exact) vs min_rows 250000; sum_avg_f64 over 2+ i32 keys (memory input): the measured table takes the 100k bucket(s) at 50M rows; MetalExec decides from a group-count estimate; output kept at one partition (only projections above it)) | TAKEN MetalExec Aggregate { keys (ran on ArrowMetal: an estimated 85231 groups (58132 to 150960, Chao1 over a 2048-row sample) at 50000000 rows: sum_avg_f64 at the 100k bucket is taken from 5M rows (from the first rows of each partition; a 2048-row sample of the whole input puts it at 54523 to 135023 groups))",52.81,2026-10-01 08:16:47,2026-10-01 08:21:37,2026-09-29 00:37:52,3,51.64,27.85,,,rounds,true,64.92,77.10,73.22,500,78.86,120.2,993.2,3,5000,73.43,77.67,75.24,75.59,133.7,998.2
50000000,part1,gsweep,avg_f64_2i32_100k,"avg_f64, 2 i32 key(s), 100k groups in the key domain","SELECT k1, k2, avg(x) AS m FROM grid GROUP BY k1, k2",63.03,,,926.3,,15,,"yes",2.220e-16,,,"TAKEN AggregateExec (input rows 50000000 (exact) vs min_rows 250000; sum_avg_f64 over 2+ i32 keys (memory input): the measured table takes the 100k bucket(s) at 50M rows; MetalExec decides from a group-count estimate; output kept at one partition (only projections above it))",,0,0.00,0.00,0.00,0.00,0.00,0,100000,1.70,2.54,100,9,,,,,,,27.58,87.2,57.88,"yes",1,0,85231,0.2394,1.17,17.76,"TAKEN AggregateExec (input rows 50000000 (exact) vs min_rows 250000; sum_avg_f64 over 2+ i32 keys (memory input): the measured table takes the 100k bucket(s) at 50M rows; MetalExec decides from a group-count estimate; output kept at one partition (only projections above it)) | TAKEN MetalExec Aggregate { keys (ran on ArrowMetal: an estimated 85231 groups (58132 to 150960, Chao1 over a 2048-row sample) at 50000000 rows: sum_avg_f64 at the 100k bucket is taken from 5M rows (from the first rows of each partition; a 2048-row sample of the whole input puts it at 54523 to 135023 groups))",62.35,2026-10-01 08:16:47,2026-10-01 08:21:37,2026-09-29 00:37:52,3,63.44,27.60,,,rounds,true,71.75,74.45,84.19,500,95.12,133.3,1065.9,3,5000,74.08,76.94,86.64,86.67,144.3,1145.6
50000000,part1,gsweep,minmax_int_2i32_100k,"minmax_int, 2 i32 key(s), 100k groups in the key domain","SELECT k1, k2, min(q) AS lo, max(q) AS hi FROM grid GROUP BY k1, k2",67.31,,,1006.8,,15,,"yes",0.000e0,,,"TAKEN AggregateExec (input rows 50000000 (exact) vs min_rows 250000; minmax_int over 2+ i32 keys (memory input): the measured table takes the 100k, 1M bucket(s) at 50M rows; MetalExec decides from a group-count estimate; output kept at one partition (only projections above it))",,0,0.00,0.00,0.00,0.00,0.00,0,100000,1.70,2.54,100,9,,,,,,,24.73,84.3,54.16,"yes",1,0,85231,0.2611,1.18,15.02,"TAKEN AggregateExec (input rows 50000000 (exact) vs min_rows 250000; minmax_int over 2+ i32 keys (memory input): the measured table takes the 100k, 1M bucket(s) at 50M rows; MetalExec decides from a group-count estimate; output kept at one partition (only projections above it)) | TAKEN MetalExec Aggregate { keys (ran on ArrowMetal: an estimated 85231 groups (58132 to 150960, Chao1 over a 2048-row sample) at 50000000 rows: minmax_int at the 100k bucket is taken from 2M rows (from the first rows of each partition; a 2048-row sample of the whole input puts it at 54523 to 135023 groups))",72.57,2026-10-01 08:16:47,2026-10-01 08:21:37,2026-09-29 00:37:52,3,67.70,24.87,,,rounds,true,48.84,68.49,89.38,500,91.77,118.5,1243.4,3,5000,70.30,72.08,88.74,91.03,128.8,1235.1
50000000,part1,gsweep,minmax_int_1i64_100k,"minmax_int, 1 i64 key(s), 100k groups in the key domain","SELECT kl, min(q) AS lo, max(q) AS hi FROM grid GROUP BY kl",49.94,,,757.1,,15,,"yes",0.000e0,,,"TAKEN AggregateExec (input rows 50000000 (exact) vs min_rows 250000; minmax_int over 1 i64 key (memory input): the measured table takes the 100k, 1M bucket(s) at 50M rows; MetalExec decides from a group-count estimate; output kept at one partition (only projections above it))",,0,0.00,0.00,0.00,0.00,0.00,0,100000,1.70,2.54,100,9,,,,,,,23.06,85.6,55.46,"yes",1,0,67988,0.2304,1.14,14.76,"TAKEN AggregateExec (input rows 50000000 (exact) vs min_rows 250000; minmax_int over 1 i64 key (memory input): the measured table takes the 100k, 1M bucket(s) at 50M rows; MetalExec decides from a group-count estimate; output kept at one partition (only projections above it)) | TAKEN MetalExec Aggregate { keys (ran on ArrowMetal: an estimated 67988 groups (48291 to 110581, Chao1 over a 2048-row sample) at 50000000 rows: minmax_int at the 100k bucket is taken from 5M rows (from the first rows of each partition; a 2048-row sample of the whole input puts it at 54523 to 135023 groups))",51.35,2026-10-01 08:16:47,2026-10-01 08:21:37,2026-09-29 00:37:52,3,51.30,23.10,,,rounds,true,44.65,66.43,72.79,500,74.19,135.7,942.3,3,5000,66.41,75.64,66.14,72.32,155.3,892.3
50000000,part1,gsweep,sum_f64_2i64_100k,"sum_f64, 2 i64 key(s), 100k groups in the key domain","SELECT kl1, kl2, sum(x) AS s FROM grid GROUP BY kl1, kl2",62.42,,,927.0,,15,,"yes",4.974e-16,,,"TAKEN AggregateExec (input rows 50000000 (exact) vs min_rows 250000; sum_avg_f64 over 2+ i64 keys (memory input): the measured table takes the 100k, 1M bucket(s) at 50M rows; MetalExec decides from a group-count estimate; output kept at one partition (only projections above it))",,0,0.00,0.00,0.00,0.00,0.00,0,100000,1.70,2.54,100,9,,,,,,,31.51,122.4,61.25,"yes",1,0,85231,0.3359,1.21,19.40,"TAKEN AggregateExec (input rows 50000000 (exact) vs min_rows 250000; sum_avg_f64 over 2+ i64 keys (memory input): the measured table takes the 100k, 1M bucket(s) at 50M rows; MetalExec decides from a group-count estimate; output kept at one partition (only projections above it)) | TAKEN MetalExec Aggregate { keys (ran on ArrowMetal: an estimated 85231 groups (58132 to 150960, Chao1 over a 2048-row sample) at 50000000 rows: sum_avg_f64 at the 100k bucket is taken from 5M rows (from the first rows of each partition; a 2048-row sample of the whole input puts it at 54523 to 135023 groups))",69.01,2026-10-01 08:16:47,2026-10-01 08:21:37,2026-09-29 00:37:52,3,65.67,31.66,,,rounds,true,54.39,80.78,83.51,500,84.12,173.6,1113.3,3,5000,84.73,89.03,82.02,86.21,258.1,1096.7
50000000,part1,gsweep,avg_f64_2i64_100k,"avg_f64, 2 i64 key(s), 100k groups in the key domain","SELECT kl1, kl2, avg(x) AS m FROM grid GROUP BY kl1, kl2",77.34,,,1182.3,,15,,"yes",2.220e-16,,,"TAKEN AggregateExec (input rows 50000000 (exact) vs min_rows 250000; sum_avg_f64 over 2+ i64 keys (memory input): the measured table takes the 100k, 1M bucket(s) at 50M rows; MetalExec decides from a group-count estimate; output kept at one partition (only projections above it))",,0,0.00,0.00,0.00,0.00,0.00,0,100000,1.70,2.54,100,9,,,,,,,31.67,129.3,62.07,"yes",1,0,85231,0.3247,1.20,19.51,"TAKEN AggregateExec (input rows 50000000 (exact) vs min_rows 250000; sum_avg_f64 over 2+ i64 keys (memory input): the measured table takes the 100k, 1M bucket(s) at 50M rows; MetalExec decides from a group-count estimate; output kept at one partition (only projections above it)) | TAKEN MetalExec Aggregate { keys (ran on ArrowMetal: an estimated 85231 groups (58132 to 150960, Chao1 over a 2048-row sample) at 50000000 rows: sum_avg_f64 at the 100k bucket is taken from 5M rows (from the first rows of each partition; a 2048-row sample of the whole input puts it at 54523 to 135023 groups))",81.54,2026-10-01 08:16:47,2026-10-01 08:21:37,2026-09-29 00:37:52,3,78.15,31.67,,,rounds,true,53.30,83.50,96.38,500,97.15,192.4,1290.1,3,5000,85.45,88.47,101.51,101.55,242.0,1326.1
50000000,part1,gsweep,minmax_int_2i64_100k,"minmax_int, 2 i64 key(s), 100k groups in the key domain","SELECT kl1, kl2, min(q) AS lo, max(q) AS hi FROM grid GROUP BY kl1, kl2",82.18,,,1205.6,,15,,"yes",0.000e0,,,"TAKEN AggregateExec (input rows 50000000 (exact) vs min_rows 250000; minmax_int over 2+ i64 keys (memory input): the measured table takes the 100k, 1M bucket(s) at 50M rows; MetalExec decides from a group-count estimate; output kept at one partition (only projections above it))",,0,0.00,0.00,0.00,0.00,0.00,0,100000,1.70,2.54,100,9,,,,,,,28.97,128.0,59.25,"yes",1,0,85231,0.3215,1.25,16.44,"TAKEN AggregateExec (input rows 50000000 (exact) vs min_rows 250000; minmax_int over 2+ i64 keys (memory input): the measured table takes the 100k, 1M bucket(s) at 50M rows; MetalExec decides from a group-count estimate; output kept at one partition (only projections above it)) | TAKEN MetalExec Aggregate { keys (ran on ArrowMetal: an estimated 85231 groups (58132 to 150960, Chao1 over a 2048-row sample) at 50000000 rows: minmax_int at the 100k bucket is taken from 5M rows (from the first rows of each partition; a 2048-row sample of the whole input puts it at 54523 to 135023 groups))",84.58,2026-10-01 08:16:47,2026-10-01 08:21:37,2026-09-29 00:37:52,3,82.47,29.04,,,rounds,true,52.36,77.13,107.24,500,107.66,177.7,1411.7,3,5000,78.36,80.30,91.91,107.15,246.9,1328.4
50000000,part1,gsweep,minmax_int_1i32_1M,"minmax_int, 1 i32 key(s), 1M groups in the key domain","SELECT k, min(q) AS lo, max(q) AS hi FROM grid GROUP BY k",71.91,,,1063.6,,15,,"yes",0.000e0,,,"TAKEN AggregateExec (input rows 50000000 (exact) vs min_rows 250000; minmax_int over 1 i32 key (memory input): the measured table takes the 100k, 1M bucket(s) at 50M rows; MetalExec decides from a group-count estimate; output kept at one partition (only projections above it))",,0,0.00,0.00,0.00,0.00,0.00,0,1000000,2.58,1.98,100,9,,,,,,,22.70,65.4,43.79,"yes",1,0,1390443,0.2335,1.10,15.21,"TAKEN AggregateExec (input rows 50000000 (exact) vs min_rows 250000; minmax_int over 1 i32 key (memory input): the measured table takes the 100k, 1M bucket(s) at 50M rows; MetalExec decides from a group-count estimate; output kept at one partition (only projections above it)) | TAKEN MetalExec Aggregate { keys (ran on ArrowMetal: an estimated 1390443 groups (940258 to 2482345, Chao1 over a 8192-row sample) at 50000000 rows: minmax_int at the 1M bucket is taken from 5M rows (from the first rows of each partition; a 2048-row sample of the whole input puts it at 268759 to 50000000 groups))",72.41,2026-10-01 08:21:42,2026-10-01 08:26:44,2026-09-29 00:37:52,3,71.92,23.11,,,rounds,true,46.13,63.65,92.83,500,93.13,96.4,1272.9,3,5000,69.23,74.51,83.74,93.06,189.8,1189.9
50000000,part1,gsweep,sum_f64_2i32_1M,"sum_f64, 2 i32 key(s), 1M groups in the key domain","SELECT k1, k2, sum(x) AS s FROM grid GROUP BY k1, k2",73.77,,,1121.3,,30,,"yes",8.643e-16,,,"TAKEN AggregateExec (input rows 50000000 (exact) vs min_rows 250000; sum_avg_f64 over 2+ i32 keys (memory input): the measured table takes the 100k bucket(s) at 50M rows; MetalExec decides from a group-count estimate; output kept at one partition (only projections above it))",,0,0.00,0.00,0.00,0.00,0.00,0,1000000,2.58,1.98,100,0,,,,,,,74.03,1122.5,76.98,"yes",1,1,1048065,0.0608,0.01,0.00,"TAKEN AggregateExec (input rows 50000000 (exact) vs min_rows 250000; sum_avg_f64 over 2+ i32 keys (memory input): the measured table takes the 100k bucket(s) at 50M rows; MetalExec decides from a group-count estimate; output kept at one partition (only projections above it)) | LEFT MetalExec Aggregate { keys (handed back to DataFusion: an estimated 1048065 groups (350720 to 50000000, Chao1 over a 2048-row sample) at 50000000 rows: sum_avg_f64 at the 1M bucket is not taken at any measured size (needs 1.65x at two or more sizes; 5M: 1.40x, 10M: 1.60x, 50M: 2.20x); left to DataFusion (from the first 16384 rows of each partition))",77.60,2026-10-01 08:21:42,2026-10-01 08:26:44,2026-09-29 00:37:52,30,75.30,75.67,,,alternate,false,97.14,97.41,97.68,500,99.25,1349.8,1352.1,3,5000,86.99,97.53,97.71,97.82,1290.7,1345.5
50000000,part1,gsweep,avg_f64_2i32_1M,"avg_f64, 2 i32 key(s), 1M groups in the key domain","SELECT k1, k2, avg(x) AS m FROM grid GROUP BY k1, k2",87.80,,,1325.5,,30,,"yes",5.551e-16,,,"TAKEN AggregateExec (input rows 50000000 (exact) vs min_rows 250000; sum_avg_f64 over 2+ i32 keys (memory input): the measured table takes the 100k bucket(s) at 50M rows; MetalExec decides from a group-count estimate; output kept at one partition (only projections above it))",,0,0.00,0.00,0.00,0.00,0.00,0,1000000,2.58,1.98,100,0,,,,,,,88.49,1318.0,91.32,"yes",1,1,1048065,0.0550,0.01,0.00,"TAKEN AggregateExec (input rows 50000000 (exact) vs min_rows 250000; sum_avg_f64 over 2+ i32 keys (memory input): the measured table takes the 100k bucket(s) at 50M rows; MetalExec decides from a group-count estimate; output kept at one partition (only projections above it)) | LEFT MetalExec Aggregate { keys (handed back to DataFusion: an estimated 1048065 groups (350720 to 50000000, Chao1 over a 2048-row sample) at 50000000 rows: sum_avg_f64 at the 1M bucket is not taken at any measured size (needs 1.65x at two or more sizes; 5M: 1.40x, 10M: 1.60x, 50M: 2.20x); left to DataFusion (from the first 16384 rows of each partition))",88.79,2026-10-01 08:21:42,2026-10-01 08:26:44,2026-09-29 00:37:52,30,89.61,89.43,,,alternate,false,112.05,112.40,110.61,500,112.66,1531.6,1536.9,3,5000,110.70,111.97,108.25,114.67,1523.8,1539.9
50000000,part1,gsweep,minmax_int_2i32_1M,"minmax_int, 2 i32 key(s), 1M groups in the key domain","SELECT k1, k2, min(q) AS lo, max(q) AS hi FROM grid GROUP BY k1, k2",92.14,,,1391.5,,15,,"yes",0.000e0,,,"TAKEN AggregateExec (input rows 50000000 (exact) vs min_rows 250000; minmax_int over 2+ i32 keys (memory input): the measured table takes the 100k, 1M bucket(s) at 50M rows; MetalExec decides from a group-count estimate; output kept at one partition (only projections above it))",,0,0.00,0.00,0.00,0.00,0.00,0,1000000,2.58,1.98,100,9,,,,,,,26.55,85.7,59.77,"yes",1,0,899052,0.3043,1.17,16.53,"TAKEN AggregateExec (input rows 50000000 (exact) vs min_rows 250000; minmax_int over 2+ i32 keys (memory input): the measured table takes the 100k, 1M bucket(s) at 50M rows; MetalExec decides from a group-count estimate; output kept at one partition (only projections above it)) | TAKEN MetalExec Aggregate { keys (ran on ArrowMetal: an estimated 899052 groups (654492 to 1381620, Chao1 over a 8192-row sample) at 50000000 rows: minmax_int at the 1M bucket is taken from 5M rows (from the first rows of each partition; a 2048-row sample of the whole input puts it at 350720 to 50000000 groups))",91.81,2026-10-01 08:21:42,2026-10-01 08:26:44,2026-09-29 00:37:52,3,92.19,26.62,,,rounds,true,70.18,74.58,112.88,500,114.75,138.7,1611.4,3,5000,81.88,84.66,114.08,117.09,250.4,1612.3
50000000,part1,gsweep,minmax_int_1i64_1M,"minmax_int, 1 i64 key(s), 1M groups in the key domain","SELECT kl, min(q) AS lo, max(q) AS hi FROM grid GROUP BY kl",82.00,,,1195.2,,15,,"yes",0.000e0,,,"TAKEN AggregateExec (input rows 50000000 (exact) vs min_rows 250000; minmax_int over 1 i64 key (memory input): the measured table takes the 100k, 1M bucket(s) at 50M rows; MetalExec decides from a group-count estimate; output kept at one partition (only projections above it))",,0,0.00,0.00,0.00,0.00,0.00,0,1000000,2.58,1.98,100,9,,,,,,,24.98,88.2,56.21,"yes",1,0,1390443,0.2418,1.12,16.43,"TAKEN AggregateExec (input rows 50000000 (exact) vs min_rows 250000; minmax_int over 1 i64 key (memory input): the measured table takes the 100k, 1M bucket(s) at 50M rows; MetalExec decides from a group-count estimate; output kept at one partition (only projections above it)) | TAKEN MetalExec Aggregate { keys (ran on ArrowMetal: an estimated 1390443 groups (940258 to 2482345, Chao1 over a 8192-row sample) at 50000000 rows: minmax_int at the 1M bucket is taken from 5M rows (from the first rows of each partition; a 2048-row sample of the whole input puts it at 268759 to 50000000 groups))",82.50,2026-10-01 08:21:42,2026-10-01 08:26:44,2026-09-29 00:37:52,3,82.42,25.12,,,rounds,true,66.95,69.86,94.65,500,98.97,207.0,1370.1,3,5000,71.72,74.66,102.18,104.24,212.3,1395.9
50000000,part1,gsweep,sum_f64_2i64_1M,"sum_f64, 2 i64 key(s), 1M groups in the key domain","SELECT kl1, kl2, sum(x) AS s FROM grid GROUP BY kl1, kl2",87.39,,,1304.2,,15,,"yes",1.025e-15,,,"TAKEN AggregateExec (input rows 50000000 (exact) vs min_rows 250000; sum_avg_f64 over 2+ i64 keys (memory input): the measured table takes the 100k, 1M bucket(s) at 50M rows; MetalExec decides from a group-count estimate; output kept at one partition (only projections above it))",,0,0.00,0.00,0.00,0.00,0.00,0,1000000,2.58,1.98,100,9,,,,,,,37.91,133.8,85.06,"yes",1,0,899052,0.5237,1.22,24.99,"TAKEN AggregateExec (input rows 50000000 (exact) vs min_rows 250000; sum_avg_f64 over 2+ i64 keys (memory input): the measured table takes the 100k, 1M bucket(s) at 50M rows; MetalExec decides from a group-count estimate; output kept at one partition (only projections above it)) | TAKEN MetalExec Aggregate { keys (ran on ArrowMetal: an estimated 899052 groups (654492 to 1381620, Chao1 over a 8192-row sample) at 50000000 rows: sum_avg_f64 at the 1M bucket is taken from 10M rows (from the first rows of each partition; a 2048-row sample of the whole input puts it at 350720 to 50000000 groups))",87.26,2026-10-01 08:21:42,2026-10-01 08:26:44,2026-09-29 00:37:52,3,87.96,38.18,,,rounds,true,98.58,98.64,109.76,500,112.89,319.6,1473.1,3,5000,99.32,103.10,107.70,107.81,341.3,1510.7
50000000,part1,gsweep,avg_f64_2i64_1M,"avg_f64, 2 i64 key(s), 1M groups in the key domain","SELECT kl1, kl2, avg(x) AS m FROM grid GROUP BY kl1, kl2",104.89,,,1548.9,,15,,"yes",5.551e-16,,,"TAKEN AggregateExec (input rows 50000000 (exact) vs min_rows 250000; sum_avg_f64 over 2+ i64 keys (memory input): the measured table takes the 100k, 1M bucket(s) at 50M rows; MetalExec decides from a group-count estimate; output kept at one partition (only projections above it))",,0,0.00,0.00,0.00,0.00,0.00,0,1000000,2.58,1.98,100,6,,,,,,,37.59,128.2,75.00,"yes",1,0,899052,0.4627,1.21,25.09,"TAKEN AggregateExec (input rows 50000000 (exact) vs min_rows 250000; sum_avg_f64 over 2+ i64 keys (memory input): the measured table takes the 100k, 1M bucket(s) at 50M rows; MetalExec decides from a group-count estimate; output kept at one partition (only projections above it)) | TAKEN MetalExec Aggregate { keys (ran on ArrowMetal: an estimated 899052 groups (654492 to 1381620, Chao1 over a 8192-row sample) at 50000000 rows: sum_avg_f64 at the 1M bucket is taken from 10M rows (from the first rows of each partition; a 2048-row sample of the whole input puts it at 350720 to 50000000 groups))",106.24,2026-10-01 08:21:42,2026-10-01 08:26:44,2026-09-29 00:37:52,3,105.18,37.77,,,rounds,true,66.59,96.76,125.08,500,128.16,174.9,1736.9,3,5000,97.58,110.21,126.09,127.10,324.5,1737.3
50000000,part1,gsweep,minmax_int_2i64_1M,"minmax_int, 2 i64 key(s), 1M groups in the key domain","SELECT kl1, kl2, min(q) AS lo, max(q) AS hi FROM grid GROUP BY kl1, kl2",108.64,,,1616.3,,15,,"yes",0.000e0,,,"TAKEN AggregateExec (input rows 50000000 (exact) vs min_rows 250000; minmax_int over 2+ i64 keys (memory input): the measured table takes the 100k, 1M bucket(s) at 50M rows; MetalExec decides from a group-count estimate; output kept at one partition (only projections above it))",,0,0.00,0.00,0.00,0.00,0.00,0,1000000,2.58,1.98,100,6,,,,,,,30.45,128.6,66.46,"yes",1,0,899052,0.3973,1.25,17.89,"TAKEN AggregateExec (input rows 50000000 (exact) vs min_rows 250000; minmax_int over 2+ i64 keys (memory input): the measured table takes the 100k, 1M bucket(s) at 50M rows; MetalExec decides from a group-count estimate; output kept at one partition (only projections above it)) | TAKEN MetalExec Aggregate { keys (ran on ArrowMetal: an estimated 899052 groups (654492 to 1381620, Chao1 over a 8192-row sample) at 50000000 rows: minmax_int at the 1M bucket is taken from 5M rows (from the first rows of each partition; a 2048-row sample of the whole input puts it at 350720 to 50000000 groups))",113.25,2026-10-01 08:21:42,2026-10-01 08:26:44,2026-09-29 00:37:52,3,109.00,30.49,,,rounds,true,84.98,94.99,129.07,500,130.65,241.3,1825.0,3,5000,88.11,90.27,131.43,132.15,276.8,1821.0
50000000,part1,gsweep,minmax_int_1i32_R2,"minmax_int, 1 i32 key(s), R2 groups in the key domain","SELECT k, min(q) AS lo, max(q) AS hi FROM grid GROUP BY k",192.41,,,2963.0,,30,,"yes",0.000e0,,,"TAKEN AggregateExec (input rows 50000000 (exact) vs min_rows 250000; minmax_int over 1 i32 key (memory input): the measured table takes the 100k, 1M bucket(s) at 50M rows; MetalExec decides from a group-count estimate; output kept at one partition (only projections above it))",,0,0.00,0.00,0.00,0.00,0.00,0,21618695,1.90,3.25,100,0,,,,,,,192.36,2914.8,188.28,"yes",1,1,16775169,0.1185,0.01,0.00,"TAKEN AggregateExec (input rows 50000000 (exact) vs min_rows 250000; minmax_int over 1 i32 key (memory input): the measured table takes the 100k, 1M bucket(s) at 50M rows; MetalExec decides from a group-count estimate; output kept at one partition (only projections above it)) | LEFT MetalExec Aggregate { keys (handed back to DataFusion: an estimated 16775169 groups (5597184 to 50000000, Chao1 over a 8192-row sample) at 50000000 rows: minmax_int at the rows/2 bucket is not taken at any measured size (needs 1.65x at two or more sizes; 1M: 0.75x, 2M: 2.10x, 5M: 2.30x, 10M: 2.10x, 50M: 1.10x); left to DataFusion (from the first 16384 rows of each partition))",197.65,2026-10-01 08:26:49,2026-10-01 08:34:09,2026-09-29 00:37:52,30,198.44,200.03,,,alternate,false,206.96,217.78,213.39,500,221.50,3034.3,3097.8,3,5000,214.49,229.54,209.89,224.10,3123.9,3179.8
50000000,part1,gsweep,sum_f64_2i32_R2,"sum_f64, 2 i32 key(s), R2 groups in the key domain","SELECT k1, k2, sum(x) AS s FROM grid GROUP BY k1, k2",169.79,,,2594.5,,30,,"yes",4.930e-16,,,"TAKEN AggregateExec (input rows 50000000 (exact) vs min_rows 250000; sum_avg_f64 over 2+ i32 keys (memory input): the measured table takes the 100k bucket(s) at 50M rows; MetalExec decides from a group-count estimate; output kept at one partition (only projections above it))",,0,0.00,0.00,0.00,0.00,0.00,0,21616057,1.90,3.25,100,0,,,,,,,169.54,2566.7,163.28,"yes",1,1,11180716,0.1537,0.01,0.00,"TAKEN AggregateExec (input rows 50000000 (exact) vs min_rows 250000; sum_avg_f64 over 2+ i32 keys (memory input): the measured table takes the 100k bucket(s) at 50M rows; MetalExec decides from a group-count estimate; output kept at one partition (only projections above it)) | LEFT MetalExec Aggregate { keys (handed back to DataFusion: an estimated 11180716 groups (4289711 to 50000000, Chao1 over a 8192-row sample) at 50000000 rows: no bucket holds that group count at this row count; left to DataFusion (from the first 16384 rows of each partition))",178.86,2026-10-01 08:26:49,2026-10-01 08:34:09,2026-09-29 00:37:52,30,172.41,173.06,,,alternate,false,180.17,190.20,191.33,500,191.97,2706.7,2776.0,3,5000,191.45,194.65,190.40,192.09,2777.5,2771.1
50000000,part1,gsweep,avg_f64_2i32_R2,"avg_f64, 2 i32 key(s), R2 groups in the key domain","SELECT k1, k2, avg(x) AS m FROM grid GROUP BY k1, k2",194.31,,,2967.9,,30,,"yes",3.331e-16,,,"TAKEN AggregateExec (input rows 50000000 (exact) vs min_rows 250000; sum_avg_f64 over 2+ i32 keys (memory input): the measured table takes the 100k bucket(s) at 50M rows; MetalExec decides from a group-count estimate; output kept at one partition (only projections above it))",,0,0.00,0.00,0.00,0.00,0.00,0,21616057,1.90,3.25,100,0,,,,,,,196.19,2980.2,190.21,"yes",1,1,11180716,0.1600,0.01,0.00,"TAKEN AggregateExec (input rows 50000000 (exact) vs min_rows 250000; sum_avg_f64 over 2+ i32 keys (memory input): the measured table takes the 100k bucket(s) at 50M rows; MetalExec decides from a group-count estimate; output kept at one partition (only projections above it)) | LEFT MetalExec Aggregate { keys (handed back to DataFusion: an estimated 11180716 groups (4289711 to 50000000, Chao1 over a 8192-row sample) at 50000000 rows: no bucket holds that group count at this row count; left to DataFusion (from the first 16384 rows of each partition))",195.22,2026-10-01 08:26:49,2026-10-01 08:34:09,2026-09-29 00:37:52,30,197.84,200.17,,,alternate,false,218.61,219.25,222.20,500,222.91,3187.9,3192.1,3,5000,218.99,221.06,217.27,219.22,3186.8,3151.4
50000000,part1,gsweep,minmax_int_2i32_R2,"minmax_int, 2 i32 key(s), R2 groups in the key domain","SELECT k1, k2, min(q) AS lo, max(q) AS hi FROM grid GROUP BY k1, k2",209.98,,,3209.7,,30,,"yes",0.000e0,,,"TAKEN AggregateExec (input rows 50000000 (exact) vs min_rows 250000; minmax_int over 2+ i32 keys (memory input): the measured table takes the 100k, 1M bucket(s) at 50M rows; MetalExec decides from a group-count estimate; output kept at one partition (only projections above it))",,0,0.00,0.00,0.00,0.00,0.00,0,21616057,1.90,3.25,100,0,,,,,,,212.31,3194.8,203.01,"yes",1,1,11180716,0.1773,0.01,0.00,"TAKEN AggregateExec (input rows 50000000 (exact) vs min_rows 250000; minmax_int over 2+ i32 keys (memory input): the measured table takes the 100k, 1M bucket(s) at 50M rows; MetalExec decides from a group-count estimate; output kept at one partition (only projections above it)) | LEFT MetalExec Aggregate { keys (handed back to DataFusion: an estimated 11180716 groups (4289711 to 50000000, Chao1 over a 8192-row sample) at 50000000 rows: no bucket holds that group count at this row count; left to DataFusion (from the first 16384 rows of each partition))",214.41,2026-10-01 08:26:49,2026-10-01 08:34:09,2026-09-29 00:37:52,30,213.67,214.21,,,alternate,false,234.70,238.08,233.44,500,235.62,3420.1,3413.1,3,5000,233.75,234.71,234.94,237.73,3398.5,3417.4
50000000,part1,gsweep,minmax_int_1i64_R2,"minmax_int, 1 i64 key(s), R2 groups in the key domain","SELECT kl, min(q) AS lo, max(q) AS hi FROM grid GROUP BY kl",205.04,,,3140.3,,30,,"yes",0.000e0,,,"TAKEN AggregateExec (input rows 50000000 (exact) vs min_rows 250000; minmax_int over 1 i64 key (memory input): the measured table takes the 100k, 1M bucket(s) at 50M rows; MetalExec decides from a group-count estimate; output kept at one partition (only projections above it))",,0,0.00,0.00,0.00,0.00,0.00,0,21618695,1.90,3.25,100,0,,,,,,,208.13,3096.3,197.07,"yes",1,1,16775169,0.1577,0.02,0.00,"TAKEN AggregateExec (input rows 50000000 (exact) vs min_rows 250000; minmax_int over 1 i64 key (memory input): the measured table takes the 100k, 1M bucket(s) at 50M rows; MetalExec decides from a group-count estimate; output kept at one partition (only projections above it)) | LEFT MetalExec Aggregate { keys (handed back to DataFusion: an estimated 16775169 groups (5597184 to 50000000, Chao1 over a 8192-row sample) at 50000000 rows: minmax_int at the rows/2 bucket is not taken at any measured size (needs 1.65x at two or more sizes; 1M: 1.20x, 2M: 2.10x, 5M: 2.40x, 10M: 2.20x, 50M: 1.10x); left to DataFusion (from the first 16384 rows of each partition))",209.93,2026-10-01 08:26:49,2026-10-01 08:34:09,2026-09-29 00:37:52,30,209.58,212.76,,,alternate,false,232.52,232.87,229.63,500,229.96,3340.1,3329.7,3,5000,226.08,228.96,228.90,229.04,3333.7,3332.3
50000000,part1,gsweep,sum_f64_2i64_R2,"sum_f64, 2 i64 key(s), R2 groups in the key domain","SELECT kl1, kl2, sum(x) AS s FROM grid GROUP BY kl1, kl2",182.63,,,2787.2,,30,,"yes",4.636e-16,,,"TAKEN AggregateExec (input rows 50000000 (exact) vs min_rows 250000; sum_avg_f64 over 2+ i64 keys (memory input): the measured table takes the 100k, 1M bucket(s) at 50M rows; MetalExec decides from a group-count estimate; output kept at one partition (only projections above it))",,0,0.00,0.00,0.00,0.00,0.00,0,21616057,1.90,3.25,100,0,,,,,,,184.21,2789.0,177.62,"yes",1,1,11180716,0.2335,0.02,0.00,"TAKEN AggregateExec (input rows 50000000 (exact) vs min_rows 250000; sum_avg_f64 over 2+ i64 keys (memory input): the measured table takes the 100k, 1M bucket(s) at 50M rows; MetalExec decides from a group-count estimate; output kept at one partition (only projections above it)) | LEFT MetalExec Aggregate { keys (handed back to DataFusion: an estimated 11180716 groups (4289711 to 50000000, Chao1 over a 8192-row sample) at 50000000 rows: no bucket holds that group count at this row count; left to DataFusion (from the first 16384 rows of each partition))",188.04,2026-10-01 08:26:49,2026-10-01 08:34:09,2026-09-29 00:37:52,30,185.89,188.17,,,alternate,false,202.55,206.47,206.95,500,214.51,2990.8,2979.7,3,5000,207.35,211.31,203.54,207.19,2982.2,2987.8
50000000,part1,gsweep,avg_f64_2i64_R2,"avg_f64, 2 i64 key(s), R2 groups in the key domain","SELECT kl1, kl2, avg(x) AS m FROM grid GROUP BY kl1, kl2",208.95,,,3173.2,,30,,"yes",3.331e-16,,,"TAKEN AggregateExec (input rows 50000000 (exact) vs min_rows 250000; sum_avg_f64 over 2+ i64 keys (memory input): the measured table takes the 100k, 1M bucket(s) at 50M rows; MetalExec decides from a group-count estimate; output kept at one partition (only projections above it))",,0,0.00,0.00,0.00,0.00,0.00,0,21616057,1.90,3.25,100,0,,,,,,,211.93,3168.2,205.86,"yes",1,1,11180716,0.2409,0.02,0.00,"TAKEN AggregateExec (input rows 50000000 (exact) vs min_rows 250000; sum_avg_f64 over 2+ i64 keys (memory input): the measured table takes the 100k, 1M bucket(s) at 50M rows; MetalExec decides from a group-count estimate; output kept at one partition (only projections above it)) | LEFT MetalExec Aggregate { keys (handed back to DataFusion: an estimated 11180716 groups (4289711 to 50000000, Chao1 over a 8192-row sample) at 50000000 rows: no bucket holds that group count at this row count; left to DataFusion (from the first 16384 rows of each partition))",212.35,2026-10-01 08:26:49,2026-10-01 08:34:09,2026-09-29 00:37:52,30,213.32,214.81,,,alternate,false,234.89,240.57,230.95,500,236.11,3368.2,3336.6,3,5000,230.05,240.27,234.20,237.02,3357.4,3363.5
50000000,part1,gsweep,minmax_int_2i64_R2,"minmax_int, 2 i64 key(s), R2 groups in the key domain","SELECT kl1, kl2, min(q) AS lo, max(q) AS hi FROM grid GROUP BY kl1, kl2",221.12,,,3369.1,,30,,"yes",0.000e0,,,"TAKEN AggregateExec (input rows 50000000 (exact) vs min_rows 250000; minmax_int over 2+ i64 keys (memory input): the measured table takes the 100k, 1M bucket(s) at 50M rows; MetalExec decides from a group-count estimate; output kept at one partition (only projections above it))",,0,0.00,0.00,0.00,0.00,0.00,0,21616057,1.90,3.25,100,0,,,,,,,224.52,3393.2,218.54,"yes",1,1,11180716,0.2345,0.02,0.00,"TAKEN AggregateExec (input rows 50000000 (exact) vs min_rows 250000; minmax_int over 2+ i64 keys (memory input): the measured table takes the 100k, 1M bucket(s) at 50M rows; MetalExec decides from a group-count estimate; output kept at one partition (only projections above it)) | LEFT MetalExec Aggregate { keys (handed back to DataFusion: an estimated 11180716 groups (4289711 to 50000000, Chao1 over a 8192-row sample) at 50000000 rows: no bucket holds that group count at this row count; left to DataFusion (from the first 16384 rows of each partition))",224.30,2026-10-01 08:26:49,2026-10-01 08:34:09,2026-09-29 00:37:52,30,226.76,229.17,,,alternate,false,246.10,248.01,247.49,500,249.89,3584.6,3579.9,3,5000,246.18,247.52,243.48,249.12,3542.3,3589.6
